port,SID,name,season,min_dist_km,sshs_max,sshs_storm_lifetime,wind_max_kt,k_days,n_ref_days,N_obs,N_ref,co2_obs_t,co2_ref_t,r_N,r_H,r_I,r_CO2,discard_win,discard_ref,gap_adj,r_CO2_gapadj,co2_shortfall_t,co2_shortfall_naive_t
"Baltimore, MD",2015126N27281,ANA,2015,194.6,-1,0,30,2,70,22.5,18.3429,687.051,475.282,1.22664,1.05069,1.12162,1.44557,0.0213001,0.0216197,0.999673,1.44509,-211.77,-107.716
"Jacksonville, FL",2015126N27281,ANA,2015,372,0,0,50,5,70,12.6,12.6143,934.958,853.056,0.998867,0.91368,1.20092,1.09601,0.0678311,0.0460903,1.02332,1.12157,-81.9022,0.966088
"New York, NY & NJ",2015126N27281,ANA,2015,175.3,-1,0,30,2,70,32.5,37.4857,1704.66,2007.42,0.866997,0.963981,1.01605,0.849183,0.0239053,0.0367954,0.986794,0.837969,302.752,266.992
"Philadelphia Regional Port, PA",2015126N27281,ANA,2015,164.9,-1,0,30,2,70,10,13.9714,499.396,656.092,0.715746,1.20596,0.881834,0.761167,0,0.0153833,0.984617,0.749458,156.697,186.497
"Port Everglades, FL",2015126N27281,ANA,2015,144.3,-3,0,25,1,70,21,18.3714,195.037,262.65,1.14308,0.889938,0.72997,0.742576,0.0149196,0.0208785,0.993951,0.738084,67.6125,-37.5797
"Port of Charleston, SC",2015126N27281,ANA,2015,137.3,0,0,50,6,70,16.5,16.2714,1866.27,1917.12,1.01405,0.966427,0.993341,0.973477,0.039482,0.0515538,0.987432,0.961242,50.8478,-26.9305
"Port of Palm Beach District, FL",2015126N27281,ANA,2015,129,-3,0,28,1,70,7,5.02857,23.2701,29.7618,1.39205,0.982043,0.571947,0.781879,0.0279851,0.0242033,1.00389,0.784921,6.49169,-11.668
"Port of Savannah, GA",2015126N27281,ANA,2015,279.5,0,0,50,6,70,15.1667,15.8714,1474.88,1425.37,0.955596,1.00795,1.07428,1.03474,0.0166903,0.0269325,0.989584,1.02396,-49.5193,63.2926
"PortMiami, FL",2015126N27281,ANA,2015,185.2,-3,0,25,1,70,20,18.7857,109.541,95.6616,1.06464,1.169,0.920075,1.14509,0.0106569,0.00963009,1.00104,1.14628,-13.8798,-6.18345
"South Jersey Port Corp, NJ",2015126N27281,ANA,2015,118.2,-1,0,30,2,70,7.5,13.7714,467.485,512.873,0.544606,1.16024,1.44254,0.911501,0.136616,0.0964641,1.04651,0.953891,45.3887,233.56
"Tampa Port Authority, FL",2015126N27281,ANA,2015,334.3,-3,0,25,1,70,10,10.8143,102.206,164.439,0.924703,0.945965,0.71055,0.621544,0,0.0101936,0.989806,0.615208,62.2328,12.3818
"Virginia, VA, Port of",2015126N27281,ANA,2015,12.4,0,0,48,4,70,22.75,23.7857,1055.17,1678.3,0.956456,0.920272,0.714284,0.628712,0.0315071,0.0319266,0.999567,0.62844,623.132,73.0791
"Baltimore, MD",2015167N27266,BILL,2015,408.7,-3,0,15,1,70,24,17.0286,333.597,221.09,1.4094,0.943628,1.13454,1.50887,0.0100435,0.0291216,0.980728,1.47979,-112.507,-90.5134
"Beaumont, TX",2015167N27266,BILL,2015,278.8,0,0,50,3,70,10,12.7714,1495.68,1499.68,0.782998,1.30785,0.973921,0.997337,0,0.00875993,0.99124,0.9886,3.99367,325.434
"Corpus Christi, TX",2015167N27266,BILL,2015,89.7,0,0,50,2,70,15,17.8143,730.74,1222.82,0.842021,1.00862,0.70364,0.597585,0,0.0193748,0.980625,0.586007,492.082,193.18
"Galveston, TX",2015167N27266,BILL,2015,176.2,0,0,50,2,70,12,10.1857,599.463,722.727,1.17812,0.996697,0.706375,0.829446,0.00717074,0.0540031,0.952829,0.790321,123.264,-128.733
"Houston Port Authority, TX",2015167N27266,BILL,2015,156.1,0,0,50,3,70,61,72.8857,5700.24,5451.88,0.836927,1.1346,1.10107,1.04556,0.00853387,0.00579851,1.00276,1.04844,-248.363,889.056
"Lake Charles Harbor District, LA",2015167N27266,BILL,2015,319.1,0,0,50,2,70,6.5,8.45714,181.527,465.892,0.768581,1.00303,0.505417,0.389633,0.0378079,0.0410012,0.996681,0.38834,284.365,107.816
"Port Arthur, TX",2015167N27266,BILL,2015,283.8,0,0,50,2,70,6,7.1,290.982,458.393,0.84507,1.36685,0.549557,0.634787,0,0.00320232,0.996798,0.632754,167.411,71.0186
"Port Freeport, TX",2015167N27266,BILL,2015,135.6,0,0,50,2,70,1,3.57143,7.46341,140.01,0.28,0.314898,0.604572,0.0533061,0.508493,0.187499,1.65308,0.0881193,132.547,100.808
"Port of Greater Baton Rouge, LA",2015167N27266,BILL,2015,482.4,0,0,45,1,70,14,9.41429,351.923,230.913,1.4871,0.917973,1.11642,1.52405,0,0.0162582,0.983742,1.49927,-121.009,-112.478
"Texas City, TX",2015167N27266,BILL,2015,193.7,0,0,50,2,70,3,8.21429,207.533,716.171,0.365217,0.549728,1.44335,0.289781,0,0.00704694,0.992953,0.287739,508.638,454.613
"Virginia, VA, Port of",2015167N27266,BILL,2015,490,-3,0,15,1,70,25,23.0143,296.724,396.754,1.08628,0.882109,0.78049,0.74788,0,0.0317423,0.968258,0.724141,100.029,-34.2326
"Baltimore, MD",2015193N35285,CLAUDETTE,2015,457.2,-3,0,25,1,70,22,17.0143,244.775,219.35,1.29303,0.902445,0.95631,1.11591,0.0460007,0.0214351,1.02575,1.14464,-25.4245,-64.2765
"South Jersey Port Corp, NJ",2015193N35285,CLAUDETTE,2015,466.1,-3,0,25,1,70,10,12.9857,145.905,253.853,0.770077,1.13603,0.656996,0.574762,0.0903613,0.098949,0.990559,0.569336,107.948,58.3666
"Virginia, VA, Port of",2015193N35285,CLAUDETTE,2015,185.6,-1,0,30,2,70,21,23.9429,776.23,801.063,0.877088,0.877536,1.25897,0.969,0.0589903,0.0255936,1.03549,1.00339,24.8327,98.46
"San Juan, PR",2015237N14315,ERIKA,2015,115.1,0,0,45,2,70,7,9.14286,94.2737,156.845,0.765625,0.401591,1.95488,0.601062,0,0.0381909,0.961809,0.578107,62.5715,36.7606
"Port Everglades, FL",2015313N22289,KATE,2015,425.2,0,1,55,2,70,11.5,17.3571,295.54,423.433,0.662551,1.15399,0.912871,0.697962,0.00195977,0.0152533,0.98668,0.688665,127.893,142.887
"Port of Palm Beach District, FL",2015313N22289,KATE,2015,419.4,0,1,55,2,70,6.5,5.14286,78.5234,58.5114,1.26389,1.49929,0.708212,1.34202,0.023528,0.0165831,1.00711,1.35156,-20.012,-15.4405
"PortMiami, FL",2015313N22289,KATE,2015,438.5,0,1,53,2,70,11,15.4714,96.4587,163.681,0.710988,0.976427,0.84887,0.589309,0.00429232,0.0122841,0.991974,0.584579,67.2223,47.3058
"Baltimore, MD",2016148N27288,BONNIE,2016,461.4,-1,0,30,2,70,17,16.4714,343.601,387.059,1.03209,0.898411,0.957381,0.887723,0.0260698,0.0244726,1.00164,0.889179,43.4578,-12.4208
"Jacksonville, FL",2016148N27288,BONNIE,2016,228.4,0,0,40,4,70,12.5,12.6143,640.955,636.842,0.99094,1.10858,0.916181,1.00646,0.0413772,0.0407253,1.00068,1.00714,-4.11322,5.7698
"Philadelphia Regional Port, PA",2016148N27288,BONNIE,2016,496,-1,0,33,1,70,11,13.1714,201.682,334.612,0.835141,1.05551,0.683761,0.602734,0.0133949,0.00638823,1.0071,0.607014,132.93,55.1637
"Port Everglades, FL",2016148N27288,BONNIE,2016,491,0,0,35,1,70,22,22.7714,368.744,281.981,0.966123,0.960815,1.40875,1.30769,0.0138893,0.0197564,0.99405,1.29991,-86.7631,9.55269
"Port of Charleston, SC",2016148N27288,BONNIE,2016,9.2,0,0,40,6,70,14.6667,14.9571,1511.65,1507.29,0.980579,0.966708,1.05798,1.00289,0.036346,0.036762,0.999568,1.00246,-4.36081,29.2724
"Port of Palm Beach District, FL",2016148N27288,BONNIE,2016,441.5,0,0,40,2,70,3,5.41429,32.8397,62.2246,0.55409,0.746699,1.27559,0.527761,0,0.0177091,0.982291,0.518415,29.3849,27.7466
"Port of Savannah, GA",2016148N27288,BONNIE,2016,102.2,0,0,40,5,70,16.8,16.4714,1380.2,1122.28,1.01995,1.02647,1.17468,1.22982,0.0282254,0.0338853,0.994176,1.22266,-257.922,-22.3871
"South Jersey Port Corp, NJ",2016148N27288,BONNIE,2016,445.6,0,0,35,2,70,13.5,13.8,556.469,513.657,0.978261,1.12723,0.982428,1.08335,0.172259,0.0846795,1.1058,1.19797,-42.8124,11.1664
"Tampa Port Authority, FL",2016148N27288,BONNIE,2016,436.7,0,0,40,2,70,6.5,9.47143,123.682,263.476,0.686275,0.633686,1.07943,0.469426,0.0813903,0.0482237,1.03611,0.486375,139.794,82.6591
"Virginia, VA, Port of",2016148N27288,BONNIE,2016,203.9,0,0,35,5,70,25.4,21.7714,2065,2000.04,1.16667,1.04429,0.847446,1.03248,0.0302849,0.0248856,1.00557,1.03823,-64.9618,-333.339
"Baltimore, MD",2016158N22272,COLIN,2016,474.6,-4,0,50,1,70,23,16.9714,357.439,204.928,1.35522,0.944954,1.36201,1.74422,0.0168695,0.0238082,0.992942,1.73191,-152.511,-72.7944
"Jacksonville, FL",2016158N22272,COLIN,2016,58.3,0,0,45,2,70,11,12.4857,317.911,310.644,0.881007,1.24166,0.935538,1.0234,0.0300933,0.0399249,0.989863,1.01302,-7.26776,36.9645
"Mobile, AL",2016158N22272,COLIN,2016,341,0,0,45,2,70,15,13.2,594.04,644.275,1.13636,0.968153,0.838075,0.922029,0.0173524,0.0093453,1.00815,0.929542,50.235,-87.8557
"New Orleans, LA",2016158N22272,COLIN,2016,438.2,0,0,45,1,70,37,37.0857,678.85,710.188,0.997689,0.885252,1.08228,0.955874,0,0.00355749,0.996443,0.952473,31.338,1.64142
"New York, NY & NJ",2016158N22272,COLIN,2016,459,-4,0,50,2,70,44,38.7,2371.48,2278.93,1.13695,0.930349,0.983786,1.04061,0.00928686,0.0299951,0.979098,1.01886,-92.5484,-312.102
"Philadelphia Regional Port, PA",2016158N22272,COLIN,2016,431.1,-4,0,50,2,70,15.5,13.5143,662.164,715.198,1.14693,1.00202,0.805613,0.925847,0,0.00608958,0.99391,0.920209,53.0338,-105.087
"Plaquemines Port District, LA",2016158N22272,COLIN,2016,349.9,0,0,45,1,70,63,56.9286,1521.71,1289.91,1.10665,0.940046,1.134,1.17971,0.0135468,0.0433382,0.969799,1.14408,-231.805,-137.568
"Port of Charleston, SC",2016158N22272,COLIN,2016,132.2,0,0,48,1,70,14,14.6571,259.151,245.305,0.955166,1.16903,0.946115,1.05644,0,0.0356979,0.964302,1.01873,-13.8462,10.9981
"Port of Palm Beach District, FL",2016158N22272,COLIN,2016,459.2,0,0,45,1,70,7,5.34286,27.0892,32.048,1.31016,0.828001,0.779184,0.84527,0.0289573,0.0184507,1.01082,0.854416,4.9588,-9.94004
"Port of Savannah, GA",2016158N22272,COLIN,2016,62.8,0,0,48,1,70,19,16.8286,273.667,231.891,1.12903,0.973933,1.07326,1.18015,0,0.0302601,0.96974,1.14444,-41.7763,-29.9214
"South Jersey Port Corp, NJ",2016158N22272,COLIN,2016,387,-4,0,50,2,70,17,13.9857,651.734,502.165,1.21553,1.08604,0.98314,1.29785,0.161899,0.0824306,1.09482,1.42091,-149.569,-108.23
"South Louisiana, LA, Port of",2016158N22272,COLIN,2016,471.5,0,0,45,1,70,42,38.4571,875.283,975.311,1.09212,0.902287,0.910727,0.89744,0,0.00123374,0.998766,0.896333,100.028,-89.8504
"Tampa Port Authority, FL",2016158N22272,COLIN,2016,243.3,0,0,45,2,70,8,9.55714,279.005,283.336,0.83707,1.32864,0.885404,0.984715,0,0.038973,0.961027,0.946338,4.33076,46.1639
"Virginia, VA, Port of",2016158N22272,COLIN,2016,232.1,-4,0,50,1,70,23,22.0429,375.128,407.126,1.04342,0.967028,0.913171,0.921406,0.037345,0.0252395,1.01258,0.932993,31.9977,-17.6782
"New York, NY & NJ",2016240N31295,UNNAMED,2016,498.8,-1,-1,30,1,70,39,39.6143,979.988,1114.36,0.984493,1.10865,0.805726,0.879416,0.0199396,0.0326901,0.98699,0.867975,134.374,17.2801
"Philadelphia Regional Port, PA",2016240N31295,UNNAMED,2016,490.2,-1,-1,30,2,70,9,13.8,624.275,787.084,0.652174,1.0226,1.18928,0.79315,0.0047631,0.00447624,1.00029,0.793378,162.809,273.768
"Port of Charleston, SC",2016240N31295,UNNAMED,2016,477.2,-1,-1,30,1,70,21,15.3429,509.727,306.647,1.36872,1.02466,1.18524,1.66226,0.0274754,0.0186541,1.00907,1.67734,-203.08,-113.065
"South Jersey Port Corp, NJ",2016240N31295,UNNAMED,2016,447.9,-1,-1,30,2,70,13.5,13.6857,305.21,483.954,0.98643,1.00313,0.637339,0.630659,0.037299,0.083789,0.951709,0.600204,178.744,6.56722
"Virginia, VA, Port of",2016240N31295,UNNAMED,2016,284.5,-1,-1,30,4,70,17.25,21.1,1428.71,1512.27,0.817536,1.24976,0.924663,0.94475,0.017177,0.0229575,0.994118,0.939193,83.5534,275.935
"Baltimore, MD",2016242N24279,HERMINE,2016,353.8,0,1,60,6,70,13.8333,17.9286,1126.8,1344.08,0.77158,1.11259,0.976579,0.838346,0.0318964,0.0210163,1.01124,0.847768,217.276,307.014
"Jacksonville, FL",2016242N24279,HERMINE,2016,160.6,1,1,70,3,70,8.66667,12.0143,293.956,478.904,0.721363,0.842431,1.01006,0.613811,0.00291277,0.0319064,0.970922,0.595962,184.947,133.44
"Mobile, AL",2016242N24279,HERMINE,2016,368.4,1,1,70,2,70,11,12.8857,261.803,478.722,0.853659,0.982711,0.651899,0.546878,0.00628264,0.00742536,0.99885,0.546249,216.92,70.0569
"New Orleans, LA",2016242N24279,HERMINE,2016,498.2,0,1,63,1,70,27,39.7286,569.075,751.253,0.679612,1.157,0.96336,0.757501,0.00757292,0.00255859,1.00505,0.761329,182.178,240.693
"New York, NY & NJ",2016242N24279,HERMINE,2016,199.2,-4,1,55,4,70,31.75,40.1,2917.46,4553.08,0.791771,0.893079,0.90617,0.640765,0.0639423,0.0335704,1.03245,0.661556,1635.63,948.085
"Philadelphia Regional Port, PA",2016242N24279,HERMINE,2016,234.8,-4,1,60,6,70,11.1667,12.8143,1149.06,2239.9,0.871423,0.9111,0.646127,0.512995,0.0224989,0.00571917,1.01717,0.521801,1090.84,287.999
"Plaquemines Port District, LA",2016242N24279,HERMINE,2016,413.9,1,1,70,3,70,62.6667,67.6143,4217.73,4521.9,0.926826,0.952677,1.05636,0.932733,0.0287886,0.037868,0.990651,0.924014,304.173,330.886
"Port Everglades, FL",2016242N24279,HERMINE,2016,278.3,-1,1,30,2,70,16.5,20.2714,397.162,440.58,0.813953,0.923358,1.19943,0.901454,0.018565,0.0203124,0.99822,0.899849,43.4176,81.9684
"Port of Charleston, SC",2016242N24279,HERMINE,2016,15.5,1,1,65,2,70,13.5,15.3571,849.015,613.482,0.87907,1.15368,1.3646,1.38393,0.0247363,0.0180083,1.0069,1.39347,-235.532,74.1885
"Port of Palm Beach District, FL",2016242N24279,HERMINE,2016,334.1,1,1,70,6,70,6,5.44286,157.844,136.986,1.10236,1.06425,0.982162,1.15226,0.0204546,0.0214182,0.999016,1.15113,-20.8581,-14.0222
"Port of Savannah, GA",2016242N24279,HERMINE,2016,34.3,1,1,70,2,70,10,15.7143,236.67,466.604,0.636364,0.764065,1.04318,0.507218,0.0239999,0.0188075,1.00532,0.509916,229.934,169.674
"PortMiami, FL",2016242N24279,HERMINE,2016,220.9,-1,1,30,2,70,16.5,16.3286,186.482,163.896,1.0105,1.15766,0.972634,1.13781,0.021692,0.0108797,1.01105,1.15038,-22.5857,-1.72069
"South Jersey Port Corp, NJ",2016242N24279,HERMINE,2016,214.6,0,1,60,6,70,13.1667,13.2571,1538.54,1413.17,0.993175,0.989629,1.10768,1.08872,0.0574973,0.0903096,0.965186,1.05081,-125.37,9.64449
"Tampa Port Authority, FL",2016242N24279,HERMINE,2016,267.8,1,1,70,6,70,8.66667,10.4571,783.401,1043.59,0.82878,1.16299,0.778825,0.750678,0,0.00571547,0.994285,0.746388,260.19,178.684
"Virginia, VA, Port of",2016242N24279,HERMINE,2016,142.2,0,1,60,6,70,17.3333,21.1714,1934.53,2222.49,0.818713,1.05293,1.00973,0.870436,0.0411287,0.0217708,1.02019,0.888008,287.955,402.907
"Baltimore, MD",2016257N27280,JULIA,2016,422.4,-4,0,25,2,70,20,17.1429,540.227,443.618,1.16667,0.955011,1.09298,1.21777,0.0317107,0.019096,1.01303,1.23364,-96.609,-73.9364
"Jacksonville, FL",2016257N27280,JULIA,2016,18.5,0,0,45,7,70,12,12,1057.81,1149.57,1,0.909155,1.01213,0.920185,0.0218241,0.0356251,0.985891,0.907202,91.7533,0
"Port Everglades, FL",2016257N27280,JULIA,2016,130.2,0,0,45,2,70,19.5,21.0429,364.386,515.411,0.92668,0.797431,0.956722,0.706982,0.0300871,0.0178426,1.01262,0.715907,151.025,37.7898
"Port of Charleston, SC",2016257N27280,JULIA,2016,125,0,0,45,9,70,16.5556,15.7429,3140.91,3128.54,1.05162,1.01881,0.937041,1.00395,0.0141119,0.0193392,0.994698,0.99863,-12.367,-161.506
"Port of Palm Beach District, FL",2016257N27280,JULIA,2016,73.7,0,0,45,2,70,6.5,5.82857,48.1856,48.571,1.1152,0.939852,0.946519,0.992065,0.0523593,0.016489,1.03785,1.02962,0.385406,-5.59519
"Port of Savannah, GA",2016257N27280,JULIA,2016,51.9,0,0,45,8,70,17.25,16.2857,1986.6,1883.66,1.05921,0.942036,1.05696,1.05465,0.026614,0.0159255,1.01098,1.06623,-102.939,-111.533
"PortMiami, FL",2016257N27280,JULIA,2016,190.3,0,0,45,2,70,18.5,16.6857,218.157,200.043,1.10873,1.04391,0.94223,1.09055,0.00593287,0.0112276,0.994674,1.08474,-18.1141,-21.7513
"South Jersey Port Corp, NJ",2016257N27280,JULIA,2016,467.1,-4,0,25,2,70,21,12.8714,752.682,457.224,1.63152,1.05875,0.953007,1.6462,0.102918,0.0784881,1.02723,1.69103,-295.457,-288.747
"Tampa Port Authority, FL",2016257N27280,JULIA,2016,147.6,0,0,45,3,70,12.6667,10.0857,606.534,509.756,1.2559,0.959254,0.987651,1.18985,0.00880049,0.00459802,1.00424,1.1949,-96.778,-130.447
"Virginia, VA, Port of",2016257N27280,JULIA,2016,145.6,-3,0,30,3,70,20,19.7,1005.57,1016.21,1.01523,1.01449,0.960754,0.989522,0.0154844,0.0229229,0.992445,0.982045,10.6482,-15.4754
"Jacksonville, FL",2016273N13300,MATTHEW,2016,93.5,4,5,115,2,70,3,12.3143,45.4089,330.404,0.243619,1.11429,0.506271,0.137434,0,0.0432391,0.956761,0.131492,284.996,249.912
"Port Everglades, FL",2016273N13300,MATTHEW,2016,156.8,4,5,120,2,70,6.5,19.5857,104.392,443.234,0.331875,0.673952,1.053,0.235522,0.00265487,0.0221211,0.980482,0.230926,338.842,296.136
"Port of Charleston, SC",2016273N13300,MATTHEW,2016,50.1,3,5,105,3,70,3.33333,16.2571,446.923,1128.94,0.205038,1.55042,1.24532,0.39588,0.00597219,0.0280101,0.97783,0.387104,682.012,897.461
"Port of Palm Beach District, FL",2016273N13300,MATTHEW,2016,122.2,4,5,120,3,70,2,6.44286,21.3645,78.504,0.310421,1.17873,0.743764,0.272145,0.00653067,0.0126709,0.993819,0.270463,57.1395,54.1347
"Port of Savannah, GA",2016273N13300,MATTHEW,2016,58.7,3,5,108,3,70,1,16.6429,0,729.082,0.0600858,0,,0,0,0.0210719,0.978928,0,729.082,685.275
"PortMiami, FL",2016273N13300,MATTHEW,2016,191.5,4,5,120,2,70,10,18.5714,122.923,217.57,0.538462,1.00331,1.04579,0.564983,0,0.016674,0.983326,0.555563,94.6466,100.417
"San Juan, PR",2016273N13300,MATTHEW,2016,469.7,1,5,68,1,70,7,8.97143,118.021,68.2249,0.780255,0.965274,2.29684,1.72989,0.0321197,0.0201242,1.01239,1.75133,-49.7964,14.9921
"Tampa Port Authority, FL",2016273N13300,MATTHEW,2016,228.7,4,5,120,3,70,9,10.9571,444.132,542.029,0.821382,1.07435,0.928531,0.819388,0,0.00677303,0.993227,0.813838,97.897,96.8161
"Virginia, VA, Port of",2016273N13300,MATTHEW,2016,240,1,5,70,2,70,15,19.7571,621.422,647.536,0.759219,1.23873,1.02042,0.959671,0.0140302,0.0238089,0.990082,0.950153,26.1145,155.914
"Baltimore, MD",2017171N24271,CINDY,2017,172.6,-3,0,25,1,70,11,15.9857,134.877,221.315,0.688114,0.814811,1.08695,0.609436,0,0.0188859,0.981114,0.597927,86.4375,69.0249
"Beaumont, TX",2017171N24271,CINDY,2017,42.3,0,0,50,3,70,10.6667,14.7571,1528.65,1644.14,0.722814,1.08437,1.18622,0.929755,0,0.000715055,0.999285,0.92909,115.493,455.733
"Corpus Christi, TX",2017171N24271,CINDY,2017,404.9,0,0,48,2,70,14,18.6143,1010.99,1315,0.752111,1.03038,0.992072,0.768814,0.0234604,0.0225587,1.00092,0.769524,304.01,325.976
"Galveston, TX",2017171N24271,CINDY,2017,123.1,0,0,50,3,70,7.33333,11.2143,646.948,1137.69,0.653928,1.06674,0.815193,0.568653,0.0170022,0.059757,0.956506,0.54392,490.737,393.721
"Houston Port Authority, TX",2017171N24271,CINDY,2017,160.9,0,0,50,3,70,62.6667,72,4889.53,5821.91,0.87037,0.960679,1.00443,0.83985,0.00293185,0.00127213,1.00166,0.841248,932.378,754.692
"Lake Charles Harbor District, LA",2017171N24271,CINDY,2017,41.1,0,0,50,3,70,7.33333,8.98571,713.135,727.516,0.81611,1.0528,1.14086,0.980232,0.0140233,0.0459477,0.967621,0.948494,14.3814,133.783
"New Orleans, LA",2017171N24271,CINDY,2017,354.3,0,0,50,4,70,41,43.6429,3143.04,3305.79,0.939444,1.0165,0.995624,0.950769,0.00337652,0.000564251,1.00282,0.953452,162.746,200.187
"New York, NY & NJ",2017171N24271,CINDY,2017,430.9,-3,0,25,1,70,25,36.9571,703.054,1099.99,0.676459,0.880464,1.07311,0.639144,0.015529,0.0255407,0.98983,0.632644,396.939,355.893
"Philadelphia Regional Port, PA",2017171N24271,CINDY,2017,324.9,-3,0,25,1,70,8,12.1143,242.384,345.926,0.660377,0.695706,1.52511,0.700681,0,0.0072363,0.992764,0.695611,103.542,117.484
"Plaquemines Port District, LA",2017171N24271,CINDY,2017,347,0,0,50,3,70,50,65.3571,4062.95,4309,0.765027,1.33523,0.923068,0.9429,0.0188998,0.0427303,0.97571,0.919997,246.045,1012.5
"Port Arthur, TX",2017171N24271,CINDY,2017,24.9,0,0,50,3,70,7.33333,7.32857,595.924,779.933,1.00065,1.00239,0.761751,0.764071,0,0.00356858,0.996431,0.761344,184.009,-0.506779
"Port Freeport, TX",2017171N24271,CINDY,2017,186.2,0,0,50,3,70,3.66667,5.91429,303.754,510.361,0.619968,1.14891,0.83558,0.595175,0,0.0130013,0.986999,0.587437,206.607,193.954
"Port of Greater Baton Rouge, LA",2017171N24271,CINDY,2017,239.6,0,0,50,3,70,15.6667,12.8857,854.199,880.394,1.21582,0.907571,0.879293,0.970246,0.00927224,0.000400558,1.00895,0.978935,26.1948,-190.004
"South Jersey Port Corp, NJ",2017171N24271,CINDY,2017,315.5,-3,0,25,1,70,7,13.3571,111.359,237.381,0.524064,0.608727,1.47053,0.469116,0,0.0766584,0.923342,0.433155,126.022,112.978
"South Louisiana, LA, Port of",2017171N24271,CINDY,2017,306.5,0,0,50,4,70,51.25,45.8,4707.55,4738.07,1.119,1.01716,0.872925,0.993558,0.00361153,0.00161752,1.002,0.995546,30.5233,-563.81
"Texas City, TX",2017171N24271,CINDY,2017,121.9,0,0,50,3,70,7.33333,7.28571,973.757,1033.63,1.00654,0.936722,0.999185,0.942076,0,0.0149255,0.985074,0.928015,59.8721,-6.75575
"Virginia, VA, Port of",2017171N24271,CINDY,2017,293.6,-3,0,25,1,70,25,25.7143,290.189,509.103,0.972222,0.617915,0.948814,0.57,0.0171173,0.0211842,0.995862,0.567642,218.914,14.1417
"Jacksonville, FL",2017212N28275,EMILY,2017,277.2,0,0,50,4,68,9.75,10.2353,382.29,492.262,0.952586,0.87303,0.93382,0.776598,0.0245471,0.0343828,0.989917,0.768767,109.972,23.34
"Mobile, AL",2017212N28275,EMILY,2017,363.1,0,0,38,2,68,12,12.1912,312.805,344.405,0.984318,0.98678,0.935078,0.908247,0,0.0117422,0.988258,0.897582,31.6001,5.4008
"New Orleans, LA",2017212N28275,EMILY,2017,484,-1,0,30,1,68,44,41.1029,790.356,789.855,1.07048,1.06789,0.875322,1.00063,0,0.00253259,0.997467,0.9981,-0.500566,-55.6714
"Plaquemines Port District, LA",2017212N28275,EMILY,2017,412.1,-1,0,33,1,68,75,62.5882,1645.58,1410.57,1.19831,1.10706,0.8794,1.16661,0.0459588,0.0473449,0.998547,1.16492,-235.017,-279.727
"Port Everglades, FL",2017212N28275,EMILY,2017,164.6,0,0,50,2,68,13.5,18.3676,348.625,374.463,0.734988,1.07392,1.17949,0.931001,0,0.0140559,0.985944,0.917915,25.8375,99.2372
"Port of Charleston, SC",2017212N28275,EMILY,2017,316.5,-1,0,30,2,68,15,14.6471,681.735,548.872,1.0241,1.02983,1.17771,1.24207,0.0356064,0.0278076,1.00809,1.25211,-132.863,-13.2258
"Port of Palm Beach District, FL",2017212N28275,EMILY,2017,105.6,0,0,50,3,68,5.66667,4.5,114.021,71.1066,1.25926,1.5013,0.848189,1.60352,0.0177637,0.0214612,0.996236,1.59748,-42.9141,-18.435
"Port of Savannah, GA",2017212N28275,EMILY,2017,326.3,-1,0,30,2,68,16,14.8235,524.94,469.526,1.07937,0.916775,1.12985,1.11802,0,0.0217913,0.978209,1.09366,-55.4138,-37.264
"PortMiami, FL",2017212N28275,EMILY,2017,223.3,0,0,50,2,68,12,16.2353,103.152,204.547,0.73913,1.09208,0.624756,0.504297,0.0111553,0.0154019,0.995705,0.502131,101.395,53.36
"Tampa Port Authority, FL",2017212N28275,EMILY,2017,47.5,0,0,50,3,68,11.6667,10,580.148,558.963,1.16667,1.1325,0.78554,1.0379,0,0.00691355,0.993086,1.03072,-21.1843,-93.1605
"San Juan, PR",2017224N22293,GERT,2017,448.8,-3,2,25,1,70,11,5.8,126.952,53.7842,1.89655,0.567863,2.19167,2.36039,0,0.154803,0.845197,1.99499,-73.1674,-48.2203
"Beaumont, TX",2017228N14314,HARVEY,2017,63.9,4,4,115,7,70,12.4286,15.7857,4091.64,4639.03,0.78733,1.2335,0.908182,0.882003,0,0.00305412,0.996946,0.87931,547.39,986.581
"Corpus Christi, TX",2017228N14314,HARVEY,2017,57.3,4,4,115,7,70,1.28571,17.9714,220.578,4809.88,0.0715421,1.06022,0.604603,0.0458593,0.0285823,0.0148574,1.01413,0.0465073,4589.3,4465.77
"Galveston, TX",2017228N14314,HARVEY,2017,103,4,4,115,7,70,2,11.3286,427.515,2598.91,0.176545,1.60179,0.581702,0.164498,0.0190881,0.0531565,0.965269,0.158785,2171.39,2140.09
"Houston Port Authority, TX",2017228N14314,HARVEY,2017,165.9,4,4,115,7,70,12.4286,77.8,1803.7,13891.6,0.15975,0.806818,1.00738,0.129841,0.0227003,0.000882862,1.02232,0.132739,12087.9,11672.5
"Lake Charles Harbor District, LA",2017228N14314,HARVEY,2017,19.2,4,4,115,7,70,5.42857,10.2,520.342,1985.24,0.532213,0.60395,0.815436,0.262106,0.0291912,0.0454531,0.983249,0.257715,1464.9,928.669
"Mobile, AL",2017228N14314,HARVEY,2017,397.1,0,4,38,3,70,13,12.9857,356.643,735.195,1.0011,1.02948,0.470691,0.4851,0.0157076,0.00949277,1.00631,0.488163,378.552,-0.808796
"New Orleans, LA",2017228N14314,HARVEY,2017,283.3,0,4,45,4,70,34.75,40.8714,3424.61,3238.63,0.850227,0.960522,1.29482,1.05743,0.00481289,0.00169272,1.00314,1.06074,-185.984,485.058
"Plaquemines Port District, LA",2017228N14314,HARVEY,2017,367.4,0,4,45,3,70,63,72.7143,3815.48,4603.42,0.866405,0.888267,1.07697,0.828835,0.0275332,0.0349598,0.992363,0.822506,787.943,614.995
"Port Arthur, TX",2017228N14314,HARVEY,2017,41.7,4,4,115,7,70,5.57143,7.24286,2205.67,1554.6,0.769231,1.14092,1.61664,1.41881,0,0.00309826,0.996902,1.41441,-651.075,358.753
"Port Freeport, TX",2017228N14314,HARVEY,2017,90.9,4,4,115,7,70,0.571429,6,14.5778,1183.79,0.0952381,0.213075,0.606842,0.0123145,0.116291,0.0306448,1.09692,0.013508,1169.21,1071.04
"Port of Greater Baton Rouge, LA",2017228N14314,HARVEY,2017,156,0,4,45,5,70,16.2,15.1714,1858.87,1718.18,1.0678,0.918482,1.10311,1.08188,0.00391273,0.000590549,1.00334,1.08549,-140.688,-116.487
"South Louisiana, LA, Port of",2017228N14314,HARVEY,2017,245.6,0,4,45,4,70,53.5,51.4429,4226.48,5296.11,1.03999,1.02161,0.751116,0.798035,0.00371654,0.00335439,1.00036,0.798325,1069.63,-211.785
"Texas City, TX",2017228N14314,HARVEY,2017,120.3,4,4,115,7,70,1.14286,7.6,199.091,2465.38,0.150376,0.667481,0.804544,0.0807545,0,0.0204028,0.979597,0.0791069,2266.29,2094.65
"Baltimore, MD",2017240N31279,UNNAMED,2017,455.2,-4,-3,40,1,70,21,16.9857,236.586,217.949,1.23633,0.877054,1.00109,1.08551,0,0.0187354,0.981265,1.06517,-18.637,-51.5085
"Jacksonville, FL",2017240N31279,UNNAMED,2017,100.5,-3,-3,35,3,70,9,10.6857,352.118,397.27,0.842246,0.961508,1.09449,0.886344,0.0121,0.0294475,0.98244,0.870779,45.1523,62.671
"Port of Charleston, SC",2017240N31279,UNNAMED,2017,68.7,-3,-3,40,3,70,12,14.6714,564.819,767.015,0.817916,0.927906,0.97027,0.736386,0.0256394,0.022746,1.00297,0.738573,202.196,139.661
"Port of Palm Beach District, FL",2017240N31279,UNNAMED,2017,446.3,-3,-3,35,2,70,4,5,43.6315,58.0077,0.8,0.996989,0.943049,0.752167,0.0104132,0.0291644,0.981052,0.737915,14.3762,11.6015
"Port of Savannah, GA",2017240N31279,UNNAMED,2017,93.2,-3,-3,38,3,70,12.3333,15.9571,732.022,744.726,0.772904,1.06784,1.19095,0.982942,0.0170666,0.0215119,0.995478,0.978497,12.7036,169.124
"South Jersey Port Corp, NJ",2017240N31279,UNNAMED,2017,468.6,-4,-3,40,1,70,19,13.2286,260.654,257.266,1.43629,0.783932,0.899836,1.01317,0,0.0653919,0.934608,0.946917,-3.3883,-112.241
"Tampa Port Authority, FL",2017240N31279,UNNAMED,2017,349.2,-3,-3,35,2,70,9,10.9,339.403,407.321,0.825688,1.12725,0.895248,0.833257,0.142714,0.0105869,1.15412,0.961681,67.9179,71.0009
"Virginia, VA, Port of",2017240N31279,UNNAMED,2017,181.8,-3,-3,40,1,70,29,27.8429,575.612,501.348,1.04156,1.04845,1.05138,1.14813,0,0.0195069,0.980493,1.12573,-74.2645,-20.8359
"Jacksonville, FL",2017242N16333,IRMA,2017,129.4,3,5,100,3,70,2,9.95714,4.23138,358.922,0.200861,0.980166,0.0598808,0.0117892,0,0.0354884,0.964512,0.0113708,354.69,286.828
"Mobile, AL",2017242N16333,IRMA,2017,338.4,0,5,48,2,70,9.5,12.7857,414.571,454.841,0.743017,1.15207,1.06479,0.911464,0,0.00791791,0.992082,0.904247,40.27,116.887
"Port Everglades, FL",2017242N16333,IRMA,2017,124.3,4,5,130,3,70,0.333333,20.0714,2.93588,737.438,0.0166074,0.445672,0.537894,0.00398119,0,0.016161,0.983839,0.00391685,734.502,725.191
"Port of Charleston, SC",2017242N16333,IRMA,2017,403.1,0,5,50,2,70,6,14.6143,207.247,476.715,0.410557,1.1018,0.961066,0.434739,0.0132591,0.0257748,0.987316,0.429225,269.468,280.996
"Port of Palm Beach District, FL",2017242N16333,IRMA,2017,120.5,4,5,120,3,70,0,5.31429,0,93.9854,0,,,0,0,0.0254707,0.974529,0,93.9854,93.9854
"Port of Savannah, GA",2017242N16333,IRMA,2017,261.8,1,5,65,2,70,0.5,15.9286,4.04402,513.275,0.0313901,0.152189,1.64925,0.00787885,0,0.0211141,0.978886,0.00771249,509.231,497.164
"PortMiami, FL",2017242N16333,IRMA,2017,120.5,5,5,145,3,70,9.33333,17.2143,207.952,279.165,0.542185,1.21238,1.13323,0.744908,0,0.0174642,0.982536,0.731899,71.2126,127.806
"San Juan, PR",2017242N16333,IRMA,2017,87.6,5,5,155,2,70,1,5.37143,0,108.659,0.18617,0,,0,0.521838,0.355972,1.34688,0,108.659,88.4302
"Tampa Port Authority, FL",2017242N16333,IRMA,2017,35.7,4,5,115,3,70,2,9.81429,65.5365,569.274,0.203785,0.255594,2.21024,0.115123,0,0.0164834,0.983517,0.113225,503.738,453.265
"New York, NY & NJ",2017247N09327,JOSE,2017,396.5,0,4,60,7,70,37.1429,35.2857,7598.3,7209.31,1.05263,1.02655,0.97536,1.05396,0.0143708,0.0221929,0.992064,1.04559,-388.99,-379.437
"Philadelphia Regional Port, PA",2017247N09327,JOSE,2017,423.1,0,4,60,5,70,11.6,12.0714,1182.53,1842.05,0.960947,1.09316,0.611125,0.641968,0,0.00391382,0.996086,0.639456,659.51,71.9379
"San Juan, PR",2017247N09327,JOSE,2017,296.3,4,4,120,2,70,6,5.41429,43.7102,112.251,1.10818,0.367354,0.956526,0.389396,0.646252,0.364281,1.7971,0.699782,68.5409,-12.1433
"South Jersey Port Corp, NJ",2017247N09327,JOSE,2017,393.7,0,4,63,5,70,13.2,13.0429,949.163,1233.95,1.01205,0.949316,0.800631,0.769209,0.0719897,0.0685713,1.00368,0.772043,284.783,-14.8668
"Virginia, VA, Port of",2017247N09327,JOSE,2017,418.4,1,4,65,2,70,29,27.2143,1069.49,980.509,1.06562,0.99164,1.03222,1.09075,0.00981734,0.0247408,0.984929,1.07431,-88.9817,-64.3378
"Baltimore, MD",2017260N12310,MARIA,2017,495.7,1,5,65,2,70,14,16.5286,376.815,404.186,0.847018,1.17783,0.93448,0.93228,0.0149963,0.0173591,0.997601,0.930044,27.3714,61.8332
"New York, NY & NJ",2017260N12310,MARIA,2017,483.3,1,5,65,1,70,42,35.6,1262.97,1042.63,1.17978,1.00975,1.01683,1.21133,0.0110546,0.0230493,0.987871,1.19664,-220.34,-187.438
"Philadelphia Regional Port, PA",2017260N12310,MARIA,2017,454.7,1,5,65,2,70,15.5,12.1714,404.594,685.627,1.27347,0.833997,0.555619,0.590109,0,0.00266679,0.997333,0.588535,281.032,-187.501
"San Juan, PR",2017260N12310,MARIA,2017,28.4,5,5,150,4,70,1.25,6.07143,16.0518,227.459,0.205882,0.448063,0.765001,0.07057,0.361968,0.478699,0.817046,0.0576589,211.408,180.63
"South Jersey Port Corp, NJ",2017260N12310,MARIA,2017,410.3,1,5,65,2,70,12.5,12.9714,267.131,467.753,0.963656,0.920954,0.643498,0.571094,0.071616,0.0756236,0.995683,0.568628,200.622,16.9998
"Virginia, VA, Port of",2017260N12310,MARIA,2017,347.9,1,5,65,3,70,31.3333,26.9143,1528.72,1454.8,1.16419,1.01234,0.891612,1.05081,0.0135245,0.0232165,0.990175,1.04049,-73.9186,-238.864
"Baltimore, MD",2017277N11279,NATE,2017,369.7,-4,1,25,1,70,21,16.7429,222.311,203.033,1.25427,0.973073,0.89714,1.09495,0.0216571,0.0189035,1.00281,1.09804,-19.2787,-51.6244
"Beaumont, TX",2017277N11279,NATE,2017,475.9,1,1,75,1,70,16,15.3,752.418,678.119,1.04575,0.825847,1.28477,1.10957,0.14004,0.000580425,1.16217,1.2895,-74.2989,-31.025
"Lake Charles Harbor District, LA",2017277N11279,NATE,2017,395.8,1,1,78,2,70,10.5,12.0143,345.799,607.333,0.87396,0.783503,0.831506,0.569373,0.083717,0.0424333,1.04506,0.595027,261.534,76.5485
"Mobile, AL",2017277N11279,NATE,2017,70.4,1,1,80,2,70,4,12.7429,350.303,414.159,0.313901,1.40557,1.91704,0.845819,0,0.0079353,0.992065,0.839107,63.8556,284.154
"New Orleans, LA",2017277N11279,NATE,2017,80.1,1,1,80,2,70,29.5,36.1429,935.955,1573.85,0.816206,1.14069,0.63874,0.59469,0,0.00220505,0.997795,0.593379,637.898,289.265
"New York, NY & NJ",2017277N11279,NATE,2017,325.7,-4,1,25,2,70,33,36.3857,1592.63,2083.32,0.906949,0.941073,0.895681,0.764469,0.0206403,0.0230066,0.997584,0.762622,490.686,193.854
"Philadelphia Regional Port, PA",2017277N11279,NATE,2017,356.4,-4,1,25,1,70,16,11.6143,496.037,309.333,1.37761,1.07281,1.08502,1.60357,0,0.00288321,0.997117,1.59895,-186.704,-116.808
"Plaquemines Port District, LA",2017277N11279,NATE,2017,41.6,1,1,80,2,70,42,71.7571,1942.67,3196.19,0.585308,1.59627,0.650543,0.607808,0.0046694,0.0372701,0.967246,0.5879,1253.52,1325.43
"Port Arthur, TX",2017277N11279,NATE,2017,456.1,1,1,78,2,70,8.5,7.55714,797.44,513.269,1.12476,1.0723,1.28818,1.55365,0.0179789,0.00223681,1.01603,1.57855,-284.171,-64.0374
"Port of Greater Baton Rouge, LA",2017277N11279,NATE,2017,210.9,1,1,80,2,70,15,15.5714,776.112,787.415,0.963303,1.27047,0.805364,0.985645,0,0.0026016,0.997398,0.983081,11.3031,28.896
"South Jersey Port Corp, NJ",2017277N11279,NATE,2017,406.1,-4,1,25,1,70,13,11.8714,249.69,215.445,1.09507,1.31035,0.80768,1.15895,0.030877,0.0908465,0.93812,1.08724,-34.2455,-20.4815
"South Louisiana, LA, Port of",2017277N11279,NATE,2017,126.7,1,1,80,2,70,47.5,54.8714,2147.25,2442.56,0.86566,1.25275,0.810633,0.879097,0,0.00210334,0.997897,0.877248,295.313,328.134
"Port Everglades, FL",2017301N18276,PHILIPPE,2017,391.2,0,0,35,2,70,20.5,21.2429,514.92,532.671,0.96503,1.01348,0.988378,0.966675,0.0131567,0.00932935,1.00388,0.970424,17.7515,18.6274
"Port of Palm Beach District, FL",2017301N18276,PHILIPPE,2017,449.5,-1,0,30,1,70,3,5.88571,15.9525,31.4086,0.509709,1.63061,0.611093,0.507902,0.00958821,0.0154448,0.994087,0.504899,15.4561,15.3993
"PortMiami, FL",2017301N18276,PHILIPPE,2017,331.3,0,0,35,2,70,18,18.8143,238.132,204.068,0.95672,1.06196,1.14855,1.16693,0,0.0084604,0.99154,1.15706,-34.0648,8.83208
"Jacksonville, FL",2018146N19273,ALBERTO,2018,412.3,0,0,55,3,70,11.6667,11.0714,637.353,384.185,1.05376,0.994476,1.58308,1.65897,0.0320977,0.0295858,1.0026,1.66328,-253.168,-20.6551
"Mobile, AL",2018146N19273,ALBERTO,2018,190,0,0,55,3,70,7.33333,11.1286,536.256,464.987,0.658964,0.98085,1.7843,1.15327,0,0.010517,0.989483,1.14114,-71.2693,158.577
"New Orleans, LA",2018146N19273,ALBERTO,2018,384,0,0,55,2,70,33.5,38.0286,1490.67,1464.21,0.880917,1.06864,1.08146,1.01807,0.00465398,0.00122944,1.00344,1.02158,-26.4626,174.363
"Plaquemines Port District, LA",2018146N19273,ALBERTO,2018,344.5,0,0,55,3,70,53,64.3143,3118.59,4297.57,0.824078,0.886571,0.993238,0.725664,0.0208458,0.0385124,0.981957,0.712571,1178.98,756.036
"Port Everglades, FL",2018146N19273,ALBERTO,2018,386.2,-2,0,45,1,70,16,22.1286,227.692,275.239,0.723047,0.978935,1.16874,0.827253,0.011324,0.0137552,0.997541,0.825219,47.5465,76.2282
"Port of Greater Baton Rouge, LA",2018146N19273,ALBERTO,2018,475.3,-1,0,30,1,70,13,14.6571,344.028,329.773,0.88694,0.922294,1.27531,1.04323,0,0.00847981,0.99152,1.03438,-14.2548,37.2843
"Port of Palm Beach District, FL",2018146N19273,ALBERTO,2018,388.4,-2,0,45,1,70,4,5.7,10.2575,34.2802,0.701754,0.971123,0.439077,0.299227,0,0.0179014,0.982099,0.29387,24.0226,10.2239
"Port of Savannah, GA",2018146N19273,ALBERTO,2018,490.2,-1,0,30,1,70,22,15.0286,317.248,239.536,1.46388,0.944156,0.958254,1.32443,0,0.0155557,0.984444,1.30383,-77.7127,-111.115
"PortMiami, FL",2018146N19273,ALBERTO,2018,381.4,-2,0,45,1,70,14,15.4,68.3674,91.5081,0.909091,1.07933,0.761424,0.747118,0,0.0142237,0.985776,0.736491,23.1407,8.31892
"South Louisiana, LA, Port of",2018146N19273,ALBERTO,2018,427.2,0,0,55,2,70,43.5,50.7,2316.54,2526.14,0.857988,1.01011,1.05812,0.917026,0.00184437,0.00128171,1.00056,0.917543,209.603,358.742
"Tampa Port Authority, FL",2018146N19273,ALBERTO,2018,235.6,0,0,55,3,70,13.3333,10.5857,892.552,562.763,1.25956,1.18743,1.06043,1.58602,0.00477524,0.0133399,0.991394,1.57237,-329.79,-146.07
"San Juan, PR",2018186N10325,BERYL,2018,180.9,-3,1,35,2,70,7.5,7.01429,146.992,169.007,1.06925,0.849542,0.957472,0.869738,0,0.0579896,0.94201,0.819302,22.0152,-11.7031
"Port of Charleston, SC",2018186N31292,CHRIS,2018,432.1,0,2,43,2,70,17,17.6714,524.603,620.029,0.962005,0.887569,0.990922,0.846095,0.0185733,0.0186252,0.999947,0.84605,95.4257,23.5581
"Virginia, VA, Port of",2018186N31292,CHRIS,2018,430,0,2,43,2,70,32.5,28.1714,997.598,1007.04,1.15365,0.95839,0.895966,0.990622,0.0137426,0.0185281,0.995148,0.985816,9.44363,-154.733
"Baltimore, MD",2018242N13343,FLORENCE,2018,212,-4,4,25,2,70,22.5,17.1857,646.481,428.678,1.30923,0.981389,1.17373,1.50808,0.0250407,0.0161267,1.00914,1.52187,-217.803,-132.559
"Jacksonville, FL",2018242N13343,FLORENCE,2018,363.1,0,4,63,3,70,11.6667,12.9714,438.816,528.75,0.899413,1.06857,0.863514,0.829912,0.00849352,0.0267298,0.981607,0.814648,89.9343,53.1856
"New York, NY & NJ",2018242N13343,FLORENCE,2018,155.5,-4,4,25,1,70,37,37.0429,823.535,1125.6,0.998843,0.856281,0.855429,0.73164,0.0206452,0.0267421,0.993775,0.727085,302.066,1.30228
"Philadelphia Regional Port, PA",2018242N13343,FLORENCE,2018,205.5,-4,4,25,1,70,12,11.8286,405.52,309.983,1.01449,1.06116,1.21519,1.3082,0,0.00782651,0.992173,1.29796,-95.5367,-4.49251
"Port of Charleston, SC",2018242N13343,FLORENCE,2018,64.3,3,4,98,5,70,9.4,18.3714,964.549,1527.55,0.511664,1.13056,1.09157,0.631437,0,0.0205092,0.979491,0.618486,562.997,745.955
"Port of Savannah, GA",2018242N13343,FLORENCE,2018,167.2,2,4,90,5,70,13,14.6571,1055.49,1239.6,0.88694,1.02922,0.932758,0.851471,0.0142321,0.0189133,0.995251,0.847428,184.117,140.15
"South Jersey Port Corp, NJ",2018242N13343,FLORENCE,2018,246.3,-4,4,25,1,70,12,12.2429,207.538,221.23,0.980163,1.04337,0.917312,0.938109,0.125458,0.087548,1.04335,0.978775,13.6921,4.38847
"Virginia, VA, Port of",2018242N13343,FLORENCE,2018,307,3,4,98,6,70,21.8333,27.5714,1970.04,3125.99,0.791883,0.900122,0.88415,0.630215,0.0157515,0.0175751,0.998147,0.629047,1155.94,650.572
"Beaumont, TX",2018246N22283,GORDON,2018,446.6,0,0,38,2,70,14,15.2571,1263.95,1244.43,0.917603,1.33233,0.830793,1.01568,0,0.000905961,0.999094,1.01476,-19.5182,102.537
"Jacksonville, FL",2018246N22283,GORDON,2018,445.3,0,0,55,2,70,12,13.2143,371.209,346.242,0.908108,1.10232,1.07101,1.07211,0.0180702,0.0248806,0.993064,1.06467,-24.9674,31.8168
"Lake Charles Harbor District, LA",2018246N22283,GORDON,2018,395.4,0,0,60,2,70,12.5,10.5857,543.368,534.743,1.18084,0.942984,0.912547,1.01613,0.0179174,0.0370464,0.980522,0.996337,-8.62502,-96.7012
"Mobile, AL",2018246N22283,GORDON,2018,48.4,0,0,60,3,70,6,10.8714,155.653,495.944,0.551905,0.933681,0.609063,0.313852,0.0357782,0.0205587,1.01578,0.318806,340.291,222.23
"New Orleans, LA",2018246N22283,GORDON,2018,141.5,0,0,60,3,70,37.6667,31.6429,1953.81,1850.32,1.19037,1.01575,0.873306,1.05593,0.00993173,0.00221133,1.0078,1.06417,-103.493,-352.242
"Plaquemines Port District, LA",2018246N22283,GORDON,2018,147.6,0,0,60,3,70,56.3333,59.7571,3886.23,3668.77,0.942705,1.06884,1.05128,1.05927,0.0230834,0.0434691,0.979133,1.03717,-217.465,210.204
"Port Arthur, TX",2018246N22283,GORDON,2018,443.4,0,0,45,2,70,6.5,6.77143,580.591,474.875,0.959916,1.22129,1.04289,1.22262,0,0.00168925,0.998311,1.22055,-105.716,19.0351
"Port Everglades, FL",2018246N22283,GORDON,2018,112,0,0,55,3,70,16,21.1571,500.937,717.841,0.756246,0.920002,1.00301,0.697839,0.021006,0.0156244,1.0055,0.701675,216.904,174.977
"Port of Greater Baton Rouge, LA",2018246N22283,GORDON,2018,209.8,0,0,60,4,70,14,12.9571,1507.52,1426.56,1.08049,1.01555,0.963057,1.05675,0,0.00771966,0.99228,1.04859,-80.9567,-114.817
"Port of Palm Beach District, FL",2018246N22283,GORDON,2018,160,0,0,55,2,70,3.5,5.27143,33.4641,63.2222,0.663957,1.21229,0.6576,0.529309,0,0.0170427,0.982957,0.520289,29.7581,21.2454
"PortMiami, FL",2018246N22283,GORDON,2018,60.2,0,0,55,3,70,9.33333,14.0286,150.468,283.446,0.665309,1.13953,0.700203,0.530853,0.0115025,0.00827291,1.00327,0.532587,132.978,94.867
"South Louisiana, LA, Port of",2018246N22283,GORDON,2018,182.5,0,0,60,3,70,51.3333,48.4286,3625.18,3682.54,1.05998,0.95159,0.975967,0.984425,0.00529755,0.00147902,1.00384,0.988204,57.3568,-220.88
"Tampa Port Authority, FL",2018246N22283,GORDON,2018,173.2,0,0,60,2,70,6,8.95714,321.558,319.049,0.669856,0.937809,1.60437,1.00786,0,0.0167974,0.983203,0.990934,-2.50889,105.332
"San Juan, PR",2018251N13325,ISAAC,2018,358.3,0,1,35,2,70,6.5,6.82857,359.84,159.22,0.951883,1.13219,2.09706,2.26002,0,0.0149654,0.985035,2.2262,-200.621,7.6612
"San Juan, PR",2018265N08338,KIRK,2018,489.6,0,0,35,1,70,4,6.27143,41.9662,68.0532,0.637813,0.953656,1.01383,0.616668,0,0.0140757,0.985924,0.607988,26.0869,24.648
"Baltimore, MD",2018280N18273,MICHAEL,2018,272.1,0,5,60,2,70,13,17.9429,291.814,487.948,0.724522,0.852811,0.967895,0.598043,0.023411,0.0181532,1.00538,0.601263,196.134,134.419
"Jacksonville, FL",2018280N18273,MICHAEL,2018,289.4,5,5,140,2,70,14,12.1857,375.659,322.235,1.14889,1.10901,0.914972,1.16579,0.035106,0.0324901,1.00271,1.16895,-53.4235,-47.9764
"Mobile, AL",2018280N18273,MICHAEL,2018,254.1,5,5,140,2,70,12,10.6714,276.452,269.486,1.1245,0.998766,0.9134,1.02585,0.0373059,0.0336047,1.00384,1.02979,-6.96583,-33.5504
"New Orleans, LA",2018280N18273,MICHAEL,2018,377.9,5,5,140,1,70,29,34.2,554.214,655.245,0.847953,0.915122,1.08999,0.845811,0,0.00479888,0.995201,0.841752,101.031,99.6279
"New York, NY & NJ",2018280N18273,MICHAEL,2018,305.5,-4,5,60,1,70,37,35.0857,1216.57,962.056,1.05456,1.10702,1.0832,1.26455,0.0141319,0.0264394,0.987516,1.24877,-254.516,-52.49
"Philadelphia Regional Port, PA",2018280N18273,MICHAEL,2018,282.8,-4,5,60,1,70,11,12.3143,333.319,342.199,0.893271,0.909518,1.19891,0.974049,0,0.00838211,0.991618,0.965884,8.88048,36.5225
"Plaquemines Port District, LA",2018280N18273,MICHAEL,2018,310.2,5,5,140,2,70,58.5,60.8,2559.49,2581.57,0.962171,1.09508,0.940957,0.991447,0.005657,0.0435209,0.961921,0.953693,22.0804,97.6583
"Port of Charleston, SC",2018280N18273,MICHAEL,2018,195.2,1,5,80,2,70,19.5,17.6571,654.941,617.102,1.10437,0.943777,1.01827,1.06132,0.018366,0.0184263,0.999939,1.06125,-37.8389,-64.4063
"Port of Savannah, GA",2018280N18273,MICHAEL,2018,193.7,5,5,140,2,70,12.5,14.6571,407.716,485.614,0.852827,0.945591,1.04112,0.839588,0.040328,0.017777,1.0235,0.859317,77.8982,71.4695
"South Jersey Port Corp, NJ",2018280N18273,MICHAEL,2018,242.7,-4,5,60,1,70,11,12.2429,146.37,193.836,0.898483,0.909353,0.924222,0.755125,0.0520995,0.0785491,0.972097,0.734054,47.4656,19.6776
"South Louisiana, LA, Port of",2018280N18273,MICHAEL,2018,422.7,5,5,140,1,70,43,49.1857,881.616,1181.86,0.874238,1.05898,0.805742,0.745956,0,0.00539014,0.99461,0.741935,300.246,148.634
"Tampa Port Authority, FL",2018280N18273,MICHAEL,2018,384.4,5,5,140,3,70,6.66667,8.35714,449.065,452.589,0.797721,1.00633,1.23599,0.992213,0,0.0150265,0.984974,0.977303,3.52434,91.5493
"Virginia, VA, Port of",2018280N18273,MICHAEL,2018,18.3,0,5,60,2,70,20.5,26.2286,814.247,960.956,0.78159,1.0702,1.01299,0.84733,0,0.0206192,0.979381,0.829859,146.709,209.882
"Beaumont, TX",2019192N29274,BARRY,2019,130.5,1,1,65,4,70,10.25,14.6571,2096.46,2505.06,0.699318,1.05444,1.13494,0.836891,0,0.0019374,0.998063,0.83527,408.597,753.226
"Galveston, TX",2019192N29274,BARRY,2019,236.4,1,1,65,4,70,9.5,11.1571,1423.73,1708.73,0.851472,1.10014,0.889476,0.833208,0.0356067,0.0431325,0.992196,0.826706,285.003,253.794
"Houston Port Authority, TX",2019192N29274,BARRY,2019,245.6,1,1,65,4,70,64.5,66.3143,8000.05,7701.23,0.972641,0.961703,1.11055,1.0388,0.00323728,0.00242646,1.00081,1.03965,-298.82,210.697
"Lake Charles Harbor District, LA",2019192N29274,BARRY,2019,70.5,1,1,65,5,70,8,9.48571,1054.84,1168.89,0.843373,1.03298,1.03587,0.902435,0.0154449,0.0435692,0.971435,0.876657,114.042,183.078
"Mobile, AL",2019192N29274,BARRY,2019,286.4,1,1,65,5,70,10.8,10.0286,945.264,669.527,1.07692,1.10193,1.18973,1.41184,0.0176321,0.0180075,0.999618,1.4113,-275.737,-51.5021
"New Orleans, LA",2019192N29274,BARRY,2019,193.6,1,1,65,6,70,26.5,34.1857,3003.16,3420.46,0.775178,1.20194,0.942347,0.877998,0.00238169,0.00188728,1.0005,0.878433,417.304,768.997
"Plaquemines Port District, LA",2019192N29274,BARRY,2019,158.7,1,1,65,5,70,51.4,69.7,5372.98,6101.78,0.737446,1.29988,0.918601,0.88056,0.0196789,0.0397179,0.979559,0.862561,728.794,1602.04
"Port Arthur, TX",2019192N29274,BARRY,2019,122.4,1,1,65,4,70,2.75,6.74286,194.817,883.783,0.407839,1.11325,0.485511,0.220435,0,0.00455759,0.995442,0.21943,688.966,523.342
"Port Freeport, TX",2019192N29274,BARRY,2019,295.7,1,1,65,4,70,8,7.44286,1085.21,904.947,1.07486,0.980967,1.13733,1.1992,0.0058305,0.022851,0.98288,1.17867,-180.267,-67.7407
"Port of Greater Baton Rouge, LA",2019192N29274,BARRY,2019,122.2,1,1,65,6,70,5.33333,11.5,1710.18,2152.59,0.463768,1.18081,1.45077,0.794478,0,0.00246372,0.997536,0.79252,442.405,1154.29
"South Louisiana, LA, Port of",2019192N29274,BARRY,2019,154.2,1,1,65,6,70,27.3333,32.8857,3928.53,4601.01,0.831161,1.10157,0.932564,0.853841,0,0.00111487,0.998885,0.852889,672.482,776.829
"Tampa Port Authority, FL",2019192N29274,BARRY,2019,412.3,-3,1,30,1,70,8,10.2,145.682,186.347,0.784314,0.837673,1.18992,0.781779,0,0.00359325,0.996407,0.77897,40.665,40.1926
"Texas City, TX",2019192N29274,BARRY,2019,228,1,1,65,4,70,6.25,6.95714,1053.81,1290.19,0.898357,0.923354,0.984669,0.816785,0.0487559,0.019843,1.03039,0.841611,236.383,131.139
"Jacksonville, FL",2019204N25283,UNNAMED,2019,251.3,-1,-1,30,1,70,11,9.47143,127.999,116.726,1.16139,1.16099,0.813268,1.09658,0.0504824,0.0211133,1.03093,1.13049,-11.2729,-18.8382
"Port Everglades, FL",2019204N25283,UNNAMED,2019,95.5,-1,-1,30,2,70,21,22.0714,509.821,511.181,0.951456,1.00949,1.03837,0.997338,0.0300422,0.0149563,1.01555,1.01285,1.36077,24.8146
"Port of Charleston, SC",2019204N25283,UNNAMED,2019,491.8,-1,-1,30,1,70,17,17.4429,404.836,396.472,0.974611,1.01649,1.0307,1.02109,0.0794838,0.022657,1.06173,1.08413,-8.36329,10.066
"Port of Palm Beach District, FL",2019204N25283,UNNAMED,2019,91.6,-1,-1,30,2,70,6,4.37143,59.4963,39.0583,1.37255,1.1188,0.991966,1.52327,0.0181409,0.0171904,1.00097,1.52474,-20.438,-14.5511
"Port of Savannah, GA",2019204N25283,UNNAMED,2019,403.6,-1,-1,30,1,70,16,13.7143,262.115,209.963,1.16667,0.946487,1.13054,1.24839,0,0.0120668,0.987933,1.23332,-52.1522,-34.9939
"PortMiami, FL",2019204N25283,UNNAMED,2019,119.5,-1,-1,30,2,70,10,12.9714,205.245,197.803,0.770925,1.13823,1.18249,1.03762,0.0151105,0.019578,0.995464,1.03292,-7.442,45.3118
"Tampa Port Authority, FL",2019204N25283,UNNAMED,2019,242.5,-1,-1,30,2,70,6.5,10.3,339.441,353.206,0.631068,0.906018,1.68083,0.961029,0.0144968,0.00242259,1.01225,0.972803,13.7649,130.309
"Baltimore, MD",2019236N10314,DORIAN,2019,437.7,2,5,85,1,70,10,16.8857,132.712,237.286,0.592217,1.19815,0.788216,0.559291,0.0296564,0.0247263,1.00508,0.562133,104.574,96.7613
"Jacksonville, FL",2019236N10314,DORIAN,2019,188.2,4,5,120,5,70,3.4,9.92857,253.099,662.377,0.342446,0.878889,1.26958,0.382108,0.00686231,0.0241501,0.982593,0.375456,409.278,435.549
"New York, NY & NJ",2019236N10314,DORIAN,2019,441.4,2,5,85,2,70,25,32.9286,1934.76,2011.42,0.759219,1.33462,0.949291,0.961887,0.0183991,0.030822,0.987344,0.949714,76.6607,484.311
"Philadelphia Regional Port, PA",2019236N10314,DORIAN,2019,421.8,2,5,85,2,70,7.5,10.0286,212.919,438.863,0.747863,1.08842,0.596031,0.485161,0.0360382,0.0146171,1.02222,0.495942,225.944,110.653
"Port Everglades, FL",2019236N10314,DORIAN,2019,211.6,5,5,160,4,70,6.5,21.7,273.606,926.153,0.299539,0.785665,1.25531,0.295422,0.00161657,0.0161406,0.985452,0.291124,652.547,648.734
"Port of Charleston, SC",2019236N10314,DORIAN,2019,111.7,3,5,100,3,70,8.66667,17.0143,767.683,1275.35,0.509376,1.04066,1.13554,0.601937,0.0488274,0.0210962,1.02915,0.619486,507.671,625.719
"Port of Palm Beach District, FL",2019236N10314,DORIAN,2019,199.2,5,5,160,5,70,2,4.45714,34.1694,104.062,0.448718,0.564929,1.29532,0.328356,0,0.0187216,0.981278,0.322209,69.8926,57.3675
"Port of Savannah, GA",2019236N10314,DORIAN,2019,163.6,3,5,100,3,70,2.33333,14.5286,63.5617,699.212,0.160603,0.375928,1.50566,0.0909047,0.0447575,0.0124571,1.03381,0.0939785,635.651,586.917
"PortMiami, FL",2019236N10314,DORIAN,2019,242,5,5,160,4,70,9.75,12.9857,340.863,373.978,0.750825,1.13143,1.07293,0.911453,0.00223914,0.0111799,0.991039,0.903286,33.1146,93.1859
"San Juan, PR",2019236N10314,DORIAN,2019,80,1,5,78,2,70,6,6.74286,84.0354,111.263,0.889831,0.756538,1.12195,0.755284,0,0.00853919,0.991461,0.748834,27.2279,12.2578
"South Jersey Port Corp, NJ",2019236N10314,DORIAN,2019,376.9,2,5,85,2,70,7.5,11.8,127.744,385.088,0.635593,1.42487,0.366289,0.331725,0.0399458,0.170332,0.864189,0.286673,257.345,140.329
"Tampa Port Authority, FL",2019236N10314,DORIAN,2019,321.2,5,5,155,4,70,11.75,9.42857,760.241,737.916,1.24621,0.985739,0.838669,1.03025,0,0.00159695,0.998403,1.02861,-22.3252,-181.684
"Virginia, VA, Port of",2019236N10314,DORIAN,2019,184.2,2,5,93,3,70,17.3333,24.7286,780.44,1407.2,0.700944,0.940717,0.841089,0.554605,0.0225172,0.0204566,1.00211,0.555774,626.759,420.832
"New York, NY & NJ",2019239N32287,ERIN,2019,494.6,-4,0,35,1,70,37,33.9714,1284.18,1004.19,1.08915,1.02443,1.14614,1.27882,0.0344893,0.0349076,0.999567,1.27827,-279.99,-89.5239
"South Jersey Port Corp, NJ",2019239N32287,ERIN,2019,463,-1,0,35,1,70,5,12,125.886,195.912,0.416667,0.707556,2.17954,0.642561,0.142124,0.154535,0.985533,0.633266,70.0266,114.282
"Virginia, VA, Port of",2019239N32287,ERIN,2019,400.1,-1,0,35,2,70,23.5,23.3857,875.186,889.169,1.00489,1.15055,0.851318,0.984274,0,0.0235629,0.976437,0.961082,13.9828,-4.34536
"Corpus Christi, TX",2019246N24266,FERNAND,2019,365.4,0,0,45,2,70,16.5,16.2571,1748.77,1268.05,1.01494,1.026,1.32436,1.3791,0.0196194,0.00698996,1.01288,1.39687,-480.72,-18.9428
"Jacksonville, FL",2019256N23286,HUMBERTO,2019,370.3,1,3,75,2,70,10,8.8,431.931,244.841,1.13636,1.11603,1.39102,1.76413,0.0161399,0.0242076,0.9918,1.74966,-187.09,-33.3875
"Port Everglades, FL",2019256N23286,HUMBERTO,2019,339.8,1,3,70,3,70,24.3333,20.3286,720.676,629.966,1.197,1.03504,0.923362,1.14399,0.0144271,0.0132997,1.00114,1.1453,-90.7103,-124.104
"Port of Charleston, SC",2019256N23286,HUMBERTO,2019,467.2,1,3,75,2,70,16.5,16.6143,880.126,857.684,0.993121,0.929066,1.11216,1.02617,0.0112653,0.0243834,0.986733,1.01255,-22.4421,5.89981
"Port of Palm Beach District, FL",2019256N23286,HUMBERTO,2019,316.6,1,3,73,3,70,4.66667,4.01429,108.935,54.2628,1.16251,1.14944,1.50238,2.00754,0,0.0200202,0.97998,1.96735,-54.6723,-8.81852
"Port of Savannah, GA",2019256N23286,HUMBERTO,2019,439.4,1,3,75,2,70,14.5,14.1,407.014,443.912,1.02837,0.987728,0.902665,0.916881,0,0.0132565,0.986743,0.904727,36.8973,-12.5932
"PortMiami, FL",2019256N23286,HUMBERTO,2019,373.1,1,3,65,3,70,11.3333,13.0286,207.259,283.875,0.869883,1.07979,0.777291,0.730104,0.0064046,0.00793601,0.998459,0.728979,76.6168,36.937
"Tampa Port Authority, FL",2019256N23286,HUMBERTO,2019,435.7,1,3,68,2,70,9.5,10.0571,424.597,358.518,0.944602,0.917022,1.36722,1.18431,0,0.001598,0.998402,1.18242,-66.0796,19.8611
"San Juan, PR",2019260N13317,JERRY,2019,393,0,2,63,2,70,5.5,6.71429,110.953,119.955,0.819149,0.8511,1.32671,0.92495,0,0.00931429,0.990686,0.916335,9.00263,21.694
"Beaumont, TX",2019261N28264,IMELDA,2019,102.5,0,0,40,3,70,13,12.1143,1479.01,1569.05,1.07311,0.890564,0.986333,0.942615,0,0.00217101,0.997829,0.940569,90.04,-114.718
"Corpus Christi, TX",2019261N28264,IMELDA,2019,185.5,0,0,40,3,70,16.3333,17.0286,1775.25,2160.46,0.959172,0.844367,1.01458,0.821703,0.0133702,0.00638857,1.00708,0.827518,385.202,88.2065
"Galveston, TX",2019261N28264,IMELDA,2019,59.3,0,0,40,3,70,10.6667,10.3571,1129.99,1268.85,1.02989,0.925514,0.934318,0.890567,0.0363173,0.0459274,0.990028,0.881686,138.854,-37.9196
"Houston Port Authority, TX",2019261N28264,IMELDA,2019,20.6,0,0,40,3,70,66.3333,64.1429,5822.98,5665.06,1.03415,1.06308,0.934957,1.02788,0,0.00197184,0.998028,1.02585,-157.922,-193.462
"Lake Charles Harbor District, LA",2019261N28264,IMELDA,2019,178.4,0,0,40,3,70,6.66667,8.85714,354.833,600.278,0.752688,0.713642,1.10047,0.591115,0.0478167,0.0462742,1.00162,0.592073,245.444,148.456
"New Orleans, LA",2019261N28264,IMELDA,2019,472.7,-1,0,30,2,70,38,30.0429,1364.06,1190.08,1.26486,0.964892,0.939148,1.14619,0.00895487,0.000875342,1.00815,1.15553,-173.974,-315.205
"Port Arthur, TX",2019261N28264,IMELDA,2019,128.9,0,0,40,3,70,5,6.04286,326.552,516.495,0.827423,1.02928,0.742381,0.632246,0,0.00447574,0.995524,0.629416,189.943,89.1351
"Port Freeport, TX",2019261N28264,IMELDA,2019,17.8,0,0,40,3,70,3.66667,6.57143,249.773,657.17,0.557971,0.760812,0.895322,0.380074,0,0.0170953,0.982905,0.373576,407.397,290.488
"Port of Greater Baton Rouge, LA",2019261N28264,IMELDA,2019,342.1,0,0,40,3,70,13.3333,11.2429,961.14,888.562,1.18594,0.860643,1.05978,1.08168,0,0.0020555,0.997944,1.07946,-72.5786,-165.218
"South Louisiana, LA, Port of",2019261N28264,IMELDA,2019,428.1,0,0,40,3,70,39.6667,37.1286,2392.27,2589.91,1.06836,0.977056,0.884888,0.923688,0.00590923,0.0013076,1.00463,0.927964,197.641,-177.045
"Texas City, TX",2019261N28264,IMELDA,2019,49.2,0,0,40,3,70,8,6.38571,1089.63,898.1,1.2528,1.08512,0.892479,1.21326,0,0.0127931,0.987207,1.19774,-191.533,-227.037
"San Juan, PR",2019265N12301,KAREN,2019,76.2,0,0,40,3,70,6,6.74286,126.329,175.905,0.889831,0.94499,0.854064,0.718166,0,0.0120468,0.987953,0.709514,49.576,19.3794
"New York, NY & NJ",2019282N35286,MELISSA,2019,458.4,-2,0,55,2,70,26.5,30.8286,1453.04,1743.16,0.859592,1.03041,0.941103,0.833565,0.0136471,0.0399815,0.973301,0.81131,290.123,244.754
"Philadelphia Regional Port, PA",2019282N35286,MELISSA,2019,494.5,-4,0,43,1,70,8,9.55714,379.2,205.177,0.83707,1.1021,2.00335,1.84816,0,0.0229487,0.977051,1.80575,-174.023,33.4294
"South Jersey Port Corp, NJ",2019282N35286,MELISSA,2019,448,-2,0,50,4,70,11.25,10.5,681.22,661.399,1.07143,0.871635,1.10287,1.02997,0.323371,0.182783,1.20778,1.24397,-19.8212,-47.2428
"Virginia, VA, Port of",2019282N35286,MELISSA,2019,290.6,-4,0,43,2,70,24,25.1,1066.67,941.19,0.956175,1.05556,1.12289,1.13332,0.0372408,0.0219015,1.01593,1.15138,-125.484,41.2474
"Baltimore, MD",2019291N22264,NESTOR,2019,238.9,-4,0,40,2,70,13,16.9429,295.305,481.764,0.767285,0.817204,0.977574,0.612967,0.0528752,0.0294089,1.02478,0.628154,186.459,112.114
"Jacksonville, FL",2019291N22264,NESTOR,2019,239.1,-4,0,40,2,70,6.5,10.1429,97.1379,281.605,0.640845,0.53085,1.01397,0.344944,0.0170556,0.0255392,0.991369,0.341967,184.467,101.14
"Mobile, AL",2019291N22264,NESTOR,2019,223.5,0,0,50,3,70,14,9.47143,661.459,396.357,1.47813,1.01211,1.11551,1.66885,0,0.00993029,0.99007,1.65228,-265.102,-189.51
"New Orleans, LA",2019291N22264,NESTOR,2019,320.3,0,0,50,2,70,31,28.4143,1232.74,1205.59,1.091,1.0277,0.911971,1.02252,0,0.00142594,0.998574,1.02107,-27.1555,-109.709
"New York, NY & NJ",2019291N22264,NESTOR,2019,358.5,-4,0,40,2,70,28,30.4286,1684.72,1703.44,0.920188,1.10458,0.97303,0.989008,0.0360481,0.038301,0.997663,0.986696,18.7246,135.955
"Philadelphia Regional Port, PA",2019291N22264,NESTOR,2019,286.2,-4,0,40,2,70,11,9.65714,311.202,456.445,1.13905,0.946959,0.632088,0.681794,0,0.0212343,0.978766,0.667316,145.244,-63.4702
"Plaquemines Port District, LA",2019291N22264,NESTOR,2019,235.8,0,0,50,2,70,46.5,50.3571,1845.82,2289.15,0.923404,0.947687,0.92142,0.806333,0.0341744,0.0470165,0.986703,0.795612,443.333,175.339
"Port of Charleston, SC",2019291N22264,NESTOR,2019,124.4,-4,0,40,1,70,15,15.2429,382.712,369.306,0.984067,1.01972,1.03272,1.0363,0.0703047,0.0269243,1.04666,1.08466,-13.4062,5.88398
"Port of Greater Baton Rouge, LA",2019291N22264,NESTOR,2019,447.1,0,0,50,2,70,11.5,11.2286,567.577,582.483,1.02417,1.07352,0.886251,0.97441,0.030491,0.0042205,1.0271,1.00081,14.9056,-14.0804
"Port of Savannah, GA",2019291N22264,NESTOR,2019,123.8,-4,0,40,2,70,15,13.7143,494.249,436.449,1.09375,1.0542,0.982134,1.13243,0,0.0171739,0.982826,1.11298,-57.8,-40.9171
"South Jersey Port Corp, NJ",2019291N22264,NESTOR,2019,235.8,-4,0,40,2,70,13.5,11.2571,515.291,378.669,1.19924,0.958267,1.18413,1.36079,0.14519,0.181368,0.957676,1.3032,-136.621,-75.4455
"South Louisiana, LA, Port of",2019291N22264,NESTOR,2019,357.3,0,0,50,2,70,39,36.4714,1907.12,1864.29,1.06933,1.16356,0.822175,1.02297,0,0.001891,0.998109,1.02104,-42.8262,-129.252
"Tampa Port Authority, FL",2019291N22264,NESTOR,2019,388.6,0,0,50,2,70,9,7.77143,391.47,297.619,1.15809,1.1626,0.976936,1.31534,0,0.000721225,0.999279,1.31439,-93.8506,-47.0501
"Virginia, VA, Port of",2019291N22264,NESTOR,2019,35.1,-4,0,40,2,70,32.5,24.5571,1065.67,971.632,1.32344,0.901066,0.919729,1.09679,0.017464,0.0214858,0.995907,1.0923,-94.0403,-314.269
"Beaumont, TX",2019299N25265,OLGA,2019,317,0,0,45,2,70,9.5,11.6,946.006,1029.63,0.818966,0.894273,1.25452,0.91878,0,0.00235027,0.99765,0.916621,83.6262,186.399
"Corpus Christi, TX",2019299N25265,OLGA,2019,434.2,0,0,43,1,70,16,16.9,1055.37,774.153,0.946746,1.21125,1.18881,1.36326,0.016106,0.0081407,1.0081,1.3743,-281.222,41.2271
"Galveston, TX",2019299N25265,OLGA,2019,330.5,0,0,45,2,70,10,10.6286,864.673,875.076,0.94086,1.04265,1.00726,0.988112,0.0386844,0.0436305,0.994855,0.983028,10.4032,51.7518
"Houston Port Authority, TX",2019299N25265,OLGA,2019,410,0,0,45,2,70,55.5,62.9143,3107.4,3817.26,0.882153,0.963727,0.957517,0.814038,0.00984927,0.00217158,1.00775,0.82035,709.867,449.855
"Lake Charles Harbor District, LA",2019299N25265,OLGA,2019,240.3,0,0,45,2,70,10,7.94286,521.637,357.907,1.25899,1.16938,0.989962,1.45746,0.0512382,0.0493747,1.00196,1.46033,-163.729,-92.6954
"Mobile, AL",2019299N25265,OLGA,2019,214,-4,0,45,1,70,11,9.58571,122.15,131.59,1.14754,1.06269,0.761196,0.92826,0,0.00749436,0.992506,0.921303,9.44032,-19.415
"New Orleans, LA",2019299N25265,OLGA,2019,57.1,-4,0,45,1,70,25,27.8,639.372,588.781,0.899281,1.17753,1.02549,1.08593,0,0.00109949,0.998901,1.08473,-50.5911,59.3017
"Plaquemines Port District, LA",2019299N25265,OLGA,2019,128,0,0,45,2,70,48,50.1571,1939.29,2345.34,0.956992,1.10233,0.783821,0.826871,0.0321438,0.0458753,0.985813,0.81514,406.047,100.868
"Port Arthur, TX",2019299N25265,OLGA,2019,291.6,0,0,45,2,70,5.5,5.47143,224.305,275.722,1.00522,1.06721,0.75833,0.813521,0,0.000906743,0.999093,0.812784,51.4162,-1.4398
"Port Freeport, TX",2019299N25265,OLGA,2019,377.9,0,0,45,2,70,8.5,6.92857,752.874,457.701,1.2268,1.02394,1.30945,1.6449,0,0.013839,0.986161,1.62214,-295.173,-103.809
"Port of Greater Baton Rouge, LA",2019299N25265,OLGA,2019,83.8,0,0,45,2,70,9,11.0571,530.105,588.645,0.813953,1.10546,1.00084,0.900552,0,0.00417032,0.99583,0.896797,58.5394,109.515
"South Louisiana, LA, Port of",2019299N25265,OLGA,2019,9.2,0,0,45,2,70,31,36.1143,1264.8,1872.51,0.858386,1.0701,0.73534,0.675456,0,0.00160813,0.998392,0.67437,607.711,265.173
"Texas City, TX",2019299N25265,OLGA,2019,345,0,0,45,2,70,10,6.02857,856.862,599.844,1.65877,0.985112,0.87418,1.42847,0,0.0126791,0.987321,1.41036,-257.018,-395.158
"Baltimore, MD",2020138N28281,ARTHUR,2020,456.1,0,0,50,2,70,16,16.5429,631.947,487.248,0.967185,1.12609,1.19082,1.29697,0.00626918,0.0172048,0.988995,1.2827,-144.699,15.9892
"Jacksonville, FL",2020138N28281,ARTHUR,2020,384.3,0,0,40,3,70,6.66667,7.94286,278.506,337.927,0.839329,0.844503,1.16273,0.824162,0.0208914,0.0266636,0.994105,0.819304,59.4202,54.2952
"New York, NY & NJ",2020138N28281,ARTHUR,2020,490.5,0,0,50,1,70,31,27.3571,772.894,729.017,1.13316,0.873722,1.07082,1.06019,0.0179523,0.0198396,0.998078,1.05815,-43.877,-97.0754
"Philadelphia Regional Port, PA",2020138N28281,ARTHUR,2020,458.9,0,0,50,2,70,10,9.48571,337.508,473.511,1.05422,1.0103,0.669229,0.712778,0.0179697,0.0101113,1.008,0.718482,136.003,-25.6723
"Port Everglades, FL",2020138N28281,ARTHUR,2020,269.2,0,0,35,2,70,23,19.8143,412.332,456.604,1.16078,0.940521,0.827161,0.903041,0.0171637,0.00837046,1.00895,0.911121,44.2717,-73.4122
"Port of Charleston, SC",2020138N28281,ARTHUR,2020,299,0,0,45,2,70,11.5,15.0429,507.501,652.546,0.764482,1.08055,0.941483,0.777724,0.00744252,0.0292186,0.978061,0.760661,145.046,153.686
"Port of Palm Beach District, FL",2020138N28281,ARTHUR,2020,229.2,0,0,35,2,70,3,4.67143,10.8919,52.6759,0.642202,0.991142,0.324852,0.206773,0.00412405,0.0133582,0.990728,0.204855,41.7839,18.8473
"Port of Savannah, GA",2020138N28281,ARTHUR,2020,379,0,0,43,3,70,10.6667,11.6571,528.224,560.224,0.915033,0.986262,1.04479,0.942879,0,0.0126695,0.98733,0.930934,32.0004,47.6008
"PortMiami, FL",2020138N28281,ARTHUR,2020,320.2,0,0,35,2,70,13.5,12.4714,230.909,172.255,1.08247,1.12106,1.10465,1.34051,0.0362871,0.0108711,1.02637,1.37586,-58.6542,-14.2066
"South Jersey Port Corp, NJ",2020138N28281,ARTHUR,2020,410.4,0,0,53,2,70,7.5,9.45714,174.182,347.018,0.793051,0.733628,0.862727,0.501939,0.041229,0.070736,0.969224,0.486491,172.836,71.8149
"Tampa Port Authority, FL",2020138N28281,ARTHUR,2020,358.3,0,0,35,2,70,9.5,10.3429,319.156,341.5,0.918508,0.868039,1.17217,0.934572,0,0.0020859,0.997914,0.932622,22.3438,27.8294
"Virginia, VA, Port of",2020138N28281,ARTHUR,2020,212.8,0,0,50,2,70,24.5,21.3571,753.131,831.253,1.14716,0.970194,0.814059,0.906019,0.0121236,0.0160135,0.996062,0.902452,78.1217,-122.325
"Baltimore, MD",2020148N32281,BERTHA,2020,346.6,-4,0,20,1,70,19,16.3,332.677,243.818,1.16564,1.05749,1.10692,1.36445,0,0.0122422,0.987758,1.34774,-88.8588,-40.387
"Jacksonville, FL",2020148N32281,BERTHA,2020,302,0,0,45,1,70,10,7.37143,106.296,109.431,1.35659,1.01083,0.708358,0.97136,0.0870015,0.0264699,1.0663,1.03576,3.13413,-39.0217
"Philadelphia Regional Port, PA",2020148N32281,BERTHA,2020,476.1,-4,0,20,1,70,6,9.08571,197.327,223.624,0.660377,0.970168,1.3773,0.882405,0,0.00745568,0.992544,0.875826,26.2971,75.9477
"Port of Charleston, SC",2020148N32281,BERTHA,2020,23.4,0,0,45,2,70,15.5,14.7714,676.725,725.506,1.04932,0.991418,0.896614,0.932763,0.0230764,0.0267447,0.996245,0.929261,48.7805,-35.7841
"Port of Savannah, GA",2020148N32281,BERTHA,2020,160.5,0,0,45,2,70,11.5,11.4286,305.324,354.663,1.00625,0.945979,0.904394,0.860885,0,0.0145292,0.985471,0.848377,49.3389,-2.21664
"South Jersey Port Corp, NJ",2020148N32281,BERTHA,2020,484.5,-4,0,20,1,70,6,8.91429,55.6723,152.653,0.673077,0.286685,1.89001,0.364698,0,0.0703114,0.929689,0.339055,96.981,49.9059
"Virginia, VA, Port of",2020148N32281,BERTHA,2020,424.3,-1,0,30,2,70,21.5,21.0143,815.297,828.547,1.02311,0.967676,0.993906,0.984008,0,0.011679,0.988321,0.972516,13.2499,-19.1506
"Beaumont, TX",2020154N19269,CRISTOBAL,2020,311.1,0,0,45,3,70,11,13.5143,1161.93,1461.96,0.813953,0.918124,1.06352,0.79478,0,0.00156575,0.998434,0.793536,300.022,271.992
"Galveston, TX",2020154N19269,CRISTOBAL,2020,415.9,0,0,45,2,70,10.5,10.2857,779.442,735.046,1.02083,1.03393,1.00467,1.0604,0.0246513,0.034921,0.989471,1.04923,-44.3959,-15.3135
"Houston Port Authority, TX",2020154N19269,CRISTOBAL,2020,424.5,0,0,35,1,70,47,53.1286,1536.34,1490.57,0.884646,1.06099,1.09813,1.0307,0,0.00172293,0.998277,1.02893,-45.7655,171.943
"Lake Charles Harbor District, LA",2020154N19269,CRISTOBAL,2020,247.5,0,0,45,3,70,5.33333,5.47143,282.255,475.356,0.974761,0.594976,1.02382,0.593776,0.0424293,0.0260484,1.01711,0.603934,193.101,11.9977
"Mobile, AL",2020154N19269,CRISTOBAL,2020,197.9,0,0,45,2,70,6,7.54286,226.302,202.178,0.795455,1.48397,0.94823,1.11932,0,0.0519048,0.948095,1.06122,-24.1242,41.3545
"New Orleans, LA",2020154N19269,CRISTOBAL,2020,31,0,0,45,2,70,23.5,30.5286,915.063,969.2,0.769771,1.32549,0.925338,0.944142,0,0.0093094,0.990691,0.935353,54.1376,223.138
"Plaquemines Port District, LA",2020154N19269,CRISTOBAL,2020,32.1,0,0,45,3,70,31.3333,48.3857,1546.24,2945.18,0.647574,1.12014,0.723772,0.525007,0.0232071,0.0773688,0.944551,0.495896,1398.94,1037.96
"Port Arthur, TX",2020154N19269,CRISTOBAL,2020,302.5,0,0,45,2,70,4,5.25714,244.989,276.595,0.76087,1.28517,0.905801,0.885731,0,0.00112077,0.998879,0.884739,31.6062,66.1424
"Port Freeport, TX",2020154N19269,CRISTOBAL,2020,475.8,0,0,35,1,70,8,5.85714,261.305,175.126,1.36585,0.883258,1.23681,1.49209,0.128297,0.0191045,1.12526,1.679,-86.1787,-64.0706
"Port of Greater Baton Rouge, LA",2020154N19269,CRISTOBAL,2020,69.1,0,0,45,3,70,4.66667,8.58571,464.333,829.149,0.543539,1.13058,0.911312,0.560011,0,0.00658006,0.99342,0.556327,364.816,378.475
"South Louisiana, LA, Port of",2020154N19269,CRISTOBAL,2020,42.9,0,0,45,3,70,24.3333,29.9714,1104.54,1852.28,0.811884,1.17315,0.626075,0.596313,0,0.00384358,0.996156,0.594021,747.743,348.444
"Texas City, TX",2020154N19269,CRISTOBAL,2020,408.1,0,0,45,2,70,4.5,5.01429,506.688,469.884,0.897436,1.05923,1.13437,1.07833,0,0.00814279,0.991857,1.06954,-36.8039,48.1933
"Baltimore, MD",2020188N28271,FAY,2020,189.4,0,0,50,3,70,15,16.2,700.17,731.128,0.925926,0.925958,1.11697,0.957657,0.0169048,0.0225571,0.99425,0.952151,30.9582,54.1576
"Jacksonville, FL",2020188N28271,FAY,2020,308.7,-3,0,30,3,70,7,7.88571,309.605,308.036,0.887681,1.04751,1.08091,1.00509,0.0444201,0.0235933,1.02179,1.027,-1.569,34.5983
"Mobile, AL",2020188N28271,FAY,2020,267.5,-3,0,30,3,70,7.66667,7.14286,280.139,317.211,1.07333,0.97214,0.846374,0.883132,0.100473,0.0533506,1.05239,0.929395,37.0719,-23.2621
"New Orleans, LA",2020188N28271,FAY,2020,287.9,-3,0,30,2,70,30,28.0857,1000.7,1029.5,1.06816,1.03105,0.882591,0.972023,0.028643,0.00924599,1.01997,0.991434,28.8021,-70.1693
"New York, NY & NJ",2020188N28271,FAY,2020,24.7,0,0,50,2,70,28.5,30.6143,1729.09,1702.9,0.930938,1.03161,1.05728,1.01538,0.0117226,0.0305168,0.980983,0.996066,-26.1838,117.606
"Philadelphia Regional Port, PA",2020188N28271,FAY,2020,63.3,0,0,50,3,70,7.66667,8.05714,532.336,611.728,0.951537,0.816222,1.12045,0.870216,0.00637417,0.0200685,0.986218,0.858223,79.3923,29.6464
"Plaquemines Port District, LA",2020188N28271,FAY,2020,198.5,-3,0,30,2,70,45.5,44.6857,1765.19,1822.5,1.01822,1.04681,0.908684,0.968551,0.0800593,0.0798283,1.00025,0.968794,57.3156,-33.2105
"Port of Charleston, SC",2020188N28271,FAY,2020,33.3,-3,0,35,4,70,12.75,15.0571,1669.67,1578.1,0.846774,1.0171,1.22847,1.05803,0.044666,0.0296389,1.01573,1.07467,-91.5711,241.806
"Port of Greater Baton Rouge, LA",2020188N28271,FAY,2020,390.5,-3,0,28,1,70,9,9.2,245.079,298.388,0.978261,1.0913,0.769355,0.821343,0,0.00689042,0.99311,0.815683,53.3092,6.4867
"Port of Savannah, GA",2020188N28271,FAY,2020,133.7,-3,0,30,4,70,10.25,11.9571,623.729,797.972,0.857228,1.01321,0.899934,0.781642,0.0207527,0.0228249,0.997884,0.779988,174.244,113.928
"South Jersey Port Corp, NJ",2020188N28271,FAY,2020,46.8,0,0,50,3,70,6.33333,8.38571,363.071,469.571,0.755253,0.581934,1.75924,0.773197,0.0649282,0.0756891,0.988492,0.764299,106.5,114.926
"South Louisiana, LA, Port of",2020188N28271,FAY,2020,306.9,-3,0,30,2,70,30.5,30.9714,1170.65,1278.77,0.984779,1.09773,0.846837,0.915447,0.00531207,0.0029173,1.00241,0.917651,108.124,19.4647
"Tampa Port Authority, FL",2020188N28271,FAY,2020,366.9,-3,0,30,2,70,13.5,9.08571,404.282,352.27,1.48585,0.921622,0.838073,1.14765,0.0058527,0.00252825,1.00334,1.15149,-52.0126,-171.15
"Virginia, VA, Port of",2020188N28271,FAY,2020,136.4,0,0,50,4,70,18.75,20.1,1780.79,1573.78,0.932836,1.04858,1.15681,1.13154,0.01995,0.0262705,0.993551,1.12424,-207.014,105.701
"Beaumont, TX",2020205N26272,HANNA,2020,317.6,1,1,80,2,70,13,11.4286,970.521,709.896,1.1375,1.10415,1.0885,1.36713,0,0.00194073,0.998059,1.36448,-260.625,-97.6108
"Corpus Christi, TX",2020205N26272,HANNA,2020,117.5,1,1,80,3,70,8,14.9,816.384,2047.08,0.536913,0.843773,0.880298,0.398803,0,0.00987657,0.990123,0.394864,1230.7,947.979
"Galveston, TX",2020205N26272,HANNA,2020,238.4,1,1,80,3,70,4.33333,9.8,935.12,1099.49,0.442177,1.66711,1.15377,0.850505,0,0.0336946,0.966305,0.821847,164.368,613.32
"Houston Port Authority, TX",2020205N26272,HANNA,2020,306.8,1,1,80,3,70,50,52.4714,4572.03,4439.75,0.9529,1.22463,0.882467,1.02979,0,0.000750491,0.99925,1.02902,-132.278,209.114
"Lake Charles Harbor District, LA",2020205N26272,HANNA,2020,304.8,1,1,80,3,70,5.66667,5.2,198.554,380.134,1.08974,1.24582,0.384736,0.522326,0.02666,0.0514192,0.974563,0.509039,181.58,-34.1146
"New Orleans, LA",2020205N26272,HANNA,2020,422,0,1,50,2,70,23,27.6571,1191.66,957.585,0.831612,1.02635,1.45801,1.24444,0.0158307,0.0127682,1.00311,1.24832,-234.077,161.246
"Plaquemines Port District, LA",2020205N26272,HANNA,2020,384,0,1,50,2,70,34.5,48.2857,1483.81,1944.06,0.714497,0.948301,1.12648,0.763256,0.0329476,0.0749997,0.956515,0.730066,460.245,555.035
"Port Arthur, TX",2020205N26272,HANNA,2020,300.4,1,1,80,2,70,7.5,5.41429,506.199,289.468,1.38522,1.11964,1.12752,1.74872,0,0.00287349,0.997127,1.7437,-216.732,-111.51
"Port Freeport, TX",2020205N26272,HANNA,2020,226.7,1,1,80,3,70,6,5.84286,588.177,535.265,1.02689,1.05201,1.01717,1.09885,0,0.017566,0.982434,1.07955,-52.912,-14.3959
"Port of Greater Baton Rouge, LA",2020205N26272,HANNA,2020,400.2,0,1,55,3,70,8.66667,9.88571,1325.87,802.344,0.876686,0.996034,1.89244,1.6525,0,0.00697851,0.993021,1.64096,-523.527,98.9403
"South Louisiana, LA, Port of",2020205N26272,HANNA,2020,393.2,0,1,53,2,70,28,31.1429,1451.54,1310.17,0.899083,0.9253,1.33174,1.10791,0,0.00512039,0.99488,1.10223,-141.375,132.219
"Texas City, TX",2020205N26272,HANNA,2020,261.1,1,1,80,3,70,3,4.9,615.424,686.991,0.612245,1.16512,1.25582,0.895826,0,0.0351733,0.964827,0.864317,71.5662,266.384
"Baltimore, MD",2020211N13306,ISAIAS,2020,53.1,0,1,60,1,70,11,15.7,204.603,251.541,0.700637,1.15756,1.00292,0.813399,0,0.0164041,0.983596,0.800056,46.9378,75.3022
"Jacksonville, FL",2020211N13306,ISAIAS,2020,161.7,1,1,80,3,70,3.66667,7.81429,101.488,303.746,0.469226,0.679748,1.04755,0.334122,0.00893984,0.0243529,0.984448,0.328926,202.257,161.22
"New York, NY & NJ",2020211N13306,ISAIAS,2020,92.2,0,1,60,2,70,28,30.9714,1397.39,1781.24,0.904059,0.835817,1.03821,0.784503,0.0124867,0.0211539,0.991223,0.777618,383.851,170.894
"Philadelphia Regional Port, PA",2020211N13306,ISAIAS,2020,95.7,0,1,60,2,70,5.5,7.41429,174.47,330.209,0.741811,0.981852,0.725427,0.528364,0,0.0095291,0.990471,0.523329,155.738,85.2562
"Port Everglades, FL",2020211N13306,ISAIAS,2020,105.5,1,1,75,3,70,13.3333,19.4,487.664,602.141,0.687285,1.27509,0.924154,0.809883,0,0.0098,0.9902,0.801946,114.477,188.298
"Port of Charleston, SC",2020211N13306,ISAIAS,2020,90.8,1,1,80,2,70,12,15.7429,773.283,815.41,0.76225,0.953258,1.30513,0.948337,0.0178789,0.0298937,0.987767,0.936735,42.1268,193.863
"Port of Palm Beach District, FL",2020211N13306,ISAIAS,2020,95,1,1,73,3,70,2,5.44286,18.8974,93.7944,0.367454,0.47438,1.15584,0.201477,0,0.0177066,0.982293,0.197909,74.897,59.3293
"Port of Savannah, GA",2020211N13306,ISAIAS,2020,154.6,1,1,80,3,70,6.66667,12.8429,290.004,596.486,0.519095,0.748353,1.25155,0.486187,0,0.0128757,0.987124,0.479927,306.482,286.853
"PortMiami, FL",2020211N13306,ISAIAS,2020,128,1,1,75,3,70,12,13.0571,175.785,262.844,0.919037,1.27586,0.570356,0.66878,0,0.0126132,0.987387,0.660344,87.0594,21.2806
"San Juan, PR",2020211N13306,ISAIAS,2020,226,0,1,63,2,70,4,8.75714,33.4039,208.253,0.45677,0.395545,0.887792,0.1604,0,0.00797525,0.992025,0.159121,174.849,113.13
"South Jersey Port Corp, NJ",2020211N13306,ISAIAS,2020,96.1,0,1,60,1,70,7,8.37143,66.5955,154.968,0.836177,0.563266,0.912412,0.429737,0.138926,0.0622018,1.0891,0.468028,88.3724,25.3872
"Tampa Port Authority, FL",2020211N13306,ISAIAS,2020,261.1,1,1,65,3,70,12.3333,9.07143,793.668,517.748,1.35958,0.766664,1.47065,1.53292,0.0117473,0.00392142,1.00792,1.54506,-275.919,-186.172
"Virginia, VA, Port of",2020211N13306,ISAIAS,2020,99.1,1,1,80,1,70,15,20.9,287.202,496.185,0.717703,1.23151,0.654879,0.578821,0.0100408,0.0104774,0.999559,0.578565,208.983,140.071
"San Juan, PR",2020224N11326,JOSEPHINE,2020,257.2,0,0,35,1,70,9,8.88571,165.453,104.488,1.01286,0.982016,1.59198,1.58346,0.0856048,0.00571819,1.08737,1.7218,-60.965,-1.3439
"Baltimore, MD",2020228N37286,KYLE,2020,375.8,0,0,38,1,70,18,16.0143,268.546,259.499,1.124,0.975849,0.943486,1.03486,0.0211563,0.0284771,0.992521,1.02712,-9.04703,-32.177
"New York, NY & NJ",2020228N37286,KYLE,2020,385.5,0,0,45,2,70,36,30.6857,1782.29,1813.78,1.17318,0.944834,0.886485,0.982638,0.0276294,0.0297351,0.997835,0.98051,31.4918,-314.119
"Philadelphia Regional Port, PA",2020228N37286,KYLE,2020,360.8,0,0,43,2,70,6.5,7.47143,288.307,290.451,0.869981,1.16596,0.978563,0.992618,0.0134949,0.0167792,0.996671,0.989314,2.144,37.7641
"South Jersey Port Corp, NJ",2020228N37286,KYLE,2020,317.9,0,0,43,2,70,12.5,8.52857,431.16,311.485,1.46566,1.43925,0.656192,1.3842,0.0737135,0.0717281,1.00214,1.38717,-119.674,-145.047
"Virginia, VA, Port of",2020228N37286,KYLE,2020,192.4,0,0,40,2,70,23.5,21.3,841.703,1043.61,1.10329,0.88146,0.829335,0.806531,0.0308051,0.0204599,1.01067,0.815139,201.907,-107.791
"Beaumont, TX",2020233N14313,LAURA,2020,85.6,4,4,130,2,70,6,12.5571,135.085,852.65,0.477816,0.740304,0.447884,0.158429,0,0.00392925,0.996071,0.157807,717.565,445.241
"Corpus Christi, TX",2020233N14313,LAURA,2020,444.6,4,4,130,2,70,20,14.9143,1660.25,1334.06,1.341,0.90265,1.02813,1.24451,0.0330403,0.00715075,1.02677,1.27783,-326.185,-454.909
"Galveston, TX",2020233N14313,LAURA,2020,161.7,4,4,130,2,70,0.5,9.92857,79.4808,722.597,0.0503597,2.95469,0.739217,0.109993,0.0317413,0.0319421,0.999793,0.10997,643.116,686.207
"Houston Port Authority, TX",2020233N14313,LAURA,2020,201.9,4,4,130,2,70,5,55.8429,33.1786,3107.06,0.089537,0.116893,1.02028,0.0106784,0,0.000711515,0.999288,0.0106708,3073.88,2828.87
"Lake Charles Harbor District, LA",2020233N14313,LAURA,2020,15.7,4,4,130,2,70,0,3.54286,0,154,0,,,0,0.218135,0.0475549,1.21817,0,154,154
"Mobile, AL",2020233N14313,LAURA,2020,497.3,2,4,85,1,70,8,7.64286,169.946,121.697,1.04673,1.2743,1.04694,1.39646,0.0482554,0.0586426,0.989086,1.38122,-48.2483,-5.68679
"New Orleans, LA",2020233N14313,LAURA,2020,318.3,4,4,130,2,70,20,25.8,855.447,1046.1,0.775194,0.943631,1.11791,0.817748,0,0.00914632,0.990854,0.810269,190.654,235.17
"Plaquemines Port District, LA",2020233N14313,LAURA,2020,356,4,4,130,2,70,52,45.4286,1590.37,1758.49,1.14465,0.968388,0.815893,0.904392,0.0157083,0.0689499,0.945909,0.855472,168.126,-254.373
"Port Arthur, TX",2020233N14313,LAURA,2020,61.9,4,4,130,2,70,0,4.72857,0,301.629,0,,,0,0.0449871,0.00241002,1.04458,0,301.629,301.629
"Port Freeport, TX",2020233N14313,LAURA,2020,223.1,4,4,130,2,70,2,5.97143,8.41161,320.761,0.334928,0.0995688,0.786361,0.0262239,0,0.0165922,0.983408,0.0257888,312.35,213.329
"Port of Greater Baton Rouge, LA",2020233N14313,LAURA,2020,201.3,4,4,130,3,70,9,10.1571,504.305,965.387,0.886076,0.993734,0.593268,0.522387,0.0394103,0.00731241,1.03341,0.539842,461.082,109.981
"PortMiami, FL",2020233N14313,LAURA,2020,455.6,0,4,58,2,70,10,13.0429,121.804,168.037,0.766703,1.14269,0.827374,0.724864,0,0.0118737,0.988126,0.716258,46.2331,39.2026
"San Juan, PR",2020233N14313,LAURA,2020,82.3,0,4,45,3,70,4.66667,8.85714,68.1507,311.96,0.526882,0.395809,1.04755,0.21846,0,0.0079823,0.992018,0.216716,243.809,147.594
"South Louisiana, LA, Port of",2020233N14313,LAURA,2020,270.2,4,4,130,2,70,25.5,32.4,1126.81,1450.91,0.787037,0.990865,0.995861,0.77662,0,0.00259535,0.997405,0.774604,324.106,308.991
"Texas City, TX",2020233N14313,LAURA,2020,159,4,4,130,2,70,0,6.07143,26.0484,493.251,0,,0.99186,0.0528096,0,0.0281167,0.971883,0.0513247,467.202,493.251
"Beaumont, TX",2020234N14280,MARCO,2020,207.1,0,1,35,1,70,6,12.7714,67.557,436.889,0.469799,0.741323,0.443997,0.154632,0,0.00354842,0.996452,0.154083,369.332,231.639
"Galveston, TX",2020234N14280,MARCO,2020,248.8,-1,1,30,1,70,5,9.8,218.985,360.504,0.510204,1.43422,0.830126,0.607442,0,0.0324612,0.967539,0.587723,141.519,176.573
"Houston Port Authority, TX",2020234N14280,MARCO,2020,311,-3,1,25,1,70,32,55.7857,1233.48,1548.32,0.573624,1.12884,1.23029,0.796654,0,0.000619267,0.999381,0.796161,314.845,660.167
"Lake Charles Harbor District, LA",2020234N14280,MARCO,2020,135,0,1,40,2,70,4.5,3.58571,161.231,160.674,1.25498,0.581295,1.37552,1.00346,0.0188632,0.0474372,0.970877,0.974237,-0.556175,-40.9688
"Mobile, AL",2020234N14280,MARCO,2020,211.1,0,1,55,2,70,6,7.81429,306.08,242.023,0.767824,1.54086,1.06894,1.26467,0,0.0602118,0.939788,1.18852,-64.0567,56.1919
"New Orleans, LA",2020234N14280,MARCO,2020,140.7,0,1,55,2,70,14,25.8857,625.187,1045.56,0.540839,1.03886,1.06423,0.597943,0,0.00961972,0.99038,0.592191,420.376,480.082
"Plaquemines Port District, LA",2020234N14280,MARCO,2020,56.4,1,1,65,3,70,31.3333,45.8714,1129.92,2629.75,0.683069,1.49273,0.421394,0.42967,0.01881,0.0714626,0.946338,0.406613,1499.82,833.449
"Port Arthur, TX",2020234N14280,MARCO,2020,181.1,0,1,38,2,70,3.5,4.74286,47.5549,293.928,0.737952,0.443662,0.494167,0.161791,0,0.00221983,0.99778,0.161432,246.374,77.0234
"Port Freeport, TX",2020234N14280,MARCO,2020,310.5,-3,1,25,1,70,5,5.92857,141.251,159.341,0.843373,1.11172,0.945468,0.886467,0,0.0172057,0.982794,0.871215,18.0904,24.957
"Port of Greater Baton Rouge, LA",2020234N14280,MARCO,2020,178.5,0,1,50,2,70,8.5,10.3143,428.411,652.326,0.8241,1.21017,0.658522,0.656743,0.0137465,0.00658955,1.00726,0.661509,223.915,114.744
"South Louisiana, LA, Port of",2020234N14280,MARCO,2020,146.8,0,1,55,2,70,22,32.3,1322.62,1454.12,0.681115,1.26222,1.05799,0.909568,0,0.00344062,0.996559,0.906438,131.5,463.698
"Texas City, TX",2020234N14280,MARCO,2020,254.6,-1,1,30,1,70,2,5.92857,172.169,241.334,0.337349,1.5593,1.35622,0.713406,0.124051,0.0270195,1.11077,0.792432,69.1649,159.92
"Jacksonville, FL",2020244N30279,OMAR,2020,93.5,-1,0,30,2,70,5.5,8.4,115.3,206.125,0.654762,1.0016,0.85295,0.559372,0,0.0197186,0.980281,0.548342,90.8243,71.1621
"Port Everglades, FL",2020244N30279,OMAR,2020,450.8,-3,0,28,2,70,21.5,20.2143,510.681,422.388,1.0636,0.992452,1.14538,1.20903,0.0075431,0.0110795,0.996437,1.20472,-88.2922,-26.8657
"Port of Charleston, SC",2020244N30279,OMAR,2020,300.2,-1,0,30,3,70,21,15.9429,1302.58,1226.68,1.3172,0.927384,0.869287,1.06188,0.0508706,0.029907,1.02209,1.08534,-75.9081,-389.107
"Port of Palm Beach District, FL",2020244N30279,OMAR,2020,390.7,-1,0,30,2,70,5.5,5.57143,62.6838,63.8438,0.987179,0.917551,1.08395,0.98183,0,0.0141459,0.985854,0.967941,1.16006,0.818511
"Port of Savannah, GA",2020244N30279,OMAR,2020,214.9,-1,0,30,3,70,13.6667,11.7857,616.802,612.841,1.1596,0.930703,0.932567,1.00646,0.0182006,0.0200013,0.998166,1.00462,-3.96093,-97.807
"Tampa Port Authority, FL",2020244N30279,OMAR,2020,301.1,-3,0,28,2,70,5.5,6.98571,260.2,300.688,0.787321,1.11475,0.985965,0.865348,0,0.00569529,0.994305,0.86042,40.4881,63.9499
"Virginia, VA, Port of",2020244N30279,OMAR,2020,346.4,0,0,35,2,70,16.5,21.3857,893.614,983.746,0.771543,1.16771,1.00826,0.908379,0.00846421,0.023922,0.98441,0.894217,90.1319,224.744
"Jacksonville, FL",2020256N25281,SALLY,2020,377,0,2,50,6,70,8.33333,8.17143,610.357,570.724,1.01981,1.1457,0.915304,1.06944,0.0243674,0.0257319,0.998601,1.06795,-39.6331,-11.308
"Mobile, AL",2020256N25281,SALLY,2020,51.5,2,2,95,5,70,2.6,8.14286,279.658,873.473,0.319298,0.855264,1.17241,0.320168,0.058089,0.0687082,0.988726,0.316558,593.815,594.575
"New Orleans, LA",2020256N25281,SALLY,2020,194.7,2,2,95,5,70,18.8,24.6857,1992.3,2443.02,0.761574,1.19042,0.899531,0.815508,0,0.0117863,0.988214,0.805897,450.717,582.479
"Plaquemines Port District, LA",2020256N25281,SALLY,2020,134.3,2,2,95,5,70,37.6,48,3005.31,4438.74,0.783333,1.00811,0.85738,0.677062,0.0327824,0.064923,0.96677,0.654564,1433.44,961.728
"Port Everglades, FL",2020256N25281,SALLY,2020,66.5,0,2,50,3,70,17.6667,19.4,590.201,614.135,0.910653,0.942144,1.12012,0.961028,0.00120955,0.0109036,0.990294,0.9517,23.9342,54.8712
"Port of Charleston, SC",2020256N25281,SALLY,2020,139.1,-4,2,30,2,70,14.5,16.6571,590.056,781.299,0.870497,0.978598,0.886553,0.755225,0.0149086,0.0361839,0.978403,0.738914,191.243,101.18
"Port of Greater Baton Rouge, LA",2020256N25281,SALLY,2020,325.8,2,2,95,4,70,11,10.4429,1383.21,1184.91,1.05335,1.07013,1.0356,1.16735,0.0155351,0.0115976,1.004,1.17202,-198.298,-63.2168
"Port of Palm Beach District, FL",2020256N25281,SALLY,2020,124.8,0,2,50,3,70,4.33333,5.25714,75.3399,102.546,0.824275,1.00541,0.886522,0.734695,0,0.0139563,0.986044,0.724441,27.206,18.0198
"Port of Savannah, GA",2020256N25281,SALLY,2020,203.4,-1,2,33,2,70,14,12.1429,460.053,411.207,1.15294,1.10057,0.8817,1.11879,0.00686686,0.0136126,0.993208,1.11119,-48.8453,-62.8905
"PortMiami, FL",2020256N25281,SALLY,2020,12.2,0,2,50,3,70,13.6667,13.5143,200.721,253.598,1.01128,0.809866,0.966417,0.791493,0.0117753,0.00837929,1.00344,0.794213,52.8769,-2.85945
"South Louisiana, LA, Port of",2020256N25281,SALLY,2020,239.5,2,2,95,4,70,29.5,33.1571,3167.31,2949.83,0.889703,1.08053,1.11689,1.07373,0.00105763,0.0036653,0.99739,1.07092,-217.48,325.358
"Tampa Port Authority, FL",2020256N25281,SALLY,2020,176,1,2,75,4,70,3.75,7.35714,254.944,671.41,0.509709,1.02503,0.726773,0.379715,0,0.00497937,0.995021,0.377824,416.466,329.186
"Beaumont, TX",2020261N21265,BETA,2020,17.1,0,0,55,6,70,11.8333,11.6571,2743.16,2285.37,1.01511,0.936588,1.2625,1.20031,0,0.00183545,0.998165,1.19811,-457.79,-34.5419
"Corpus Christi, TX",2020261N21265,BETA,2020,118.7,0,0,55,4,70,10.5,14.2286,2154.42,2662.38,0.737952,0.996334,1.10059,0.809209,0.00197487,0.0108438,0.991114,0.802018,507.958,697.672
"Galveston, TX",2020261N21265,BETA,2020,52.6,0,0,55,6,70,5.5,11.3,1283.7,2313.85,0.486726,1.26193,0.903251,0.554789,0.011706,0.0350476,0.976382,0.541686,1030.15,1187.64
"Houston Port Authority, TX",2020261N21265,BETA,2020,41.7,0,0,55,6,70,34.5,54.1714,5388.47,9013.98,0.636867,0.997289,0.941195,0.597791,0,0.000555957,0.999444,0.597458,3625.51,3273.27
"Lake Charles Harbor District, LA",2020261N21265,BETA,2020,62,0,0,55,6,70,0.166667,3.54286,7.43346,415.943,0.047043,1.12309,0.338257,0.0178713,0.128679,0.0936974,1.04015,0.0185888,408.51,396.376
"Mobile, AL",2020261N21265,BETA,2020,276,-4,0,25,3,70,10.6667,8.3,381.763,565,1.28514,0.904093,0.581541,0.675685,0.0284886,0.0742551,0.952891,0.643855,183.238,-161.105
"New Orleans, LA",2020261N21265,BETA,2020,220.7,0,0,55,7,70,25.2857,23.8143,3619.58,3103.72,1.06179,1.07239,1.0242,1.16621,0.00917345,0.0111944,0.99796,1.16383,-515.858,-191.772
"Plaquemines Port District, LA",2020261N21265,BETA,2020,307.8,0,0,55,6,70,57.6667,48.7571,6173.19,5442.84,1.18273,1.07534,0.891767,1.13419,0.041767,0.0607346,0.980206,1.11173,-730.35,-994.586
"Port Arthur, TX",2020261N21265,BETA,2020,42.4,0,0,55,6,70,3.66667,5.75714,1086.6,926.12,0.63689,1.10309,1.67004,1.17328,0.00483507,0.0046755,1.00016,1.17347,-160.476,336.283
"Port Freeport, TX",2020261N21265,BETA,2020,12.3,0,0,55,6,70,2.5,5.81429,405.037,954.52,0.429975,1.0042,0.982754,0.424335,0,0.0108977,0.989102,0.419711,549.483,544.1
"Port of Greater Baton Rouge, LA",2020261N21265,BETA,2020,101.2,0,0,55,7,70,10.7143,10.2571,2499.97,1850.88,1.04457,1.07089,1.20746,1.35069,0.00925618,0.0122652,0.996963,1.34659,-649.092,-82.4905
"South Louisiana, LA, Port of",2020261N21265,BETA,2020,187,0,0,55,7,70,38.8571,33.3714,4474.04,5180.71,1.16438,1.03839,0.714253,0.863596,0.00129334,0.00463791,0.996651,0.860704,706.672,-851.624
"Texas City, TX",2020261N21265,BETA,2020,29.8,0,0,55,6,70,3.66667,5.15714,939.267,1331.17,0.710988,0.852173,1.16457,0.705598,0.0290943,0.0406847,0.988062,0.697174,391.898,384.723
"Beaumont, TX",2020279N16284,DELTA,2020,104,3,4,105,2,70,6,11.0286,260.208,721.465,0.544041,1.16228,0.570378,0.360667,0.0238942,0.00157248,1.02287,0.368915,461.256,328.958
"Corpus Christi, TX",2020279N16284,DELTA,2020,366.2,3,4,105,1,70,9,13.6143,496.984,660.176,0.66107,1.3433,0.84774,0.752805,0.00531731,0.00976368,0.99553,0.74944,163.192,223.753
"Galveston, TX",2020279N16284,DELTA,2020,136.4,3,4,105,2,70,8,11.0857,499.919,760.267,0.721649,1.19969,0.759519,0.657558,0.00673399,0.032781,0.973776,0.640314,260.347,211.621
"Houston Port Authority, TX",2020279N16284,DELTA,2020,202.4,3,4,105,2,70,52,53.1714,2738.94,3016.07,0.977969,1.11621,0.831896,0.908114,0,0.000833551,0.999166,0.907357,277.134,66.4475
"Lake Charles Harbor District, LA",2020279N16284,DELTA,2020,25.4,3,4,105,2,70,0,3.21429,0,142.637,0,,,0,0.0606461,0.0910058,0.96768,0,142.637,142.637
"Mobile, AL",2020279N16284,DELTA,2020,369.7,2,4,85,3,70,9.66667,8.92857,737.342,541.439,1.08267,1.06483,1.18125,1.36182,0.0876699,0.0805973,1.00775,1.37238,-195.903,-44.759
"New Orleans, LA",2020279N16284,DELTA,2020,252.4,3,4,100,3,70,26.3333,23.7429,1088.36,1344.56,1.10911,0.93314,0.782116,0.809452,0,0.0117765,0.988224,0.79992,256.203,-146.699
"Plaquemines Port District, LA",2020279N16284,DELTA,2020,330.4,3,4,100,2,70,36,53.1429,1265.24,1893.78,0.677419,0.820483,1.20203,0.668104,0.0308975,0.0521732,0.978046,0.653436,628.539,610.897
"Port Arthur, TX",2020279N16284,DELTA,2020,81,3,4,105,2,70,1,4.97143,4.58767,272.648,0.201149,0.107941,0.774972,0.0168264,0.0130471,0.00347899,1.00969,0.0169895,268.06,217.805
"Port Freeport, TX",2020279N16284,DELTA,2020,190.8,3,4,105,2,70,6,5.52857,179.651,308.977,1.08527,0.934718,0.573172,0.581439,0,0.00998541,0.990015,0.575633,129.326,-26.3468
"Port of Greater Baton Rouge, LA",2020279N16284,DELTA,2020,121.2,3,4,103,3,70,6.66667,10.8571,539.313,973.774,0.614035,0.857725,1.05158,0.553838,0.0259228,0.0117869,1.01451,0.561875,434.461,375.843
"South Louisiana, LA, Port of",2020279N16284,DELTA,2020,209.8,3,4,103,3,70,33.3333,34.4,1750.59,2240.7,0.968992,0.967813,0.833083,0.781268,0,0.00347303,0.996527,0.778555,490.113,69.4791
"Texas City, TX",2020279N16284,DELTA,2020,145.8,3,4,105,2,70,5.5,5.32857,405.947,473.871,1.03217,1.10571,0.750614,0.856662,0.0303409,0.024547,1.00598,0.86178,67.924,-15.2452
"Baltimore, MD",2020299N18277,ZETA,2020,158.8,-4,3,45,2,70,17.5,15.6429,576.145,502.936,1.11872,1.00744,1.01644,1.14556,0.0303988,0.0274155,1.00308,1.14909,-73.2089,-59.7093
"Beaumont, TX",2020299N18277,ZETA,2020,354.9,3,3,100,2,70,13,11.4429,914.291,822.582,1.13608,1.06863,0.915525,1.11149,0,0.00177647,0.998224,1.10951,-91.7081,-111.937
"Galveston, TX",2020299N18277,ZETA,2020,391.9,3,3,100,2,70,11,10.6,925.92,706.627,1.03774,0.899396,1.40393,1.31034,0.062844,0.0259234,1.0394,1.36196,-219.293,-26.6652
"Houston Port Authority, TX",2020299N18277,ZETA,2020,466,3,3,100,1,70,47,53.5714,1228.89,1514.99,0.877333,1.03839,0.890389,0.811154,0,0.00145168,0.998548,0.809976,286.101,185.839
"Lake Charles Harbor District, LA",2020299N18277,ZETA,2020,274.4,3,3,100,2,70,5.5,4.05714,241.394,217.63,1.35563,0.849964,0.962639,1.10919,0.113007,0.0610863,1.05854,1.17412,-23.7634,-77.3968
"Mobile, AL",2020299N18277,ZETA,2020,111.5,3,3,100,2,70,5,10.2857,175.094,371.072,0.486111,0.911029,1.06548,0.471859,0.263791,0.0804564,1.24903,0.589364,195.979,190.69
"New Orleans, LA",2020299N18277,ZETA,2020,18.7,3,3,100,2,70,18,24.5,686.533,955.019,0.734694,1.23769,0.790552,0.718869,0,0.0108004,0.9892,0.711105,268.486,253.372
"New York, NY & NJ",2020299N18277,ZETA,2020,237.6,-4,3,45,2,70,33.5,32.4857,1941.64,1876.19,1.03122,1.01668,0.987083,1.03488,0.0203898,0.0204209,0.999968,1.03485,-65.4441,-58.5794
"Philadelphia Regional Port, PA",2020299N18277,ZETA,2020,149.2,-4,3,45,2,70,7,8.14286,265.621,362.879,0.859649,1.24106,0.686098,0.731983,0,0.00798488,0.992015,0.726138,97.2576,50.9304
"Plaquemines Port District, LA",2020299N18277,ZETA,2020,99.6,3,3,100,2,70,33.5,51.4857,1005.34,1795.64,0.650666,1.19204,0.72185,0.55988,0.0200819,0.0540195,0.965367,0.54049,790.297,627.279
"Port Arthur, TX",2020299N18277,ZETA,2020,331.5,3,3,100,2,70,7.5,5.02857,365.265,316.308,1.49148,0.988816,0.783006,1.15478,0,0.00459116,0.995409,1.14947,-48.9568,-155.458
"Port Freeport, TX",2020299N18277,ZETA,2020,447.5,3,3,100,1,70,9,6.11429,237.367,175.368,1.47196,1.07406,0.856137,1.35353,0,0.0160403,0.98396,1.33182,-61.9985,-82.7672
"Port of Charleston, SC",2020299N18277,ZETA,2020,409.4,0,3,45,1,70,14,16.3429,283.663,341.384,0.856643,0.883163,1.0983,0.830923,0.0596798,0.0321387,1.02929,0.85526,57.7201,48.9396
"Port of Greater Baton Rouge, LA",2020299N18277,ZETA,2020,137.2,3,3,100,2,70,5.5,11.5,314.32,699.324,0.478261,0.922338,1.01892,0.449462,0,0.0098173,0.990183,0.44505,385.004,364.865
"Port of Savannah, GA",2020299N18277,ZETA,2020,423.4,0,3,53,1,70,11,11.8286,183.222,201.017,0.929952,1.11398,0.879852,0.911477,0,0.0136291,0.986371,0.899055,17.7945,14.0809
"South Jersey Port Corp, NJ",2020299N18277,ZETA,2020,99.3,-4,3,45,2,70,4.5,8.6,108.086,318.535,0.523256,0.973208,0.666332,0.339321,0.0528739,0.0708412,0.98103,0.332884,210.449,151.86
"South Louisiana, LA, Port of",2020299N18277,ZETA,2020,61.8,3,3,100,2,70,27,33.2571,1323.53,1313.03,0.811856,1.27172,0.97631,1.00799,0,0.00125065,0.998749,1.00673,-10.494,247.04
"Texas City, TX",2020299N18277,ZETA,2020,403.5,3,3,100,2,70,4,6.01429,432.44,511.328,0.665083,1.01093,1.25785,0.845719,0.0184001,0.0143886,1.00409,0.849175,78.8884,171.252
"Virginia, VA, Port of",2020299N18277,ZETA,2020,193.8,0,3,45,2,70,24.5,24.1571,1159.51,1139.36,1.01419,1.02155,0.982273,1.01769,0.00244298,0.015587,0.986824,1.00428,-20.151,-16.1707
"Jacksonville, FL",2020306N15288,ETA,2020,23.3,0,4,63,3,70,6.33333,9.71429,222.215,379.341,0.651961,1.01458,0.885601,0.585792,0.0107122,0.028803,0.981713,0.57508,157.126,132.026
"Port Everglades, FL",2020306N15288,ETA,2020,141.4,1,4,65,5,70,12.8,17.5286,851.641,1001.59,0.730236,1.06946,1.08878,0.850292,0.00113695,0.0119967,0.989128,0.841047,149.946,270.192
"Port of Charleston, SC",2020306N15288,ETA,2020,125.5,0,4,40,2,70,16,16.0714,694.096,651.279,0.995556,0.988235,1.08324,1.06574,0.117547,0.0288878,1.10047,1.17282,-42.8171,2.89457
"Port of Palm Beach District, FL",2020306N15288,ETA,2020,200.2,1,4,65,5,70,3.8,5.1,65.2999,156.376,0.745098,0.630927,0.888278,0.417581,0.00390899,0.0104673,0.993416,0.414832,91.0765,39.8607
"Port of Savannah, GA",2020306N15288,ETA,2020,87.3,0,4,53,2,70,12.5,11.8,391.286,410.482,1.05932,0.978689,0.919448,0.953235,0.0609035,0.011218,1.05291,1.00367,19.1962,-24.3506
"PortMiami, FL",2020306N15288,ETA,2020,81.5,1,4,65,5,70,12.8,13.0714,447.959,427.971,0.979235,1.08441,0.985699,1.0467,0.0137534,0.0120839,1.00169,1.04848,-19.9877,8.88683
"Tampa Port Authority, FL",2020306N15288,ETA,2020,112.2,1,4,65,4,70,8.75,8.21429,754.14,637.373,1.06522,1.0484,1.05949,1.1832,0.00154234,0.004637,0.996901,1.17953,-116.767,-41.5678
"Virginia, VA, Port of",2020306N15288,ETA,2020,334.7,0,4,40,1,70,30,24.1714,654.65,575.777,1.24113,0.940254,0.974295,1.13699,0.0277044,0.0147652,1.01331,1.15212,-78.873,-138.84
"Jacksonville, FL",2021165N32282,BILL,2021,380.9,-3,0,20,2,70,9.5,11.3,240.661,297.086,0.840708,1.03597,0.930103,0.810072,0.00478013,0.0257073,0.978972,0.793038,56.4249,47.3234
"Port of Charleston, SC",2021165N32282,BILL,2021,220.4,-1,0,28,2,70,18.5,21.8429,1016.69,1018.59,0.846959,0.952205,1.23765,0.998135,0.0356914,0.0259103,1.01014,1.00826,1.89962,155.886
"Port of Savannah, GA",2021165N32282,BILL,2021,285.9,-3,0,23,2,70,15,16.4,552.315,570.296,0.914634,1.01139,1.04694,0.968471,0.0213146,0.0117324,1.00979,0.977953,17.981,48.6838
"Virginia, VA, Port of",2021165N32282,BILL,2021,361.7,0,0,38,1,70,28,29.8714,318.769,673.06,0.937351,0.612049,0.825534,0.473612,0,0.0417062,0.958294,0.45386,354.29,42.1668
"Baltimore, MD",2021169N23268,CLAUDETTE,2021,351.7,0,0,40,1,70,24,19.5143,307.014,271.905,1.22987,0.894573,1.02628,1.12913,0.0203709,0.0395001,0.980473,1.10708,-35.1097,-62.5022
"Beaumont, TX",2021169N23268,CLAUDETTE,2021,317.9,0,0,40,2,70,13,12.3714,875.924,1048.66,1.05081,0.798588,0.995376,0.835283,0,0.00191501,0.998085,0.833683,172.732,-53.2804
"Galveston, TX",2021169N23268,CLAUDETTE,2021,367.1,0,0,40,2,70,16,12.1714,1166.57,862.508,1.31455,0.948086,1.08523,1.35253,0.0403493,0.0409827,0.99934,1.35164,-304.063,-271.305
"Houston Port Authority, TX",2021169N23268,CLAUDETTE,2021,429.3,0,0,40,2,70,75,75,4866.92,4227.26,1,1.02526,1.12295,1.15132,0.00136142,0.00207318,0.999287,1.1505,-639.657,0
"Jacksonville, FL",2021169N23268,CLAUDETTE,2021,408.2,0,0,35,2,70,9,11.0286,285.658,279.467,0.816062,1.06301,1.1783,1.02215,0,0.0242485,0.975752,0.997367,-6.19106,51.4045
"Lake Charles Harbor District, LA",2021169N23268,CLAUDETTE,2021,237.8,0,0,40,2,70,9,9.31429,595.953,542.518,0.966258,1.2251,0.92797,1.09849,0.0127975,0.0199482,0.992757,1.09054,-53.4343,18.3058
"Mobile, AL",2021169N23268,CLAUDETTE,2021,114,0,0,40,3,70,18.3333,13.3143,849.915,544.393,1.37697,1.00888,1.12383,1.56122,0,0.00722932,0.992771,1.54993,-305.522,-205.218
"New Orleans, LA",2021169N23268,CLAUDETTE,2021,37.7,0,0,40,3,70,26,34.5714,1594.9,1801.69,0.752066,0.952984,1.23513,0.885226,0,0.00416765,0.995832,0.881536,206.787,446.699
"New York, NY & NJ",2021169N23268,CLAUDETTE,2021,373.3,0,0,40,2,70,33.5,38.6286,1930.14,2090.57,0.867234,1.11581,0.95411,0.923262,0.0250614,0.0385398,0.986175,0.910498,160.427,277.557
"Philadelphia Regional Port, PA",2021169N23268,CLAUDETTE,2021,362.6,0,0,40,2,70,14.5,12.4571,808.311,510.454,1.16399,1.0771,1.26304,1.58352,0.0248048,0.0300874,0.994583,1.57494,-297.858,-83.7097
"Plaquemines Port District, LA",2021169N23268,CLAUDETTE,2021,119.3,0,0,40,3,70,48.3333,55.8429,2832.71,3274.46,0.865524,0.979437,1.02048,0.865091,0.0250119,0.0461126,0.978358,0.846369,441.753,440.336
"Port Arthur, TX",2021169N23268,CLAUDETTE,2021,294,0,0,40,2,70,7.5,9.1,390.294,536.594,0.824176,1.14064,0.773707,0.727354,0,0.000718735,0.999281,0.726831,146.3,94.3462
"Port Freeport, TX",2021169N23268,CLAUDETTE,2021,426.6,0,0,40,2,70,7,8.54286,728.033,621.197,0.819398,0.900284,1.58872,1.17198,0,0.0071463,0.992854,1.16361,-106.836,112.189
"Port of Charleston, SC",2021169N23268,CLAUDETTE,2021,169.5,0,0,40,2,70,18.5,21.7571,974.803,1004.61,0.850295,1.08182,1.05487,0.970333,0.0280785,0.0261977,1.00194,0.97221,29.8041,150.394
"Port of Greater Baton Rouge, LA",2021169N23268,CLAUDETTE,2021,94.8,0,0,40,3,70,11.3333,11.2,1097.31,946.48,1.0119,1.02554,1.11719,1.15936,0,0.00478973,0.99521,1.1538,-150.827,-11.2676
"Port of Savannah, GA",2021169N23268,CLAUDETTE,2021,233.8,0,0,40,2,70,17,16.6286,560.487,581.143,1.02234,0.905932,1.04134,0.964457,0.0147519,0.0088835,1.00596,0.970201,20.6558,-12.9808
"South Jersey Port Corp, NJ",2021169N23268,CLAUDETTE,2021,314.6,0,0,40,2,70,11.5,13.3286,306.829,415.312,0.862808,1.24102,0.689967,0.738793,0.129484,0.0853716,1.05067,0.77623,108.483,56.9774
"South Louisiana, LA, Port of",2021169N23268,CLAUDETTE,2021,13.6,0,0,40,3,70,33.6667,40.4429,2020.93,2394.31,0.83245,1.0041,1.0098,0.844054,0,0.00231574,0.997684,0.842099,373.383,401.166
"Texas City, TX",2021169N23268,CLAUDETTE,2021,373.4,0,0,40,2,70,7.5,6.24286,563.84,613.237,1.20137,0.985005,0.776982,0.919449,0.107061,0.00398979,1.11543,1.02558,49.3969,-123.489
"Virginia, VA, Port of",2021169N23268,CLAUDETTE,2021,100.3,0,0,40,1,70,26,30.2857,688.023,672.449,0.858491,1.13545,1.04964,1.02316,0,0.0339881,0.966012,0.988385,-15.574,95.1579
"Jacksonville, FL",2021179N30287,DANNY,2021,244.5,0,0,40,2,70,11,11.0857,413.399,275.064,0.992268,1.17707,1.28678,1.50292,0.0228873,0.0231648,0.999716,1.50249,-138.335,2.12678
"Port of Charleston, SC",2021179N30287,DANNY,2021,91.4,0,0,40,2,70,23,20.8143,952.263,955.931,1.10501,0.990904,0.909772,0.996163,0.0181638,0.0292667,0.988692,0.984898,3.66796,-100.383
"Port of Savannah, GA",2021179N30287,DANNY,2021,52.1,0,0,40,2,70,11.5,16.9714,363.615,587.609,0.677609,1.04604,0.873019,0.618804,0.0130362,0.00851356,1.00458,0.621639,223.995,189.44
"Baltimore, MD",2021182N09317,ELSA,2021,146.5,0,1,50,2,70,18.5,19.6429,600.402,529.604,0.941818,1.14525,1.05105,1.13368,0.00744431,0.030759,0.97651,1.10705,-70.7978,30.8133
"Jacksonville, FL",2021182N09317,ELSA,2021,151.3,1,1,65,3,70,9.33333,11.2,369.822,429.552,0.833333,0.859114,1.20256,0.860946,0.0240534,0.026229,0.997771,0.859027,59.7308,71.5921
"Mobile, AL",2021182N09317,ELSA,2021,449.9,0,1,55,1,70,15,13.2286,269.682,186.665,1.13391,1.18593,1.07437,1.44474,0.0100803,0.00879305,1.0013,1.44662,-83.0173,-24.9962
"New York, NY & NJ",2021182N09317,ELSA,2021,90.9,0,1,50,1,70,39,38.9857,1057.82,1056.06,1.00037,1.19552,0.837545,1.00167,0.00826768,0.0422091,0.965776,0.967384,-1.75869,-0.386978
"Philadelphia Regional Port, PA",2021182N09317,ELSA,2021,94,0,1,50,1,70,10,13.1,348.714,268.078,0.763359,0.94232,1.80834,1.30079,0,0.0336848,0.966315,1.25697,-80.6352,63.4384
"Port Everglades, FL",2021182N09317,ELSA,2021,254.7,1,1,65,3,70,20,23.5857,726.972,817.342,0.847971,1.12388,0.933287,0.889435,0.0150395,0.0193578,0.995616,0.885536,90.3694,124.26
"Port of Charleston, SC",2021182N09317,ELSA,2021,120.5,0,1,55,3,70,23.6667,20.3,1377.53,1406.09,1.16585,0.98452,0.85354,0.979692,0.0235645,0.032987,0.99035,0.970238,28.5552,-233.194
"Port of Palm Beach District, FL",2021182N09317,ELSA,2021,261.4,1,1,65,3,70,9,5.8,283.161,144.947,1.55172,0.993351,1.26738,1.95355,0,0.0202508,0.979749,1.91399,-138.214,-79.9705
"Port of Savannah, GA",2021182N09317,ELSA,2021,100.6,0,1,55,2,70,13.5,17.2143,609.767,611.482,0.784232,0.98287,1.29372,0.997194,0,0.0123239,0.987676,0.984904,1.71594,131.938
"PortMiami, FL",2021182N09317,ELSA,2021,241.1,1,1,65,3,70,16.6667,16.3143,408.294,344.637,1.0216,1.22482,0.946802,1.18471,0.00882246,0.012128,0.996665,1.18076,-63.6567,-7.44401
"San Juan, PR",2021182N09317,ELSA,2021,359.9,1,1,70,1,70,15,12.0571,157.92,128.022,1.24408,1.07607,0.921435,1.23354,0,0.00969985,0.9903,1.22157,-29.8981,-31.247
"South Jersey Port Corp, NJ",2021182N09317,ELSA,2021,59.4,0,1,50,2,70,11,13.0286,547.811,388.118,0.844298,1.37912,1.21218,1.41146,0.0135219,0.0768038,0.935851,1.32091,-159.693,60.4306
"Tampa Port Authority, FL",2021182N09317,ELSA,2021,114,1,1,65,3,70,11.3333,12.4143,545.068,742.533,0.912927,1.00521,0.79991,0.734067,0,0.00752844,0.992472,0.72854,197.464,64.6547
"Virginia, VA, Port of",2021182N09317,ELSA,2021,80.2,0,1,50,2,70,30.5,31.0571,1598.07,1337.13,0.982061,1.09149,1.11497,1.19515,0.00209011,0.0271097,0.974928,1.16518,-260.939,23.9872
"Baltimore, MD",2021222N14301,FRED,2021,241.7,-3,0,25,2,70,17,18.7571,298.523,528.964,0.906321,0.64142,0.970794,0.564355,0.0101934,0.0279577,0.982053,0.554226,230.441,49.5526
"Jacksonville, FL",2021222N14301,FRED,2021,359.5,0,0,55,2,70,9,10.8857,298.304,271.627,0.826772,1.04438,1.27187,1.09821,0.0100411,0.0180994,0.99186,1.08927,-26.6765,47.0536
"Mobile, AL",2021222N14301,FRED,2021,258.5,0,0,55,2,70,12.5,13.6143,352.366,401.934,0.918153,0.878482,1.08691,0.876678,0.0281145,0.0129989,1.01555,0.890312,49.5675,32.897
"New Orleans, LA",2021222N14301,FRED,2021,443.6,0,0,55,2,70,31,37.2143,912.346,1218.48,0.833013,0.980258,0.916954,0.748755,0,0.0136094,0.986391,0.738565,306.138,203.47
"New York, NY & NJ",2021222N14301,FRED,2021,208.4,-3,0,25,3,70,38,38.4857,2829.18,3310.91,0.987379,0.901575,0.959903,0.854503,0.0320557,0.0377085,0.99416,0.849512,481.728,41.7857
"Philadelphia Regional Port, PA",2021222N14301,FRED,2021,250.4,-3,0,25,3,70,10.6667,11.1143,768.203,767.798,0.959726,0.876201,1.18981,1.00053,0.00491066,0.0250114,0.9798,0.980318,-0.405492,30.9224
"Plaquemines Port District, LA",2021222N14301,FRED,2021,375.4,0,0,55,3,70,58.3333,64.5286,3483.6,3221.78,0.903992,0.902558,1.32523,1.08127,0.0255731,0.0364759,0.988811,1.06917,-261.818,309.315
"Port Everglades, FL",2021222N14301,FRED,2021,393.2,0,0,40,3,70,21.6667,23.7286,830.017,843.263,0.913105,0.96977,1.11156,0.984293,0.0095889,0.0136474,0.995902,0.980259,13.2454,73.2757
"Port of Charleston, SC",2021222N14301,FRED,2021,437,-1,0,25,2,70,22,20.2429,938.429,896.543,1.0868,0.932751,1.03256,1.04672,0.0336069,0.0325295,1.00111,1.04789,-41.8857,-77.8227
"Port of Palm Beach District, FL",2021222N14301,FRED,2021,425.2,0,0,45,3,70,6.66667,5.81429,85.5623,141.593,1.1466,0.916571,0.574991,0.604282,0.0346703,0.0198002,1.0154,0.61359,56.0311,-20.7578
"Port of Savannah, GA",2021222N14301,FRED,2021,386.6,0,0,55,3,70,17.6667,17.1714,1071.43,902.114,1.02884,1.06824,1.08065,1.18769,0.00618713,0.00703769,0.999144,1.18668,-169.319,-26.0177
"PortMiami, FL",2021222N14301,FRED,2021,333.6,0,0,40,3,70,16.6667,14.7286,313.861,301.486,1.13159,1.12849,0.815235,1.04105,0,0.0132722,0.986728,1.02723,-12.3751,-39.6718
"San Juan, PR",2021222N14301,FRED,2021,124.8,0,0,40,2,70,10,12.3143,195.482,280.289,0.812065,1.16106,0.739699,0.69743,0.020485,0.0108455,1.00984,0.704293,84.8071,52.6761
"South Jersey Port Corp, NJ",2021222N14301,FRED,2021,296.1,-3,0,25,3,70,9.66667,12.7286,398.804,624.182,0.759446,0.775711,1.08455,0.638923,0.0086144,0.0784906,0.929517,0.593889,225.378,150.149
"South Louisiana, LA, Port of",2021222N14301,FRED,2021,488.5,0,0,55,2,70,43,42.2714,1532.85,1442.62,1.01724,1.00699,1.03729,1.06255,0,0.0107013,0.989299,1.05118,-90.2312,-24.8643
"Tampa Port Authority, FL",2021222N14301,FRED,2021,323,0,0,55,4,70,10.5,12.7714,863.844,1019.46,0.822148,1.05286,0.97892,0.847357,0.00195549,0.00243944,0.999515,0.846946,155.613,181.313
"Virginia, VA, Port of",2021222N14301,FRED,2021,487.5,-3,0,20,1,70,30,29.7714,506.621,646.516,1.00768,0.847552,0.91752,0.783616,0.0050143,0.0301439,0.974744,0.763825,139.895,-4.96365
"San Juan, PR",2021225N15313,GRACE,2021,158.2,-1,3,33,2,70,9.5,12.4571,121.744,286.526,0.762615,0.822242,0.677606,0.424895,0,0.0107585,0.989242,0.420324,164.783,68.0172
"Baltimore, MD",2021227N36297,HENRI,2021,307.6,1,1,65,3,70,20,18.9571,935.473,798.496,1.05501,1.05185,1.05572,1.17154,0,0.0360336,0.963966,1.12933,-136.978,-43.9263
"New York, NY & NJ",2021227N36297,HENRI,2021,88.7,1,1,65,3,70,44,38.9143,3808.78,3368.44,1.13069,1.01918,0.981215,1.13073,0.0160468,0.0418286,0.973798,1.1011,-440.342,-440.222
"Philadelphia Regional Port, PA",2021227N36297,HENRI,2021,179.5,1,1,65,3,70,11.3333,11.2571,493.192,761.755,1.00677,1.04028,0.618191,0.647442,0.00534167,0.02708,0.978145,0.633292,268.563,-5.1557
"South Jersey Port Corp, NJ",2021227N36297,HENRI,2021,223.9,1,1,65,4,70,15,12.6857,1032.74,821.21,1.18243,1.16827,0.91037,1.25759,0.0403847,0.0908743,0.947386,1.19142,-211.535,-149.815
"Virginia, VA, Port of",2021227N36297,HENRI,2021,439.1,1,1,65,2,70,31.5,30.1714,1426.24,1285.48,1.04403,1.19755,0.887397,1.1095,0.00919194,0.0325933,0.976382,1.0833,-140.762,-56.605
"Baltimore, MD",2021239N17281,IDA,2021,34,-4,4,40,2,70,17.5,18.7571,382.856,514.705,0.932978,0.909663,0.876445,0.743834,0.0178472,0.0471278,0.970187,0.721659,131.85,34.4966
"Beaumont, TX",2021239N17281,IDA,2021,326,4,4,130,2,70,8,12.5857,624.068,1147.73,0.635641,1.2998,0.658112,0.543739,0,0.00184499,0.998155,0.542736,523.666,418.187
"Galveston, TX",2021239N17281,IDA,2021,413.5,4,4,130,2,70,10.5,13.2429,1072.75,1028.89,0.79288,1.17947,1.1149,1.04263,0.0385219,0.0321728,1.0066,1.04952,-43.8621,213.103
"Houston Port Authority, TX",2021239N17281,IDA,2021,448.8,4,4,125,2,70,70,80.9857,3521.2,4257.39,0.86435,0.959042,0.997747,0.82708,0,0.00264596,0.997354,0.824892,736.186,577.515
"Lake Charles Harbor District, LA",2021239N17281,IDA,2021,251.6,4,4,130,3,70,7.33333,9.82857,412.806,852.794,0.746124,0.764833,0.84825,0.484063,0.0211471,0.034982,0.985866,0.477221,439.988,216.504
"Mobile, AL",2021239N17281,IDA,2021,254.5,4,4,130,3,70,4.66667,13.9571,411.864,653.077,0.334357,1.46517,1.28733,0.630651,0.0140771,0.0056615,1.00854,0.636034,241.214,434.717
"New Orleans, LA",2021239N17281,IDA,2021,59.5,4,4,130,3,70,16,41.5571,398.974,2091.89,0.385012,0.811286,0.610601,0.190724,0.125299,0.00446488,1.13814,0.217072,1692.91,1286.48
"New York, NY & NJ",2021239N17281,IDA,2021,57.8,-4,4,40,2,70,43.5,39.2857,2345.67,2251.06,1.10727,1.06971,0.879746,1.04203,0.0162971,0.0510119,0.96471,1.00525,-94.6077,-241.478
"Philadelphia Regional Port, PA",2021239N17281,IDA,2021,56.7,-4,4,40,2,70,13.5,11.5286,716.448,516.495,1.171,1.21625,0.97395,1.38714,0.0126121,0.0365776,0.975728,1.35347,-199.953,-88.3225
"Plaquemines Port District, LA",2021239N17281,IDA,2021,67.2,4,4,130,4,70,24.5,71.3143,1431.72,4995.05,0.34355,1.02015,0.817833,0.286627,0.12917,0.0261419,1.11831,0.320538,3563.33,3279
"Port Arthur, TX",2021239N17281,IDA,2021,310.8,4,4,130,2,70,6,9.57143,434.578,577.387,0.626866,0.898692,1.33603,0.752663,0,0.000740295,0.99926,0.752106,142.809,215.443
"Port Freeport, TX",2021239N17281,IDA,2021,476.4,4,4,125,2,70,9,8.17143,830.376,601.803,1.1014,1.11036,1.12827,1.37981,0.00839149,0.0160342,0.992293,1.36918,-228.573,-61.022
"Port of Greater Baton Rouge, LA",2021239N17281,IDA,2021,50.7,4,4,130,3,70,9,13.1571,656.971,1058.12,0.684039,0.627844,1.4457,0.620885,0.125309,0.00619044,1.13618,0.70544,401.149,334.324
"PortMiami, FL",2021239N17281,IDA,2021,450.1,1,4,70,2,70,14,15.1,188.549,196.846,0.927152,0.87716,1.17779,0.957852,0.0179448,0.0134932,1.00453,0.962194,8.29664,14.3398
"South Jersey Port Corp, NJ",2021239N17281,IDA,2021,60.6,-4,4,40,2,70,14,12.5857,501.586,379.352,1.11237,1.1227,1.05874,1.32222,0.011111,0.0972967,0.912846,1.20698,-122.234,-42.6287
"South Louisiana, LA, Port of",2021239N17281,IDA,2021,16.1,4,4,130,3,70,26.6667,47.2714,503.18,2455.05,0.564118,0.627926,0.578609,0.204957,0.184123,0.00198151,1.22325,0.250713,1951.87,1070.11
"Tampa Port Authority, FL",2021239N17281,IDA,2021,494,1,4,80,1,70,13,11.8143,216.512,240.598,1.10036,1.05502,0.775164,0.899889,0,0.00336299,0.996637,0.896863,24.0864,-24.1471
"Texas City, TX",2021239N17281,IDA,2021,413.2,4,4,130,2,70,6.5,6.07143,486.982,618.501,1.07059,0.92311,0.796703,0.787358,0,0.00160329,0.998397,0.786096,131.519,-43.6589
"Virginia, VA, Port of",2021239N17281,IDA,2021,285.1,-4,4,38,2,70,27,30.5857,1370.8,1198.1,0.882765,1.08309,1.19666,1.14415,0,0.0437359,0.956264,1.09411,-172.706,140.459
"Jacksonville, FL",2021252N28273,MINDY,2021,96.9,0,0,50,2,70,13,11.3571,341.747,291.107,1.14465,1.02686,0.998775,1.17396,0.0309618,0.0184933,1.01287,1.18906,-50.6401,-42.1098
"Mobile, AL",2021252N28273,MINDY,2021,267.6,0,0,50,2,70,10,12.8571,197.278,435.586,0.777778,0.940068,0.619426,0.452902,0.0555457,0.00748112,1.05089,0.475951,238.308,96.7969
"New Orleans, LA",2021252N28273,MINDY,2021,362.2,0,0,50,2,70,36.5,41.1429,868.962,1381.95,0.887153,0.954559,0.742518,0.628794,0.0939084,0.00243884,1.10095,0.69227,512.989,155.949
"Plaquemines Port District, LA",2021252N28273,MINDY,2021,283,0,0,50,2,70,78.5,70.7714,2292.65,2525.07,1.1092,1.11923,0.731361,0.907956,0.0992412,0.0275943,1.07954,0.980175,232.419,-275.75
"Port of Charleston, SC",2021252N28273,MINDY,2021,158.8,0,0,35,2,70,20,19.4143,939.432,898.873,1.03017,0.952109,1.06555,1.04512,0.0421839,0.0297297,1.013,1.05871,-40.5597,-27.1183
"Port of Greater Baton Rouge, LA",2021252N28273,MINDY,2021,491.8,0,0,35,1,70,19,12.1857,637.877,331.684,1.5592,0.864398,1.42691,1.92315,0,0.00462677,0.995373,1.91425,-306.193,-185.478
"Port of Savannah, GA",2021252N28273,MINDY,2021,82.9,0,0,50,2,70,19,18.0143,696.725,635.182,1.05472,1.01279,1.02685,1.09689,0.0200688,0.00883988,1.01146,1.10946,-61.5436,-34.7562
"South Louisiana, LA, Port of",2021252N28273,MINDY,2021,402.4,0,0,45,2,70,40,48.5571,901.563,1667.14,0.823772,0.930874,0.705224,0.540785,0.054207,0.00164075,1.05558,0.570841,765.575,293.797
"Tampa Port Authority, FL",2021252N28273,MINDY,2021,325.4,0,0,50,2,70,14,10.6714,444.854,445.938,1.31191,0.7696,0.988037,0.997571,0.0343874,0.00238919,1.03314,1.03063,1.08324,-139.094
"Beaumont, TX",2021256N21265,NICHOLAS,2021,6.1,1,1,65,5,70,9.6,12.6429,2677.77,2837.07,0.759322,1.08631,1.14426,0.943853,0,0.00132372,0.998676,0.942604,159.292,682.819
"Corpus Christi, TX",2021256N21265,NICHOLAS,2021,116.3,1,1,65,3,70,17.6667,19.7143,2824.69,3279.26,0.896135,0.905008,1.06211,0.86138,0.00165619,0.00554781,0.996102,0.858023,454.57,340.599
"Galveston, TX",2021256N21265,NICHOLAS,2021,39.8,1,1,65,5,70,12.2,13.0143,2594.82,2629.83,0.937431,0.995876,1.0569,0.986686,0.0411039,0.0353667,1.00598,0.99259,35.0126,164.545
"Houston Port Authority, TX",2021256N21265,NICHOLAS,2021,43.9,1,1,65,5,70,77.4,80.7571,9403.97,10638.7,0.958429,1.05517,0.87406,0.883944,0.00107245,0.00270999,0.998361,0.882495,1234.68,442.258
"Lake Charles Harbor District, LA",2021256N21265,NICHOLAS,2021,44,1,1,65,5,70,10.2,9.22857,1954.57,1441.3,1.10526,1.06612,1.15086,1.35611,0.0243162,0.0365676,0.987443,1.33908,-513.264,-151.716
"Mobile, AL",2021256N21265,NICHOLAS,2021,360.8,-1,1,25,3,70,14.3333,12.3,558.024,664.32,1.16531,0.936724,0.769523,0.839993,0.0170099,0.00728163,1.0099,0.848306,106.296,-109.82
"New Orleans, LA",2021256N21265,NICHOLAS,2021,165.6,0,1,35,4,70,44.25,38.0429,2675.02,2481.65,1.16316,1.10488,0.838744,1.07792,0.00186825,0.0070525,0.994806,1.07232,-193.364,-404.911
"Plaquemines Port District, LA",2021256N21265,NICHOLAS,2021,205.2,-1,1,30,3,70,84,67.1857,4186.9,3616.11,1.25027,1.18826,0.779357,1.15785,0.00299173,0.0314243,0.971482,1.12483,-570.787,-904.989
"Port Arthur, TX",2021256N21265,NICHOLAS,2021,27.7,1,1,65,5,70,6.4,9.27143,1183.57,1400.4,0.690293,0.998069,1.22673,0.845165,0,0.000620206,0.99938,0.84464,216.832,433.715
"Port Freeport, TX",2021256N21265,NICHOLAS,2021,12.3,1,1,65,5,70,6.6,8.15714,1170.18,1566.28,0.809107,0.871209,1.05988,0.747109,0.00733127,0.0159705,0.991297,0.740607,396.098,298.992
"Port of Greater Baton Rouge, LA",2021256N21265,NICHOLAS,2021,77.8,1,1,65,4,70,20.25,12.0857,2041.04,1402.51,1.67553,1.05411,0.823959,1.45527,0,0.0162422,0.983758,1.43163,-638.525,-947.443
"South Louisiana, LA, Port of",2021256N21265,NICHOLAS,2021,120.3,0,1,50,4,70,52.5,47.2,3531.34,3166.33,1.11229,1.11225,0.901497,1.11528,0.0019101,0.00801471,0.993884,1.10846,-365.004,-355.542
"Texas City, TX",2021256N21265,NICHOLAS,2021,16.9,1,1,65,5,70,3,6.57143,1104.23,1576.32,0.456522,1.29507,1.18484,0.70051,0,0.000353528,0.999646,0.700262,472.093,856.697
"New York, NY & NJ",2021259N30286,ODETTE,2021,479.6,0,0,40,1,70,35,40.0286,1275.84,1148.79,0.874375,1.19329,1.06441,1.11059,0.00839623,0.0360547,0.972107,1.07961,-127.045,144.317
"Philadelphia Regional Port, PA",2021259N30286,ODETTE,2021,478.3,0,0,40,2,70,11.5,10.7857,367.837,491.698,1.06623,0.931402,0.753304,0.748095,0,0.0208058,0.979194,0.73253,123.861,-32.5628
"Port of Charleston, SC",2021259N30286,ODETTE,2021,441.9,-3,0,30,2,70,21,19.2857,1084.31,907.385,1.08889,1.08298,1.01334,1.19498,0.0198263,0.0303968,0.989216,1.18209,-176.92,-80.6564
"South Jersey Port Corp, NJ",2021259N30286,ODETTE,2021,433.7,0,0,40,2,70,15.5,11.9714,484.002,384.309,1.29475,0.834857,1.16511,1.25941,0.111818,0.0721419,1.04467,1.31567,-99.6931,-113.275
"Virginia, VA, Port of",2021259N30286,ODETTE,2021,303.3,0,0,40,3,70,27.6667,29.1714,1832.39,1673.87,0.948417,1.02043,1.13113,1.0947,0.0216073,0.0269003,0.99459,1.08878,-158.516,86.3441
"San Juan, PR",2021262N16307,PETER,2021,250.6,0,0,45,3,70,12.6667,12.4429,445.724,357.759,1.01799,1.22516,0.998939,1.24588,0.0128029,0.0072843,1.00559,1.25284,-87.9651,-6.435
"New York, NY & NJ",2021299N33284,WANDA,2021,340,-4,0,60,1,70,41,40.4143,1301.26,1205.74,1.01449,1.14992,0.925103,1.07922,0.00747189,0.0375008,0.969745,1.04656,-95.5142,-17.4745
"Philadelphia Regional Port, PA",2021299N33284,WANDA,2021,419.1,-4,0,60,1,70,15,11.5857,342.044,242.828,1.2947,1.139,0.955188,1.40858,0,0.0165291,0.983471,1.3853,-99.2157,-71.561
"Port of Charleston, SC",2021299N33284,WANDA,2021,354.1,-4,0,40,1,70,22,20.5571,496.927,464.893,1.07019,0.945286,1.05661,1.06891,0.00605245,0.0273997,0.978523,1.04595,-32.0342,-32.6297
"Port of Savannah, GA",2021299N33284,WANDA,2021,455.5,-4,0,35,1,70,18,18.5,310.323,327.755,0.972973,1.12603,0.864198,0.946813,0.0215951,0.0103211,1.01152,0.957723,17.4322,8.85824
"South Jersey Port Corp, NJ",2021299N33284,WANDA,2021,415.7,-4,0,58,1,70,11,12.2571,215.385,189.507,0.897436,1.45118,0.872702,1.13656,0,0.0926734,0.907327,1.03123,-25.8783,19.4366
"Virginia, VA, Port of",2021299N33284,WANDA,2021,360.8,-4,0,45,2,70,24,30.9857,795.998,1180.6,0.77455,1.1369,0.765661,0.674232,0.0171591,0.0274425,0.989537,0.667177,384.602,266.166
"Jacksonville, FL",2022154N21273,ALEX,2022,364.4,0,0,45,2,70,15,12.3286,445.519,337.819,1.21669,1.04837,1.03392,1.31881,0.0160804,0.0415496,0.974115,1.28467,-107.701,-73.2006
"Port Everglades, FL",2022154N21273,ALEX,2022,95.9,0,0,45,2,70,21,24.8143,604.475,581.813,0.846287,1.13632,1.08038,1.03895,0.00565974,0.0298621,0.97566,1.01366,-22.6621,89.4324
"Port of Palm Beach District, FL",2022154N21273,ALEX,2022,57.4,0,0,45,2,70,2.5,5.3,51.9694,67.7663,0.471698,1.12459,1.44569,0.766891,0.00314057,0.0393544,0.963672,0.739032,15.7969,35.801
"PortMiami, FL",2022154N21273,ALEX,2022,140,0,0,45,2,70,16,15.6571,148.288,164.509,1.0219,0.944381,0.934031,0.901397,0.00393203,0.0255296,0.978317,0.881852,16.2211,-3.60238
"Tampa Port Authority, FL",2022154N21273,ALEX,2022,175.6,0,0,43,2,70,10,12.3429,288.423,409.446,0.810185,1.02209,0.850669,0.704422,0.00395795,0.0209089,0.982982,0.692434,121.023,77.719
"Jacksonville, FL",2022183N32280,COLIN,2022,196.7,0,0,35,2,70,13.5,13.3714,300.87,362.982,1.00962,0.851678,0.963967,0.828884,0.168603,0.0351643,1.1605,0.961919,62.1121,-3.49021
"Port of Charleston, SC",2022183N32280,COLIN,2022,13,0,0,35,2,70,20,17.9571,530.693,738.113,1.11376,0.761559,0.847664,0.718985,0.224775,0.0381508,1.24074,0.892071,207.421,-83.97
"Port of Savannah, GA",2022183N32280,COLIN,2022,41.3,0,0,35,2,70,19,19.1571,483.414,643.204,0.991797,0.804498,0.941939,0.751572,0.158267,0.0315632,1.15053,0.864704,159.79,5.27609
"Tampa Port Authority, FL",2022183N32280,COLIN,2022,468.1,-1,0,33,1,70,14,11.7714,144.531,190.841,1.18932,0.788385,0.807701,0.757335,0.00823946,0.0256222,0.982473,0.744061,46.3105,-36.1301
"Virginia, VA, Port of",2022183N32280,COLIN,2022,415.3,0,0,35,1,70,28,26.1143,660.039,416.141,1.07221,1.18276,1.2507,1.58609,0,0.0330872,0.966913,1.53361,-243.897,-30.0496
"Corpus Christi, TX",2022232N20266,UNNAMED,2022,338,-3,-3,30,2,70,22,21.7286,3014.71,2507.36,1.01249,0.949182,1.25109,1.20235,0.00262867,0.0214416,0.981138,1.17967,-507.357,-31.3213
"San Juan, PR",2022246N18301,EARL,2022,207.6,0,2,60,4,70,11,11.4143,435.107,513.108,0.963705,0.926593,0.94963,0.847984,0,0.0172019,0.982798,0.833397,78.0007,18.6234
"San Juan, PR",2022257N16312,FIONA,2022,111.9,2,4,95,4,70,6.5,11.9143,235.71,536.716,0.545564,0.742001,1.08488,0.43917,0,0.00191119,0.998089,0.438331,301.007,243.903
"Jacksonville, FL",2022266N12294,IAN,2022,219.8,5,5,140,3,70,2.66667,13.4143,145.475,608.163,0.198793,0.642834,1.87184,0.239204,0.0198753,0.0210956,0.998755,0.238906,462.688,487.264
"Port Everglades, FL",2022266N12294,IAN,2022,169.7,5,5,140,4,70,20,22.1286,658.34,933.084,0.903809,0.891407,0.875743,0.705553,0.00806619,0.0146642,0.993348,0.700859,274.744,89.7543
"Port of Charleston, SC",2022266N12294,IAN,2022,83.7,1,5,75,3,70,10.3333,17.8143,464.273,1276.94,0.580059,0.811249,0.772637,0.363582,0.00987452,0.0180326,0.991761,0.360586,812.67,536.241
"Port of Palm Beach District, FL",2022266N12294,IAN,2022,127.1,5,5,140,4,70,3.75,5.14286,163.742,138.787,0.729167,0.928835,1.742,1.17981,0,0.0142883,0.985712,1.16295,-24.9554,37.5881
"Port of Savannah, GA",2022266N12294,IAN,2022,201.4,1,5,75,3,70,5,18.3,131.076,997.317,0.273224,0.441134,1.09044,0.131428,0,0.0150926,0.984907,0.129445,866.241,724.826
"PortMiami, FL",2022266N12294,IAN,2022,199.9,5,5,140,4,70,16,17.0571,264.141,399.19,0.938023,1.07686,0.655063,0.661694,0.00224471,0.00746812,0.994765,0.65823,135.048,24.7404
"Tampa Port Authority, FL",2022266N12294,IAN,2022,101.2,5,5,140,4,70,1.75,12.3286,69.0621,1050.06,0.141947,0.836088,0.554175,0.0657694,0,0.00470614,0.995294,0.0654599,981.002,901.011
"Virginia, VA, Port of",2022266N12294,IAN,2022,350.8,1,5,70,2,70,23,26.7143,950.218,843.719,0.860963,1.2712,1.02903,1.12622,0,0.0114374,0.988563,1.11334,-106.498,117.309
"Jacksonville, FL",2022311N21293,NICOLE,2022,180.8,1,1,65,2,70,11,12.6286,374.324,371.173,0.871041,1.11364,1.03965,1.00849,0,0.018441,0.981559,0.989891,-3.15057,47.8662
"Mobile, AL",2022311N21293,NICOLE,2022,339.1,0,1,38,2,70,17.5,15.1286,372.306,521.968,1.15675,0.90906,0.678303,0.713274,0.00981258,0.0275647,0.982072,0.700486,149.662,-81.8193
"Port Everglades, FL",2022311N21293,NICOLE,2022,143.3,1,1,65,2,70,13,25.0286,203.73,568.738,0.519406,0.889744,0.775123,0.358214,0.0143335,0.0110391,1.00334,0.359412,365.008,273.332
"Port of Charleston, SC",2022311N21293,NICOLE,2022,419.3,0,1,38,2,70,13,19.0286,661.684,928.368,0.683183,0.956658,1.09053,0.712739,0.0229001,0.0187406,1.00426,0.715773,266.684,294.123
"Port of Palm Beach District, FL",2022311N21293,NICOLE,2022,96.5,1,1,65,2,70,0.5,5.88571,1.75757,88.7272,0.0849515,0.139016,1.67734,0.0198088,0.00823967,0.0139429,0.994249,0.0196948,86.9696,81.1897
"Port of Savannah, GA",2022311N21293,NICOLE,2022,336.9,0,1,62,2,70,13.5,18.1143,474.382,673.94,0.745268,1.11312,0.8485,0.703894,0.0767371,0.0105026,1.07174,0.754391,199.557,171.674
"PortMiami, FL",2022311N21293,NICOLE,2022,200.4,1,1,65,2,70,13.5,16.7714,56.5635,204.255,0.80494,0.966445,0.355977,0.276925,0,0.00695121,0.993049,0.275,147.692,39.842
"San Juan, PR",2022311N21293,NICOLE,2022,254,-3,1,35,1,70,8,10.6571,104.95,124.582,0.75067,0.976323,1.14944,0.842421,0,0.0050884,0.994912,0.838134,19.6315,31.062
"Tampa Port Authority, FL",2022311N21293,NICOLE,2022,56.7,1,1,65,3,70,10.6667,11.9714,1088.89,1022,0.89101,1.15229,1.03774,1.06545,0.00155515,0.00231727,0.999237,1.06463,-66.886,111.388
"South Jersey Port Corp, NJ",2023015N36289,UNNAMED,2023,477.4,-4,-2,45,1,70,20,13.6714,312.094,259.462,1.4629,0.836175,0.983328,1.20285,0.0173687,0.0766916,0.939629,1.13023,-52.6319,-120.106
"Virginia, VA, Port of",2023015N36289,UNNAMED,2023,451.9,-4,-2,45,1,70,23,28.9429,463.786,554.411,0.794669,1.11705,0.942383,0.836539,0,0.015771,0.984229,0.823346,90.6244,113.838
"Mobile, AL",2023152N26274,ARLENE,2023,334.7,0,0,35,2,70,9,13.5429,307.623,511.943,0.664557,0.944667,0.957165,0.600894,0.0466096,0.0475786,0.998984,0.600283,204.319,171.728
"New Orleans, LA",2023152N26274,ARLENE,2023,411.1,0,0,35,2,70,34.5,29.4714,1378.24,1146,1.17063,1.0418,0.986146,1.20266,0,0.000881462,0.999119,1.2016,-232.248,-195.536
"Plaquemines Port District, LA",2023152N26274,ARLENE,2023,328.9,0,0,35,3,70,64.3333,53.0714,3561.26,2968.18,1.2122,1.01876,0.971556,1.19981,0.0368409,0.0432101,0.993387,1.19188,-593.082,-629.856
"Port Everglades, FL",2023152N26274,ARLENE,2023,408.1,-3,0,25,2,70,23,26.5,669.306,594.547,0.867925,1.00394,1.29196,1.12574,0.00679972,0.010308,0.996468,1.12176,-74.7587,78.5251
"Port of Palm Beach District, FL",2023152N26274,ARLENE,2023,453.8,-3,0,25,1,70,2,6,22.3229,40.4895,0.333333,0.929878,1.7787,0.551324,0,0.0119737,0.988026,0.544723,18.1667,26.993
"PortMiami, FL",2023152N26274,ARLENE,2023,360.6,-3,0,25,2,70,12,14.9143,108.488,201.618,0.804598,0.906776,0.737517,0.538086,0.0428895,0.0112211,1.03309,0.555889,93.1301,39.3966
"South Louisiana, LA, Port of",2023152N26274,ARLENE,2023,449.8,-1,0,33,2,70,45,40.9,1739.65,1977.59,1.10024,0.93481,0.855291,0.879684,0,0.00105365,0.998946,0.878757,237.935,-198.242
"Tampa Port Authority, FL",2023152N26274,ARLENE,2023,349.4,0,0,35,4,70,10.5,10.7857,699.446,873.951,0.97351,1.00284,0.819778,0.800326,0,0.00149234,0.998508,0.799132,174.505,23.151
"San Juan, PR",2023232N13300,FRANKLIN,2023,397,0,4,60,7,70,11.4286,12.0571,737.847,867.923,0.947867,0.935826,0.95839,0.850129,0.0070709,0.0110329,0.99601,0.846737,130.076,45.2472
"Beaumont, TX",2023234N25271,HAROLD,2023,424.3,0,0,50,1,70,18,14.3714,901.851,602.447,1.25249,0.991169,1.20586,1.49698,0,0.00500181,0.994998,1.48949,-299.404,-152.109
"Corpus Christi, TX",2023234N25271,HAROLD,2023,83,0,0,50,2,70,24.5,22.9,3203.62,2775.3,1.06987,1.06735,1.01086,1.15433,0,0.00644349,0.993557,1.14689,-428.319,-193.908
"Galveston, TX",2023234N25271,HAROLD,2023,311.1,0,0,50,1,70,13,12.0143,452.024,416.28,1.08205,0.882583,1.13704,1.08587,0.0337119,0.0471127,0.986132,1.07081,-35.7439,-34.1538
"Houston Port Authority, TX",2023234N25271,HAROLD,2023,354,0,0,50,1,70,67,78.4714,2175.89,2350.27,0.853814,0.955213,1.13515,0.925802,0,0.00361899,0.996381,0.922451,174.386,343.577
"Lake Charles Harbor District, LA",2023234N25271,HAROLD,2023,449.6,0,0,50,1,70,9,9.95714,279.731,354.225,0.903874,1.07561,0.812268,0.789697,0.0139798,0.0507654,0.962693,0.760236,74.4945,34.0503
"Port Arthur, TX",2023234N25271,HAROLD,2023,420.6,0,0,50,1,70,9,8.64286,241.415,234.102,1.04132,1.36926,0.723246,1.03124,0,0.00483346,0.995167,1.02625,-7.31279,-9.67364
"Port Freeport, TX",2023234N25271,HAROLD,2023,274.5,0,0,50,2,70,5,8.12857,167.459,628.332,0.615114,0.861583,0.502881,0.266513,0.00753614,0.0209845,0.986449,0.262902,460.874,241.836
"Texas City, TX",2023234N25271,HAROLD,2023,329.3,0,0,50,1,70,6,7.91429,315.185,407.295,0.758123,1.03372,0.98745,0.773849,0.0219445,0.0049557,1.01737,0.78729,92.1103,98.5154
"Jacksonville, FL",2023239N21274,IDALIA,2023,125.7,4,4,115,2,70,8.5,13.3429,121.604,366.89,0.637045,0.492622,1.05616,0.331446,0.0574282,0.035661,1.02309,0.3391,245.286,133.165
"Mobile, AL",2023239N21274,IDALIA,2023,423.3,4,4,115,1,70,12,14.1571,301.332,285.852,0.847629,1.10226,1.12827,1.05415,0.0431756,0.0253356,1.01865,1.07381,-15.4798,43.5556
"Plaquemines Port District, LA",2023239N21274,IDALIA,2023,499.9,3,4,105,1,70,46,56.2571,893.144,1080.5,0.817674,0.963411,1.04931,0.826604,0.0131101,0.0351529,0.977664,0.808141,187.354,197.003
"Port Everglades, FL",2023239N21274,IDALIA,2023,430.3,4,4,115,2,70,23.5,26.0857,496.929,487.112,0.900876,1.01098,1.1201,1.02015,0.0186404,0.0123076,1.00645,1.02674,-9.81705,48.2844
"Port of Charleston, SC",2023239N21274,IDALIA,2023,23.4,3,4,100,2,70,9,16.1143,279.723,581.892,0.558511,0.921621,0.933904,0.480713,0.0158367,0.026274,0.989395,0.475615,302.169,256.899
"Port of Palm Beach District, FL",2023239N21274,IDALIA,2023,418.2,4,4,115,2,70,5.5,4.6,85.6362,62.2613,1.19565,1.1755,0.978613,1.37543,0.0503453,0.0378999,1.01311,1.39346,-23.3749,-12.1816
"Port of Savannah, GA",2023239N21274,IDALIA,2023,64.7,4,4,115,2,70,7.5,18.6857,94.334,698.307,0.401376,0.358698,0.938299,0.13509,0,0.0127535,0.987246,0.133367,603.973,418.023
"PortMiami, FL",2023239N21274,IDALIA,2023,433.2,3,4,105,2,70,12.5,13.7571,100.47,160.889,0.908619,1.02455,0.670801,0.624468,0.0043347,0.0131302,0.991166,0.618952,60.4189,14.7022
"Tampa Port Authority, FL",2023239N21274,IDALIA,2023,215.7,4,4,115,2,70,2,11.6,49.0656,420.07,0.172414,0.29219,2.31856,0.116803,0,0.00407642,0.995924,0.116327,371.005,347.644
"Virginia, VA, Port of",2023239N21274,IDALIA,2023,358.1,0,4,55,1,70,26,29.8286,605.88,526.034,0.871648,0.99067,1.33384,1.15179,0,0.0148718,0.985128,1.13466,-79.8464,67.5178
"Baltimore, MD",2023265N29284,OPHELIA,2023,61.1,0,0,50,2,70,20,19.9429,593.071,568.863,1.00287,1.15286,0.901738,1.04256,0,0.0140373,0.985963,1.02792,-24.2085,-1.62998
"New York, NY & NJ",2023265N29284,OPHELIA,2023,316.4,-4,0,25,1,70,42,43.4286,1272.05,1188.15,0.967105,1.06886,1.0357,1.07061,0.00683846,0.0231269,0.983599,1.05305,-83.8981,39.0839
"Philadelphia Regional Port, PA",2023265N29284,OPHELIA,2023,205.7,0,0,40,2,70,11.5,12.2714,368.175,498.08,0.937136,1.11438,0.707813,0.739189,0,0.00437553,0.995624,0.735954,129.905,31.3112
"Port of Charleston, SC",2023265N29284,OPHELIA,2023,285.9,0,0,60,3,70,17.6667,15.4714,908.841,833.466,1.14189,1.04707,0.912008,1.09044,0.0234228,0.0249325,0.998454,1.08875,-75.3747,-118.26
"Port of Palm Beach District, FL",2023265N29284,OPHELIA,2023,486.3,-4,0,30,1,70,7,3.3,43.9329,22.6283,2.12121,0.900499,1.01641,1.9415,0.031901,0.086498,0.943604,1.83201,-21.3046,-25.3711
"Port of Savannah, GA",2023265N29284,OPHELIA,2023,420.4,0,0,60,2,70,20,16.9,749.432,596.574,1.18343,1.03279,1.02781,1.25623,0.00853392,0.00783464,1.00071,1.25711,-152.858,-109.431
"South Jersey Port Corp, NJ",2023265N29284,OPHELIA,2023,185,0,0,45,2,70,15.5,12.8429,882.731,418.626,1.2069,1.67297,1.04435,2.10864,0.034588,0.0797152,0.953256,2.01007,-464.105,-86.6123
"Virginia, VA, Port of",2023265N29284,OPHELIA,2023,113.6,0,0,60,3,70,23,27.3857,1610.97,1558.74,0.839854,1.12747,1.09145,1.03351,0.00160349,0.0158885,0.985692,1.01872,-52.2317,249.626
"San Juan, PR",2023266N16323,PHILIPPE,2023,150.7,0,0,45,3,70,11.3333,11.1429,387.119,352.658,1.01709,1.015,1.06332,1.09772,0,0.00783189,0.992168,1.08912,-34.4614,-6.02834
"San Juan, PR",2023292N13309,TAMMY,2023,292.2,1,2,80,2,70,8.5,11.2429,252.025,245.331,0.756036,1.2056,1.12706,1.02729,0,0.0114667,0.988533,1.01551,-6.69485,59.8519
