port,SID,name,season,min_dist_km,sshs_max,sshs_storm_lifetime,wind_max_kt,k_days,n_ref_days,N_obs,N_ref,co2_obs_t,co2_ref_t,r_N,r_H,r_I,r_CO2,discard_win,discard_ref,gap_adj,r_CO2_gapadj,co2_shortfall_t,co2_shortfall_naive_t
"Baltimore, MD",2015126N27281,ANA,2015,194.6,-1,0,30,2,70,22.5,18.3429,754.424,569.354,1.22664,0.951345,1.13548,1.32505,0.0213001,0.0216197,0.999673,1.32462,-185.07,-129.036
"Jacksonville, FL",2015126N27281,ANA,2015,372,0,0,50,5,70,12.6,12.6143,1325.6,1279.44,0.998867,0.939906,1.10357,1.03607,0.0678311,0.0460903,1.02332,1.06024,-46.1541,1.44897
"New York, NY & NJ",2015126N27281,ANA,2015,175.3,-1,0,30,2,70,32.5,37.4857,3046.77,3256.48,0.866997,1.08659,0.993133,0.935603,0.0239053,0.0367954,0.986794,0.923248,209.707,433.122
"Philadelphia Regional Port, PA",2015126N27281,ANA,2015,164.9,-1,0,30,2,70,10,13.9714,635.517,832.768,0.715746,1.21199,0.87972,0.763138,0,0.0153833,0.984617,0.751399,197.251,236.717
"Port Everglades, FL",2015126N27281,ANA,2015,144.3,-3,0,25,1,70,21,18.3714,479.758,499.485,1.14308,1.17296,0.716372,0.960505,0.0149196,0.0208785,0.993951,0.954695,19.727,-71.466
"Port of Charleston, SC",2015126N27281,ANA,2015,137.3,0,0,50,6,70,16.5,16.2714,2068.23,2113.69,1.01405,1.0004,0.964553,0.978495,0.039482,0.0515538,0.987432,0.966197,45.4545,-29.6918
"Port of Palm Beach District, FL",2015126N27281,ANA,2015,129,-3,0,28,1,70,7,5.02857,163.439,143.645,1.39205,0.874244,0.934933,1.1378,0.0279851,0.0242033,1.00389,1.14223,-19.7944,-56.3152
"Port of Savannah, GA",2015126N27281,ANA,2015,279.5,0,0,50,6,70,15.1667,15.8714,1678.33,1606.83,0.955596,1.05117,1.03983,1.0445,0.0166903,0.0269325,0.989584,1.03362,-71.5076,71.3502
"PortMiami, FL",2015126N27281,ANA,2015,185.2,-3,0,25,1,70,20,18.7857,159.269,225.547,1.06464,0.989361,0.670408,0.706149,0.0106569,0.00963009,1.00104,0.706881,66.2772,-14.5791
"South Jersey Port Corp, NJ",2015126N27281,ANA,2015,118.2,-1,0,30,2,70,7.5,13.7714,576.749,619.846,0.544606,1.3792,1.23878,0.930471,0.136616,0.0964641,1.04651,0.973744,43.0971,282.274
"Tampa Port Authority, FL",2015126N27281,ANA,2015,334.3,-3,0,25,1,70,10,10.8143,164.628,275.339,0.924703,0.903059,0.716006,0.597909,0,0.0101936,0.989806,0.591814,110.712,20.7323
"Virginia, VA, Port of",2015126N27281,ANA,2015,12.4,0,0,48,4,70,22.75,23.7857,1684.5,2141.37,0.956456,1.08357,0.759032,0.786649,0.0315071,0.0319266,0.999567,0.786308,456.864,93.2427
"Baltimore, MD",2015167N27266,BILL,2015,408.7,-3,0,15,1,70,24,17.0286,397.035,265.647,1.4094,0.879459,1.2058,1.4946,0.0100435,0.0291216,0.980728,1.46579,-131.388,-108.755
"Beaumont, TX",2015167N27266,BILL,2015,278.8,0,0,50,3,70,10,12.7714,1590.48,1557.35,0.782998,1.58503,0.822891,1.02127,0,0.00875993,0.99124,1.01233,-33.1271,337.949
"Corpus Christi, TX",2015167N27266,BILL,2015,89.7,0,0,50,2,70,15,17.8143,880.406,1354.59,0.842021,1.28739,0.599574,0.649941,0,0.0193748,0.980625,0.637349,474.188,213.998
"Galveston, TX",2015167N27266,BILL,2015,176.2,0,0,50,2,70,12,10.1857,827.024,976.986,1.17812,1.05988,0.677931,0.846506,0.00717074,0.0540031,0.952829,0.806576,149.961,-174.021
"Greater Lafourche Port, LA",2015167N27266,BILL,2015,474.9,0,0,45,1,70,9,7.58571,1255.42,1012.48,1.18644,1.15953,0.901313,1.23994,0.0342271,0.0585088,0.974858,1.20877,-242.937,-188.767
"Houston Port Authority, TX",2015167N27266,BILL,2015,156.1,0,0,50,3,70,61,72.8857,5886.15,5648.16,0.836927,1.17006,1.06421,1.04214,0.00853387,0.00579851,1.00276,1.04501,-237.986,921.064
"Lake Charles Harbor District, LA",2015167N27266,BILL,2015,319.1,0,0,50,2,70,6.5,8.45714,438.414,668.235,0.768581,1.60712,0.531151,0.656078,0.0378079,0.0410012,0.996681,0.6539,229.821,154.642
"Port Arthur, TX",2015167N27266,BILL,2015,283.8,0,0,50,2,70,6,7.1,400.542,561.996,0.84507,1.644,0.513005,0.712714,0,0.00320232,0.996798,0.710431,161.454,87.0697
"Port Freeport, TX",2015167N27266,BILL,2015,135.6,0,0,50,2,70,1,3.57143,27.8638,167.669,0.28,1.54732,0.383572,0.166183,0.508493,0.187499,1.65308,0.274714,139.806,120.722
"Port of Greater Baton Rouge, LA",2015167N27266,BILL,2015,482.4,0,0,45,1,70,14,9.41429,369.559,235.792,1.4871,0.950951,1.1083,1.56731,0,0.0162582,0.983742,1.54183,-133.767,-114.854
"Texas City, TX",2015167N27266,BILL,2015,193.7,0,0,50,2,70,3,8.21429,235.231,772.109,0.365217,0.941317,0.886195,0.304661,0,0.00704694,0.992953,0.302514,536.878,490.121
"Virginia, VA, Port of",2015167N27266,BILL,2015,490,-3,0,15,1,70,25,23.0143,398.563,496.229,1.08628,0.940112,0.786489,0.803184,0,0.0317423,0.968258,0.777689,97.666,-42.8155
"Baltimore, MD",2015193N35285,CLAUDETTE,2015,457.2,-3,0,25,1,70,22,17.0143,304.707,261.136,1.29303,0.904852,0.997307,1.16685,0.0460007,0.0214351,1.02575,1.1969,-43.5709,-76.521
"South Jersey Port Corp, NJ",2015193N35285,CLAUDETTE,2015,466.1,-3,0,25,1,70,10,12.9857,198.594,310.876,0.770077,1.23827,0.669927,0.638819,0.0903613,0.098949,0.990559,0.632788,112.283,71.4776
"Virginia, VA, Port of",2015193N35285,CLAUDETTE,2015,185.6,-1,0,30,2,70,21,23.9429,939.726,974.733,0.877088,0.968704,1.1347,0.964085,0.0589903,0.0255936,1.03549,0.998301,35.0073,119.806
"San Juan, PR",2015237N14315,ERIKA,2015,115.1,0,0,45,2,70,7,9.14286,143.479,273.514,0.765625,0.861465,0.795342,0.524575,0,0.0381909,0.961809,0.504541,130.035,64.1048
"Port Everglades, FL",2015313N22289,KATE,2015,425.2,0,1,55,2,70,11.5,17.3571,1142,976.148,0.662551,2.19965,0.802743,1.1699,0.00195977,0.0152533,0.98668,1.15432,-165.85,329.4
"Port of Palm Beach District, FL",2015313N22289,KATE,2015,419.4,0,1,55,2,70,6.5,5.14286,380.385,328.303,1.26389,0.935058,0.980395,1.15864,0.023528,0.0165831,1.00711,1.16688,-52.0822,-86.6355
"PortMiami, FL",2015313N22289,KATE,2015,438.5,0,1,53,2,70,11,15.4714,425.017,429.227,0.710988,1.24461,1.11898,0.990191,0.00429232,0.0122841,0.991974,0.982244,4.21013,124.052
"Baltimore, MD",2016148N27288,BONNIE,2016,461.4,-1,0,30,2,70,17,16.4714,437.797,503.126,1.03209,0.903123,0.933536,0.870153,0.0260698,0.0244726,1.00164,0.87158,65.3292,-16.1454
"Jacksonville, FL",2016148N27288,BONNIE,2016,228.4,0,0,40,4,70,12.5,12.6143,953.203,984.281,0.99094,0.975108,1.00223,0.968425,0.0413772,0.0407253,1.00068,0.969084,31.0785,8.91761
"Philadelphia Regional Port, PA",2016148N27288,BONNIE,2016,496,-1,0,33,1,70,11,13.1714,305.914,433.54,0.835141,1.1481,0.735917,0.705619,0.0133949,0.00638823,1.0071,0.71063,127.626,71.473
"Port Everglades, FL",2016148N27288,BONNIE,2016,491,0,0,35,1,70,22,22.7714,640.52,500.559,0.966123,0.958339,1.38206,1.27961,0.0138893,0.0197564,0.99405,1.272,-139.961,16.9574
"Port of Charleston, SC",2016148N27288,BONNIE,2016,9.2,0,0,40,6,70,14.6667,14.9571,1776.86,1785.44,0.980579,0.896865,1.13162,0.995198,0.036346,0.036762,0.999568,0.994768,8.57364,34.6742
"Port of Palm Beach District, FL",2016148N27288,BONNIE,2016,441.5,0,0,40,2,70,3,5.41429,353.32,327.308,0.55409,2.08724,0.933383,1.07947,0,0.0177091,0.982291,1.06036,-26.0125,145.95
"Port of Savannah, GA",2016148N27288,BONNIE,2016,102.2,0,0,40,5,70,16.8,16.4714,1546.53,1275.08,1.01995,1.01826,1.16784,1.21289,0.0282254,0.0338853,0.994176,1.20582,-271.448,-25.4353
"South Jersey Port Corp, NJ",2016148N27288,BONNIE,2016,445.6,0,0,35,2,70,13.5,13.8,672.004,629.777,0.978261,0.977965,1.11534,1.06705,0.172259,0.0846795,1.1058,1.17995,-42.2269,13.6908
"Tampa Port Authority, FL",2016148N27288,BONNIE,2016,436.7,0,0,40,2,70,6.5,9.47143,397.515,453.17,0.686275,1.4973,0.853664,0.877188,0.0813903,0.0482237,1.03611,0.908859,55.6546,142.171
"Virginia, VA, Port of",2016148N27288,BONNIE,2016,203.9,0,0,35,5,70,25.4,21.7714,2481.14,2450.51,1.16667,0.93253,0.930649,1.0125,0.0302849,0.0248856,1.00557,1.01814,-30.634,-408.418
"Baltimore, MD",2016158N22272,COLIN,2016,474.6,-4,0,50,1,70,23,16.9714,443.454,265.421,1.35522,0.985904,1.25046,1.67076,0.0168695,0.0238082,0.992942,1.65897,-178.033,-94.2824
"Greater Lafourche Port, LA",2016158N22272,COLIN,2016,405.3,0,0,45,1,70,2,2.91429,793.677,833.79,0.686275,1.43189,0.968677,0.951891,0.0296079,0.0521571,0.976763,0.929772,40.1124,261.581
"Jacksonville, FL",2016158N22272,COLIN,2016,58.3,0,0,45,2,70,11,12.4857,512.417,481.208,0.881007,1.33681,0.904151,1.06485,0.0300933,0.0399249,0.989863,1.05406,-31.2086,57.2605
"Mobile, AL",2016158N22272,COLIN,2016,341,0,0,45,2,70,15,13.2,667.347,691.087,1.13636,1.04798,0.810868,0.965648,0.0173524,0.0093453,1.00815,0.973516,23.7404,-94.2391
"New Orleans, LA",2016158N22272,COLIN,2016,438.2,0,0,45,1,70,37,37.0857,823.001,819.821,0.997689,0.915332,1.09928,1.00388,0,0.00355749,0.996443,1.00031,-3.17915,1.89481
"New York, NY & NJ",2016158N22272,COLIN,2016,459,-4,0,50,2,70,44,38.7,3814.18,3549.74,1.13695,0.949414,0.995422,1.0745,0.00928686,0.0299951,0.979098,1.05204,-264.44,-486.14
"Philadelphia Regional Port, PA",2016158N22272,COLIN,2016,431.1,-4,0,50,2,70,15.5,13.5143,876.253,911.177,1.14693,0.976963,0.858243,0.961672,0,0.00608958,0.99391,0.955816,34.9235,-133.883
"Plaquemines Port District, LA",2016158N22272,COLIN,2016,349.9,0,0,45,1,70,63,56.9286,1863.83,1588,1.10665,0.898749,1.18007,1.1737,0.0135468,0.0433382,0.969799,1.13825,-275.829,-169.36
"Port of Charleston, SC",2016158N22272,COLIN,2016,132.2,0,0,48,1,70,14,14.6571,294.481,289.019,0.955166,1.20043,0.888617,1.0189,0,0.0356979,0.964302,0.982524,-5.46155,12.958
"Port of Palm Beach District, FL",2016158N22272,COLIN,2016,459.2,0,0,45,1,70,7,5.34286,172.465,159.818,1.31016,0.840382,0.980107,1.07913,0.0289573,0.0184507,1.01082,1.09081,-12.6467,-49.5692
"Port of Savannah, GA",2016158N22272,COLIN,2016,62.8,0,0,48,1,70,19,16.8286,302.722,262.111,1.12903,1.00863,1.01419,1.15494,0,0.0302601,0.96974,1.11999,-40.6117,-33.8207
"South Jersey Port Corp, NJ",2016158N22272,COLIN,2016,387,-4,0,50,2,70,17,13.9857,740.654,618.266,1.21553,0.774747,1.27209,1.19795,0.161899,0.0824306,1.09482,1.31154,-122.388,-133.252
"South Louisiana, LA, Port of",2016158N22272,COLIN,2016,471.5,0,0,45,1,70,42,38.4571,936.306,1050.61,1.09212,0.850548,0.959413,0.891203,0,0.00123374,0.998766,0.890104,114.303,-96.7872
"Tampa Port Authority, FL",2016158N22272,COLIN,2016,243.3,0,0,45,2,70,8,9.55714,525.052,481.432,0.83707,1.39456,0.934265,1.09061,0,0.038973,0.961027,1.0481,-43.6202,78.4396
"Virginia, VA, Port of",2016158N22272,COLIN,2016,232.1,-4,0,50,1,70,23,22.0429,467.185,495.837,1.04342,0.961281,0.939378,0.942216,0.037345,0.0252395,1.01258,0.954064,28.6515,-21.5302
"New York, NY & NJ",2016240N31295,UNNAMED,2016,498.8,-1,-1,30,1,70,39,39.6143,1631.24,1800.84,0.984493,1.0027,0.917609,0.905823,0.0199396,0.0326901,0.98699,0.894038,169.598,27.925
"Philadelphia Regional Port, PA",2016240N31295,UNNAMED,2016,490.2,-1,-1,30,2,70,9,13.8,809.327,967.562,0.652174,1.37731,0.931216,0.836461,0.0047631,0.00447624,1.00029,0.836702,158.234,336.543
"Port of Charleston, SC",2016240N31295,UNNAMED,2016,477.2,-1,-1,30,1,70,21,15.3429,560.973,349.84,1.36872,0.989275,1.18425,1.60351,0.0274754,0.0186541,1.00907,1.61806,-211.132,-128.991
"South Jersey Port Corp, NJ",2016240N31295,UNNAMED,2016,447.9,-1,-1,30,2,70,13.5,13.6857,384.721,586.815,0.98643,0.995833,0.667408,0.655608,0.037299,0.083789,0.951709,0.623948,202.095,7.96305
"Virginia, VA, Port of",2016240N31295,UNNAMED,2016,284.5,-1,-1,30,4,70,17.25,21.1,1811.27,1909.43,0.817536,1.23288,0.941137,0.948592,0.017177,0.0229575,0.994118,0.943013,98.1595,348.403
"Baltimore, MD",2016242N24279,HERMINE,2016,353.8,0,1,60,6,70,13.8333,17.9286,1421.56,1690.33,0.77158,1.16012,0.939533,0.840997,0.0318964,0.0210163,1.01124,0.850449,268.767,386.104
"Greater Lafourche Port, LA",2016242N24279,HERMINE,2016,475.7,1,1,65,1,70,4,2.54286,969.887,878.392,1.57303,0.7477,0.938787,1.10416,0.0442198,0.0506806,0.99324,1.0967,-91.4948,-503.348
"Jacksonville, FL",2016242N24279,HERMINE,2016,160.6,1,1,70,3,70,8.66667,12.0143,584.768,742.4,0.721363,1.2632,0.864412,0.787672,0.00291277,0.0319064,0.970922,0.764768,157.632,206.86
"Mobile, AL",2016242N24279,HERMINE,2016,368.4,1,1,70,2,70,11,12.8857,310.556,522.496,0.853659,1.08255,0.643166,0.59437,0.00628264,0.00742536,0.99885,0.593686,211.94,76.4628
"New Orleans, LA",2016242N24279,HERMINE,2016,498.2,0,1,63,1,70,27,39.7286,637.388,850.875,0.679612,1.19832,0.919825,0.749098,0.00757292,0.00255859,1.00505,0.752883,213.486,272.61
"New York, NY & NJ",2016242N24279,HERMINE,2016,199.2,-4,1,55,4,70,31.75,40.1,5627.06,7257.76,0.791771,1.11694,0.876701,0.775317,0.0639423,0.0335704,1.03245,0.800473,1630.69,1511.28
"Philadelphia Regional Port, PA",2016242N24279,HERMINE,2016,234.8,-4,1,60,6,70,11.1667,12.8143,1707.56,2789.77,0.871423,1.09797,0.639716,0.612078,0.0224989,0.00571917,1.01717,0.622585,1082.21,358.699
"Plaquemines Port District, LA",2016242N24279,HERMINE,2016,413.9,1,1,70,3,70,62.6667,67.6143,4840.52,5351.91,0.926826,1.06718,0.914425,0.904447,0.0287886,0.037868,0.990651,0.895991,511.393,391.622
"Port Everglades, FL",2016242N24279,HERMINE,2016,278.3,-1,1,30,2,70,16.5,20.2714,826.393,843.918,0.813953,1.0299,1.16814,0.979234,0.018565,0.0203124,0.99822,0.977491,17.5248,157.008
"Port of Charleston, SC",2016242N24279,HERMINE,2016,15.5,1,1,65,2,70,13.5,15.3571,930.961,702.951,0.87907,1.15256,1.30713,1.32436,0.0247363,0.0180083,1.0069,1.3335,-228.01,85.0081
"Port of Palm Beach District, FL",2016242N24279,HERMINE,2016,334.1,1,1,70,6,70,6,5.44286,490.178,603.244,1.10236,0.675483,1.09124,0.81257,0.0204546,0.0214182,0.999016,0.81177,113.066,-61.7494
"Port of Savannah, GA",2016242N24279,HERMINE,2016,34.3,1,1,70,2,70,10,15.7143,302.404,549.582,0.636364,1.05802,0.81725,0.550243,0.0239999,0.0188075,1.00532,0.55317,247.178,199.848
"PortMiami, FL",2016242N24279,HERMINE,2016,220.9,-1,1,30,2,70,16.5,16.3286,459.069,417.306,1.0105,1.14391,0.951689,1.10008,0.021692,0.0108797,1.01105,1.11224,-41.7633,-4.38116
"South Jersey Port Corp, NJ",2016242N24279,HERMINE,2016,214.6,0,1,60,6,70,13.1667,13.2571,1806.58,1719.39,0.993175,0.994151,1.06416,1.05071,0.0574973,0.0903096,0.965186,1.01413,-87.1951,11.7343
"Tampa Port Authority, FL",2016242N24279,HERMINE,2016,267.8,1,1,70,6,70,8.66667,10.4571,1247.83,1693.47,0.82878,1.09029,0.815446,0.736847,0,0.00571547,0.994285,0.732636,445.642,289.957
"Virginia, VA, Port of",2016242N24279,HERMINE,2016,142.2,0,1,60,6,70,17.3333,21.1714,2476,2840.8,0.818713,1.12117,0.949519,0.871583,0.0411287,0.0217708,1.02019,0.889179,364.808,514.999
"Baltimore, MD",2016257N27280,JULIA,2016,422.4,-4,0,25,2,70,20,17.1429,687.274,548.842,1.16667,1.07854,0.995177,1.25223,0.0317107,0.019096,1.01303,1.26854,-138.432,-91.4737
"Jacksonville, FL",2016257N27280,JULIA,2016,18.5,0,0,45,7,70,12,12,1760.24,1728.01,1,1.04393,0.97579,1.01865,0.0218241,0.0356251,0.985891,1.00428,-32.2359,0
"Port Everglades, FL",2016257N27280,JULIA,2016,130.2,0,0,45,2,70,19.5,21.0429,751.23,963.934,0.92668,0.975224,0.862366,0.779338,0.0300871,0.0178426,1.01262,0.789176,212.704,70.6754
"Port of Charleston, SC",2016257N27280,JULIA,2016,125,0,0,45,9,70,16.5556,15.7429,3602.35,3574.8,1.05162,1.0305,0.92988,1.00771,0.0141119,0.0193392,0.994698,1.00236,-27.5542,-184.543
"Port of Palm Beach District, FL",2016257N27280,JULIA,2016,73.7,0,0,45,2,70,6.5,5.82857,177.998,237.886,1.1152,0.638199,1.05133,0.748251,0.0523593,0.016489,1.03785,0.776573,59.8876,-27.4035
"Port of Savannah, GA",2016257N27280,JULIA,2016,51.9,0,0,45,8,70,17.25,16.2857,2349.33,2223.79,1.05921,0.986794,1.01075,1.05645,0.026614,0.0159255,1.01098,1.06806,-125.543,-131.672
"PortMiami, FL",2016257N27280,JULIA,2016,190.3,0,0,45,2,70,18.5,16.6857,347.127,490.038,1.10873,0.862789,0.740503,0.708367,0.00593287,0.0112276,0.994674,0.704594,142.912,-53.2833
"South Jersey Port Corp, NJ",2016257N27280,JULIA,2016,467.1,-4,0,25,2,70,21,12.8714,861.522,557.349,1.63152,0.785335,1.2064,1.54575,0.102918,0.0784881,1.02723,1.58785,-304.173,-351.977
"Tampa Port Authority, FL",2016257N27280,JULIA,2016,147.6,0,0,45,3,70,12.6667,10.0857,954.135,820.172,1.2559,0.910768,1.01705,1.16334,0.00880049,0.00459802,1.00424,1.16827,-133.963,-209.884
"Virginia, VA, Port of",2016257N27280,JULIA,2016,145.6,-3,0,30,3,70,20,19.7,1373.85,1346.11,1.01523,1.14828,0.875483,1.02061,0.0154844,0.0229229,0.992445,1.0129,-27.7404,-20.4991
"Jacksonville, FL",2016273N13300,MATTHEW,2016,93.5,4,5,115,2,70,3,12.3143,193.976,496.265,0.243619,3.5421,0.452962,0.390872,0,0.0432391,0.956761,0.373971,302.289,375.365
"Port Everglades, FL",2016273N13300,MATTHEW,2016,156.8,4,5,120,2,70,6.5,19.5857,635.591,997.725,0.331875,3.00636,0.638486,0.63704,0.00265487,0.0221211,0.980482,0.624606,362.134,666.606
"Port of Charleston, SC",2016273N13300,MATTHEW,2016,50.1,3,5,105,3,70,3.33333,16.2571,554.835,1287.07,0.205038,2.63151,0.798954,0.431083,0.00597219,0.0280101,0.97783,0.421526,732.236,1023.17
"Port of Palm Beach District, FL",2016273N13300,MATTHEW,2016,122.2,4,5,120,3,70,2,6.44286,313.22,491.65,0.310421,2.24474,0.914273,0.637078,0.00653067,0.0126709,0.993819,0.633141,178.431,339.031
"Port of Savannah, GA",2016273N13300,MATTHEW,2016,58.7,3,5,108,3,70,1,16.6429,104.091,849.982,0.0600858,7.55092,0.269919,0.122463,0,0.0210719,0.978928,0.119882,745.891,798.91
"PortMiami, FL",2016273N13300,MATTHEW,2016,191.5,4,5,120,2,70,10,18.5714,365.216,557.712,0.538462,1.19739,1.01566,0.654847,0,0.016674,0.983326,0.643928,192.496,257.406
"San Juan, PR",2016273N13300,MATTHEW,2016,469.7,1,5,68,1,70,7,8.97143,155.705,139.963,0.780255,1.18347,1.20475,1.11247,0.0321197,0.0201242,1.01239,1.12626,-15.7421,30.7562
"Tampa Port Authority, FL",2016273N13300,MATTHEW,2016,228.7,4,5,120,3,70,9,10.9571,753.995,883.36,0.821382,1.15598,0.898951,0.853554,0,0.00677303,0.993227,0.847773,129.365,157.784
"Virginia, VA, Port of",2016273N13300,MATTHEW,2016,240,1,5,70,2,70,15,19.7571,888.173,892.317,0.759219,1.49129,0.879122,0.995356,0.0140302,0.0238089,0.990082,0.985484,4.14409,214.853
"Baltimore, MD",2017171N24271,CINDY,2017,172.6,-3,0,25,1,70,11,15.9857,174.283,269.297,0.688114,0.988762,0.951198,0.647177,0,0.0188859,0.981114,0.634955,95.0141,83.9899
"Beaumont, TX",2017171N24271,CINDY,2017,42.3,0,0,50,3,70,10.6667,14.7571,1557.04,1697.6,0.722814,1.05119,1.20713,0.9172,0,0.000715055,0.999285,0.916544,140.562,470.552
"Corpus Christi, TX",2017171N24271,CINDY,2017,404.9,0,0,48,2,70,14,18.6143,1201.72,1478.68,0.752111,1.19518,0.904094,0.812694,0.0234604,0.0225587,1.00092,0.813444,276.966,366.55
"Galveston, TX",2017171N24271,CINDY,2017,123.1,0,0,50,3,70,7.33333,11.2143,950.765,1423.19,0.653928,1.75561,0.581907,0.668053,0.0170022,0.059757,0.956506,0.638997,472.423,492.526
"Greater Lafourche Port, LA",2017171N24271,CINDY,2017,296.6,0,0,50,3,70,2,2.07143,3158.82,2374.86,0.965517,1.59505,0.863677,1.33011,0.0255689,0.0448238,0.98024,1.30383,-783.961,81.8917
"Houston Port Authority, TX",2017171N24271,CINDY,2017,160.9,0,0,50,3,70,62.6667,72,5187.82,6124.02,0.87037,1.01944,0.954736,0.847126,0.00293185,0.00127213,1.00166,0.848536,936.201,793.854
"Lake Charles Harbor District, LA",2017171N24271,CINDY,2017,41.1,0,0,50,3,70,7.33333,8.98571,1078.53,1051.5,0.81611,1.55737,0.807014,1.0257,0.0140233,0.0459477,0.967621,0.992492,-27.026,193.361
"New Orleans, LA",2017171N24271,CINDY,2017,354.3,0,0,50,4,70,41,43.6429,3494.57,3762.7,0.939444,1.01988,0.969333,0.928741,0.00337652,0.000564251,1.00282,0.931361,268.128,227.856
"New York, NY & NJ",2017171N24271,CINDY,2017,430.9,-3,0,25,1,70,25,36.9571,1004.05,1811.68,0.676459,0.855484,0.957683,0.554211,0.015529,0.0255407,0.98983,0.548575,807.626,586.152
"Philadelphia Regional Port, PA",2017171N24271,CINDY,2017,324.9,-3,0,25,1,70,8,12.1143,285.078,427.212,0.660377,0.776795,1.30083,0.667299,0,0.0072363,0.992764,0.66247,142.134,145.091
"Plaquemines Port District, LA",2017171N24271,CINDY,2017,347,0,0,50,3,70,50,65.3571,4635.29,5198.86,0.765027,1.50521,0.774274,0.891598,0.0188998,0.0427303,0.97571,0.869942,563.564,1221.59
"Port Arthur, TX",2017171N24271,CINDY,2017,24.9,0,0,50,3,70,7.33333,7.32857,747.713,934.395,1.00065,1.11633,0.716361,0.800211,0,0.00356858,0.996431,0.797355,186.682,-0.607144
"Port Freeport, TX",2017171N24271,CINDY,2017,186.2,0,0,50,3,70,3.66667,5.91429,352.862,563.104,0.619968,1.33354,0.757952,0.626637,0,0.0130013,0.986999,0.61849,210.242,213.998
"Port of Greater Baton Rouge, LA",2017171N24271,CINDY,2017,239.6,0,0,50,3,70,15.6667,12.8857,933.062,933.787,1.21582,0.915511,0.8977,0.999224,0.00927224,0.000400558,1.00895,1.00817,0.724461,-201.527
"South Jersey Port Corp, NJ",2017171N24271,CINDY,2017,315.5,-3,0,25,1,70,7,13.3571,141.53,284.571,0.524064,0.908077,1.04509,0.497347,0,0.0766584,0.923342,0.459221,143.041,135.438
"South Louisiana, LA, Port of",2017171N24271,CINDY,2017,306.5,0,0,50,4,70,51.25,45.8,5018.41,5130.75,1.119,0.93513,0.934728,0.978105,0.00361153,0.00161752,1.002,0.980063,112.336,-610.537
"Texas City, TX",2017171N24271,CINDY,2017,121.9,0,0,50,3,70,7.33333,7.28571,997.564,1074.04,1.00654,0.840121,1.09837,0.928797,0,0.0149255,0.985074,0.914935,76.4742,-7.01985
"Virginia, VA, Port of",2017171N24271,CINDY,2017,293.6,-3,0,25,1,70,25,25.7143,353.646,607.679,0.972222,0.622284,0.961925,0.581963,0.0171173,0.0211842,0.995862,0.579555,254.032,16.88
"Greater Lafourche Port, LA",2017212N28275,EMILY,2017,482.5,-1,0,30,1,68,3,1.85294,735.738,809.911,1.61905,0.550903,1.01848,0.908419,0.0507175,0.0427149,1.00843,0.916077,74.1728,-501.373
"Jacksonville, FL",2017212N28275,EMILY,2017,277.2,0,0,50,4,68,9.75,10.2353,624.604,753.869,0.952586,1.00087,0.869012,0.828531,0.0245471,0.0343828,0.989917,0.820177,129.265,35.7438
"Mobile, AL",2017212N28275,EMILY,2017,363.1,0,0,38,2,68,12,12.1912,362.689,396.423,0.984318,1.04202,0.892,0.914903,0,0.0117422,0.988258,0.90416,33.7343,6.21653
"New Orleans, LA",2017212N28275,EMILY,2017,484,-1,0,30,1,68,44,41.1029,951.588,910.568,1.07048,1.04267,0.936288,1.04505,0,0.00253259,0.997467,1.0424,-41.0196,-64.1796
"Plaquemines Port District, LA",2017212N28275,EMILY,2017,412.1,-1,0,33,1,68,75,62.5882,2017.05,1702.39,1.19831,1.09444,0.903439,1.18484,0.0459588,0.0473449,0.998547,1.18311,-314.661,-337.598
"Port Everglades, FL",2017212N28275,EMILY,2017,164.6,0,0,50,2,68,13.5,18.3676,576.579,708.567,0.734988,1.09626,1.00991,0.813726,0,0.0140559,0.985944,0.802289,131.987,187.779
"Port of Charleston, SC",2017212N28275,EMILY,2017,316.5,-1,0,30,2,68,15,14.6471,797.899,668.017,1.0241,1.02579,1.137,1.19443,0.0356064,0.0278076,1.00809,1.20409,-129.882,-16.0968
"Port of Palm Beach District, FL",2017212N28275,EMILY,2017,105.6,0,0,50,3,68,5.66667,4.5,308.568,293.297,1.25926,0.779477,1.07183,1.05207,0.0177637,0.0214612,0.996236,1.04811,-15.2711,-76.0398
"Port of Savannah, GA",2017212N28275,EMILY,2017,326.3,-1,0,30,2,68,16,14.8235,591.338,540.212,1.07937,0.884252,1.1469,1.09464,0,0.0217913,0.978209,1.07079,-51.1259,-42.874
"PortMiami, FL",2017212N28275,EMILY,2017,223.3,0,0,50,2,68,12,16.2353,337.588,465.403,0.73913,1.24818,0.786249,0.725368,0.0111553,0.0154019,0.995705,0.722253,127.814,121.409
"Tampa Port Authority, FL",2017212N28275,EMILY,2017,47.5,0,0,50,3,68,11.6667,10,828.256,850.294,1.16667,0.874374,0.954886,0.974082,0,0.00691355,0.993086,0.967348,22.0379,-141.716
"San Juan, PR",2017224N22293,GERT,2017,448.8,-3,2,25,1,70,11,5.8,193.427,84.9906,1.89655,0.586462,2.04617,2.27587,0,0.154803,0.845197,1.92356,-108.437,-76.1985
"Beaumont, TX",2017228N14314,HARVEY,2017,63.9,4,4,115,7,70,12.4286,15.7857,4182.45,4780.57,0.78733,1.21727,0.912868,0.874885,0,0.00305412,0.996946,0.872213,598.12,1016.68
"Corpus Christi, TX",2017228N14314,HARVEY,2017,57.3,4,4,115,7,70,1.28571,17.9714,778.373,5401.97,0.0715421,8.36953,0.240643,0.144091,0.0285823,0.0148574,1.01413,0.146126,4623.6,5015.5
"Galveston, TX",2017228N14314,HARVEY,2017,103,4,4,115,7,70,2,11.3286,715.894,3337.92,0.176545,2.84806,0.42655,0.214473,0.0190881,0.0531565,0.965269,0.207024,2622.02,2748.63
"Greater Lafourche Port, LA",2017228N14314,HARVEY,2017,309.6,0,4,45,3,70,2,2.14286,3030.61,2456.84,0.933333,1.50595,0.877621,1.23354,0.0337998,0.0482581,0.985036,1.21508,-573.775,163.789
"Houston Port Authority, TX",2017228N14314,HARVEY,2017,165.9,4,4,115,7,70,12.4286,77.8,2046.52,14575,0.15975,1.21797,0.721653,0.140413,0.0227003,0.000882862,1.02232,0.143548,12528.5,12246.6
"Lake Charles Harbor District, LA",2017228N14314,HARVEY,2017,19.2,4,4,115,7,70,5.42857,10.2,1621.57,2782.61,0.532213,2.46675,0.443889,0.582752,0.0291912,0.0454531,0.983249,0.57299,1161.04,1301.67
"Mobile, AL",2017228N14314,HARVEY,2017,397.1,0,4,38,3,70,13,12.9857,428.505,816.475,1.0011,0.953195,0.549988,0.524823,0.0157076,0.00949277,1.00631,0.528136,387.971,-0.898213
"New Orleans, LA",2017228N14314,HARVEY,2017,283.3,0,4,45,4,70,34.75,40.8714,4235.67,3686.45,0.850227,1.04257,1.2962,1.14898,0.00481289,0.00169272,1.00314,1.15259,-549.218,552.13
"Plaquemines Port District, LA",2017228N14314,HARVEY,2017,367.4,0,4,45,3,70,63,72.7143,4940.42,5487.36,0.866405,1.04374,0.995602,0.900326,0.0275332,0.0349598,0.992363,0.893451,546.945,733.086
"Port Arthur, TX",2017228N14314,HARVEY,2017,41.7,4,4,115,7,70,5.57143,7.24286,2460.21,1901.19,0.769231,1.26633,1.32844,1.29403,0,0.00309826,0.996902,1.29002,-559.014,438.737
"Port Freeport, TX",2017228N14314,HARVEY,2017,90.9,4,4,115,7,70,0.571429,6,53.4508,1309.57,0.0952381,1.67797,0.255407,0.0408156,0.116291,0.0306448,1.09692,0.0447713,1256.12,1184.85
"Port of Greater Baton Rouge, LA",2017228N14314,HARVEY,2017,156,0,4,45,5,70,16.2,15.1714,1970.57,1844.1,1.0678,0.957316,1.04536,1.06858,0.00391273,0.000590549,1.00334,1.07215,-126.474,-125.024
"South Louisiana, LA, Port of",2017228N14314,HARVEY,2017,245.6,0,4,45,4,70,53.5,51.4429,4698.47,5601.74,1.03999,1.06143,0.759828,0.838752,0.00371654,0.00335439,1.00036,0.839057,903.266,-224.007
"Texas City, TX",2017228N14314,HARVEY,2017,120.3,4,4,115,7,70,1.14286,7.6,272.663,2592.72,0.150376,2.3279,0.300419,0.105165,0,0.0204028,0.979597,0.103019,2320.06,2202.84
"Baltimore, MD",2017240N31279,UNNAMED,2017,455.2,-4,-3,40,1,70,21,16.9857,284.85,269.016,1.23633,0.862103,0.993444,1.05886,0,0.0187354,0.981265,1.03902,-15.834,-63.5774
"Jacksonville, FL",2017240N31279,UNNAMED,2017,100.5,-3,-3,35,3,70,9,10.6857,577.727,599.928,0.842246,1.20392,0.949702,0.962995,0.0121,0.0294475,0.98244,0.946085,22.2005,94.641
"Port of Charleston, SC",2017240N31279,UNNAMED,2017,68.7,-3,-3,40,3,70,12,14.6714,783.833,962.124,0.817916,1.14279,0.871602,0.81469,0.0256394,0.022746,1.00297,0.81711,178.291,175.187
"Port of Palm Beach District, FL",2017240N31279,UNNAMED,2017,446.3,-3,-3,35,2,70,4,5,215.083,204.035,0.8,1.38513,0.951305,1.05415,0.0104132,0.0291644,0.981052,1.03417,-11.0478,40.8071
"Port of Savannah, GA",2017240N31279,UNNAMED,2017,93.2,-3,-3,38,3,70,12.3333,15.9571,831.584,851.093,0.772904,1.11916,1.12957,0.977078,0.0170666,0.0215119,0.995478,0.972659,19.5086,193.28
"South Jersey Port Corp, NJ",2017240N31279,UNNAMED,2017,468.6,-4,-3,40,1,70,19,13.2286,300.497,314.803,1.43629,0.618921,1.07381,0.954556,0,0.0653919,0.934608,0.892136,14.3059,-137.344
"Tampa Port Authority, FL",2017240N31279,UNNAMED,2017,349.2,-3,-3,35,2,70,9,10.9,453.956,607.515,0.825688,0.845985,1.06974,0.747234,0.142714,0.0105869,1.15412,0.8624,153.559,105.897
"Virginia, VA, Port of",2017240N31279,UNNAMED,2017,181.8,-3,-3,40,1,70,29,27.8429,689.798,607.421,1.04156,1.09205,0.998406,1.13562,0,0.0195069,0.980493,1.11347,-82.377,-25.2443
"Jacksonville, FL",2017242N16333,IRMA,2017,129.4,3,5,100,3,70,2,9.95714,160.335,575.293,0.200861,3.40022,0.408073,0.278702,0,0.0354884,0.964512,0.268811,414.958,459.739
"Mobile, AL",2017242N16333,IRMA,2017,338.4,0,5,48,2,70,9.5,12.7857,455.269,508.099,0.743017,1.1482,1.05028,0.896023,0,0.00791791,0.992082,0.888929,52.8304,130.573
"Port Everglades, FL",2017242N16333,IRMA,2017,124.3,4,5,130,3,70,0.333333,20.0714,364.78,1394.11,0.0166074,30.7998,0.511547,0.261658,0,0.016161,0.983839,0.257429,1029.33,1370.96
"Port of Charleston, SC",2017242N16333,IRMA,2017,403.1,0,5,50,2,70,6,14.6143,296.753,614.435,0.410557,1.48941,0.789826,0.482969,0.0132591,0.0257748,0.987316,0.476843,317.682,362.174
"Port of Palm Beach District, FL",2017242N16333,IRMA,2017,120.5,4,5,120,3,70,0,5.31429,84.3182,387.229,0,,0.851276,0.217748,0,0.0254707,0.974529,0.212202,302.91,387.229
"Port of Savannah, GA",2017242N16333,IRMA,2017,261.8,1,5,65,2,70,0.5,15.9286,45.8253,581.986,0.0313901,10.1095,0.248124,0.0787395,0,0.0211141,0.978886,0.077077,536.161,563.717
"PortMiami, FL",2017242N16333,IRMA,2017,120.5,5,5,145,3,70,9.33333,17.2143,317.596,682.621,0.542185,1.10075,0.779578,0.46526,0,0.0174642,0.982536,0.457135,365.024,312.514
"San Juan, PR",2017242N16333,IRMA,2017,87.6,5,5,155,2,70,1,5.37143,25.0966,163.654,0.18617,3.1223,0.263818,0.153352,0.521838,0.355972,1.34688,0.206547,138.557,133.186
"Tampa Port Authority, FL",2017242N16333,IRMA,2017,35.7,4,5,115,3,70,2,9.81429,188.509,867.865,0.203785,1.90186,0.560443,0.21721,0,0.0164834,0.983517,0.21363,679.355,691.007
"New York, NY & NJ",2017247N09327,JOSE,2017,396.5,0,4,60,7,70,37.1429,35.2857,13988.1,12634.1,1.05263,1.05883,0.993373,1.10717,0.0143708,0.0221929,0.992064,1.09838,-1354,-664.95
"Philadelphia Regional Port, PA",2017247N09327,JOSE,2017,423.1,0,4,60,5,70,11.6,12.0714,1628.81,2283.7,0.960947,1.11544,0.665403,0.713234,0,0.00391382,0.996086,0.710442,654.889,89.1859
"San Juan, PR",2017247N09327,JOSE,2017,296.3,4,4,120,2,70,6,5.41429,86.7961,166.769,1.10818,0.465762,1.00835,0.520457,0.646252,0.364281,1.7971,0.935311,79.9729,-18.041
"South Jersey Port Corp, NJ",2017247N09327,JOSE,2017,393.7,0,4,63,5,70,13.2,13.0429,1199.33,1528.69,1.01205,0.851225,0.910697,0.784548,0.0719897,0.0685713,1.00368,0.787438,329.36,-18.418
"Virginia, VA, Port of",2017247N09327,JOSE,2017,418.4,1,4,65,2,70,29,27.2143,1311.4,1182.48,1.06562,1.07676,0.966542,1.10903,0.00981734,0.0247408,0.984929,1.09231,-128.922,-77.5904
"Baltimore, MD",2017260N12310,MARIA,2017,495.7,1,5,65,2,70,14,16.5286,518.383,502.31,0.847018,1.23738,0.984649,1.032,0.0149963,0.0173591,0.997601,1.02952,-16.0728,76.8443
"New York, NY & NJ",2017260N12310,MARIA,2017,483.3,1,5,65,1,70,42,35.6,2290.77,1820.32,1.17978,1.01937,1.04641,1.25844,0.0110546,0.0230493,0.987871,1.24318,-470.443,-327.249
"Philadelphia Regional Port, PA",2017260N12310,MARIA,2017,454.7,1,5,65,2,70,15.5,12.1714,545.347,866.034,1.27347,0.693165,0.713364,0.629706,0,0.00266679,0.997333,0.628027,320.687,-236.838
"San Juan, PR",2017260N12310,MARIA,2017,28.4,5,5,150,4,70,1.25,6.07143,35.9744,342.184,0.205882,1.05197,0.485414,0.105132,0.361968,0.478699,0.817046,0.0858974,306.21,271.735
"South Jersey Port Corp, NJ",2017260N12310,MARIA,2017,410.3,1,5,65,2,70,12.5,12.9714,391.704,590.898,0.963656,1.14919,0.598594,0.662896,0.071616,0.0756236,0.995683,0.660034,199.194,21.4754
"Virginia, VA, Port of",2017260N12310,MARIA,2017,347.9,1,5,65,3,70,31.3333,26.9143,1862.35,1762.84,1.16419,1.02671,0.883848,1.05645,0.0135245,0.0232165,0.990175,1.04607,-99.5076,-289.44
"Baltimore, MD",2017277N11279,NATE,2017,369.7,-4,1,25,1,70,21,16.7429,256.28,252.66,1.25427,0.821615,0.98428,1.01432,0.0216571,0.0189035,1.00281,1.01718,-3.61926,-64.243
"Beaumont, TX",2017277N11279,NATE,2017,475.9,1,1,75,1,70,16,15.3,761.537,698.46,1.04575,0.743578,1.40215,1.09031,0.14004,0.000580425,1.16217,1.26712,-63.0768,-31.9557
"Greater Lafourche Port, LA",2017277N11279,NATE,2017,104.1,1,1,80,2,70,0.5,2.12857,1634.58,1624.87,0.234899,4.91898,0.870629,1.00598,0.027105,0.0483053,0.978209,0.98406,-9.71824,1243.19
"Lake Charles Harbor District, LA",2017277N11279,NATE,2017,395.8,1,1,78,2,70,10.5,12.0143,701.612,835.058,0.87396,1.53365,0.62685,0.840195,0.083717,0.0424333,1.04506,0.878051,133.446,105.251
"Mobile, AL",2017277N11279,NATE,2017,70.4,1,1,80,2,70,4,12.7429,386.573,463.242,0.313901,1.85098,1.43624,0.834494,0,0.0079353,0.992065,0.827873,76.6691,317.83
"New Orleans, LA",2017277N11279,NATE,2017,80.1,1,1,80,2,70,29.5,36.1429,1117.87,1822.67,0.816206,1.3201,0.56922,0.613318,0,0.00220505,0.997795,0.611965,704.794,334.996
"New York, NY & NJ",2017277N11279,NATE,2017,325.7,-4,1,25,2,70,33,36.3857,3060.67,3656.68,0.906949,0.962435,0.958905,0.837009,0.0206403,0.0230066,0.997584,0.834987,596.005,340.256
"Philadelphia Regional Port, PA",2017277N11279,NATE,2017,356.4,-4,1,25,1,70,16,11.6143,558.748,399.849,1.37761,0.709195,1.4303,1.3974,0,0.00288321,0.997117,1.39337,-158.899,-150.989
"Plaquemines Port District, LA",2017277N11279,NATE,2017,41.6,1,1,80,2,70,42,71.7571,2144.9,3841.81,0.585308,1.43126,0.666453,0.558304,0.0046694,0.0372701,0.967246,0.540018,1696.91,1593.17
"Port Arthur, TX",2017277N11279,NATE,2017,456.1,1,1,78,2,70,8.5,7.55714,891.73,601.443,1.12476,0.936175,1.40806,1.48265,0.0179789,0.00223681,1.01603,1.50642,-290.287,-75.0382
"Port of Greater Baton Rouge, LA",2017277N11279,NATE,2017,210.9,1,1,80,2,70,15,15.5714,813.477,843.043,0.963303,1.25676,0.797043,0.964931,0,0.0026016,0.997398,0.96242,29.5651,30.9373
"South Jersey Port Corp, NJ",2017277N11279,NATE,2017,406.1,-4,1,25,1,70,13,11.8714,302.459,280.72,1.09507,1.07763,0.91302,1.07744,0.030877,0.0908465,0.93812,1.01077,-21.7384,-26.687
"South Louisiana, LA, Port of",2017277N11279,NATE,2017,126.7,1,1,80,2,70,47.5,54.8714,2227.71,2607.45,0.86566,1.15988,0.85091,0.854364,0,0.00210334,0.997897,0.852567,379.739,350.285
"Port Everglades, FL",2017301N18276,PHILIPPE,2017,391.2,0,0,35,2,70,20.5,21.2429,1444.38,1216.28,0.96503,1.36448,0.901864,1.18754,0.0131567,0.00932935,1.00388,1.19215,-228.102,42.533
"Port of Palm Beach District, FL",2017301N18276,PHILIPPE,2017,449.5,-1,0,30,1,70,3,5.88571,245.017,200.807,0.509709,2.61857,0.914177,1.22016,0.00958821,0.0154448,0.994087,1.21295,-44.21,98.454
"PortMiami, FL",2017301N18276,PHILIPPE,2017,331.3,0,0,35,2,70,18,18.8143,706.313,587.228,0.95672,1.04797,1.19965,1.20279,0,0.0084604,0.99154,1.19262,-119.085,25.4153
"Greater Lafourche Port, LA",2018146N19273,ALBERTO,2018,416.2,0,0,55,3,70,2.33333,1.92857,2771.78,2316.42,1.20988,1.03592,0.954716,1.19658,0.0400216,0.0487162,0.990943,1.18574,-455.362,-486.162
"Jacksonville, FL",2018146N19273,ALBERTO,2018,412.3,0,0,55,3,70,11.6667,11.0714,859.683,640.768,1.05376,0.952032,1.33734,1.34164,0.0320977,0.0295858,1.0026,1.34513,-218.915,-34.4499
"Mobile, AL",2018146N19273,ALBERTO,2018,190,0,0,55,3,70,7.33333,11.1286,596.043,506.346,0.658964,1.17189,1.52433,1.17714,0,0.010517,0.989483,1.16476,-89.6964,172.682
"New Orleans, LA",2018146N19273,ALBERTO,2018,384,0,0,55,2,70,33.5,38.0286,1659.62,1708.06,0.880917,1.03624,1.06441,0.971639,0.00465398,0.00122944,1.00344,0.974982,48.4429,203.402
"Plaquemines Port District, LA",2018146N19273,ALBERTO,2018,344.5,0,0,55,3,70,53,64.3143,3768.98,5087.63,0.824078,1.04572,0.859655,0.740813,0.0208458,0.0385124,0.981957,0.727447,1318.65,895.024
"Port Everglades, FL",2018146N19273,ALBERTO,2018,386.2,-2,0,45,1,70,16,22.1286,470.881,505.703,0.723047,1.33369,0.965596,0.931141,0.011324,0.0137552,0.997541,0.928852,34.8221,140.056
"Port of Greater Baton Rouge, LA",2018146N19273,ALBERTO,2018,475.3,-1,0,30,1,70,13,14.6571,395.884,355.522,0.88694,1.08612,1.15592,1.11353,0,0.00847981,0.99152,1.10409,-40.3625,40.1954
"Port of Palm Beach District, FL",2018146N19273,ALBERTO,2018,388.4,-2,0,45,1,70,4,5.7,152.779,197.111,0.701754,1.2916,0.855145,0.77509,0,0.0179014,0.982099,0.761215,44.3323,58.7875
"Port of Savannah, GA",2018146N19273,ALBERTO,2018,490.2,-1,0,30,1,70,22,15.0286,360.34,278.855,1.46388,0.890575,0.991195,1.29221,0,0.0155557,0.984444,1.27211,-81.4855,-129.355
"PortMiami, FL",2018146N19273,ALBERTO,2018,381.4,-2,0,45,1,70,14,15.4,291.52,254.08,0.909091,1.19206,1.05875,1.14736,0,0.0142237,0.985776,1.13104,-37.4404,23.0982
"South Louisiana, LA, Port of",2018146N19273,ALBERTO,2018,427.2,0,0,55,2,70,43.5,50.7,2474.86,2741.66,0.857988,0.973702,1.08051,0.902686,0.00184437,0.00128171,1.00056,0.903195,266.801,389.348
"Tampa Port Authority, FL",2018146N19273,ALBERTO,2018,235.6,0,0,55,3,70,13.3333,10.5857,1315.04,886.273,1.25956,1.13874,1.03449,1.48379,0.00477524,0.0133399,0.991394,1.47102,-428.767,-230.04
"San Juan, PR",2018186N10325,BERYL,2018,180.9,-3,1,35,2,70,7.5,7.01429,253.594,257.591,1.06925,1.0319,0.89226,0.984481,0,0.0579896,0.94201,0.927391,3.99762,-17.8373
"Port of Charleston, SC",2018186N31292,CHRIS,2018,432.1,0,2,43,2,70,17,17.6714,672.925,754.237,0.962005,1.0367,0.894599,0.892193,0.0185733,0.0186252,0.999947,0.892146,81.3118,28.6574
"Virginia, VA, Port of",2018186N31292,CHRIS,2018,430,0,2,43,2,70,32.5,28.1714,1160.77,1176.95,1.15365,0.939283,0.910159,0.986252,0.0137426,0.0185281,0.995148,0.981467,16.1803,-180.84
"Baltimore, MD",2018242N13343,FLORENCE,2018,212,-4,4,25,2,70,22.5,17.1857,799.586,539.524,1.30923,0.90607,1.24933,1.48202,0.0250407,0.0161267,1.00914,1.49557,-260.062,-166.835
"Jacksonville, FL",2018242N13343,FLORENCE,2018,363.1,0,4,63,3,70,11.6667,12.9714,640.289,723.706,0.899413,1.15197,0.853914,0.884735,0.00849352,0.0267298,0.981607,0.868463,83.4179,72.7957
"New York, NY & NJ",2018242N13343,FLORENCE,2018,155.5,-4,4,25,1,70,37,37.0429,1633.6,1886.4,0.998843,1.00591,0.861897,0.865988,0.0206452,0.0267421,0.993775,0.860597,252.799,2.18249
"Philadelphia Regional Port, PA",2018242N13343,FLORENCE,2018,205.5,-4,4,25,1,70,12,11.8286,475.446,395.796,1.01449,0.962672,1.22999,1.20124,0,0.00782651,0.992173,1.19184,-79.6498,-5.73618
"Port of Charleston, SC",2018242N13343,FLORENCE,2018,64.3,3,4,98,5,70,9.4,18.3714,1341.24,1899.32,0.511664,1.70651,0.808752,0.70617,0,0.0205092,0.979491,0.691687,558.075,927.504
"Port of Savannah, GA",2018242N13343,FLORENCE,2018,167.2,2,4,90,5,70,13,14.6571,1192.7,1431.45,0.88694,0.956523,0.98212,0.833209,0.0142321,0.0189133,0.995251,0.829252,238.753,161.84
"South Jersey Port Corp, NJ",2018242N13343,FLORENCE,2018,246.3,-4,4,25,1,70,12,12.2429,248.513,275.304,0.980163,0.988892,0.931298,0.902685,0.125458,0.087548,1.04335,0.941815,26.7912,5.4611
"Virginia, VA, Port of",2018242N13343,FLORENCE,2018,307,3,4,98,6,70,21.8333,27.5714,2547,3606.02,0.791883,1.16955,0.762641,0.706318,0.0157515,0.0175751,0.998147,0.705009,1059.02,750.476
"Beaumont, TX",2018246N22283,GORDON,2018,446.6,0,0,38,2,70,14,15.2571,1316.29,1287.02,0.917603,1.39082,0.801385,1.02274,0,0.000905961,0.999094,1.02182,-29.2713,106.047
"Greater Lafourche Port, LA",2018246N22283,GORDON,2018,205.7,0,0,60,3,70,2.66667,1.9,3091.41,2354.6,1.40351,1.01616,0.920585,1.31292,0.0192597,0.0470279,0.971686,1.27575,-736.81,-950.103
"Jacksonville, FL",2018246N22283,GORDON,2018,445.3,0,0,55,2,70,12,13.2143,481.224,487.588,0.908108,1.02615,1.05912,0.986947,0.0180702,0.0248806,0.993064,0.980102,6.36457,44.8054
"Lake Charles Harbor District, LA",2018246N22283,GORDON,2018,395.4,0,0,60,2,70,12.5,10.5857,680.891,690.692,1.18084,0.850145,0.981998,0.985811,0.0179174,0.0370464,0.980522,0.966609,9.80045,-124.902
"Mobile, AL",2018246N22283,GORDON,2018,48.4,0,0,60,3,70,6,10.8714,197.555,563.049,0.551905,0.995713,0.638475,0.350867,0.0357782,0.0205587,1.01578,0.356405,365.494,252.299
"New Orleans, LA",2018246N22283,GORDON,2018,141.5,0,0,60,3,70,37.6667,31.6429,2367.6,2175.71,1.19037,1.05285,0.868281,1.0882,0.00993173,0.00221133,1.0078,1.09668,-191.891,-414.187
"Plaquemines Port District, LA",2018246N22283,GORDON,2018,147.6,0,0,60,3,70,56.3333,59.7571,4619.26,4556.06,0.942705,1.08152,0.994425,1.01387,0.0230834,0.0434691,0.979133,0.992715,-63.2027,261.041
"Port Arthur, TX",2018246N22283,GORDON,2018,443.4,0,0,45,2,70,6.5,6.77143,670.085,578.885,0.959916,1.16132,1.03837,1.15754,0,0.00168925,0.998311,1.15559,-91.1996,23.2042
"Port Everglades, FL",2018246N22283,GORDON,2018,112,0,0,55,3,70,16,21.1571,998.336,1311.87,0.756246,1.05846,0.950707,0.761002,0.021006,0.0156244,1.0055,0.765186,313.534,319.774
"Port of Greater Baton Rouge, LA",2018246N22283,GORDON,2018,209.8,0,0,60,4,70,14,12.9571,1555.38,1519.94,1.08049,0.930123,1.01824,1.02331,0,0.00771966,0.99228,1.01541,-35.4343,-122.333
"Port of Palm Beach District, FL",2018246N22283,GORDON,2018,160,0,0,55,2,70,3.5,5.27143,245.741,266.555,0.663957,1.51433,0.916916,0.921915,0,0.0170427,0.982957,0.906204,20.8138,89.574
"PortMiami, FL",2018246N22283,GORDON,2018,60.2,0,0,55,3,70,9.33333,14.0286,536.447,685.545,0.665309,1.17565,1.00044,0.782512,0.0115025,0.00827291,1.00327,0.785069,149.097,229.446
"South Louisiana, LA, Port of",2018246N22283,GORDON,2018,182.5,0,0,60,3,70,51.3333,48.4286,3975.63,3937.9,1.05998,0.975539,0.976334,1.00958,0.00529755,0.00147902,1.00384,1.01346,-37.7255,-236.197
"Tampa Port Authority, FL",2018246N22283,GORDON,2018,173.2,0,0,60,2,70,6,8.95714,512.71,557.889,0.669856,1.14425,1.19901,0.919019,0,0.0167974,0.983203,0.903582,45.1785,184.183
"San Juan, PR",2018251N13325,ISAAC,2018,358.3,0,1,35,2,70,6.5,6.82857,455.271,254.243,0.951883,1.13665,1.65505,1.79069,0,0.0149654,0.985035,1.7639,-201.028,12.2334
"San Juan, PR",2018265N08338,KIRK,2018,489.6,0,0,35,1,70,4,6.27143,63.1009,120.558,0.637813,1.18018,0.695343,0.523407,0,0.0140757,0.985924,0.51604,57.4571,43.6645
"Baltimore, MD",2018280N18273,MICHAEL,2018,272.1,0,5,60,2,70,13,17.9429,409.232,595.14,0.724522,1.0886,0.871825,0.687623,0.023411,0.0181532,1.00538,0.691325,185.908,163.948
"Greater Lafourche Port, LA",2018280N18273,MICHAEL,2018,378.5,5,5,140,1,70,2,2.41429,1141.08,810.184,0.828402,2.01022,0.845755,1.40841,0.0200458,0.0447619,0.974778,1.37289,-330.891,139.026
"Jacksonville, FL",2018280N18273,MICHAEL,2018,289.4,5,5,140,2,70,14,12.1857,463.491,455.504,1.14889,0.814475,1.08741,1.01753,0.035106,0.0324901,1.00271,1.02029,-7.98679,-67.8183
"Mobile, AL",2018280N18273,MICHAEL,2018,254.1,5,5,140,2,70,12,10.6714,356.947,320.611,1.1245,1.09239,0.906335,1.11333,0.0373059,0.0336047,1.00384,1.11761,-36.336,-39.9155
"New Orleans, LA",2018280N18273,MICHAEL,2018,377.9,5,5,140,1,70,29,34.2,651.905,771.568,0.847953,0.946935,1.05225,0.844909,0,0.00479888,0.995201,0.840854,119.664,117.314
"New York, NY & NJ",2018280N18273,MICHAEL,2018,305.5,-4,5,60,1,70,37,35.0857,2029.61,1713.91,1.05456,1.01984,1.10108,1.1842,0.0141319,0.0264394,0.987516,1.16941,-315.7,-93.5116
"Philadelphia Regional Port, PA",2018280N18273,MICHAEL,2018,282.8,-4,5,60,1,70,11,12.3143,434.683,422.578,0.893271,1.34624,0.855379,1.02865,0,0.00838211,0.991618,1.02002,-12.105,45.1011
"Plaquemines Port District, LA",2018280N18273,MICHAEL,2018,310.2,5,5,140,2,70,58.5,60.8,2905.43,3176.83,0.962171,1.22631,0.775109,0.914569,0.005657,0.0435209,0.961921,0.879743,271.4,120.176
"Port of Charleston, SC",2018280N18273,MICHAEL,2018,195.2,1,5,80,2,70,19.5,17.6571,849.754,790.814,1.10437,0.998071,0.974863,1.07453,0.018366,0.0184263,0.999939,1.07447,-58.9401,-82.5364
"Port of Savannah, GA",2018280N18273,MICHAEL,2018,193.7,5,5,140,2,70,12.5,14.6571,466.304,563.484,0.852827,0.974911,0.995317,0.827536,0.040328,0.017777,1.0235,0.846982,97.1805,82.9299
"South Jersey Port Corp, NJ",2018280N18273,MICHAEL,2018,242.7,-4,5,60,1,70,11,12.2429,194.67,245.909,0.898483,1.1464,0.76856,0.791635,0.0520995,0.0785491,0.972097,0.769545,51.2389,24.9639
"South Louisiana, LA, Port of",2018280N18273,MICHAEL,2018,422.7,5,5,140,1,70,43,49.1857,962.882,1276.52,0.874238,1.07839,0.800089,0.754302,0,0.00539014,0.99461,0.750236,313.638,160.538
"Tampa Port Authority, FL",2018280N18273,MICHAEL,2018,384.4,5,5,140,3,70,6.66667,8.35714,924.603,837.05,0.797721,1.51467,0.914189,1.1046,0,0.0150265,0.984974,1.088,-87.5533,169.318
"Virginia, VA, Port of",2018280N18273,MICHAEL,2018,18.3,0,5,60,2,70,20.5,26.2286,959.985,1120.31,0.78159,1.16183,0.94364,0.856896,0,0.0206192,0.979381,0.839228,160.32,244.685
"Beaumont, TX",2019192N29274,BARRY,2019,130.5,1,1,65,4,70,10.25,14.6571,2191.5,2638.36,0.699318,1.0643,1.11601,0.830627,0,0.0019374,0.998063,0.829018,446.868,793.309
"Galveston, TX",2019192N29274,BARRY,2019,236.4,1,1,65,4,70,9.5,11.1571,1921.91,2111.5,0.851472,1.36874,0.781003,0.910213,0.0356067,0.0431325,0.992196,0.90311,189.585,313.615
"Greater Lafourche Port, LA",2019192N29274,BARRY,2019,112.5,1,1,65,5,70,4.8,2.55714,5219.32,3784.8,1.87709,0.85489,0.859359,1.37902,0.0246443,0.0515011,0.972465,1.34105,-1434.52,-3319.63
"Houston Port Authority, TX",2019192N29274,BARRY,2019,245.6,1,1,65,4,70,64.5,66.3143,8289.43,8042.92,0.972641,0.950492,1.11483,1.03065,0.00323728,0.00242646,1.00081,1.03149,-246.508,220.046
"Lake Charles Harbor District, LA",2019192N29274,BARRY,2019,70.5,1,1,65,5,70,8,9.48571,1862.75,1547.21,0.843373,2.37563,0.600907,1.20394,0.0154449,0.0435692,0.971435,1.16955,-315.543,242.333
"Mobile, AL",2019192N29274,BARRY,2019,286.4,1,1,65,5,70,10.8,10.0286,1151.1,864.054,1.07692,0.959005,1.28993,1.3322,0.0176321,0.0180075,0.999618,1.33169,-287.041,-66.4657
"New Orleans, LA",2019192N29274,BARRY,2019,193.6,1,1,65,6,70,26.5,34.1857,3528.42,4013.24,0.775178,1.23543,0.918051,0.879195,0.00238169,0.00188728,1.0005,0.879631,484.819,902.265
"Plaquemines Port District, LA",2019192N29274,BARRY,2019,158.7,1,1,65,5,70,51.4,69.7,6346.02,7501.42,0.737446,1.38734,0.826886,0.845976,0.0196789,0.0397179,0.979559,0.828683,1155.4,1969.53
"Port Arthur, TX",2019192N29274,BARRY,2019,122.4,1,1,65,4,70,2.75,6.74286,412.368,1139.76,0.407839,2.0515,0.432424,0.361802,0,0.00455759,0.995442,0.360153,727.395,674.923
"Port Freeport, TX",2019192N29274,BARRY,2019,295.7,1,1,65,4,70,8,7.44286,1229.41,1025.46,1.07486,1.0871,1.02603,1.19889,0.0058305,0.022851,0.98288,1.17836,-203.949,-76.7621
"Port of Greater Baton Rouge, LA",2019192N29274,BARRY,2019,122.2,1,1,65,6,70,5.33333,11.5,1923.16,2329.06,0.463768,1.68497,1.05667,0.825722,0,0.00246372,0.997536,0.823687,405.905,1248.92
"South Louisiana, LA, Port of",2019192N29274,BARRY,2019,154.2,1,1,65,6,70,27.3333,32.8857,4458.66,5228.3,0.831161,1.14075,0.899432,0.852794,0,0.00111487,0.998885,0.851843,769.638,882.739
"Tampa Port Authority, FL",2019192N29274,BARRY,2019,412.3,-3,1,30,1,70,8,10.2,262.244,296.099,0.784314,1.26414,0.893273,0.885665,0,0.00359325,0.996407,0.882483,33.8544,63.8644
"Texas City, TX",2019192N29274,BARRY,2019,228,1,1,65,4,70,6.25,6.95714,1093.43,1352.64,0.898357,0.848052,1.06106,0.808369,0.0487559,0.019843,1.03039,0.832939,259.207,137.486
"Jacksonville, FL",2019204N25283,UNNAMED,2019,251.3,-1,-1,30,1,70,11,9.47143,199.922,195.354,1.16139,0.859231,1.02554,1.02338,0.0504824,0.0211133,1.03093,1.05504,-4.56811,-31.5278
"Port Everglades, FL",2019204N25283,UNNAMED,2019,95.5,-1,-1,30,2,70,21,22.0714,769.075,816.199,0.951456,0.97735,1.01329,0.942265,0.0300422,0.0149563,1.01555,0.95692,47.1234,39.6213
"Port of Charleston, SC",2019204N25283,UNNAMED,2019,491.8,-1,-1,30,1,70,17,17.4429,469.933,474.066,0.974611,0.974871,1.04332,0.991282,0.0794838,0.022657,1.06173,1.05248,4.13313,12.0361
"Port of Palm Beach District, FL",2019204N25283,UNNAMED,2019,91.6,-1,-1,30,2,70,6,4.37143,252.965,246.897,1.37255,0.695345,1.07353,1.02458,0.0181409,0.0171904,1.00097,1.02557,-6.06766,-91.9812
"Port of Savannah, GA",2019204N25283,UNNAMED,2019,403.6,-1,-1,30,1,70,16,13.7143,294.176,248.668,1.16667,0.847849,1.19598,1.18301,0,0.0120668,0.987933,1.16874,-45.5087,-41.4446
"PortMiami, FL",2019204N25283,UNNAMED,2019,119.5,-1,-1,30,2,70,10,12.9714,471.74,466.972,0.770925,1.15838,1.13122,1.01021,0.0151105,0.019578,0.995464,1.00563,-4.76783,106.972
"Tampa Port Authority, FL",2019204N25283,UNNAMED,2019,242.5,-1,-1,30,2,70,6.5,10.3,507.667,573.451,0.631068,1.2654,1.10861,0.885285,0.0144968,0.00242259,1.01225,0.896131,65.7836,211.564
"Baltimore, MD",2019236N10314,DORIAN,2019,437.7,2,5,85,1,70,10,16.8857,255.552,292.225,0.592217,1.99368,0.740673,0.874505,0.0296564,0.0247263,1.00508,0.878948,36.6729,119.164
"Jacksonville, FL",2019236N10314,DORIAN,2019,188.2,4,5,120,5,70,3.4,9.92857,635.945,1049.32,0.342446,2.57451,0.687425,0.606056,0.00686231,0.0241501,0.982593,0.595506,413.373,689.983
"New York, NY & NJ",2019236N10314,DORIAN,2019,441.4,2,5,85,2,70,25,32.9286,3370.13,3502.21,0.759219,1.4784,0.857326,0.962285,0.0183991,0.030822,0.987344,0.950106,132.086,843.266
"Philadelphia Regional Port, PA",2019236N10314,DORIAN,2019,421.8,2,5,85,2,70,7.5,10.0286,361.059,557.891,0.747863,1.3411,0.645276,0.647185,0.0360382,0.0146171,1.02222,0.661567,196.832,140.665
"Port Everglades, FL",2019236N10314,DORIAN,2019,211.6,5,5,160,4,70,6.5,21.7,891.418,1681.19,0.299539,2.35138,0.752815,0.53023,0.00161657,0.0161406,0.985452,0.522516,789.773,1177.61
"Port of Charleston, SC",2019236N10314,DORIAN,2019,111.7,3,5,100,3,70,8.66667,17.0143,903.534,1505.03,0.509376,1.35375,0.870608,0.600343,0.0488274,0.0210962,1.02915,0.617846,601.496,738.404
"Port of Palm Beach District, FL",2019236N10314,DORIAN,2019,199.2,5,5,160,5,70,2,4.45714,223.239,634.728,0.448718,0.783545,1.00033,0.351708,0,0.0187216,0.981278,0.345123,411.489,349.914
"Port of Savannah, GA",2019236N10314,DORIAN,2019,163.6,3,5,100,3,70,2.33333,14.5286,132.956,836.984,0.160603,1.96571,0.503174,0.158851,0.0447575,0.0124571,1.03381,0.164223,704.028,702.562
"PortMiami, FL",2019236N10314,DORIAN,2019,242,5,5,160,4,70,9.75,12.9857,654.286,925.727,0.750825,1.01774,0.924927,0.706781,0.00223914,0.0111799,0.991039,0.700447,271.441,230.668
"San Juan, PR",2019236N10314,DORIAN,2019,80,1,5,78,2,70,6,6.74286,142.877,199.337,0.889831,1.19234,0.675566,0.71676,0,0.00853919,0.991461,0.71064,56.46,21.9608
"South Jersey Port Corp, NJ",2019236N10314,DORIAN,2019,376.9,2,5,85,2,70,7.5,11.8,245.408,465.77,0.635593,1.85455,0.44699,0.526886,0.0399458,0.170332,0.864189,0.455329,220.362,169.73
"Tampa Port Authority, FL",2019236N10314,DORIAN,2019,321.2,5,5,155,4,70,11.75,9.42857,1243.7,1152.48,1.24621,0.997858,0.867807,1.07915,0,0.00159695,0.998403,1.07743,-91.2243,-283.754
"Virginia, VA, Port of",2019236N10314,DORIAN,2019,184.2,2,5,93,3,70,17.3333,24.7286,1106.71,1691.93,0.700944,1.37108,0.680623,0.654112,0.0225172,0.0204566,1.00211,0.655491,585.218,505.982
"New York, NY & NJ",2019239N32287,ERIN,2019,494.6,-4,0,35,1,70,37,33.9714,2030.9,1737.57,1.08915,0.938672,1.14326,1.16882,0.0344893,0.0349076,0.999567,1.16831,-293.333,-154.905
"South Jersey Port Corp, NJ",2019239N32287,ERIN,2019,463,-1,0,35,1,70,5,12,178.88,239.364,0.416667,1.91798,0.935125,0.747311,0.142124,0.154535,0.985533,0.7365,60.4848,139.629
"Virginia, VA, Port of",2019239N32287,ERIN,2019,400.1,-1,0,35,2,70,23.5,23.3857,1051.49,1074.06,1.00489,1.01767,0.957304,0.978983,0,0.0235629,0.976437,0.955915,22.574,-5.24893
"Corpus Christi, TX",2019246N24266,FERNAND,2019,365.4,0,0,45,2,70,16.5,16.2571,1899.14,1410.07,1.01494,1.03905,1.27715,1.34684,0.0196194,0.00698996,1.01288,1.36419,-489.069,-21.0644
"Jacksonville, FL",2019256N23286,HUMBERTO,2019,370.3,1,3,75,2,70,10,8.8,609.408,400.029,1.13636,1.08777,1.23242,1.52341,0.0161399,0.0242076,0.9918,1.51092,-209.379,-54.5494
"Port Everglades, FL",2019256N23286,HUMBERTO,2019,339.8,1,3,70,3,70,24.3333,20.3286,1339.86,1292.69,1.197,0.806552,1.07359,1.03649,0.0144271,0.0132997,1.00114,1.03768,-47.17,-254.661
"Port of Charleston, SC",2019256N23286,HUMBERTO,2019,467.2,1,3,75,2,70,16.5,16.6143,993.294,1001.79,0.993121,0.961291,1.03858,0.991514,0.0112653,0.0243834,0.986733,0.978359,8.50086,6.89111
"Port of Palm Beach District, FL",2019256N23286,HUMBERTO,2019,316.6,1,3,73,3,70,4.66667,4.01429,385.902,385.383,1.16251,0.787835,1.09333,1.00135,0,0.0200202,0.97998,0.981299,-0.518596,-62.6305
"Port of Savannah, GA",2019256N23286,HUMBERTO,2019,439.4,1,3,75,2,70,14.5,14.1,516.794,537.982,1.02837,0.975872,0.95721,0.960614,0,0.0132565,0.986743,0.94788,21.1889,-15.2619
"PortMiami, FL",2019256N23286,HUMBERTO,2019,373.1,1,3,65,3,70,11.3333,13.0286,741.043,701.728,0.869883,1.29145,0.94002,1.05603,0.0064046,0.00793601,0.998459,1.0544,-39.3149,91.3067
"Tampa Port Authority, FL",2019256N23286,HUMBERTO,2019,435.7,1,3,68,2,70,9.5,10.0571,669.543,568.96,0.944602,1.22503,1.01696,1.17678,0,0.001598,0.998402,1.1749,-100.583,31.5191
"San Juan, PR",2019260N13317,JERRY,2019,393,0,2,63,2,70,5.5,6.71429,150.11,216.116,0.819149,1.12251,0.755384,0.694579,0,0.00931429,0.990686,0.688109,66.0066,39.0849
"Beaumont, TX",2019261N28264,IMELDA,2019,102.5,0,0,40,3,70,13,12.1143,1516.05,1658.43,1.07311,0.721865,1.18009,0.91415,0,0.00217101,0.997829,0.912165,142.376,-121.253
"Corpus Christi, TX",2019261N28264,IMELDA,2019,185.5,0,0,40,3,70,16.3333,17.0286,1999.58,2379.07,0.959172,0.904149,0.969159,0.840488,0.0133702,0.00638857,1.00708,0.846435,379.491,97.1319
"Galveston, TX",2019261N28264,IMELDA,2019,59.3,0,0,40,3,70,10.6667,10.3571,1374.81,1600.38,1.02989,1.01105,0.825008,0.859048,0.0363173,0.0459274,0.990028,0.850482,225.577,-47.8276
"Greater Lafourche Port, LA",2019261N28264,IMELDA,2019,477.3,-1,0,30,2,70,1,2.41429,1602.88,1643.81,0.414201,2.22897,1.05617,0.975101,0.0578972,0.0462341,1.01238,0.987172,40.9299,962.945
"Houston Port Authority, TX",2019261N28264,IMELDA,2019,20.6,0,0,40,3,70,66.3333,64.1429,6108.57,5927.86,1.03415,1.08195,0.920981,1.03049,0,0.00197184,0.998028,1.02845,-180.715,-202.436
"Lake Charles Harbor District, LA",2019261N28264,IMELDA,2019,178.4,0,0,40,3,70,6.66667,8.85714,569.773,821.256,0.752688,1.16906,0.788444,0.693782,0.0478167,0.0462742,1.00162,0.694906,251.483,203.106
"New Orleans, LA",2019261N28264,IMELDA,2019,472.7,-1,0,30,2,70,38,30.0429,1579.92,1378.96,1.26486,0.990002,0.914963,1.14573,0.00895487,0.000875342,1.00815,1.15507,-200.956,-365.231
"Port Arthur, TX",2019261N28264,IMELDA,2019,128.9,0,0,40,3,70,5,6.04286,532.383,706.568,0.827423,1.2846,0.708881,0.753477,0,0.00447574,0.995524,0.750104,174.185,121.937
"Port Freeport, TX",2019261N28264,IMELDA,2019,17.8,0,0,40,3,70,3.66667,6.57143,349.601,774.437,0.557971,1.28755,0.628363,0.451426,0,0.0170953,0.982905,0.443709,424.836,342.323
"Port of Greater Baton Rouge, LA",2019261N28264,IMELDA,2019,342.1,0,0,40,3,70,13.3333,11.2429,1031.69,954.462,1.18594,0.868026,1.05001,1.08091,0,0.0020555,0.997944,1.07869,-77.2256,-177.471
"South Louisiana, LA, Port of",2019261N28264,IMELDA,2019,428.1,0,0,40,3,70,39.6667,37.1286,2587.8,2834.91,1.06836,0.966145,0.884365,0.912833,0.00590923,0.0013076,1.00463,0.917058,247.111,-193.793
"Texas City, TX",2019261N28264,IMELDA,2019,49.2,0,0,40,3,70,8,6.38571,1104.33,946.067,1.2528,0.899098,1.03631,1.16729,0,0.0127931,0.987207,1.15236,-158.267,-239.162
"San Juan, PR",2019265N12301,KAREN,2019,76.2,0,0,40,3,70,6,6.74286,345.731,323.095,0.889831,1.51987,0.791213,1.07006,0,0.0120468,0.987953,1.05717,-22.6362,35.5952
"New York, NY & NJ",2019282N35286,MELISSA,2019,458.4,-2,0,55,2,70,26.5,30.8286,3101.27,3191.02,0.859592,1.29862,0.87063,0.971872,0.0136471,0.0399815,0.973301,0.945924,89.7571,448.045
"Philadelphia Regional Port, PA",2019282N35286,MELISSA,2019,494.5,-4,0,43,1,70,8,9.55714,440.649,263.82,0.83707,1.15725,1.72423,1.67027,0,0.0229487,0.977051,1.63194,-176.829,42.9841
"South Jersey Port Corp, NJ",2019282N35286,MELISSA,2019,448,-2,0,50,4,70,11.25,10.5,775.943,846.226,1.07143,0.685816,1.24788,0.916945,0.323371,0.182783,1.20778,1.10747,70.2831,-60.4447
"Virginia, VA, Port of",2019282N35286,MELISSA,2019,290.6,-4,0,43,2,70,24,25.1,1262.85,1177.81,0.956175,1.03672,1.08163,1.07221,0.0372408,0.0219015,1.01593,1.08929,-85.0449,51.617
"Baltimore, MD",2019291N22264,NESTOR,2019,238.9,-4,0,40,2,70,13,16.9429,443.623,599.062,0.767285,1.16694,0.827057,0.740528,0.0528752,0.0294089,1.02478,0.758876,155.44,139.411
"Greater Lafourche Port, LA",2019291N22264,NESTOR,2019,292.7,0,0,50,2,70,4,2.34286,2029.22,1617.08,1.70732,0.783716,0.937831,1.25487,0.0342688,0.0452403,0.988639,1.24061,-412.141,-1143.79
"Jacksonville, FL",2019291N22264,NESTOR,2019,239.1,-4,0,40,2,70,6.5,10.1429,221.261,444.04,0.640845,1.03059,0.754474,0.49829,0.0170556,0.0255392,0.991369,0.493989,222.78,159.479
"Mobile, AL",2019291N22264,NESTOR,2019,223.5,0,0,50,3,70,14,9.47143,823.791,518.691,1.47813,0.976012,1.10088,1.58821,0,0.00993029,0.99007,1.57244,-305.099,-248.002
"New Orleans, LA",2019291N22264,NESTOR,2019,320.3,0,0,50,2,70,31,28.4143,1433.03,1414.61,1.091,1.05056,0.883835,1.01302,0,0.00142594,0.998574,1.01158,-18.4176,-128.73
"New York, NY & NJ",2019291N22264,NESTOR,2019,358.5,-4,0,40,2,70,28,30.4286,3182.24,3101.55,0.920188,1.12204,0.99373,1.02602,0.0360481,0.038301,0.997663,1.02362,-80.6925,247.542
"Philadelphia Regional Port, PA",2019291N22264,NESTOR,2019,286.2,-4,0,40,2,70,11,9.65714,401.184,573.108,1.13905,0.808017,0.760577,0.700015,0,0.0212343,0.978766,0.685151,171.924,-79.6925
"Plaquemines Port District, LA",2019291N22264,NESTOR,2019,235.8,0,0,50,2,70,46.5,50.3571,2152.96,2715.57,0.923404,0.993762,0.863974,0.792821,0.0341744,0.0470165,0.986703,0.782279,562.611,208.001
"Port of Charleston, SC",2019291N22264,NESTOR,2019,124.4,-4,0,40,1,70,15,15.2429,439.502,474.061,0.984067,0.914668,1.03,0.9271,0.0703047,0.0269243,1.04666,0.970359,34.559,7.55299
"Port of Greater Baton Rouge, LA",2019291N22264,NESTOR,2019,447.1,0,0,50,2,70,11.5,11.2286,609.156,614.896,1.02417,1.05838,0.913931,0.990665,0.030491,0.0042205,1.0271,1.01751,5.73983,-14.8639
"Port of Savannah, GA",2019291N22264,NESTOR,2019,123.8,-4,0,40,2,70,15,13.7143,603.908,540.359,1.09375,1.06143,0.962674,1.11761,0,0.0171739,0.982826,1.09841,-63.5491,-50.6587
"South Jersey Port Corp, NJ",2019291N22264,NESTOR,2019,235.8,-4,0,40,2,70,13.5,11.2571,573.042,467.893,1.19924,0.779643,1.3099,1.22473,0.14519,0.181368,0.957676,1.17289,-105.149,-93.2223
"South Louisiana, LA, Port of",2019291N22264,NESTOR,2019,357.3,0,0,50,2,70,39,36.4714,2083.88,2019.6,1.06933,1.12193,0.860065,1.03183,0,0.001891,0.998109,1.02988,-64.2838,-140.019
"Tampa Port Authority, FL",2019291N22264,NESTOR,2019,388.6,0,0,50,2,70,9,7.77143,522.053,522.573,1.15809,0.773485,1.11526,0.999006,0,0.000721225,0.999279,0.998286,0.51941,-82.6126
"Virginia, VA, Port of",2019291N22264,NESTOR,2019,35.1,-4,0,40,2,70,32.5,24.5571,1332.49,1211.57,1.32344,0.837163,0.992664,1.09981,0.017464,0.0214858,0.995907,1.09531,-120.927,-391.874
"Beaumont, TX",2019299N25265,OLGA,2019,317,0,0,45,2,70,9.5,11.6,999.391,1087.08,0.818966,0.986652,1.13774,0.919335,0,0.00235027,0.99765,0.917174,87.6898,196.799
"Corpus Christi, TX",2019299N25265,OLGA,2019,434.2,0,0,43,1,70,16,16.9,1133.63,848.679,0.946746,1.22317,1.15348,1.33576,0.016106,0.0081407,1.0081,1.34658,-284.955,45.1959
"Galveston, TX",2019299N25265,OLGA,2019,330.5,0,0,45,2,70,10,10.6286,1163.52,1113.81,0.94086,1.28387,0.864799,1.04463,0.0386844,0.0436305,0.994855,1.03925,-49.7074,65.8704
"Greater Lafourche Port, LA",2019299N25265,OLGA,2019,82.2,0,0,45,2,70,4,2.4,1787,1621.42,1.66667,0.708587,0.93323,1.10212,0.0492091,0.0450324,1.00439,1.10697,-165.586,-1080.94
"Houston Port Authority, TX",2019299N25265,OLGA,2019,410,0,0,45,2,70,55.5,62.9143,3295.57,3991.23,0.882153,1.01601,0.921261,0.825703,0.00984927,0.00217158,1.00775,0.832105,695.661,470.357
"Lake Charles Harbor District, LA",2019299N25265,OLGA,2019,240.3,0,0,45,2,70,10,7.94286,721.21,491.019,1.25899,1.25933,0.926404,1.4688,0.0512382,0.0493747,1.00196,1.47169,-230.192,-127.17
"Mobile, AL",2019299N25265,OLGA,2019,214,-4,0,45,1,70,11,9.58571,164.973,174.237,1.14754,1.01279,0.814675,0.946833,0,0.00749436,0.992506,0.939737,9.26364,-25.7071
"New Orleans, LA",2019299N25265,OLGA,2019,57.1,-4,0,45,1,70,25,27.8,785.362,690.799,0.899281,1.20007,1.05345,1.13689,0,0.00109949,0.998901,1.13564,-94.5627,69.5769
"Plaquemines Port District, LA",2019299N25265,OLGA,2019,128,0,0,45,2,70,48,50.1571,2326.04,2737.63,0.956992,1.1027,0.80515,0.849654,0.0321438,0.0458753,0.985813,0.8376,411.591,117.739
"Port Arthur, TX",2019299N25265,OLGA,2019,291.6,0,0,45,2,70,5.5,5.47143,357.366,407.911,1.00522,0.983917,0.885781,0.876086,0,0.000906743,0.999093,0.875292,50.5459,-2.13009
"Port Freeport, TX",2019299N25265,OLGA,2019,377.9,0,0,45,2,70,8.5,6.92857,829.842,529.778,1.2268,0.953803,1.33865,1.56639,0,0.013839,0.986161,1.54472,-300.063,-120.156
"Port of Greater Baton Rouge, LA",2019299N25265,OLGA,2019,83.8,0,0,45,2,70,9,11.0571,550.708,621.301,0.813953,1.0454,1.04169,0.886378,0,0.00417032,0.99583,0.882682,70.5933,115.591
"South Louisiana, LA, Port of",2019299N25265,OLGA,2019,9.2,0,0,45,2,70,31,36.1143,1367.04,2025.34,0.858386,1.07019,0.734746,0.674964,0,0.00160813,0.998392,0.673879,658.31,286.817
"Texas City, TX",2019299N25265,OLGA,2019,345,0,0,45,2,70,10,6.02857,883.922,635.866,1.65877,0.870337,0.962887,1.39011,0,0.0126791,0.987321,1.37248,-248.055,-418.888
"Baltimore, MD",2020138N28281,ARTHUR,2020,456.1,0,0,50,2,70,16,16.5429,727.413,579.369,0.967185,1.12339,1.15554,1.25552,0.00626918,0.0172048,0.988995,1.24171,-148.043,19.0121
"Jacksonville, FL",2020138N28281,ARTHUR,2020,384.3,0,0,40,3,70,6.66667,7.94286,897.371,925.235,0.839329,0.998149,1.15769,0.969885,0.0208914,0.0266636,0.994105,0.964168,27.863,148.659
"New York, NY & NJ",2020138N28281,ARTHUR,2020,490.5,0,0,50,1,70,31,27.3571,1296.76,1190.62,1.13316,0.935793,1.0271,1.08914,0.0179523,0.0198396,0.998078,1.08705,-106.137,-158.542
"Philadelphia Regional Port, PA",2020138N28281,ARTHUR,2020,458.9,0,0,50,2,70,10,9.48571,463.994,596.359,1.05422,0.944219,0.781632,0.778045,0.0179697,0.0101113,1.008,0.784271,132.365,-32.3327
"Port Everglades, FL",2020138N28281,ARTHUR,2020,269.2,0,0,35,2,70,23,19.8143,1088.21,1120.79,1.16078,0.994777,0.840841,0.970933,0.0171637,0.00837046,1.00895,0.979619,32.5782,-180.199
"Port of Charleston, SC",2020138N28281,ARTHUR,2020,299,0,0,45,2,70,11.5,15.0429,703.78,892.409,0.764482,1.25666,0.820894,0.788629,0.00744252,0.0292186,0.978061,0.771327,188.629,210.178
"Port of Palm Beach District, FL",2020138N28281,ARTHUR,2020,229.2,0,0,35,2,70,3,4.67143,534.193,551.507,0.642202,1.60732,0.938368,0.968607,0.00412405,0.0133582,0.990728,0.959626,17.3136,197.328
"Port of Savannah, GA",2020138N28281,ARTHUR,2020,379,0,0,43,3,70,10.6667,11.6571,646.709,699.132,0.915033,0.954293,1.05933,0.925016,0,0.0126695,0.98733,0.913297,52.4235,59.4034
"PortMiami, FL",2020138N28281,ARTHUR,2020,320.2,0,0,35,2,70,13.5,12.4714,781.782,925.921,1.08247,1.01479,0.768631,0.844329,0.0362871,0.0108711,1.02637,0.866597,144.139,-76.3646
"South Jersey Port Corp, NJ",2020138N28281,ARTHUR,2020,410.4,0,0,53,2,70,7.5,9.45714,233.398,412.277,0.793051,0.867035,0.823321,0.566119,0.041229,0.070736,0.969224,0.548696,178.879,85.3201
"Tampa Port Authority, FL",2020138N28281,ARTHUR,2020,358.3,0,0,35,2,70,9.5,10.3429,462.239,634.404,0.918508,0.852558,0.930451,0.728619,0,0.0020859,0.997914,0.727099,172.165,51.6987
"Virginia, VA, Port of",2020138N28281,ARTHUR,2020,212.8,0,0,50,2,70,24.5,21.3571,1132.59,1162.22,1.14716,0.974651,0.871591,0.974506,0.0121236,0.0160135,0.996062,0.970669,29.6299,-171.03
"Baltimore, MD",2020148N32281,BERTHA,2020,346.6,-4,0,20,1,70,19,16.3,390.348,291.83,1.16564,1.02273,1.122,1.33759,0,0.0122422,0.987758,1.32121,-98.5178,-48.3399
"Jacksonville, FL",2020148N32281,BERTHA,2020,302,0,0,45,1,70,10,7.37143,314.813,304.375,1.35659,0.812268,0.938633,1.03429,0.0870015,0.0264699,1.0663,1.10287,-10.4379,-108.537
"Philadelphia Regional Port, PA",2020148N32281,BERTHA,2020,476.1,-4,0,20,1,70,6,9.08571,233.003,285.496,0.660377,0.904289,1.36667,0.816135,0,0.00745568,0.992544,0.81005,52.4928,96.961
"Port of Charleston, SC",2020148N32281,BERTHA,2020,23.4,0,0,45,2,70,15.5,14.7714,869.286,936.186,1.04932,0.998386,0.886325,0.928539,0.0230764,0.0267447,0.996245,0.925053,66.9005,-46.1755
"Port of Savannah, GA",2020148N32281,BERTHA,2020,160.5,0,0,45,2,70,11.5,11.4286,423.083,440.741,1.00625,1.1347,0.840723,0.959934,0,0.0145292,0.985471,0.945987,17.6586,-2.75463
"South Jersey Port Corp, NJ",2020148N32281,BERTHA,2020,484.5,-4,0,20,1,70,6,8.91429,71.8879,186.828,0.673077,0.248974,2.29612,0.384781,0,0.0703114,0.929689,0.357727,114.94,61.0784
"Virginia, VA, Port of",2020148N32281,BERTHA,2020,424.3,-1,0,30,2,70,21.5,21.0143,1179.99,1169.3,1.02311,0.971136,1.01566,1.00915,0,0.011679,0.988321,0.99736,-10.694,-27.0266
"Beaumont, TX",2020154N19269,CRISTOBAL,2020,311.1,0,0,45,3,70,11,13.5143,1202.21,1523.41,0.813953,0.901901,1.07499,0.789159,0,0.00156575,0.998434,0.787924,321.196,283.424
"Galveston, TX",2020154N19269,CRISTOBAL,2020,415.9,0,0,45,2,70,10.5,10.2857,1065.29,948.16,1.02083,1.4007,0.785751,1.12353,0.0246513,0.034921,0.989471,1.1117,-117.129,-19.7533
"Greater Lafourche Port, LA",2020154N19269,CRISTOBAL,2020,42.8,0,0,45,3,70,2,3,2616.2,1976.58,0.666667,2.29613,0.864674,1.3236,0.00766969,0.0549166,0.952388,1.26058,-639.624,658.86
"Houston Port Authority, TX",2020154N19269,CRISTOBAL,2020,424.5,0,0,35,1,70,47,53.1286,1634.91,1581.98,0.884646,1.07199,1.08977,1.03346,0,0.00172293,0.998277,1.03168,-52.936,182.487
"Lake Charles Harbor District, LA",2020154N19269,CRISTOBAL,2020,247.5,0,0,45,3,70,5.33333,5.47143,466.075,655.575,0.974761,1.01119,0.72128,0.71094,0.0424293,0.0260484,1.01711,0.723102,189.501,16.5463
"Mobile, AL",2020154N19269,CRISTOBAL,2020,197.9,0,0,45,2,70,6,7.54286,267.733,255.967,0.795455,1.36556,0.962925,1.04597,0,0.0519048,0.948095,0.991677,-11.7663,52.3569
"New Orleans, LA",2020154N19269,CRISTOBAL,2020,31,0,0,45,2,70,23.5,30.5286,1019.35,1114.73,0.769771,1.45393,0.817055,0.914441,0,0.0093094,0.990691,0.905928,95.3744,256.642
"Plaquemines Port District, LA",2020154N19269,CRISTOBAL,2020,32.1,0,0,45,3,70,31.3333,48.3857,1871.8,3444.44,0.647574,1.30394,0.643571,0.543428,0.0232071,0.0773688,0.944551,0.513296,1572.63,1213.91
"Port Arthur, TX",2020154N19269,CRISTOBAL,2020,302.5,0,0,45,2,70,4,5.25714,346.932,396.356,0.76087,1.23986,0.927847,0.875302,0,0.00112077,0.998879,0.874321,49.4249,94.7809
"Port Freeport, TX",2020154N19269,CRISTOBAL,2020,475.8,0,0,35,1,70,8,5.85714,304.289,211.279,1.36585,0.846844,1.24515,1.44022,0.128297,0.0191045,1.12526,1.62063,-93.0096,-77.2973
"Port of Greater Baton Rouge, LA",2020154N19269,CRISTOBAL,2020,69.1,0,0,45,3,70,4.66667,8.58571,495.17,922.008,0.543539,0.967854,1.02089,0.537056,0,0.00658006,0.99342,0.533523,426.838,420.861
"South Louisiana, LA, Port of",2020154N19269,CRISTOBAL,2020,42.9,0,0,45,3,70,24.3333,29.9714,1303.84,2116.28,0.811884,1.22473,0.619607,0.616099,0,0.00384358,0.996156,0.613731,812.444,398.106
"Texas City, TX",2020154N19269,CRISTOBAL,2020,408.1,0,0,45,2,70,4.5,5.01429,533.558,488.642,0.897436,1.26318,0.963214,1.09192,0,0.00814279,0.991857,1.08303,-44.9159,50.1171
"Baltimore, MD",2020188N28271,FAY,2020,189.4,0,0,50,3,70,15,16.2,827.277,873.554,0.925926,0.955514,1.0704,0.947024,0.0169048,0.0225571,0.99425,0.941579,46.2777,64.7077
"Greater Lafourche Port, LA",2020188N28271,FAY,2020,229.4,-3,0,30,2,70,2.5,2.67143,1207.84,1318.37,0.935829,0.991259,0.987618,0.916163,0.0579706,0.0497853,1.00869,0.924123,110.528,84.6011
"Jacksonville, FL",2020188N28271,FAY,2020,308.7,-3,0,30,3,70,7,7.88571,796.568,789.37,0.887681,1.08339,1.0493,1.00912,0.0444201,0.0235933,1.02179,1.03111,-7.19767,88.6611
"Mobile, AL",2020188N28271,FAY,2020,267.5,-3,0,30,3,70,7.66667,7.14286,353.341,389.728,1.07333,0.916086,0.922064,0.906634,0.100473,0.0533506,1.05239,0.954128,36.3875,-28.5801
"New Orleans, LA",2020188N28271,FAY,2020,287.9,-3,0,30,2,70,30,28.0857,1104.68,1145.53,1.06816,0.957036,0.943334,0.964339,0.028643,0.00924599,1.01997,0.983596,40.8509,-78.0776
"New York, NY & NJ",2020188N28271,FAY,2020,24.7,0,0,50,2,70,28.5,30.6143,2806.16,2670.96,0.930938,1.17686,0.958962,1.05062,0.0117226,0.0305168,0.980983,1.03064,-135.204,184.462
"Philadelphia Regional Port, PA",2020188N28271,FAY,2020,63.3,0,0,50,3,70,7.66667,8.05714,686.584,788.121,0.951537,0.901553,1.01551,0.871166,0.00637417,0.0200685,0.986218,0.85916,101.536,38.195
"Plaquemines Port District, LA",2020188N28271,FAY,2020,198.5,-3,0,30,2,70,45.5,44.6857,2200.93,2112.83,1.01822,1.12032,0.913179,1.0417,0.0800593,0.0798283,1.00025,1.04196,-88.0972,-38.5011
"Port of Charleston, SC",2020188N28271,FAY,2020,33.3,-3,0,35,4,70,12.75,15.0571,1898.21,1893.34,0.846774,1.00677,1.17602,1.00257,0.044666,0.0296389,1.01573,1.01834,-4.86415,290.109
"Port of Greater Baton Rouge, LA",2020188N28271,FAY,2020,390.5,-3,0,28,1,70,9,9.2,297.813,333.89,0.978261,1.15911,0.786615,0.891949,0,0.00689042,0.99311,0.885803,36.077,7.25847
"Port of Savannah, GA",2020188N28271,FAY,2020,133.7,-3,0,30,4,70,10.25,11.9571,765.558,993.982,0.857228,0.948514,0.94724,0.770194,0.0207527,0.0228249,0.997884,0.768564,228.423,141.913
"South Jersey Port Corp, NJ",2020188N28271,FAY,2020,46.8,0,0,50,3,70,6.33333,8.38571,485.189,597.758,0.755253,1.04742,1.02606,0.811681,0.0649282,0.0756891,0.988492,0.802341,112.569,146.3
"South Louisiana, LA, Port of",2020188N28271,FAY,2020,306.9,-3,0,30,2,70,30.5,30.9714,1302.71,1437.79,0.984779,1.04782,0.878064,0.906049,0.00531207,0.0029173,1.00241,0.90823,135.083,21.8852
"Tampa Port Authority, FL",2020188N28271,FAY,2020,366.9,-3,0,30,2,70,13.5,9.08571,612.246,529.362,1.48585,0.846305,0.919754,1.15657,0.0058527,0.00252825,1.00334,1.16044,-82.8841,-257.19
"Virginia, VA, Port of",2020188N28271,FAY,2020,136.4,0,0,50,4,70,18.75,20.1,2477.06,2245.4,0.932836,1.12612,1.05015,1.10317,0.01995,0.0262705,0.993551,1.09606,-231.664,150.81
"Beaumont, TX",2020205N26272,HANNA,2020,317.6,1,1,80,2,70,13,11.4286,1014.57,750.094,1.1375,1.13347,1.04908,1.35259,0,0.00194073,0.998059,1.34997,-264.478,-103.138
"Corpus Christi, TX",2020205N26272,HANNA,2020,117.5,1,1,80,3,70,8,14.9,974.572,2225.61,0.536913,1.3054,0.624765,0.43789,0,0.00987657,0.990123,0.433565,1251.04,1030.65
"Galveston, TX",2020205N26272,HANNA,2020,238.4,1,1,80,3,70,4.33333,9.8,1212.27,1368.56,0.442177,2.32481,0.861694,0.885802,0,0.0336946,0.966305,0.855956,156.286,763.412
"Greater Lafourche Port, LA",2020205N26272,HANNA,2020,343.3,0,1,55,3,70,5.33333,2.5,2201.59,1971.29,2.13333,0.561934,0.931631,1.11683,0.0225501,0.0543414,0.967475,1.08051,-230.308,-2234.12
"Houston Port Authority, TX",2020205N26272,HANNA,2020,306.8,1,1,80,3,70,50,52.4714,4781.73,4712.81,0.9529,1.1541,0.9226,1.01462,0,0.000750491,0.99925,1.01386,-68.9246,221.976
"Lake Charles Harbor District, LA",2020205N26272,HANNA,2020,304.8,1,1,80,3,70,5.66667,5.2,399.599,556.656,1.08974,1.19932,0.549258,0.717856,0.02666,0.0514192,0.974563,0.699595,157.057,-49.9563
"New Orleans, LA",2020205N26272,HANNA,2020,422,0,1,50,2,70,23,27.6571,1302.64,1077.68,0.831612,1.0878,1.33618,1.20874,0.0158307,0.0127682,1.00311,1.2125,-224.955,181.469
"Plaquemines Port District, LA",2020205N26272,HANNA,2020,384,0,1,50,2,70,34.5,48.2857,1723.58,2247.04,0.714497,1.20293,0.892439,0.767044,0.0329476,0.0749997,0.956515,0.73369,523.46,641.536
"Port Arthur, TX",2020205N26272,HANNA,2020,300.4,1,1,80,2,70,7.5,5.41429,616.508,410.966,1.38522,0.874649,1.23817,1.50014,0,0.00287349,0.997127,1.49583,-205.542,-158.314
"Port Freeport, TX",2020205N26272,HANNA,2020,226.7,1,1,80,3,70,6,5.84286,710.209,626.735,1.02689,1.28157,0.861059,1.13319,0,0.017566,0.982434,1.11328,-83.4743,-16.8559
"Port of Greater Baton Rouge, LA",2020205N26272,HANNA,2020,400.2,0,1,55,3,70,8.66667,9.88571,1439.45,910.965,0.876686,1.18348,1.52296,1.58013,0,0.00697851,0.993021,1.56911,-528.482,112.335
"South Louisiana, LA, Port of",2020205N26272,HANNA,2020,393.2,0,1,53,2,70,28,31.1429,1640.82,1464.53,0.899083,0.973628,1.27988,1.12037,0,0.00512039,0.99488,1.11464,-176.289,147.796
"Texas City, TX",2020205N26272,HANNA,2020,261.1,1,1,80,3,70,3,4.9,631.933,740.367,0.612245,1.07629,1.2953,0.853541,0,0.0351733,0.964827,0.823519,108.434,287.081
"Baltimore, MD",2020211N13306,ISAIAS,2020,53.1,0,1,60,1,70,11,15.7,265.067,299.021,0.700637,1.44799,0.873768,0.886452,0,0.0164041,0.983596,0.87191,33.9533,89.5158
"Jacksonville, FL",2020211N13306,ISAIAS,2020,161.7,1,1,80,3,70,3.66667,7.81429,318.109,735.185,0.469226,1.83192,0.503374,0.432693,0.00893984,0.0243529,0.984448,0.425963,417.076,390.217
"New York, NY & NJ",2020211N13306,ISAIAS,2020,92.2,0,1,60,2,70,28,30.9714,2517.04,2867.72,0.904059,1.10815,0.876107,0.877716,0.0124867,0.0211539,0.991223,0.870013,350.675,275.132
"Philadelphia Regional Port, PA",2020211N13306,ISAIAS,2020,95.7,0,1,60,2,70,5.5,7.41429,313.705,457.32,0.741811,1.30494,0.708628,0.685964,0,0.0095291,0.990471,0.679427,143.615,118.075
"Port Everglades, FL",2020211N13306,ISAIAS,2020,105.5,1,1,75,3,70,13.3333,19.4,1123,1180.61,0.687285,1.56418,0.884808,0.951201,0,0.0098,0.9902,0.941879,57.6125,369.195
"Port of Charleston, SC",2020211N13306,ISAIAS,2020,90.8,1,1,80,2,70,12,15.7429,918.339,946.043,0.76225,1.28718,0.989363,0.970716,0.0178789,0.0298937,0.987767,0.958841,27.7039,224.921
"Port of Palm Beach District, FL",2020211N13306,ISAIAS,2020,95,1,1,73,3,70,2,5.44286,239.13,586.867,0.367454,1.38739,0.799271,0.407469,0,0.0177066,0.982293,0.400254,347.737,371.221
"Port of Savannah, GA",2020211N13306,ISAIAS,2020,154.6,1,1,80,3,70,6.66667,12.8429,456.958,743.757,0.519095,1.59221,0.743359,0.614392,0,0.0128757,0.987124,0.606481,286.799,357.676
"PortMiami, FL",2020211N13306,ISAIAS,2020,128,1,1,75,3,70,12,13.0571,442.278,935.029,0.919037,0.908274,0.566657,0.47301,0,0.0126132,0.987387,0.467044,492.751,75.7026
"San Juan, PR",2020211N13306,ISAIAS,2020,226,0,1,63,2,70,4,8.75714,56.8366,231.543,0.45677,0.991128,0.542213,0.245469,0,0.00797525,0.992025,0.243511,174.706,125.781
"South Jersey Port Corp, NJ",2020211N13306,ISAIAS,2020,96.1,0,1,60,1,70,7,8.37143,88.5787,200.07,0.836177,0.791156,0.669248,0.442738,0.138926,0.0622018,1.0891,0.482188,111.491,32.776
"Tampa Port Authority, FL",2020211N13306,ISAIAS,2020,261.1,1,1,65,3,70,12.3333,9.07143,1097.6,791.566,1.35958,0.733062,1.39127,1.38662,0.0117473,0.00392142,1.00792,1.3976,-306.032,-284.631
"Virginia, VA, Port of",2020211N13306,ISAIAS,2020,99.1,1,1,80,1,70,15,20.9,462.792,665.198,0.717703,1.55923,0.621699,0.695721,0.0100408,0.0104774,0.999559,0.695414,202.406,187.783
"San Juan, PR",2020224N11326,JOSEPHINE,2020,257.2,0,0,35,1,70,9,8.88571,176.124,116.843,1.01286,0.959296,1.55137,1.50736,0.0856048,0.00571819,1.08737,1.63905,-59.2812,-1.5028
"Baltimore, MD",2020228N37286,KYLE,2020,375.8,0,0,38,1,70,18,16.0143,323.91,305.273,1.124,1.03923,0.908359,1.06105,0.0211563,0.0284771,0.992521,1.05311,-18.6369,-37.8527
"New York, NY & NJ",2020228N37286,KYLE,2020,385.5,0,0,45,2,70,36,30.6857,2907.13,2908.35,1.17318,0.855374,0.996082,0.99958,0.0276294,0.0297351,0.997835,0.997415,1.22223,-503.681
"Philadelphia Regional Port, PA",2020228N37286,KYLE,2020,360.8,0,0,43,2,70,6.5,7.47143,377.242,413.542,0.869981,0.918291,1.14185,0.912221,0.0134949,0.0167792,0.996671,0.909184,36.3004,53.7684
"South Jersey Port Corp, NJ",2020228N37286,KYLE,2020,317.9,0,0,43,2,70,12.5,8.52857,536.684,400.649,1.46566,0.931721,0.980923,1.33954,0.0737135,0.0717281,1.00214,1.34241,-136.035,-186.567
"Virginia, VA, Port of",2020228N37286,KYLE,2020,192.4,0,0,40,2,70,23.5,21.3,1147.79,1382.14,1.10329,0.874378,0.860847,0.83045,0.0308051,0.0204599,1.01067,0.839314,234.341,-142.756
"Beaumont, TX",2020233N14313,LAURA,2020,85.6,4,4,130,2,70,6,12.5571,232.064,896.169,0.477816,2.21854,0.244282,0.258951,0,0.00392925,0.996071,0.257934,664.105,467.966
"Corpus Christi, TX",2020233N14313,LAURA,2020,444.6,4,4,130,2,70,20,14.9143,1882.07,1469.09,1.341,1.03429,0.923671,1.28112,0.0330403,0.00715075,1.02677,1.31542,-412.983,-500.953
"Galveston, TX",2020233N14313,LAURA,2020,161.7,4,4,130,2,70,0.5,9.92857,143.716,914.361,0.0503597,5.38934,0.579122,0.157177,0.0317413,0.0319421,0.999793,0.157144,770.644,868.314
"Greater Lafourche Port, LA",2020233N14313,LAURA,2020,284.1,4,4,130,2,70,2,2.58571,1670.04,1321.6,0.773481,1.91616,0.8526,1.26365,0.0146175,0.041908,0.972305,1.22866,-348.443,299.368
"Houston Port Authority, TX",2020233N14313,LAURA,2020,201.9,4,4,130,2,70,5,55.8429,227.963,3278.82,0.089537,3.28693,0.23624,0.0695258,0,0.000711515,0.999288,0.0694763,3050.86,2985.25
"Lake Charles Harbor District, LA",2020233N14313,LAURA,2020,15.7,4,4,130,2,70,0,3.54286,94.2685,258.366,0,,0.41153,0.364865,0.218135,0.0475549,1.21817,0.444467,164.097,258.366
"Mobile, AL",2020233N14313,LAURA,2020,497.3,2,4,85,1,70,8,7.64286,192.685,145.443,1.04673,1.13557,1.11456,1.32481,0.0482554,0.0586426,0.989086,1.31035,-47.2413,-6.79641
"New Orleans, LA",2020233N14313,LAURA,2020,318.3,4,4,130,2,70,20,25.8,994.168,1156.24,0.775194,1.13506,0.977197,0.859826,0,0.00914632,0.990854,0.851961,162.076,259.931
"Plaquemines Port District, LA",2020233N14313,LAURA,2020,356,4,4,130,2,70,52,45.4286,1777.9,2035.47,1.14465,0.888595,0.858745,0.873458,0.0157083,0.0689499,0.945909,0.826212,257.571,-294.439
"Port Arthur, TX",2020233N14313,LAURA,2020,61.9,4,4,130,2,70,0,4.72857,53.9211,419.713,0,,0.282805,0.128471,0.0449871,0.00241002,1.04458,0.134199,365.792,419.713
"Port Freeport, TX",2020233N14313,LAURA,2020,223.1,4,4,130,2,70,2,5.97143,73.2957,384.59,0.334928,2.08784,0.272541,0.190582,0,0.0165922,0.983408,0.187419,311.294,255.78
"Port of Greater Baton Rouge, LA",2020233N14313,LAURA,2020,201.3,4,4,130,3,70,9,10.1571,609.841,1067.81,0.886076,1.01835,0.632929,0.571113,0.0394103,0.00731241,1.03341,0.590197,457.97,121.649
"PortMiami, FL",2020233N14313,LAURA,2020,455.6,0,4,58,2,70,10,13.0429,294.243,514.463,0.766703,1.07369,0.69478,0.571942,0,0.0118737,0.988126,0.565151,220.22,120.023
"San Juan, PR",2020233N14313,LAURA,2020,82.3,0,4,45,3,70,4.66667,8.85714,102.005,350.031,0.526882,0.897256,0.61643,0.291416,0,0.0079823,0.992018,0.28909,248.026,165.606
"South Louisiana, LA, Port of",2020233N14313,LAURA,2020,270.2,4,4,130,2,70,25.5,32.4,1266.99,1593.13,0.787037,1.0371,0.974334,0.795284,0,0.00259535,0.997405,0.79322,326.139,339.278
"Texas City, TX",2020233N14313,LAURA,2020,159,4,4,130,2,70,0,6.07143,54.359,529.121,0,,0.998431,0.102735,0,0.0281167,0.971883,0.099846,474.762,529.121
"Beaumont, TX",2020234N14280,MARCO,2020,207.1,0,1,35,1,70,6,12.7714,87.027,459.008,0.469799,0.939789,0.429429,0.189598,0,0.00354842,0.996452,0.188925,371.981,243.367
"Galveston, TX",2020234N14280,MARCO,2020,248.8,-1,1,30,1,70,5,9.8,294.935,454.36,0.510204,1.2591,1.01047,0.649122,0,0.0324612,0.967539,0.62805,159.425,222.543
"Greater Lafourche Port, LA",2020234N14280,MARCO,2020,67.5,0,1,60,3,70,2.66667,2.6,2502.18,1972.77,1.02564,1.40058,0.882953,1.26836,0.012625,0.043263,0.96897,1.229,-529.411,-50.5838
"Houston Port Authority, TX",2020234N14280,MARCO,2020,311,-3,1,25,1,70,32,55.7857,1331.06,1634.51,0.573624,1.33316,1.06488,0.81435,0,0.000619267,0.999381,0.813846,303.447,696.917
"Lake Charles Harbor District, LA",2020234N14280,MARCO,2020,135,0,1,40,2,70,4.5,3.58571,322.411,264.316,1.25498,1.0758,0.903483,1.21979,0.0188632,0.0474372,0.970877,1.18427,-58.0949,-67.3954
"Mobile, AL",2020234N14280,MARCO,2020,211.1,0,1,55,2,70,6,7.81429,343.516,288.913,0.767824,1.38206,1.12045,1.18899,0,0.0602118,0.939788,1.1174,-54.6027,67.0786
"New Orleans, LA",2020234N14280,MARCO,2020,140.7,0,1,55,2,70,14,25.8857,757.751,1155.67,0.540839,1.56777,0.773291,0.655681,0,0.00961972,0.99038,0.649373,397.919,530.639
"Plaquemines Port District, LA",2020234N14280,MARCO,2020,56.4,1,1,65,3,70,31.3333,45.8714,1416.58,3045.76,0.683069,1.41443,0.481392,0.465099,0.01881,0.0714626,0.946338,0.440141,1629.18,965.296
"Port Arthur, TX",2020234N14280,MARCO,2020,181.1,0,1,38,2,70,3.5,4.74286,189.294,412.891,0.737952,1.42241,0.436767,0.45846,0,0.00221983,0.99778,0.457443,223.597,108.197
"Port Freeport, TX",2020234N14280,MARCO,2020,310.5,-3,1,25,1,70,5,5.92857,171.722,191.08,0.843373,1.15397,0.923415,0.898689,0,0.0172057,0.982794,0.883227,19.3584,29.9282
"Port of Greater Baton Rouge, LA",2020234N14280,MARCO,2020,178.5,0,1,50,2,70,8.5,10.3143,504.667,725.347,0.8241,1.23475,0.683755,0.695759,0.0137465,0.00658955,1.00726,0.700808,220.68,127.589
"South Louisiana, LA, Port of",2020234N14280,MARCO,2020,146.8,0,1,55,2,70,22,32.3,1392.85,1597.12,0.681115,1.17449,1.09018,0.872101,0,0.00344062,0.996559,0.8691,204.27,509.3
"Texas City, TX",2020234N14280,MARCO,2020,254.6,-1,1,30,1,70,2,5.92857,195.177,259.895,0.337349,1.55772,1.4291,0.750983,0.124051,0.0270195,1.11077,0.834172,64.7182,172.22
"Jacksonville, FL",2020244N30279,OMAR,2020,93.5,-1,0,30,2,70,5.5,8.4,223.306,411.088,0.654762,1.16619,0.711401,0.543207,0,0.0197186,0.980281,0.532496,187.782,141.923
"Port Everglades, FL",2020244N30279,OMAR,2020,450.8,-3,0,28,2,70,21.5,20.2143,938.434,816.712,1.0636,1.02238,1.05668,1.14904,0.0075431,0.0110795,0.996437,1.14495,-121.722,-51.9464
"Port of Charleston, SC",2020244N30279,OMAR,2020,300.2,-1,0,30,3,70,21,15.9429,1528.57,1406.83,1.3172,0.935828,0.881443,1.08653,0.0508706,0.029907,1.02209,1.11053,-121.74,-446.253
"Port of Palm Beach District, FL",2020244N30279,OMAR,2020,390.7,-1,0,30,2,70,5.5,5.57143,308.765,368.815,0.987179,0.75982,1.11613,0.837182,0,0.0141459,0.985854,0.82534,60.0495,4.72839
"Port of Savannah, GA",2020244N30279,OMAR,2020,214.9,-1,0,30,3,70,13.6667,11.7857,768.292,773.287,1.1596,0.854126,1.00313,0.993542,0.0182006,0.0200013,0.998166,0.991719,4.99426,-123.413
"Tampa Port Authority, FL",2020244N30279,OMAR,2020,301.1,-3,0,28,2,70,5.5,6.98571,418.791,488.42,0.787321,1.2535,0.868818,0.85744,0,0.00569529,0.994305,0.852557,69.6292,103.877
"Virginia, VA, Port of",2020244N30279,OMAR,2020,346.4,0,0,35,2,70,16.5,21.3857,1190.08,1303.43,0.771543,1.18212,1.00108,0.913043,0.00846421,0.023922,0.98441,0.898808,113.343,297.777
"Greater Lafourche Port, LA",2020256N25281,SALLY,2020,207.5,2,2,95,5,70,2,2.22857,3339.51,3348.56,0.897436,1.08884,1.02061,0.997299,0.033423,0.0426879,0.990415,0.98774,9.04387,343.442
"Jacksonville, FL",2020256N25281,SALLY,2020,377,0,2,50,6,70,8.33333,8.17143,1041.4,961.89,1.01981,1.07103,0.991214,1.08266,0.0243674,0.0257319,0.998601,1.08114,-79.5068,-19.0584
"Mobile, AL",2020256N25281,SALLY,2020,51.5,2,2,95,5,70,2.6,8.14286,373.546,994.834,0.319298,1.58058,0.744013,0.375486,0.058089,0.0687082,0.988726,0.371253,621.287,677.185
"New Orleans, LA",2020256N25281,SALLY,2020,194.7,2,2,95,5,70,18.8,24.6857,2351.43,2727.9,0.761574,1.25055,0.905083,0.861991,0,0.0117863,0.988214,0.851831,376.475,650.403
"Plaquemines Port District, LA",2020256N25281,SALLY,2020,134.3,2,2,95,5,70,37.6,48,3689.69,5125.44,0.783333,1.01592,0.904587,0.719877,0.0327824,0.064923,0.96677,0.695956,1435.75,1110.51
"Port Everglades, FL",2020256N25281,SALLY,2020,66.5,0,2,50,3,70,17.6667,19.4,1170.02,1249.7,0.910653,0.999194,1.02893,0.936241,0.00120955,0.0109036,0.990294,0.927154,79.6796,111.657
"Port of Charleston, SC",2020256N25281,SALLY,2020,139.1,-4,2,30,2,70,14.5,16.6571,725.35,901.016,0.870497,1.09494,0.844614,0.805036,0.0149086,0.0361839,0.978403,0.787649,175.666,116.684
"Port of Greater Baton Rouge, LA",2020256N25281,SALLY,2020,325.8,2,2,95,4,70,11,10.4429,1512.4,1293.86,1.05335,1.12335,0.987848,1.16891,0.0155351,0.0115976,1.004,1.17358,-218.541,-69.0293
"Port of Palm Beach District, FL",2020256N25281,SALLY,2020,124.8,0,2,50,3,70,4.33333,5.25714,570.809,563.028,0.824275,1.2473,0.98609,1.01382,0,0.0139563,0.986044,0.99967,-7.78049,98.9379
"Port of Savannah, GA",2020256N25281,SALLY,2020,203.4,-1,2,33,2,70,14,12.1429,589.859,515.543,1.15294,1.0939,0.907191,1.14415,0.00686686,0.0136126,0.993208,1.13638,-74.3159,-78.8478
"PortMiami, FL",2020256N25281,SALLY,2020,12.2,0,2,50,3,70,13.6667,13.5143,524.716,625.422,1.01128,0.957698,0.86627,0.838979,0.0117753,0.00837929,1.00344,0.841862,100.706,-7.05197
"South Louisiana, LA, Port of",2020256N25281,SALLY,2020,239.5,2,2,95,4,70,29.5,33.1571,3478.35,3249.74,0.889703,1.08698,1.10678,1.07035,0.00105763,0.0036653,0.99739,1.06755,-228.611,358.438
"Tampa Port Authority, FL",2020256N25281,SALLY,2020,176,1,2,75,4,70,3.75,7.35714,556.37,1061.21,0.509709,1.51269,0.679968,0.524277,0,0.00497937,0.995021,0.521667,504.844,520.304
"Beaumont, TX",2020261N21265,BETA,2020,17.1,0,0,55,6,70,11.8333,11.6571,2886.12,2416.27,1.01511,0.996624,1.18065,1.19445,0,0.00183545,0.998165,1.19226,-469.848,-36.5204
"Corpus Christi, TX",2020261N21265,BETA,2020,118.7,0,0,55,4,70,10.5,14.2286,2442.81,2954.24,0.737952,1.20967,0.926298,0.826884,0.00197487,0.0108438,0.991114,0.819536,511.427,774.153
"Galveston, TX",2020261N21265,BETA,2020,52.6,0,0,55,6,70,5.5,11.3,1944.89,2908.7,0.486726,2.15021,0.638897,0.668645,0.011706,0.0350476,0.976382,0.652853,963.813,1492.96
"Greater Lafourche Port, LA",2020261N21265,BETA,2020,262,0,0,55,6,70,2.16667,2.27143,4405.19,4015.75,0.953878,1.23863,0.928464,1.09698,0.0278758,0.0413295,0.986161,1.0818,-389.438,185.213
"Houston Port Authority, TX",2020261N21265,BETA,2020,41.7,0,0,55,6,70,34.5,54.1714,5895.36,9531.73,0.636867,1.16747,0.831849,0.618499,0,0.000555957,0.999444,0.618155,3636.36,3461.28
"Lake Charles Harbor District, LA",2020261N21265,BETA,2020,62,0,0,55,6,70,0.166667,3.54286,268.479,706.871,0.047043,16.0706,0.502391,0.379813,0.128679,0.0936974,1.04015,0.395062,438.392,673.618
"Mobile, AL",2020261N21265,BETA,2020,276,-4,0,25,3,70,10.6667,8.3,462.655,637.545,1.28514,0.858235,0.657945,0.725682,0.0284886,0.0742551,0.952891,0.691497,174.89,-181.79
"New Orleans, LA",2020261N21265,BETA,2020,220.7,0,0,55,7,70,25.2857,23.8143,3997.73,3492.22,1.06179,1.03434,1.04235,1.14475,0.00917345,0.0111944,0.99796,1.14242,-505.51,-215.776
"Plaquemines Port District, LA",2020261N21265,BETA,2020,307.8,0,0,55,6,70,57.6667,48.7571,6928.28,6237.86,1.18273,1.02887,0.912736,1.11068,0.041767,0.0607346,0.980206,1.0887,-690.425,-1139.86
"Port Arthur, TX",2020261N21265,BETA,2020,42.4,0,0,55,6,70,3.66667,5.75714,1427.31,1294.74,0.63689,1.35719,1.27535,1.10239,0.00483507,0.0046755,1.00016,1.10257,-132.571,470.133
"Port Freeport, TX",2020261N21265,BETA,2020,12.3,0,0,55,6,70,2.5,5.81429,575.329,1151.89,0.429975,1.66913,0.695941,0.499465,0,0.0108977,0.989102,0.494022,576.562,656.606
"Port of Greater Baton Rouge, LA",2020261N21265,BETA,2020,101.2,0,0,55,7,70,10.7143,10.2571,2747.64,2052.54,1.04457,1.09199,1.17358,1.33865,0.00925618,0.0122652,0.996963,1.33459,-695.101,-91.4779
"South Louisiana, LA, Port of",2020261N21265,BETA,2020,187,0,0,55,7,70,38.8571,33.3714,4977.47,5730.24,1.16438,0.967125,0.77136,0.868632,0.00129334,0.00463791,0.996651,0.865723,752.77,-941.957
"Texas City, TX",2020261N21265,BETA,2020,29.8,0,0,55,6,70,3.66667,5.15714,1012.79,1457.99,0.710988,0.761745,1.2826,0.694647,0.0290943,0.0406847,0.988062,0.686355,445.202,421.377
"Beaumont, TX",2020279N16284,DELTA,2020,104,3,4,105,2,70,6,11.0286,311.043,764.964,0.544041,1.54128,0.484913,0.406611,0.0238942,0.00157248,1.02287,0.415909,453.922,348.792
"Corpus Christi, TX",2020279N16284,DELTA,2020,366.2,3,4,105,1,70,9,13.6143,585.291,736.187,0.66107,1.82268,0.659822,0.795031,0.00531731,0.00976368,0.99553,0.791477,150.896,249.516
"Galveston, TX",2020279N16284,DELTA,2020,136.4,3,4,105,2,70,8,11.0857,833.72,966.205,0.721649,2.18934,0.546149,0.862881,0.00673399,0.032781,0.973776,0.840253,132.485,268.944
"Greater Lafourche Port, LA",2020279N16284,DELTA,2020,270.8,3,4,105,2,70,3,2.84286,1360.03,1323.95,1.05528,1.11022,0.876808,1.02725,0.0177803,0.0394125,0.977976,1.00463,-36.0836,-73.1829
"Houston Port Authority, TX",2020279N16284,DELTA,2020,202.4,3,4,105,2,70,52,53.1714,2869.21,3188.35,0.977969,1.05741,0.870219,0.899905,0,0.000833551,0.999166,0.899155,319.138,70.2431
"Lake Charles Harbor District, LA",2020279N16284,DELTA,2020,25.4,3,4,105,2,70,0,3.21429,26.9214,236.346,0,,0.399543,0.113907,0.0606461,0.0910058,0.96768,0.110225,209.424,236.346
"Mobile, AL",2020279N16284,DELTA,2020,369.7,2,4,85,3,70,9.66667,8.92857,804.013,610.611,1.08267,1.01839,1.19424,1.31674,0.0876699,0.0805973,1.00775,1.32694,-193.403,-50.4771
"New Orleans, LA",2020279N16284,DELTA,2020,252.4,3,4,100,3,70,26.3333,23.7429,1286.25,1502.76,1.10911,1.0243,0.753422,0.855927,0,0.0117765,0.988224,0.845847,216.507,-163.959
"Plaquemines Port District, LA",2020279N16284,DELTA,2020,330.4,3,4,100,2,70,36,53.1429,1458.82,2148.59,0.677419,1.06203,0.943743,0.678967,0.0308975,0.0521732,0.978046,0.66406,689.77,693.095
"Port Arthur, TX",2020279N16284,DELTA,2020,81,3,4,105,2,70,1,4.97143,74.4646,395.092,0.201149,2.23915,0.418454,0.188474,0.0130471,0.00347899,1.00969,0.190301,320.628,315.62
"Port Freeport, TX",2020279N16284,DELTA,2020,190.8,3,4,105,2,70,6,5.52857,271.471,373.869,1.08527,1.20603,0.554765,0.726113,0,0.00998541,0.990015,0.718862,102.398,-31.8803
"Port of Greater Baton Rouge, LA",2020279N16284,DELTA,2020,121.2,3,4,103,3,70,6.66667,10.8571,592.534,1071.64,0.614035,0.766211,1.17523,0.552924,0.0259228,0.0117869,1.01451,0.560948,479.102,413.614
"South Louisiana, LA, Port of",2020279N16284,DELTA,2020,209.8,3,4,103,3,70,33.3333,34.4,1983.62,2477.03,0.968992,0.99689,0.829009,0.800805,0,0.00347303,0.996527,0.798024,493.413,76.8073
"Texas City, TX",2020279N16284,DELTA,2020,145.8,3,4,105,2,70,5.5,5.32857,419.554,517.848,1.03217,0.915424,0.857455,0.810187,0.0303409,0.024547,1.00598,0.815028,98.2941,-16.66
"Baltimore, MD",2020299N18277,ZETA,2020,158.8,-4,3,45,2,70,17.5,15.6429,681.434,606.373,1.11872,1.00518,0.999355,1.12379,0.0303988,0.0274155,1.00308,1.12724,-75.0607,-71.9895
"Beaumont, TX",2020299N18277,ZETA,2020,354.9,3,3,100,2,70,13,11.4429,958.796,869.397,1.13608,1.02275,0.949138,1.10283,0,0.00177647,0.998224,1.10087,-89.3992,-118.307
"Galveston, TX",2020299N18277,ZETA,2020,391.9,3,3,100,2,70,11,10.6,1247.87,918.609,1.03774,1.28201,1.02108,1.35844,0.062844,0.0259234,1.0394,1.41195,-329.262,-34.6645
"Greater Lafourche Port, LA",2020299N18277,ZETA,2020,37.8,3,3,100,2,70,4,3.32857,1398.1,1286.72,1.20172,1.06487,0.849094,1.08657,0.0402298,0.0419129,0.998246,1.08466,-111.388,-259.552
"Houston Port Authority, TX",2020299N18277,ZETA,2020,466,3,3,100,1,70,47,53.5714,1305.35,1597.21,0.877333,1.05482,0.883126,0.817273,0,0.00145168,0.998548,0.816087,291.852,195.924
"Lake Charles Harbor District, LA",2020299N18277,ZETA,2020,274.4,3,3,100,2,70,5.5,4.05714,338.595,313.253,1.35563,0.799856,0.996855,1.0809,0.113007,0.0610863,1.05854,1.14417,-25.3427,-111.403
"Mobile, AL",2020299N18277,ZETA,2020,111.5,3,3,100,2,70,5,10.2857,198.77,417.747,0.486111,1.03893,0.942139,0.475813,0.263791,0.0804564,1.24903,0.594302,218.978,214.676
"New Orleans, LA",2020299N18277,ZETA,2020,18.7,3,3,100,2,70,18,24.5,784.284,1060.63,0.734694,1.36406,0.73785,0.73945,0,0.0108004,0.9892,0.731463,276.348,281.392
"New York, NY & NJ",2020299N18277,ZETA,2020,237.6,-4,3,45,2,70,33.5,32.4857,3246.4,3033.55,1.03122,1.09927,0.944046,1.07016,0.0203898,0.0204209,0.999968,1.07013,-212.849,-94.7152
"Philadelphia Regional Port, PA",2020299N18277,ZETA,2020,149.2,-4,3,45,2,70,7,8.14286,424.324,499.153,0.859649,1.25941,0.78519,0.850088,0,0.00798488,0.992015,0.8433,74.8291,70.0566
"Plaquemines Port District, LA",2020299N18277,ZETA,2020,99.6,3,3,100,2,70,33.5,51.4857,1140.29,2055.18,0.650666,1.34986,0.631713,0.554838,0.0200819,0.0540195,0.965367,0.535622,914.889,717.945
"Port Arthur, TX",2020299N18277,ZETA,2020,331.5,3,3,100,2,70,7.5,5.02857,504.355,433.542,1.49148,0.879424,0.886931,1.16334,0,0.00459116,0.995409,1.15799,-70.8128,-213.076
"Port Freeport, TX",2020299N18277,ZETA,2020,447.5,3,3,100,1,70,9,6.11429,275.63,210.106,1.47196,0.857035,1.0399,1.31186,0,0.0160403,0.98396,1.29082,-65.524,-99.1623
"Port of Charleston, SC",2020299N18277,ZETA,2020,409.4,0,3,45,1,70,14,16.3429,328.969,421.633,0.856643,0.878973,1.0362,0.780226,0.0596798,0.0321387,1.02929,0.803078,92.6641,60.4439
"Port of Greater Baton Rouge, LA",2020299N18277,ZETA,2020,137.2,3,3,100,2,70,5.5,11.5,354.088,756.819,0.478261,1.07103,0.913382,0.467864,0,0.0098173,0.990183,0.46327,402.731,394.862
"Port of Savannah, GA",2020299N18277,ZETA,2020,423.4,0,3,53,1,70,11,11.8286,236.644,252.453,0.929952,1.2096,0.833321,0.937378,0,0.0136291,0.986371,0.924603,15.809,17.6839
"South Jersey Port Corp, NJ",2020299N18277,ZETA,2020,99.3,-4,3,45,2,70,4.5,8.6,205.021,410.901,0.523256,1.78435,0.534402,0.498956,0.0528739,0.0708412,0.98103,0.48949,205.88,195.895
"South Louisiana, LA, Port of",2020299N18277,ZETA,2020,61.8,3,3,100,2,70,27,33.2571,1445.6,1473.85,0.811856,1.22312,0.98775,0.98083,0,0.00125065,0.998749,0.979603,28.2538,277.296
"Texas City, TX",2020299N18277,ZETA,2020,403.5,3,3,100,2,70,4,6.01429,475.003,551.831,0.665083,1.16243,1.11339,0.860776,0.0184001,0.0143886,1.00409,0.864294,76.8282,184.817
"Virginia, VA, Port of",2020299N18277,ZETA,2020,193.8,0,3,45,2,70,24.5,24.1571,1436.4,1438.42,1.01419,0.975962,1.00888,0.998599,0.00244298,0.015587,0.986824,0.985441,2.01494,-20.4152
"Jacksonville, FL",2020306N15288,ETA,2020,23.3,0,4,63,3,70,6.33333,9.71429,385.857,563.072,0.651961,1.29876,0.809302,0.68527,0.0107122,0.028803,0.981713,0.672739,177.216,195.971
"Port Everglades, FL",2020306N15288,ETA,2020,141.4,1,4,65,5,70,12.8,17.5286,2002.77,2067.76,0.730236,1.44683,0.916744,0.968568,0.00113695,0.0119967,0.989128,0.958037,64.9942,557.808
"Port of Charleston, SC",2020306N15288,ETA,2020,125.5,0,4,40,2,70,16,16.0714,836.326,840.327,0.995556,1.1448,0.873236,0.995239,0.117547,0.0288878,1.10047,1.09523,4.00107,3.73479
"Port of Palm Beach District, FL",2020306N15288,ETA,2020,200.2,1,4,65,5,70,3.8,5.1,1052.06,1050.11,0.745098,1.54048,0.872842,1.00186,0.00390899,0.0104673,0.993416,0.995261,-1.95077,267.674
"Port of Savannah, GA",2020306N15288,ETA,2020,87.3,0,4,53,2,70,12.5,11.8,480.47,507.694,1.05932,0.982331,0.909448,0.946377,0.0609035,0.011218,1.05291,0.996447,27.2242,-30.1174
"PortMiami, FL",2020306N15288,ETA,2020,81.5,1,4,65,5,70,12.8,13.0714,1244.87,1219.38,0.979235,0.961009,1.08485,1.0209,0.0137534,0.0120839,1.00169,1.02263,-25.4854,25.3205
"Tampa Port Authority, FL",2020306N15288,ETA,2020,112.2,1,4,65,4,70,8.75,8.21429,1169.35,1004.13,1.06522,1.37856,0.793041,1.16455,0.00154234,0.004637,0.996901,1.16094,-165.229,-65.4864
"Virginia, VA, Port of",2020306N15288,ETA,2020,334.7,0,4,40,1,70,30,24.1714,802.405,715.605,1.24113,0.900869,1.00286,1.1213,0.0277044,0.0147652,1.01331,1.13622,-86.8001,-172.557
"Jacksonville, FL",2021165N32282,BILL,2021,380.9,-3,0,20,2,70,9.5,11.3,363.407,461.851,0.840708,1.00403,0.932179,0.786847,0.00478013,0.0257073,0.978972,0.770302,98.4448,73.5693
"Port of Charleston, SC",2021165N32282,BILL,2021,220.4,-1,0,28,2,70,18.5,21.8429,1173.68,1153.67,0.846959,1.11224,1.07996,1.01735,0.0356914,0.0259103,1.01014,1.02767,-20.0127,176.558
"Port of Savannah, GA",2021165N32282,BILL,2021,285.9,-3,0,23,2,70,15,16.4,671.326,688.798,0.914634,1.04882,1.016,0.974635,0.0213146,0.0117324,1.00979,0.984177,17.4716,58.7998
"Virginia, VA, Port of",2021165N32282,BILL,2021,361.7,0,0,38,1,70,28,29.8714,382.504,792.658,0.937351,0.591578,0.870235,0.482559,0,0.0417062,0.958294,0.462433,410.154,49.6596
"Baltimore, MD",2021169N23268,CLAUDETTE,2021,351.7,0,0,40,1,70,24,19.5143,366.064,314.271,1.22987,0.926274,1.02248,1.1648,0.0203709,0.0395001,0.980473,1.14206,-51.7925,-72.241
"Beaumont, TX",2021169N23268,CLAUDETTE,2021,317.9,0,0,40,2,70,13,12.3714,908.531,1097.9,1.05081,0.745033,1.05701,0.827516,0,0.00191501,0.998085,0.825931,189.371,-55.7826
"Galveston, TX",2021169N23268,CLAUDETTE,2021,367.1,0,0,40,2,70,16,12.1714,1608.68,1194.33,1.31455,0.928919,1.10304,1.34694,0.0403493,0.0409827,0.99934,1.34605,-414.354,-375.68
"Greater Lafourche Port, LA",2021169N23268,CLAUDETTE,2021,57.5,0,0,40,3,70,8.66667,6.77143,2354.33,1819.06,1.27989,1.17121,0.863405,1.29425,0.0355089,0.0546116,0.980194,1.26862,-535.268,-509.133
"Houston Port Authority, TX",2021169N23268,CLAUDETTE,2021,429.3,0,0,40,2,70,75,75,5063.48,4427.76,1,1.02142,1.1196,1.14358,0.00136142,0.00207318,0.999287,1.14276,-635.726,0
"Jacksonville, FL",2021169N23268,CLAUDETTE,2021,408.2,0,0,35,2,70,9,11.0286,413.382,444.008,0.816062,1.0453,1.09144,0.931025,0,0.0242485,0.975752,0.908449,30.6254,81.6698
"Lake Charles Harbor District, LA",2021169N23268,CLAUDETTE,2021,237.8,0,0,40,2,70,9,9.31429,755.96,675.401,0.966258,1.39192,0.832206,1.11928,0.0127975,0.0199482,0.992757,1.11117,-80.5593,22.7896
"Mobile, AL",2021169N23268,CLAUDETTE,2021,114,0,0,40,3,70,18.3333,13.3143,906.783,597.199,1.37697,0.972998,1.13331,1.51839,0,0.00722932,0.992771,1.50742,-309.584,-225.124
"New Orleans, LA",2021169N23268,CLAUDETTE,2021,37.7,0,0,40,3,70,26,34.5714,1824.7,2045.9,0.752066,0.989204,1.19885,0.89188,0,0.00416765,0.995832,0.888163,221.203,507.248
"New York, NY & NJ",2021169N23268,CLAUDETTE,2021,373.3,0,0,40,2,70,33.5,38.6286,3410.59,3255.09,0.867234,1.21822,0.991758,1.04777,0.0250614,0.0385398,0.986175,1.03329,-155.501,432.166
"Philadelphia Regional Port, PA",2021169N23268,CLAUDETTE,2021,362.6,0,0,40,2,70,14.5,12.4571,1001.43,662.559,1.16399,1.10982,1.17002,1.51146,0.0248048,0.0300874,0.994583,1.50327,-338.87,-108.654
"Plaquemines Port District, LA",2021169N23268,CLAUDETTE,2021,119.3,0,0,40,3,70,48.3333,55.8429,3488.68,3967.49,0.865524,1.05469,0.963257,0.879315,0.0250119,0.0461126,0.978358,0.860285,478.818,533.533
"Port Arthur, TX",2021169N23268,CLAUDETTE,2021,294,0,0,40,2,70,7.5,9.1,558.81,671.348,0.824176,1.45571,0.693779,0.83237,0,0.000718735,0.999281,0.831772,112.538,118.039
"Port Freeport, TX",2021169N23268,CLAUDETTE,2021,426.6,0,0,40,2,70,7,8.54286,801.936,715.619,0.819398,0.929512,1.47132,1.12062,0,0.0071463,0.992854,1.11261,-86.3168,129.242
"Port of Charleston, SC",2021169N23268,CLAUDETTE,2021,169.5,0,0,40,2,70,18.5,21.7571,1112.58,1141.16,0.850295,1.1704,0.979677,0.974959,0.0280785,0.0261977,1.00194,0.976846,28.5754,170.836
"Port of Greater Baton Rouge, LA",2021169N23268,CLAUDETTE,2021,94.8,0,0,40,3,70,11.3333,11.2,1215.53,1077.32,1.0119,0.969215,1.15044,1.12829,0,0.00478973,0.99521,1.12289,-138.214,-12.8252
"Port of Savannah, GA",2021169N23268,CLAUDETTE,2021,233.8,0,0,40,2,70,17,16.6286,655.255,703.364,1.02234,0.824844,1.10475,0.931601,0.0147519,0.0088835,1.00596,0.93715,48.1091,-15.7109
"South Jersey Port Corp, NJ",2021169N23268,CLAUDETTE,2021,314.6,0,0,40,2,70,11.5,13.3286,409.148,491.363,0.862808,1.22353,0.788769,0.832679,0.129484,0.0853716,1.05067,0.874875,82.2152,67.411
"South Louisiana, LA, Port of",2021169N23268,CLAUDETTE,2021,13.6,0,0,40,3,70,33.6667,40.4429,2259.15,2652.14,0.83245,1.06587,0.960032,0.85182,0,0.00231574,0.997684,0.849847,392.995,444.366
"Texas City, TX",2021169N23268,CLAUDETTE,2021,373.4,0,0,40,2,70,7.5,6.24286,602.347,647.371,1.20137,0.920704,0.841193,0.930451,0.107061,0.00398979,1.11543,1.03785,45.0239,-130.363
"Virginia, VA, Port of",2021169N23268,CLAUDETTE,2021,100.3,0,0,40,1,70,26,30.2857,814.095,794.243,0.858491,1.18665,1.00615,1.025,0,0.0339881,0.966012,0.990158,-19.8522,112.393
"Jacksonville, FL",2021179N30287,DANNY,2021,244.5,0,0,40,2,70,11,11.0857,588.456,435.463,0.992268,1.15122,1.18297,1.35133,0.0228873,0.0231648,0.999716,1.35095,-152.992,3.36699
"Port of Charleston, SC",2021179N30287,DANNY,2021,91.4,0,0,40,2,70,23,20.8143,1082.11,1095.4,1.10501,0.932401,0.958802,0.987867,0.0181638,0.0292667,0.988692,0.976696,13.2906,-115.028
"Port of Savannah, GA",2021179N30287,DANNY,2021,52.1,0,0,40,2,70,11.5,16.9714,492.614,712.83,0.677609,1.23341,0.826866,0.691068,0.0130362,0.00851356,1.00458,0.694235,220.216,229.81
"Baltimore, MD",2021182N09317,ELSA,2021,146.5,0,1,50,2,70,18.5,19.6429,664.583,614.645,0.941818,1.04034,1.10352,1.08125,0.00744431,0.030759,0.97651,1.05585,-49.9374,35.7612
"Jacksonville, FL",2021182N09317,ELSA,2021,151.3,1,1,65,3,70,9.33333,11.2,627.003,658.921,0.833333,1.22053,0.935557,0.951559,0.0240534,0.026229,0.997771,0.949438,31.9185,109.82
"Mobile, AL",2021182N09317,ELSA,2021,449.9,0,1,55,1,70,15,13.2286,287.375,204.976,1.13391,1.10724,1.11667,1.40199,0.0100803,0.00879305,1.0013,1.40381,-82.3983,-27.4482
"New York, NY & NJ",2021182N09317,ELSA,2021,90.9,0,1,50,1,70,39,38.9857,1770.63,1667.35,1.00037,1.26803,0.83717,1.06194,0.00826768,0.0422091,0.965776,1.0256,-103.282,-0.610973
"Philadelphia Regional Port, PA",2021182N09317,ELSA,2021,94,0,1,50,1,70,10,13.1,443.789,345.709,0.763359,1.37419,1.22374,1.28371,0,0.0336848,0.966315,1.24046,-98.0797,81.8091
"Port Everglades, FL",2021182N09317,ELSA,2021,254.7,1,1,65,3,70,20,23.5857,1363.18,1717.7,0.847971,0.968189,0.966643,0.79361,0.0150395,0.0193578,0.995616,0.79013,354.516,261.14
"Port of Charleston, SC",2021182N09317,ELSA,2021,120.5,0,1,55,3,70,23.6667,20.3,1637.49,1623.72,1.16585,1.05165,0.822533,1.00848,0.0235645,0.032987,0.99035,0.998747,-13.7677,-269.287
"Port of Palm Beach District, FL",2021182N09317,ELSA,2021,261.4,1,1,65,3,70,9,5.8,568.41,578.494,1.55172,0.509674,1.24238,0.982569,0,0.0202508,0.979749,0.962672,10.0835,-319.169
"Port of Savannah, GA",2021182N09317,ELSA,2021,100.6,0,1,55,2,70,13.5,17.2143,704.681,735.235,0.784232,1.01565,1.20331,0.958443,0,0.0123239,0.987676,0.946631,30.554,158.64
"PortMiami, FL",2021182N09317,ELSA,2021,241.1,1,1,65,3,70,16.6667,16.3143,1355.18,1426.83,1.0216,0.968858,0.959584,0.949782,0.00882246,0.012128,0.996665,0.946615,71.652,-30.8189
"San Juan, PR",2021182N09317,ELSA,2021,359.9,1,1,70,1,70,15,12.0571,259.709,167.295,1.24408,1.03199,1.20915,1.5524,0,0.00969985,0.9903,1.53735,-92.4142,-40.8326
"South Jersey Port Corp, NJ",2021182N09317,ELSA,2021,59.4,0,1,50,2,70,11,13.0286,601.649,459.306,0.844298,1.32741,1.1688,1.30991,0.0135219,0.0768038,0.935851,1.22588,-142.343,71.5147
"Tampa Port Authority, FL",2021182N09317,ELSA,2021,114,1,1,65,3,70,11.3333,12.4143,772.085,1034.48,0.912927,1.01786,0.803186,0.746349,0,0.00752844,0.992472,0.74073,262.397,90.0758
"Virginia, VA, Port of",2021182N09317,ELSA,2021,80.2,0,1,50,2,70,30.5,31.0571,1896.92,1578.26,0.982061,1.15002,1.0642,1.20191,0.00209011,0.0271097,0.974928,1.17177,-318.658,28.3128
"Baltimore, MD",2021222N14301,FRED,2021,241.7,-3,0,25,2,70,17,18.7571,352.146,621.801,0.906321,0.645613,0.967868,0.566332,0.0101934,0.0279577,0.982053,0.556168,269.655,58.2494
"Greater Lafourche Port, LA",2021222N14301,FRED,2021,446.9,0,0,55,2,70,4.5,5.18571,1440.17,1016.86,0.867769,1.65246,0.987687,1.4163,0.0529805,0.063936,0.988432,1.39991,-423.315,134.46
"Jacksonville, FL",2021222N14301,FRED,2021,359.5,0,0,55,2,70,9,10.8857,412.638,408.831,0.826772,1.0113,1.20714,1.00931,0.0100411,0.0180994,0.99186,1.00109,-3.80638,70.8212
"Mobile, AL",2021222N14301,FRED,2021,258.5,0,0,55,2,70,12.5,13.6143,389.438,443.899,0.918153,0.901974,1.05936,0.877312,0.0281145,0.0129989,1.01555,0.890957,54.4611,36.3317
"New Orleans, LA",2021222N14301,FRED,2021,443.6,0,0,55,2,70,31,37.2143,1103.48,1412.11,0.833013,1.10018,0.852668,0.781438,0,0.0136094,0.986391,0.770803,308.634,235.804
"New York, NY & NJ",2021222N14301,FRED,2021,208.4,-3,0,25,3,70,38,38.4857,4460.26,5311.34,0.987379,0.798304,1.06538,0.839763,0.0320557,0.0377085,0.99416,0.834859,851.072,67.0324
"Philadelphia Regional Port, PA",2021222N14301,FRED,2021,250.4,-3,0,25,3,70,10.6667,11.1143,953.047,1013.63,0.959726,0.820056,1.19466,0.940229,0.00491066,0.0250114,0.9798,0.921236,60.586,40.8233
"Plaquemines Port District, LA",2021222N14301,FRED,2021,375.4,0,0,55,3,70,58.3333,64.5286,4353.85,3735.95,0.903992,1.10572,1.1659,1.16539,0.0255731,0.0364759,0.988811,1.15235,-617.901,358.68
"Port Everglades, FL",2021222N14301,FRED,2021,393.2,0,0,40,3,70,21.6667,23.7286,1657.51,1742.14,0.913105,1.00912,1.03254,0.95142,0.0095889,0.0136474,0.995902,0.947522,84.6327,151.384
"Port of Charleston, SC",2021222N14301,FRED,2021,437,-1,0,25,2,70,22,20.2429,1116.26,1052.44,1.0868,1.00693,0.969201,1.06063,0.0336069,0.0325295,1.00111,1.06182,-63.8127,-91.3555
"Port of Palm Beach District, FL",2021222N14301,FRED,2021,425.2,0,0,45,3,70,6.66667,5.81429,323.8,452.327,1.1466,0.711915,0.876969,0.715854,0.0346703,0.0198002,1.0154,0.726881,128.527,-66.3117
"Port of Savannah, GA",2021222N14301,FRED,2021,386.6,0,0,55,3,70,17.6667,17.1714,1265.63,1085.23,1.02884,1.0181,1.11339,1.16623,0.00618713,0.00703769,0.999144,1.16523,-180.395,-31.299
"PortMiami, FL",2021222N14301,FRED,2021,333.6,0,0,40,3,70,16.6667,14.7286,1340.98,1279.4,1.13159,0.971316,0.953603,1.04813,0,0.0132722,0.986728,1.03422,-61.5815,-168.353
"San Juan, PR",2021222N14301,FRED,2021,124.8,0,0,40,2,70,10,12.3143,239.2,401.774,0.812065,1.1896,0.616293,0.595359,0.020485,0.0108455,1.00984,0.601218,162.574,75.5075
"South Jersey Port Corp, NJ",2021222N14301,FRED,2021,296.1,-3,0,25,3,70,9.66667,12.7286,471.164,737.332,0.759446,0.83237,1.01087,0.639012,0.0086144,0.0784906,0.929517,0.593972,266.168,177.368
"South Louisiana, LA, Port of",2021222N14301,FRED,2021,488.5,0,0,55,2,70,43,42.2714,1716.44,1582.92,1.01724,1.06276,1.00303,1.08435,0,0.0107013,0.989299,1.07274,-133.518,-27.2826
"Tampa Port Authority, FL",2021222N14301,FRED,2021,323,0,0,55,4,70,10.5,12.7714,1226.28,1426.32,0.822148,1.06391,0.982925,0.859757,0.00195549,0.00243944,0.999515,0.85934,200.031,253.674
"Virginia, VA, Port of",2021222N14301,FRED,2021,487.5,-3,0,20,1,70,30,29.7714,591.164,758.93,1.00768,0.806195,0.958836,0.778944,0.0050143,0.0301439,0.974744,0.759271,167.766,-5.82672
"San Juan, PR",2021225N15313,GRACE,2021,158.2,-1,3,33,2,70,9.5,12.4571,163.764,412.53,0.762615,1.00003,0.520526,0.396974,0,0.0107585,0.989242,0.392704,248.766,97.9286
"Baltimore, MD",2021227N36297,HENRI,2021,307.6,1,1,65,3,70,20,18.9571,1063.51,935.222,1.05501,1.02007,1.05667,1.13717,0,0.0360336,0.963966,1.09619,-128.286,-51.4478
"New York, NY & NJ",2021227N36297,HENRI,2021,88.7,1,1,65,3,70,44,38.9143,5833.04,5368.15,1.13069,1.01435,0.94741,1.0866,0.0160468,0.0418286,0.973798,1.05813,-464.898,-701.564
"Philadelphia Regional Port, PA",2021227N36297,HENRI,2021,179.5,1,1,65,3,70,11.3333,11.2571,763.597,1004.68,1.00677,1.07541,0.701996,0.760041,0.00534167,0.02708,0.978145,0.74343,241.082,-6.79985
"South Jersey Port Corp, NJ",2021227N36297,HENRI,2021,223.9,1,1,65,4,70,15,12.6857,1182.47,974.581,1.18243,1.04084,0.985855,1.21331,0.0403847,0.0908743,0.947386,1.14947,-207.89,-177.795
"Virginia, VA, Port of",2021227N36297,HENRI,2021,439.1,1,1,65,2,70,31.5,30.1714,1697.23,1511.78,1.04403,1.22442,0.878226,1.12267,0.00919194,0.0325933,0.976382,1.09615,-185.448,-66.5698
"Baltimore, MD",2021239N17281,IDA,2021,34,-4,4,40,2,70,17.5,18.7571,476.612,601.212,0.932978,1.0201,0.832963,0.792753,0.0178472,0.0471278,0.970187,0.769119,124.599,40.2945
"Beaumont, TX",2021239N17281,IDA,2021,326,4,4,130,2,70,8,12.5857,695.799,1198.55,0.635641,1.59697,0.571902,0.580536,0,0.00184499,0.998155,0.579465,502.746,436.7
"Galveston, TX",2021239N17281,IDA,2021,413.5,4,4,130,2,70,10.5,13.2429,1551.63,1345.81,0.79288,1.90462,0.763469,1.15294,0.0385219,0.0321728,1.0066,1.16055,-205.827,278.743
"Greater Lafourche Port, LA",2021239N17281,IDA,2021,21.2,4,4,130,4,70,1.75,5.5,630.327,2373.46,0.318182,0.850268,0.981643,0.265573,0.0349961,0.0608187,0.973241,0.258467,1743.13,1618.27
"Houston Port Authority, TX",2021239N17281,IDA,2021,448.8,4,4,125,2,70,70,80.9857,3702.33,4463.56,0.86435,0.973085,0.986173,0.829456,0,0.00264596,0.997354,0.827262,761.231,605.482
"Lake Charles Harbor District, LA",2021239N17281,IDA,2021,251.6,4,4,130,3,70,7.33333,9.82857,1011.26,1066.99,0.746124,2.83306,0.448366,0.947762,0.0211471,0.034982,0.985866,0.934366,55.7377,270.884
"Mobile, AL",2021239N17281,IDA,2021,254.5,4,4,130,3,70,4.66667,13.9571,484.777,721.37,0.334357,2.0235,0.993278,0.672023,0.0140771,0.0056615,1.00854,0.677759,236.593,480.175
"New Orleans, LA",2021239N17281,IDA,2021,59.5,4,4,130,3,70,16,41.5571,491.464,2370.44,0.385012,0.987919,0.545089,0.20733,0.125299,0.00446488,1.13814,0.235972,1878.98,1457.79
"New York, NY & NJ",2021239N17281,IDA,2021,57.8,-4,4,40,2,70,43.5,39.2857,3853.59,3570.61,1.10727,1.04638,0.931493,1.07925,0.0162971,0.0510119,0.96471,1.04117,-282.982,-383.029
"Philadelphia Regional Port, PA",2021239N17281,IDA,2021,56.7,-4,4,40,2,70,13.5,11.5286,912.885,671.265,1.171,1.02953,1.12804,1.35995,0.0126121,0.0365776,0.975728,1.32694,-241.62,-114.789
"Plaquemines Port District, LA",2021239N17281,IDA,2021,67.2,4,4,130,4,70,24.5,71.3143,1592.46,5756.87,0.34355,1.02102,0.7886,0.276618,0.12917,0.0261419,1.11831,0.309345,4164.41,3779.1
"Port Arthur, TX",2021239N17281,IDA,2021,310.8,4,4,130,2,70,6,9.57143,556.812,706.707,0.626866,1.2428,1.01133,0.787897,0,0.000740295,0.99926,0.787314,149.895,263.697
"Port Freeport, TX",2021239N17281,IDA,2021,476.4,4,4,125,2,70,9,8.17143,968.963,707.359,1.1014,1.18257,1.05171,1.36983,0.00839149,0.0160342,0.992293,1.35927,-261.605,-71.7252
"Port of Greater Baton Rouge, LA",2021239N17281,IDA,2021,50.7,4,4,130,3,70,9,13.1571,680.044,1167.19,0.684039,0.602506,1.41369,0.582636,0.125309,0.00619044,1.13618,0.661982,487.141,368.785
"PortMiami, FL",2021239N17281,IDA,2021,450.1,1,4,70,2,70,14,15.1,622.026,866.188,0.927152,0.998188,0.775947,0.718118,0.0179448,0.0134932,1.00453,0.721373,244.163,63.0998
"South Jersey Port Corp, NJ",2021239N17281,IDA,2021,60.6,-4,4,40,2,70,14,12.5857,585.19,454.942,1.11237,1.03586,1.11632,1.2863,0.011111,0.0972967,0.912846,1.17419,-130.248,-51.1228
"South Louisiana, LA, Port of",2021239N17281,IDA,2021,16.1,4,4,130,3,70,26.6667,47.2714,534.928,2686.59,0.564118,0.585131,0.603213,0.19911,0.184123,0.00198151,1.22325,0.243561,2151.66,1171.04
"Tampa Port Authority, FL",2021239N17281,IDA,2021,494,1,4,80,1,70,13,11.8143,317.31,342.727,1.10036,1.22454,0.687111,0.925838,0,0.00336299,0.996637,0.922724,25.4173,-34.397
"Texas City, TX",2021239N17281,IDA,2021,413.2,4,4,130,2,70,6.5,6.07143,528.416,660.21,1.07059,0.955081,0.782765,0.800376,0,0.00160329,0.998397,0.799093,131.794,-46.603
"Virginia, VA, Port of",2021239N17281,IDA,2021,285.1,-4,4,38,2,70,27,30.5857,1617.61,1424.58,0.882765,1.12378,1.14461,1.1355,0,0.0437359,0.956264,1.08583,-193.026,167.011
"Greater Lafourche Port, LA",2021252N28273,MINDY,2021,350.5,0,0,50,2,70,3,5.67143,543.111,1235.79,0.528967,0.939206,0.884614,0.439484,0.173168,0.0591577,1.13789,0.500084,692.681,582.099
"Jacksonville, FL",2021252N28273,MINDY,2021,96.9,0,0,50,2,70,13,11.3571,474.213,419.654,1.14465,0.893863,1.10443,1.13001,0.0309618,0.0184933,1.01287,1.14455,-54.5586,-60.7047
"Mobile, AL",2021252N28273,MINDY,2021,267.6,0,0,50,2,70,10,12.8571,240.879,478.202,0.777778,1.0036,0.645311,0.503717,0.0555457,0.00748112,1.05089,0.529352,237.324,106.267
"New Orleans, LA",2021252N28273,MINDY,2021,362.2,0,0,50,2,70,36.5,41.1429,1213.18,1555.97,0.887153,1.01061,0.869653,0.779697,0.0939084,0.00243884,1.10095,0.858407,342.784,175.586
"Plaquemines Port District, LA",2021252N28273,MINDY,2021,283,0,0,50,2,70,78.5,70.7714,2672.04,2911.91,1.1092,1.08264,0.764137,0.917626,0.0992412,0.0275943,1.07954,0.990614,239.866,-317.994
"Port of Charleston, SC",2021252N28273,MINDY,2021,158.8,0,0,35,2,70,20,19.4143,1095.08,1063.97,1.03017,0.910991,1.09672,1.02924,0.0421839,0.0297297,1.013,1.04262,-31.11,-32.0993
"Port of Greater Baton Rouge, LA",2021252N28273,MINDY,2021,491.8,0,0,35,1,70,19,12.1857,715.955,363.884,1.5592,0.93821,1.34499,1.96754,0,0.00462677,0.995373,1.95843,-352.071,-203.485
"Port of Savannah, GA",2021252N28273,MINDY,2021,82.9,0,0,50,2,70,19,18.0143,828.94,761.842,1.05472,0.989109,1.04298,1.08807,0.0200688,0.00883988,1.01146,1.10054,-67.098,-41.6868
"South Louisiana, LA, Port of",2021252N28273,MINDY,2021,402.4,0,0,45,2,70,40,48.5571,1018.38,1825.6,0.823772,0.896379,0.755447,0.557831,0.054207,0.00164075,1.05558,0.588835,807.223,321.722
"Tampa Port Authority, FL",2021252N28273,MINDY,2021,325.4,0,0,50,2,70,14,10.6714,687.603,662.723,1.31191,0.826239,0.957182,1.03754,0.0343874,0.00238919,1.03314,1.07192,-24.8796,-206.713
"Beaumont, TX",2021256N21265,NICHOLAS,2021,6.1,1,1,65,5,70,9.6,12.6429,2820.91,2971.47,0.759322,1.18101,1.05861,0.949332,0,0.00132372,0.998676,0.948075,150.559,715.168
"Corpus Christi, TX",2021256N21265,NICHOLAS,2021,116.3,1,1,65,3,70,17.6667,19.7143,3342.43,3790.85,0.896135,1.07255,0.917346,0.88171,0.00165619,0.00554781,0.996102,0.878273,448.421,393.736
"Galveston, TX",2021256N21265,NICHOLAS,2021,39.8,1,1,65,5,70,12.2,13.0143,3797.06,3339.55,0.937431,1.34887,0.899183,1.137,0.0411039,0.0353667,1.00598,1.1438,-457.505,208.951
"Greater Lafourche Port, LA",2021256N21265,NICHOLAS,2021,131.9,0,1,43,4,70,4.75,5.21429,2288.84,2374.69,0.910959,1.133,0.933854,0.963848,0.0696707,0.0605808,1.00977,0.973266,85.8487,211.445
"Houston Port Authority, TX",2021256N21265,NICHOLAS,2021,43.9,1,1,65,5,70,77.4,80.7571,9902.12,11131.2,0.958429,1.06083,0.874948,0.889585,0.00107245,0.00270999,0.998361,0.888127,1229.05,462.732
"Lake Charles Harbor District, LA",2021256N21265,NICHOLAS,2021,44,1,1,65,5,70,10.2,9.22857,2400.82,1815.99,1.10526,1.0537,1.13518,1.32205,0.0243162,0.0365676,0.987443,1.30545,-584.833,-191.157
"Mobile, AL",2021256N21265,NICHOLAS,2021,360.8,-1,1,25,3,70,14.3333,12.3,642.152,725.05,1.16531,1.00955,0.752834,0.885665,0.0170099,0.00728163,1.0099,0.89443,82.8988,-119.859
"New Orleans, LA",2021256N21265,NICHOLAS,2021,165.6,0,1,35,4,70,44.25,38.0429,3435.28,2851.25,1.16316,1.05729,0.979693,1.20483,0.00186825,0.0070525,0.994806,1.19857,-584.025,-465.216
"Plaquemines Port District, LA",2021256N21265,NICHOLAS,2021,205.2,-1,1,30,3,70,84,67.1857,4668.29,4177.52,1.25027,1.12455,0.794804,1.11748,0.00299173,0.0314243,0.971482,1.08561,-490.775,-1045.49
"Port Arthur, TX",2021256N21265,NICHOLAS,2021,27.7,1,1,65,5,70,6.4,9.27143,1532.68,1713.07,0.690293,1.36764,0.9477,0.894697,0,0.000620206,0.99938,0.894142,180.392,530.551
"Port Freeport, TX",2021256N21265,NICHOLAS,2021,12.3,1,1,65,5,70,6.6,8.15714,1443.6,1840.55,0.809107,1.14311,0.848015,0.784331,0.00733127,0.0159705,0.991297,0.777504,396.95,351.348
"Port of Greater Baton Rouge, LA",2021256N21265,NICHOLAS,2021,77.8,1,1,65,4,70,20.25,12.0857,2273.37,1525.94,1.67553,1.00151,0.887822,1.48982,0,0.0162422,0.983758,1.46562,-747.435,-1030.82
"South Louisiana, LA, Port of",2021256N21265,NICHOLAS,2021,120.3,0,1,50,4,70,52.5,47.2,3799.46,3469.45,1.11229,1.06383,0.925489,1.09512,0.0019101,0.00801471,0.993884,1.08842,-330.018,-389.578
"Texas City, TX",2021256N21265,NICHOLAS,2021,16.9,1,1,65,5,70,3,6.57143,1221.17,1680.72,0.456522,1.50174,1.0598,0.726577,0,0.000353528,0.999646,0.72632,459.546,913.434
"New York, NY & NJ",2021259N30286,ODETTE,2021,479.6,0,0,40,1,70,35,40.0286,1994.76,1761.38,0.874375,1.28605,1.00712,1.1325,0.00839623,0.0360547,0.972107,1.10091,-233.381,221.273
"Philadelphia Regional Port, PA",2021259N30286,ODETTE,2021,478.3,0,0,40,2,70,11.5,10.7857,576.486,634.788,1.06623,1.16968,0.728186,0.908155,0,0.0208058,0.979194,0.88926,58.302,-42.0389
"Port of Charleston, SC",2021259N30286,ODETTE,2021,441.9,-3,0,30,2,70,21,19.2857,1235.99,1071.06,1.08889,0.975473,1.08644,1.15399,0.0198263,0.0303968,0.989216,1.14155,-164.937,-95.2052
"South Jersey Port Corp, NJ",2021259N30286,ODETTE,2021,433.7,0,0,40,2,70,15.5,11.9714,593.295,454.717,1.29475,0.945323,1.06602,1.30476,0.111818,0.0721419,1.04467,1.36304,-138.578,-134.027
"Virginia, VA, Port of",2021259N30286,ODETTE,2021,303.3,0,0,40,3,70,27.6667,29.1714,2210.73,2016.19,0.948417,1.09399,1.0568,1.09649,0.0216073,0.0269003,0.99459,1.09056,-194.545,104.002
"San Juan, PR",2021262N16307,PETER,2021,250.6,0,0,45,3,70,12.6667,12.4429,620.692,588.257,1.01799,1.20857,0.85762,1.05514,0.0128029,0.0072843,1.00559,1.06104,-32.4351,-10.581
"New York, NY & NJ",2021299N33284,WANDA,2021,340,-4,0,60,1,70,41,40.4143,1982.17,1862.4,1.01449,1.13169,0.927029,1.06431,0.00747189,0.0375008,0.969745,1.03211,-119.772,-26.9913
"Philadelphia Regional Port, PA",2021299N33284,WANDA,2021,419.1,-4,0,60,1,70,15,11.5857,408.064,312.392,1.2947,0.993685,1.01534,1.30626,0,0.0165291,0.983471,1.28466,-95.6718,-92.0613
"Port of Charleston, SC",2021299N33284,WANDA,2021,354.1,-4,0,40,1,70,22,20.5571,575.112,542.805,1.07019,0.92462,1.07074,1.05952,0.00605245,0.0273997,0.978523,1.03676,-32.3072,-38.0982
"Port of Savannah, GA",2021299N33284,WANDA,2021,455.5,-4,0,35,1,70,18,18.5,372.41,392.354,0.972973,1.10167,0.885508,0.949168,0.0215951,0.0103211,1.01152,0.960105,19.9442,10.6042
"South Jersey Port Corp, NJ",2021299N33284,WANDA,2021,415.7,-4,0,58,1,70,11,12.2571,236.076,233.403,0.897436,1.06974,1.05358,1.01146,0,0.0926734,0.907327,0.917721,-2.67375,23.9387
"Virginia, VA, Port of",2021299N33284,WANDA,2021,360.8,-4,0,45,2,70,24,30.9857,1071.94,1419.08,0.77455,1.24122,0.78571,0.755374,0.0171591,0.0274425,0.989537,0.747471,347.145,319.932
"Jacksonville, FL",2022154N21273,ALEX,2022,364.4,0,0,45,2,70,15,12.3286,556.054,450.025,1.21669,0.931748,1.08994,1.23561,0.0160804,0.0415496,0.974115,1.20362,-106.03,-97.5141
"Port Everglades, FL",2022154N21273,ALEX,2022,95.9,0,0,45,2,70,21,24.8143,1231.35,1094.07,0.846287,1.38194,0.962347,1.12548,0.00565974,0.0298621,0.97566,1.09809,-137.285,168.173
"Port of Palm Beach District, FL",2022154N21273,ALEX,2022,57.4,0,0,45,2,70,2.5,5.3,396.637,393.136,0.471698,2.17225,0.984638,1.00891,0.00314057,0.0393544,0.963672,0.972254,-3.50109,207.694
"PortMiami, FL",2022154N21273,ALEX,2022,140,0,0,45,2,70,16,15.6571,739.979,550.414,1.0219,1.00944,1.30329,1.3444,0.00393203,0.0255296,0.978317,1.31525,-189.565,-12.0529
"Tampa Port Authority, FL",2022154N21273,ALEX,2022,175.6,0,0,43,2,70,10,12.3429,499.942,599.717,0.810185,1.0958,0.938983,0.833629,0.00395795,0.0209089,0.982982,0.819442,99.7759,113.835
"Jacksonville, FL",2022183N32280,COLIN,2022,196.7,0,0,35,2,70,13.5,13.3714,385.218,476.188,1.00962,0.773537,1.03584,0.808961,0.168603,0.0351643,1.1605,0.938799,90.9704,-4.57873
"Port of Charleston, SC",2022183N32280,COLIN,2022,13,0,0,35,2,70,20,17.9571,637.621,875.373,1.11376,0.787686,0.830279,0.7284,0.224775,0.0381508,1.24074,0.903752,237.751,-99.585
"Port of Savannah, GA",2022183N32280,COLIN,2022,41.3,0,0,35,2,70,19,19.1571,598.202,779.738,0.991797,0.809394,0.955689,0.767184,0.158267,0.0315632,1.15053,0.882666,181.536,6.39606
"Tampa Port Authority, FL",2022183N32280,COLIN,2022,468.1,-1,0,33,1,70,14,11.7714,245.919,278.907,1.18932,0.943443,0.785813,0.881726,0.00823946,0.0256222,0.982473,0.866272,32.9873,-52.8027
"Virginia, VA, Port of",2022183N32280,COLIN,2022,415.3,0,0,35,1,70,28,26.1143,768.661,524.532,1.07221,1.14225,1.19652,1.46542,0,0.0330872,0.966913,1.41694,-244.129,-37.8765
"Corpus Christi, TX",2022232N20266,UNNAMED,2022,338,-3,-3,30,2,70,22,21.7286,3322.95,2821.73,1.01249,0.966994,1.2028,1.17763,0.00262867,0.0214416,0.981138,1.15542,-501.222,-35.2485
"San Juan, PR",2022246N18301,EARL,2022,207.6,0,2,60,4,70,11,11.4143,580.61,658.293,0.963705,0.888297,1.0303,0.881993,0,0.0172019,0.982798,0.866821,77.683,23.893
"San Juan, PR",2022257N16312,FIONA,2022,111.9,2,4,95,4,70,6.5,11.9143,312.735,685.455,0.545564,1.15387,0.72476,0.456244,0,0.00191119,0.998089,0.455373,372.72,311.496
"Jacksonville, FL",2022266N12294,IAN,2022,219.8,5,5,140,3,70,2.66667,13.4143,263.578,846.39,0.198793,2.1588,0.725649,0.311415,0.0198753,0.0210956,0.998755,0.311027,582.811,678.133
"Port Everglades, FL",2022266N12294,IAN,2022,169.7,5,5,140,4,70,20,22.1286,1642.64,1974.45,0.903809,1.11414,0.826186,0.831946,0.00806619,0.0146642,0.993348,0.826412,331.815,189.925
"Port of Charleston, SC",2022266N12294,IAN,2022,83.7,1,5,75,3,70,10.3333,17.8143,587.978,1473.74,0.580059,1.03607,0.663862,0.39897,0.00987452,0.0180326,0.991761,0.395682,885.764,618.885
"Port of Palm Beach District, FL",2022266N12294,IAN,2022,127.1,5,5,140,4,70,3.75,5.14286,788.757,866.129,0.729167,1.18714,1.05204,0.91067,0,0.0142883,0.985712,0.897658,77.3715,234.577
"Port of Savannah, GA",2022266N12294,IAN,2022,201.4,1,5,75,3,70,5,18.3,322.669,1180.9,0.273224,2.27015,0.440526,0.27324,0,0.0150926,0.984907,0.269116,858.23,858.249
"PortMiami, FL",2022266N12294,IAN,2022,199.9,5,5,140,4,70,16,17.0571,824.972,1232.66,0.938023,0.958762,0.744168,0.669261,0.00224471,0.00746812,0.994765,0.665757,407.69,76.3961
"Tampa Port Authority, FL",2022266N12294,IAN,2022,101.2,5,5,140,4,70,1.75,12.3286,214.914,1500.5,0.141947,2.48123,0.406666,0.143229,0,0.00470614,0.995294,0.142555,1285.58,1287.51
"Virginia, VA, Port of",2022266N12294,IAN,2022,350.8,1,5,70,2,70,23,26.7143,1267.72,1111.07,0.860963,1.46653,0.903664,1.14099,0,0.0114374,0.988563,1.12794,-156.653,154.48
"Jacksonville, FL",2022311N21293,NICOLE,2022,180.8,1,1,65,2,70,11,12.6286,632.034,598.235,0.871041,1.06918,1.13444,1.0565,0,0.018441,0.981559,1.03702,-33.7997,77.1479
"Mobile, AL",2022311N21293,NICOLE,2022,339.1,0,1,38,2,70,17.5,15.1286,392.919,556.392,1.15675,0.867885,0.703428,0.706191,0.00981258,0.0275647,0.982072,0.69353,163.473,-87.2154
"Port Everglades, FL",2022311N21293,NICOLE,2022,143.3,1,1,65,2,70,13,25.0286,765.973,1148.62,0.519406,1.88017,0.682861,0.666864,0.0143335,0.0110391,1.00334,0.669093,382.646,552.019
"Port of Charleston, SC",2022311N21293,NICOLE,2022,419.3,0,1,38,2,70,13,19.0286,742.205,1040.84,0.683183,1.14798,0.909221,0.713084,0.0229001,0.0187406,1.00426,0.71612,298.632,329.755
"Port of Palm Beach District, FL",2022311N21293,NICOLE,2022,96.5,1,1,65,2,70,0.5,5.88571,491.828,496.429,0.0849515,13.5148,0.862928,0.990731,0.00823967,0.0139429,0.994249,0.985034,4.60142,454.257
"Port of Savannah, GA",2022311N21293,NICOLE,2022,336.9,0,1,62,2,70,13.5,18.1143,561.601,810.518,0.745268,1.14151,0.814469,0.692892,0.0767371,0.0105026,1.07174,0.7426,248.917,206.465
"PortMiami, FL",2022311N21293,NICOLE,2022,200.4,1,1,65,2,70,13.5,16.7714,384.422,696.82,0.80494,1.16966,0.585958,0.551681,0,0.00695121,0.993049,0.547846,312.398,135.921
"San Juan, PR",2022311N21293,NICOLE,2022,254,-3,1,35,1,70,8,10.6571,183.298,187.815,0.75067,1.04539,1.24366,0.97595,0,0.0050884,0.994912,0.970984,4.51687,46.8279
"Tampa Port Authority, FL",2022311N21293,NICOLE,2022,56.7,1,1,65,3,70,10.6667,11.9714,1639.6,1450.66,0.89101,1.49273,0.849786,1.13024,0.00155515,0.00231727,0.999237,1.12938,-188.941,158.107
"South Jersey Port Corp, NJ",2023015N36289,UNNAMED,2023,477.4,-4,-2,45,1,70,20,13.6714,357.666,304.059,1.4629,0.845627,0.950878,1.1763,0.0173687,0.0766916,0.939629,1.10529,-53.6068,-140.751
"Virginia, VA, Port of",2023015N36289,UNNAMED,2023,451.9,-4,-2,45,1,70,23,28.9429,623.159,712.357,0.794669,1.20565,0.913046,0.874784,0,0.015771,0.984229,0.860988,89.1986,146.269
"Greater Lafourche Port, LA",2023152N26274,ARLENE,2023,393.7,0,0,35,2,70,10.5,11.5571,1569.7,1604.47,0.908529,1.0809,0.996234,0.978331,0.0560405,0.0655927,0.989881,0.968431,34.7677,146.762
"Mobile, AL",2023152N26274,ARLENE,2023,334.7,0,0,35,2,70,9,13.5429,328.549,555.39,0.664557,0.908822,0.979472,0.591565,0.0466096,0.0475786,0.998984,0.590964,226.84,186.302
"New Orleans, LA",2023152N26274,ARLENE,2023,411.1,0,0,35,2,70,34.5,29.4714,1622.84,1369.84,1.17063,1.00241,1.00959,1.18469,0,0.000881462,0.999119,1.18365,-252.997,-233.73
"Plaquemines Port District, LA",2023152N26274,ARLENE,2023,328.9,0,0,35,3,70,64.3333,53.0714,4323.15,3801.31,1.2122,1.00197,0.936351,1.13728,0.0368409,0.0432101,0.993387,1.12976,-521.843,-806.648
"Port Everglades, FL",2023152N26274,ARLENE,2023,408.1,-3,0,25,2,70,23,26.5,1127.82,1083.06,0.867925,1.00327,1.19588,1.04133,0.00679972,0.010308,0.996468,1.03765,-44.7624,143.045
"Port of Palm Beach District, FL",2023152N26274,ARLENE,2023,453.8,-3,0,25,1,70,2,6,190.171,204.159,0.333333,2.73945,1.02007,0.931481,0,0.0119737,0.988026,0.920328,13.9888,136.106
"PortMiami, FL",2023152N26274,ARLENE,2023,360.6,-3,0,25,2,70,12,14.9143,639.989,616.229,0.804598,1.06955,1.20684,1.03856,0.0428895,0.0112211,1.03309,1.07292,-23.7596,120.413
"South Louisiana, LA, Port of",2023152N26274,ARLENE,2023,449.8,-1,0,33,2,70,45,40.9,1932.67,2180.93,1.10024,0.925306,0.870442,0.886165,0,0.00105365,0.998946,0.885231,248.267,-218.627
"Tampa Port Authority, FL",2023152N26274,ARLENE,2023,349.4,0,0,35,4,70,10.5,10.7857,1322.6,1448.3,0.97351,1.02741,0.913029,0.913206,0,0.00149234,0.998508,0.911843,125.704,38.3657
"San Juan, PR",2023232N13300,FRANKLIN,2023,397,0,4,60,7,70,11.4286,12.0571,1122.26,1170.69,0.947867,1.13137,0.893918,0.958631,0.0070709,0.0110329,0.99601,0.954806,48.4303,61.0314
"Beaumont, TX",2023234N25271,HAROLD,2023,424.3,0,0,50,1,70,18,14.3714,936.139,630.684,1.25249,0.981642,1.20727,1.48432,0,0.00500181,0.994998,1.4769,-305.455,-159.238
"Corpus Christi, TX",2023234N25271,HAROLD,2023,83,0,0,50,2,70,24.5,22.9,3556.14,3083.22,1.06987,1.14644,0.940361,1.15339,0,0.00644349,0.993557,1.14595,-472.922,-215.421
"Galveston, TX",2023234N25271,HAROLD,2023,311.1,0,0,50,1,70,13,12.0143,537.626,555.984,1.08205,0.880407,1.01505,0.96698,0.0337119,0.0471127,0.986132,0.953569,18.3587,-45.6158
"Greater Lafourche Port, LA",2023234N25271,HAROLD,2023,478.5,-1,0,30,2,70,11,9.81429,1762.16,1574.84,1.12082,1.05292,0.948155,1.11895,0.0519827,0.0673264,0.983815,1.10084,-187.32,-190.265
"Houston Port Authority, TX",2023234N25271,HAROLD,2023,354,0,0,50,1,70,67,78.4714,2289.88,2466.86,0.853814,1.01863,1.0673,0.928255,0,0.00361899,0.996381,0.924896,176.985,360.621
"Lake Charles Harbor District, LA",2023234N25271,HAROLD,2023,449.6,0,0,50,1,70,9,9.95714,434.898,475.241,0.903874,1.5149,0.668314,0.915109,0.0139798,0.0507654,0.962693,0.880969,40.3436,45.6832
"Port Arthur, TX",2023234N25271,HAROLD,2023,420.6,0,0,50,1,70,9,8.64286,276.835,280.48,1.04132,0.946579,1.00133,0.987003,0,0.00483346,0.995167,0.982232,3.64539,-11.5901
"Port Freeport, TX",2023234N25271,HAROLD,2023,274.5,0,0,50,2,70,5,8.12857,253.488,711.299,0.615114,1.35282,0.428263,0.356374,0.00753614,0.0209845,0.986449,0.351545,457.81,273.769
"Texas City, TX",2023234N25271,HAROLD,2023,329.3,0,0,50,1,70,6,7.91429,329.722,426.717,0.758123,1.2461,0.817927,0.772695,0.0219445,0.0049557,1.01737,0.786117,96.9948,103.213
"Jacksonville, FL",2023239N21274,IDALIA,2023,125.7,4,4,115,2,70,8.5,13.3429,227.445,495.867,0.637045,0.926984,0.776727,0.458681,0.0574282,0.035661,1.02309,0.469274,268.422,179.977
"Mobile, AL",2023239N21274,IDALIA,2023,423.3,4,4,115,1,70,12,14.1571,315.993,303.186,0.847629,1.10468,1.11308,1.04224,0.0431756,0.0253356,1.01865,1.06168,-12.8077,46.1968
"Plaquemines Port District, LA",2023239N21274,IDALIA,2023,499.9,3,4,105,1,70,46,56.2571,1144.37,1305.25,0.817674,1.24336,0.862379,0.876748,0.0131101,0.0351529,0.977664,0.857165,160.875,237.98
"Port Everglades, FL",2023239N21274,IDALIA,2023,430.3,4,4,115,2,70,23.5,26.0857,897.93,951.429,0.900876,1.00851,1.03877,0.943769,0.0186404,0.0123076,1.00645,0.949859,53.4996,94.3093
"Port of Charleston, SC",2023239N21274,IDALIA,2023,23.4,3,4,100,2,70,9,16.1143,345.735,680.341,0.558511,1.23892,0.734417,0.50818,0.0158367,0.026274,0.989395,0.50279,334.605,300.363
"Port of Palm Beach District, FL",2023239N21274,IDALIA,2023,418.2,4,4,115,2,70,5.5,4.6,281.191,234.575,1.19565,0.983297,1.0196,1.19872,0.0503453,0.0378999,1.01311,1.21443,-46.615,-45.8952
"Port of Savannah, GA",2023239N21274,IDALIA,2023,64.7,4,4,115,2,70,7.5,18.6857,172.258,806.366,0.401376,0.993115,0.535915,0.213622,0,0.0127535,0.987246,0.210898,634.108,482.71
"PortMiami, FL",2023239N21274,IDALIA,2023,433.2,3,4,105,2,70,12.5,13.7571,323.976,512.305,0.908619,1.14251,0.609175,0.632388,0.0043347,0.0131302,0.991166,0.626801,188.33,46.815
"Tampa Port Authority, FL",2023239N21274,IDALIA,2023,215.7,4,4,115,2,70,2,11.6,190.738,679.159,0.172414,3.32573,0.489785,0.280844,0,0.00407642,0.995924,0.279699,488.421,562.062
"Virginia, VA, Port of",2023239N21274,IDALIA,2023,358.1,0,4,55,1,70,26,29.8286,700.955,650.724,0.871648,1.05529,1.17106,1.07719,0,0.0148718,0.985128,1.06117,-50.2305,83.5221
"Baltimore, MD",2023265N29284,OPHELIA,2023,61.1,0,0,50,2,70,20,19.9429,731.812,687.977,1.00287,1.20669,0.878996,1.06372,0,0.0140373,0.985963,1.04878,-43.8354,-1.97128
"New York, NY & NJ",2023265N29284,OPHELIA,2023,316.4,-4,0,25,1,70,42,43.4286,2231.83,1960.32,0.967105,1.20443,0.977419,1.1385,0.00683846,0.0231269,0.983599,1.11983,-271.513,64.4843
"Philadelphia Regional Port, PA",2023265N29284,OPHELIA,2023,205.7,0,0,40,2,70,11.5,12.2714,459.175,625.916,0.937136,1.04174,0.751449,0.733606,0,0.00437553,0.995624,0.730396,166.74,39.3474
"Port of Charleston, SC",2023265N29284,OPHELIA,2023,285.9,0,0,60,3,70,17.6667,15.4714,1062.73,1002.32,1.14189,0.950565,0.976813,1.06027,0.0234228,0.0249325,0.998454,1.05863,-60.4117,-142.219
"Port of Palm Beach District, FL",2023265N29284,OPHELIA,2023,486.3,-4,0,30,1,70,7,3.3,193.509,75.7206,2.12121,1.35571,0.888661,2.55556,0.031901,0.086498,0.943604,2.41144,-117.788,-84.8988
"Port of Savannah, GA",2023265N29284,OPHELIA,2023,420.4,0,0,60,2,70,20,16.9,869.041,702.349,1.18343,1.01272,1.03241,1.23734,0.00853392,0.00783464,1.00071,1.23821,-166.692,-128.833
"South Jersey Port Corp, NJ",2023265N29284,OPHELIA,2023,185,0,0,45,2,70,15.5,12.8429,927.725,503.764,1.2069,1.19258,1.27948,1.84159,0.034588,0.0797152,0.953256,1.7555,-423.961,-104.227
"Virginia, VA, Port of",2023265N29284,OPHELIA,2023,113.6,0,0,60,3,70,23,27.3857,1906.77,1912.15,0.839854,1.10284,1.07661,0.997186,0.00160349,0.0158885,0.985692,0.982918,5.38083,306.223
"San Juan, PR",2023266N16323,PHILIPPE,2023,150.7,0,0,45,3,70,11.3333,11.1429,616.284,512.388,1.01709,1.16674,1.01355,1.20277,0,0.00783189,0.992168,1.19335,-103.896,-8.75878
"San Juan, PR",2023292N13309,TAMMY,2023,292.2,1,2,80,2,70,8.5,11.2429,302.833,378.876,0.756036,1.01629,1.04027,0.799293,0,0.0114667,0.988533,0.790128,76.043,92.4323
