port,SID,name,season,min_dist_km,sshs_max,sshs_storm_lifetime,wind_max_kt,k_days,obs_mean,ref_median,ref_p05,ref_p95,n_ref,ratio,z,p_lower,p_upper,sig_drop,sig_rise
"Albany Port District, NY",2015126N27281,ANA,2015,329.5,-3,0,28,1,0,0,0,0.4263,70,,0,0.5915,1,0,0
"Albany Port District, NY",2016242N24279,HERMINE,2016,330,-4,1,55,4,0.2903,0.1287,0,0.2908,64,2.2557,1.8974,0.9385,0.0769,0,0
"Albany Port District, NY",2017247N09327,JOSE,2017,494.9,-3,4,35,1,0.3211,0,0,0.5504,70,,1.4702,0.7606,0.2535,0,0
"Albany Port District, NY",2017277N11279,NATE,2017,120,-4,1,25,2,0,0.1548,0,0.4705,68,0,-0.9473,0.3623,1,0,0
"Albany Port District, NY",2018242N13343,FLORENCE,2018,65.3,-4,4,25,1,0,0,0,0.5759,70,,0,0.6056,1,0,0
"Albany Port District, NY",2018280N18273,MICHAEL,2018,478.3,-4,5,60,1,0.336,0,0,0.4667,70,,1.5231,0.8169,0.1972,0,0
"Albany Port District, NY",2020188N28271,FAY,2020,38.8,0,0,50,2,0.2914,0.111,0,0.4969,68,2.626,0.9567,0.6957,0.3188,0,0
"Albany Port District, NY",2020211N13306,ISAIAS,2020,31.2,0,1,58,2,0,0.0449,0,0.3657,68,0,-0.2887,0.5072,1,0,0
"Albany Port District, NY",2020299N18277,ZETA,2020,392.9,-4,3,45,2,0.189,0.1698,0,0.3742,68,1.1134,0.128,0.5362,0.4783,0,0
"Albany Port District, NY",2021182N09317,ELSA,2021,222.5,0,1,50,2,0.2083,0.0815,0,0.3867,68,2.5571,0.8507,0.7536,0.2609,0,0
"Albany Port District, NY",2021222N14301,FRED,2021,24,-3,0,25,3,0,0.1,0,0.3578,66,0,-0.8036,0.3433,1,0,0
"Albany Port District, NY",2021227N36297,HENRI,2021,96,1,1,65,3,0.2487,0.0868,0,0.3124,66,2.8643,1.3929,0.8657,0.1493,0,0
"Albany Port District, NY",2021239N17281,IDA,2021,243.7,-4,4,40,2,0.3172,0,0,0.4568,68,,2.0075,0.8696,0.1449,0,0
"Albany Port District, NY",2021299N33284,WANDA,2021,376.5,-4,0,60,1,0,0,0,0.7573,70,,0,0.6338,1,0,0
"Albany Port District, NY",2023265N29284,OPHELIA,2023,493.6,-4,0,20,1,0,0,0,0.6163,70,,0,0.7183,1,0,0
"Alexandria-Cairo Port, IL",2015167N27266,BILL,2015,23.8,-3,0,20,2,0,0,0,0,68,,,1,1,0,0
"Alexandria-Cairo Port, IL",2017171N24271,CINDY,2017,122.8,-1,0,30,2,0,0,0,0,68,,,1,1,0,0
"Alexandria-Cairo Port, IL",2017228N14314,HARVEY,2017,239.7,-1,4,30,3,0,0,0,0,66,,,1,1,0,0
"Alexandria-Cairo Port, IL",2017242N16333,IRMA,2017,80.5,-3,5,20,2,0,0,0,0,68,,,1,1,0,0
"Alexandria-Cairo Port, IL",2017277N11279,NATE,2017,342.5,-1,1,30,2,0,0,0,0,68,,,1,1,0,0
"Alexandria-Cairo Port, IL",2018146N19273,ALBERTO,2018,129.3,-1,0,30,2,0,0,0,0,68,,,1,1,0,0
"Alexandria-Cairo Port, IL",2018246N22283,GORDON,2018,325.2,-1,0,20,2,0.393,0,0,0,68,,,1,0.0145,0,1
"Alexandria-Cairo Port, IL",2019192N29274,BARRY,2019,315.5,-3,1,20,2,0,0,0,0,68,,0,0.971,1,0,0
"Alexandria-Cairo Port, IL",2019299N25265,OLGA,2019,110.3,-4,0,43,2,0,0,0,0,68,,,1,1,0,0
"Alexandria-Cairo Port, IL",2020154N19269,CRISTOBAL,2020,257.9,-1,0,30,2,0,0,0,0.1952,68,,0,0.942,1,0,0
"Alexandria-Cairo Port, IL",2020233N14313,LAURA,2020,24.2,0,4,35,2,0,0,0,0,68,,,1,1,0,0
"Alexandria-Cairo Port, IL",2020261N21265,BETA,2020,422.7,-4,0,20,2,0,0,0,0,68,,,1,1,0,0
"Alexandria-Cairo Port, IL",2020279N16284,DELTA,2020,309,-4,4,25,2,0,0,0,0.2793,68,,0,0.942,1,0,0
"Alexandria-Cairo Port, IL",2020299N18277,ZETA,2020,469.4,0,3,53,1,0,0,0,0,70,,0,0.9718,1,0,0
"Alexandria-Cairo Port, IL",2021239N17281,IDA,2021,307.3,-1,4,30,2,0,0,0,0.2174,68,,0,0.942,1,0,0
"Alpena, MI",2017277N11279,NATE,2017,463.1,-4,1,25,1,0,0,0,0.4242,70,,0,0.9437,1,0,0
"Alpena, MI",2018146N19273,ALBERTO,2018,55.2,-1,0,30,1,0,0,0,0,70,,,1,1,0,0
"Alpena, MI",2019299N25265,OLGA,2019,63.2,-4,0,30,1,0,0,0,0.9211,70,,0,0.9155,1,0,0
"Alpena, MI",2020154N19269,CRISTOBAL,2020,406.6,-4,0,35,1,0,0,0,0.9585,70,,0,0.8732,1,0,0
"America's Central Port, IL",2015167N27266,BILL,2015,173.8,-3,0,20,2,0,0,0,0,68,,,1,1,0,0
"America's Central Port, IL",2017171N24271,CINDY,2017,299.3,-1,0,30,1,0,0,0,0,70,,0,0.9859,1,0,0
"America's Central Port, IL",2017228N14314,HARVEY,2017,415.9,-1,4,30,2,0.3609,0,0,0.2203,68,,3.925,0.971,0.0435,0,1
"America's Central Port, IL",2017242N16333,IRMA,2017,227.4,-3,5,15,2,0,0,0,0.1661,68,,0,0.942,1,0,0
"America's Central Port, IL",2017277N11279,NATE,2017,490.9,-3,1,20,1,0,0,0,0.0884,70,,0,0.9437,1,0,0
"America's Central Port, IL",2018146N19273,ALBERTO,2018,225.6,-1,0,30,2,0,0,0,0,68,,,1,1,0,0
"America's Central Port, IL",2018246N22283,GORDON,2018,417.4,-3,0,15,1,0,0,0,0,70,,0,0.9859,1,0,0
"America's Central Port, IL",2019192N29274,BARRY,2019,301.7,-3,1,20,2,0,0,0,0,68,,0,0.971,1,0,0
"America's Central Port, IL",2019299N25265,OLGA,2019,140.6,-4,0,40,2,0,0,0,0.1961,68,,0,0.942,1,0,0
"America's Central Port, IL",2020154N19269,CRISTOBAL,2020,161.6,-1,0,30,2,0,0,0,0,68,,,1,1,0,0
"America's Central Port, IL",2020233N14313,LAURA,2020,195.1,-1,4,30,2,0,0,0,0,68,,0,0.971,1,0,0
"America's Central Port, IL",2021239N17281,IDA,2021,497.1,-1,4,20,1,0,0,0,0,70,,0,0.9859,1,0,0
"Baltimore, MD",2015126N27281,ANA,2015,194.6,-1,0,30,2,0.0212,0.0164,0,0.0726,68,1.2939,0.2121,0.6232,0.3913,0,0
"Baltimore, MD",2015167N27266,BILL,2015,408.7,-3,0,15,1,0.01,0.0196,0,0.1113,70,0.5117,-0.2543,0.3239,0.6901,0,0
"Baltimore, MD",2015193N35285,CLAUDETTE,2015,457.2,-3,0,25,1,0.046,0.0141,0,0.0706,70,3.2558,0.9523,0.9014,0.1127,0,0
"Baltimore, MD",2016148N27288,BONNIE,2016,461.4,-1,0,30,2,0.0252,0.0223,0,0.0465,68,1.1321,0.2081,0.6087,0.4058,0,0
"Baltimore, MD",2016158N22272,COLIN,2016,474.6,-4,0,50,1,0.0169,0.0226,0,0.0563,70,0.7465,-0.2803,0.4366,0.5775,0,0
"Baltimore, MD",2016242N24279,HERMINE,2016,353.8,0,1,60,6,0.0306,0.0183,0.009,0.034,60,1.6755,1.457,0.8361,0.1803,0,0
"Baltimore, MD",2016257N27280,JULIA,2016,422.4,-4,0,25,2,0.0348,0.0153,0,0.0447,68,2.2753,1.2892,0.8986,0.1159,0,0
"Baltimore, MD",2017171N24271,CINDY,2017,172.6,-3,0,25,1,0,0.0114,0,0.0638,70,0,-0.4255,0.4225,1,0,0
"Baltimore, MD",2017240N31279,UNNAMED,2017,455.2,-4,-3,40,1,0,0.0147,0,0.0504,70,0,-0.677,0.4085,1,0,0
"Baltimore, MD",2017260N12310,MARIA,2017,495.7,1,5,65,2,0.0149,0.0135,0,0.0441,68,1.1045,0.0838,0.5942,0.4203,0,0
"Baltimore, MD",2017277N11279,NATE,2017,369.7,-4,1,25,1,0.0217,0.0141,0,0.0512,70,1.5341,0.3599,0.6761,0.338,0,0
"Baltimore, MD",2018242N13343,FLORENCE,2018,212,-4,4,25,2,0.0249,0.0138,0,0.0457,68,1.7973,0.7299,0.8116,0.2029,0,0
"Baltimore, MD",2018280N18273,MICHAEL,2018,272.1,0,5,60,2,0.0221,0.0125,0,0.0567,68,1.7705,0.5483,0.7246,0.2899,0,0
"Baltimore, MD",2019236N10314,DORIAN,2019,437.7,2,5,85,1,0.0297,0.0179,0,0.0743,70,1.6545,0.4523,0.6761,0.338,0,0
"Baltimore, MD",2019291N22264,NESTOR,2019,238.9,-4,0,40,2,0.0523,0.0218,0,0.0819,68,2.4033,1.1331,0.8261,0.1884,0,0
"Baltimore, MD",2020138N28281,ARTHUR,2020,456.1,0,0,50,2,0.0066,0.0115,0,0.0535,68,0.5738,-0.2366,0.3913,0.6232,0,0
"Baltimore, MD",2020148N32281,BERTHA,2020,346.6,-4,0,20,1,0,0,0,0.0466,70,,0,0.5634,1,0,0
"Baltimore, MD",2020188N28271,FAY,2020,189.4,0,0,50,3,0.0149,0.0092,0,0.0777,66,1.6315,0.1015,0.6866,0.3284,0,0
"Baltimore, MD",2020211N13306,ISAIAS,2020,53.1,0,1,60,1,0,0.0101,0,0.0501,70,0,-0.5106,0.4366,1,0,0
"Baltimore, MD",2020228N37286,KYLE,2020,375.8,0,0,38,1,0.0212,0.0149,0,0.0501,70,1.4218,0.0655,0.6056,0.4085,0,0
"Baltimore, MD",2020299N18277,ZETA,2020,158.8,-4,3,45,2,0.0311,0.023,0.0114,0.0628,68,1.3528,0.5316,0.7101,0.3043,0,0
"Baltimore, MD",2021169N23268,CLAUDETTE,2021,351.7,0,0,40,1,0.0204,0.0132,0,0.1353,70,1.5409,0.0886,0.6479,0.3662,0,0
"Baltimore, MD",2021182N09317,ELSA,2021,146.5,0,1,50,2,0.0067,0.01,0,0.1227,68,0.6739,-0.0666,0.2899,0.7246,0,0
"Baltimore, MD",2021222N14301,FRED,2021,241.7,-3,0,25,2,0.0084,0.0108,0,0.1667,68,0.7758,-0.0462,0.4058,0.6087,0,0
"Baltimore, MD",2021227N36297,HENRI,2021,307.6,1,1,65,3,0,0.0149,0,0.1455,66,0,-0.3315,0.1045,1,0,0
"Baltimore, MD",2021239N17281,IDA,2021,34,-4,4,40,2,0.018,0.0129,0,0.2327,68,1.3993,0.0697,0.5652,0.4493,0,0
"Baltimore, MD",2023265N29284,OPHELIA,2023,61.1,0,0,50,2,0,0.0115,0,0.0274,68,0,-0.7923,0.1594,1,0,0
"Beaumont, TX",2015167N27266,BILL,2015,278.8,0,0,50,3,0,0,0,0.0384,66,,0,0.5373,1,0,0
"Beaumont, TX",2017171N24271,CINDY,2017,42.3,0,0,50,3,0,0,0,0.0097,66,,0,0.9104,1,0,0
"Beaumont, TX",2017228N14314,HARVEY,2017,63.9,4,4,115,7,0,0,0,0.0257,58,,0,0.678,1,0,0
"Beaumont, TX",2017277N11279,NATE,2017,475.9,1,1,75,1,0.14,0,0,0,70,,55.7556,1,0.0141,0,1
"Beaumont, TX",2018246N22283,GORDON,2018,446.6,0,0,38,2,0,0,0,0.005,68,,0,0.942,1,0,0
"Beaumont, TX",2019192N29274,BARRY,2019,130.5,1,1,65,4,0,0,0,0.01,64,,0,0.7692,1,0,0
"Beaumont, TX",2019261N28264,IMELDA,2019,102.5,0,0,40,3,0,0,0,0.0156,66,,0,0.8507,1,0,0
"Beaumont, TX",2019299N25265,OLGA,2019,317,0,0,45,2,0,0,0,0.018,68,,0,0.8986,1,0,0
"Beaumont, TX",2020154N19269,CRISTOBAL,2020,311.1,0,0,45,3,0,0,0,0.0079,66,,0,0.8507,1,0,0
"Beaumont, TX",2020205N26272,HANNA,2020,317.6,1,1,80,2,0,0,0,0.0216,68,,0,0.913,1,0,0
"Beaumont, TX",2020233N14313,LAURA,2020,85.6,4,4,130,2,0,0,0,0.0236,68,,0,0.8406,1,0,0
"Beaumont, TX",2020234N14280,MARCO,2020,207.1,0,1,35,1,0,0,0,0.0264,70,,0,0.9014,1,0,0
"Beaumont, TX",2020261N21265,BETA,2020,17.1,0,0,55,6,0,0,0,0.0083,60,,0,0.7705,1,0,0
"Beaumont, TX",2020279N16284,DELTA,2020,104,3,4,105,2,0.0248,0,0,0.0146,68,,4.6292,0.971,0.0435,0,1
"Beaumont, TX",2020299N18277,ZETA,2020,354.9,3,3,100,2,0,0,0,0.0119,68,,0,0.8406,1,0,0
"Beaumont, TX",2021169N23268,CLAUDETTE,2021,317.9,0,0,40,2,0,0,0,0.013,68,,0,0.8696,1,0,0
"Beaumont, TX",2021239N17281,IDA,2021,326,4,4,130,2,0,0,0,0.0126,68,,0,0.8551,1,0,0
"Beaumont, TX",2021256N21265,NICHOLAS,2021,6.1,1,1,65,5,0,0,0,0.0064,62,,0,0.6984,1,0,0
"Beaumont, TX",2023234N25271,HAROLD,2023,424.3,0,0,50,1,0,0,0,0.0244,70,,0,0.9155,1,0,0
"Boston, MA",2015126N27281,ANA,2015,172,-3,0,28,1,0,0.0299,0,0.1608,70,0,-0.4707,0.493,1,0,0
"Boston, MA",2016158N22272,COLIN,2016,463.5,-4,0,50,1,0.0175,0.0084,0,0.1466,70,2.0703,0.1686,0.5211,0.493,0,0
"Boston, MA",2016242N24279,HERMINE,2016,106.8,-4,1,55,4,0.0442,0.0202,0,0.0587,64,2.189,1.5524,0.9231,0.0923,0,0
"Boston, MA",2017247N09327,JOSE,2017,324.7,0,4,60,6,0.0591,0.0434,0.0063,0.1147,60,1.3623,0.4964,0.7213,0.2951,0,0
"Boston, MA",2017277N11279,NATE,2017,223.6,-4,1,25,2,0.0108,0.047,0,0.1427,68,0.2297,-0.7795,0.1884,0.8261,0,0
"Boston, MA",2018242N13343,FLORENCE,2018,192.1,-4,4,25,1,0.0516,0.0701,0,0.1642,70,0.7367,-0.3782,0.3803,0.6338,0,0
"Boston, MA",2018280N18273,MICHAEL,2018,328.5,-4,5,60,1,0.1053,0.0731,0,0.1504,70,1.441,0.693,0.7465,0.2676,0,0
"Boston, MA",2019236N10314,DORIAN,2019,379.2,2,5,85,1,0.0138,0.0431,0,0.2084,70,0.3204,-0.4065,0.3803,0.6338,0,0
"Boston, MA",2019239N32287,ERIN,2019,474.8,-4,0,35,1,0.025,0.0283,0,0.1195,70,0.8844,-0.0666,0.4789,0.5352,0,0
"Boston, MA",2019282N35286,MELISSA,2019,426.7,-2,0,55,3,0.028,0.0534,0.0072,0.1675,66,0.5243,-0.4414,0.3134,0.7015,0,0
"Boston, MA",2020188N28271,FAY,2020,257.1,0,0,50,2,0.0152,0.0735,0.0023,0.1857,68,0.2062,-0.7313,0.1014,0.913,0,0
"Boston, MA",2020211N13306,ISAIAS,2020,253.2,0,1,55,2,0.0064,0.0509,0,0.1442,68,0.1268,-0.8796,0.1449,0.8696,0,0
"Boston, MA",2020228N37286,KYLE,2020,465.2,0,0,45,1,0.0374,0.0492,0,0.1609,70,0.7605,-0.1099,0.4507,0.5634,0,0
"Boston, MA",2020299N18277,ZETA,2020,320.9,-4,3,45,1,0,0.06,0,0.2212,70,0,-0.7856,0.3521,1,0,0
"Boston, MA",2021169N23268,CLAUDETTE,2021,395.6,0,0,40,1,0.1814,0.0544,0,0.219,70,3.3364,1.3015,0.9155,0.0986,0,0
"Boston, MA",2021182N09317,ELSA,2021,37.1,0,1,50,2,0.0165,0.0714,0.0039,0.2146,68,0.2313,-0.858,0.087,0.9275,0,0
"Boston, MA",2021222N14301,FRED,2021,29.7,-4,0,25,2,0.0363,0.088,0.0187,0.2481,68,0.4123,-0.7688,0.1304,0.8841,0,0
"Boston, MA",2021227N36297,HENRI,2021,46.7,1,1,65,3,0.0448,0.0953,0.0249,0.2045,66,0.4696,-0.9346,0.1343,0.8806,0,0
"Boston, MA",2021239N17281,IDA,2021,147.8,-4,4,40,1,0.213,0.0797,0,0.3853,70,2.6716,1.0945,0.8732,0.1408,0,0
"Boston, MA",2021299N33284,WANDA,2021,166.5,-4,0,60,2,0.0425,0.0881,0.0107,0.2472,68,0.4817,-0.5835,0.1739,0.8406,0,0
"Boston, MA",2023249N12320,LEE,2023,385,-4,5,70,2,0.0104,0.0365,0.0031,0.0912,68,0.2843,-0.8995,0.087,0.9275,0,0
"Bridgeport, CT",2015126N27281,ANA,2015,166.2,-1,0,30,2,0,0,0,0.3553,68,,0,0.7246,1,0,0
"Bridgeport, CT",2016158N22272,COLIN,2016,447.8,-4,0,50,2,0,0,0,0.1659,68,,0,0.7101,1,0,0
"Bridgeport, CT",2016242N24279,HERMINE,2016,202.4,-4,1,55,4,0.0555,0.0253,0,0.0722,64,2.194,0.886,0.6769,0.3385,0,0
"Bridgeport, CT",2017247N09327,JOSE,2017,357.8,0,4,60,7,0.1042,0.006,0,0.1116,58,17.5191,2.7487,0.9153,0.1017,0,0
"Bridgeport, CT",2017277N11279,NATE,2017,291.3,-4,1,25,2,0,0,0,0.2026,68,,0,0.7391,1,0,0
"Bridgeport, CT",2018242N13343,FLORENCE,2018,112.9,-4,4,25,1,0,0,0,0.1978,70,,0,0.8592,1,0,0
"Bridgeport, CT",2018280N18273,MICHAEL,2018,320.2,-4,5,60,1,0,0,0,0.1652,70,,0,0.8028,1,0,0
"Bridgeport, CT",2019236N10314,DORIAN,2019,438.9,2,5,85,2,0,0,0,0.0789,68,,0,0.7681,1,0,0
"Bridgeport, CT",2019239N32287,ERIN,2019,485.1,-4,0,35,1,0.1797,0,0,0.1173,70,,4.4944,0.9859,0.0282,0,1
"Bridgeport, CT",2019282N35286,MELISSA,2019,433.1,-2,0,55,2,0,0,0,0.0898,68,,0,0.7826,1,0,0
"Bridgeport, CT",2019291N22264,NESTOR,2019,425.1,-4,0,40,2,0.0862,0,0,0.1245,68,,1.8528,0.8986,0.1159,0,0
"Bridgeport, CT",2020188N28271,FAY,2020,90.8,0,0,50,2,0,0,0,0.2075,68,,0,0.6232,1,0,0
"Bridgeport, CT",2020211N13306,ISAIAS,2020,162.9,0,1,60,2,0,0,0,0.1792,68,,0,0.7246,1,0,0
"Bridgeport, CT",2020228N37286,KYLE,2020,401.2,0,0,45,2,0,0,0,0.1806,68,,0,0.7101,1,0,0
"Bridgeport, CT",2020299N18277,ZETA,2020,226.4,-4,3,45,2,0,0,0,0.126,68,,0,0.5217,1,0,0
"Bridgeport, CT",2021169N23268,CLAUDETTE,2021,376.1,0,0,40,2,0.0411,0,0,0.2488,68,,0.4539,0.6667,0.3478,0,0
"Bridgeport, CT",2021182N09317,ELSA,2021,81.6,0,1,50,1,0,0,0,0.2785,70,,0,0.7746,1,0,0
"Bridgeport, CT",2021222N14301,FRED,2021,170.1,-3,0,25,3,0,0.0254,0,0.2545,66,0,-0.3052,0.403,1,0,0
"Bridgeport, CT",2021227N36297,HENRI,2021,25.2,1,1,65,3,0,0.0275,0,0.2545,66,0,-0.321,0.403,1,0,0
"Bridgeport, CT",2021239N17281,IDA,2021,73.3,-4,4,40,2,0,0.032,0,0.3266,68,0,-0.2801,0.4783,1,0,0
"Bridgeport, CT",2021259N30286,ODETTE,2021,479.4,0,0,40,1,0,0,0,0.3149,70,,0,0.7183,1,0,0
"Bridgeport, CT",2021299N33284,WANDA,2021,271.6,-4,0,60,2,0,0.0583,0,0.2854,68,0,-0.5467,0.4348,1,0,0
"Bridgeport, CT",2023265N29284,OPHELIA,2023,405.1,-4,0,20,1,0.0341,0,0,0.1937,70,,0.3681,0.6479,0.3662,0,0
"Brownsville, TX",2015167N27266,BILL,2015,252.2,0,0,50,2,0.2947,0.1096,0.0202,0.2849,68,2.6899,2.2663,0.971,0.0435,0,1
"Brownsville, TX",2017171N24271,CINDY,2017,477.1,0,0,48,2,0.092,0.1284,0,0.3392,68,0.716,-0.3555,0.2899,0.7246,0,0
"Brownsville, TX",2017228N14314,HARVEY,2017,151.2,4,4,115,7,0.2727,0.1251,0.0599,0.2107,58,2.1803,3.2509,1,0.0169,0,1
"Brownsville, TX",2017249N22263,KATIA,2017,405.1,0,2,55,2,0.13,0.1269,0.0433,0.3612,68,1.0242,0.0318,0.5217,0.4928,0,0
"Brownsville, TX",2019246N24266,FERNAND,2019,189.2,0,0,45,3,0.0716,0.1673,0.022,0.3663,66,0.4279,-0.885,0.1493,0.8657,0,0
"Brownsville, TX",2019261N28264,IMELDA,2019,304.8,0,0,40,2,0,0.1652,0.0336,0.4397,68,0,-1.3356,0.058,1,0,0
"Brownsville, TX",2019291N22264,NESTOR,2019,430.7,-3,0,45,2,0.261,0.1355,0,0.3586,68,1.9262,1.0677,0.8551,0.1594,0,0
"Brownsville, TX",2019299N25265,OLGA,2019,301.3,0,0,43,1,0,0.1084,0,0.4973,70,0,-0.6099,0.3521,1,0,0
"Brownsville, TX",2020205N26272,HANNA,2020,75.7,1,1,80,3,0.048,0.1015,0,0.2546,66,0.4731,-0.6269,0.2836,0.7313,0,0
"Brownsville, TX",2020261N21265,BETA,2020,263,0,0,55,6,0.0703,0.1113,0.0515,0.292,60,0.6315,-0.5488,0.1475,0.8689,0,0
"Brownsville, TX",2020279N16284,DELTA,2020,372.2,3,4,105,2,0.1564,0.1287,0,0.3326,68,1.215,0.2675,0.6232,0.3913,0,0
"Brownsville, TX",2021256N21265,NICHOLAS,2021,72.9,1,1,65,3,0.0885,0.1562,0.0226,0.3308,66,0.5667,-0.7032,0.2687,0.7463,0,0
"Brownsville, TX",2022232N20266,UNNAMED,2022,137.3,-3,-3,30,2,0.0673,0.069,0,0.2787,68,0.976,-0.0173,0.5072,0.5072,0,0
"Brownsville, TX",2023234N25271,HAROLD,2023,119.7,0,0,50,2,0,0.0754,0,0.398,68,0,-0.5949,0.3333,1,0,0
"Calhoun Port Authority, TX",2015167N27266,BILL,2015,26.5,0,0,50,2,0,0.0338,0,0.3051,68,0,-0.3162,0.4783,1,0,0
"Calhoun Port Authority, TX",2017171N24271,CINDY,2017,297.9,0,0,50,2,0.0883,0.1445,0,0.4409,68,0.611,-0.3349,0.4638,0.5507,0,0
"Calhoun Port Authority, TX",2017228N14314,HARVEY,2017,5,4,4,115,7,0,0.1403,0.0605,0.4242,58,0,-1.2013,0.0169,1,1,0
"Calhoun Port Authority, TX",2019192N29274,BARRY,2019,414.7,1,1,65,2,0.143,0.1634,0,0.5412,68,0.8748,-0.1096,0.4348,0.5797,0,0
"Calhoun Port Authority, TX",2019246N24266,FERNAND,2019,478.6,0,0,40,2,0.1041,0.2111,0,0.5412,68,0.4931,-0.5927,0.2899,0.7246,0,0
"Calhoun Port Authority, TX",2019261N28264,IMELDA,2019,89.4,0,0,40,3,0.1413,0.2066,0,0.4598,66,0.6842,-0.4955,0.3731,0.6418,0,0
"Calhoun Port Authority, TX",2019299N25265,OLGA,2019,418.2,0,0,45,2,0,0.1235,0,0.4125,68,0,-0.8045,0.3768,1,0,0
"Calhoun Port Authority, TX",2020205N26272,HANNA,2020,174.8,1,1,80,3,0,0.1198,0,0.3601,66,0,-0.8473,0.3731,1,0,0
"Calhoun Port Authority, TX",2020233N14313,LAURA,2020,331.1,4,4,130,2,0,0,0,0.4171,68,,0,0.5362,1,0,0
"Calhoun Port Authority, TX",2020234N14280,MARCO,2020,417.8,-3,1,20,1,0.9918,0,0,0.5322,70,,4.6653,1,0.0141,0,1
"Calhoun Port Authority, TX",2020261N21265,BETA,2020,4.8,0,0,55,6,0,0.1519,0,0.2653,60,0,-1.7245,0.1148,1,0,0
"Calhoun Port Authority, TX",2020279N16284,DELTA,2020,274.8,3,4,105,2,0,0.0779,0,0.5012,68,0,-0.434,0.4638,1,0,0
"Calhoun Port Authority, TX",2021256N21265,NICHOLAS,2021,71.6,1,1,65,5,0.1117,0.2185,0.1149,0.4376,62,0.5113,-0.9949,0.0635,0.9524,0,0
"Calhoun Port Authority, TX",2022232N20266,UNNAMED,2022,434.7,-3,-3,30,2,0,0.1572,0,0.5442,68,0,-0.8482,0.2464,1,0,0
"Calhoun Port Authority, TX",2023234N25271,HAROLD,2023,186,0,0,50,2,0.5657,0.2134,0,0.5139,68,2.6502,1.9638,0.9565,0.058,0,0
"Canaveral Port District, FL",2015126N27281,ANA,2015,212.7,-2,0,50,4,0,0,0,0.0528,64,,0,0.8769,1,0,0
"Canaveral Port District, FL",2015313N22289,KATE,2015,447.2,0,1,58,1,0.0808,0,0,0.1557,70,,1.4525,0.9296,0.0845,0,0
"Canaveral Port District, FL",2016148N27288,BONNIE,2016,287.8,0,0,40,3,0,0,0,0.0688,66,,0,0.6269,1,0,0
"Canaveral Port District, FL",2016158N22272,COLIN,2016,275.5,0,0,45,2,0,0,0,0.0659,68,,0,0.7101,1,0,0
"Canaveral Port District, FL",2016242N24279,HERMINE,2016,370.7,1,1,70,2,0,0,0,0.1667,68,,0,0.7536,1,0,0
"Canaveral Port District, FL",2016257N27280,JULIA,2016,26.8,0,0,45,7,0,0.0039,0,0.0912,58,0,-0.117,0.4576,1,0,0
"Canaveral Port District, FL",2016273N13300,MATTHEW,2016,58.7,4,5,120,3,0.0873,0,0,0.027,66,,8.6529,1,0.0149,0,1
"Canaveral Port District, FL",2017212N28275,EMILY,2017,80,0,0,50,4,0,0.0171,0,0.0475,64,0,-0.8198,0.4615,1,0,0
"Canaveral Port District, FL",2017240N31279,UNNAMED,2017,241.5,-3,-3,35,3,0,0.0139,0,0.0866,66,0,-0.4809,0.4478,1,0,0
"Canaveral Port District, FL",2017242N16333,IRMA,2017,148.7,4,5,115,2,0,0,0,0.0764,68,,0,0.5507,1,0,0
"Canaveral Port District, FL",2018146N19273,ALBERTO,2018,408.3,0,0,55,2,0,0.0064,0,0.0619,68,0,-0.255,0.5072,1,0,0
"Canaveral Port District, FL",2018246N22283,GORDON,2018,318.2,0,0,55,2,0,0,0,0.0558,68,,0,0.8551,1,0,0
"Canaveral Port District, FL",2018280N18273,MICHAEL,2018,487.5,5,5,140,2,0,0,0,0.1189,68,,0,0.8116,1,0,0
"Canaveral Port District, FL",2019204N25283,UNNAMED,2019,71.5,-1,-1,30,2,0,0,0,0.0446,68,,0,0.9275,1,0,0
"Canaveral Port District, FL",2019236N10314,DORIAN,2019,149.3,5,5,160,5,0,0.0073,0,0.0513,62,0,-0.4506,0.4603,1,0,0
"Canaveral Port District, FL",2019256N23286,HUMBERTO,2019,263.7,1,3,75,3,0,0,0,0.0586,66,,0,0.7164,1,0,0
"Canaveral Port District, FL",2019291N22264,NESTOR,2019,447.6,-4,0,40,2,0.0387,0,0,0.0623,68,,1.9512,0.8551,0.1594,0,0
"Canaveral Port District, FL",2020138N28281,ARTHUR,2020,207.1,0,0,40,2,0.0274,0,0,0.0516,68,,1.485,0.8551,0.1594,0,0
"Canaveral Port District, FL",2020148N32281,BERTHA,2020,378.9,0,0,45,1,0,0,0,0.0622,70,,0,0.831,1,0,0
"Canaveral Port District, FL",2020188N28271,FAY,2020,478.4,-3,0,30,1,0.0867,0,0,0.0348,70,,4.4957,0.9859,0.0282,0,1
"Canaveral Port District, FL",2020211N13306,ISAIAS,2020,90.9,1,1,80,4,0,0,0,0.0361,64,,0,0.6,1,0,0
"Canaveral Port District, FL",2020244N30279,OMAR,2020,185.9,-1,0,30,2,0,0,0,0.0587,68,,0,0.7391,1,0,0
"Canaveral Port District, FL",2020256N25281,SALLY,2020,328.5,0,2,50,3,0.0379,0,0,0.0392,66,,2.2168,0.8955,0.1194,0,0
"Canaveral Port District, FL",2020306N15288,ETA,2020,215.9,1,4,65,5,0,0.0304,0,0.2186,62,0,-0.4065,0.3016,1,0,0
"Canaveral Port District, FL",2021165N32282,BILL,2021,451.9,-3,0,20,1,0.0501,0,0,0.0757,70,,1.2695,0.8873,0.1268,0,0
"Canaveral Port District, FL",2021179N30287,DANNY,2021,403.2,0,0,40,2,0.0313,0,0,0.0529,68,,1.4403,0.8261,0.1884,0,0
"Canaveral Port District, FL",2021182N09317,ELSA,2021,281.2,1,1,65,3,0,0.0148,0,0.0593,66,0,-0.7646,0.403,1,0,0
"Canaveral Port District, FL",2021222N14301,FRED,2021,467,0,0,55,2,0.0568,0.0209,0,0.0896,68,2.7129,1.1119,0.8116,0.2029,0,0
"Canaveral Port District, FL",2021252N28273,MINDY,2021,314.6,0,0,50,1,0.1802,0,0,0.0864,70,,5.5519,1,0.0141,0,1
"Canaveral Port District, FL",2022154N21273,ALEX,2022,151.2,0,0,48,2,0,0.035,0,0.247,68,0,-0.4071,0.3768,1,0,0
"Canaveral Port District, FL",2022183N32280,COLIN,2022,364.4,0,0,35,2,0.2238,0.0441,0,0.1999,68,5.0694,2.8643,0.9855,0.029,0,1
"Canaveral Port District, FL",2022266N12294,IAN,2022,18.9,5,5,140,3,0,0.0199,0,0.0798,66,0,-0.6459,0.3284,1,0,0
"Canaveral Port District, FL",2022311N21293,NICOLE,2022,92.2,1,1,65,3,0.1051,0,0,0.0393,66,,7.7665,1,0.0149,0,1
"Canaveral Port District, FL",2023239N21274,IDALIA,2023,314.8,4,4,115,3,0.1634,0.005,0,0.0548,66,32.9862,7.9007,1,0.0149,0,1
"Canaveral Port District, FL",2023265N29284,OPHELIA,2023,461.9,-4,0,30,1,0,0,0,0.1164,70,,0,0.8169,1,0,0
"Cincinnati, OH",2015167N27266,BILL,2015,97.2,-3,0,20,2,0,0,0,0,68,,,1,1,0,0
"Cincinnati, OH",2017171N24271,CINDY,2017,160.7,-3,0,25,2,0,0,0,0,68,,,1,1,0,0
"Cincinnati, OH",2017228N14314,HARVEY,2017,106.2,-4,4,28,2,0,0,0,0,68,,,1,1,0,0
"Cincinnati, OH",2017277N11279,NATE,2017,95.3,-1,1,25,2,0,0,0,0,68,,,1,1,0,0
"Cincinnati, OH",2018146N19273,ALBERTO,2018,230.1,-1,0,30,2,0,0,0,0,68,,,1,1,0,0
"Cincinnati, OH",2018242N13343,FLORENCE,2018,216.1,-1,4,25,2,0,0,0,0,68,,,1,1,0,0
"Cincinnati, OH",2019299N25265,OLGA,2019,317.8,-4,0,35,2,0,0,0,0,68,,,1,1,0,0
"Cincinnati, OH",2020148N32281,BERTHA,2020,320.2,-1,0,23,1,0,0,0,0,70,,,1,1,0,0
"Cincinnati, OH",2020233N14313,LAURA,2020,97.2,-1,4,25,2,0,0,0,0,68,,,1,1,0,0
"Cincinnati, OH",2020279N16284,DELTA,2020,476.9,-4,4,20,1,0,0,0,0,70,,,1,1,0,0
"Cincinnati, OH",2020299N18277,ZETA,2020,411.3,0,3,45,1,0,0,0,0,70,,,1,1,0,0
"Cincinnati, OH",2021222N14301,FRED,2021,250.2,-1,0,25,2,0,0,0,0,68,,,1,1,0,0
"Cincinnati, OH",2021239N17281,IDA,2021,272.7,-1,4,28,2,0,0,0,0,68,,,1,1,0,0
"Cincinnati, OH",2022311N21293,NICOLE,2022,420.8,-3,1,25,1,0,0,0,0,70,,,1,1,0,0
"Clark Township, MI",2018146N19273,ALBERTO,2018,81.9,-1,0,30,1,0,0,0,0,70,,,1,1,0,0
"Clark Township, MI",2019299N25265,OLGA,2019,152.4,-4,0,30,1,0,0,0,0,70,,0,0.9859,1,0,0
"Clark Township, MI",2020154N19269,CRISTOBAL,2020,283.4,-4,0,35,1,0,0,0,0,70,,,1,1,0,0
"Cleveland-Cuyahoga Port, OH",2015167N27266,BILL,2015,306.1,-3,0,15,2,0.2423,0.2044,0.1034,0.3198,68,1.1852,0.5097,0.6522,0.3623,0,0
"Cleveland-Cuyahoga Port, OH",2017171N24271,CINDY,2017,370.9,-3,0,25,1,0.2183,0.2774,0.0949,0.4704,70,0.787,-0.4674,0.2676,0.7465,0,0
"Cleveland-Cuyahoga Port, OH",2017228N14314,HARVEY,2017,459.7,-4,4,20,1,0.1949,0.2854,0.1296,0.5187,70,0.6829,-0.7332,0.2394,0.7746,0,0
"Cleveland-Cuyahoga Port, OH",2017277N11279,NATE,2017,101,-4,1,25,1,0.1572,0.292,0.0988,0.4858,70,0.5383,-1.1545,0.1408,0.8732,0,0
"Cleveland-Cuyahoga Port, OH",2018146N19273,ALBERTO,2018,309.2,-1,0,30,2,0.2086,0.2976,0.1295,0.4478,68,0.7011,-0.8952,0.2029,0.8116,0,0
"Cleveland-Cuyahoga Port, OH",2018242N13343,FLORENCE,2018,258.2,-4,4,25,2,0.2807,0.2746,0.1733,0.4279,68,1.0221,0.0741,0.5942,0.4203,0,0
"Cleveland-Cuyahoga Port, OH",2019299N25265,OLGA,2019,400.9,-4,0,30,1,0.3472,0.246,0.0985,0.4575,70,1.4113,0.8477,0.8028,0.2113,0,0
"Cleveland-Cuyahoga Port, OH",2020148N32281,BERTHA,2020,214.1,-4,0,20,1,0.1643,0.3587,0.091,0.7829,70,0.4581,-0.8464,0.2254,0.7887,0,0
"Cleveland-Cuyahoga Port, OH",2020233N14313,LAURA,2020,455.3,-3,4,20,1,0.4004,0.384,0.1995,0.7818,70,1.0427,0.0976,0.5352,0.4789,0,0
"Cleveland-Cuyahoga Port, OH",2021222N14301,FRED,2021,216.9,-3,0,20,2,0.2188,0.2634,0.1302,0.4299,68,0.8306,-0.438,0.3333,0.6812,0,0
"Cleveland-Cuyahoga Port, OH",2021239N17281,IDA,2021,384.7,-1,4,33,1,0.2324,0.2541,0.0332,0.5356,70,0.9145,-0.1522,0.4507,0.5634,0,0
"Conneaut, OH",2015167N27266,BILL,2015,342.3,-3,0,15,2,0,0,0,0.1941,68,,0,0.7536,1,0,0
"Conneaut, OH",2017171N24271,CINDY,2017,379.5,-3,0,25,1,0,0,0,0.3704,70,,0,0.9014,1,0,0
"Conneaut, OH",2017277N11279,NATE,2017,47.9,-4,1,25,1,0,0,0,0.3653,70,,0,0.8732,1,0,0
"Conneaut, OH",2018146N19273,ALBERTO,2018,372.8,-1,0,30,1,0,0,0,0.2945,70,,0,0.8873,1,0,0
"Conneaut, OH",2018242N13343,FLORENCE,2018,225.3,-4,4,25,2,0,0,0,0.17,68,,0,0.8551,1,0,0
"Conneaut, OH",2019299N25265,OLGA,2019,412.3,-4,0,30,1,0,0,0,0.1465,70,,0,0.9437,1,0,0
"Conneaut, OH",2020148N32281,BERTHA,2020,225.5,-4,0,20,1,0,0,0,0.3754,70,,0,0.8169,1,0,0
"Conneaut, OH",2020211N13306,ISAIAS,2020,470,0,1,58,1,0,0,0,0.5068,70,,0,0.7746,1,0,0
"Conneaut, OH",2021222N14301,FRED,2021,181.3,-3,0,20,2,0,0,0,0.2737,68,,0,0.7681,1,0,0
"Conneaut, OH",2021239N17281,IDA,2021,369.6,-4,4,35,2,0,0,0,0.2368,68,,0,0.7536,1,0,0
"Conneaut, OH",2023265N29284,OPHELIA,2023,458,-4,0,20,1,0,0,0,0.4363,70,,0,0.9014,1,0,0
"Corpus Christi, TX",2015167N27266,BILL,2015,89.7,0,0,50,2,0,0.0133,0,0.0534,68,0,-0.6187,0.3043,1,0,0
"Corpus Christi, TX",2017171N24271,CINDY,2017,404.9,0,0,48,2,0.0235,0.0224,0,0.0528,68,1.0506,0.0667,0.6232,0.3913,0,0
"Corpus Christi, TX",2017228N14314,HARVEY,2017,57.3,4,4,115,7,0.0311,0.0136,0.0019,0.0296,58,2.2927,2.04,0.9492,0.0678,0,0
"Corpus Christi, TX",2019246N24266,FERNAND,2019,365.4,0,0,45,2,0.0174,0.0037,0,0.0229,68,4.7169,1.4663,0.8261,0.1884,0,0
"Corpus Christi, TX",2019261N28264,IMELDA,2019,185.5,0,0,40,3,0.0139,0.0052,0,0.0208,66,2.7017,1.2151,0.8657,0.1493,0,0
"Corpus Christi, TX",2019299N25265,OLGA,2019,434.2,0,0,43,1,0.0161,0,0,0.0297,70,,1.3476,0.7183,0.2958,0,0
"Corpus Christi, TX",2020205N26272,HANNA,2020,117.5,1,1,80,3,0,0.006,0,0.0309,66,0,-0.5157,0.3284,1,0,0
"Corpus Christi, TX",2020233N14313,LAURA,2020,444.6,4,4,130,2,0.0336,0.003,0,0.0213,68,11.201,3.7216,1,0.0145,0,1
"Corpus Christi, TX",2020261N21265,BETA,2020,118.7,0,0,55,4,0.0012,0.0088,0,0.0287,64,0.1385,-0.7387,0.1692,0.8462,0,0
"Corpus Christi, TX",2020279N16284,DELTA,2020,366.2,3,4,105,1,0.0053,0,0,0.0382,70,,0.3318,0.6901,0.3239,0,0
"Corpus Christi, TX",2021256N21265,NICHOLAS,2021,116.3,1,1,65,3,0.0019,0.0039,0,0.0159,66,0.4902,-0.3161,0.3134,0.7015,0,0
"Corpus Christi, TX",2022232N20266,UNNAMED,2022,338,-3,-3,30,2,0.0025,0.0049,0,0.1401,68,0.5157,-0.0492,0.4058,0.6087,0,0
"Corpus Christi, TX",2023234N25271,HAROLD,2023,83,0,0,50,2,0,0.0023,0,0.0211,68,0,-0.1585,0.4638,1,0,0
"Detroit-Wayne County Port, MI",2015167N27266,BILL,2015,403.8,-3,0,15,2,0.0741,0.0775,0.0262,0.1962,68,0.9559,-0.063,0.4783,0.5362,0,0
"Detroit-Wayne County Port, MI",2017171N24271,CINDY,2017,462.4,-3,0,25,1,0.037,0.0693,0,0.3081,70,0.5331,-0.3431,0.3099,0.7042,0,0
"Detroit-Wayne County Port, MI",2017228N14314,HARVEY,2017,470.3,-4,4,18,1,0,0.0561,0,0.2096,70,0,-0.8201,0.3099,1,0,0
"Detroit-Wayne County Port, MI",2017277N11279,NATE,2017,230.9,-4,1,25,1,0,0.072,0,0.2466,70,0,-0.8333,0.2817,1,0,0
"Detroit-Wayne County Port, MI",2018146N19273,ALBERTO,2018,168.1,-1,0,30,2,0.0324,0.0595,0,0.1497,68,0.5437,-0.5623,0.3333,0.6812,0,0
"Detroit-Wayne County Port, MI",2018242N13343,FLORENCE,2018,384,-4,4,25,2,0,0.0486,0,0.1763,68,0,-0.9397,0.1594,1,0,0
"Detroit-Wayne County Port, MI",2019299N25265,OLGA,2019,272.3,-4,0,30,1,0,0.0466,0,0.2169,70,0,-0.5579,0.4225,1,0,0
"Detroit-Wayne County Port, MI",2020148N32281,BERTHA,2020,346.5,-4,0,20,1,0,0,0,0.298,70,,0,0.5211,1,0,0
"Detroit-Wayne County Port, MI",2020233N14313,LAURA,2020,461.9,-3,4,20,1,0,0,0,0.1898,70,,0,0.5211,1,0,0
"Detroit-Wayne County Port, MI",2021222N14301,FRED,2021,357.5,-3,0,20,2,0,0.0392,0,0.1625,68,0,-0.7324,0.2609,1,0,0
"Duluth-Superior, MN and WI",2020154N19269,CRISTOBAL,2020,288.8,-4,0,35,1,0,0,0,0,70,,0,0.9577,1,0,0
"Galveston, TX",2015167N27266,BILL,2015,176.2,0,0,50,2,0.0074,0.0517,0.0165,0.0979,68,0.1433,-1.6375,0.0145,1,1,0
"Galveston, TX",2017171N24271,CINDY,2017,123.1,0,0,50,3,0.0151,0.0579,0.0359,0.0988,66,0.26,-1.9072,0.0149,1,1,0
"Galveston, TX",2017228N14314,HARVEY,2017,103,4,4,115,7,0.0119,0.0465,0.0326,0.0906,58,0.2561,-1.7718,0.0169,1,1,0
"Galveston, TX",2019192N29274,BARRY,2019,236.4,1,1,65,4,0.0351,0.0406,0.0215,0.0577,64,0.8648,-0.424,0.3538,0.6615,0,0
"Galveston, TX",2019261N28264,IMELDA,2019,59.3,0,0,40,3,0.037,0.0475,0.0217,0.087,66,0.7792,-0.4932,0.3433,0.6716,0,0
"Galveston, TX",2019299N25265,OLGA,2019,330.5,0,0,45,2,0.0393,0.0376,0.0147,0.0925,68,1.0441,0.0637,0.5362,0.4783,0,0
"Galveston, TX",2020154N19269,CRISTOBAL,2020,415.9,0,0,45,2,0.0247,0.031,0.0082,0.0687,68,0.7966,-0.3228,0.3768,0.6377,0,0
"Galveston, TX",2020205N26272,HANNA,2020,238.4,1,1,80,3,0,0.0327,0.0119,0.055,66,0,-2.4646,0.0149,1,1,0
"Galveston, TX",2020233N14313,LAURA,2020,161.7,4,4,130,2,0.0254,0.0312,0,0.067,68,0.8168,-0.2673,0.3913,0.6232,0,0
"Galveston, TX",2020234N14280,MARCO,2020,248.8,-1,1,30,1,0,0.032,0,0.0761,70,0,-1.22,0.2394,1,0,0
"Galveston, TX",2020261N21265,BETA,2020,52.6,0,0,55,6,0.01,0.0319,0.0213,0.0508,60,0.3136,-2.2349,0.0164,1,1,0
"Galveston, TX",2020279N16284,DELTA,2020,136.4,3,4,105,2,0.0068,0.0325,0,0.0598,68,0.2085,-1.4453,0.1159,0.8986,0,0
"Galveston, TX",2020299N18277,ZETA,2020,391.9,3,3,100,2,0.0631,0.0258,0,0.054,68,2.4476,2.3843,1,0.0145,0,1
"Galveston, TX",2021169N23268,CLAUDETTE,2021,367.1,0,0,40,2,0.0384,0.0376,0.0094,0.0863,68,1.0196,0.0339,0.5217,0.4928,0,0
"Galveston, TX",2021239N17281,IDA,2021,413.5,4,4,130,2,0.0385,0.0294,0.0091,0.0595,68,1.3089,0.5745,0.6812,0.3333,0,0
"Galveston, TX",2021256N21265,NICHOLAS,2021,39.8,1,1,65,5,0.0407,0.0365,0.021,0.0553,62,1.1158,0.3975,0.6349,0.381,0,0
"Galveston, TX",2023234N25271,HAROLD,2023,311.1,0,0,50,1,0.0337,0.0402,0,0.1113,70,0.8386,-0.2017,0.3803,0.6338,0,0
"Greater Lafourche Port, LA",2015167N27266,BILL,2015,474.9,0,0,45,1,0.0342,0.0574,0.0303,0.0873,70,0.5962,-1.088,0.1127,0.9014,0,0
"Greater Lafourche Port, LA",2016158N22272,COLIN,2016,405.3,0,0,45,1,0.0296,0.0493,0.0318,0.0787,70,0.6004,-1.2762,0.0423,0.9718,1,0
"Greater Lafourche Port, LA",2016242N24279,HERMINE,2016,475.7,1,1,65,1,0.0442,0.0484,0.0308,0.0715,70,0.9131,-0.3138,0.338,0.6761,0,0
"Greater Lafourche Port, LA",2017171N24271,CINDY,2017,296.6,0,0,50,3,0.0252,0.0435,0.0318,0.0602,66,0.5795,-2.1434,0.0149,1,1,0
"Greater Lafourche Port, LA",2017212N28275,EMILY,2017,482.5,-1,0,30,1,0.0507,0.044,0.0051,0.0632,70,1.1526,0.3932,0.7183,0.2958,0,0
"Greater Lafourche Port, LA",2017228N14314,HARVEY,2017,309.6,0,4,45,3,0.0337,0.0492,0.0287,0.0641,66,0.6846,-1.391,0.1045,0.9104,0,0
"Greater Lafourche Port, LA",2017277N11279,NATE,2017,104.1,1,1,80,2,0.0271,0.0469,0.0243,0.0759,68,0.5774,-1.241,0.1014,0.913,0,0
"Greater Lafourche Port, LA",2018146N19273,ALBERTO,2018,416.2,0,0,55,3,0.0403,0.0489,0.0386,0.0614,66,0.8239,-1.202,0.1642,0.8507,0,0
"Greater Lafourche Port, LA",2018246N22283,GORDON,2018,205.7,0,0,60,3,0.0193,0.0478,0.0337,0.0594,66,0.4031,-3.4151,0.0149,1,1,0
"Greater Lafourche Port, LA",2018280N18273,MICHAEL,2018,378.5,5,5,140,1,0.02,0.043,0.022,0.0628,70,0.4664,-0.756,0.0282,0.9859,1,0
"Greater Lafourche Port, LA",2019192N29274,BARRY,2019,112.5,1,1,65,5,0.026,0.0536,0.0375,0.0633,62,0.4854,-3.5631,0.0159,1,1,0
"Greater Lafourche Port, LA",2019261N28264,IMELDA,2019,477.3,-1,0,30,2,0.0579,0.0465,0.0312,0.061,68,1.2438,1.2161,0.8986,0.1159,0,0
"Greater Lafourche Port, LA",2019291N22264,NESTOR,2019,292.7,0,0,50,2,0.0344,0.0444,0.0321,0.0621,68,0.7744,-1.0524,0.1304,0.8841,0,0
"Greater Lafourche Port, LA",2019299N25265,OLGA,2019,82.2,0,0,45,2,0.0497,0.0433,0.0321,0.0624,68,1.1479,0.6458,0.7101,0.3043,0,0
"Greater Lafourche Port, LA",2020154N19269,CRISTOBAL,2020,42.8,0,0,45,3,0.0077,0.0526,0.0376,0.0812,66,0.1455,-3.1525,0.0149,1,1,0
"Greater Lafourche Port, LA",2020188N28271,FAY,2020,229.4,-3,0,30,2,0.058,0.0479,0.0232,0.0865,68,1.2104,0.525,0.6957,0.3188,0,0
"Greater Lafourche Port, LA",2020205N26272,HANNA,2020,343.3,0,1,55,3,0.0231,0.0606,0.0249,0.0812,66,0.3808,-2.2044,0.0746,0.9403,0,0
"Greater Lafourche Port, LA",2020233N14313,LAURA,2020,284.1,4,4,130,2,0.0146,0.0424,0.0176,0.0721,68,0.3445,-1.7536,0.0435,0.971,1,0
"Greater Lafourche Port, LA",2020234N14280,MARCO,2020,67.5,0,1,60,3,0.0128,0.0431,0.0219,0.0726,66,0.2968,-2.1307,0.0149,1,1,0
"Greater Lafourche Port, LA",2020256N25281,SALLY,2020,207.5,2,2,95,5,0.0341,0.0452,0.0218,0.0656,62,0.756,-0.7469,0.381,0.6349,0,0
"Greater Lafourche Port, LA",2020261N21265,BETA,2020,262,0,0,55,6,0.0296,0.0426,0.023,0.061,60,0.6939,-0.9896,0.2295,0.7869,0,0
"Greater Lafourche Port, LA",2020279N16284,DELTA,2020,270.8,3,4,105,2,0.0178,0.0395,0.016,0.0651,68,0.4503,-1.2653,0.0725,0.942,0,0
"Greater Lafourche Port, LA",2020299N18277,ZETA,2020,37.8,3,3,100,2,0.0405,0.0384,0.0184,0.0767,68,1.0538,0.1091,0.5362,0.4783,0,0
"Greater Lafourche Port, LA",2021169N23268,CLAUDETTE,2021,57.5,0,0,40,3,0.0352,0.0532,0.0315,0.0992,66,0.6613,-0.9563,0.0896,0.9254,0,0
"Greater Lafourche Port, LA",2021222N14301,FRED,2021,446.9,0,0,55,2,0.0531,0.0533,0.036,0.3635,68,0.9959,-0.0019,0.4928,0.5217,0,0
"Greater Lafourche Port, LA",2021239N17281,IDA,2021,21.2,4,4,130,4,0.3734,0.0561,0.0431,0.0945,64,6.6601,18.6612,1,0.0154,0,1
"Greater Lafourche Port, LA",2021252N28273,MINDY,2021,350.5,0,0,50,2,0.1689,0.0562,0.0369,0.0934,68,3.0032,5.7322,1,0.0145,0,1
"Greater Lafourche Port, LA",2021256N21265,NICHOLAS,2021,131.9,0,1,43,4,0.0694,0.0565,0.0431,0.3513,64,1.2286,0.1281,0.8154,0.2,0,0
"Greater Lafourche Port, LA",2023152N26274,ARLENE,2023,393.7,0,0,35,2,0.0556,0.0617,0.0435,0.0975,68,0.9017,-0.3354,0.3478,0.6667,0,0
"Greater Lafourche Port, LA",2023234N25271,HAROLD,2023,478.5,-1,0,30,2,0.052,0.0635,0.0441,0.0998,68,0.8183,-0.6443,0.1594,0.8551,0,0
"Green Bay, WI",2018146N19273,ALBERTO,2018,292.3,-1,0,30,2,0,0,0,0.3039,68,,0,0.913,1,0,0
"Green Bay, WI",2019299N25265,OLGA,2019,179.9,-4,0,30,1,0,0,0,0,70,,0,0.9859,1,0,0
"Green Bay, WI",2020154N19269,CRISTOBAL,2020,118.6,-1,0,35,2,0,0,0,0.3671,68,,0,0.8116,1,0,0
"Guayama, PR",2015237N14315,ERIKA,2015,68.5,0,0,45,2,0,0,0,0,68,,,1,1,0,0
"Guayama, PR",2016273N13300,MATTHEW,2016,419.6,1,5,70,2,0,0,0,0.12,68,,0,0.942,1,0,0
"Guayama, PR",2017224N22293,GERT,2017,497.1,-3,2,25,1,0.1723,0,0,0.1423,70,,1.2236,0.9437,0.0704,0,0
"Guayama, PR",2017228N14314,HARVEY,2017,488.8,0,4,35,1,0,0,0,0.3518,70,,0,0.9155,1,0,0
"Guayama, PR",2017242N16333,IRMA,2017,129,5,5,155,2,0.2113,0,0,0.6368,68,,0.8961,0.7826,0.2319,0,0
"Guayama, PR",2017247N09327,JOSE,2017,342.5,4,4,120,2,0,0,0,0.6368,68,,0,0.6957,1,0,0
"Guayama, PR",2017260N12310,MARIA,2017,25.2,5,5,150,3,0,0,0,0.595,66,,0,0.6269,1,0,0
"Guayama, PR",2018186N10325,BERYL,2018,130.7,-3,1,35,2,0,0,0,0,68,,,1,1,0,0
"Guayama, PR",2018251N13325,ISAAC,2018,308.2,0,1,35,3,0,0,0,0,66,,0,0.9552,1,0,0
"Guayama, PR",2018265N08338,KIRK,2018,447.9,0,0,35,1,0,0,0,0.0417,70,,0,0.9437,1,0,0
"Guayama, PR",2019236N10314,DORIAN,2019,119.3,1,5,75,3,0,0,0,0,66,,0,0.9552,1,0,0
"Guayama, PR",2019260N13317,JERRY,2019,435.4,0,2,63,2,0,0,0,0.1013,68,,0,0.913,1,0,0
"Guayama, PR",2019265N12301,KAREN,2019,64.4,0,0,40,3,0,0,0,0.0516,66,,0,0.9104,1,0,0
"Guayama, PR",2020211N13306,ISAIAS,2020,181.1,0,1,63,2,0.1311,0,0,0,68,,,1,0.0145,0,1
"Guayama, PR",2020224N11326,JOSEPHINE,2020,301.4,0,0,35,1,0,0,0,0,70,,0,0.9718,1,0,0
"Guayama, PR",2020233N14313,LAURA,2020,39.4,0,4,45,3,0,0,0,0.0555,66,,0,0.9104,1,0,0
"Guayama, PR",2021182N09317,ELSA,2021,310.8,1,1,73,2,0,0,0,0.0388,68,,0,0.942,1,0,0
"Guayama, PR",2021222N14301,FRED,2021,75,0,0,40,2,0,0,0,0,68,,0,0.971,1,0,0
"Guayama, PR",2021225N15313,GRACE,2021,108.3,0,3,35,2,0,0,0,0,68,,0,0.971,1,0,0
"Guayama, PR",2021262N16307,PETER,2021,295.6,0,0,45,3,0,0,0,0,66,,0,0.9851,1,0,0
"Guayama, PR",2022246N18301,EARL,2022,255.1,0,2,60,3,0,0,0,0.1154,66,,0,0.8209,1,0,0
"Guayama, PR",2022257N16312,FIONA,2022,74.5,2,4,95,4,0.1067,0,0,0,64,,7.0271,1,0.0154,0,1
"Guayama, PR",2022311N21293,NICOLE,2022,300.3,-3,1,35,1,0,0,0,0,70,,0,0.9859,1,0,0
"Guayama, PR",2023232N13300,FRANKLIN,2023,384.6,0,4,53,7,0,0,0,0.0133,58,,0,0.8644,1,0,0
"Guayama, PR",2023266N16323,PHILIPPE,2023,196.3,0,0,45,3,0,0,0,0.0649,66,,0,0.9254,1,0,0
"Guayama, PR",2023292N13309,TAMMY,2023,327,1,2,80,2,0,0,0,0.1036,68,,0,0.8696,1,0,0
"Guaynabo, PR",2015237N14315,ERIKA,2015,107.4,0,0,45,2,0,0,0,0,68,,,1,1,0,0
"Guaynabo, PR",2016273N13300,MATTHEW,2016,460.9,1,5,68,1,0,0,0,0,70,,0,0.9859,1,0,0
"Guaynabo, PR",2017224N22293,GERT,2017,456.7,-3,2,25,1,0,0,0,0.6563,70,,0,0.9014,1,0,0
"Guaynabo, PR",2017242N16333,IRMA,2017,95.6,5,5,155,2,0,0,0,0.5895,68,,0,0.6957,1,0,0
"Guaynabo, PR",2017247N09327,JOSE,2017,306.3,4,4,120,2,0.2617,0,0,0.5962,68,,1.0938,0.7391,0.2754,0,0
"Guaynabo, PR",2017260N12310,MARIA,2017,18.4,5,5,150,4,0,0.2237,0,0.6531,64,0,-0.8741,0.4462,1,0,0
"Guaynabo, PR",2018186N10325,BERYL,2018,171.9,-3,1,35,2,0,0,0,0.1709,68,,0,0.913,1,0,0
"Guaynabo, PR",2018251N13325,ISAAC,2018,348.6,0,1,35,2,0,0,0,0,68,,,1,1,0,0
"Guaynabo, PR",2018265N08338,KIRK,2018,483.7,0,0,35,1,0,0,0,0,70,,,1,1,0,0
"Guaynabo, PR",2019236N10314,DORIAN,2019,89.5,1,5,78,2,0,0,0,0,68,,,1,1,0,0
"Guaynabo, PR",2019260N13317,JERRY,2019,402.6,0,2,63,2,0,0,0,0,68,,,1,1,0,0
"Guaynabo, PR",2019265N12301,KAREN,2019,75.3,0,0,40,3,0,0,0,0,66,,,1,1,0,0
"Guaynabo, PR",2020211N13306,ISAIAS,2020,216,0,1,63,2,0,0,0,0,68,,,1,1,0,0
"Guaynabo, PR",2020224N11326,JOSEPHINE,2020,267,0,0,35,1,0,0,0,0,70,,,1,1,0,0
"Guaynabo, PR",2020233N14313,LAURA,2020,75.1,0,4,45,3,0,0,0,0,66,,,1,1,0,0
"Guaynabo, PR",2021182N09317,ELSA,2021,350,1,1,70,1,0,0,0,0,70,,,1,1,0,0
"Guaynabo, PR",2021222N14301,FRED,2021,116.1,0,0,40,2,0,0,0,0,68,,,1,1,0,0
"Guaynabo, PR",2021225N15313,GRACE,2021,149.4,-1,3,33,2,0,0,0,0,68,,,1,1,0,0
"Guaynabo, PR",2021262N16307,PETER,2021,260.5,0,0,45,3,0,0,0,0,66,,,1,1,0,0
"Guaynabo, PR",2022246N18301,EARL,2022,217.6,0,2,60,4,0,0,0,0.0669,64,,0,0.8923,1,0,0
"Guaynabo, PR",2022257N16312,FIONA,2022,102.8,2,4,95,4,0,0,0,0,64,,,1,1,0,0
"Guaynabo, PR",2022311N21293,NICOLE,2022,261,-3,1,35,1,0,0,0,0,70,,,1,1,0,0
"Guaynabo, PR",2023232N13300,FRANKLIN,2023,403.8,0,4,55,7,0,0,0,0.0272,58,,0,0.8814,1,0,0
"Guaynabo, PR",2023266N16323,PHILIPPE,2023,160.5,0,0,45,3,0,0,0,0,66,,,1,1,0,0
"Guaynabo, PR",2023292N13309,TAMMY,2023,301,1,2,80,2,0,0,0,0.0724,68,,0,0.913,1,0,0
"Heart of Illinois Port, IL",2015167N27266,BILL,2015,348,-3,0,20,2,0,0,0,0,68,,,1,1,0,0
"Heart of Illinois Port, IL",2017171N24271,CINDY,2017,456.6,-3,0,25,1,0,0,0,0,70,,,1,1,0,0
"Heart of Illinois Port, IL",2017242N16333,IRMA,2017,424.6,-3,5,15,1,0,0,0,0,70,,,1,1,0,0
"Heart of Illinois Port, IL",2018146N19273,ALBERTO,2018,243.8,-1,0,30,2,0,0,0,0,68,,,1,1,0,0
"Heart of Illinois Port, IL",2019192N29274,BARRY,2019,468.2,-3,1,15,1,0,0,0,0,70,,,1,1,0,0
"Heart of Illinois Port, IL",2019299N25265,OLGA,2019,156.2,-4,0,40,2,0,0,0,0,68,,,1,1,0,0
"Heart of Illinois Port, IL",2020154N19269,CRISTOBAL,2020,159.2,-1,0,35,2,0,0,0,0,68,,,1,1,0,0
"Heart of Illinois Port, IL",2020233N14313,LAURA,2020,371.6,-1,4,25,2,0,0,0,0,68,,,1,1,0,0
"Helena-West Helena Port, AR",2015167N27266,BILL,2015,246.2,-1,0,20,3,0,0,0,0.2873,66,,0,0.9254,1,0,0
"Helena-West Helena Port, AR",2017171N24271,CINDY,2017,109.6,0,0,38,2,0,0,0,0,68,,,1,1,0,0
"Helena-West Helena Port, AR",2017228N14314,HARVEY,2017,86.2,0,4,35,3,0,0,0,0,66,,0,0.9701,1,0,0
"Helena-West Helena Port, AR",2017242N16333,IRMA,2017,220.1,-3,5,23,2,0,0,0,0,68,,0,0.971,1,0,0
"Helena-West Helena Port, AR",2017277N11279,NATE,2017,334.6,1,1,65,1,0,0,0,0,70,,0,0.9859,1,0,0
"Helena-West Helena Port, AR",2018146N19273,ALBERTO,2018,309.1,-1,0,30,2,0,0,0,0,68,,,1,1,0,0
"Helena-West Helena Port, AR",2018246N22283,GORDON,2018,94.8,0,0,60,3,0,0,0,0,66,,,1,1,0,0
"Helena-West Helena Port, AR",2019192N29274,BARRY,2019,253,0,1,55,4,0,0,0,0,64,,,1,1,0,0
"Helena-West Helena Port, AR",2019299N25265,OLGA,2019,120.9,-4,0,45,1,0,0,0,0,70,,0,0.9859,1,0,0
"Helena-West Helena Port, AR",2020154N19269,CRISTOBAL,2020,117.8,0,0,40,2,0,0,0,0,68,,0,0.9565,1,0,0
"Helena-West Helena Port, AR",2020233N14313,LAURA,2020,147.1,3,4,108,3,0,0,0,0,66,,,1,1,0,0
"Helena-West Helena Port, AR",2020256N25281,SALLY,2020,492.3,0,2,48,2,0,0,0,0,68,,,1,1,0,0
"Helena-West Helena Port, AR",2020261N21265,BETA,2020,211.3,-4,0,25,3,0,0,0,0,66,,,1,1,0,0
"Helena-West Helena Port, AR",2020279N16284,DELTA,2020,115.1,0,4,63,2,0,0,0,0,68,,,1,1,0,0
"Helena-West Helena Port, AR",2020299N18277,ZETA,2020,359,2,3,85,1,0,0,0,0,70,,,1,1,0,0
"Helena-West Helena Port, AR",2021169N23268,CLAUDETTE,2021,359.3,0,0,38,2,0,0,0,0,68,,,1,1,0,0
"Helena-West Helena Port, AR",2021239N17281,IDA,2021,150.5,2,4,85,2,0,0,0,0,68,,0,0.971,1,0,0
"Helena-West Helena Port, AR",2021256N21265,NICHOLAS,2021,451,-1,1,25,3,0,0,0,0,66,,,1,1,0,0
"Henderson County Riverport, KY",2015167N27266,BILL,2015,20,-3,0,20,2,0,0,0,0,68,,,1,1,0,0
"Henderson County Riverport, KY",2017171N24271,CINDY,2017,115.5,-1,0,30,2,0,0,0,0,68,,,1,1,0,0
"Henderson County Riverport, KY",2017228N14314,HARVEY,2017,177.7,-1,4,30,2,0,0,0,0,68,,,1,1,0,0
"Henderson County Riverport, KY",2017242N16333,IRMA,2017,244.4,-3,5,20,2,0,0,0,0,68,,,1,1,0,0
"Henderson County Riverport, KY",2017277N11279,NATE,2017,243.2,-1,1,25,2,0,0,0,0,68,,,1,1,0,0
"Henderson County Riverport, KY",2018146N19273,ALBERTO,2018,46.3,-1,0,30,3,0,0,0,0,66,,,1,1,0,0
"Henderson County Riverport, KY",2018242N13343,FLORENCE,2018,463.1,-1,4,25,1,0,0,0,0,70,,,1,1,0,0
"Henderson County Riverport, KY",2018246N22283,GORDON,2018,492.9,-3,0,15,1,0,0,0,0,70,,,1,1,0,0
"Henderson County Riverport, KY",2019192N29274,BARRY,2019,474.5,-3,1,15,1,0,0,0,0,70,,,1,1,0,0
"Henderson County Riverport, KY",2019299N25265,OLGA,2019,113.5,-4,0,43,2,0,0,0,0,68,,,1,1,0,0
"Henderson County Riverport, KY",2020154N19269,CRISTOBAL,2020,397.8,-1,0,30,1,0,0,0,0,70,,,1,1,0,0
"Henderson County Riverport, KY",2020233N14313,LAURA,2020,49.9,-1,4,25,2,0,0,0,0,68,,,1,1,0,0
"Henderson County Riverport, KY",2020261N21265,BETA,2020,422.1,-4,0,20,1,0,0,0,0,70,,,1,1,0,0
"Henderson County Riverport, KY",2020279N16284,DELTA,2020,316.6,-4,4,25,1,0,0,0,0,70,,,1,1,0,0
"Henderson County Riverport, KY",2020299N18277,ZETA,2020,440.8,0,3,53,1,0,0,0,0,70,,,1,1,0,0
"Henderson County Riverport, KY",2021222N14301,FRED,2021,411.5,-1,0,25,2,0,0,0,0,68,,,1,1,0,0
"Henderson County Riverport, KY",2021239N17281,IDA,2021,288.6,-1,4,25,2,0,0,0,0,68,,,1,1,0,0
"Henderson County Riverport, KY",2022311N21293,NICOLE,2022,429.4,-1,1,25,1,0,0,0,0,70,,,1,1,0,0
"Hickman-Fulton County Port, KY",2015167N27266,BILL,2015,96.6,-3,0,20,2,0,0,0,0,68,,,1,1,0,0
"Hickman-Fulton County Port, KY",2017171N24271,CINDY,2017,65.1,-1,0,30,2,0,0,0,0,68,,0,0.971,1,0,0
"Hickman-Fulton County Port, KY",2017228N14314,HARVEY,2017,181.8,-1,4,30,3,0,0,0,0,66,,0,0.9552,1,0,0
"Hickman-Fulton County Port, KY",2017242N16333,IRMA,2017,50.8,-3,5,23,2,0,0,0,0,68,,0,0.971,1,0,0
"Hickman-Fulton County Port, KY",2017277N11279,NATE,2017,288.1,0,1,35,2,0,0,0,0,68,,0,0.971,1,0,0
"Hickman-Fulton County Port, KY",2018146N19273,ALBERTO,2018,112.2,-1,0,30,2,0,0,0,0,68,,0,0.971,1,0,0
"Hickman-Fulton County Port, KY",2018246N22283,GORDON,2018,307.1,-1,0,28,3,0,0,0,0.2366,66,,0,0.9104,1,0,0
"Hickman-Fulton County Port, KY",2019192N29274,BARRY,2019,341.6,-1,1,23,2,0,0,0,0,68,,0,0.9855,1,0,0
"Hickman-Fulton County Port, KY",2019299N25265,OLGA,2019,42,-4,0,43,2,0,0,0,0.2404,68,,0,0.942,1,0,0
"Hickman-Fulton County Port, KY",2020154N19269,CRISTOBAL,2020,273.9,-1,0,30,2,0,0,0,0,68,,0,0.971,1,0,0
"Hickman-Fulton County Port, KY",2020233N14313,LAURA,2020,82.8,0,4,45,3,0,0,0,0,66,,0,0.9552,1,0,0
"Hickman-Fulton County Port, KY",2020261N21265,BETA,2020,353.7,-4,0,25,2,0,0,0,0,68,,,1,1,0,0
"Hickman-Fulton County Port, KY",2020279N16284,DELTA,2020,237.1,0,4,35,2,0,0,0,0,68,,0,0.971,1,0,0
"Hickman-Fulton County Port, KY",2020299N18277,ZETA,2020,408.1,0,3,60,1,0,0,0,0,70,,0,0.9859,1,0,0
"Hickman-Fulton County Port, KY",2021169N23268,CLAUDETTE,2021,453.7,-1,0,25,1,0,0,0,0,70,,0,0.9859,1,0,0
"Hickman-Fulton County Port, KY",2021222N14301,FRED,2021,482.7,-1,0,25,1,0,0,0,0,70,,0,0.9859,1,0,0
"Hickman-Fulton County Port, KY",2021239N17281,IDA,2021,239.5,-1,4,33,3,0,0,0,0,66,,0,0.9552,1,0,0
"Hickman-Fulton County Port, KY",2022311N21293,NICOLE,2022,497.7,-3,1,25,1,0,0,0,0,70,,,1,1,0,0
"Houston Port Authority, TX",2015167N27266,BILL,2015,156.1,0,0,50,3,0.0085,0.0032,0,0.017,66,2.6279,0.5465,0.8657,0.1493,0,0
"Houston Port Authority, TX",2017171N24271,CINDY,2017,160.9,0,0,50,3,0.004,0,0,0.0053,66,,2.1973,0.8657,0.1493,0,0
"Houston Port Authority, TX",2017228N14314,HARVEY,2017,165.9,4,4,115,7,0.0341,0,0,0.0024,58,,37.3508,1,0.0169,0,1
"Houston Port Authority, TX",2019192N29274,BARRY,2019,245.6,1,1,65,4,0.003,0.0014,0,0.0047,64,2.1272,0.7375,0.7231,0.2923,0,0
"Houston Port Authority, TX",2019261N28264,IMELDA,2019,20.6,0,0,40,3,0,0.0012,0,0.007,66,0,-0.5076,0.4328,1,0,0
"Houston Port Authority, TX",2019299N25265,OLGA,2019,410,0,0,45,2,0.0106,0,0,0.0095,68,,3.1403,0.971,0.0435,0,1
"Houston Port Authority, TX",2020154N19269,CRISTOBAL,2020,424.5,0,0,35,1,0,0,0,0.0121,70,,0,0.8169,1,0,0
"Houston Port Authority, TX",2020205N26272,HANNA,2020,306.8,1,1,80,3,0,0,0,0.0055,66,,0,0.806,1,0,0
"Houston Port Authority, TX",2020233N14313,LAURA,2020,201.9,4,4,130,2,0,0,0,0.004,68,,0,0.7971,1,0,0
"Houston Port Authority, TX",2020234N14280,MARCO,2020,311,-3,1,25,1,0,0,0,0.0048,70,,0,0.9014,1,0,0
"Houston Port Authority, TX",2020261N21265,BETA,2020,41.7,0,0,55,6,0,0,0,0.003,60,,0,0.6557,1,0,0
"Houston Port Authority, TX",2020279N16284,DELTA,2020,202.4,3,4,105,2,0,0,0,0.0062,68,,0,0.8406,1,0,0
"Houston Port Authority, TX",2020299N18277,ZETA,2020,466,3,3,100,1,0,0,0,0.0098,70,,0,0.831,1,0,0
"Houston Port Authority, TX",2021169N23268,CLAUDETTE,2021,429.3,0,0,40,2,0.0013,0,0,0.0071,68,,0.1882,0.7971,0.2174,0,0
"Houston Port Authority, TX",2021239N17281,IDA,2021,448.8,4,4,125,2,0,0,0,0.0078,68,,0,0.6232,1,0,0
"Houston Port Authority, TX",2021256N21265,NICHOLAS,2021,43.9,1,1,65,5,0.0011,0.0011,0,0.0186,62,1.0325,0.0068,0.5079,0.5079,0,0
"Houston Port Authority, TX",2023234N25271,HAROLD,2023,354,0,0,50,1,0,0,0,0.0101,70,,0,0.7606,1,0,0
"Illinois International Port, IL",2015167N27266,BILL,2015,433.5,-3,0,18,1,0,0,0,0,70,,0,0.9577,1,0,0
"Illinois International Port, IL",2017228N14314,HARVEY,2017,477.8,-4,4,20,1,0.167,0.182,0,0.4332,70,0.9177,-0.1189,0.493,0.5211,0,0
"Illinois International Port, IL",2017277N11279,NATE,2017,473.4,-4,1,23,1,0.1543,0.0219,0,0.2661,70,7.0317,1.3136,0.6761,0.338,0,0
"Illinois International Port, IL",2018146N19273,ALBERTO,2018,145.1,-1,0,30,2,0.0948,0.0118,0,0.3605,68,8.0691,0.6524,0.6087,0.4058,0,0
"Illinois International Port, IL",2019299N25265,OLGA,2019,49.3,-4,0,35,2,0,0.0785,0,0.5521,68,0,-0.3915,0.5072,1,0,0
"Illinois International Port, IL",2020154N19269,CRISTOBAL,2020,270,-1,0,35,2,0,0,0,0.4688,68,,0,0.5507,1,0,0
"Illinois International Port, IL",2020233N14313,LAURA,2020,449.5,-1,4,25,1,0.3056,0.3307,0,0.7312,70,0.9241,-0.1119,0.4789,0.5352,0,0
"Illinois Valley Port, IL",2015167N27266,BILL,2015,405.6,-3,0,20,2,0,0,0,0,68,,,1,1,0,0
"Illinois Valley Port, IL",2018146N19273,ALBERTO,2018,237.5,-1,0,30,2,0,0,0,0,68,,,1,1,0,0
"Illinois Valley Port, IL",2019299N25265,OLGA,2019,136.2,-4,0,35,2,0,0,0,0,68,,,1,1,0,0
"Illinois Valley Port, IL",2020154N19269,CRISTOBAL,2020,173.9,-1,0,35,2,0,0,0,0,68,,,1,1,0,0
"Illinois Valley Port, IL",2020233N14313,LAURA,2020,433.1,-1,4,25,2,0,0,0,0,68,,,1,1,0,0
"Jackson-Union Port District, IL",2015167N27266,BILL,2015,29.2,-3,0,20,2,0,0,0,0,68,,,1,1,0,0
"Jackson-Union Port District, IL",2017171N24271,CINDY,2017,152.3,-1,0,30,2,0,0,0,0,68,,,1,1,0,0
"Jackson-Union Port District, IL",2017228N14314,HARVEY,2017,270.8,-1,4,30,3,0,0,0,0,66,,,1,1,0,0
"Jackson-Union Port District, IL",2017242N16333,IRMA,2017,117.1,-3,5,20,2,0,0,0,0,68,,,1,1,0,0
"Jackson-Union Port District, IL",2017277N11279,NATE,2017,361,-1,1,25,2,0,0,0,0,68,,,1,1,0,0
"Jackson-Union Port District, IL",2018146N19273,ALBERTO,2018,129.3,-1,0,30,2,0,0,0,0,68,,,1,1,0,0
"Jackson-Union Port District, IL",2018246N22283,GORDON,2018,357.5,-1,0,20,2,0,0,0,0,68,,,1,1,0,0
"Jackson-Union Port District, IL",2019192N29274,BARRY,2019,319.3,-3,1,20,2,0,0,0,0,68,,0,0.971,1,0,0
"Jackson-Union Port District, IL",2019299N25265,OLGA,2019,90.4,-4,0,43,2,0,0,0,0,68,,,1,1,0,0
"Jackson-Union Port District, IL",2020154N19269,CRISTOBAL,2020,246.2,-1,0,30,1,0,0,0,0,70,,0,0.9859,1,0,0
"Jackson-Union Port District, IL",2020233N14313,LAURA,2020,44.6,0,4,35,2,0,0,0,0,68,,0,0.971,1,0,0
"Jackson-Union Port District, IL",2020261N21265,BETA,2020,467.6,-4,0,20,2,0,0,0,0,68,,0,0.971,1,0,0
"Jackson-Union Port District, IL",2020279N16284,DELTA,2020,357.4,-4,4,25,2,0,0,0,0,68,,0,0.971,1,0,0
"Jackson-Union Port District, IL",2021239N17281,IDA,2021,347.4,-1,4,28,2,0,0,0,0,68,,0,0.971,1,0,0
"Jacksonville, FL",2015126N27281,ANA,2015,372,0,0,50,5,0.0674,0.0421,0.0234,0.0875,62,1.5986,1.3089,0.8095,0.2063,0,0
"Jacksonville, FL",2016148N27288,BONNIE,2016,228.4,0,0,40,4,0.0433,0.0388,0.018,0.0736,64,1.1164,0.2653,0.6615,0.3538,0,0
"Jacksonville, FL",2016158N22272,COLIN,2016,58.3,0,0,45,2,0.0306,0.0373,0.0055,0.0824,68,0.8212,-0.2614,0.4058,0.6087,0,0
"Jacksonville, FL",2016242N24279,HERMINE,2016,160.6,1,1,70,3,0.0027,0.0344,0,0.0621,66,0.0795,-1.8112,0.1045,0.9104,0,0
"Jacksonville, FL",2016257N27280,JULIA,2016,18.5,0,0,45,7,0.0224,0.0327,0.0058,0.0708,58,0.6847,-0.5525,0.2542,0.7627,0,0
"Jacksonville, FL",2016273N13300,MATTHEW,2016,93.5,4,5,115,2,0,0.0384,0.0111,0.0919,68,0,-1.5476,0.029,1,1,0
"Jacksonville, FL",2017212N28275,EMILY,2017,277.2,0,0,50,4,0.0243,0.0285,0.0065,0.0659,64,0.8534,-0.238,0.4308,0.5846,0,0
"Jacksonville, FL",2017240N31279,UNNAMED,2017,100.5,-3,-3,35,3,0.0116,0.0279,0,0.0705,66,0.4175,-0.8062,0.2239,0.791,0,0
"Jacksonville, FL",2017242N16333,IRMA,2017,129.4,3,5,100,3,0,0.0311,0,0.0705,66,0,-1.4907,0.0896,1,0,0
"Jacksonville, FL",2018146N19273,ALBERTO,2018,412.3,0,0,55,3,0.0309,0.0268,0.0063,0.0581,66,1.1518,0.2341,0.5821,0.4328,0,0
"Jacksonville, FL",2018242N13343,FLORENCE,2018,363.1,0,4,63,3,0.0081,0.0241,0.0104,0.0543,66,0.3372,-1.1356,0.0597,0.9552,0,0
"Jacksonville, FL",2018246N22283,GORDON,2018,445.3,0,0,55,2,0.0173,0.0216,0,0.0578,68,0.8014,-0.25,0.3768,0.6377,0,0
"Jacksonville, FL",2018280N18273,MICHAEL,2018,289.4,5,5,140,2,0.0356,0.029,0.0025,0.0665,68,1.2261,0.3278,0.6522,0.3623,0,0
"Jacksonville, FL",2019204N25283,UNNAMED,2019,251.3,-1,-1,30,1,0.0505,0.0127,0,0.0717,70,3.981,1.4543,0.8592,0.1549,0,0
"Jacksonville, FL",2019236N10314,DORIAN,2019,188.2,4,5,120,5,0.0048,0.0231,0.0057,0.0431,62,0.2064,-1.5879,0.0635,0.9524,0,0
"Jacksonville, FL",2019256N23286,HUMBERTO,2019,370.3,1,3,75,2,0.0157,0.0227,0,0.0528,68,0.6911,-0.4032,0.3333,0.6812,0,0
"Jacksonville, FL",2019291N22264,NESTOR,2019,239.1,-4,0,40,2,0.0174,0.0221,0,0.0538,68,0.7869,-0.2652,0.4203,0.5942,0,0
"Jacksonville, FL",2020138N28281,ARTHUR,2020,384.3,0,0,40,3,0.0213,0.0253,0,0.0573,66,0.8431,-0.2056,0.4179,0.597,0,0
"Jacksonville, FL",2020148N32281,BERTHA,2020,302,0,0,45,1,0.087,0.0161,0,0.0905,70,5.4184,2.3125,0.9437,0.0704,0,0
"Jacksonville, FL",2020188N28271,FAY,2020,308.7,-3,0,30,3,0.0462,0.0192,0,0.0684,66,2.4117,1.3335,0.8806,0.1343,0,0
"Jacksonville, FL",2020211N13306,ISAIAS,2020,161.7,1,1,80,3,0.0082,0.0196,0,0.0684,66,0.4164,-0.5588,0.2239,0.791,0,0
"Jacksonville, FL",2020244N30279,OMAR,2020,93.5,-1,0,30,2,0,0.0181,0,0.0523,68,0,-1.0003,0.3623,1,0,0
"Jacksonville, FL",2020256N25281,SALLY,2020,377,0,2,50,6,0.0226,0.0201,0.0093,0.0487,60,1.12,0.2015,0.6393,0.377,0,0
"Jacksonville, FL",2020306N15288,ETA,2020,23.3,0,4,63,3,0.0112,0.0223,0,0.0735,66,0.5003,-0.4935,0.2687,0.7463,0,0
"Jacksonville, FL",2021165N32282,BILL,2021,380.9,-3,0,20,2,0.0041,0.0218,0,0.0636,68,0.187,-0.8628,0.1884,0.8261,0,0
"Jacksonville, FL",2021169N23268,CLAUDETTE,2021,408.2,0,0,35,2,0,0.021,0,0.06,68,0,-1.0999,0.1884,1,0,0
"Jacksonville, FL",2021179N30287,DANNY,2021,244.5,0,0,40,2,0.0227,0.0199,0,0.0526,68,1.1377,0.1453,0.5942,0.4203,0,0
"Jacksonville, FL",2021182N09317,ELSA,2021,151.3,1,1,65,3,0.0268,0.0186,0,0.0623,66,1.4401,0.3539,0.6418,0.3731,0,0
"Jacksonville, FL",2021222N14301,FRED,2021,359.5,0,0,55,2,0.0102,0.0172,0,0.0501,68,0.5947,-0.4046,0.4203,0.5942,0,0
"Jacksonville, FL",2021252N28273,MINDY,2021,96.9,0,0,50,2,0.0323,0.0188,0,0.0524,68,1.7168,0.7411,0.8116,0.2029,0,0
"Jacksonville, FL",2022154N21273,ALEX,2022,364.4,0,0,45,2,0.0168,0.0259,0,0.193,68,0.6463,-0.1417,0.3913,0.6232,0,0
"Jacksonville, FL",2022183N32280,COLIN,2022,196.7,0,0,35,2,0.2025,0.0114,0,0.2061,68,17.6936,2.7551,0.942,0.0725,0,0
"Jacksonville, FL",2022266N12294,IAN,2022,219.8,5,5,140,3,0.0186,0.021,0,0.0497,66,0.8856,-0.15,0.4478,0.5672,0,0
"Jacksonville, FL",2022311N21293,NICOLE,2022,180.8,1,1,65,2,0,0.0169,0,0.0399,68,0,-1.3448,0.1304,1,0,0
"Jacksonville, FL",2023239N21274,IDALIA,2023,125.7,4,4,115,2,0.0634,0.0338,0.0062,0.0743,68,1.8785,1.4888,0.913,0.1014,0,0
"Jefferson County Port, MO",2015167N27266,BILL,2015,121.7,-3,0,20,2,0,0,0,0,68,,0,0.971,1,0,0
"Jefferson County Port, MO",2017171N24271,CINDY,2017,254.3,-1,0,30,1,0,0,0,0,70,,,1,1,0,0
"Jefferson County Port, MO",2017228N14314,HARVEY,2017,395.1,-1,4,30,3,0,0,0,0,66,,,1,1,0,0
"Jefferson County Port, MO",2017242N16333,IRMA,2017,167,-3,5,15,2,0,0,0,0,68,,,1,1,0,0
"Jefferson County Port, MO",2017277N11279,NATE,2017,485.7,-3,1,20,1,0,0,0,0,70,,,1,1,0,0
"Jefferson County Port, MO",2018146N19273,ALBERTO,2018,247.9,-1,0,30,2,0,0,0,0,68,,,1,1,0,0
"Jefferson County Port, MO",2018246N22283,GORDON,2018,344.7,-1,0,15,2,0,0,0,0,68,,,1,1,0,0
"Jefferson County Port, MO",2019192N29274,BARRY,2019,238.9,-3,1,20,2,0,0,0,0,68,,,1,1,0,0
"Jefferson County Port, MO",2019299N25265,OLGA,2019,160.5,-4,0,43,2,0,0,0,0,68,,,1,1,0,0
"Jefferson County Port, MO",2020154N19269,CRISTOBAL,2020,139.7,-1,0,30,2,0,0,0,0,68,,,1,1,0,0
"Jefferson County Port, MO",2020233N14313,LAURA,2020,148,0,4,35,2,0,0,0,0,68,,,1,1,0,0
"Jefferson County Port, MO",2020279N16284,DELTA,2020,461.8,-4,4,25,1,0,0,0,0,70,,,1,1,0,0
"Jefferson County Port, MO",2021239N17281,IDA,2021,465.5,-1,4,25,1,0,0,0,0,70,,,1,1,0,0
"Joliet Regional Port, IL",2015167N27266,BILL,2015,410.2,-3,0,20,1,0,0,0,0,70,,,1,1,0,0
"Joliet Regional Port, IL",2017228N14314,HARVEY,2017,473.1,-4,4,20,1,0,0,0,0,70,,,1,1,0,0
"Joliet Regional Port, IL",2017277N11279,NATE,2017,484.2,-4,1,20,1,0,0,0,0,70,,,1,1,0,0
"Joliet Regional Port, IL",2018146N19273,ALBERTO,2018,165.6,-1,0,30,2,0,0,0,0,68,,,1,1,0,0
"Joliet Regional Port, IL",2019299N25265,OLGA,2019,46.9,-4,0,35,2,0,0,0,0,68,,,1,1,0,0
"Joliet Regional Port, IL",2020154N19269,CRISTOBAL,2020,249.8,-1,0,35,2,0,0,0,0,68,,,1,1,0,0
"Joliet Regional Port, IL",2020233N14313,LAURA,2020,428.5,-1,4,25,2,0,0,0,0,68,,,1,1,0,0
"Kaskaskia Regional Port, IL",2015167N27266,BILL,2015,102.5,-3,0,20,2,0,0,0,0,68,,,1,1,0,0
"Kaskaskia Regional Port, IL",2017171N24271,CINDY,2017,234.2,-1,0,30,2,0,0,0,0,68,,,1,1,0,0
"Kaskaskia Regional Port, IL",2017228N14314,HARVEY,2017,352.4,-1,4,30,3,0,0,0,0,66,,0,0.9552,1,0,0
"Kaskaskia Regional Port, IL",2017242N16333,IRMA,2017,158.2,-3,5,18,2,0,0,0,0,68,,0,0.971,1,0,0
"Kaskaskia Regional Port, IL",2017277N11279,NATE,2017,437.3,-1,1,23,2,0,0,0,0,68,,,1,1,0,0
"Kaskaskia Regional Port, IL",2018146N19273,ALBERTO,2018,195.7,-1,0,30,3,0,0,0,0,66,,,1,1,0,0
"Kaskaskia Regional Port, IL",2018246N22283,GORDON,2018,367.9,-1,0,15,2,0,0,0,0,68,,0,0.971,1,0,0
"Kaskaskia Regional Port, IL",2019192N29274,BARRY,2019,283.9,-3,1,20,2,0,0,0,0,68,,,1,1,0,0
"Kaskaskia Regional Port, IL",2019299N25265,OLGA,2019,108.7,-4,0,43,2,0,0,0,0,68,,,1,1,0,0
"Kaskaskia Regional Port, IL",2020154N19269,CRISTOBAL,2020,190.5,-1,0,30,2,0,0,0,0,68,,,1,1,0,0
"Kaskaskia Regional Port, IL",2020233N14313,LAURA,2020,125.9,0,4,35,2,0,0,0,0,68,,0,0.971,1,0,0
"Kaskaskia Regional Port, IL",2020279N16284,DELTA,2020,434.6,-4,4,25,1,0,0,0,0,70,,0,0.9859,1,0,0
"Kaskaskia Regional Port, IL",2021239N17281,IDA,2021,429.3,-1,4,25,2,0,0,0,0.1139,68,,0,0.942,1,0,0
"Lake Charles Harbor District, LA",2015167N27266,BILL,2015,319.1,0,0,50,2,0.0387,0.036,0.004,0.1137,68,1.0748,0.076,0.5652,0.4493,0,0
"Lake Charles Harbor District, LA",2017171N24271,CINDY,2017,41.1,0,0,50,3,0.0132,0.0454,0.019,0.0826,66,0.2897,-1.5012,0.0149,1,1,0
"Lake Charles Harbor District, LA",2017228N14314,HARVEY,2017,19.2,4,4,115,7,0.0312,0.0462,0.0236,0.0642,58,0.6741,-1.1329,0.2203,0.7966,0,0
"Lake Charles Harbor District, LA",2017277N11279,NATE,2017,395.8,1,1,78,2,0.0872,0.0405,0.0105,0.0734,68,2.1526,2.4334,1,0.0145,0,1
"Lake Charles Harbor District, LA",2018246N22283,GORDON,2018,395.4,0,0,60,2,0.0195,0.0336,0,0.0748,68,0.5807,-0.5924,0.3043,0.7101,0,0
"Lake Charles Harbor District, LA",2019192N29274,BARRY,2019,70.5,1,1,65,5,0.0152,0.046,0.0148,0.0688,62,0.3306,-1.8043,0.0952,0.9206,0,0
"Lake Charles Harbor District, LA",2019261N28264,IMELDA,2019,178.4,0,0,40,3,0.0473,0.0427,0.0159,0.0818,66,1.1072,0.2228,0.597,0.4179,0,0
"Lake Charles Harbor District, LA",2019299N25265,OLGA,2019,240.3,0,0,45,2,0.0512,0.0425,0.007,0.1017,68,1.2061,0.2759,0.5942,0.4203,0,0
"Lake Charles Harbor District, LA",2020154N19269,CRISTOBAL,2020,247.5,0,0,45,3,0.045,0.0254,0.0058,0.0453,66,1.7714,1.5106,0.9254,0.0896,0,0
"Lake Charles Harbor District, LA",2020205N26272,HANNA,2020,304.8,1,1,80,3,0.0267,0.0376,0.0073,0.1778,66,0.7085,-0.1839,0.3731,0.6418,0,0
"Lake Charles Harbor District, LA",2020233N14313,LAURA,2020,15.7,4,4,130,2,0.2112,0.0418,0,0.1331,68,5.051,3.6392,1,0.0145,0,1
"Lake Charles Harbor District, LA",2020234N14280,MARCO,2020,135,0,1,40,2,0.0211,0.041,0,0.1331,68,0.5131,-0.4279,0.3188,0.6957,0,0
"Lake Charles Harbor District, LA",2020261N21265,BETA,2020,62,0,0,55,6,0.1287,0.0979,0.0224,0.1922,60,1.3139,0.5593,0.7049,0.3115,0,0
"Lake Charles Harbor District, LA",2020279N16284,DELTA,2020,25.4,3,4,105,2,0.0415,0.0845,0.0075,0.2061,68,0.4909,-0.6436,0.2899,0.7246,0,0
"Lake Charles Harbor District, LA",2020299N18277,ZETA,2020,274.4,3,3,100,2,0.1131,0.0504,0.0063,0.1655,68,2.2419,0.9791,0.7826,0.2319,0,0
"Lake Charles Harbor District, LA",2021169N23268,CLAUDETTE,2021,237.8,0,0,40,2,0.012,0.0157,0,0.0581,68,0.765,-0.1893,0.4493,0.5652,0,0
"Lake Charles Harbor District, LA",2021239N17281,IDA,2021,251.6,4,4,130,3,0.0202,0.034,0.0052,0.0705,66,0.5951,-0.6437,0.3433,0.6716,0,0
"Lake Charles Harbor District, LA",2021256N21265,NICHOLAS,2021,44,1,1,65,5,0.0252,0.0334,0.0126,0.0715,62,0.7561,-0.4458,0.2698,0.746,0,0
"Lake Charles Harbor District, LA",2023234N25271,HAROLD,2023,449.6,0,0,50,1,0.014,0.0449,0.0054,0.1073,70,0.3115,-0.8639,0.1408,0.8732,0,0
"Lake Providence Port, LA",2015167N27266,BILL,2015,404.3,-1,0,20,2,0,0,0,0,68,,0,0.971,1,0,0
"Lake Providence Port, LA",2017171N24271,CINDY,2017,210.4,0,0,45,2,0,0,0,0,68,,0,0.971,1,0,0
"Lake Providence Port, LA",2017228N14314,HARVEY,2017,24.1,0,4,45,3,0,0,0,0,66,,0,0.9552,1,0,0
"Lake Providence Port, LA",2017242N16333,IRMA,2017,369.8,-3,5,23,2,0,0,0,0,68,,0,0.971,1,0,0
"Lake Providence Port, LA",2017277N11279,NATE,2017,309.2,1,1,75,1,0,0,0,0,70,,0,0.9859,1,0,0
"Lake Providence Port, LA",2018146N19273,ALBERTO,2018,387.7,-1,0,30,2,0,0,0,0,68,,0,0.971,1,0,0
"Lake Providence Port, LA",2018246N22283,GORDON,2018,43.1,0,0,60,3,0,0,0,0.2924,66,,0,0.9104,1,0,0
"Lake Providence Port, LA",2019192N29274,BARRY,2019,221.9,1,1,65,5,0,0,0,0,62,,,1,1,0,0
"Lake Providence Port, LA",2019261N28264,IMELDA,2019,382.3,-1,0,30,2,0,0,0,0,68,,0,0.971,1,0,0
"Lake Providence Port, LA",2019299N25265,OLGA,2019,163.4,-4,0,45,1,0,0,0,0,70,,0,0.9718,1,0,0
"Lake Providence Port, LA",2020154N19269,CRISTOBAL,2020,71.6,0,0,45,3,0,0,0,0,66,,0,0.9552,1,0,0
"Lake Providence Port, LA",2020233N14313,LAURA,2020,155.9,4,4,130,2,0,0,0,0,68,,0,0.971,1,0,0
"Lake Providence Port, LA",2020234N14280,MARCO,2020,416.5,0,1,38,2,0,0,0,0,68,,0,0.971,1,0,0
"Lake Providence Port, LA",2020256N25281,SALLY,2020,421.4,2,2,95,3,0,0,0,0,66,,,1,1,0,0
"Lake Providence Port, LA",2020261N21265,BETA,2020,70.1,-4,0,25,3,0,0,0,0,66,,,1,1,0,0
"Lake Providence Port, LA",2020279N16284,DELTA,2020,28.8,2,4,87,3,0,0,0,0,66,,0,0.9552,1,0,0
"Lake Providence Port, LA",2020299N18277,ZETA,2020,265.3,3,3,100,2,0,0,0,0,68,,0,0.971,1,0,0
"Lake Providence Port, LA",2021169N23268,CLAUDETTE,2021,250.9,0,0,40,2,0,0,0,0,68,,,1,1,0,0
"Lake Providence Port, LA",2021239N17281,IDA,2021,88.8,4,4,130,3,0,0,0,0,66,,,1,1,0,0
"Lake Providence Port, LA",2021256N21265,NICHOLAS,2021,272.1,0,1,35,4,0,0,0,0,64,,,1,1,0,0
"Louisville-Jefferson Port, KY",2015167N27266,BILL,2015,12.4,-3,0,20,3,0,0,0,0,66,,,1,1,0,0
"Louisville-Jefferson Port, KY",2017171N24271,CINDY,2017,123,-1,0,28,2,0,0,0,0,68,,,1,1,0,0
"Louisville-Jefferson Port, KY",2017228N14314,HARVEY,2017,73.8,-4,4,30,2,0,0,0,0,68,,,1,1,0,0
"Louisville-Jefferson Port, KY",2017242N16333,IRMA,2017,404.2,-3,5,18,2,0,0,0,0,68,,,1,1,0,0
"Louisville-Jefferson Port, KY",2017277N11279,NATE,2017,106.5,-1,1,25,2,0,0,0,0,68,,,1,1,0,0
"Louisville-Jefferson Port, KY",2018146N19273,ALBERTO,2018,176.2,-1,0,30,3,0,0,0,0,66,,,1,1,0,0
"Louisville-Jefferson Port, KY",2018242N13343,FLORENCE,2018,302.8,-1,4,25,2,0,0,0,0,68,,,1,1,0,0
"Louisville-Jefferson Port, KY",2019299N25265,OLGA,2019,265.8,-4,0,40,2,0,0,0,0,68,,,1,1,0,0
"Louisville-Jefferson Port, KY",2020148N32281,BERTHA,2020,416.5,-1,0,23,1,0,0,0,0,70,,,1,1,0,0
"Louisville-Jefferson Port, KY",2020233N14313,LAURA,2020,76.1,-1,4,25,2,0,0,0,0,68,,,1,1,0,0
"Louisville-Jefferson Port, KY",2020261N21265,BETA,2020,460.7,-4,0,18,1,0,0,0,0,70,,,1,1,0,0
"Louisville-Jefferson Port, KY",2020279N16284,DELTA,2020,348,-4,4,25,1,0,0,0,0,70,,,1,1,0,0
"Louisville-Jefferson Port, KY",2020299N18277,ZETA,2020,369.8,0,3,53,1,0,0,0,0,70,,,1,1,0,0
"Louisville-Jefferson Port, KY",2021222N14301,FRED,2021,280.8,-1,0,25,2,0,0,0,0,68,,,1,1,0,0
"Louisville-Jefferson Port, KY",2021239N17281,IDA,2021,240.1,-1,4,28,2,0,0,0,0,68,,,1,1,0,0
"Louisville-Jefferson Port, KY",2022311N21293,NICOLE,2022,351.4,-1,1,25,1,0,0,0,0,70,,,1,1,0,0
"Manatee County Port, FL",2015126N27281,ANA,2015,321.4,-3,0,25,1,0,0,0,0,70,,0,0.9577,1,0,0
"Manatee County Port, FL",2016148N27288,BONNIE,2016,473.9,0,0,40,2,0,0,0,0.1084,68,,0,0.8841,1,0,0
"Manatee County Port, FL",2016158N22272,COLIN,2016,285.3,0,0,45,2,0,0,0,0.1084,68,,0,0.8986,1,0,0
"Manatee County Port, FL",2016242N24279,HERMINE,2016,293.1,1,1,70,6,0,0,0,0.0216,60,,0,0.9016,1,0,0
"Manatee County Port, FL",2016257N27280,JULIA,2016,173.2,0,0,45,2,0,0,0,0.0422,68,,0,0.942,1,0,0
"Manatee County Port, FL",2016273N13300,MATTHEW,2016,249.1,4,5,120,3,0,0,0,0.0427,66,,0,0.8657,1,0,0
"Manatee County Port, FL",2017212N28275,EMILY,2017,15.7,0,0,50,3,0,0,0,0,66,,0,0.9552,1,0,0
"Manatee County Port, FL",2017240N31279,UNNAMED,2017,392.8,-3,-3,35,2,0.3301,0,0,0,68,,,1,0.0145,0,1
"Manatee County Port, FL",2017242N16333,IRMA,2017,45.2,4,5,115,3,0,0,0,0.1449,66,,0,0.9104,1,0,0
"Manatee County Port, FL",2018146N19273,ALBERTO,2018,223.6,0,0,55,2,0,0,0,0,68,,0,0.971,1,0,0
"Manatee County Port, FL",2018246N22283,GORDON,2018,135,0,0,58,2,0,0,0,0,68,,0,0.971,1,0,0
"Manatee County Port, FL",2018280N18273,MICHAEL,2018,407,5,5,140,3,0,0,0,0.0695,66,,0,0.8657,1,0,0
"Manatee County Port, FL",2019192N29274,BARRY,2019,422.3,-3,1,30,1,0.0311,0,0,0.0164,70,,1.3575,0.9577,0.0563,0,0
"Manatee County Port, FL",2019204N25283,UNNAMED,2019,253.3,-1,-1,30,2,0,0,0,0.061,68,,0,0.8261,1,0,0
"Manatee County Port, FL",2019236N10314,DORIAN,2019,342.7,5,5,155,4,0.0383,0,0,0.0419,64,,3.0346,0.9385,0.0769,0,0
"Manatee County Port, FL",2019256N23286,HUMBERTO,2019,454.2,1,3,65,2,0,0,0,0.0507,68,,0,0.8551,1,0,0
"Manatee County Port, FL",2019291N22264,NESTOR,2019,423.6,0,0,50,2,0,0,0,0.071,68,,0,0.8841,1,0,0
"Manatee County Port, FL",2020138N28281,ARTHUR,2020,364.6,0,0,35,2,0,0,0,0,68,,0,0.971,1,0,0
"Manatee County Port, FL",2020188N28271,FAY,2020,390.5,-3,0,30,2,0,0,0,0,68,,0,0.971,1,0,0
"Manatee County Port, FL",2020211N13306,ISAIAS,2020,272.3,1,1,65,3,0,0,0,0.0082,66,,0,0.9403,1,0,0
"Manatee County Port, FL",2020244N30279,OMAR,2020,343.1,-3,0,28,2,0,0,0,0,68,,0,0.9855,1,0,0
"Manatee County Port, FL",2020256N25281,SALLY,2020,142.4,1,2,70,4,0,0,0,0.0233,64,,0,0.9231,1,0,0
"Manatee County Port, FL",2020306N15288,ETA,2020,121.9,1,4,65,5,0.0237,0,0,0.0159,62,,5.4146,1,0.0159,0,1
"Manatee County Port, FL",2021182N09317,ELSA,2021,107.5,1,1,65,3,0,0,0,0,66,,,1,1,0,0
"Manatee County Port, FL",2021222N14301,FRED,2021,295.2,0,0,55,4,0,0,0,0.0204,64,,0,0.8769,1,0,0
"Manatee County Port, FL",2021239N17281,IDA,2021,470.8,2,4,85,1,0,0,0,0,70,,0,0.9718,1,0,0
"Manatee County Port, FL",2021252N28273,MINDY,2021,361.7,0,0,50,2,0.0433,0,0,0,68,,5.5449,0.971,0.0435,0,1
"Manatee County Port, FL",2022154N21273,ALEX,2022,143.6,0,0,43,2,0,0,0,0.1178,68,,0,0.8551,1,0,0
"Manatee County Port, FL",2022266N12294,IAN,2022,71.9,5,5,140,4,0,0,0,0.0381,64,,0,0.6462,1,0,0
"Manatee County Port, FL",2022311N21293,NICOLE,2022,94.5,1,1,65,3,0,0,0,0.061,66,,0,0.7463,1,0,0
"Manatee County Port, FL",2023152N26274,ARLENE,2023,336.8,0,0,35,5,0,0,0,0.0056,62,,0,0.9206,1,0,0
"Manatee County Port, FL",2023239N21274,IDALIA,2023,229.5,4,4,115,2,0,0,0,0.0195,68,,0,0.913,1,0,0
"Marblehead, OH",2015167N27266,BILL,2015,314.6,-3,0,15,2,0,0,0,0.5725,68,,0,0.5217,1,0,0
"Marblehead, OH",2017171N24271,CINDY,2017,369,-3,0,25,1,0,0,0,0.7802,70,,0,0.8451,1,0,0
"Marblehead, OH",2017228N14314,HARVEY,2017,406.1,-4,4,20,1,0,0,0,0.7283,70,,0,0.9155,1,0,0
"Marblehead, OH",2017277N11279,NATE,2017,135.5,-3,1,25,1,0.874,0,0,0.7916,70,,3.1644,0.9577,0.0563,0,0
"Marblehead, OH",2018146N19273,ALBERTO,2018,234,-1,0,30,2,0,0,0,0.3514,68,,0,0.8986,1,0,0
"Marblehead, OH",2018242N13343,FLORENCE,2018,288.8,-1,4,25,2,0,0,0,0.4338,68,,0,0.7246,1,0,0
"Marblehead, OH",2019299N25265,OLGA,2019,360,-4,0,30,1,0,0,0,0.5696,70,,0,0.9296,1,0,0
"Marblehead, OH",2020148N32281,BERTHA,2020,254.4,-4,0,20,1,0,0,0,0.8982,70,,0,0.8732,1,0,0
"Marblehead, OH",2020233N14313,LAURA,2020,399.7,-3,4,20,1,0,0,0,0.7812,70,,0,0.8592,1,0,0
"Marblehead, OH",2021222N14301,FRED,2021,266.5,-3,0,20,2,0.3745,0,0,0.335,68,,3.3512,0.971,0.0435,0,1
"Marblehead, OH",2021239N17281,IDA,2021,413.2,-1,4,30,1,0,0,0,0.3236,70,,0,0.9437,1,0,0
"Marine City, MI",2015167N27266,BILL,2015,435.9,-3,0,15,2,0.3243,0.1042,0,0.4418,68,3.1109,1.0354,0.6667,0.3478,0,0
"Marine City, MI",2017171N24271,CINDY,2017,495.4,-3,0,25,1,0.3158,0,0,0.834,70,,0.8902,0.6197,0.3944,0,0
"Marine City, MI",2017277N11279,NATE,2017,213.2,-4,1,25,1,0.8123,0,0,0.8413,70,,2.5871,0.9296,0.0845,0,0
"Marine City, MI",2018146N19273,ALBERTO,2018,191.5,-1,0,30,2,0,0.2551,0,0.4458,68,0,-1.3013,0.4058,1,0,0
"Marine City, MI",2018242N13343,FLORENCE,2018,394.7,-4,4,25,2,0,0,0,0.6048,68,,0,0.5362,1,0,0
"Marine City, MI",2019299N25265,OLGA,2019,266.1,-4,0,30,1,0,0,0,0.875,70,,0,0.7746,1,0,0
"Marine City, MI",2020148N32281,BERTHA,2020,350.8,-4,0,20,1,0,0,0,0.8381,70,,0,0.7887,1,0,0
"Marine City, MI",2021222N14301,FRED,2021,347.1,-3,0,20,2,0,0,0,0.6191,68,,0,0.5217,1,0,0
"Marquette, MI",2018146N19273,ALBERTO,2018,320.7,-1,0,30,1,0,0,0,0,70,,,1,1,0,0
"Marquette, MI",2019299N25265,OLGA,2019,310,-4,0,30,1,0,0,0,0,70,,,1,1,0,0
"Marquette, MI",2020154N19269,CRISTOBAL,2020,81.9,-4,0,35,1,0,0,0,0,70,,0,0.9859,1,0,0
"Massac-Metropolis Port, IL",2015167N27266,BILL,2015,43.7,-3,0,20,2,0,0,0,0,68,,0,0.971,1,0,0
"Massac-Metropolis Port, IL",2017171N24271,CINDY,2017,78.8,-1,0,30,2,0,0,0,0,68,,0,0.971,1,0,0
"Massac-Metropolis Port, IL",2017228N14314,HARVEY,2017,197.2,-1,4,30,3,0,0,0,0.2329,66,,0,0.9104,1,0,0
"Massac-Metropolis Port, IL",2017242N16333,IRMA,2017,125.7,-3,5,23,2,0,0,0,0,68,,0,0.971,1,0,0
"Massac-Metropolis Port, IL",2017277N11279,NATE,2017,290.9,-1,1,30,2,0,0,0,0,68,,0,0.971,1,0,0
"Massac-Metropolis Port, IL",2018146N19273,ALBERTO,2018,74.3,-1,0,30,2,0,0,0,0.1327,68,,0,0.942,1,0,0
"Massac-Metropolis Port, IL",2018246N22283,GORDON,2018,374,-1,0,20,2,0,0,0,0,68,,0,0.971,1,0,0
"Massac-Metropolis Port, IL",2019192N29274,BARRY,2019,371.3,-3,1,20,2,0,0,0,0,68,,,1,1,0,0
"Massac-Metropolis Port, IL",2019299N25265,OLGA,2019,120.5,-4,0,43,2,0,0,0,0,68,,0,0.971,1,0,0
"Massac-Metropolis Port, IL",2020154N19269,CRISTOBAL,2020,311.2,-1,0,30,1,0,0,0,0,70,,0,0.9859,1,0,0
"Massac-Metropolis Port, IL",2020233N14313,LAURA,2020,35.9,0,4,35,2,0,0,0,0,68,,0,0.971,1,0,0
"Massac-Metropolis Port, IL",2020261N21265,BETA,2020,399.8,-4,0,20,2,0,0,0,0,68,,,1,1,0,0
"Massac-Metropolis Port, IL",2020279N16284,DELTA,2020,289.8,-4,4,25,2,0,0,0,0,68,,,1,1,0,0
"Massac-Metropolis Port, IL",2020299N18277,ZETA,2020,434.8,0,3,53,1,0,0,0,0,70,,,1,1,0,0
"Massac-Metropolis Port, IL",2021169N23268,CLAUDETTE,2021,499.8,-1,0,25,1,0,0,0,0,70,,0,0.9859,1,0,0
"Massac-Metropolis Port, IL",2021222N14301,FRED,2021,479,-1,0,25,2,0,0,0,0.2636,68,,0,0.942,1,0,0
"Massac-Metropolis Port, IL",2021239N17281,IDA,2021,276.1,-1,4,30,2,0,0,0,0,68,,0,0.971,1,0,0
"Massac-Metropolis Port, IL",2022311N21293,NICOLE,2022,483.8,-3,1,25,1,0,0,0,0,70,,,1,1,0,0
"Memphis-Shelby County Port, TN",2015167N27266,BILL,2015,209.4,-3,0,20,3,0,0,0,0.2284,66,,0,0.8806,1,0,0
"Memphis-Shelby County Port, TN",2017171N24271,CINDY,2017,87,-1,0,33,2,0,0,0,0.3292,68,,0,0.913,1,0,0
"Memphis-Shelby County Port, TN",2017228N14314,HARVEY,2017,120.6,-1,4,30,3,0,0,0,0.2301,66,,0,0.8955,1,0,0
"Memphis-Shelby County Port, TN",2017242N16333,IRMA,2017,102,-3,5,25,2,0,0,0,0,68,,0,0.971,1,0,0
"Memphis-Shelby County Port, TN",2017277N11279,NATE,2017,284.9,0,1,48,2,0,0,0,0.3322,68,,0,0.8986,1,0,0
"Memphis-Shelby County Port, TN",2018146N19273,ALBERTO,2018,211.5,-1,0,30,2,0,0,0,0.267,68,,0,0.9275,1,0,0
"Memphis-Shelby County Port, TN",2018246N22283,GORDON,2018,207.4,0,0,45,3,0,0,0,0.1928,66,,0,0.9104,1,0,0
"Memphis-Shelby County Port, TN",2019192N29274,BARRY,2019,324.7,0,1,35,3,0,0,0,0,66,,0,0.9552,1,0,0
"Memphis-Shelby County Port, TN",2019299N25265,OLGA,2019,125.1,-4,0,45,1,0,0,0,0.3421,70,,0,0.9437,1,0,0
"Memphis-Shelby County Port, TN",2020154N19269,CRISTOBAL,2020,210.3,-1,0,33,2,0,0,0,0.3478,68,,0,0.8841,1,0,0
"Memphis-Shelby County Port, TN",2020233N14313,LAURA,2020,153.6,1,4,70,3,0,0,0,0.2013,66,,0,0.8657,1,0,0
"Memphis-Shelby County Port, TN",2020256N25281,SALLY,2020,493,0,2,35,1,0,0,0,0,70,,0,0.9859,1,0,0
"Memphis-Shelby County Port, TN",2020261N21265,BETA,2020,255.2,-4,0,25,2,0,0,0,0,68,,0,0.971,1,0,0
"Memphis-Shelby County Port, TN",2020279N16284,DELTA,2020,133.3,0,4,50,2,0,0,0,0,68,,0,0.971,1,0,0
"Memphis-Shelby County Port, TN",2020299N18277,ZETA,2020,347,1,3,73,1,0,0,0,0,70,,0,0.9718,1,0,0
"Memphis-Shelby County Port, TN",2021169N23268,CLAUDETTE,2021,365.4,-1,0,33,2,0,0,0,0.1798,68,,0,0.942,1,0,0
"Memphis-Shelby County Port, TN",2021222N14301,FRED,2021,495.6,-1,0,25,1,0,0,0,0,70,,0,0.9718,1,0,0
"Memphis-Shelby County Port, TN",2021239N17281,IDA,2021,147.7,0,4,53,3,0,0,0,0,66,,0,0.9552,1,0,0
"Mid-America Port, IA, IL and MO",2015167N27266,BILL,2015,351.5,-3,0,20,2,0,0,0,0,68,,,1,1,0,0
"Mid-America Port, IA, IL and MO",2017171N24271,CINDY,2017,483.3,-1,0,28,1,0,0,0,0,70,,,1,1,0,0
"Mid-America Port, IA, IL and MO",2017242N16333,IRMA,2017,396.7,-3,5,15,1,0,0,0,0,70,,,1,1,0,0
"Mid-America Port, IA, IL and MO",2018146N19273,ALBERTO,2018,363.6,-1,0,30,2,0,0,0,0,68,,,1,1,0,0
"Mid-America Port, IA, IL and MO",2019192N29274,BARRY,2019,363.9,-3,1,15,1,0,0,0,0,70,,,1,1,0,0
"Mid-America Port, IA, IL and MO",2019299N25265,OLGA,2019,283.4,-4,0,40,2,0,0,0,0,68,,0,0.971,1,0,0
"Mid-America Port, IA, IL and MO",2020154N19269,CRISTOBAL,2020,32.2,-1,0,33,2,0,0,0,0,68,,0,0.971,1,0,0
"Mid-America Port, IA, IL and MO",2020233N14313,LAURA,2020,377.9,-1,4,25,2,0,0,0,0,68,,0,0.971,1,0,0
"Milwaukee, WI",2018146N19273,ALBERTO,2018,230,-1,0,30,2,0.1923,0.121,0,0.8896,68,1.589,0.2572,0.6812,0.3333,0,0
"Milwaukee, WI",2019299N25265,OLGA,2019,100.8,-4,0,30,1,0,0,0,0.5177,70,,0,0.831,1,0,0
"Milwaukee, WI",2020154N19269,CRISTOBAL,2020,190.7,-1,0,35,2,0,0,0,0.1702,68,,0,0.5797,1,0,0
"Mobile, AL",2016158N22272,COLIN,2016,341,0,0,45,2,0.0179,0.0053,0,0.0352,68,3.3612,1.1165,0.8406,0.1739,0,0
"Mobile, AL",2016242N24279,HERMINE,2016,368.4,1,1,70,2,0.0063,0,0,0.0271,68,,0.5821,0.6957,0.3188,0,0
"Mobile, AL",2017212N28275,EMILY,2017,363.1,0,0,38,2,0,0,0,0.0368,68,,0,0.5217,1,0,0
"Mobile, AL",2017228N14314,HARVEY,2017,397.1,0,4,38,3,0.0161,0.004,0,0.0254,66,4.065,1.0673,0.7463,0.2687,0,0
"Mobile, AL",2017242N16333,IRMA,2017,338.4,0,5,48,2,0,0.0044,0,0.0289,68,0,-0.4442,0.4783,1,0,0
"Mobile, AL",2017277N11279,NATE,2017,70.4,1,1,80,2,0,0.0048,0,0.0298,68,0,-0.4924,0.4493,1,0,0
"Mobile, AL",2018146N19273,ALBERTO,2018,190,0,0,55,3,0,0.0082,0,0.0297,66,0,-0.6124,0.4478,1,0,0
"Mobile, AL",2018246N22283,GORDON,2018,48.4,0,0,60,3,0.0181,0.0118,0,0.0778,66,1.5255,0.2213,0.5821,0.4328,0,0
"Mobile, AL",2018280N18273,MICHAEL,2018,254.1,5,5,140,2,0.0357,0.0337,0,0.1017,68,1.0587,0.0597,0.5217,0.4928,0,0
"Mobile, AL",2019192N29274,BARRY,2019,286.4,1,1,65,5,0.0175,0.0167,0,0.0421,62,1.0484,0.0607,0.5397,0.4762,0,0
"Mobile, AL",2019291N22264,NESTOR,2019,223.5,0,0,50,3,0,0.0075,0,0.0337,66,0,-0.7807,0.1791,1,0,0
"Mobile, AL",2019299N25265,OLGA,2019,214,-4,0,45,1,0,0,0,0.0335,70,,0,0.662,1,0,0
"Mobile, AL",2020154N19269,CRISTOBAL,2020,197.9,0,0,45,2,0,0.0504,0,0.121,68,0,-1.234,0.2174,1,0,0
"Mobile, AL",2020188N28271,FAY,2020,267.5,-3,0,30,3,0.1011,0.0422,0,0.1182,66,2.3957,1.4915,0.8806,0.1343,0,0
"Mobile, AL",2020233N14313,LAURA,2020,497.3,2,4,85,1,0.0483,0.0524,0,0.1413,70,0.9201,-0.0768,0.4789,0.5352,0,0
"Mobile, AL",2020234N14280,MARCO,2020,211.1,0,1,55,2,0,0.0479,0,0.1457,68,0,-1.0894,0.1159,1,0,0
"Mobile, AL",2020256N25281,SALLY,2020,51.5,2,2,95,5,0.0325,0.0669,0.0245,0.1479,62,0.486,-0.976,0.1429,0.873,0,0
"Mobile, AL",2020261N21265,BETA,2020,276,-4,0,25,3,0.0297,0.0659,0.0198,0.1561,66,0.451,-0.7722,0.1343,0.8806,0,0
"Mobile, AL",2020279N16284,DELTA,2020,369.7,2,4,85,3,0.0876,0.0686,0.017,0.1751,66,1.2768,0.3841,0.6716,0.3433,0,0
"Mobile, AL",2020299N18277,ZETA,2020,111.5,3,3,100,2,0.3086,0.0726,0.0128,0.1558,68,4.2495,5.0677,1,0.0145,0,1
"Mobile, AL",2021169N23268,CLAUDETTE,2021,114,0,0,40,3,0,0.0041,0,0.0271,66,0,-0.2958,0.4627,1,0,0
"Mobile, AL",2021182N09317,ELSA,2021,449.9,0,1,55,1,0.0101,0,0,0.0604,70,,0.409,0.8169,0.1972,0,0
"Mobile, AL",2021222N14301,FRED,2021,258.5,0,0,55,2,0.0267,0.0045,0,0.0595,68,5.9248,1.1091,0.8261,0.1884,0,0
"Mobile, AL",2021239N17281,IDA,2021,254.5,4,4,130,3,0.0135,0,0,0.021,66,,1.6694,0.791,0.2239,0,0
"Mobile, AL",2021252N28273,MINDY,2021,267.6,0,0,50,2,0.0528,0,0,0.0311,68,,3.9237,0.9855,0.029,0,1
"Mobile, AL",2021256N21265,NICHOLAS,2021,360.8,-1,1,25,3,0.0171,0,0,0.0232,66,,1.3231,0.791,0.2239,0,0
"Mobile, AL",2022311N21293,NICOLE,2022,339.1,0,1,38,2,0.0098,0.0277,0,0.1001,68,0.3545,-0.5452,0.3768,0.6377,0,0
"Mobile, AL",2023152N26274,ARLENE,2023,334.7,0,0,35,2,0.0467,0.0459,0.0218,0.0832,68,1.018,0.0443,0.5217,0.4928,0,0
"Mobile, AL",2023239N21274,IDALIA,2023,423.3,4,4,115,1,0.0432,0.02,0,0.0754,70,2.1627,0.7675,0.7465,0.2676,0,0
"Monroe, MI",2015167N27266,BILL,2015,368,-3,0,15,2,0,0,0,0.2349,68,,0,0.9275,1,0,0
"Monroe, MI",2017171N24271,CINDY,2017,430.6,-3,0,25,1,0,0,0,0.1341,70,,0,0.9437,1,0,0
"Monroe, MI",2017228N14314,HARVEY,2017,426.3,-4,4,20,1,0,0,0,0.3655,70,,0,0.9155,1,0,0
"Monroe, MI",2017277N11279,NATE,2017,205.5,-3,1,25,1,0,0,0,0.1392,70,,0,0.9437,1,0,0
"Monroe, MI",2018146N19273,ALBERTO,2018,158.1,-1,0,30,2,0,0,0,0,68,,0,0.971,1,0,0
"Monroe, MI",2018242N13343,FLORENCE,2018,356.1,-4,4,25,2,0.388,0,0,0.3208,68,,3.0585,0.9565,0.058,0,0
"Monroe, MI",2019299N25265,OLGA,2019,283,-4,0,30,1,0,0,0,0.242,70,,0,0.9437,1,0,0
"Monroe, MI",2020148N32281,BERTHA,2020,331.1,-4,0,20,1,0,0,0,0,70,,0,0.9577,1,0,0
"Monroe, MI",2020233N14313,LAURA,2020,417.7,-3,4,20,1,0,0,0,0,70,,0,0.9859,1,0,0
"Monroe, MI",2021222N14301,FRED,2021,343.7,-3,0,20,2,0,0,0,0.3607,68,,0,0.8841,1,0,0
"Monroe, MI",2021239N17281,IDA,2021,486.3,-4,4,28,1,0,0,0,0,70,,0,0.9577,1,0,0
"Morehead City, NC",2015126N27281,ANA,2015,143.3,0,0,50,7,0,0,0,0.0229,58,,0,0.9322,1,0,0
"Morehead City, NC",2015193N35285,CLAUDETTE,2015,142.7,-3,0,28,2,0,0,0,0.052,68,,0,0.942,1,0,0
"Morehead City, NC",2015313N22289,KATE,2015,467.9,0,1,63,1,0,0,0,0,70,,0,0.9577,1,0,0
"Morehead City, NC",2016148N27288,BONNIE,2016,93.3,0,0,40,7,0,0,0,0.073,58,,0,0.9153,1,0,0
"Morehead City, NC",2016158N22272,COLIN,2016,52.4,0,0,50,1,0,0,0,0,70,,0,0.9718,1,0,0
"Morehead City, NC",2016240N31295,UNNAMED,2016,166.1,-1,-1,30,3,0,0,0,0.1701,66,,0,0.8806,1,0,0
"Morehead City, NC",2016242N24279,HERMINE,2016,46.4,0,1,60,3,0,0,0,0.0834,66,,0,0.9254,1,0,0
"Morehead City, NC",2016257N27280,JULIA,2016,67.4,0,0,40,8,0,0,0,0.0883,56,,0,0.7544,1,0,0
"Morehead City, NC",2016273N13300,MATTHEW,2016,49.3,2,5,85,2,0,0,0,0.0854,68,,0,0.913,1,0,0
"Morehead City, NC",2017171N24271,CINDY,2017,489.6,-3,0,25,1,0,0,0,0,70,,0,0.9577,1,0,0
"Morehead City, NC",2017212N28275,EMILY,2017,465.8,-3,0,30,1,0,0,0,0,70,,0,0.9859,1,0,0
"Morehead City, NC",2017224N22293,GERT,2017,485.9,1,2,73,1,0,0,0,0,70,,0,0.9577,1,0,0
"Morehead City, NC",2017240N31279,UNNAMED,2017,6.6,-3,-3,40,2,0,0,0,0.2226,68,,0,0.942,1,0,0
"Morehead City, NC",2017247N09327,JOSE,2017,475.1,1,4,65,2,0,0,0,0,68,,0,0.971,1,0,0
"Morehead City, NC",2017260N12310,MARIA,2017,338.5,1,5,70,4,0,0,0,0.042,64,,0,0.9385,1,0,0
"Morehead City, NC",2018186N31292,CHRIS,2018,219.2,2,2,90,6,0,0,0,0,60,,0,0.9836,1,0,0
"Morehead City, NC",2018242N13343,FLORENCE,2018,70.2,3,4,105,5,0,0,0,0.0568,62,,0,0.8413,1,0,0
"Morehead City, NC",2018280N18273,MICHAEL,2018,215.3,0,5,60,2,0,0,0,0,68,,,1,1,0,0
"Morehead City, NC",2019236N10314,DORIAN,2019,42.4,3,5,100,2,0,0,0,0,68,,0,0.971,1,0,0
"Morehead City, NC",2019239N32287,ERIN,2019,355.3,0,0,35,2,0,0,0,0.1738,68,,0,0.8986,1,0,0
"Morehead City, NC",2019282N35286,MELISSA,2019,242.4,-4,0,40,2,0,0,0,0,68,,0,0.971,1,0,0
"Morehead City, NC",2019291N22264,NESTOR,2019,194.5,-4,0,40,2,0,0,0,0,68,,0,0.971,1,0,0
"Morehead City, NC",2020138N28281,ARTHUR,2020,84.9,0,0,50,3,0,0,0,0,66,,,1,1,0,0
"Morehead City, NC",2020148N32281,BERTHA,2020,329.7,0,0,45,2,0,0,0,0,68,,,1,1,0,0
"Morehead City, NC",2020188N28271,FAY,2020,70.2,0,0,50,3,0,0,0,0,66,,0,0.9552,1,0,0
"Morehead City, NC",2020211N13306,ISAIAS,2020,128,1,1,80,2,0,0,0,0,68,,,1,1,0,0
"Morehead City, NC",2020228N37286,KYLE,2020,309.5,0,0,35,1,0,0,0,0,70,,0,0.9859,1,0,0
"Morehead City, NC",2020244N30279,OMAR,2020,190.1,0,0,35,2,0,0,0,0,68,,0,0.971,1,0,0
"Morehead City, NC",2020256N25281,SALLY,2020,379.2,-4,2,30,1,0,0,0,0,70,,,1,1,0,0
"Morehead City, NC",2020299N18277,ZETA,2020,365.8,0,3,45,1,0,0,0,0,70,,,1,1,0,0
"Morehead City, NC",2020306N15288,ETA,2020,154.8,0,4,40,1,0,0,0,0,70,,,1,1,0,0
"Morehead City, NC",2021165N32282,BILL,2021,186.7,0,0,38,2,0,0,0,0.2016,68,,0,0.7536,1,0,0
"Morehead City, NC",2021169N23268,CLAUDETTE,2021,136.2,0,0,40,1,0,0,0,0.2736,70,,0,0.8873,1,0,0
"Morehead City, NC",2021179N30287,DANNY,2021,368,0,0,40,2,0.2032,0,0,0.1679,68,,3.4561,1,0.0145,0,1
"Morehead City, NC",2021182N09317,ELSA,2021,202,0,1,50,2,0,0,0,0.1495,68,,0,0.8986,1,0,0
"Morehead City, NC",2021227N36297,HENRI,2021,386.9,1,1,65,2,0,0,0,0.1731,68,,0,0.8261,1,0,0
"Morehead City, NC",2021252N28273,MINDY,2021,292.4,-1,0,30,2,0.1737,0,0,0.1823,68,,3.1412,0.942,0.0725,0,0
"Morehead City, NC",2021259N30286,ODETTE,2021,181.8,0,0,38,2,0,0,0,0.1642,68,,0,0.913,1,0,0
"Morehead City, NC",2021299N33284,WANDA,2021,198.4,-4,0,45,2,0,0,0,0.2115,68,,0,0.8986,1,0,0
"Morehead City, NC",2022183N32280,COLIN,2022,224,0,0,35,2,0,0,0,0.2167,68,,0,0.8116,1,0,0
"Morehead City, NC",2022266N12294,IAN,2022,237.5,1,5,75,2,0,0,0,0,68,,,1,1,0,0
"Morehead City, NC",2023239N21274,IDALIA,2023,117,0,4,55,2,0,0,0,0,68,,0,0.9565,1,0,0
"Morehead City, NC",2023265N29284,OPHELIA,2023,33.4,0,0,60,3,0,0,0,0.0202,66,,0,0.9403,1,0,0
"Mueller Township, MI",2018146N19273,ALBERTO,2018,203.1,-1,0,30,1,0,0,0,0.9606,70,,0,0.8873,1,0,0
"Mueller Township, MI",2019299N25265,OLGA,2019,197.6,-4,0,30,1,0,0,0,0,70,,0,0.9577,1,0,0
"Mueller Township, MI",2020154N19269,CRISTOBAL,2020,192.2,-4,0,35,1,0,0,0,0.4955,70,,0,0.9437,1,0,0
"Muskegon, MI",2017277N11279,NATE,2017,466.3,-4,1,23,1,0.6319,0.1578,0,0.8465,70,4.0045,1.2251,0.5915,0.4225,0,0
"Muskegon, MI",2018146N19273,ALBERTO,2018,120.7,-1,0,30,2,0.6468,0.5832,0,0.8261,68,1.109,0.2273,0.5942,0.4203,0,0
"Muskegon, MI",2019299N25265,OLGA,2019,43.2,-4,0,30,1,0,0,0,0.7184,70,,0,0.7324,1,0,0
"Muskegon, MI",2020154N19269,CRISTOBAL,2020,312.8,-1,0,35,2,0,0,0,0.4563,68,,0,0.5217,1,0,0
"New Bourbon Port Authority, MO",2015167N27266,BILL,2015,69.1,-3,0,20,2,0,0,0,0,68,,,1,1,0,0
"New Bourbon Port Authority, MO",2017171N24271,CINDY,2017,192.9,-1,0,30,2,0,0,0,0,68,,,1,1,0,0
"New Bourbon Port Authority, MO",2017228N14314,HARVEY,2017,327.6,-1,4,30,3,0,0,0,0,66,,0,0.9552,1,0,0
"New Bourbon Port Authority, MO",2017242N16333,IRMA,2017,111.8,-3,5,18,2,0,0,0,0,68,,0,0.971,1,0,0
"New Bourbon Port Authority, MO",2017277N11279,NATE,2017,422.5,-1,1,25,2,0,0,0,0,68,,0,0.9855,1,0,0
"New Bourbon Port Authority, MO",2018146N19273,ALBERTO,2018,191.6,-1,0,30,2,0,0,0,0,68,,,1,1,0,0
"New Bourbon Port Authority, MO",2018246N22283,GORDON,2018,327.4,-1,0,20,2,0,0,0,0,68,,0,0.9855,1,0,0
"New Bourbon Port Authority, MO",2019192N29274,BARRY,2019,263.3,-3,1,20,2,0,0,0,0,68,,,1,1,0,0
"New Bourbon Port Authority, MO",2019299N25265,OLGA,2019,127.6,-4,0,43,2,0,0,0,0,68,,,1,1,0,0
"New Bourbon Port Authority, MO",2020154N19269,CRISTOBAL,2020,184.3,-1,0,30,1,0,0,0,0,70,,,1,1,0,0
"New Bourbon Port Authority, MO",2020233N14313,LAURA,2020,89.3,0,4,35,2,0,0,0,0,68,,,1,1,0,0
"New Bourbon Port Authority, MO",2020279N16284,DELTA,2020,395.4,-4,4,25,2,0,0,0,0,68,,0,0.971,1,0,0
"New Bourbon Port Authority, MO",2021239N17281,IDA,2021,397.8,-1,4,28,2,0,0,0,0.2091,68,,0,0.942,1,0,0
"New Haven, CT",2015126N27281,ANA,2015,165.3,-1,0,30,2,0.1421,0.0752,0,0.2295,68,1.8906,0.8572,0.7536,0.2609,0,0
"New Haven, CT",2016158N22272,COLIN,2016,445.1,-4,0,50,1,0,0,0,0.1899,70,,0,0.7746,1,0,0
"New Haven, CT",2016242N24279,HERMINE,2016,202.8,-4,1,55,4,0.0524,0.035,0,0.0874,64,1.4953,0.6761,0.7692,0.2462,0,0
"New Haven, CT",2017247N09327,JOSE,2017,346,0,4,60,7,0.0614,0.0792,0.0349,0.1936,58,0.7751,-0.3225,0.2881,0.7288,0,0
"New Haven, CT",2017277N11279,NATE,2017,285.5,-4,1,25,2,0.1014,0.0617,0,0.4626,68,1.6442,0.2798,0.6087,0.4058,0,0
"New Haven, CT",2018242N13343,FLORENCE,2018,103.7,-4,4,25,1,0,0.0283,0,0.4097,70,0,-0.1589,0.507,1,0,0
"New Haven, CT",2018280N18273,MICHAEL,2018,315.2,-4,5,60,1,0,0.0705,0,0.2712,70,0,-0.7196,0.4789,1,0,0
"New Haven, CT",2019236N10314,DORIAN,2019,434.6,2,5,85,1,0.3933,0.0768,0,0.3035,70,5.1237,2.6919,0.9718,0.0423,0,1
"New Haven, CT",2019239N32287,ERIN,2019,482.6,-4,0,35,1,0,0.0724,0,0.2733,70,0,-0.7445,0.4225,1,0,0
"New Haven, CT",2019282N35286,MELISSA,2019,425.4,-2,0,55,2,0.1327,0.0721,0,0.2794,68,1.8394,0.6123,0.7826,0.2319,0,0
"New Haven, CT",2019291N22264,NESTOR,2019,444.8,-4,0,40,2,0.0456,0.0809,0,0.2215,68,0.5644,-0.3705,0.3478,0.6667,0,0
"New Haven, CT",2020188N28271,FAY,2020,108.5,0,0,50,2,0.1226,0.0955,0,0.4369,68,1.2835,0.1999,0.5507,0.4638,0,0
"New Haven, CT",2020211N13306,ISAIAS,2020,164.2,0,1,58,2,0,0.0852,0,0.492,68,0,-0.511,0.3333,1,0,0
"New Haven, CT",2020228N37286,KYLE,2020,403.3,0,0,45,2,0.1689,0.1263,0,0.5061,68,1.3376,0.2613,0.6087,0.4058,0,0
"New Haven, CT",2020299N18277,ZETA,2020,226.4,-4,3,45,2,0.0706,0.1448,0,0.3266,68,0.4875,-0.6496,0.2899,0.7246,0,0
"New Haven, CT",2021169N23268,CLAUDETTE,2021,375.2,0,0,40,2,0,0.0922,0,0.3053,68,0,-0.9004,0.3333,1,0,0
"New Haven, CT",2021182N09317,ELSA,2021,69.4,0,1,50,2,0.1759,0.0602,0,0.2631,68,2.9203,1.2216,0.8261,0.1884,0,0
"New Haven, CT",2021222N14301,FRED,2021,154.9,-4,0,25,2,0,0.1158,0,0.3053,68,0,-1.1911,0.2029,1,0,0
"New Haven, CT",2021227N36297,HENRI,2021,21.2,1,1,65,3,0.1754,0.1085,0,0.2471,66,1.6173,0.8632,0.791,0.2239,0,0
"New Haven, CT",2021239N17281,IDA,2021,79.7,-4,4,40,2,0.1009,0.1005,0,0.3406,68,1.0041,0.0038,0.5072,0.5072,0,0
"New Haven, CT",2021259N30286,ODETTE,2021,478.5,0,0,40,1,0,0,0,0.4678,70,,0,0.5352,1,0,0
"New Haven, CT",2021299N33284,WANDA,2021,251.7,-4,0,60,2,0.1133,0.1221,0,0.3383,68,0.9277,-0.0896,0.4638,0.5507,0,0
"New Haven, CT",2023265N29284,OPHELIA,2023,431.4,-4,0,20,1,0,0.0749,0,0.2455,70,0,-0.8721,0.3803,1,0,0
"New Madrid County Port, MO",2015167N27266,BILL,2015,83.1,-3,0,20,3,0,0,0,0,66,,,1,1,0,0
"New Madrid County Port, MO",2017171N24271,CINDY,2017,55.2,-1,0,30,2,0,0,0,0,68,,,1,1,0,0
"New Madrid County Port, MO",2017228N14314,HARVEY,2017,221,-1,4,30,3,0,0,0,0,66,,,1,1,0,0
"New Madrid County Port, MO",2017242N16333,IRMA,2017,16.9,-3,5,23,2,0,0,0,0,68,,,1,1,0,0
"New Madrid County Port, MO",2017277N11279,NATE,2017,329.1,-1,1,30,2,0,0,0,0,68,,,1,1,0,0
"New Madrid County Port, MO",2018146N19273,ALBERTO,2018,156.7,-1,0,30,2,0,0,0,0,68,,,1,1,0,0
"New Madrid County Port, MO",2018246N22283,GORDON,2018,267.4,-1,0,28,3,0,0,0,0,66,,,1,1,0,0
"New Madrid County Port, MO",2019192N29274,BARRY,2019,296.6,-1,1,25,2,0,0,0,0,68,,,1,1,0,0
"New Madrid County Port, MO",2019299N25265,OLGA,2019,54,-4,0,43,2,0,0,0,0,68,,,1,1,0,0
"New Madrid County Port, MO",2020154N19269,CRISTOBAL,2020,228.3,-1,0,30,2,0,0,0,0,68,,,1,1,0,0
"New Madrid County Port, MO",2020233N14313,LAURA,2020,54.7,0,4,45,3,0,0,0,0,66,,,1,1,0,0
"New Madrid County Port, MO",2020261N21265,BETA,2020,381.7,-4,0,25,2,0,0,0,0,68,,,1,1,0,0
"New Madrid County Port, MO",2020279N16284,DELTA,2020,262,0,4,35,2,0,0,0,0,68,,,1,1,0,0
"New Madrid County Port, MO",2020299N18277,ZETA,2020,446,0,3,60,1,0,0,0,0,70,,,1,1,0,0
"New Madrid County Port, MO",2021169N23268,CLAUDETTE,2021,477.8,-1,0,25,1,0,0,0,0,70,,,1,1,0,0
"New Madrid County Port, MO",2021239N17281,IDA,2021,269,0,4,35,3,0,0,0,0,66,,,1,1,0,0
"New Orleans, LA",2016158N22272,COLIN,2016,438.2,0,0,45,1,0,0,0,0.0171,70,,0,0.7324,1,0,0
"New Orleans, LA",2016242N24279,HERMINE,2016,498.2,0,1,63,1,0.0076,0,0,0.0129,70,,1.0818,0.8732,0.1408,0,0
"New Orleans, LA",2017171N24271,CINDY,2017,354.3,0,0,50,4,0.003,0,0,0.003,64,,2.7966,0.9385,0.0769,0,0
"New Orleans, LA",2017212N28275,EMILY,2017,484,-1,0,30,1,0,0,0,0.0163,70,,0,0.8169,1,0,0
"New Orleans, LA",2017228N14314,HARVEY,2017,283.3,0,4,45,4,0.005,0,0,0.0132,64,,1.1298,0.8769,0.1385,0,0
"New Orleans, LA",2017277N11279,NATE,2017,80.1,1,1,80,2,0,0,0,0.0145,68,,0,0.7681,1,0,0
"New Orleans, LA",2018146N19273,ALBERTO,2018,384,0,0,55,2,0.0044,0,0,0.007,68,,1.6744,0.913,0.1014,0,0
"New Orleans, LA",2018246N22283,GORDON,2018,141.5,0,0,60,3,0.01,0,0,0.009,66,,3.2132,0.9851,0.0299,0,1
"New Orleans, LA",2018280N18273,MICHAEL,2018,377.9,5,5,140,1,0,0,0,0.0151,70,,0,0.831,1,0,0
"New Orleans, LA",2019192N29274,BARRY,2019,193.6,1,1,65,6,0.0024,0.0015,0,0.005,60,1.6323,0.532,0.6066,0.4098,0,0
"New Orleans, LA",2019261N28264,IMELDA,2019,472.7,-1,0,30,2,0.009,0,0,0.0056,68,,4.2353,1,0.0145,0,1
"New Orleans, LA",2019291N22264,NESTOR,2019,320.3,0,0,50,2,0,0,0,0.0099,68,,0,0.8261,1,0,0
"New Orleans, LA",2019299N25265,OLGA,2019,57.1,-4,0,45,1,0,0,0,0.0087,70,,0,0.9155,1,0,0
"New Orleans, LA",2020154N19269,CRISTOBAL,2020,31,0,0,45,2,0,0.0078,0,0.0271,68,0,-0.8711,0.3043,1,0,0
"New Orleans, LA",2020188N28271,FAY,2020,287.9,-3,0,30,2,0.0271,0.0058,0,0.0288,68,4.631,1.8282,0.8841,0.1304,0,0
"New Orleans, LA",2020205N26272,HANNA,2020,422,0,1,50,2,0.0158,0.0101,0,0.0291,68,1.5567,0.4999,0.6812,0.3333,0,0
"New Orleans, LA",2020233N14313,LAURA,2020,318.3,4,4,130,2,0,0.0056,0,0.0333,68,0,-0.51,0.3623,1,0,0
"New Orleans, LA",2020234N14280,MARCO,2020,140.7,0,1,55,2,0,0.0058,0,0.0336,68,0,-0.5153,0.3478,1,0,0
"New Orleans, LA",2020256N25281,SALLY,2020,194.7,2,2,95,5,0,0.0098,0.0001,0.0302,62,0,-1.111,0.0794,1,0,0
"New Orleans, LA",2020261N21265,BETA,2020,220.7,0,0,55,7,0.0089,0.0096,0.0019,0.0238,58,0.928,-0.0994,0.4068,0.6102,0,0
"New Orleans, LA",2020279N16284,DELTA,2020,252.4,3,4,100,3,0,0.0089,0,0.0325,66,0,-0.8265,0.2537,1,0,0
"New Orleans, LA",2020299N18277,ZETA,2020,18.7,3,3,100,2,0,0.0041,0,0.0371,68,0,-0.2904,0.4928,1,0,0
"New Orleans, LA",2021169N23268,CLAUDETTE,2021,37.7,0,0,40,3,0,0,0,0.0284,66,,0,0.6567,1,0,0
"New Orleans, LA",2021222N14301,FRED,2021,443.6,0,0,55,2,0,0,0,0.0939,68,,0,0.5797,1,0,0
"New Orleans, LA",2021239N17281,IDA,2021,59.5,4,4,130,3,0.1673,0.0007,0,0.0212,66,225.054,15.5385,1,0.0149,0,1
"New Orleans, LA",2021252N28273,MINDY,2021,362.2,0,0,50,2,0.0939,0,0,0.0141,68,,16.0927,1,0.0145,0,1
"New Orleans, LA",2021256N21265,NICHOLAS,2021,165.6,0,1,35,4,0.0019,0,0,0.1131,64,,0.0456,0.7538,0.2615,0,0
"New Orleans, LA",2023152N26274,ARLENE,2023,411.1,0,0,35,2,0,0,0,0.0057,68,,0,0.8261,1,0,0
"New York, NY & NJ",2015126N27281,ANA,2015,175.3,-1,0,30,2,0.0238,0.0322,0.0148,0.0788,68,0.7392,-0.3964,0.2319,0.7826,0,0
"New York, NY & NJ",2016158N22272,COLIN,2016,459,-4,0,50,2,0.0093,0.0269,0.0183,0.0513,68,0.3464,-1.4345,0.029,0.9855,1,0
"New York, NY & NJ",2016240N31295,UNNAMED,2016,498.8,-1,-1,30,1,0.0199,0.0308,0.0123,0.0519,70,0.6483,-0.6683,0.2394,0.7746,0,0
"New York, NY & NJ",2016242N24279,HERMINE,2016,199.2,-4,1,55,4,0.0644,0.0323,0.0218,0.0446,64,1.9914,4.3648,1,0.0154,0,1
"New York, NY & NJ",2017171N24271,CINDY,2017,430.9,-3,0,25,1,0.0155,0.0219,0.008,0.0511,70,0.7107,-0.3415,0.2817,0.7324,0,0
"New York, NY & NJ",2017247N09327,JOSE,2017,396.5,0,4,60,7,0.0146,0.0224,0.017,0.0277,58,0.6505,-2.082,0.0169,1,1,0
"New York, NY & NJ",2017260N12310,MARIA,2017,483.3,1,5,65,1,0.0111,0.0206,0.007,0.0392,70,0.5371,-0.4894,0.1831,0.831,0,0
"New York, NY & NJ",2017277N11279,NATE,2017,325.7,-4,1,25,2,0.0207,0.021,0.0098,0.0435,68,0.9871,-0.0191,0.5072,0.5072,0,0
"New York, NY & NJ",2018242N13343,FLORENCE,2018,155.5,-4,4,25,1,0.0206,0.0262,0.0118,0.042,70,0.7869,-0.5552,0.338,0.6761,0,0
"New York, NY & NJ",2018280N18273,MICHAEL,2018,305.5,-4,5,60,1,0.0141,0.0242,0.0103,0.0422,70,0.585,-0.7409,0.1268,0.8873,0,0
"New York, NY & NJ",2019236N10314,DORIAN,2019,441.4,2,5,85,2,0.0184,0.0255,0.0134,0.0613,68,0.7207,-0.4971,0.2029,0.8116,0,0
"New York, NY & NJ",2019239N32287,ERIN,2019,494.6,-4,0,35,1,0.0345,0.0296,0.0121,0.0793,70,1.1661,0.2284,0.6197,0.3944,0,0
"New York, NY & NJ",2019282N35286,MELISSA,2019,458.4,-2,0,55,2,0.0137,0.0346,0.0148,0.0735,68,0.3945,-1.1278,0.0145,1,1,0
"New York, NY & NJ",2019291N22264,NESTOR,2019,358.5,-4,0,40,2,0.0366,0.0344,0.0146,0.0648,68,1.0665,0.1379,0.5797,0.4348,0,0
"New York, NY & NJ",2020138N28281,ARTHUR,2020,490.5,0,0,50,1,0.018,0.0136,0.0011,0.0447,70,1.3245,0.1985,0.6338,0.3803,0,0
"New York, NY & NJ",2020188N28271,FAY,2020,24.7,0,0,50,2,0.0117,0.0183,0.0056,0.074,68,0.6405,-0.098,0.2174,0.7971,0,0
"New York, NY & NJ",2020211N13306,ISAIAS,2020,92.2,0,1,60,2,0.0124,0.0214,0.0095,0.0372,68,0.5812,-1.0152,0.2174,0.7971,0,0
"New York, NY & NJ",2020228N37286,KYLE,2020,385.5,0,0,45,2,0.0275,0.0214,0.01,0.036,68,1.2843,0.0927,0.8551,0.1594,0,0
"New York, NY & NJ",2020299N18277,ZETA,2020,237.6,-4,3,45,2,0.0204,0.0208,0.007,0.0369,68,0.9818,-0.0406,0.4928,0.5217,0,0
"New York, NY & NJ",2021169N23268,CLAUDETTE,2021,373.3,0,0,40,2,0.0244,0.0151,0.0051,0.1892,68,1.6149,0.165,0.7536,0.2609,0,0
"New York, NY & NJ",2021182N09317,ELSA,2021,90.9,0,1,50,1,0.0083,0.0158,0,0.1429,70,0.5224,-0.0798,0.2535,0.7606,0,0
"New York, NY & NJ",2021222N14301,FRED,2021,208.4,-3,0,25,3,0.026,0.0202,0.0076,0.1481,66,1.287,0.1381,0.7015,0.3134,0,0
"New York, NY & NJ",2021227N36297,HENRI,2021,88.7,1,1,65,3,0.016,0.0209,0.0076,0.1488,66,0.7663,-0.1104,0.2985,0.7164,0,0
"New York, NY & NJ",2021239N17281,IDA,2021,57.8,-4,4,40,2,0.0163,0.0216,0.0088,0.2278,68,0.7552,-0.0758,0.3188,0.6957,0,0
"New York, NY & NJ",2021259N30286,ODETTE,2021,479.6,0,0,40,1,0.0084,0.0193,0.0012,0.1127,70,0.4354,-0.1424,0.2676,0.7465,0,0
"New York, NY & NJ",2021299N33284,WANDA,2021,340,-4,0,60,1,0.0075,0.021,0,0.1097,70,0.3557,-0.1783,0.2113,0.8028,0,0
"New York, NY & NJ",2023265N29284,OPHELIA,2023,316.4,-4,0,25,1,0.0068,0.0221,0.0054,0.0417,70,0.3088,-1.2572,0.0845,0.9296,0,0
"Northern Indiana District, IN",2015167N27266,BILL,2015,383.6,-3,0,20,1,0,0,0,0.1117,70,,0,0.8873,1,0,0
"Northern Indiana District, IN",2017171N24271,CINDY,2017,481.3,-3,0,25,2,0,0,0,0.0938,68,,0,0.6957,1,0,0
"Northern Indiana District, IN",2017228N14314,HARVEY,2017,419.8,-4,4,20,1,0,0,0,0.1866,70,,0,0.8732,1,0,0
"Northern Indiana District, IN",2017277N11279,NATE,2017,410.4,-3,1,23,1,0,0,0,0.0567,70,,0,0.9437,1,0,0
"Northern Indiana District, IN",2018146N19273,ALBERTO,2018,88.7,-1,0,30,2,0,0,0,0.0981,68,,0,0.8406,1,0,0
"Northern Indiana District, IN",2019299N25265,OLGA,2019,46.2,-4,0,35,2,0,0,0,0.0418,68,,0,0.9275,1,0,0
"Northern Indiana District, IN",2020154N19269,CRISTOBAL,2020,331.2,-1,0,35,2,0,0,0,0.1024,68,,0,0.7536,1,0,0
"Northern Indiana District, IN",2020233N14313,LAURA,2020,404.4,-1,4,25,2,0.033,0,0,0.1116,68,,0.8918,0.8551,0.1594,0,0
"Orange County Nav District, TX",2015167N27266,BILL,2015,303,0,0,50,3,0,0,0,0.0379,66,,0,0.8657,1,0,0
"Orange County Nav District, TX",2017171N24271,CINDY,2017,21.4,0,0,50,3,0,0,0,0.0388,66,,0,0.7015,1,0,0
"Orange County Nav District, TX",2017228N14314,HARVEY,2017,45.6,4,4,115,7,0,0.0078,0,0.0528,58,0,-0.4729,0.339,1,0,0
"Orange County Nav District, TX",2017277N11279,NATE,2017,452.7,1,1,75,1,0.2857,0,0,0,70,,27.3405,1,0.0141,0,1
"Orange County Nav District, TX",2018246N22283,GORDON,2018,424.2,0,0,45,2,0,0,0,0.0414,68,,0,0.8551,1,0,0
"Orange County Nav District, TX",2019192N29274,BARRY,2019,107,1,1,65,4,0,0,0,0.0235,64,,0,0.7846,1,0,0
"Orange County Nav District, TX",2019261N28264,IMELDA,2019,118.4,0,0,40,3,0,0,0,0.055,66,,0,0.7612,1,0,0
"Orange County Nav District, TX",2019299N25265,OLGA,2019,299.7,0,0,45,2,0,0,0,0.0928,68,,0,0.913,1,0,0
"Orange County Nav District, TX",2020154N19269,CRISTOBAL,2020,287.8,0,0,45,3,0,0,0,0.0168,66,,0,0.806,1,0,0
"Orange County Nav District, TX",2020205N26272,HANNA,2020,325.9,1,1,80,2,0,0,0,0.0149,68,,0,0.8986,1,0,0
"Orange County Nav District, TX",2020233N14313,LAURA,2020,63.2,4,4,130,3,0.0216,0,0,0.0091,66,,3.4934,0.9552,0.0597,0,0
"Orange County Nav District, TX",2020234N14280,MARCO,2020,191.8,0,1,35,1,0,0,0,0,70,,0,0.9577,1,0,0
"Orange County Nav District, TX",2020261N21265,BETA,2020,21.4,0,0,55,6,0,0,0,0.016,60,,0,0.6066,1,0,0
"Orange County Nav District, TX",2020279N16284,DELTA,2020,84.7,3,4,105,2,0.0325,0,0,0.0309,68,,2.6871,0.971,0.0435,0,1
"Orange County Nav District, TX",2020299N18277,ZETA,2020,334.6,3,3,100,2,0,0,0,0.0434,68,,0,0.8261,1,0,0
"Orange County Nav District, TX",2021169N23268,CLAUDETTE,2021,298,0,0,40,2,0,0,0,0.0312,68,,0,0.8841,1,0,0
"Orange County Nav District, TX",2021239N17281,IDA,2021,301.6,4,4,130,3,0,0,0,0.0102,66,,0,0.9104,1,0,0
"Orange County Nav District, TX",2021256N21265,NICHOLAS,2021,12.3,1,1,65,5,0,0,0,0.0182,62,,0,0.7619,1,0,0
"Orange County Nav District, TX",2023234N25271,HAROLD,2023,443.5,0,0,50,1,0,0,0,0,70,,0,0.9577,1,0,0
"Owensboro Riverport, KY",2015167N27266,BILL,2015,38.9,-3,0,20,2,0,0,0,0,68,,,1,1,0,0
"Owensboro Riverport, KY",2017171N24271,CINDY,2017,82.4,-1,0,30,2,0,0,0,0,68,,,1,1,0,0
"Owensboro Riverport, KY",2017228N14314,HARVEY,2017,145.1,-1,4,30,2,0,0,0,0,68,,,1,1,0,0
"Owensboro Riverport, KY",2017242N16333,IRMA,2017,273.4,-3,5,20,2,0,0,0,0,68,,,1,1,0,0
"Owensboro Riverport, KY",2017277N11279,NATE,2017,213.4,-1,1,25,2,0,0,0,0,68,,,1,1,0,0
"Owensboro Riverport, KY",2018146N19273,ALBERTO,2018,71.1,-1,0,30,3,0,0,0,0,66,,,1,1,0,0
"Owensboro Riverport, KY",2018242N13343,FLORENCE,2018,422.8,-1,4,25,1,0,0,0,0,70,,,1,1,0,0
"Owensboro Riverport, KY",2019299N25265,OLGA,2019,151.3,-4,0,43,2,0,0,0,0,68,,,1,1,0,0
"Owensboro Riverport, KY",2020154N19269,CRISTOBAL,2020,438.2,-1,0,30,1,0,0,0,0,70,,,1,1,0,0
"Owensboro Riverport, KY",2020233N14313,LAURA,2020,56.5,-1,4,25,2,0,0,0,0,68,,,1,1,0,0
"Owensboro Riverport, KY",2020261N21265,BETA,2020,410.3,-4,0,20,1,0,0,0,0,70,,,1,1,0,0
"Owensboro Riverport, KY",2020279N16284,DELTA,2020,304.2,-4,4,25,1,0,0,0,0,70,,,1,1,0,0
"Owensboro Riverport, KY",2020299N18277,ZETA,2020,416.2,0,3,53,1,0,0,0,0,70,,,1,1,0,0
"Owensboro Riverport, KY",2021222N14301,FRED,2021,374.9,-1,0,25,2,0,0,0,0,68,,,1,1,0,0
"Owensboro Riverport, KY",2021239N17281,IDA,2021,260.8,-1,4,25,2,0,0,0,0,68,,,1,1,0,0
"Owensboro Riverport, KY",2022311N21293,NICOLE,2022,395.3,-1,1,25,1,0,0,0,0,70,,,1,1,0,0
"Paducah-McCracken Riverport, KY",2015167N27266,BILL,2015,61.8,-3,0,20,2,0,0,0,0,68,,,1,1,0,0
"Paducah-McCracken Riverport, KY",2017171N24271,CINDY,2017,67,-1,0,30,2,0,0,0,0,68,,,1,1,0,0
"Paducah-McCracken Riverport, KY",2017228N14314,HARVEY,2017,185.5,-1,4,30,3,0,0,0,0,66,,,1,1,0,0
"Paducah-McCracken Riverport, KY",2017242N16333,IRMA,2017,114.7,-3,5,23,2,0,0,0,0,68,,,1,1,0,0
"Paducah-McCracken Riverport, KY",2017277N11279,NATE,2017,285,-1,1,30,2,0,0,0,0,68,,,1,1,0,0
"Paducah-McCracken Riverport, KY",2018146N19273,ALBERTO,2018,81.7,-1,0,30,2,0,0,0,0,68,,,1,1,0,0
"Paducah-McCracken Riverport, KY",2018246N22283,GORDON,2018,364.9,-1,0,20,2,0,0,0,0,68,,,1,1,0,0
"Paducah-McCracken Riverport, KY",2019192N29274,BARRY,2019,371.6,-3,1,20,2,0,0,0,0,68,,,1,1,0,0
"Paducah-McCracken Riverport, KY",2019299N25265,OLGA,2019,108.2,-4,0,43,2,0,0,0,0,68,,,1,1,0,0
"Paducah-McCracken Riverport, KY",2020154N19269,CRISTOBAL,2020,311.3,-1,0,30,1,0,0,0,0,70,,,1,1,0,0
"Paducah-McCracken Riverport, KY",2020233N14313,LAURA,2020,44.1,0,4,35,2,0,0,0,0,68,,,1,1,0,0
"Paducah-McCracken Riverport, KY",2020261N21265,BETA,2020,383.2,-4,0,23,2,0,0,0,0,68,,,1,1,0,0
"Paducah-McCracken Riverport, KY",2020279N16284,DELTA,2020,273.1,-4,4,25,2,0,0,0,0,68,,,1,1,0,0
"Paducah-McCracken Riverport, KY",2020299N18277,ZETA,2020,420.7,0,3,60,1,0,0,0,0,70,,,1,1,0,0
"Paducah-McCracken Riverport, KY",2021169N23268,CLAUDETTE,2021,483.3,-1,0,25,1,0,0,0,0,70,,,1,1,0,0
"Paducah-McCracken Riverport, KY",2021222N14301,FRED,2021,471.2,-1,0,25,2,0,0,0,0,68,,,1,1,0,0
"Paducah-McCracken Riverport, KY",2021239N17281,IDA,2021,260.9,-1,4,30,2,0,0,0,0,68,,,1,1,0,0
"Paducah-McCracken Riverport, KY",2022311N21293,NICOLE,2022,477.3,-3,1,25,1,0,0,0,0,70,,,1,1,0,0
"Panama City Port Authority, FL",2016158N22272,COLIN,2016,158.8,0,0,45,2,0,0,0,0.1939,68,,0,0.7971,1,0,0
"Panama City Port Authority, FL",2016242N24279,HERMINE,2016,143.6,1,1,70,2,0,0,0,0.1159,68,,0,0.7246,1,0,0
"Panama City Port Authority, FL",2016257N27280,JULIA,2016,378.4,0,0,45,2,0,0,0,0.0789,68,,0,0.6377,1,0,0
"Panama City Port Authority, FL",2016273N13300,MATTHEW,2016,473.9,3,5,103,2,0,0,0,0.1266,68,,0,0.6087,1,0,0
"Panama City Port Authority, FL",2017212N28275,EMILY,2017,205.6,0,0,50,2,0,0,0,0.0806,68,,0,0.7101,1,0,0
"Panama City Port Authority, FL",2017240N31279,UNNAMED,2017,475.5,-3,-3,35,2,0,0,0,0.0946,68,,0,0.7536,1,0,0
"Panama City Port Authority, FL",2017242N16333,IRMA,2017,209.9,1,5,73,2,0,0,0,0.079,68,,0,0.8116,1,0,0
"Panama City Port Authority, FL",2017277N11279,NATE,2017,294.2,1,1,80,2,0,0,0,0.1571,68,,0,0.8116,1,0,0
"Panama City Port Authority, FL",2018146N19273,ALBERTO,2018,35.9,0,0,55,3,0,0,0,0.0437,66,,0,0.9254,1,0,0
"Panama City Port Authority, FL",2018246N22283,GORDON,2018,212.4,0,0,60,2,0,0,0,0.1631,68,,0,0.8116,1,0,0
"Panama City Port Authority, FL",2018280N18273,MICHAEL,2018,22.8,5,5,140,3,0,0,0,0.0905,66,,0,0.7761,1,0,0
"Panama City Port Authority, FL",2019192N29274,BARRY,2019,210.7,0,1,48,3,0,0,0,0.0919,66,,0,0.8358,1,0,0
"Panama City Port Authority, FL",2019291N22264,NESTOR,2019,22.8,0,0,50,3,0,0,0,0.0468,66,,0,0.8806,1,0,0
"Panama City Port Authority, FL",2019299N25265,OLGA,2019,447,-4,0,45,1,0,0,0,0,70,,0,0.9577,1,0,0
"Panama City Port Authority, FL",2020154N19269,CRISTOBAL,2020,413.7,0,0,45,2,0,0,0,0.0572,68,,0,0.8261,1,0,0
"Panama City Port Authority, FL",2020188N28271,FAY,2020,43.7,-3,0,30,3,0,0,0,0.0873,66,,0,0.791,1,0,0
"Panama City Port Authority, FL",2020234N14280,MARCO,2020,334.3,0,1,55,2,0,0,0,0.0617,68,,0,0.8551,1,0,0
"Panama City Port Authority, FL",2020244N30279,OMAR,2020,473.9,-3,0,25,1,0,0,0,0.0298,70,,0,0.9437,1,0,0
"Panama City Port Authority, FL",2020256N25281,SALLY,2020,177.9,2,2,95,6,0,0,0,0,60,,,1,1,0,0
"Panama City Port Authority, FL",2020261N21265,BETA,2020,417.4,-4,0,23,2,0,0,0,0,68,,,1,1,0,0
"Panama City Port Authority, FL",2020299N18277,ZETA,2020,335.4,3,3,100,2,0,0,0,0,68,,,1,1,0,0
"Panama City Port Authority, FL",2020306N15288,ETA,2020,288,0,4,63,2,0,0,0,0,68,,,1,1,0,0
"Panama City Port Authority, FL",2021169N23268,CLAUDETTE,2021,316.5,0,0,38,2,0,0,0,0.1586,68,,0,0.8261,1,0,0
"Panama City Port Authority, FL",2021182N09317,ELSA,2021,208.6,1,1,65,2,0,0,0,0.1433,68,,0,0.7246,1,0,0
"Panama City Port Authority, FL",2021222N14301,FRED,2021,27.1,0,0,55,3,0,0.0126,0,0.1281,66,0,-0.1768,0.4776,1,0,0
"Panama City Port Authority, FL",2021239N17281,IDA,2021,418.5,4,4,130,3,0.057,0.0134,0,0.0743,66,4.2418,1.3767,0.9254,0.0896,0,0
"Panama City Port Authority, FL",2021252N28273,MINDY,2021,78.8,0,0,50,2,0,0,0,0.138,68,,0,0.5652,1,0,0
"Panama City Port Authority, FL",2022311N21293,NICOLE,2022,124.9,0,1,55,2,0,0,0,0.0537,68,,0,0.913,1,0,0
"Panama City Port Authority, FL",2023152N26274,ARLENE,2023,262.7,0,0,35,4,0,0,0,0.0777,64,,0,0.6308,1,0,0
"Panama City Port Authority, FL",2023239N21274,IDALIA,2023,194.8,4,4,115,2,0,0,0,0.0731,68,,0,0.8116,1,0,0
"Pemiscot County Port, MO",2015167N27266,BILL,2015,115.9,-3,0,20,3,0,0,0,0,66,,0,0.9552,1,0,0
"Pemiscot County Port, MO",2017171N24271,CINDY,2017,20.8,-1,0,30,1,0,0,0,0,70,,,1,1,0,0
"Pemiscot County Port, MO",2017228N14314,HARVEY,2017,204.5,-1,4,30,3,0,0,0,0,66,,0,0.9552,1,0,0
"Pemiscot County Port, MO",2017242N16333,IRMA,2017,25.6,-3,5,23,2,0,0,0,0,68,,,1,1,0,0
"Pemiscot County Port, MO",2017277N11279,NATE,2017,321.5,0,1,35,2,0,0,0,0.2711,68,,0,0.942,1,0,0
"Pemiscot County Port, MO",2018146N19273,ALBERTO,2018,177.1,-1,0,30,2,0,0,0,0,68,,,1,1,0,0
"Pemiscot County Port, MO",2018246N22283,GORDON,2018,240,-1,0,30,3,0,0,0,0,66,,,1,1,0,0
"Pemiscot County Port, MO",2019192N29274,BARRY,2019,298.6,-1,1,25,2,0,0,0,0,68,,,1,1,0,0
"Pemiscot County Port, MO",2019299N25265,OLGA,2019,43.6,-4,0,43,2,0,0,0,0,68,,0,0.971,1,0,0
"Pemiscot County Port, MO",2020154N19269,CRISTOBAL,2020,222,-1,0,30,2,0,0,0,0.4406,68,,0,0.9275,1,0,0
"Pemiscot County Port, MO",2020233N14313,LAURA,2020,89.7,0,4,55,3,0,0,0,0,66,,0,0.9552,1,0,0
"Pemiscot County Port, MO",2020261N21265,BETA,2020,351,-4,0,25,2,0,0,0,0,68,,,1,1,0,0
"Pemiscot County Port, MO",2020279N16284,DELTA,2020,228.4,0,4,35,2,0,0,0,0,68,,,1,1,0,0
"Pemiscot County Port, MO",2020299N18277,ZETA,2020,431.7,0,3,60,1,0,0,0,0,70,,,1,1,0,0
"Pemiscot County Port, MO",2021169N23268,CLAUDETTE,2021,447.2,-1,0,28,2,0,0,0,0,68,,,1,1,0,0
"Pemiscot County Port, MO",2021239N17281,IDA,2021,237.5,0,4,38,3,0,0,0,0,66,,0,0.9552,1,0,0
"Philadelphia Regional Port, PA",2015126N27281,ANA,2015,164.9,-1,0,30,2,0,0.0088,0,0.0688,68,0,-0.4215,0.2174,1,0,0
"Philadelphia Regional Port, PA",2016148N27288,BONNIE,2016,496,-1,0,33,1,0.0134,0,0,0.0258,70,,1.2059,0.8028,0.2113,0,0
"Philadelphia Regional Port, PA",2016158N22272,COLIN,2016,431.1,-4,0,50,2,0,0.005,0,0.0205,68,0,-0.6954,0.4203,1,0,0
"Philadelphia Regional Port, PA",2016240N31295,UNNAMED,2016,490.2,-1,-1,30,2,0.0044,0,0,0.0207,68,,0.5689,0.6522,0.3623,0,0
"Philadelphia Regional Port, PA",2016242N24279,HERMINE,2016,234.8,-4,1,60,6,0.0254,0.0032,0,0.017,60,8.067,3.9421,1,0.0164,0,1
"Philadelphia Regional Port, PA",2017171N24271,CINDY,2017,324.9,-3,0,25,1,0,0,0,0.0345,70,,0,0.6901,1,0,0
"Philadelphia Regional Port, PA",2017247N09327,JOSE,2017,423.1,0,4,60,5,0,0.003,0,0.0128,62,0,-0.685,0.381,1,0,0
"Philadelphia Regional Port, PA",2017260N12310,MARIA,2017,454.7,1,5,65,2,0,0,0,0.0138,68,,0,0.7391,1,0,0
"Philadelphia Regional Port, PA",2017277N11279,NATE,2017,356.4,-4,1,25,1,0,0,0,0.0148,70,,0,0.8169,1,0,0
"Philadelphia Regional Port, PA",2018242N13343,FLORENCE,2018,205.5,-4,4,25,1,0,0,0,0.038,70,,0,0.6761,1,0,0
"Philadelphia Regional Port, PA",2018280N18273,MICHAEL,2018,282.8,-4,5,60,1,0,0,0,0.0371,70,,0,0.6479,1,0,0
"Philadelphia Regional Port, PA",2019236N10314,DORIAN,2019,421.8,2,5,85,2,0.0348,0.0123,0,0.0482,68,2.8203,1.4008,0.8986,0.1159,0,0
"Philadelphia Regional Port, PA",2019282N35286,MELISSA,2019,494.5,-4,0,43,1,0,0.0097,0,0.0902,70,0,-0.3042,0.493,1,0,0
"Philadelphia Regional Port, PA",2019291N22264,NESTOR,2019,286.2,-4,0,40,2,0,0.0126,0,0.0651,68,0,-0.5233,0.2899,1,0,0
"Philadelphia Regional Port, PA",2020138N28281,ARTHUR,2020,458.9,0,0,50,2,0.0172,0,0,0.0411,68,,1.0696,0.7971,0.2174,0,0
"Philadelphia Regional Port, PA",2020148N32281,BERTHA,2020,476.1,-4,0,20,1,0,0,0,0.0403,70,,0,0.7465,1,0,0
"Philadelphia Regional Port, PA",2020188N28271,FAY,2020,63.3,0,0,50,3,0.0056,0.0076,0,0.051,66,0.734,-0.035,0.4179,0.597,0,0
"Philadelphia Regional Port, PA",2020211N13306,ISAIAS,2020,95.7,0,1,60,2,0,0.0062,0,0.0342,68,0,-0.5336,0.4783,1,0,0
"Philadelphia Regional Port, PA",2020228N37286,KYLE,2020,360.8,0,0,43,2,0.0136,0.0062,0,0.0371,68,2.1887,0.1086,0.7681,0.2464,0,0
"Philadelphia Regional Port, PA",2020299N18277,ZETA,2020,149.2,-4,3,45,2,0,0.0048,0,0.0293,68,0,-0.3956,0.4928,1,0,0
"Philadelphia Regional Port, PA",2021169N23268,CLAUDETTE,2021,362.6,0,0,40,2,0.0251,0.0053,0,0.1978,68,4.6984,0.3405,0.7971,0.2174,0,0
"Philadelphia Regional Port, PA",2021182N09317,ELSA,2021,94,0,1,50,1,0,0,0,0.1337,70,,0,0.5352,1,0,0
"Philadelphia Regional Port, PA",2021222N14301,FRED,2021,250.4,-3,0,25,3,0.0037,0.0037,0,0.1548,66,1.0025,0.0002,0.5075,0.5075,0,0
"Philadelphia Regional Port, PA",2021227N36297,HENRI,2021,179.5,1,1,65,3,0.0049,0.0041,0,0.1548,66,1.1873,0.0166,0.597,0.4179,0,0
"Philadelphia Regional Port, PA",2021239N17281,IDA,2021,56.7,-4,4,40,2,0.0125,0,0,0.23,68,,0.1762,0.7101,0.3043,0,0
"Philadelphia Regional Port, PA",2021259N30286,ODETTE,2021,478.3,0,0,40,2,0,0.0016,0,0.1406,68,0,-0.0319,0.5072,1,0,0
"Philadelphia Regional Port, PA",2021299N33284,WANDA,2021,419.1,-4,0,60,1,0,0,0,0.0854,70,,0,0.8873,1,0,0
"Philadelphia Regional Port, PA",2023265N29284,OPHELIA,2023,205.7,0,0,40,2,0,0,0,0.0266,68,,0,0.6957,1,0,0
"Pittsburgh, PA Port of",2015126N27281,ANA,2015,482.9,-1,0,30,2,0,0,0,0,68,,,1,1,0,0
"Pittsburgh, PA Port of",2015167N27266,BILL,2015,215.9,-3,0,15,2,0,0,0,0,68,,,1,1,0,0
"Pittsburgh, PA Port of",2017171N24271,CINDY,2017,211.4,-3,0,25,1,0,0,0,0,70,,,1,1,0,0
"Pittsburgh, PA Port of",2017228N14314,HARVEY,2017,488.4,-4,4,15,1,0,0,0,0,70,,,1,1,0,0
"Pittsburgh, PA Port of",2017277N11279,NATE,2017,124.6,-4,1,25,1,0,0,0,0,70,,,1,1,0,0
"Pittsburgh, PA Port of",2018242N13343,FLORENCE,2018,89.7,-1,4,25,2,0,0,0,0,68,,,1,1,0,0
"Pittsburgh, PA Port of",2018280N18273,MICHAEL,2018,481.7,0,5,50,2,0,0,0,0,68,,,1,1,0,0
"Pittsburgh, PA Port of",2019291N22264,NESTOR,2019,474.8,-4,0,40,1,0,0,0,0,70,,,1,1,0,0
"Pittsburgh, PA Port of",2020148N32281,BERTHA,2020,91.4,-4,0,20,1,0,0,0,0,70,,,1,1,0,0
"Pittsburgh, PA Port of",2020188N28271,FAY,2020,469.7,0,0,50,2,0,0,0,0,68,,,1,1,0,0
"Pittsburgh, PA Port of",2020211N13306,ISAIAS,2020,354.4,0,1,60,1,0,0,0,0,70,,,1,1,0,0
"Pittsburgh, PA Port of",2020233N14313,LAURA,2020,489.9,-3,4,20,1,0,0,0,0,70,,,1,1,0,0
"Pittsburgh, PA Port of",2020299N18277,ZETA,2020,331.5,0,3,45,1,0,0,0,0,70,,,1,1,0,0
"Pittsburgh, PA Port of",2021182N09317,ELSA,2021,432.6,0,1,50,1,0,0,0,0,70,,,1,1,0,0
"Pittsburgh, PA Port of",2021222N14301,FRED,2021,16.5,-3,0,23,2,0,0,0,0,68,,,1,1,0,0
"Pittsburgh, PA Port of",2021227N36297,HENRI,2021,473.5,-1,1,25,1,0,0,0,0,70,,,1,1,0,0
"Pittsburgh, PA Port of",2021239N17281,IDA,2021,202.2,-1,4,38,2,0,0,0,0,68,,,1,1,0,0
"Pittsburgh, PA Port of",2023265N29284,OPHELIA,2023,308.4,0,0,35,2,0,0,0,0,68,,,1,1,0,0
"Plaquemines Port District, LA",2016158N22272,COLIN,2016,349.9,0,0,45,1,0.0135,0.0389,0.0098,0.0792,70,0.3484,-1.0263,0.0845,0.9296,0,0
"Plaquemines Port District, LA",2016242N24279,HERMINE,2016,413.9,1,1,70,3,0.0282,0.0379,0.0201,0.0563,66,0.744,-0.8504,0.2388,0.7761,0,0
"Plaquemines Port District, LA",2017171N24271,CINDY,2017,347,0,0,50,3,0.0181,0.0437,0.0242,0.0572,66,0.4132,-2.1758,0.0149,1,1,0
"Plaquemines Port District, LA",2017212N28275,EMILY,2017,412.1,-1,0,33,1,0.046,0.044,0,0.0885,70,1.0449,0.0709,0.5634,0.4507,0,0
"Plaquemines Port District, LA",2017228N14314,HARVEY,2017,367.4,0,4,45,3,0.0275,0.0362,0.0125,0.064,66,0.7595,-0.5184,0.3433,0.6716,0,0
"Plaquemines Port District, LA",2017277N11279,NATE,2017,41.6,1,1,80,2,0.0045,0.0348,0.0144,0.0786,68,0.1281,-1.5483,0.0145,1,1,0
"Plaquemines Port District, LA",2018146N19273,ALBERTO,2018,344.5,0,0,55,3,0.0211,0.041,0.0194,0.0618,66,0.5138,-1.5801,0.1194,0.8955,0,0
"Plaquemines Port District, LA",2018246N22283,GORDON,2018,147.6,0,0,60,3,0.0219,0.0423,0.0275,0.0649,66,0.518,-1.8052,0.0299,0.9851,1,0
"Plaquemines Port District, LA",2018280N18273,MICHAEL,2018,310.2,5,5,140,2,0.006,0.04,0.0188,0.0709,68,0.1504,-1.2517,0.0145,1,1,0
"Plaquemines Port District, LA",2019192N29274,BARRY,2019,158.7,1,1,65,5,0.0184,0.0389,0.0257,0.0544,62,0.4724,-2.2452,0.0159,1,1,0
"Plaquemines Port District, LA",2019291N22264,NESTOR,2019,235.8,0,0,50,2,0.032,0.0453,0.0234,0.0734,68,0.707,-0.8455,0.1739,0.8406,0,0
"Plaquemines Port District, LA",2019299N25265,OLGA,2019,128,0,0,45,2,0.0325,0.0426,0.0217,0.0729,68,0.7638,-0.6382,0.1884,0.8261,0,0
"Plaquemines Port District, LA",2020154N19269,CRISTOBAL,2020,32.1,0,0,45,3,0.0221,0.0806,0.0341,0.1228,66,0.2737,-2.1869,0.0149,1,1,0
"Plaquemines Port District, LA",2020188N28271,FAY,2020,198.5,-3,0,30,2,0.0804,0.0752,0.0271,0.1446,68,1.069,0.1416,0.5797,0.4348,0,0
"Plaquemines Port District, LA",2020205N26272,HANNA,2020,384,0,1,50,2,0.0329,0.0794,0.0204,0.1274,68,0.414,-1.3873,0.1449,0.8696,0,0
"Plaquemines Port District, LA",2020233N14313,LAURA,2020,356,4,4,130,2,0.0173,0.0631,0.0132,0.1259,68,0.2744,-1.2882,0.0725,0.942,0,0
"Plaquemines Port District, LA",2020234N14280,MARCO,2020,56.4,1,1,65,3,0.0165,0.0711,0.0283,0.1271,66,0.2313,-1.6853,0.0597,0.9552,0,0
"Plaquemines Port District, LA",2020256N25281,SALLY,2020,134.3,2,2,95,5,0.0296,0.0665,0.023,0.0956,62,0.4455,-1.554,0.1111,0.9048,0,0
"Plaquemines Port District, LA",2020261N21265,BETA,2020,307.8,0,0,55,6,0.0407,0.0635,0.0235,0.0902,60,0.6407,-1.1013,0.1803,0.8361,0,0
"Plaquemines Port District, LA",2020279N16284,DELTA,2020,330.4,3,4,100,2,0.0326,0.0488,0.0097,0.1059,68,0.6691,-0.5331,0.3333,0.6812,0,0
"Plaquemines Port District, LA",2020299N18277,ZETA,2020,99.6,3,3,100,2,0.0201,0.0476,0.0078,0.1055,68,0.4226,-0.8708,0.1739,0.8406,0,0
"Plaquemines Port District, LA",2021169N23268,CLAUDETTE,2021,119.3,0,0,40,3,0.0251,0.0441,0.0251,0.0748,66,0.5682,-1.1742,0.0746,0.9403,0,0
"Plaquemines Port District, LA",2021222N14301,FRED,2021,375.4,0,0,55,3,0.0256,0.0407,0.0075,0.1283,66,0.6291,-0.2843,0.3284,0.6866,0,0
"Plaquemines Port District, LA",2021239N17281,IDA,2021,67.2,4,4,130,4,0.181,0.0249,0.0081,0.0631,64,7.2614,8.6266,1,0.0154,0,1
"Plaquemines Port District, LA",2021252N28273,MINDY,2021,283,0,0,50,2,0.0996,0.0269,0.0047,0.0555,68,3.703,4.0795,1,0.0145,0,1
"Plaquemines Port District, LA",2021256N21265,NICHOLAS,2021,205.2,-1,1,30,3,0.0031,0.029,0.0054,0.1283,66,0.1058,-0.4891,0.0597,0.9552,0,0
"Plaquemines Port District, LA",2023152N26274,ARLENE,2023,328.9,0,0,35,3,0.0367,0.0421,0.0205,0.0665,66,0.8706,-0.3549,0.3881,0.6269,0,0
"Plaquemines Port District, LA",2023239N21274,IDALIA,2023,499.9,3,4,105,1,0.0131,0.0307,0.0048,0.0878,70,0.4272,-0.5591,0.2113,0.8028,0,0
"Port Arthur, TX",2015167N27266,BILL,2015,283.8,0,0,50,2,0,0,0,0.0179,68,,0,0.913,1,0,0
"Port Arthur, TX",2017171N24271,CINDY,2017,24.9,0,0,50,3,0,0,0,0.0147,66,,0,0.7015,1,0,0
"Port Arthur, TX",2017228N14314,HARVEY,2017,41.7,4,4,115,7,0,0.0013,0,0.0055,58,0,-0.4757,0.4407,1,0,0
"Port Arthur, TX",2017277N11279,NATE,2017,456.1,1,1,78,2,0.0178,0,0,0.0108,68,,2.9441,0.9565,0.058,0,0
"Port Arthur, TX",2018246N22283,GORDON,2018,443.4,0,0,45,2,0,0,0,0.0153,68,,0,0.942,1,0,0
"Port Arthur, TX",2019192N29274,BARRY,2019,122.4,1,1,65,4,0,0.0027,0,0.0211,64,0,-0.4404,0.4923,1,0,0
"Port Arthur, TX",2019261N28264,IMELDA,2019,128.9,0,0,40,3,0,0,0,0.0184,66,,0,0.6269,1,0,0
"Port Arthur, TX",2019299N25265,OLGA,2019,291.6,0,0,45,2,0,0,0,0,68,,0,0.971,1,0,0
"Port Arthur, TX",2020154N19269,CRISTOBAL,2020,302.5,0,0,45,2,0,0,0,0.0072,68,,0,0.8841,1,0,0
"Port Arthur, TX",2020205N26272,HANNA,2020,300.4,1,1,80,2,0,0,0,0.0353,68,,0,0.8116,1,0,0
"Port Arthur, TX",2020233N14313,LAURA,2020,61.9,4,4,130,2,0.0467,0,0,0.015,68,,5.3822,0.971,0.0435,0,1
"Port Arthur, TX",2020234N14280,MARCO,2020,181.1,0,1,38,2,0,0,0,0.015,68,,0,0.8841,1,0,0
"Port Arthur, TX",2020261N21265,BETA,2020,42.4,0,0,55,6,0.0047,0.0035,0,0.0156,60,1.3339,0.1823,0.541,0.4754,0,0
"Port Arthur, TX",2020279N16284,DELTA,2020,81,3,4,105,2,0.0106,0,0,0.0284,68,,1.0219,0.8261,0.1884,0,0
"Port Arthur, TX",2020299N18277,ZETA,2020,331.5,3,3,100,2,0,0,0,0.0227,68,,0,0.7536,1,0,0
"Port Arthur, TX",2021169N23268,CLAUDETTE,2021,294,0,0,40,2,0,0,0,0.0062,68,,0,0.913,1,0,0
"Port Arthur, TX",2021239N17281,IDA,2021,310.8,4,4,130,2,0,0,0,0.0045,68,,0,0.9275,1,0,0
"Port Arthur, TX",2021256N21265,NICHOLAS,2021,27.7,1,1,65,5,0,0,0,0.0073,62,,0,0.8571,1,0,0
"Port Arthur, TX",2023234N25271,HAROLD,2023,420.6,0,0,50,1,0,0,0,0.0307,70,,0,0.9014,1,0,0
"Port Everglades, FL",2015126N27281,ANA,2015,144.3,-3,0,25,1,0.0149,0.0196,0,0.0475,70,0.7613,-0.2821,0.3239,0.6901,0,0
"Port Everglades, FL",2015313N22289,KATE,2015,425.2,0,1,55,2,0.0018,0.0119,0,0.0956,68,0.1527,-0.1177,0.2174,0.7971,0,0
"Port Everglades, FL",2016148N27288,BONNIE,2016,491,0,0,35,1,0.0139,0.0192,0,0.041,70,0.7238,-0.3847,0.3662,0.6479,0,0
"Port Everglades, FL",2016242N24279,HERMINE,2016,278.3,-1,1,30,2,0.0186,0.0209,0.0037,0.0424,68,0.89,-0.1641,0.4348,0.5797,0,0
"Port Everglades, FL",2016257N27280,JULIA,2016,130.2,0,0,45,2,0.0304,0.0172,0.0036,0.0325,68,1.7633,1.3034,0.8696,0.1449,0,0
"Port Everglades, FL",2016273N13300,MATTHEW,2016,156.8,4,5,120,2,0.0026,0.0221,0.0062,0.0439,68,0.1198,-1.2594,0.0145,1,1,0
"Port Everglades, FL",2017212N28275,EMILY,2017,164.6,0,0,50,2,0,0.0113,0,0.032,68,0,-1.149,0.1449,1,0,0
"Port Everglades, FL",2017242N16333,IRMA,2017,124.3,4,5,130,3,0,0.0144,0.0052,0.035,66,0,-1.5301,0.0149,1,1,0
"Port Everglades, FL",2017301N18276,PHILIPPE,2017,391.2,0,0,35,2,0.0132,0.008,0.0012,0.0195,68,1.6362,0.883,0.7536,0.2609,0,0
"Port Everglades, FL",2018146N19273,ALBERTO,2018,386.2,-2,0,45,1,0.0113,0.0134,0,0.0325,70,0.8465,-0.2074,0.3662,0.6479,0,0
"Port Everglades, FL",2018246N22283,GORDON,2018,112,0,0,55,3,0.0207,0.0137,0.0067,0.029,66,1.5091,0.9908,0.7761,0.2388,0,0
"Port Everglades, FL",2019204N25283,UNNAMED,2019,95.5,-1,-1,30,2,0.0296,0.0134,0,0.0294,68,2.2131,1.6309,0.942,0.0725,0,0
"Port Everglades, FL",2019236N10314,DORIAN,2019,211.6,5,5,160,4,0.0012,0.0159,0.0067,0.0247,64,0.0772,-2.3694,0.0154,1,1,0
"Port Everglades, FL",2019256N23286,HUMBERTO,2019,339.8,1,3,70,3,0.0146,0.0139,0.0046,0.0246,66,1.0555,0.1181,0.5522,0.4627,0,0
"Port Everglades, FL",2020138N28281,ARTHUR,2020,269.2,0,0,35,2,0.017,0.0074,0.0014,0.0197,68,2.2977,1.6202,0.8986,0.1159,0,0
"Port Everglades, FL",2020211N13306,ISAIAS,2020,105.5,1,1,75,3,0,0.0088,0.0013,0.0196,66,0,-1.6722,0.0299,1,1,0
"Port Everglades, FL",2020244N30279,OMAR,2020,450.8,-3,0,28,2,0.0076,0.0085,0,0.0265,68,0.9027,-0.0891,0.4493,0.5652,0,0
"Port Everglades, FL",2020256N25281,SALLY,2020,66.5,0,2,50,3,0.0012,0.0103,0,0.0241,66,0.1199,-1.2918,0.1343,0.8806,0,0
"Port Everglades, FL",2020306N15288,ETA,2020,141.4,1,4,65,5,0.0011,0.0122,0.0042,0.018,62,0.0893,-2.563,0.0159,1,1,0
"Port Everglades, FL",2021182N09317,ELSA,2021,254.7,1,1,65,3,0.0146,0.0175,0.0066,0.0356,66,0.8349,-0.3185,0.3881,0.6269,0,0
"Port Everglades, FL",2021222N14301,FRED,2021,393.2,0,0,40,3,0.0096,0.0121,0.0026,0.0251,66,0.7926,-0.2507,0.3731,0.6418,0,0
"Port Everglades, FL",2022154N21273,ALEX,2022,95.9,0,0,45,2,0.0057,0.0149,0.004,0.1565,68,0.3818,-0.1877,0.1159,0.8986,0,0
"Port Everglades, FL",2022266N12294,IAN,2022,169.7,5,5,140,4,0.0078,0.0114,0.0053,0.0224,64,0.6824,-0.435,0.1692,0.8462,0,0
"Port Everglades, FL",2022311N21293,NICOLE,2022,143.3,1,1,65,2,0.0144,0.0108,0.0028,0.0207,68,1.3334,0.5955,0.7536,0.2609,0,0
"Port Everglades, FL",2023152N26274,ARLENE,2023,408.1,-3,0,25,2,0.0068,0.0091,0.0018,0.0199,68,0.7467,-0.3861,0.3188,0.6957,0,0
"Port Everglades, FL",2023239N21274,IDALIA,2023,430.3,4,4,115,2,0.0187,0.0093,0.0003,0.024,68,2.0181,0.6236,0.8406,0.1739,0,0
"Port Freeport, TX",2015167N27266,BILL,2015,135.6,0,0,50,2,0.509,0.1765,0,0.484,68,2.8841,1.9693,0.971,0.0435,0,1
"Port Freeport, TX",2017171N24271,CINDY,2017,186.2,0,0,50,3,0,0.0033,0,0.046,66,0,-0.1675,0.5075,1,0,0
"Port Freeport, TX",2017228N14314,HARVEY,2017,90.9,4,4,115,7,0.1733,0.0249,0.0093,0.0618,58,6.9731,8.9076,1,0.0169,0,1
"Port Freeport, TX",2019192N29274,BARRY,2019,295.7,1,1,65,4,0.0072,0.0208,0,0.0628,64,0.3444,-0.7453,0.1692,0.8462,0,0
"Port Freeport, TX",2019261N28264,IMELDA,2019,17.8,0,0,40,3,0,0.0162,0,0.044,66,0,-1.0626,0.2985,1,0,0
"Port Freeport, TX",2019299N25265,OLGA,2019,377.9,0,0,45,2,0,0.0113,0,0.0389,68,0,-0.8069,0.3913,1,0,0
"Port Freeport, TX",2020154N19269,CRISTOBAL,2020,475.8,0,0,35,1,0.1283,0,0,0.0789,70,,4.0029,0.9859,0.0282,0,1
"Port Freeport, TX",2020205N26272,HANNA,2020,226.7,1,1,80,3,0,0.0128,0,0.0539,66,0,-0.6567,0.2388,1,0,0
"Port Freeport, TX",2020233N14313,LAURA,2020,223.1,4,4,130,2,0,0.0097,0,0.0661,68,0,-0.4353,0.4638,1,0,0
"Port Freeport, TX",2020234N14280,MARCO,2020,310.5,-3,1,25,1,0,0,0,0.0821,70,,0,0.6479,1,0,0
"Port Freeport, TX",2020261N21265,BETA,2020,12.3,0,0,55,6,0,0.0082,0,0.0232,60,0,-1.0494,0.2131,1,0,0
"Port Freeport, TX",2020279N16284,DELTA,2020,190.8,3,4,105,2,0,0,0,0.037,68,,0,0.5942,1,0,0
"Port Freeport, TX",2020299N18277,ZETA,2020,447.5,3,3,100,1,0,0,0,0.082,70,,0,0.6761,1,0,0
"Port Freeport, TX",2021169N23268,CLAUDETTE,2021,426.6,0,0,40,2,0,0,0,0.0297,68,,0,0.5652,1,0,0
"Port Freeport, TX",2021239N17281,IDA,2021,476.4,4,4,125,2,0.0093,0.0112,0,0.0533,68,0.829,-0.1083,0.4928,0.5217,0,0
"Port Freeport, TX",2021256N21265,NICHOLAS,2021,12.3,1,1,65,5,0.0065,0.0155,0.0001,0.0349,62,0.4195,-0.8081,0.1905,0.8254,0,0
"Port Freeport, TX",2023234N25271,HAROLD,2023,274.5,0,0,50,2,0.0083,0.0157,0,0.0439,68,0.529,-0.4416,0.2754,0.7391,0,0
"Port Jefferson, NY",2015126N27281,ANA,2015,141.4,-1,0,30,2,0,0.0502,0,0.3458,68,0,-0.4466,0.3623,1,0,0
"Port Jefferson, NY",2016158N22272,COLIN,2016,423,-4,0,50,2,0.0373,0.0433,0,0.211,68,0.8619,-0.0876,0.4348,0.5797,0,0
"Port Jefferson, NY",2016240N31295,UNNAMED,2016,491,-1,-1,30,1,0,0,0,0.267,70,,0,0.6056,1,0,0
"Port Jefferson, NY",2016242N24279,HERMINE,2016,176,-4,1,60,5,0.0867,0.0625,0,0.1673,62,1.3866,0.4591,0.619,0.3968,0,0
"Port Jefferson, NY",2017247N09327,JOSE,2017,338.1,0,4,60,7,0.0753,0.034,0.0152,0.141,58,2.2167,1.0607,0.8644,0.1525,0,0
"Port Jefferson, NY",2017260N12310,MARIA,2017,487,1,5,65,1,0,0,0,0.2208,70,,0,0.5634,1,0,0
"Port Jefferson, NY",2017277N11279,NATE,2017,317.7,-4,1,25,2,0,0.0583,0,0.2477,68,0,-0.6196,0.2174,1,0,0
"Port Jefferson, NY",2018242N13343,FLORENCE,2018,138.7,-4,4,25,1,0,0,0,0.1533,70,,0,0.6761,1,0,0
"Port Jefferson, NY",2018280N18273,MICHAEL,2018,296.5,-4,5,60,1,0,0,0,0.175,70,,0,0.5775,1,0,0
"Port Jefferson, NY",2019236N10314,DORIAN,2019,414.3,2,5,85,2,0,0,0,0.049,68,,0,0.6377,1,0,0
"Port Jefferson, NY",2019239N32287,ERIN,2019,460.2,-4,0,35,1,0.0789,0,0,0.0935,70,,2.1819,0.8592,0.1549,0,0
"Port Jefferson, NY",2019282N35286,MELISSA,2019,410.5,-2,0,55,4,0,0.0185,0,0.0681,64,0,-0.8768,0.2769,1,0,0
"Port Jefferson, NY",2019291N22264,NESTOR,2019,403.7,-4,0,40,2,0.0398,0,0,0.0492,68,,1.6681,0.7971,0.2174,0,0
"Port Jefferson, NY",2020138N28281,ARTHUR,2020,485.5,0,0,53,1,0,0,0,0,70,,0,0.9577,1,0,0
"Port Jefferson, NY",2020188N28271,FAY,2020,103.1,0,0,50,2,0,0,0,0.0957,68,,0,0.7826,1,0,0
"Port Jefferson, NY",2020211N13306,ISAIAS,2020,168.8,0,1,60,2,0,0,0,0.0624,68,,0,0.8261,1,0,0
"Port Jefferson, NY",2020228N37286,KYLE,2020,375.2,0,0,45,2,0.0612,0,0,0.0716,68,,0.7695,0.8986,0.1159,0,0
"Port Jefferson, NY",2020299N18277,ZETA,2020,201.1,-4,3,45,2,0,0,0,0.0158,68,,0,0.942,1,0,0
"Port Jefferson, NY",2021169N23268,CLAUDETTE,2021,350.9,0,0,40,2,0.0353,0.0316,0,0.236,68,1.1174,0.0484,0.5362,0.4783,0,0
"Port Jefferson, NY",2021182N09317,ELSA,2021,67,0,1,50,1,0,0,0,0.2791,70,,0,0.6056,1,0,0
"Port Jefferson, NY",2021222N14301,FRED,2021,194.7,-3,0,25,3,0.0158,0.0263,0,0.1902,66,0.5995,-0.1776,0.3134,0.7015,0,0
"Port Jefferson, NY",2021227N36297,HENRI,2021,51.6,1,1,65,3,0.0218,0.025,0,0.2034,66,0.8716,-0.0508,0.4627,0.5522,0,0
"Port Jefferson, NY",2021239N17281,IDA,2021,47.3,-4,4,40,2,0.0442,0.0334,0,0.29,68,1.3242,0.1178,0.6812,0.3333,0,0
"Port Jefferson, NY",2021259N30286,ODETTE,2021,454,0,0,40,1,0,0,0,0.1817,70,,0,0.6056,1,0,0
"Port Jefferson, NY",2021299N33284,WANDA,2021,260.6,-4,0,60,2,0.0358,0.0348,0,0.2533,68,1.0294,0.0132,0.5652,0.4493,0,0
"Port Jefferson, NY",2023265N29284,OPHELIA,2023,397.4,-4,0,20,1,0.1092,0,0,0.1538,70,,1.9114,0.8169,0.1972,0,0
"Port of Brunswick, GA",2015126N27281,ANA,2015,355.4,0,0,50,6,0.0371,0,0,0.0621,60,,1.8809,0.8525,0.1639,0,0
"Port of Brunswick, GA",2016148N27288,BONNIE,2016,199.3,0,0,40,5,0.0055,0.0268,0,0.1036,62,0.204,-0.5614,0.4127,0.6032,0,0
"Port of Brunswick, GA",2016158N22272,COLIN,2016,76.6,0,0,45,2,0,0,0,0.0948,68,,0,0.7391,1,0,0
"Port of Brunswick, GA",2016242N24279,HERMINE,2016,96.7,1,1,70,3,0,0,0,0.0656,66,,0,0.7463,1,0,0
"Port of Brunswick, GA",2016257N27280,JULIA,2016,17,0,0,45,7,0,0.0125,0,0.0485,58,0,-0.7208,0.4068,1,0,0
"Port of Brunswick, GA",2016273N13300,MATTHEW,2016,84.8,4,5,113,3,0,0,0,0.081,66,,0,0.6119,1,0,0
"Port of Brunswick, GA",2017212N28275,EMILY,2017,320.3,0,0,50,4,0,0,0,0.0637,64,,0,0.5385,1,0,0
"Port of Brunswick, GA",2017240N31279,UNNAMED,2017,90.2,-3,-3,35,3,0.0238,0,0,0.0385,66,,1.2342,0.7313,0.2836,0,0
"Port of Brunswick, GA",2017242N16333,IRMA,2017,180.5,1,5,80,2,0,0,0,0.0578,68,,0,0.7536,1,0,0
"Port of Brunswick, GA",2018146N19273,ALBERTO,2018,440.2,0,0,50,2,0,0,0,0.0608,68,,0,0.8261,1,0,0
"Port of Brunswick, GA",2018242N13343,FLORENCE,2018,272.7,1,4,80,4,0,0,0,0.0361,64,,0,0.6769,1,0,0
"Port of Brunswick, GA",2018280N18273,MICHAEL,2018,244.6,5,5,140,2,0.066,0,0,0.038,68,,3.5643,0.971,0.0435,0,1
"Port of Brunswick, GA",2019204N25283,UNNAMED,2019,317.6,-1,-1,30,1,0,0,0,0.1484,70,,0,0.9014,1,0,0
"Port of Brunswick, GA",2019236N10314,DORIAN,2019,171.2,3,5,100,4,0,0.0141,0,0.0526,64,0,-0.6995,0.3692,1,0,0
"Port of Brunswick, GA",2019256N23286,HUMBERTO,2019,397.5,1,3,75,2,0,0,0,0.0732,68,,0,0.6232,1,0,0
"Port of Brunswick, GA",2019291N22264,NESTOR,2019,185.7,-4,0,40,2,0,0,0,0.07,68,,0,0.5652,1,0,0
"Port of Brunswick, GA",2020138N28281,ARTHUR,2020,392.7,0,0,40,3,0,0.0147,0,0.1571,66,0,-0.2596,0.4925,1,0,0
"Port of Brunswick, GA",2020148N32281,BERTHA,2020,245.3,0,0,45,2,0,0,0,0.16,68,,0,0.7681,1,0,0
"Port of Brunswick, GA",2020188N28271,FAY,2020,239.6,-3,0,30,3,0,0,0,0.0634,66,,0,0.8358,1,0,0
"Port of Brunswick, GA",2020211N13306,ISAIAS,2020,163.4,1,1,80,3,0,0,0,0.0569,66,,0,0.8657,1,0,0
"Port of Brunswick, GA",2020244N30279,OMAR,2020,129.6,-1,0,30,2,0,0,0,0.0891,68,,0,0.8116,1,0,0
"Port of Brunswick, GA",2020256N25281,SALLY,2020,293.9,0,2,35,2,0.0894,0,0,0.0816,68,,3.6114,0.942,0.0725,0,0
"Port of Brunswick, GA",2020306N15288,ETA,2020,32.9,0,4,58,3,0,0,0,0.1018,66,,0,0.6418,1,0,0
"Port of Brunswick, GA",2021165N32282,BILL,2021,331.9,-3,0,20,2,0,0,0,0.0855,68,,0,0.6812,1,0,0
"Port of Brunswick, GA",2021169N23268,CLAUDETTE,2021,324.1,0,0,40,2,0,0,0,0.0753,68,,0,0.7536,1,0,0
"Port of Brunswick, GA",2021179N30287,DANNY,2021,158,0,0,40,2,0.0745,0,0,0.0704,68,,2.6153,0.942,0.0725,0,0
"Port of Brunswick, GA",2021182N09317,ELSA,2021,121.5,0,1,60,2,0,0,0,0.1068,68,,0,0.8116,1,0,0
"Port of Brunswick, GA",2021222N14301,FRED,2021,372.3,0,0,55,2,0,0,0,0.0753,68,,0,0.8116,1,0,0
"Port of Brunswick, GA",2021252N28273,MINDY,2021,30.2,0,0,50,2,0.0346,0,0,0.0814,68,,0.8916,0.8406,0.1739,0,0
"Port of Brunswick, GA",2022154N21273,ALEX,2022,434.8,0,0,45,2,0,0.0074,0,0.1548,68,0,-0.1244,0.5072,1,0,0
"Port of Brunswick, GA",2022183N32280,COLIN,2022,118.6,0,0,35,2,0.2341,0.0414,0,0.2351,68,5.6601,2.1679,0.942,0.0725,0,0
"Port of Brunswick, GA",2022266N12294,IAN,2022,239.6,4,5,130,4,0,0.0538,0,0.1849,64,0,-0.9916,0.1231,1,0,0
"Port of Brunswick, GA",2022311N21293,NICOLE,2022,251.4,1,1,65,2,0,0,0,0.0993,68,,0,0.6087,1,0,0
"Port of Brunswick, GA",2023239N21274,IDALIA,2023,103.7,4,4,115,2,0,0,0,0.0884,68,,0,0.8116,1,0,0
"Port of Charleston, SC",2015126N27281,ANA,2015,137.3,0,0,50,6,0.0411,0.0475,0.0353,0.0767,60,0.8638,-0.4965,0.2459,0.7705,0,0
"Port of Charleston, SC",2016148N27288,BONNIE,2016,9.2,0,0,40,6,0.0348,0.037,0.0191,0.0567,60,0.9408,-0.18,0.4754,0.541,0,0
"Port of Charleston, SC",2016158N22272,COLIN,2016,132.2,0,0,48,1,0,0.0297,0,0.0864,70,0,-0.9546,0.2676,1,0,0
"Port of Charleston, SC",2016240N31295,UNNAMED,2016,477.2,-1,-1,30,1,0.0275,0.015,0,0.0615,70,1.8377,0.5504,0.7183,0.2958,0,0
"Port of Charleston, SC",2016242N24279,HERMINE,2016,15.5,1,1,65,2,0.0233,0.0134,0,0.0521,68,1.7425,0.6,0.6957,0.3188,0,0
"Port of Charleston, SC",2016257N27280,JULIA,2016,125,0,0,45,9,0.0147,0.0199,0.0056,0.0273,54,0.7369,-0.7815,0.2909,0.7273,0,0
"Port of Charleston, SC",2016273N13300,MATTHEW,2016,50.1,3,5,105,3,0.006,0.0246,0.0057,0.0611,66,0.2438,-1.0984,0.0896,0.9254,0,0
"Port of Charleston, SC",2017212N28275,EMILY,2017,316.5,-1,0,30,2,0.0343,0.0251,0,0.0548,68,1.3667,0.5248,0.6667,0.3478,0,0
"Port of Charleston, SC",2017240N31279,UNNAMED,2017,68.7,-3,-3,40,3,0.0255,0.0209,0.0073,0.0465,66,1.219,0.3444,0.6269,0.3881,0,0
"Port of Charleston, SC",2017242N16333,IRMA,2017,403.1,0,5,50,2,0.0145,0.023,0,0.0548,68,0.6321,-0.4791,0.3043,0.7101,0,0
"Port of Charleston, SC",2018186N31292,CHRIS,2018,432.1,0,2,43,2,0.0184,0.0165,0,0.0425,68,1.1171,0.1438,0.5507,0.4638,0,0
"Port of Charleston, SC",2018242N13343,FLORENCE,2018,64.3,3,4,98,5,0,0.0196,0.009,0.0342,62,0,-2.5675,0.0159,1,1,0
"Port of Charleston, SC",2018280N18273,MICHAEL,2018,195.2,1,5,80,2,0.0177,0.0139,0,0.041,68,1.2742,0.2138,0.6087,0.4058,0,0
"Port of Charleston, SC",2019204N25283,UNNAMED,2019,491.8,-1,-1,30,1,0.0795,0.0166,0,0.059,70,4.8026,2.5652,0.9859,0.0282,0,1
"Port of Charleston, SC",2019236N10314,DORIAN,2019,111.7,3,5,100,3,0.0517,0.0187,0.0035,0.0431,66,2.7701,2.6286,0.9851,0.0299,0,1
"Port of Charleston, SC",2019256N23286,HUMBERTO,2019,467.2,1,3,75,2,0.0114,0.0244,0,0.0543,68,0.4657,-0.7849,0.2319,0.7826,0,0
"Port of Charleston, SC",2019291N22264,NESTOR,2019,124.4,-4,0,40,1,0.0703,0.0227,0,0.0742,70,3.092,1.7206,0.9437,0.0704,0,0
"Port of Charleston, SC",2020138N28281,ARTHUR,2020,299,0,0,45,2,0.0077,0.0287,0.0119,0.0494,68,0.2679,-1.6294,0.0145,1,1,0
"Port of Charleston, SC",2020148N32281,BERTHA,2020,23.4,0,0,45,2,0.0229,0.0252,0.0072,0.0494,68,0.9085,-0.1817,0.4058,0.6087,0,0
"Port of Charleston, SC",2020188N28271,FAY,2020,33.3,-3,0,35,4,0.0447,0.0282,0.0149,0.0508,64,1.586,1.5255,0.8769,0.1385,0,0
"Port of Charleston, SC",2020211N13306,ISAIAS,2020,90.8,1,1,80,2,0.0176,0.0264,0.0079,0.0591,68,0.6661,-0.5752,0.2464,0.7681,0,0
"Port of Charleston, SC",2020244N30279,OMAR,2020,300.2,-1,0,30,3,0.0507,0.0253,0.0077,0.0588,66,2.0044,1.7137,0.9254,0.0896,0,0
"Port of Charleston, SC",2020256N25281,SALLY,2020,139.1,-4,2,30,2,0.0147,0.0361,0.0123,0.0653,68,0.4071,-1.2831,0.0725,0.942,0,0
"Port of Charleston, SC",2020299N18277,ZETA,2020,409.4,0,3,45,1,0.0597,0.0263,0,0.0636,70,2.2669,1.0156,0.9155,0.0986,0,0
"Port of Charleston, SC",2020306N15288,ETA,2020,125.5,0,4,40,2,0.1163,0.0289,0,0.0557,68,4.0197,5.204,1,0.0145,0,1
"Port of Charleston, SC",2021165N32282,BILL,2021,220.4,-1,0,28,2,0.0357,0.0241,0.0027,0.0493,68,1.4817,0.7134,0.7971,0.2174,0,0
"Port of Charleston, SC",2021169N23268,CLAUDETTE,2021,169.5,0,0,40,2,0.0284,0.027,0.0033,0.0493,68,1.0518,0.1007,0.5652,0.4493,0,0
"Port of Charleston, SC",2021179N30287,DANNY,2021,91.4,0,0,40,2,0.0182,0.0301,0.0063,0.0493,68,0.6053,-0.9047,0.2174,0.7971,0,0
"Port of Charleston, SC",2021182N09317,ELSA,2021,120.5,0,1,55,3,0.0232,0.0312,0.0191,0.0494,66,0.7418,-0.6053,0.194,0.8209,0,0
"Port of Charleston, SC",2021222N14301,FRED,2021,437,-1,0,25,2,0.0328,0.0317,0.0157,0.0534,68,1.0346,0.0898,0.5217,0.4928,0,0
"Port of Charleston, SC",2021252N28273,MINDY,2021,158.8,0,0,35,2,0.0431,0.0301,0.0091,0.051,68,1.4341,1.0791,0.8551,0.1594,0,0
"Port of Charleston, SC",2021259N30286,ODETTE,2021,441.9,-3,0,30,2,0.0198,0.03,0.0091,0.052,68,0.6587,-0.7867,0.1884,0.8261,0,0
"Port of Charleston, SC",2021299N33284,WANDA,2021,354.1,-4,0,40,1,0.0061,0.0212,0.0047,0.0613,70,0.2854,-0.5168,0.169,0.8451,0,0
"Port of Charleston, SC",2022183N32280,COLIN,2022,13,0,0,35,2,0.2209,0.0146,0,0.2207,68,15.1793,3.1021,0.942,0.0725,0,0
"Port of Charleston, SC",2022266N12294,IAN,2022,83.7,1,5,75,3,0.01,0.0133,0.0041,0.0468,66,0.752,-0.2187,0.3881,0.6269,0,0
"Port of Charleston, SC",2022311N21293,NICOLE,2022,419.3,0,1,38,2,0.0272,0.0158,0,0.0398,68,1.7261,0.8836,0.7536,0.2609,0,0
"Port of Charleston, SC",2023239N21274,IDALIA,2023,23.4,3,4,100,2,0.0161,0.0188,0,0.0556,68,0.857,-0.1234,0.4493,0.5652,0,0
"Port of Charleston, SC",2023265N29284,OPHELIA,2023,285.9,0,0,60,3,0.0232,0.0187,0.0014,0.0509,66,1.2444,0.2623,0.597,0.4179,0,0
"Port of Greater Baton Rouge, LA",2015167N27266,BILL,2015,482.4,0,0,45,1,0,0,0,0.0889,70,,0,0.7606,1,0,0
"Port of Greater Baton Rouge, LA",2017171N24271,CINDY,2017,239.6,0,0,50,3,0.0072,0,0,0,66,,4.0778,0.9552,0.0597,0,0
"Port of Greater Baton Rouge, LA",2017228N14314,HARVEY,2017,156,0,4,45,5,0.0033,0,0,0.0051,62,,2.222,0.9206,0.0952,0,0
"Port of Greater Baton Rouge, LA",2017277N11279,NATE,2017,210.9,1,1,80,2,0,0,0,0.0223,68,,0,0.8551,1,0,0
"Port of Greater Baton Rouge, LA",2018146N19273,ALBERTO,2018,475.3,-1,0,30,1,0,0,0,0.0373,70,,0,0.662,1,0,0
"Port of Greater Baton Rouge, LA",2018246N22283,GORDON,2018,209.8,0,0,60,4,0,0.0063,0,0.0292,64,0,-0.6906,0.2923,1,0,0
"Port of Greater Baton Rouge, LA",2019192N29274,BARRY,2019,122.2,1,1,65,6,0,0,0,0.0083,60,,0,0.623,1,0,0
"Port of Greater Baton Rouge, LA",2019261N28264,IMELDA,2019,342.1,0,0,40,3,0,0,0,0.0147,66,,0,0.8806,1,0,0
"Port of Greater Baton Rouge, LA",2019291N22264,NESTOR,2019,447.1,0,0,50,2,0.0313,0,0,0.0257,68,,3.5033,0.9855,0.029,0,1
"Port of Greater Baton Rouge, LA",2019299N25265,OLGA,2019,83.8,0,0,45,2,0,0,0,0.0257,68,,0,0.7971,1,0,0
"Port of Greater Baton Rouge, LA",2020154N19269,CRISTOBAL,2020,69.1,0,0,45,3,0,0,0,0.0227,66,,0,0.5672,1,0,0
"Port of Greater Baton Rouge, LA",2020188N28271,FAY,2020,390.5,-3,0,28,1,0,0,0,0.0354,70,,0,0.7465,1,0,0
"Port of Greater Baton Rouge, LA",2020205N26272,HANNA,2020,400.2,0,1,55,3,0,0.0045,0,0.0206,66,0,-0.4709,0.4925,1,0,0
"Port of Greater Baton Rouge, LA",2020233N14313,LAURA,2020,201.3,4,4,130,3,0.0373,0.0056,0,0.0297,66,6.6531,3.2548,1,0.0149,0,1
"Port of Greater Baton Rouge, LA",2020234N14280,MARCO,2020,178.5,0,1,50,2,0.0135,0,0,0.0233,68,,1.3318,0.7246,0.2899,0,0
"Port of Greater Baton Rouge, LA",2020256N25281,SALLY,2020,325.8,2,2,95,4,0.0157,0.0114,0,0.0354,64,1.3765,0.3565,0.6462,0.3692,0,0
"Port of Greater Baton Rouge, LA",2020261N21265,BETA,2020,101.2,0,0,55,7,0.0092,0.014,0,0.0264,58,0.6573,-0.5429,0.4068,0.6102,0,0
"Port of Greater Baton Rouge, LA",2020279N16284,DELTA,2020,121.2,3,4,103,3,0.0317,0.0091,0,0.0474,66,3.4811,1.5137,0.8507,0.1642,0,0
"Port of Greater Baton Rouge, LA",2020299N18277,ZETA,2020,137.2,3,3,100,2,0,0,0,0.0466,68,,0,0.5217,1,0,0
"Port of Greater Baton Rouge, LA",2021169N23268,CLAUDETTE,2021,94.8,0,0,40,3,0,0,0,0.0247,66,,0,0.7313,1,0,0
"Port of Greater Baton Rouge, LA",2021239N17281,IDA,2021,50.7,4,4,130,3,0.4614,0,0,0.0262,66,,44.1441,1,0.0149,0,1
"Port of Greater Baton Rouge, LA",2021252N28273,MINDY,2021,491.8,0,0,35,1,0,0,0,0.0333,70,,0,0.831,1,0,0
"Port of Greater Baton Rouge, LA",2021256N21265,NICHOLAS,2021,77.8,1,1,65,4,0,0,0,0.3165,64,,0,0.5846,1,0,0
"Port of Gulfport, MS",2016158N22272,COLIN,2016,386.7,0,0,45,2,0,0.0178,0,0.1117,68,0,-0.4246,0.4493,1,0,0
"Port of Gulfport, MS",2016242N24279,HERMINE,2016,437,1,1,70,2,0,0,0,0.0787,68,,0,0.8406,1,0,0
"Port of Gulfport, MS",2017171N24271,CINDY,2017,450.7,0,0,50,2,0,0,0,0,68,,0,0.971,1,0,0
"Port of Gulfport, MS",2017212N28275,EMILY,2017,420.5,-1,0,33,1,0,0,0,0.0502,70,,0,0.9155,1,0,0
"Port of Gulfport, MS",2017228N14314,HARVEY,2017,340.1,0,4,45,3,0,0,0,0.02,66,,0,0.8507,1,0,0
"Port of Gulfport, MS",2017242N16333,IRMA,2017,413.3,0,5,35,1,0,0,0,0.0446,70,,0,0.9296,1,0,0
"Port of Gulfport, MS",2017277N11279,NATE,2017,7,1,1,80,2,0,0,0,0,68,,0,0.971,1,0,0
"Port of Gulfport, MS",2018146N19273,ALBERTO,2018,285.7,0,0,55,3,0,0,0,0.0569,66,,0,0.8806,1,0,0
"Port of Gulfport, MS",2018246N22283,GORDON,2018,54.6,0,0,60,3,0,0,0,0.034,66,,0,0.8657,1,0,0
"Port of Gulfport, MS",2018280N18273,MICHAEL,2018,310.6,5,5,140,2,0,0,0,0.0641,68,,0,0.8551,1,0,0
"Port of Gulfport, MS",2019192N29274,BARRY,2019,274.7,1,1,65,5,0,0,0,0.0248,62,,0,0.7619,1,0,0
"Port of Gulfport, MS",2019291N22264,NESTOR,2019,276.9,0,0,50,3,0,0,0,0.0142,66,,0,0.9104,1,0,0
"Port of Gulfport, MS",2019299N25265,OLGA,2019,154.4,-4,0,45,1,0,0,0,0,70,,0,0.9718,1,0,0
"Port of Gulfport, MS",2020154N19269,CRISTOBAL,2020,105.6,0,0,45,2,0,0,0,0.1935,68,,0,0.6522,1,0,0
"Port of Gulfport, MS",2020188N28271,FAY,2020,290.1,-3,0,30,2,0,0,0,0.1432,68,,0,0.7681,1,0,0
"Port of Gulfport, MS",2020233N14313,LAURA,2020,412.8,4,4,130,2,0,0,0,0.1493,68,,0,0.8116,1,0,0
"Port of Gulfport, MS",2020234N14280,MARCO,2020,169.9,0,1,55,2,0,0,0,0.1493,68,,0,0.8261,1,0,0
"Port of Gulfport, MS",2020256N25281,SALLY,2020,126.5,2,2,95,5,0,0,0,0.0712,62,,0,0.619,1,0,0
"Port of Gulfport, MS",2020261N21265,BETA,2020,261,0,0,50,6,0.0279,0.0076,0,0.1143,60,3.6568,0.613,0.6557,0.3607,0,0
"Port of Gulfport, MS",2020279N16284,DELTA,2020,313.5,2,4,90,3,0.0305,0,0,0.1068,66,,0.6395,0.6269,0.3881,0,0
"Port of Gulfport, MS",2020299N18277,ZETA,2020,83.5,3,3,100,2,0.087,0,0,0.1524,68,,1.5168,0.8696,0.1449,0,0
"Port of Gulfport, MS",2021169N23268,CLAUDETTE,2021,81.8,0,0,40,3,0,0,0,0.0542,66,,0,0.8358,1,0,0
"Port of Gulfport, MS",2021222N14301,FRED,2021,352.1,0,0,55,2,0,0,0,0.1649,68,,0,0.7101,1,0,0
"Port of Gulfport, MS",2021239N17281,IDA,2021,158.2,4,4,130,3,0,0,0,0.1564,66,,0,0.6269,1,0,0
"Port of Gulfport, MS",2021252N28273,MINDY,2021,314.3,0,0,50,2,0.0915,0,0,0.0937,68,,2.0098,0.942,0.0725,0,0
"Port of Gulfport, MS",2021256N21265,NICHOLAS,2021,264.4,-1,1,30,3,0.0269,0,0,0.039,66,,0.756,0.9104,0.1045,0,0
"Port of Gulfport, MS",2022311N21293,NICOLE,2022,435.5,0,1,35,1,0,0,0,0,70,,,1,1,0,0
"Port of Gulfport, MS",2023152N26274,ARLENE,2023,366.9,0,0,35,2,0,0,0,0,68,,0,0.971,1,0,0
"Port of Harlingen Authority, TX",2015167N27266,BILL,2015,229,0,0,50,2,0,0,0,0,68,,,1,1,0,0
"Port of Harlingen Authority, TX",2017171N24271,CINDY,2017,473.6,0,0,48,2,0,0,0,0,68,,,1,1,0,0
"Port of Harlingen Authority, TX",2017228N14314,HARVEY,2017,149.7,4,4,115,7,0,0,0,0,58,,,1,1,0,0
"Port of Harlingen Authority, TX",2017249N22263,KATIA,2017,434.4,0,2,40,2,0,0,0,0,68,,,1,1,0,0
"Port of Harlingen Authority, TX",2019246N24266,FERNAND,2019,205.7,0,0,45,3,0,0,0,0,66,,,1,1,0,0
"Port of Harlingen Authority, TX",2019261N28264,IMELDA,2019,288.5,0,0,40,2,0,0,0,0,68,,,1,1,0,0
"Port of Harlingen Authority, TX",2019291N22264,NESTOR,2019,458.9,-3,0,43,2,0,0,0,0,68,,,1,1,0,0
"Port of Harlingen Authority, TX",2019299N25265,OLGA,2019,325.2,0,0,43,1,0,0,0,0,70,,,1,1,0,0
"Port of Harlingen Authority, TX",2020205N26272,HANNA,2020,47.1,1,1,80,3,0,0,0,0,66,,0,0.9701,1,0,0
"Port of Harlingen Authority, TX",2020261N21265,BETA,2020,248.7,0,0,55,4,0,0,0,0.3383,64,,0,0.8154,1,0,0
"Port of Harlingen Authority, TX",2020279N16284,DELTA,2020,377.1,3,4,105,2,0,0,0,0.4354,68,,0,0.8841,1,0,0
"Port of Harlingen Authority, TX",2021256N21265,NICHOLAS,2021,86.1,1,1,65,3,0,0,0,0.2143,66,,0,0.9104,1,0,0
"Port of Harlingen Authority, TX",2022232N20266,UNNAMED,2022,164.4,-3,-3,30,2,0,0,0,0,68,,,1,1,0,0
"Port of Harlingen Authority, TX",2023234N25271,HAROLD,2023,92.4,0,0,50,2,0,0,0,0,68,,,1,1,0,0
"Port of Iberia District, LA",2015167N27266,BILL,2015,390.6,0,0,50,1,0,0,0,0,70,,,1,1,0,0
"Port of Iberia District, LA",2017171N24271,CINDY,2017,179.4,0,0,50,4,0,0,0,0.1191,64,,0,0.7846,1,0,0
"Port of Iberia District, LA",2017228N14314,HARVEY,2017,159.2,0,4,45,4,0,0,0,0.2315,64,,0,0.6615,1,0,0
"Port of Iberia District, LA",2017277N11279,NATE,2017,250,1,1,80,2,0.0682,0,0,0.3005,68,,0.6217,0.942,0.0725,0,0
"Port of Iberia District, LA",2018246N22283,GORDON,2018,294.4,0,0,60,3,0,0,0,0.1005,66,,0,0.8657,1,0,0
"Port of Iberia District, LA",2019192N29274,BARRY,2019,42.6,1,1,65,6,0,0,0,0.2385,60,,0,0.6721,1,0,0
"Port of Iberia District, LA",2019261N28264,IMELDA,2019,322.1,0,0,40,3,0,0,0,0.0563,66,,0,0.9254,1,0,0
"Port of Iberia District, LA",2019291N22264,NESTOR,2019,434.1,0,0,50,2,0,0,0,0.0944,68,,0,0.913,1,0,0
"Port of Iberia District, LA",2019299N25265,OLGA,2019,117.7,0,0,45,2,0,0,0,0,68,,0,0.9565,1,0,0
"Port of Iberia District, LA",2020154N19269,CRISTOBAL,2020,149.5,0,0,45,3,0,0,0,0.2512,66,,0,0.8358,1,0,0
"Port of Iberia District, LA",2020188N28271,FAY,2020,368.1,-3,0,28,1,0,0,0,0,70,,,1,1,0,0
"Port of Iberia District, LA",2020205N26272,HANNA,2020,308.6,1,1,65,3,0,0,0,0,66,,0,0.9552,1,0,0
"Port of Iberia District, LA",2020233N14313,LAURA,2020,146.6,4,4,130,2,0,0,0,0.1043,68,,0,0.8406,1,0,0
"Port of Iberia District, LA",2020234N14280,MARCO,2020,85.9,0,1,50,2,0,0,0,0.1043,68,,0,0.8406,1,0,0
"Port of Iberia District, LA",2020256N25281,SALLY,2020,357,2,2,95,3,0,0,0,0.0703,66,,0,0.7313,1,0,0
"Port of Iberia District, LA",2020261N21265,BETA,2020,133.1,0,0,55,6,0.0199,0,0,0.0588,60,,1.0631,0.6885,0.3279,0,0
"Port of Iberia District, LA",2020279N16284,DELTA,2020,115.3,3,4,105,2,0,0,0,0.1161,68,,0,0.7536,1,0,0
"Port of Iberia District, LA",2020299N18277,ZETA,2020,128.8,3,3,100,2,0.0215,0,0,0.1052,68,,0.5472,0.8261,0.1884,0,0
"Port of Iberia District, LA",2021169N23268,CLAUDETTE,2021,95.9,0,0,40,3,0,0,0,0.1894,66,,0,0.5672,1,0,0
"Port of Iberia District, LA",2021239N17281,IDA,2021,115.8,4,4,130,3,0.4661,0,0,0.1136,66,,10.1334,1,0.0149,0,1
"Port of Iberia District, LA",2021256N21265,NICHOLAS,2021,8.7,1,1,65,4,0,0,0,0.3114,64,,0,0.6462,1,0,0
"Port of Iberia District, LA",2023234N25271,HAROLD,2023,482.6,0,0,35,1,0,0,0,0.8025,70,,0,0.8169,1,0,0
"Port of Palm Beach District, FL",2015126N27281,ANA,2015,129,-3,0,28,1,0.028,0.0286,0,0.0515,70,0.9794,-0.0268,0.493,0.5211,0,0
"Port of Palm Beach District, FL",2015313N22289,KATE,2015,419.4,0,1,55,2,0.0217,0.0112,0,0.1004,68,1.9317,0.1197,0.7971,0.2174,0,0
"Port of Palm Beach District, FL",2016148N27288,BONNIE,2016,441.5,0,0,40,2,0,0.0164,0,0.0329,68,0,-1.3944,0.2319,1,0,0
"Port of Palm Beach District, FL",2016158N22272,COLIN,2016,459.2,0,0,45,1,0.029,0.02,0,0.0554,70,1.4452,0.4694,0.7183,0.2958,0,0
"Port of Palm Beach District, FL",2016242N24279,HERMINE,2016,334.1,1,1,70,6,0.018,0.0216,0.0045,0.0386,60,0.8331,-0.3186,0.377,0.6393,0,0
"Port of Palm Beach District, FL",2016257N27280,JULIA,2016,73.7,0,0,45,2,0.0526,0.0135,0,0.06,68,3.891,1.9329,0.8841,0.1304,0,0
"Port of Palm Beach District, FL",2016273N13300,MATTHEW,2016,122.2,4,5,120,3,0.007,0.0096,0,0.0537,66,0.7273,-0.1504,0.4179,0.597,0,0
"Port of Palm Beach District, FL",2017212N28275,EMILY,2017,105.6,0,0,50,3,0.0177,0.0142,0,0.0481,66,1.2482,0.2126,0.597,0.4179,0,0
"Port of Palm Beach District, FL",2017240N31279,UNNAMED,2017,446.3,-3,-3,35,2,0.0101,0.0265,0,0.0698,68,0.3823,-0.6717,0.3188,0.6957,0,0
"Port of Palm Beach District, FL",2017242N16333,IRMA,2017,120.5,4,5,120,3,0,0.025,0.0057,0.0605,66,0,-1.5216,0.0448,1,1,0
"Port of Palm Beach District, FL",2017301N18276,PHILIPPE,2017,449.5,-1,0,30,1,0.0096,0.0138,0,0.0527,70,0.693,-0.1827,0.3944,0.6197,0,0
"Port of Palm Beach District, FL",2018146N19273,ALBERTO,2018,388.4,-2,0,45,1,0,0.0187,0,0.0454,70,0,-1.2028,0.2817,1,0,0
"Port of Palm Beach District, FL",2018246N22283,GORDON,2018,160,0,0,55,2,0,0.0155,0,0.0364,68,0,-1.2219,0.2464,1,0,0
"Port of Palm Beach District, FL",2019204N25283,UNNAMED,2019,91.6,-1,-1,30,2,0.0178,0.0145,0,0.0434,68,1.2308,0.2117,0.5797,0.4348,0,0
"Port of Palm Beach District, FL",2019236N10314,DORIAN,2019,199.2,5,5,160,5,0,0.0173,0.0066,0.0347,62,0,-2.244,0.0159,1,1,0
"Port of Palm Beach District, FL",2019256N23286,HUMBERTO,2019,316.6,1,3,73,3,0,0.0199,0,0.043,66,0,-1.553,0.1343,1,0,0
"Port of Palm Beach District, FL",2020138N28281,ARTHUR,2020,229.2,0,0,35,2,0.004,0.0117,0.0016,0.0275,68,0.3428,-0.9307,0.1594,0.8551,0,0
"Port of Palm Beach District, FL",2020211N13306,ISAIAS,2020,95,1,1,73,3,0,0.0165,0,0.033,66,0,-1.5418,0.0896,1,0,0
"Port of Palm Beach District, FL",2020244N30279,OMAR,2020,390.7,-1,0,30,2,0,0.0133,0,0.0388,68,0,-0.8875,0.3188,1,0,0
"Port of Palm Beach District, FL",2020256N25281,SALLY,2020,124.8,0,2,50,3,0,0.0145,0,0.0396,66,0,-1.0171,0.2537,1,0,0
"Port of Palm Beach District, FL",2020306N15288,ETA,2020,200.2,1,4,65,5,0.0038,0.0111,0,0.0184,62,0.3402,-1.2591,0.1587,0.8571,0,0
"Port of Palm Beach District, FL",2021182N09317,ELSA,2021,261.4,1,1,65,3,0,0.0175,0.0014,0.0582,66,0,-0.9626,0.0597,1,0,0
"Port of Palm Beach District, FL",2021222N14301,FRED,2021,425.2,0,0,45,3,0.033,0.0134,0,0.0589,66,2.4546,0.8268,0.8507,0.1642,0,0
"Port of Palm Beach District, FL",2022154N21273,ALEX,2022,57.4,0,0,45,2,0.0031,0.0231,0.0021,0.1685,68,0.1358,-0.3679,0.1159,0.8986,0,0
"Port of Palm Beach District, FL",2022266N12294,IAN,2022,127.1,5,5,140,4,0,0.0135,0.0015,0.0324,64,0,-1.1792,0.0615,1,0,0
"Port of Palm Beach District, FL",2022311N21293,NICOLE,2022,96.5,1,1,65,2,0.0081,0.0153,0,0.0334,68,0.5282,-0.2075,0.2609,0.7536,0,0
"Port of Palm Beach District, FL",2023152N26274,ARLENE,2023,453.8,-3,0,25,1,0,0.0086,0,0.0385,70,0,-0.5867,0.3803,1,0,0
"Port of Palm Beach District, FL",2023239N21274,IDALIA,2023,418.2,4,4,115,2,0.0499,0.0168,0,0.4992,68,2.981,0.2143,0.8406,0.1739,0,0
"Port of Palm Beach District, FL",2023265N29284,OPHELIA,2023,486.3,-4,0,30,1,0.0319,0.0337,0,0.7134,70,0.9455,-0.0073,0.4789,0.5352,0,0
"Port of Pascagoula, MS",2016158N22272,COLIN,2016,359,0,0,45,2,0,0.0032,0,0.0393,68,0,-0.2411,0.5072,1,0,0
"Port of Pascagoula, MS",2016242N24279,HERMINE,2016,403.1,1,1,70,2,0,0,0,0.0464,68,,0,0.6522,1,0,0
"Port of Pascagoula, MS",2017171N24271,CINDY,2017,491.7,0,0,50,2,0,0,0,0.0828,68,,0,0.5217,1,0,0
"Port of Pascagoula, MS",2017212N28275,EMILY,2017,387.3,0,0,35,2,0,0,0,0.0554,68,,0,0.7246,1,0,0
"Port of Pascagoula, MS",2017228N14314,HARVEY,2017,369.3,0,4,40,3,0.0061,0,0,0.0318,66,,0.5235,0.6567,0.3582,0,0
"Port of Pascagoula, MS",2017242N16333,IRMA,2017,384.2,0,5,45,2,0.0593,0,0,0.0435,68,,3.9193,1,0.0145,0,1
"Port of Pascagoula, MS",2017277N11279,NATE,2017,26.9,1,1,80,2,0,0,0,0.0473,68,,0,0.6377,1,0,0
"Port of Pascagoula, MS",2018146N19273,ALBERTO,2018,244.8,0,0,55,3,0.0362,0.0365,0,0.1086,66,0.99,-0.0111,0.5075,0.5075,0,0
"Port of Pascagoula, MS",2018246N22283,GORDON,2018,13.7,0,0,60,3,0,0.0921,0.0176,0.168,66,0,-1.9273,0.0299,1,1,0
"Port of Pascagoula, MS",2018280N18273,MICHAEL,2018,277.1,5,5,140,2,0,0.0765,0,0.1676,68,0,-1.5393,0.1014,1,0,0
"Port of Pascagoula, MS",2019192N29274,BARRY,2019,298.4,1,1,65,5,0.0105,0.0685,0.0303,0.1412,62,0.1526,-1.7343,0.0159,1,1,0
"Port of Pascagoula, MS",2019291N22264,NESTOR,2019,247.4,0,0,50,3,0.0099,0.0597,0.0142,0.1574,66,0.1658,-1.1433,0.0299,0.9851,1,0
"Port of Pascagoula, MS",2019299N25265,OLGA,2019,190,-4,0,45,1,0.0763,0.0455,0,0.1483,70,1.6775,0.624,0.662,0.3521,0,0
"Port of Pascagoula, MS",2020154N19269,CRISTOBAL,2020,143.3,0,0,45,2,0.0292,0.0272,0,0.0855,68,1.0725,0.0656,0.5217,0.4928,0,0
"Port of Pascagoula, MS",2020188N28271,FAY,2020,274.7,-3,0,30,3,0.043,0.0211,0,0.0459,66,2.0331,1.4434,0.9104,0.1045,0,0
"Port of Pascagoula, MS",2020233N14313,LAURA,2020,454,4,4,130,2,0.0397,0.0239,0,0.0632,68,1.6638,0.6982,0.7536,0.2609,0,0
"Port of Pascagoula, MS",2020234N14280,MARCO,2020,175.9,0,1,55,2,0,0.0244,0,0.0846,68,0,-0.9185,0.2899,1,0,0
"Port of Pascagoula, MS",2020256N25281,SALLY,2020,90.4,2,2,95,5,0.043,0.0311,0.0003,0.0967,62,1.384,0.4077,0.6667,0.3492,0,0
"Port of Pascagoula, MS",2020261N21265,BETA,2020,276.6,-4,0,25,3,0.0396,0.0386,0,0.1226,66,1.024,0.0247,0.5075,0.5075,0,0
"Port of Pascagoula, MS",2020279N16284,DELTA,2020,347,2,4,87,3,0,0.0336,0,0.0931,66,0,-1.0609,0.1045,1,0,0
"Port of Pascagoula, MS",2020299N18277,ZETA,2020,107.5,3,3,100,2,0.1924,0.0171,0,0.0661,68,11.2443,7.2203,1,0.0145,0,1
"Port of Pascagoula, MS",2021169N23268,CLAUDETTE,2021,102.6,0,0,40,3,0.0279,0.0022,0,0.0387,66,12.6585,1.6163,0.8806,0.1343,0,0
"Port of Pascagoula, MS",2021182N09317,ELSA,2021,496.3,0,1,55,1,0.0132,0,0,0.0681,70,,0.4402,0.7606,0.2535,0,0
"Port of Pascagoula, MS",2021222N14301,FRED,2021,309,0,0,55,2,0.0274,0,0,0.042,68,,1.4646,0.8261,0.1884,0,0
"Port of Pascagoula, MS",2021239N17281,IDA,2021,200.1,4,4,130,4,0.0185,0.0034,0,0.0454,64,5.3891,1.0015,0.8154,0.2,0,0
"Port of Pascagoula, MS",2021252N28273,MINDY,2021,289.5,0,0,50,2,0.031,0,0,0.0417,68,,1.7033,0.913,0.1014,0,0
"Port of Pascagoula, MS",2021256N21265,NICHOLAS,2021,306.1,-1,1,30,3,0,0,0,0.0323,66,,0,0.5522,1,0,0
"Port of Pascagoula, MS",2022311N21293,NICOLE,2022,392.7,0,1,35,1,0.028,0,0,0.0694,70,,0.9321,0.7746,0.2394,0,0
"Port of Pascagoula, MS",2023152N26274,ARLENE,2023,342.7,0,0,35,2,0,0,0,0.0168,68,,0,0.7536,1,0,0
"Port of Pascagoula, MS",2023239N21274,IDALIA,2023,462,4,4,115,1,0,0,0,0.0585,70,,0,0.8169,1,0,0
"Port of Providence, RI",2015126N27281,ANA,2015,125.2,-3,0,28,1,0,0,0,0,70,,0,0.9577,1,0,0
"Port of Providence, RI",2016158N22272,COLIN,2016,438.8,-4,0,50,1,0.3785,0,0,0.4601,70,,2.3191,0.9155,0.0986,0,0
"Port of Providence, RI",2016242N24279,HERMINE,2016,113.4,-4,1,58,4,0.0296,0,0,0.1285,64,,0.6253,0.5385,0.4769,0,0
"Port of Providence, RI",2017247N09327,JOSE,2017,291.9,0,4,60,6,0.0285,0.0443,0,0.141,60,0.6432,-0.3726,0.2787,0.7377,0,0
"Port of Providence, RI",2017277N11279,NATE,2017,271.5,-4,1,25,2,0,0,0,0.1833,68,,0,0.6667,1,0,0
"Port of Providence, RI",2018242N13343,FLORENCE,2018,163.9,-4,4,25,1,0,0,0,0.231,70,,0,0.9296,1,0,0
"Port of Providence, RI",2018280N18273,MICHAEL,2018,307.5,-4,5,60,1,0,0,0,0.3433,70,,0,0.831,1,0,0
"Port of Providence, RI",2019236N10314,DORIAN,2019,368.4,2,5,85,1,0.1288,0,0,0.4142,70,,0.8886,0.7606,0.2535,0,0
"Port of Providence, RI",2019239N32287,ERIN,2019,441.4,-4,0,35,1,0.5857,0,0,0.3207,70,,5.0543,1,0.0141,0,1
"Port of Providence, RI",2019282N35286,MELISSA,2019,390.2,-2,0,55,4,0,0.0732,0,0.2406,64,0,-1.0129,0.2308,1,0,0
"Port of Providence, RI",2020188N28271,FAY,2020,233.3,0,0,50,2,0.1433,0.0338,0,0.2826,68,4.2361,0.9742,0.7971,0.2174,0,0
"Port of Providence, RI",2020211N13306,ISAIAS,2020,236.5,0,1,58,2,0,0,0,0.3335,68,,0,0.6232,1,0,0
"Port of Providence, RI",2020228N37286,KYLE,2020,415,0,0,45,2,0,0,0,0.4002,68,,0,0.5797,1,0,0
"Port of Providence, RI",2020299N18277,ZETA,2020,257,-4,3,45,2,0,0.0137,0,0.4502,68,0,-0.0861,0.5072,1,0,0
"Port of Providence, RI",2021169N23268,CLAUDETTE,2021,362.3,0,0,40,2,0,0,0,0.2213,68,,0,0.5362,1,0,0
"Port of Providence, RI",2021182N09317,ELSA,2021,39.3,0,1,50,2,0.1624,0,0,0.2077,68,,2.4129,0.913,0.1014,0,0
"Port of Providence, RI",2021222N14301,FRED,2021,94.7,-4,0,25,2,0,0,0,0.2213,68,,0,0.5362,1,0,0
"Port of Providence, RI",2021227N36297,HENRI,2021,19.4,1,1,65,3,0.0278,0.0368,0,0.1571,66,0.7535,-0.142,0.4925,0.5224,0,0
"Port of Providence, RI",2021239N17281,IDA,2021,101.2,-4,4,40,1,0,0,0,0.2918,70,,0,0.6761,1,0,0
"Port of Providence, RI",2021259N30286,ODETTE,2021,458.5,0,0,40,1,0,0,0,0.2986,70,,0,0.7183,1,0,0
"Port of Providence, RI",2021299N33284,WANDA,2021,160.7,-4,0,60,2,0,0.0444,0,0.2283,68,0,-0.416,0.4493,1,0,0
"Port of Providence, RI",2023249N12320,LEE,2023,430.8,-4,5,70,1,0,0.0307,0,0.6572,70,0,-0.1442,0.4789,1,0,0
"Port of Rosedale, MS",2015167N27266,BILL,2015,307,-1,0,20,3,0,0,0,0.2123,66,,0,0.9254,1,0,0
"Port of Rosedale, MS",2017171N24271,CINDY,2017,154.4,0,0,43,2,0,0,0,0,68,,0,0.971,1,0,0
"Port of Rosedale, MS",2017228N14314,HARVEY,2017,44.1,0,4,40,3,0,0,0,0,66,,0,0.9552,1,0,0
"Port of Rosedale, MS",2017242N16333,IRMA,2017,268.2,-3,5,23,2,0,0,0,0,68,,,1,1,0,0
"Port of Rosedale, MS",2017277N11279,NATE,2017,314,1,1,69,1,0,0,0,0,70,,0,0.9718,1,0,0
"Port of Rosedale, MS",2018146N19273,ALBERTO,2018,330,-1,0,30,2,0,0,0,0,68,,0,0.971,1,0,0
"Port of Rosedale, MS",2018246N22283,GORDON,2018,58.3,0,0,60,3,0,0,0,0,66,,0,0.9552,1,0,0
"Port of Rosedale, MS",2019192N29274,BARRY,2019,251.4,1,1,65,4,0,0,0,0,64,,,1,1,0,0
"Port of Rosedale, MS",2019261N28264,IMELDA,2019,474.4,-1,0,25,1,0,0,0,0,70,,0,0.9859,1,0,0
"Port of Rosedale, MS",2019299N25265,OLGA,2019,109.6,-4,0,45,1,0,0,0,0,70,,0,0.9859,1,0,0
"Port of Rosedale, MS",2020154N19269,CRISTOBAL,2020,117.6,0,0,45,2,0,0,0,0,68,,,1,1,0,0
"Port of Rosedale, MS",2020233N14313,LAURA,2020,163.6,4,4,130,3,0,0,0,0.1462,66,,0,0.9104,1,0,0
"Port of Rosedale, MS",2020256N25281,SALLY,2020,450.6,2,2,95,2,0,0,0,0,68,,0,0.971,1,0,0
"Port of Rosedale, MS",2020261N21265,BETA,2020,152.2,-4,0,25,3,0,0,0,0,66,,0,0.9701,1,0,0
"Port of Rosedale, MS",2020279N16284,DELTA,2020,61,2,4,85,3,0,0,0,0,66,,0,0.9552,1,0,0
"Port of Rosedale, MS",2020299N18277,ZETA,2020,324.6,2,3,85,1,0,0,0,0,70,,0,0.9718,1,0,0
"Port of Rosedale, MS",2021169N23268,CLAUDETTE,2021,312.9,0,0,40,2,0,0,0,0,68,,,1,1,0,0
"Port of Rosedale, MS",2021239N17281,IDA,2021,117.9,4,4,115,3,0,0,0,0,66,,,1,1,0,0
"Port of Rosedale, MS",2021256N21265,NICHOLAS,2021,388.1,-1,1,30,3,0,0,0,0,66,,,1,1,0,0
"Port of Savannah, GA",2015126N27281,ANA,2015,279.5,0,0,50,6,0.016,0.021,0.0038,0.0399,60,0.764,-0.394,0.4262,0.5902,0,0
"Port of Savannah, GA",2016148N27288,BONNIE,2016,102.2,0,0,40,5,0.025,0.0325,0.0003,0.0709,62,0.769,-0.3738,0.3333,0.6825,0,0
"Port of Savannah, GA",2016158N22272,COLIN,2016,62.8,0,0,48,1,0,0.0241,0,0.1221,70,0,-0.6044,0.4225,1,0,0
"Port of Savannah, GA",2016242N24279,HERMINE,2016,34.3,1,1,70,2,0.017,0.0143,0,0.0475,68,1.1894,0.1709,0.5507,0.4638,0,0
"Port of Savannah, GA",2016257N27280,JULIA,2016,51.9,0,0,45,8,0.0268,0.0158,0.0091,0.0244,56,1.6942,2.0419,1,0.0175,0,1
"Port of Savannah, GA",2016273N13300,MATTHEW,2016,58.7,3,5,108,3,0,0.0177,0,0.0544,66,0,-1.1072,0.0896,1,0,0
"Port of Savannah, GA",2017212N28275,EMILY,2017,326.3,-1,0,30,2,0,0.017,0,0.0537,68,0,-0.8832,0.3768,1,0,0
"Port of Savannah, GA",2017240N31279,UNNAMED,2017,93.2,-3,-3,38,3,0.0176,0.0208,0,0.0511,66,0.8491,-0.1769,0.4478,0.5672,0,0
"Port of Savannah, GA",2017242N16333,IRMA,2017,261.8,1,5,65,2,0,0.0184,0,0.0632,68,0,-0.8518,0.3478,1,0,0
"Port of Savannah, GA",2018146N19273,ALBERTO,2018,490.2,-1,0,30,1,0,0,0,0.0641,70,,0,0.6338,1,0,0
"Port of Savannah, GA",2018242N13343,FLORENCE,2018,167.2,2,4,90,5,0.0159,0.0171,0.0042,0.0376,62,0.9296,-0.1089,0.4286,0.5873,0,0
"Port of Savannah, GA",2018280N18273,MICHAEL,2018,193.7,5,5,140,2,0.0426,0.0153,0,0.0392,68,2.7868,1.3764,0.971,0.0435,0,1
"Port of Savannah, GA",2019204N25283,UNNAMED,2019,403.6,-1,-1,30,1,0,0,0,0.0609,70,,0,0.6901,1,0,0
"Port of Savannah, GA",2019236N10314,DORIAN,2019,163.6,3,5,100,3,0.05,0.009,0,0.0334,66,5.5679,4.076,1,0.0149,0,1
"Port of Savannah, GA",2019256N23286,HUMBERTO,2019,439.4,1,3,75,2,0,0.0112,0,0.0388,68,0,-0.8835,0.3768,1,0,0
"Port of Savannah, GA",2019291N22264,NESTOR,2019,123.8,-4,0,40,2,0,0.0119,0,0.0488,68,0,-0.6275,0.3623,1,0,0
"Port of Savannah, GA",2020138N28281,ARTHUR,2020,379,0,0,43,3,0,0.0055,0,0.0467,66,0,-0.3197,0.4776,1,0,0
"Port of Savannah, GA",2020148N32281,BERTHA,2020,160.5,0,0,45,2,0,0.0089,0,0.0535,68,0,-0.5149,0.4638,1,0,0
"Port of Savannah, GA",2020188N28271,FAY,2020,133.7,-3,0,30,4,0.0195,0.0158,0,0.0547,64,1.2401,0.2058,0.6,0.4154,0,0
"Port of Savannah, GA",2020211N13306,ISAIAS,2020,154.6,1,1,80,3,0,0.0138,0,0.026,66,0,-1.5374,0.2239,1,0,0
"Port of Savannah, GA",2020244N30279,OMAR,2020,214.9,-1,0,30,3,0.0166,0.014,0,0.0564,66,1.1874,0.1411,0.5672,0.4478,0,0
"Port of Savannah, GA",2020256N25281,SALLY,2020,203.4,-1,2,33,2,0.0069,0.0129,0,0.0427,68,0.5367,-0.3882,0.4493,0.5652,0,0
"Port of Savannah, GA",2020299N18277,ZETA,2020,423.4,0,3,53,1,0,0,0,0.0698,70,,0,0.7183,1,0,0
"Port of Savannah, GA",2020306N15288,ETA,2020,87.3,0,4,53,2,0.0619,0,0,0.0413,68,,3.7024,0.971,0.0435,0,1
"Port of Savannah, GA",2021165N32282,BILL,2021,285.9,-3,0,23,2,0.0213,0.003,0,0.0384,68,7.2056,1.0977,0.8406,0.1739,0,0
"Port of Savannah, GA",2021169N23268,CLAUDETTE,2021,233.8,0,0,40,2,0.0149,0,0,0.0294,68,,1.3855,0.7826,0.2319,0,0
"Port of Savannah, GA",2021179N30287,DANNY,2021,52.1,0,0,40,2,0.013,0.0059,0,0.0288,68,2.2006,0.6974,0.6667,0.3478,0,0
"Port of Savannah, GA",2021182N09317,ELSA,2021,100.6,0,1,55,2,0,0.0083,0,0.0331,68,0,-0.4621,0.4348,1,0,0
"Port of Savannah, GA",2021222N14301,FRED,2021,386.6,0,0,55,3,0.0059,0.0054,0,0.0176,66,1.0846,0.062,0.5224,0.4925,0,0
"Port of Savannah, GA",2021252N28273,MINDY,2021,82.9,0,0,50,2,0.0192,0.003,0,0.0331,68,6.3217,1.2394,0.8116,0.2029,0,0
"Port of Savannah, GA",2021299N33284,WANDA,2021,455.5,-4,0,35,1,0.0216,0,0,0.0389,70,,0.9069,0.831,0.1831,0,0
"Port of Savannah, GA",2022183N32280,COLIN,2022,41.3,0,0,35,2,0.1731,0.0098,0,0.199,68,17.6225,2.7742,0.9275,0.087,0,0
"Port of Savannah, GA",2022266N12294,IAN,2022,201.4,1,5,75,3,0,0.0117,0,0.0695,66,0,-0.6266,0.1493,1,0,0
"Port of Savannah, GA",2022311N21293,NICOLE,2022,336.9,0,1,62,2,0.0922,0.0069,0,0.0322,68,13.3355,7.5418,1,0.0145,0,1
"Port of Savannah, GA",2023239N21274,IDALIA,2023,64.7,4,4,115,2,0,0.0087,0,0.0379,68,0,-0.534,0.3478,1,0,0
"Port of Savannah, GA",2023265N29284,OPHELIA,2023,420.4,0,0,60,2,0.0089,0,0,0.0277,68,,0.7643,0.6957,0.3188,0,0
"Port of Vicksburg, MS",2015167N27266,BILL,2015,456.7,-3,0,18,1,0,0,0,0,70,,,1,1,0,0
"Port of Vicksburg, MS",2017171N24271,CINDY,2017,261.4,0,0,45,2,0,0,0,0.2923,68,,0,0.942,1,0,0
"Port of Vicksburg, MS",2017228N14314,HARVEY,2017,79.2,0,4,45,3,0,0,0,0,66,,0,0.9701,1,0,0
"Port of Vicksburg, MS",2017242N16333,IRMA,2017,372.5,-3,5,25,2,0,0,0,0,68,,0,0.971,1,0,0
"Port of Vicksburg, MS",2017277N11279,NATE,2017,256.9,1,1,78,2,0,0,0,0,68,,,1,1,0,0
"Port of Vicksburg, MS",2018146N19273,ALBERTO,2018,367.5,-1,0,30,2,0,0,0,0.2553,68,,0,0.942,1,0,0
"Port of Vicksburg, MS",2018246N22283,GORDON,2018,45.3,0,0,60,4,0,0,0,0.1901,64,,0,0.9385,1,0,0
"Port of Vicksburg, MS",2019192N29274,BARRY,2019,258.3,1,1,65,5,0,0,0,0,62,,,1,1,0,0
"Port of Vicksburg, MS",2019261N28264,IMELDA,2019,398.7,-1,0,30,2,0,0,0,0,68,,,1,1,0,0
"Port of Vicksburg, MS",2019299N25265,OLGA,2019,108.6,-4,0,45,1,0,0,0,0,70,,,1,1,0,0
"Port of Vicksburg, MS",2020154N19269,CRISTOBAL,2020,89.3,0,0,45,3,0,0,0,0,66,,0,0.9552,1,0,0
"Port of Vicksburg, MS",2020233N14313,LAURA,2020,198.1,4,4,130,2,0,0,0,0.2655,68,,0,0.942,1,0,0
"Port of Vicksburg, MS",2020234N14280,MARCO,2020,387.8,0,1,43,2,0,0,0,0.2655,68,,0,0.942,1,0,0
"Port of Vicksburg, MS",2020256N25281,SALLY,2020,370,2,2,95,3,0,0,0,0,66,,0,0.9552,1,0,0
"Port of Vicksburg, MS",2020261N21265,BETA,2020,24.1,-4,0,25,3,0,0,0,0,66,,0,0.9851,1,0,0
"Port of Vicksburg, MS",2020279N16284,DELTA,2020,53.8,2,4,90,3,0,0,0,0,66,,,1,1,0,0
"Port of Vicksburg, MS",2020299N18277,ZETA,2020,212.8,3,3,100,2,0,0,0,0,68,,0,0.971,1,0,0
"Port of Vicksburg, MS",2021169N23268,CLAUDETTE,2021,196,0,0,40,2,0,0,0,0,68,,0,0.9855,1,0,0
"Port of Vicksburg, MS",2021239N17281,IDA,2021,37.4,4,4,130,3,0,0,0,0,66,,,1,1,0,0
"Port of Vicksburg, MS",2021256N21265,NICHOLAS,2021,267.2,0,1,35,4,0,0,0,0,64,,,1,1,0,0
"PortMiami, FL",2015126N27281,ANA,2015,185.2,-3,0,25,1,0.0107,0,0,0.0528,70,,0.4917,0.7465,0.2676,0,0
"PortMiami, FL",2015313N22289,KATE,2015,438.5,0,1,53,2,0.0045,0.0035,0,0.0538,68,1.2756,0.0356,0.5652,0.4493,0,0
"PortMiami, FL",2016242N24279,HERMINE,2016,220.9,-1,1,30,2,0.0218,0.008,0,0.0459,68,2.7293,0.8309,0.8841,0.1304,0,0
"PortMiami, FL",2016257N27280,JULIA,2016,190.3,0,0,45,2,0.006,0.0083,0,0.0226,68,0.7225,-0.2445,0.3188,0.6957,0,0
"PortMiami, FL",2016273N13300,MATTHEW,2016,191.5,4,5,120,2,0,0.0107,0,0.069,68,0,-0.5557,0.1594,1,0,0
"PortMiami, FL",2017212N28275,EMILY,2017,223.3,0,0,50,2,0.0112,0.0131,0,0.0325,68,0.8522,-0.1795,0.4783,0.5362,0,0
"PortMiami, FL",2017242N16333,IRMA,2017,120.5,5,5,145,3,0,0.016,0.0014,0.0417,66,0,-1.391,0.0746,1,0,0
"PortMiami, FL",2017301N18276,PHILIPPE,2017,331.3,0,0,35,2,0,0.0041,0,0.0348,68,0,-0.3109,0.4203,1,0,0
"PortMiami, FL",2018146N19273,ALBERTO,2018,381.4,-2,0,45,1,0,0.0149,0,0.0367,70,0,-1.0153,0.3239,1,0,0
"PortMiami, FL",2018246N22283,GORDON,2018,60.2,0,0,55,3,0.0105,0.0059,0,0.0225,66,1.783,0.6036,0.7164,0.2985,0,0
"PortMiami, FL",2019204N25283,UNNAMED,2019,119.5,-1,-1,30,2,0.015,0.017,0,0.0461,68,0.8858,-0.1274,0.4638,0.5507,0,0
"PortMiami, FL",2019236N10314,DORIAN,2019,242,5,5,160,4,0.0016,0.0077,0,0.0269,64,0.2016,-0.6486,0.1385,0.8769,0,0
"PortMiami, FL",2019256N23286,HUMBERTO,2019,373.1,1,3,65,3,0.0067,0.0073,0,0.0248,66,0.9198,-0.0797,0.4328,0.5821,0,0
"PortMiami, FL",2020138N28281,ARTHUR,2020,320.2,0,0,35,2,0.0366,0.0107,0,0.0289,68,3.4052,2.4497,0.971,0.0435,0,1
"PortMiami, FL",2020211N13306,ISAIAS,2020,128,1,1,75,3,0,0.0106,0,0.0313,66,0,-0.9609,0.2836,1,0,0
"PortMiami, FL",2020233N14313,LAURA,2020,455.6,0,4,58,2,0,0.0101,0,0.0303,68,0,-0.8881,0.2754,1,0,0
"PortMiami, FL",2020256N25281,SALLY,2020,12.2,0,2,50,3,0.0129,0.0056,0,0.0241,66,2.2925,0.8792,0.7313,0.2836,0,0
"PortMiami, FL",2020306N15288,ETA,2020,81.5,1,4,65,5,0.0121,0.0118,0.003,0.0265,62,1.0286,0.0472,0.5556,0.4603,0,0
"PortMiami, FL",2021182N09317,ELSA,2021,241.1,1,1,65,3,0.009,0.0132,0,0.0262,66,0.6791,-0.5067,0.3881,0.6269,0,0
"PortMiami, FL",2021222N14301,FRED,2021,333.6,0,0,40,3,0,0.0121,0,0.0298,66,0,-1.1317,0.1642,1,0,0
"PortMiami, FL",2021239N17281,IDA,2021,450.1,1,4,70,2,0.018,0.0143,0,0.0286,68,1.2529,0.3064,0.6667,0.3478,0,0
"PortMiami, FL",2022154N21273,ALEX,2022,140,0,0,45,2,0.0041,0.0105,0.0038,0.1453,68,0.3913,-0.1377,0.0725,0.942,0,0
"PortMiami, FL",2022266N12294,IAN,2022,199.9,5,5,140,4,0.0019,0.0022,0,0.0234,64,0.8619,-0.0343,0.4462,0.5692,0,0
"PortMiami, FL",2022311N21293,NICOLE,2022,200.4,1,1,65,2,0,0.0046,0,0.0229,68,0,-0.5382,0.3333,1,0,0
"PortMiami, FL",2023152N26274,ARLENE,2023,360.6,-3,0,25,2,0.0461,0.0097,0,0.024,68,4.7525,4.1096,1,0.0145,0,1
"PortMiami, FL",2023239N21274,IDALIA,2023,433.2,3,4,105,2,0.0045,0.0114,0,0.0277,68,0.3926,-0.555,0.2464,0.7681,0,0
"Portland, ME",2015126N27281,ANA,2015,228.6,-3,0,25,1,0,0,0,0.3598,70,,0,0.5352,1,0,0
"Portland, ME",2016242N24279,HERMINE,2016,217.1,-4,1,55,4,0.0532,0.0204,0,0.0966,64,2.6059,1.1464,0.8615,0.1538,0,0
"Portland, ME",2017247N09327,JOSE,2017,445.5,0,4,60,4,0.0143,0.0345,0,0.1231,64,0.4163,-0.4954,0.4,0.6154,0,0
"Portland, ME",2017277N11279,NATE,2017,143.8,-4,1,25,2,0,0,0,0.1244,68,,0,0.6522,1,0,0
"Portland, ME",2018242N13343,FLORENCE,2018,296.8,-4,4,25,1,0,0,0,0.1647,70,,0,0.7746,1,0,0
"Portland, ME",2018280N18273,MICHAEL,2018,422.4,-4,5,60,1,0,0,0,0.1725,70,,0,0.7887,1,0,0
"Portland, ME",2019236N10314,DORIAN,2019,418.8,2,5,85,1,0.1597,0,0,0.1106,70,,3.0429,0.9718,0.0423,0,1
"Portland, ME",2020188N28271,FAY,2020,304.8,-1,0,33,1,0,0,0,0.2188,70,,0,0.8169,1,0,0
"Portland, ME",2020211N13306,ISAIAS,2020,233.2,0,1,50,2,0.0419,0,0,0.0782,68,,1.4016,0.8261,0.1884,0,0
"Portland, ME",2020299N18277,ZETA,2020,476.7,-4,3,45,1,0,0,0,0.1002,70,,0,0.9155,1,0,0
"Portland, ME",2021169N23268,CLAUDETTE,2021,474.6,-4,0,40,1,0,0,0,0.2347,70,,0,0.7324,1,0,0
"Portland, ME",2021182N09317,ELSA,2021,83.7,0,1,50,2,0,0.0086,0,0.1356,68,0,-0.1232,0.5072,1,0,0
"Portland, ME",2021222N14301,FRED,2021,131.7,-4,0,25,2,0.0483,0.0175,0,0.1695,68,2.7676,0.4758,0.7536,0.2609,0,0
"Portland, ME",2021227N36297,HENRI,2021,168.8,1,1,65,3,0.0163,0.0222,0,0.1498,66,0.7379,-0.1043,0.4179,0.597,0,0
"Portland, ME",2021239N17281,IDA,2021,219.4,-4,4,40,2,0,0.0294,0,0.2014,68,0,-0.3972,0.4203,1,0,0
"Portland, ME",2021299N33284,WANDA,2021,258.8,-4,0,60,2,0,0,0,0.2236,68,,0,0.6667,1,0,0
"Portland, ME",2023249N12320,LEE,2023,308.6,-4,5,70,2,0,0,0,0.084,68,,0,0.5797,1,0,0
"Portsmouth, NH",2015126N27281,ANA,2015,202.4,-3,0,25,1,0,0,0,0,70,,0,0.9718,1,0,0
"Portsmouth, NH",2016242N24279,HERMINE,2016,164.1,-4,1,55,4,0,0,0,0.2443,64,,0,0.7231,1,0,0
"Portsmouth, NH",2017247N09327,JOSE,2017,393.3,0,4,60,4,0,0,0,0.1901,64,,0,0.8462,1,0,0
"Portsmouth, NH",2017277N11279,NATE,2017,160.4,-4,1,25,2,0,0,0,0.2625,68,,0,0.8696,1,0,0
"Portsmouth, NH",2018242N13343,FLORENCE,2018,227,-4,4,25,1,0,0,0,0,70,,0,0.9859,1,0,0
"Portsmouth, NH",2018280N18273,MICHAEL,2018,384,-4,5,60,1,0,0,0,0,70,,0,0.9859,1,0,0
"Portsmouth, NH",2019236N10314,DORIAN,2019,407.6,2,5,85,1,0,0,0,0.2597,70,,0,0.9155,1,0,0
"Portsmouth, NH",2019282N35286,MELISSA,2019,493.5,-4,0,55,1,0,0,0,0.2374,70,,0,0.9296,1,0,0
"Portsmouth, NH",2020188N28271,FAY,2020,263.4,0,0,43,2,0,0,0,0.4845,68,,0,0.8261,1,0,0
"Portsmouth, NH",2020211N13306,ISAIAS,2020,214.2,0,1,55,2,0,0,0,0.4165,68,,0,0.9275,1,0,0
"Portsmouth, NH",2020299N18277,ZETA,2020,403,-4,3,45,1,0,0,0,0,70,,0,0.9718,1,0,0
"Portsmouth, NH",2021169N23268,CLAUDETTE,2021,448.7,0,0,40,1,0,0,0,0.3284,70,,0,0.9155,1,0,0
"Portsmouth, NH",2021182N09317,ELSA,2021,88.2,0,1,50,2,0,0,0,0.4364,68,,0,0.7826,1,0,0
"Portsmouth, NH",2021222N14301,FRED,2021,53.9,-4,0,25,2,0.2248,0,0,0.3784,68,,1.6531,0.8406,0.1739,0,0
"Portsmouth, NH",2021227N36297,HENRI,2021,109,1,1,65,3,0.2833,0,0,0.3571,66,,2.1992,0.8806,0.1343,0,0
"Portsmouth, NH",2021239N17281,IDA,2021,204.8,-4,4,40,1,0,0,0,0.6283,70,,0,0.662,1,0,0
"Portsmouth, NH",2021299N33284,WANDA,2021,216.7,-4,0,60,2,0,0.1215,0,0.4515,68,0,-0.7284,0.4493,1,0,0
"Portsmouth, NH",2023249N12320,LEE,2023,356,-4,5,70,2,0,0,0,0.1701,68,,0,0.7681,1,0,0
"Presque Isle Township, MI",2017277N11279,NATE,2017,482.4,-4,1,25,1,0,0,0,0,70,,0,0.9577,1,0,0
"Presque Isle Township, MI",2018146N19273,ALBERTO,2018,71.7,-1,0,30,1,0,0,0,0.4023,70,,0,0.9437,1,0,0
"Presque Isle Township, MI",2019299N25265,OLGA,2019,60,-4,0,30,1,0,0,0,0.9717,70,,0,0.8732,1,0,0
"Presque Isle Township, MI",2020154N19269,CRISTOBAL,2020,390.8,-4,0,35,1,0,0,0,0.8611,70,,0,0.9296,1,0,0
"Rogers City, MI",2018146N19273,ALBERTO,2018,75.6,-1,0,30,1,0,0,0,0.73,70,,0,0.7042,1,0,0
"Rogers City, MI",2019299N25265,OLGA,2019,87.6,-4,0,30,1,0,0,0,0.5104,70,,0,0.8451,1,0,0
"Rogers City, MI",2020154N19269,CRISTOBAL,2020,359.4,-4,0,35,1,0.3,0,0,0.4,70,,1.7712,0.9155,0.0986,0,0
"Sabine Pass Port Authority, TX",2015167N27266,BILL,2015,256.9,0,0,50,2,0.0168,0.068,0,0.2845,68,0.2474,-0.4827,0.3333,0.6812,0,0
"Sabine Pass Port Authority, TX",2017171N24271,CINDY,2017,41.4,0,0,50,3,0,0.1976,0.061,0.3844,66,0,-1.7478,0.0448,1,1,0
"Sabine Pass Port Authority, TX",2017228N14314,HARVEY,2017,60.3,4,4,115,7,0.0075,0.1674,0.0742,0.275,58,0.0448,-2.3394,0.0169,1,1,0
"Sabine Pass Port Authority, TX",2017277N11279,NATE,2017,474.8,1,1,75,1,0,0.2422,0,0.5259,70,0,-1.3364,0.2676,1,0,0
"Sabine Pass Port Authority, TX",2018246N22283,GORDON,2018,470.5,0,0,38,2,0.1907,0.2814,0.0157,0.4942,68,0.6775,-0.6706,0.2464,0.7681,0,0
"Sabine Pass Port Authority, TX",2019192N29274,BARRY,2019,148.1,1,1,65,4,0.0456,0.2609,0.1473,0.4344,64,0.1746,-2.5545,0.0154,1,1,0
"Sabine Pass Port Authority, TX",2019261N28264,IMELDA,2019,126.3,0,0,40,3,0.3616,0.2678,0.1551,0.4863,66,1.3504,0.9156,0.8507,0.1642,0,0
"Sabine Pass Port Authority, TX",2019299N25265,OLGA,2019,300.4,0,0,45,2,0.1384,0.3097,0.0803,0.5327,68,0.4469,-1.1748,0.1304,0.8841,0,0
"Sabine Pass Port Authority, TX",2020154N19269,CRISTOBAL,2020,328,0,0,45,2,0.0212,0.0975,0,0.3121,68,0.2175,-0.6427,0.2029,0.8116,0,0
"Sabine Pass Port Authority, TX",2020205N26272,HANNA,2020,279,1,1,80,3,0.0644,0.0613,0,0.1968,66,1.0514,0.0511,0.5224,0.4925,0,0
"Sabine Pass Port Authority, TX",2020233N14313,LAURA,2020,79.5,4,4,130,2,0,0.0868,0,0.3771,68,0,-0.6167,0.3333,1,0,0
"Sabine Pass Port Authority, TX",2020234N14280,MARCO,2020,188.6,0,1,35,1,0,0.0718,0,0.5172,70,0,-0.4208,0.4366,1,0,0
"Sabine Pass Port Authority, TX",2020261N21265,BETA,2020,55.1,0,0,55,6,0.1386,0.1243,0,0.381,60,1.115,0.107,0.5574,0.459,0,0
"Sabine Pass Port Authority, TX",2020279N16284,DELTA,2020,82.9,3,4,105,2,0.0968,0.2236,0,0.4707,68,0.433,-0.8259,0.2754,0.7391,0,0
"Sabine Pass Port Authority, TX",2020299N18277,ZETA,2020,345.1,3,3,100,2,0.3513,0.2581,0.0414,0.4554,68,1.3608,0.6745,0.7536,0.2609,0,0
"Sabine Pass Port Authority, TX",2021169N23268,CLAUDETTE,2021,306,0,0,40,2,0.1838,0.2033,0.0512,0.3934,68,0.904,-0.193,0.4493,0.5652,0,0
"Sabine Pass Port Authority, TX",2021239N17281,IDA,2021,333.6,4,4,130,2,0.0642,0.1967,0.0564,0.4446,68,0.3262,-1.0257,0.087,0.9275,0,0
"Sabine Pass Port Authority, TX",2021256N21265,NICHOLAS,2021,34.6,1,1,65,5,0.1666,0.2231,0.109,0.3497,62,0.7467,-0.7835,0.1587,0.8571,0,0
"Sabine Pass Port Authority, TX",2023234N25271,HAROLD,2023,393.3,0,0,50,1,0.1473,0.2449,0,0.456,70,0.6013,-0.6421,0.338,0.6761,0,0
"San Juan, PR",2015237N14315,ERIKA,2015,115.1,0,0,45,2,0,0.0293,0,0.0894,68,0,-1.0174,0.1594,1,0,0
"San Juan, PR",2016273N13300,MATTHEW,2016,469.7,1,5,68,1,0.0321,0,0,0.0807,70,,0.7241,0.7606,0.2535,0,0
"San Juan, PR",2017224N22293,GERT,2017,448.8,-3,2,25,1,0,0,0,0.6483,70,,0,0.5775,1,0,0
"San Juan, PR",2017242N16333,IRMA,2017,87.6,5,5,155,2,0.5218,0.0382,0,0.6849,68,13.6649,1.8399,0.7826,0.2319,0,0
"San Juan, PR",2017247N09327,JOSE,2017,296.3,4,4,120,2,0.6458,0.0382,0,0.6849,68,16.8984,2.2656,0.913,0.1014,0,0
"San Juan, PR",2017260N12310,MARIA,2017,28.4,5,5,150,4,0.1151,0.4948,0,0.6884,64,0.2327,-1.3282,0.4154,0.6,0,0
"San Juan, PR",2018186N10325,BERYL,2018,180.9,-3,1,35,2,0,0.0323,0,0.163,68,0,-0.5209,0.3333,1,0,0
"San Juan, PR",2018251N13325,ISAAC,2018,358.3,0,1,35,2,0,0,0,0.0619,68,,0,0.6522,1,0,0
"San Juan, PR",2018265N08338,KIRK,2018,489.6,0,0,35,1,0,0,0,0.0842,70,,0,0.8169,1,0,0
"San Juan, PR",2019236N10314,DORIAN,2019,80,1,5,78,2,0,0,0,0.0547,68,,0,0.7971,1,0,0
"San Juan, PR",2019260N13317,JERRY,2019,393,0,2,63,2,0,0,0,0.0417,68,,0,0.6812,1,0,0
"San Juan, PR",2019265N12301,KAREN,2019,76.2,0,0,40,3,0,0,0,0.0446,66,,0,0.5672,1,0,0
"San Juan, PR",2020211N13306,ISAIAS,2020,226,0,1,63,2,0,0,0,0.0528,68,,0,0.7971,1,0,0
"San Juan, PR",2020224N11326,JOSEPHINE,2020,257.2,0,0,35,1,0.0856,0,0,0.0458,70,,4.0796,0.9718,0.0423,0,1
"San Juan, PR",2020233N14313,LAURA,2020,82.3,0,4,45,3,0,0,0,0.0416,66,,0,0.791,1,0,0
"San Juan, PR",2021182N09317,ELSA,2021,359.9,1,1,70,1,0,0,0,0.0493,70,,0,0.7887,1,0,0
"San Juan, PR",2021222N14301,FRED,2021,124.8,0,0,40,2,0.0215,0.0089,0,0.0295,68,2.4287,0.9506,0.8551,0.1594,0,0
"San Juan, PR",2021225N15313,GRACE,2021,158.2,-1,3,33,2,0,0.0079,0,0.0295,68,0,-0.5966,0.4928,1,0,0
"San Juan, PR",2021262N16307,PETER,2021,250.6,0,0,45,3,0.0124,0,0,0.0262,66,,1.3305,0.7463,0.2687,0,0
"San Juan, PR",2022246N18301,EARL,2022,207.6,0,2,60,4,0,0,0,0.0591,64,,0,0.7231,1,0,0
"San Juan, PR",2022257N16312,FIONA,2022,111.9,2,4,95,4,0,0,0,0.01,64,,0,0.8,1,0,0
"San Juan, PR",2022311N21293,NICOLE,2022,254,-3,1,35,1,0,0,0,0.0407,70,,0,0.8451,1,0,0
"San Juan, PR",2023232N13300,FRANKLIN,2023,397,0,4,60,7,0.0066,0.009,0,0.031,58,0.7327,-0.2222,0.4237,0.5932,0,0
"San Juan, PR",2023266N16323,PHILIPPE,2023,150.7,0,0,45,3,0,0,0,0.0254,66,,0,0.5373,1,0,0
"San Juan, PR",2023292N13309,TAMMY,2023,292.2,1,2,80,2,0,0,0,0.0645,68,,0,0.6232,1,0,0
"Sandusky, OH",2015167N27266,BILL,2015,307,-3,0,15,2,0.4579,0.3821,0,0.7173,68,1.1984,0.3085,0.5652,0.4493,0,0
"Sandusky, OH",2017171N24271,CINDY,2017,361.5,-3,0,25,1,0.8696,0.2878,0,0.5991,70,3.0213,2.8129,1,0.0141,0,1
"Sandusky, OH",2017228N14314,HARVEY,2017,399.8,-4,4,20,1,0,0.2477,0,0.6735,70,0,-1.07,0.2958,1,0,0
"Sandusky, OH",2017277N11279,NATE,2017,128.3,-3,1,25,1,0,0,0,0.5311,70,,0,0.5352,1,0,0
"Sandusky, OH",2018146N19273,ALBERTO,2018,238.3,-1,0,30,2,0.3377,0.2221,0,0.5464,68,1.5205,0.5823,0.6522,0.3623,0,0
"Sandusky, OH",2018242N13343,FLORENCE,2018,281.5,-1,4,25,2,0.2368,0.2323,0,0.6325,68,1.0193,0.0204,0.5072,0.5072,0,0
"Sandusky, OH",2019299N25265,OLGA,2019,365.7,-4,0,30,1,0,0,0,0.4608,70,,0,0.6338,1,0,0
"Sandusky, OH",2020148N32281,BERTHA,2020,248.5,-4,0,20,1,0.2334,0,0,0.4454,70,,1.3879,0.8873,0.1268,0,0
"Sandusky, OH",2020233N14313,LAURA,2020,393.5,-3,4,20,1,0,0,0,0.4043,70,,0,0.7465,1,0,0
"Sandusky, OH",2021222N14301,FRED,2021,260.8,-3,0,20,2,0.6339,0.2774,0,0.6704,68,2.2852,1.6093,0.913,0.1014,0,0
"Sandusky, OH",2021239N17281,IDA,2021,406.4,-1,4,30,1,0,0.2421,0,0.7247,70,0,-0.8513,0.4085,1,0,0
"Searsport, ME",2015126N27281,ANA,2015,225.2,-3,0,25,1,0,0,0,0.1685,70,,0,0.9296,1,0,0
"Searsport, ME",2016242N24279,HERMINE,2016,320.4,-4,1,25,1,0,0,0,0.1275,70,,0,0.9437,1,0,0
"Searsport, ME",2017277N11279,NATE,2017,83.9,-4,1,25,2,0,0,0,0.211,68,,0,0.8986,1,0,0
"Searsport, ME",2018242N13343,FLORENCE,2018,434.7,-4,4,25,1,0,0,0,0.7585,70,,0,0.8451,1,0,0
"Searsport, ME",2018280N18273,MICHAEL,2018,440.2,-4,5,63,1,0,0,0,0.3739,70,,0,0.9155,1,0,0
"Searsport, ME",2019236N10314,DORIAN,2019,394.6,2,5,85,2,0,0,0,0.3975,68,,0,0.7681,1,0,0
"Searsport, ME",2020188N28271,FAY,2020,395,-3,0,28,1,0,0,0,0.3914,70,,0,0.9155,1,0,0
"Searsport, ME",2020211N13306,ISAIAS,2020,292.3,0,1,50,2,0,0,0,0.4526,68,,0,0.8551,1,0,0
"Searsport, ME",2020256N11329,TEDDY,2020,467.9,1,4,65,1,0,0,0,0.2606,70,,0,0.9296,1,0,0
"Searsport, ME",2021169N23268,CLAUDETTE,2021,473.9,-4,0,40,1,0,0,0,0.4016,70,,0,0.8732,1,0,0
"Searsport, ME",2021182N09317,ELSA,2021,72.4,0,1,50,2,0,0,0,0.3296,68,,0,0.7391,1,0,0
"Searsport, ME",2021222N14301,FRED,2021,267.1,-4,0,25,2,0.7096,0,0,0.3204,68,,4.8189,1,0.0145,0,1
"Searsport, ME",2021227N36297,HENRI,2021,244,0,1,55,3,0.2257,0,0,0.3812,66,,1.7672,0.8955,0.1194,0,0
"Searsport, ME",2021239N17281,IDA,2021,190,-4,4,45,3,0.1061,0.081,0,0.4074,66,1.3101,0.1802,0.6418,0.3731,0,0
"Searsport, ME",2021299N33284,WANDA,2021,343.9,-4,0,60,2,0,0,0,0.5124,68,,0,0.6522,1,0,0
"Searsport, ME",2023249N12320,LEE,2023,208.6,-4,5,70,2,0,0,0,0.3627,68,,0,0.8261,1,0,0
"Shawneetown Regional Port, IL",2015167N27266,BILL,2015,36,-3,0,20,2,0,0,0,0,68,,,1,1,0,0
"Shawneetown Regional Port, IL",2017171N24271,CINDY,2017,110.5,-1,0,30,2,0,0,0,0,68,,,1,1,0,0
"Shawneetown Regional Port, IL",2017228N14314,HARVEY,2017,204.5,-1,4,30,3,0,0,0,0,66,,,1,1,0,0
"Shawneetown Regional Port, IL",2017242N16333,IRMA,2017,193.6,-3,5,20,2,0,0,0,0,68,,,1,1,0,0
"Shawneetown Regional Port, IL",2017277N11279,NATE,2017,277.7,-1,1,25,2,0,0,0,0,68,,,1,1,0,0
"Shawneetown Regional Port, IL",2018146N19273,ALBERTO,2018,42.2,-1,0,30,3,0,0,0,0,66,,,1,1,0,0
"Shawneetown Regional Port, IL",2018246N22283,GORDON,2018,439,-3,0,15,1,0,0,0,0,70,,,1,1,0,0
"Shawneetown Regional Port, IL",2019192N29274,BARRY,2019,417.8,-3,1,15,1,0,0,0,0,70,,,1,1,0,0
"Shawneetown Regional Port, IL",2019299N25265,OLGA,2019,80.3,-4,0,43,2,0,0,0,0,68,,,1,1,0,0
"Shawneetown Regional Port, IL",2020154N19269,CRISTOBAL,2020,343.5,-1,0,30,1,0,0,0,0,70,,,1,1,0,0
"Shawneetown Regional Port, IL",2020233N14313,LAURA,2020,28,-1,4,30,2,0,0,0,0,68,,,1,1,0,0
"Shawneetown Regional Port, IL",2020261N21265,BETA,2020,427.8,-4,0,20,2,0,0,0,0,68,,,1,1,0,0
"Shawneetown Regional Port, IL",2020279N16284,DELTA,2020,321.3,-4,4,25,2,0,0,0,0,68,,,1,1,0,0
"Shawneetown Regional Port, IL",2020299N18277,ZETA,2020,454.3,0,3,53,1,0,0,0,0,70,,,1,1,0,0
"Shawneetown Regional Port, IL",2021222N14301,FRED,2021,456,-1,0,25,2,0,0,0,0,68,,,1,1,0,0
"Shawneetown Regional Port, IL",2021239N17281,IDA,2021,304.6,-1,4,28,2,0,0,0,0,68,,,1,1,0,0
"Shawneetown Regional Port, IL",2022311N21293,NICOLE,2022,468.9,-3,1,25,1,0,0,0,0,70,,,1,1,0,0
"Silver Bay, MN",2020154N19269,CRISTOBAL,2020,245.3,-4,0,35,1,0,0,0,0.1076,70,,0,0.9437,1,0,0
"South Jersey Port Corp, NJ",2015126N27281,ANA,2015,118.2,-1,0,30,2,0.1358,0.0905,0.025,0.2038,68,1.4999,0.8817,0.8406,0.1739,0,0
"South Jersey Port Corp, NJ",2015193N35285,CLAUDETTE,2015,466.1,-3,0,25,1,0.0904,0.0815,0,0.2286,70,1.109,0.1294,0.5352,0.4789,0,0
"South Jersey Port Corp, NJ",2016148N27288,BONNIE,2016,445.6,0,0,35,2,0.1676,0.077,0.0249,0.1505,68,2.1765,2.0843,0.971,0.0435,0,1
"South Jersey Port Corp, NJ",2016158N22272,COLIN,2016,387,-4,0,50,2,0.1508,0.0742,0.0287,0.1425,68,2.034,1.7741,0.9565,0.058,0,0
"South Jersey Port Corp, NJ",2016240N31295,UNNAMED,2016,447.9,-1,-1,30,2,0.0325,0.081,0.0197,0.1632,68,0.4009,-1.0967,0.1304,0.8841,0,0
"South Jersey Port Corp, NJ",2016242N24279,HERMINE,2016,214.6,0,1,60,6,0.0575,0.0935,0.0442,0.132,60,0.6148,-1.3339,0.1311,0.8852,0,0
"South Jersey Port Corp, NJ",2016257N27280,JULIA,2016,467.1,-4,0,25,2,0.1062,0.0747,0.0022,0.1595,68,1.4208,0.6661,0.7246,0.2899,0,0
"South Jersey Port Corp, NJ",2017171N24271,CINDY,2017,315.5,-3,0,25,1,0,0.0701,0,0.1718,70,0,-1.2278,0.169,1,0,0
"South Jersey Port Corp, NJ",2017240N31279,UNNAMED,2017,468.6,-4,-3,40,1,0,0.0582,0,0.1636,70,0,-1.0685,0.1831,1,0,0
"South Jersey Port Corp, NJ",2017247N09327,JOSE,2017,393.7,0,4,63,5,0.0676,0.0516,0.0304,0.1343,62,1.3096,0.4394,0.6032,0.4127,0,0
"South Jersey Port Corp, NJ",2017260N12310,MARIA,2017,410.3,1,5,65,2,0.0723,0.0713,0.0078,0.1657,68,1.0141,0.02,0.5217,0.4928,0,0
"South Jersey Port Corp, NJ",2017277N11279,NATE,2017,406.1,-4,1,25,1,0.0309,0.0761,0,0.2063,70,0.4058,-0.666,0.2394,0.7746,0,0
"South Jersey Port Corp, NJ",2018242N13343,FLORENCE,2018,246.3,-4,4,25,1,0.1255,0.0952,0,0.1862,70,1.3181,0.4853,0.7042,0.3099,0,0
"South Jersey Port Corp, NJ",2018280N18273,MICHAEL,2018,242.7,-4,5,60,1,0.0521,0.0576,0,0.2042,70,0.9046,-0.0786,0.4789,0.5352,0,0
"South Jersey Port Corp, NJ",2019236N10314,DORIAN,2019,376.9,2,5,85,2,0.0365,0.1343,0.0452,0.3378,68,0.2716,-0.9938,0.058,0.9565,0,0
"South Jersey Port Corp, NJ",2019239N32287,ERIN,2019,463,-1,0,35,1,0.1421,0.1209,0,0.3988,70,1.1756,0.1888,0.6338,0.3803,0,0
"South Jersey Port Corp, NJ",2019282N35286,MELISSA,2019,448,-2,0,50,4,0.2928,0.1565,0.0534,0.2981,64,1.871,1.6809,0.9231,0.0923,0,0
"South Jersey Port Corp, NJ",2019291N22264,NESTOR,2019,235.8,-4,0,40,2,0.1325,0.1658,0.0114,0.331,68,0.7991,-0.35,0.3333,0.6812,0,0
"South Jersey Port Corp, NJ",2020138N28281,ARTHUR,2020,410.4,0,0,53,2,0.0418,0.0672,0,0.156,68,0.6221,-0.5109,0.2609,0.7536,0,0
"South Jersey Port Corp, NJ",2020148N32281,BERTHA,2020,484.5,-4,0,20,1,0,0.0531,0,0.1744,70,0,-0.7545,0.3239,1,0,0
"South Jersey Port Corp, NJ",2020188N28271,FAY,2020,46.8,0,0,50,3,0.0703,0.0601,0,0.1924,66,1.169,0.1556,0.597,0.4179,0,0
"South Jersey Port Corp, NJ",2020211N13306,ISAIAS,2020,96.1,0,1,60,1,0.1389,0.0401,0,0.1777,70,3.4629,1.6145,0.8732,0.1408,0,0
"South Jersey Port Corp, NJ",2020228N37286,KYLE,2020,317.9,0,0,43,2,0.074,0.0435,0,0.1707,68,1.6988,0.3738,0.5797,0.4348,0,0
"South Jersey Port Corp, NJ",2020299N18277,ZETA,2020,99.3,-4,3,45,2,0.0494,0.0577,0,0.1587,68,0.8552,-0.1676,0.4203,0.5942,0,0
"South Jersey Port Corp, NJ",2021169N23268,CLAUDETTE,2021,314.6,0,0,40,2,0.1303,0.0663,0,0.2278,68,1.9667,0.9598,0.8406,0.1739,0,0
"South Jersey Port Corp, NJ",2021182N09317,ELSA,2021,59.4,0,1,50,2,0.0126,0.0554,0,0.1811,68,0.228,-0.69,0.1594,0.8551,0,0
"South Jersey Port Corp, NJ",2021222N14301,FRED,2021,296.1,-3,0,25,3,0.0134,0.0723,0.0012,0.1777,66,0.1859,-1.1273,0.1493,0.8657,0,0
"South Jersey Port Corp, NJ",2021227N36297,HENRI,2021,223.9,1,1,65,4,0.0377,0.076,0.015,0.1552,64,0.4958,-0.779,0.2462,0.7692,0,0
"South Jersey Port Corp, NJ",2021239N17281,IDA,2021,60.6,-4,4,40,2,0.0108,0.0719,0,0.264,68,0.1502,-0.7567,0.1449,0.8696,0,0
"South Jersey Port Corp, NJ",2021259N30286,ODETTE,2021,433.7,0,0,40,2,0.1085,0.0458,0,0.2088,68,2.3684,0.8983,0.8551,0.1594,0,0
"South Jersey Port Corp, NJ",2021299N33284,WANDA,2021,415.7,-4,0,58,1,0,0.0695,0,0.2278,70,0,-0.742,0.1972,1,0,0
"South Jersey Port Corp, NJ",2023015N36289,UNNAMED,2023,477.4,-4,-2,45,1,0.0174,0.0663,0,0.1757,70,0.2618,-0.7862,0.2113,0.8028,0,0
"South Jersey Port Corp, NJ",2023265N29284,OPHELIA,2023,185,0,0,45,2,0.0329,0.0725,0.0158,0.1485,68,0.4535,-0.8726,0.1884,0.8261,0,0
"South Louisiana, LA, Port of",2016158N22272,COLIN,2016,471.5,0,0,45,1,0,0,0,0.0059,70,,0,0.831,1,0,0
"South Louisiana, LA, Port of",2017171N24271,CINDY,2017,306.5,0,0,50,4,0.0042,0,0,0.0073,64,,1.6748,0.8615,0.1538,0,0
"South Louisiana, LA, Port of",2017228N14314,HARVEY,2017,245.6,0,4,45,4,0.0042,0.0015,0,0.021,64,2.7855,0.438,0.8308,0.1846,0,0
"South Louisiana, LA, Port of",2017277N11279,NATE,2017,126.7,1,1,80,2,0,0,0,0.0098,68,,0,0.7536,1,0,0
"South Louisiana, LA, Port of",2018146N19273,ALBERTO,2018,427.2,0,0,55,2,0.0018,0,0,0.0072,68,,0.7331,0.7536,0.2609,0,0
"South Louisiana, LA, Port of",2018246N22283,GORDON,2018,182.5,0,0,60,3,0.0052,0,0,0.0064,66,,2.3981,0.9104,0.1045,0,0
"South Louisiana, LA, Port of",2018280N18273,MICHAEL,2018,422.7,5,5,140,1,0,0,0,0.015,70,,0,0.7324,1,0,0
"South Louisiana, LA, Port of",2019192N29274,BARRY,2019,154.2,1,1,65,6,0,0,0,0.0025,60,,0,0.541,1,0,0
"South Louisiana, LA, Port of",2019261N28264,IMELDA,2019,428.1,0,0,40,3,0.0061,0,0,0.005,66,,3.0131,0.9701,0.0448,0,1
"South Louisiana, LA, Port of",2019291N22264,NESTOR,2019,357.3,0,0,50,2,0,0,0,0.0111,68,,0,0.7391,1,0,0
"South Louisiana, LA, Port of",2019299N25265,OLGA,2019,9.2,0,0,45,2,0,0,0,0.0102,68,,0,0.7971,1,0,0
"South Louisiana, LA, Port of",2020154N19269,CRISTOBAL,2020,42.9,0,0,45,3,0,0.0035,0,0.0127,66,0,-0.8399,0.3881,1,0,0
"South Louisiana, LA, Port of",2020188N28271,FAY,2020,306.9,-3,0,30,2,0.0051,0,0,0.0151,68,,1.0178,0.7536,0.2609,0,0
"South Louisiana, LA, Port of",2020205N26272,HANNA,2020,393.2,0,1,53,2,0,0.0026,0,0.019,68,0,-0.3895,0.4783,1,0,0
"South Louisiana, LA, Port of",2020233N14313,LAURA,2020,270.2,4,4,130,2,0,0,0,0.0111,68,,0,0.6812,1,0,0
"South Louisiana, LA, Port of",2020234N14280,MARCO,2020,146.8,0,1,55,2,0,0,0,0.0166,68,,0,0.6522,1,0,0
"South Louisiana, LA, Port of",2020256N25281,SALLY,2020,239.5,2,2,95,4,0.001,0.0032,0,0.011,64,0.3161,-0.533,0.3692,0.6462,0,0
"South Louisiana, LA, Port of",2020261N21265,BETA,2020,187,0,0,55,7,0.0012,0.0044,0,0.0116,58,0.2783,-0.8787,0.1695,0.8475,0,0
"South Louisiana, LA, Port of",2020279N16284,DELTA,2020,209.8,3,4,103,3,0,0.0027,0,0.01,66,0,-0.6134,0.3582,1,0,0
"South Louisiana, LA, Port of",2020299N18277,ZETA,2020,61.8,3,3,100,2,0,0,0,0.0088,68,,0,0.7971,1,0,0
"South Louisiana, LA, Port of",2021169N23268,CLAUDETTE,2021,13.6,0,0,40,3,0,0,0,0.014,66,,0,0.7015,1,0,0
"South Louisiana, LA, Port of",2021222N14301,FRED,2021,488.5,0,0,55,2,0,0,0,0.1113,68,,0,0.7681,1,0,0
"South Louisiana, LA, Port of",2021239N17281,IDA,2021,16.1,4,4,130,3,0.2731,0,0,0.0132,66,,65.0975,1,0.0149,0,1
"South Louisiana, LA, Port of",2021252N28273,MINDY,2021,402.4,0,0,45,2,0.0517,0,0,0.011,68,,12.1734,1,0.0145,0,1
"South Louisiana, LA, Port of",2021256N21265,NICHOLAS,2021,120.3,0,1,50,4,0.0021,0,0,0.1848,64,,0.034,0.7385,0.2769,0,0
"South Louisiana, LA, Port of",2023152N26274,ARLENE,2023,449.8,-1,0,33,2,0,0,0,0.0062,68,,0,0.7681,1,0,0
"Southeast Missouri Port, MO",2015167N27266,BILL,2015,27,-3,0,20,2,0,0,0,0,68,,,1,1,0,0
"Southeast Missouri Port, MO",2017171N24271,CINDY,2017,127.5,-1,0,30,2,0,0,0,0,68,,,1,1,0,0
"Southeast Missouri Port, MO",2017228N14314,HARVEY,2017,265.3,-1,4,30,3,0,0,0,0,66,,,1,1,0,0
"Southeast Missouri Port, MO",2017242N16333,IRMA,2017,64.5,-3,5,20,2,0,0,0,0,68,,,1,1,0,0
"Southeast Missouri Port, MO",2017277N11279,NATE,2017,369,-1,1,30,2,0,0,0,0,68,,,1,1,0,0
"Southeast Missouri Port, MO",2018146N19273,ALBERTO,2018,154.4,-1,0,30,2,0,0,0,0,68,,,1,1,0,0
"Southeast Missouri Port, MO",2018246N22283,GORDON,2018,307.5,-1,0,20,2,0,0,0,0,68,,,1,1,0,0
"Southeast Missouri Port, MO",2019192N29274,BARRY,2019,289,-1,1,23,2,0,0,0,0,68,,0,0.9565,1,0,0
"Southeast Missouri Port, MO",2019299N25265,OLGA,2019,120.1,-4,0,43,2,0,0,0,0,68,,,1,1,0,0
"Southeast Missouri Port, MO",2020154N19269,CRISTOBAL,2020,232.6,-1,0,30,2,0,0,0,0,68,,,1,1,0,0
"Southeast Missouri Port, MO",2020233N14313,LAURA,2020,42.3,0,4,45,3,0,0,0,0,66,,,1,1,0,0
"Southeast Missouri Port, MO",2020261N21265,BETA,2020,441.8,-4,0,20,2,0,0,0,0,68,,,1,1,0,0
"Southeast Missouri Port, MO",2020279N16284,DELTA,2020,325.1,-1,4,30,2,0,0,0,0,68,,,1,1,0,0
"Southeast Missouri Port, MO",2020299N18277,ZETA,2020,492.3,0,3,53,1,0,0,0,0,70,,,1,1,0,0
"Southeast Missouri Port, MO",2021239N17281,IDA,2021,327.8,-1,4,30,2,0,0,0,0,68,,,1,1,0,0
"Southern Indiana District, IN",2015167N27266,BILL,2015,52,-3,0,20,3,0,0,0,0,66,,,1,1,0,0
"Southern Indiana District, IN",2017171N24271,CINDY,2017,127.8,-1,0,28,2,0,0,0,0,68,,,1,1,0,0
"Southern Indiana District, IN",2017228N14314,HARVEY,2017,131.6,-1,4,30,2,0,0,0,0,68,,,1,1,0,0
"Southern Indiana District, IN",2017242N16333,IRMA,2017,365.6,-3,5,18,2,0,0,0,0,68,,,1,1,0,0
"Southern Indiana District, IN",2017277N11279,NATE,2017,167.9,-1,1,25,2,0,0,0,0,68,,,1,1,0,0
"Southern Indiana District, IN",2018146N19273,ALBERTO,2018,115.6,-1,0,30,3,0,0,0,0,66,,0,0.9552,1,0,0
"Southern Indiana District, IN",2018242N13343,FLORENCE,2018,363.3,-1,4,25,1,0,0,0,0,70,,,1,1,0,0
"Southern Indiana District, IN",2019299N25265,OLGA,2019,203.6,-4,0,40,2,0,0,0,0,68,,,1,1,0,0
"Southern Indiana District, IN",2020148N32281,BERTHA,2020,476.5,-4,0,20,1,0,0,0,0,70,,,1,1,0,0
"Southern Indiana District, IN",2020154N19269,CRISTOBAL,2020,495.8,-1,0,28,1,0,0,0,0,70,,,1,1,0,0
"Southern Indiana District, IN",2020233N14313,LAURA,2020,50.8,-1,4,25,2,0,0,0,0,68,,,1,1,0,0
"Southern Indiana District, IN",2020261N21265,BETA,2020,472.1,-4,0,18,1,0,0,0,0,70,,,1,1,0,0
"Southern Indiana District, IN",2020279N16284,DELTA,2020,360.8,-4,4,25,1,0,0,0,0,70,,,1,1,0,0
"Southern Indiana District, IN",2020299N18277,ZETA,2020,418.6,0,3,53,1,0,0,0,0,70,,,1,1,0,0
"Southern Indiana District, IN",2021222N14301,FRED,2021,342.8,-1,0,25,2,0,0,0,0,68,,,1,1,0,0
"Southern Indiana District, IN",2021239N17281,IDA,2021,285.1,-1,4,25,2,0,0,0,0,68,,,1,1,0,0
"Southern Indiana District, IN",2022311N21293,NICOLE,2022,399.1,-1,1,25,1,0,0,0,0,70,,,1,1,0,0
"Southwest Regional Port, IL",2015167N27266,BILL,2015,145.6,-3,0,20,2,0,0,0,0,68,,,1,1,0,0
"Southwest Regional Port, IL",2017171N24271,CINDY,2017,275.2,-1,0,30,1,0,0,0,0,70,,,1,1,0,0
"Southwest Regional Port, IL",2017228N14314,HARVEY,2017,392.8,-1,4,30,2,0,0,0,0,68,,,1,1,0,0
"Southwest Regional Port, IL",2017242N16333,IRMA,2017,196.8,-3,5,15,2,0,0,0,0,68,,,1,1,0,0
"Southwest Regional Port, IL",2017277N11279,NATE,2017,473,-3,1,20,1,0,0,0,0,70,,,1,1,0,0
"Southwest Regional Port, IL",2018146N19273,ALBERTO,2018,217.3,-1,0,30,3,0,0,0,0,66,,,1,1,0,0
"Southwest Regional Port, IL",2018246N22283,GORDON,2018,391.1,-3,0,15,1,0,0,0,0,70,,,1,1,0,0
"Southwest Regional Port, IL",2019192N29274,BARRY,2019,285.5,-3,1,20,2,0,0,0,0,68,,,1,1,0,0
"Southwest Regional Port, IL",2019299N25265,OLGA,2019,129.6,-4,0,40,2,0,0,0,0,68,,,1,1,0,0
"Southwest Regional Port, IL",2020154N19269,CRISTOBAL,2020,170.9,-1,0,30,2,0,0,0,0,68,,,1,1,0,0
"Southwest Regional Port, IL",2020233N14313,LAURA,2020,168.4,-1,4,30,2,0,0,0,0,68,,,1,1,0,0
"Southwest Regional Port, IL",2020279N16284,DELTA,2020,477.7,-4,4,25,1,0,0,0,0,70,,,1,1,0,0
"Southwest Regional Port, IL",2021239N17281,IDA,2021,471.5,-1,4,25,1,0,0,0,0,70,,,1,1,0,0
"St. Louis City Port, MO",2015167N27266,BILL,2015,156.4,-3,0,20,2,0,0,0,0,68,,0,0.971,1,0,0
"St. Louis City Port, MO",2017171N24271,CINDY,2017,285.7,-1,0,30,1,0,0,0,0,70,,0,0.9577,1,0,0
"St. Louis City Port, MO",2017228N14314,HARVEY,2017,403.2,-1,4,30,2,0,0,0,0.1135,68,,0,0.8261,1,0,0
"St. Louis City Port, MO",2017242N16333,IRMA,2017,206.4,-3,5,15,2,0,0,0,0.1135,68,,0,0.8551,1,0,0
"St. Louis City Port, MO",2017277N11279,NATE,2017,482.5,-3,1,20,1,0,0,0,0,70,,0,0.9577,1,0,0
"St. Louis City Port, MO",2018146N19273,ALBERTO,2018,224.2,-1,0,30,3,0,0,0,0,66,,,1,1,0,0
"St. Louis City Port, MO",2018246N22283,GORDON,2018,396.8,-3,0,15,1,0,0,0,0,70,,0,0.9859,1,0,0
"St. Louis City Port, MO",2019192N29274,BARRY,2019,286.2,-3,1,20,2,0,0,0,0,68,,,1,1,0,0
"St. Louis City Port, MO",2019299N25265,OLGA,2019,137,-4,0,40,2,0,0,0,0,68,,,1,1,0,0
"St. Louis City Port, MO",2020154N19269,CRISTOBAL,2020,162.9,-1,0,30,2,0,0,0,0,68,,,1,1,0,0
"St. Louis City Port, MO",2020233N14313,LAURA,2020,179.2,-1,4,30,2,0,0,0,0,68,,,1,1,0,0
"St. Louis City Port, MO",2020279N16284,DELTA,2020,488.4,-4,4,25,1,0,0,0,0,70,,0,0.9859,1,0,0
"St. Louis City Port, MO",2021239N17281,IDA,2021,482.2,-1,4,25,1,0,0,0,0,70,,,1,1,0,0
"St. Louis County, MO",2015167N27266,BILL,2015,161.6,-3,0,20,2,0,0,0,0,68,,,1,1,0,0
"St. Louis County, MO",2017171N24271,CINDY,2017,292.2,-1,0,30,1,0,0,0,0,70,,,1,1,0,0
"St. Louis County, MO",2017228N14314,HARVEY,2017,416.6,-1,4,30,2,0,0,0,0,68,,,1,1,0,0
"St. Louis County, MO",2017242N16333,IRMA,2017,206.9,-3,5,15,2,0,0,0,0,68,,,1,1,0,0
"St. Louis County, MO",2017277N11279,NATE,2017,499,-3,1,20,1,0,0,0,0,70,,,1,1,0,0
"St. Louis County, MO",2018146N19273,ALBERTO,2018,244,-1,0,30,2,0,0,0,0,68,,,1,1,0,0
"St. Louis County, MO",2018246N22283,GORDON,2018,386.1,-3,0,15,1,0,0,0,0,70,,,1,1,0,0
"St. Louis County, MO",2019192N29274,BARRY,2019,268.5,-3,1,20,2,0,0,0,0,68,,,1,1,0,0
"St. Louis County, MO",2019299N25265,OLGA,2019,156.4,-4,0,40,2,0,0,0,0,68,,,1,1,0,0
"St. Louis County, MO",2020154N19269,CRISTOBAL,2020,144.1,-1,0,30,2,0,0,0,0,68,,,1,1,0,0
"St. Louis County, MO",2020233N14313,LAURA,2020,186.6,-1,4,30,2,0,0,0,0,68,,,1,1,0,0
"St. Louis County, MO",2020279N16284,DELTA,2020,495.6,-4,4,25,1,0,0,0,0,70,,,1,1,0,0
"St. Louis County, MO",2021239N17281,IDA,2021,493.3,-1,4,23,1,0,0,0,0,70,,,1,1,0,0
"St. Paul Port Authority, MN",2020154N19269,CRISTOBAL,2020,270.7,-1,0,35,2,0,0,0,0.1012,68,,0,0.942,1,0,0
"Tampa Port Authority, FL",2015126N27281,ANA,2015,334.3,-3,0,25,1,0,0,0,0.0365,70,,0,0.8732,1,0,0
"Tampa Port Authority, FL",2016148N27288,BONNIE,2016,436.7,0,0,40,2,0.0771,0.0151,0,0.3073,68,5.0932,0.5533,0.6087,0.4058,0,0
"Tampa Port Authority, FL",2016158N22272,COLIN,2016,243.3,0,0,45,2,0,0.01,0,0.3037,68,0,-0.0992,0.3768,1,0,0
"Tampa Port Authority, FL",2016242N24279,HERMINE,2016,267.8,1,1,70,6,0,0.0043,0,0.0169,60,0,-0.7383,0.1967,1,0,0
"Tampa Port Authority, FL",2016257N27280,JULIA,2016,147.6,0,0,45,3,0.0084,0,0,0.0245,66,,1.0364,0.8806,0.1343,0,0
"Tampa Port Authority, FL",2016273N13300,MATTHEW,2016,228.7,4,5,120,3,0,0,0,0.0253,66,,0,0.5522,1,0,0
"Tampa Port Authority, FL",2017212N28275,EMILY,2017,47.5,0,0,50,3,0,0,0,0.0337,66,,0,0.7015,1,0,0
"Tampa Port Authority, FL",2017240N31279,UNNAMED,2017,349.2,-3,-3,35,2,0.1446,0,0,0.0699,68,,5.0783,1,0.0145,0,1
"Tampa Port Authority, FL",2017242N16333,IRMA,2017,35.7,4,5,115,3,0,0.0032,0,0.092,66,0,-0.1074,0.4328,1,0,0
"Tampa Port Authority, FL",2018146N19273,ALBERTO,2018,235.6,0,0,55,3,0.0048,0.0133,0,0.0385,66,0.3585,-0.5979,0.4478,0.5672,0,0
"Tampa Port Authority, FL",2018246N22283,GORDON,2018,173.2,0,0,60,2,0,0.0184,0,0.0427,68,0,-1.2945,0.2609,1,0,0
"Tampa Port Authority, FL",2018280N18273,MICHAEL,2018,384.4,5,5,140,3,0,0.0131,0,0.0324,66,0,-0.801,0.2687,1,0,0
"Tampa Port Authority, FL",2019192N29274,BARRY,2019,412.3,-3,1,30,1,0,0,0,0.0235,70,,0,0.7887,1,0,0
"Tampa Port Authority, FL",2019204N25283,UNNAMED,2019,242.5,-1,-1,30,2,0.0143,0,0,0.0147,68,,2.9961,0.942,0.0725,0,0
"Tampa Port Authority, FL",2019236N10314,DORIAN,2019,321.2,5,5,155,4,0,0,0,0.008,64,,0,0.7231,1,0,0
"Tampa Port Authority, FL",2019256N23286,HUMBERTO,2019,435.7,1,3,68,2,0,0,0,0.0135,68,,0,0.8696,1,0,0
"Tampa Port Authority, FL",2019291N22264,NESTOR,2019,388.6,0,0,50,2,0,0,0,0.0054,68,,0,0.8986,1,0,0
"Tampa Port Authority, FL",2020138N28281,ARTHUR,2020,358.3,0,0,35,2,0,0,0,0.0098,68,,0,0.8551,1,0,0
"Tampa Port Authority, FL",2020188N28271,FAY,2020,366.9,-3,0,30,2,0.0054,0,0,0.0141,68,,1.0736,0.8261,0.1884,0,0
"Tampa Port Authority, FL",2020211N13306,ISAIAS,2020,261.1,1,1,65,3,0.0094,0,0,0.0151,66,,1.5846,0.8507,0.1642,0,0
"Tampa Port Authority, FL",2020244N30279,OMAR,2020,301.1,-3,0,28,2,0,0,0,0.0233,68,,0,0.6667,1,0,0
"Tampa Port Authority, FL",2020256N25281,SALLY,2020,176,1,2,75,4,0,0.0026,0,0.0166,64,0,-0.3562,0.4308,1,0,0
"Tampa Port Authority, FL",2020306N15288,ETA,2020,112.2,1,4,65,4,0.0015,0,0,0.0152,64,,0.2118,0.6462,0.3692,0,0
"Tampa Port Authority, FL",2021182N09317,ELSA,2021,114,1,1,65,3,0,0,0,0.0275,66,,0,0.597,1,0,0
"Tampa Port Authority, FL",2021222N14301,FRED,2021,323,0,0,55,4,0.0018,0,0,0.0158,64,,0.347,0.7692,0.2462,0,0
"Tampa Port Authority, FL",2021239N17281,IDA,2021,494,1,4,80,1,0,0,0,0.0241,70,,0,0.8592,1,0,0
"Tampa Port Authority, FL",2021252N28273,MINDY,2021,325.4,0,0,50,2,0.0331,0,0,0.014,68,,6.1939,1,0.0145,0,1
"Tampa Port Authority, FL",2022154N21273,ALEX,2022,175.6,0,0,43,2,0.004,0,0,0.1529,68,,0.0831,0.7101,0.3043,0,0
"Tampa Port Authority, FL",2022183N32280,COLIN,2022,468.1,-1,0,33,1,0.0082,0,0,0.176,70,,0.1116,0.7887,0.2254,0,0
"Tampa Port Authority, FL",2022266N12294,IAN,2022,101.2,5,5,140,4,0,0,0,0.0208,64,,0,0.5538,1,0,0
"Tampa Port Authority, FL",2022311N21293,NICOLE,2022,56.7,1,1,65,3,0.0016,0,0,0.01,66,,0.1605,0.6866,0.3284,0,0
"Tampa Port Authority, FL",2023152N26274,ARLENE,2023,349.4,0,0,35,4,0,0,0,0.0106,64,,0,0.7231,1,0,0
"Tampa Port Authority, FL",2023239N21274,IDALIA,2023,215.7,4,4,115,2,0,0,0,0.0131,68,,0,0.8406,1,0,0
"Terrebonne Parish Port, LA",2015167N27266,BILL,2015,427.5,0,0,48,1,0.0388,0.0514,0,0.1564,70,0.7552,-0.2395,0.3944,0.6197,0,0
"Terrebonne Parish Port, LA",2016158N22272,COLIN,2016,455.5,0,0,45,1,0.0092,0.0222,0,0.0616,70,0.4124,-0.668,0.2676,0.7465,0,0
"Terrebonne Parish Port, LA",2017171N24271,CINDY,2017,266.2,0,0,50,4,0.0087,0.0327,0.0161,0.069,64,0.2651,-1.4773,0.0154,1,1,0
"Terrebonne Parish Port, LA",2017228N14314,HARVEY,2017,259.2,0,4,45,4,0.0053,0.0383,0.01,0.0713,64,0.1395,-1.6677,0.0308,0.9846,1,0
"Terrebonne Parish Port, LA",2017277N11279,NATE,2017,161.1,1,1,80,2,0,0.022,0,0.0613,68,0,-1.0258,0.1304,1,0,0
"Terrebonne Parish Port, LA",2018146N19273,ALBERTO,2018,473.9,0,0,55,2,0.0307,0.03,0,0.0686,68,1.0228,0.0304,0.5217,0.4928,0,0
"Terrebonne Parish Port, LA",2018246N22283,GORDON,2018,254.5,0,0,60,3,0.0328,0.0347,0,0.0752,66,0.9441,-0.0769,0.4627,0.5522,0,0
"Terrebonne Parish Port, LA",2018280N18273,MICHAEL,2018,435,4,5,133,1,0,0.0201,0,0.1586,70,0,-0.3572,0.4366,1,0,0
"Terrebonne Parish Port, LA",2019192N29274,BARRY,2019,80.7,1,1,65,6,0.0268,0.0529,0.0231,0.1062,60,0.5058,-0.913,0.1311,0.8852,0,0
"Terrebonne Parish Port, LA",2019261N28264,IMELDA,2019,423.3,0,0,40,3,0.0169,0.0399,0.0056,0.092,66,0.4233,-0.8188,0.2388,0.7761,0,0
"Terrebonne Parish Port, LA",2019291N22264,NESTOR,2019,338.2,0,0,50,2,0.0072,0.0251,0,0.0919,68,0.2872,-0.6135,0.3043,0.7101,0,0
"Terrebonne Parish Port, LA",2019299N25265,OLGA,2019,69.4,0,0,45,2,0.0381,0.0155,0,0.0847,68,2.4618,0.8446,0.8116,0.2029,0,0
"Terrebonne Parish Port, LA",2020154N19269,CRISTOBAL,2020,100.7,0,0,45,3,0.0051,0.0263,0.0061,0.0596,66,0.1933,-1.2792,0.0597,0.9552,0,0
"Terrebonne Parish Port, LA",2020188N28271,FAY,2020,269.8,-3,0,30,2,0.0417,0.0299,0,0.0891,68,1.3922,0.4193,0.6667,0.3478,0,0
"Terrebonne Parish Port, LA",2020205N26272,HANNA,2020,311.4,0,1,58,3,0.0101,0.0394,0.0021,0.0827,66,0.2576,-1.142,0.1045,0.9104,0,0
"Terrebonne Parish Port, LA",2020233N14313,LAURA,2020,230.1,4,4,130,2,0,0.0195,0,0.0891,68,0,-0.6433,0.2174,1,0,0
"Terrebonne Parish Port, LA",2020234N14280,MARCO,2020,78.1,0,1,55,2,0,0.0216,0,0.0891,68,0,-0.6988,0.2029,1,0,0
"Terrebonne Parish Port, LA",2020256N25281,SALLY,2020,265.4,2,2,95,4,0.0188,0.0319,0.0038,0.0869,64,0.5901,-0.5294,0.3385,0.6769,0,0
"Terrebonne Parish Port, LA",2020261N21265,BETA,2020,221.4,0,0,55,6,0.0034,0.024,0.0068,0.067,60,0.1399,-0.9774,0.0164,1,1,0
"Terrebonne Parish Port, LA",2020279N16284,DELTA,2020,216.4,3,4,105,2,0,0.0108,0,0.0679,68,0,-0.4693,0.2029,1,0,0
"Terrebonne Parish Port, LA",2020299N18277,ZETA,2020,27.7,3,3,100,2,0.0052,0.0143,0,0.0638,68,0.3674,-0.4719,0.2609,0.7536,0,0
"Terrebonne Parish Port, LA",2021169N23268,CLAUDETTE,2021,18.4,0,0,40,3,0.0244,0.018,0,0.0593,66,1.3611,0.3277,0.597,0.4179,0,0
"Terrebonne Parish Port, LA",2021239N17281,IDA,2021,29.2,4,4,130,3,0.2048,0.0184,0,0.092,66,11.1508,5.3279,1,0.0149,0,1
"Terrebonne Parish Port, LA",2021252N28273,MINDY,2021,406.7,0,0,40,1,0.0496,0.0154,0,0.1173,70,3.2256,0.8321,0.7324,0.2817,0,0
"Terrebonne Parish Port, LA",2021256N21265,NICHOLAS,2021,74,1,1,65,4,0.1051,0.0328,0,0.1498,64,3.2005,1.3243,0.9385,0.0769,0,0
"Terrebonne Parish Port, LA",2023152N26274,ARLENE,2023,448.5,0,0,35,2,0.0406,0.0279,0.0063,0.0646,68,1.4549,0.6183,0.7246,0.2899,0,0
"Terrebonne Parish Port, LA",2023234N25271,HAROLD,2023,464.2,0,0,35,2,0.0801,0.0361,0.006,0.0913,68,2.2185,1.5191,0.8986,0.1159,0,0
"Texas City, TX",2015167N27266,BILL,2015,193.7,0,0,50,2,0,0,0,0.0321,68,,0,0.6377,1,0,0
"Texas City, TX",2017171N24271,CINDY,2017,121.9,0,0,50,3,0,0.0152,0,0.0357,66,0,-1.1796,0.403,1,0,0
"Texas City, TX",2017228N14314,HARVEY,2017,120.3,4,4,115,7,0,0.0193,0,0.0452,58,0,-1.3713,0.1017,1,0,0
"Texas City, TX",2019192N29274,BARRY,2019,228,1,1,65,4,0.0501,0.0071,0,0.0451,64,7.0862,2.2791,0.9692,0.0462,0,1
"Texas City, TX",2019261N28264,IMELDA,2019,49.2,0,0,40,3,0,0.0037,0,0.0512,66,0,-0.2035,0.5075,1,0,0
"Texas City, TX",2019299N25265,OLGA,2019,345,0,0,45,2,0,0,0,0.0411,68,,0,0.5797,1,0,0
"Texas City, TX",2020154N19269,CRISTOBAL,2020,408.1,0,0,45,2,0,0,0,0.0469,68,,0,0.8116,1,0,0
"Texas City, TX",2020205N26272,HANNA,2020,261.1,1,1,80,3,0,0.027,0,0.0935,66,0,-0.7591,0.3284,1,0,0
"Texas City, TX",2020233N14313,LAURA,2020,159,4,4,130,2,0,0.0138,0,0.0812,68,0,-0.4498,0.4783,1,0,0
"Texas City, TX",2020234N14280,MARCO,2020,254.6,-1,1,30,1,0.1241,0,0,0.088,70,,3.4968,0.9859,0.0282,0,1
"Texas City, TX",2020261N21265,BETA,2020,29.8,0,0,55,6,0.0169,0.0342,0,0.0905,60,0.4943,-0.6169,0.1803,0.8361,0,0
"Texas City, TX",2020279N16284,DELTA,2020,145.8,3,4,105,2,0.0273,0.0204,0,0.0874,68,1.3408,0.2461,0.6087,0.4058,0,0
"Texas City, TX",2020299N18277,ZETA,2020,403.5,3,3,100,2,0.0174,0,0,0.0445,68,,1.0438,0.6812,0.3333,0,0
"Texas City, TX",2021169N23268,CLAUDETTE,2021,373.4,0,0,40,2,0.1021,0,0,0.0335,68,,9.8079,1,0.0145,0,1
"Texas City, TX",2021239N17281,IDA,2021,413.2,4,4,130,2,0,0,0,0.0128,68,,0,0.913,1,0,0
"Texas City, TX",2021256N21265,NICHOLAS,2021,16.9,1,1,65,5,0,0,0,0.0051,62,,0,0.9206,1,0,0
"Texas City, TX",2023234N25271,HAROLD,2023,329.3,0,0,50,1,0.0219,0,0,0.0224,70,,1.0614,0.9437,0.0704,0,0
"Toledo-Lucas County Port, OH",2015167N27266,BILL,2015,341.9,-3,0,15,2,0.2034,0.3928,0.178,0.7768,68,0.5178,-0.9314,0.1159,0.8986,0,0
"Toledo-Lucas County Port, OH",2017171N24271,CINDY,2017,405.3,-3,0,25,1,0.2414,0.3223,0.1322,0.5763,70,0.7492,-0.5381,0.2958,0.7183,0,0
"Toledo-Lucas County Port, OH",2017228N14314,HARVEY,2017,401.4,-4,4,20,1,0.284,0.3005,0.1172,0.6212,70,0.9451,-0.1051,0.4648,0.5493,0,0
"Toledo-Lucas County Port, OH",2017277N11279,NATE,2017,183.2,-3,1,25,1,0.2431,0.2754,0.0825,0.5959,70,0.8828,-0.2079,0.4225,0.5915,0,0
"Toledo-Lucas County Port, OH",2018146N19273,ALBERTO,2018,170.9,-1,0,30,2,0.3104,0.275,0.1599,0.6305,68,1.1289,0.2343,0.5942,0.4203,0,0
"Toledo-Lucas County Port, OH",2018242N13343,FLORENCE,2018,332.2,-4,4,25,2,0.2863,0.3759,0.103,0.6503,68,0.7617,-0.5265,0.4058,0.6087,0,0
"Toledo-Lucas County Port, OH",2019299N25265,OLGA,2019,302.8,-4,0,30,1,0.1472,0.2941,0.0218,0.6399,70,0.5004,-0.8202,0.1549,0.8592,0,0
"Toledo-Lucas County Port, OH",2020148N32281,BERTHA,2020,312.5,-4,0,20,1,0.3785,0.2385,0.0978,0.4748,70,1.587,1.2049,0.8451,0.169,0,0
"Toledo-Lucas County Port, OH",2020233N14313,LAURA,2020,393.1,-1,4,23,1,0.0552,0.2003,0.0176,0.3611,70,0.2755,-1.3364,0.0986,0.9155,0,0
"Toledo-Lucas County Port, OH",2021222N14301,FRED,2021,325.7,-3,0,20,2,0.6835,0.3044,0.1362,0.6576,68,2.2452,2.4826,0.9565,0.058,0,0
"Toledo-Lucas County Port, OH",2021239N17281,IDA,2021,464.2,-4,4,28,1,0.1299,0.3062,0.0798,0.7715,70,0.4243,-0.8296,0.1268,0.8873,0,0
"Two Harbors, MN",2020154N19269,CRISTOBAL,2020,262.7,-4,0,35,1,0,0,0,0,70,,0,0.9718,1,0,0
"Victoria, TX",2015167N27266,BILL,2015,34.4,0,0,50,2,0,0,0,0,68,,,1,1,0,0
"Victoria, TX",2017171N24271,CINDY,2017,334.4,0,0,50,2,0,0,0,0,68,,,1,1,0,0
"Victoria, TX",2017228N14314,HARVEY,2017,11.8,4,4,115,6,0,0,0,0,60,,,1,1,0,0
"Victoria, TX",2019192N29274,BARRY,2019,437.9,1,1,65,2,0,0,0,0,68,,,1,1,0,0
"Victoria, TX",2019246N24266,FERNAND,2019,483.4,-1,0,28,2,0,0,0,0,68,,,1,1,0,0
"Victoria, TX",2019261N28264,IMELDA,2019,135.9,0,0,40,3,0,0,0,0,66,,,1,1,0,0
"Victoria, TX",2019299N25265,OLGA,2019,463.2,0,0,45,2,0,0,0,0,68,,,1,1,0,0
"Victoria, TX",2020205N26272,HANNA,2020,207.5,1,1,80,3,0,0,0,0,66,,,1,1,0,0
"Victoria, TX",2020233N14313,LAURA,2020,368.5,4,4,130,2,0,0,0,0,68,,,1,1,0,0
"Victoria, TX",2020234N14280,MARCO,2020,455.8,-3,1,20,1,0,0,0,0,70,,,1,1,0,0
"Victoria, TX",2020261N21265,BETA,2020,16.7,0,0,55,5,0,0,0,0,62,,,1,1,0,0
"Victoria, TX",2020279N16284,DELTA,2020,319.6,3,4,105,2,0,0,0,0,68,,,1,1,0,0
"Victoria, TX",2021256N21265,NICHOLAS,2021,116.4,1,1,65,5,0,0,0,0,62,,,1,1,0,0
"Victoria, TX",2022232N20266,UNNAMED,2022,448.8,-3,-3,30,2,0,0,0,0,68,,0,0.971,1,0,0
"Victoria, TX",2023234N25271,HAROLD,2023,193.3,0,0,50,2,0,0,0,0,68,,,1,1,0,0
"Virgin Islands - St. Croix, VI",2015229N10331,DANNY,2015,425.5,-1,3,33,1,0.6763,0.3595,0,0.6642,70,1.8814,1.4821,0.9577,0.0563,0,0
"Virgin Islands - St. Croix, VI",2015237N14315,ERIKA,2015,70.3,0,0,45,2,0.1748,0.3421,0.1501,0.5489,68,0.5109,-1.2771,0.0725,0.942,0,0
"Virgin Islands - St. Croix, VI",2016273N13300,MATTHEW,2016,412.2,1,5,68,1,0.4897,0.2296,0.0445,0.4101,70,2.133,2.1566,1,0.0141,0,1
"Virgin Islands - St. Croix, VI",2017228N14314,HARVEY,2017,481.9,0,4,35,1,0.1502,0.2715,0,0.5861,70,0.5533,-0.5909,0.338,0.6761,0,0
"Virgin Islands - St. Croix, VI",2017242N16333,IRMA,2017,92.6,5,5,155,2,0.2413,0.2689,0,0.7226,68,0.8975,-0.1199,0.4203,0.5942,0,0
"Virgin Islands - St. Croix, VI",2017247N09327,JOSE,2017,268.7,4,4,128,2,0.6061,0.2784,0,0.7376,68,2.1774,1.3781,0.7826,0.2319,0,0
"Virgin Islands - St. Croix, VI",2017260N12310,MARIA,2017,40.2,5,5,150,3,0.2849,0.3901,0.1645,0.7708,66,0.7303,-0.4998,0.2836,0.7313,0,0
"Virgin Islands - St. Croix, VI",2018186N10325,BERYL,2018,139.2,-3,1,35,2,0,0.1225,0.0043,0.3017,68,0,-1.3426,0.0725,1,0,0
"Virgin Islands - St. Croix, VI",2018251N13325,ISAAC,2018,303.8,0,1,38,2,0.0262,0.1286,0.0234,0.2728,68,0.2041,-1.2761,0.0725,0.942,0,0
"Virgin Islands - St. Croix, VI",2018265N08338,KIRK,2018,375.5,0,0,40,1,0.0435,0.1188,0,0.3228,70,0.3662,-0.6839,0.2394,0.7746,0,0
"Virgin Islands - St. Croix, VI",2019236N10314,DORIAN,2019,17.2,1,5,75,3,0.0239,0.1126,0.0572,0.2405,66,0.2127,-1.4757,0.0149,1,1,0
"Virgin Islands - St. Croix, VI",2019260N13317,JERRY,2019,360.7,1,2,70,2,0.1412,0.1325,0.0229,0.4941,68,1.0656,0.0555,0.5507,0.4638,0,0
"Virgin Islands - St. Croix, VI",2019265N12301,KAREN,2019,80,0,0,40,3,0.0566,0.1353,0.043,0.4673,66,0.4182,-0.5901,0.1045,0.9104,0,0
"Virgin Islands - St. Croix, VI",2019323N19302,SEBASTIEN,2019,467.4,0,0,45,1,0.3682,0.1841,0,0.7942,70,2.0001,0.7827,0.7887,0.2254,0,0
"Virgin Islands - St. Croix, VI",2020211N13306,ISAIAS,2020,237.9,0,1,55,2,0,0.276,0,0.6875,68,0,-1.3045,0.1159,1,0,0
"Virgin Islands - St. Croix, VI",2020224N11326,JOSEPHINE,2020,274.4,0,0,35,2,0.4885,0.2223,0,0.5415,68,2.1979,1.4451,0.8986,0.1159,0,0
"Virgin Islands - St. Croix, VI",2020233N14313,LAURA,2020,50.2,0,4,45,3,0.5966,0.2442,0.0313,0.5175,66,2.4428,2.3288,0.9851,0.0299,0,1
"Virgin Islands - St. Croix, VI",2021182N09317,ELSA,2021,338.2,1,1,73,2,0.4516,0.3018,0,0.6763,68,1.4964,0.739,0.7391,0.2754,0,0
"Virgin Islands - St. Croix, VI",2021222N14301,FRED,2021,107.1,0,0,40,2,0,0.3743,0.1491,0.6434,68,0,-2.1695,0.0435,1,1,0
"Virgin Islands - St. Croix, VI",2021225N15313,GRACE,2021,105.2,-1,3,33,3,0.173,0.3624,0.1509,0.6067,66,0.4772,-1.268,0.1194,0.8955,0,0
"Virgin Islands - St. Croix, VI",2021262N16307,PETER,2021,242.7,0,0,45,3,0,0.3618,0.1157,0.6527,66,0,-2.0945,0.0448,1,1,0
"Virgin Islands - St. Croix, VI",2022246N18301,EARL,2022,205.5,0,2,60,3,0.2988,0.2313,0.0763,0.4161,66,1.2919,0.609,0.7164,0.2985,0,0
"Virgin Islands - St. Croix, VI",2022257N16312,FIONA,2022,121.1,1,4,80,4,0.2153,0.3088,0.1345,0.4121,64,0.6972,-1.0383,0.2154,0.8,0,0
"Virgin Islands - St. Croix, VI",2022311N21293,NICOLE,2022,384.6,-3,1,33,1,0.2489,0.2341,0,0.5735,70,1.0633,0.0842,0.5634,0.4507,0,0
"Virgin Islands - St. Croix, VI",2023231N15313,GERT,2023,481.8,-3,0,25,2,0.2061,0.2408,0.0846,0.4538,68,0.8562,-0.3045,0.3043,0.7101,0,0
"Virgin Islands - St. Croix, VI",2023232N13300,FRANKLIN,2023,401.4,0,4,45,2,0.2379,0.2643,0.0846,0.4538,68,0.9,-0.2282,0.4783,0.5362,0,0
"Virgin Islands - St. Croix, VI",2023266N16323,PHILIPPE,2023,146.4,0,0,45,3,0.2384,0.2524,0.1342,0.4204,66,0.9448,-0.1637,0.4179,0.597,0,0
"Virgin Islands - St. Croix, VI",2023292N13309,TAMMY,2023,223.6,1,2,80,3,0.1329,0.2357,0.1299,0.3841,66,0.5637,-1.3213,0.0746,0.9403,0,0
"Virginia, VA, Port of",2015126N27281,ANA,2015,12.4,0,0,48,4,0.0304,0.0247,0.0073,0.0753,64,1.2305,0.2527,0.6,0.4154,0,0
"Virginia, VA, Port of",2015167N27266,BILL,2015,490,-3,0,15,1,0,0.0278,0,0.1086,70,0,-0.8181,0.1972,1,0,0
"Virginia, VA, Port of",2015193N35285,CLAUDETTE,2015,185.6,-1,0,30,2,0.0582,0.0212,0,0.0878,68,2.7513,1.5166,0.913,0.1014,0,0
"Virginia, VA, Port of",2016148N27288,BONNIE,2016,203.9,0,0,35,5,0.0289,0.0249,0.0118,0.0362,62,1.1589,0.4776,0.6349,0.381,0,0
"Virginia, VA, Port of",2016158N22272,COLIN,2016,232.1,-4,0,50,1,0.0373,0.023,0,0.0691,70,1.6202,0.6283,0.7183,0.2958,0,0
"Virginia, VA, Port of",2016240N31295,UNNAMED,2016,284.5,-1,-1,30,4,0.0173,0.0226,0.0081,0.043,64,0.7643,-0.5313,0.2923,0.7231,0,0
"Virginia, VA, Port of",2016242N24279,HERMINE,2016,142.2,0,1,60,6,0.0382,0.0228,0.0112,0.0324,60,1.6701,2.0303,1,0.0164,0,1
"Virginia, VA, Port of",2016257N27280,JULIA,2016,145.6,-3,0,30,3,0.0147,0.0193,0.0067,0.0495,66,0.7623,-0.3155,0.3284,0.6866,0,0
"Virginia, VA, Port of",2016273N13300,MATTHEW,2016,240,1,5,70,2,0.014,0.0191,0,0.059,68,0.7331,-0.2564,0.4348,0.5797,0,0
"Virginia, VA, Port of",2017171N24271,CINDY,2017,293.6,-3,0,25,1,0.0171,0.0187,0,0.0538,70,0.9154,-0.0858,0.4789,0.5352,0,0
"Virginia, VA, Port of",2017240N31279,UNNAMED,2017,181.8,-3,-3,40,1,0,0.0163,0,0.0468,70,0,-1.0068,0.1831,1,0,0
"Virginia, VA, Port of",2017247N09327,JOSE,2017,418.4,1,4,65,2,0.0099,0.023,0.0054,0.051,68,0.4299,-0.8565,0.1739,0.8406,0,0
"Virginia, VA, Port of",2017260N12310,MARIA,2017,347.9,1,5,65,3,0.0135,0.0223,0.0084,0.048,66,0.6082,-0.6941,0.194,0.8209,0,0
"Virginia, VA, Port of",2018186N31292,CHRIS,2018,430,0,2,43,2,0.0138,0.0185,0.0011,0.0377,68,0.748,-0.4175,0.4348,0.5797,0,0
"Virginia, VA, Port of",2018242N13343,FLORENCE,2018,307,3,4,98,6,0.0125,0.0158,0.0065,0.0285,60,0.7909,-0.4709,0.3607,0.6557,0,0
"Virginia, VA, Port of",2018280N18273,MICHAEL,2018,18.3,0,5,60,2,0,0.0189,0.0025,0.0454,68,0,-1.3915,0.0435,1,1,0
"Virginia, VA, Port of",2019236N10314,DORIAN,2019,184.2,2,5,93,3,0.0217,0.0206,0.0039,0.04,66,1.0581,0.0868,0.5522,0.4627,0,0
"Virginia, VA, Port of",2019239N32287,ERIN,2019,400.1,-1,0,35,2,0,0.0207,0.0014,0.0549,68,0,-1.2093,0.0725,1,0,0
"Virginia, VA, Port of",2019282N35286,MELISSA,2019,290.6,-4,0,43,2,0.0372,0.0191,0.0046,0.0572,68,1.9487,1.062,0.8696,0.1449,0,0
"Virginia, VA, Port of",2019291N22264,NESTOR,2019,35.1,-4,0,40,2,0.0174,0.0189,0.0015,0.0549,68,0.9214,-0.0851,0.4783,0.5362,0,0
"Virginia, VA, Port of",2020138N28281,ARTHUR,2020,212.8,0,0,50,2,0.0128,0.0128,0,0.0348,68,0.9981,-0.0013,0.5072,0.5072,0,0
"Virginia, VA, Port of",2020148N32281,BERTHA,2020,424.3,-1,0,30,2,0,0.0101,0,0.0292,68,0,-1.0458,0.1739,1,0,0
"Virginia, VA, Port of",2020188N28271,FAY,2020,136.4,0,0,50,4,0.0186,0.016,0.0028,0.183,64,1.1601,0.0539,0.6308,0.3846,0,0
"Virginia, VA, Port of",2020211N13306,ISAIAS,2020,99.1,1,1,80,1,0.01,0.0057,0,0.0368,70,1.7515,0.3347,0.662,0.3521,0,0
"Virginia, VA, Port of",2020228N37286,KYLE,2020,192.4,0,0,40,2,0.0304,0.0099,0,0.0401,68,3.0621,0.3063,0.8986,0.1159,0,0
"Virginia, VA, Port of",2020244N30279,OMAR,2020,346.4,0,0,35,2,0.0085,0.012,0,0.0401,68,0.7123,-0.052,0.3188,0.6957,0,0
"Virginia, VA, Port of",2020299N18277,ZETA,2020,193.8,0,3,45,2,0.0023,0.0113,0,0.0363,68,0.208,-0.7624,0.1159,0.8986,0,0
"Virginia, VA, Port of",2020306N15288,ETA,2020,334.7,0,4,40,1,0.0277,0.0103,0,0.0502,70,2.6979,1.0921,0.831,0.1831,0,0
"Virginia, VA, Port of",2021165N32282,BILL,2021,361.7,0,0,38,1,0,0.01,0,0.3351,70,0,-0.0921,0.4225,1,0,0
"Virginia, VA, Port of",2021169N23268,CLAUDETTE,2021,100.3,0,0,40,1,0,0.0098,0,0.2212,70,0,-0.1029,0.3803,1,0,0
"Virginia, VA, Port of",2021182N09317,ELSA,2021,80.2,0,1,50,2,0.0021,0.009,0,0.214,68,0.2377,-0.1156,0.2174,0.7971,0,0
"Virginia, VA, Port of",2021222N14301,FRED,2021,487.5,-3,0,20,1,0.005,0.0073,0,0.1714,70,0.6863,-0.025,0.4789,0.5352,0,0
"Virginia, VA, Port of",2021227N36297,HENRI,2021,439.1,1,1,65,2,0.0089,0.0105,0,0.214,68,0.8494,-0.0251,0.4638,0.5507,0,0
"Virginia, VA, Port of",2021239N17281,IDA,2021,285.1,-4,4,38,2,0,0.0113,0,0.2347,68,0,-0.1469,0.1594,1,0,0
"Virginia, VA, Port of",2021259N30286,ODETTE,2021,303.3,0,0,40,3,0.0216,0.0114,0,0.1461,66,1.8963,0.235,0.806,0.209,0,0
"Virginia, VA, Port of",2021299N33284,WANDA,2021,360.8,-4,0,45,2,0.017,0.0079,0,0.1575,68,2.1424,0.1666,0.7101,0.3043,0,0
"Virginia, VA, Port of",2022183N32280,COLIN,2022,415.3,0,0,35,1,0,0.0076,0,0.1941,70,0,-0.0846,0.4225,1,0,0
"Virginia, VA, Port of",2022266N12294,IAN,2022,350.8,1,5,70,2,0,0.0094,0,0.0323,68,0,-1.0033,0.1014,1,0,0
"Virginia, VA, Port of",2023015N36289,UNNAMED,2023,451.9,-4,-2,45,1,0,0.0129,0,0.0394,70,0,-0.9732,0.2394,1,0,0
"Virginia, VA, Port of",2023239N21274,IDALIA,2023,358.1,0,4,55,1,0,0.0122,0,0.0388,70,0,-0.8595,0.2676,1,0,0
"Virginia, VA, Port of",2023265N29284,OPHELIA,2023,113.6,0,0,60,3,0.0017,0.0157,0.0017,0.0364,66,0.1054,-1.3232,0.0597,0.9552,0,0
"West St. Mary Parish Port, LA",2015167N27266,BILL,2015,400.6,0,0,50,1,0,0,0,0.9618,70,,0,0.8028,1,0,0
"West St. Mary Parish Port, LA",2017171N24271,CINDY,2017,199.1,0,0,50,4,0,0.1778,0,0.4312,64,0,-1.2365,0.2769,1,0,0
"West St. Mary Parish Port, LA",2017228N14314,HARVEY,2017,179.3,0,4,45,4,0.0423,0.2221,0,0.4595,64,0.1904,-1.0592,0.2769,0.7385,0,0
"West St. Mary Parish Port, LA",2017277N11279,NATE,2017,229.7,1,1,80,2,0.4228,0,0,0.5976,68,,1.9569,0.8841,0.1304,0,0
"West St. Mary Parish Port, LA",2018246N22283,GORDON,2018,282.1,0,0,60,3,0.3035,0.1564,0,0.6309,66,1.9408,0.5683,0.6567,0.3582,0,0
"West St. Mary Parish Port, LA",2019192N29274,BARRY,2019,53.3,1,1,65,6,0,0.2918,0,0.6026,60,0,-1.2505,0.2951,1,0,0
"West St. Mary Parish Port, LA",2019261N28264,IMELDA,2019,343.4,0,0,40,3,0,0,0,0.3531,66,,0,0.5373,1,0,0
"West St. Mary Parish Port, LA",2019291N22264,NESTOR,2019,415.2,0,0,50,2,0.2816,0,0,0.4796,68,,1.3107,0.6957,0.3188,0,0
"West St. Mary Parish Port, LA",2019299N25265,OLGA,2019,99.8,0,0,45,2,0,0,0,0.4791,68,,0,0.6522,1,0,0
"West St. Mary Parish Port, LA",2020154N19269,CRISTOBAL,2020,138.1,0,0,45,2,0,0,0,0.4789,68,,0,0.7391,1,0,0
"West St. Mary Parish Port, LA",2020188N28271,FAY,2020,348.4,-3,0,28,1,0,0,0,0.8943,70,,0,0.7746,1,0,0
"West St. Mary Parish Port, LA",2020205N26272,HANNA,2020,311.4,1,1,65,3,0.3037,0.2114,0,0.5894,66,1.4363,0.4499,0.8209,0.194,0,0
"West St. Mary Parish Port, LA",2020233N14313,LAURA,2020,167.8,4,4,130,2,0,0,0,0.4809,68,,0,0.5507,1,0,0
"West St. Mary Parish Port, LA",2020234N14280,MARCO,2020,96.1,0,1,53,2,0,0,0,0.4809,68,,0,0.5217,1,0,0
"West St. Mary Parish Port, LA",2020256N25281,SALLY,2020,335.8,2,2,95,3,0,0.2013,0,0.5819,66,0,-1.0089,0.4328,1,0,0
"West St. Mary Parish Port, LA",2020261N21265,BETA,2020,147.8,0,0,55,6,0.1526,0.1538,0,0.4249,60,0.9924,-0.0091,0.4918,0.5246,0,0
"West St. Mary Parish Port, LA",2020279N16284,DELTA,2020,136.6,3,4,105,2,0,0,0,0.4809,68,,0,0.6087,1,0,0
"West St. Mary Parish Port, LA",2020299N18277,ZETA,2020,107.9,3,3,100,2,0,0,0,0.8347,68,,0,0.5942,1,0,0
"West St. Mary Parish Port, LA",2021169N23268,CLAUDETTE,2021,76.8,0,0,40,3,0.167,0.2839,0,0.5977,66,0.5883,-0.5291,0.3731,0.6418,0,0
"West St. Mary Parish Port, LA",2021239N17281,IDA,2021,95.7,4,4,130,3,0,0.1989,0,0.5971,66,0,-0.8971,0.4627,1,0,0
"West St. Mary Parish Port, LA",2021252N28273,MINDY,2021,484.8,0,0,35,1,0,0,0,0.9306,70,,0,0.7465,1,0,0
"West St. Mary Parish Port, LA",2021256N21265,NICHOLAS,2021,13,1,1,65,4,0.2339,0.2038,0,0.4675,64,1.1474,0.1463,0.6308,0.3846,0,0
"West St. Mary Parish Port, LA",2023234N25271,HAROLD,2023,483.2,0,0,35,2,0,0.1726,0,0.805,68,0,-0.5976,0.4638,1,0,0
"Wilmington, DE",2015126N27281,ANA,2015,162.3,-1,0,30,2,0.0375,0.0681,0,0.2747,68,0.5502,-0.3538,0.3333,0.6812,0,0
"Wilmington, DE",2015193N35285,CLAUDETTE,2015,482.2,-3,0,25,1,0.0867,0.0555,0,0.3306,70,1.5618,0.225,0.6197,0.3944,0,0
"Wilmington, DE",2016148N27288,BONNIE,2016,468.6,0,0,35,2,0,0.0514,0,0.2044,68,0,-0.7541,0.3188,1,0,0
"Wilmington, DE",2016158N22272,COLIN,2016,431.1,-4,0,50,1,0.0286,0,0,0.2517,70,,0.3005,0.5211,0.493,0,0
"Wilmington, DE",2016240N31295,UNNAMED,2016,491.2,-1,-1,30,2,0.0278,0.0286,0,0.1448,68,0.9723,-0.0155,0.4928,0.5217,0,0
"Wilmington, DE",2016242N24279,HERMINE,2016,266.6,0,1,60,6,0.1012,0.0352,0.0067,0.1066,60,2.8751,2.2135,0.918,0.0984,0,0
"Wilmington, DE",2016257N27280,JULIA,2016,469.4,-4,0,25,2,0.0244,0.0255,0,0.1685,68,0.9585,-0.02,0.5072,0.5072,0,0
"Wilmington, DE",2017171N24271,CINDY,2017,272,-3,0,25,1,0,0,0,0.2906,70,,0,0.5352,1,0,0
"Wilmington, DE",2017240N31279,UNNAMED,2017,482,-4,-3,40,1,0,0,0,0.2614,70,,0,0.5352,1,0,0
"Wilmington, DE",2017247N09327,JOSE,2017,444.4,0,4,60,2,0.0503,0.0685,0,0.2299,68,0.7344,-0.224,0.4348,0.5797,0,0
"Wilmington, DE",2017260N12310,MARIA,2017,454,1,5,65,2,0.1543,0.0524,0,0.266,68,2.9437,1.1528,0.7971,0.2174,0,0
"Wilmington, DE",2017277N11279,NATE,2017,379.7,-4,1,25,1,0,0,0,0.3197,70,,0,0.5352,1,0,0
"Wilmington, DE",2018242N13343,FLORENCE,2018,204.5,-4,4,25,1,0.114,0.0627,0,0.3072,70,1.8179,0.4879,0.7183,0.2958,0,0
"Wilmington, DE",2018280N18273,MICHAEL,2018,274.6,-4,5,60,1,0.0985,0.0766,0,0.3054,70,1.2864,0.214,0.5775,0.4366,0,0
"Wilmington, DE",2019236N10314,DORIAN,2019,419.9,2,5,85,2,0.139,0.0652,0,0.3069,68,2.1329,0.6019,0.7391,0.2754,0,0
"Wilmington, DE",2019282N35286,MELISSA,2019,488.5,-4,0,40,2,0,0.0651,0,0.2938,68,0,-0.5381,0.2174,1,0,0
"Wilmington, DE",2019291N22264,NESTOR,2019,259.7,-4,0,40,2,0,0.0962,0,0.3027,68,0,-0.8165,0.1739,1,0,0
"Wilmington, DE",2020138N28281,ARTHUR,2020,447,0,0,50,2,0.2535,0.0463,0,0.2517,68,5.4793,2.4038,0.9565,0.058,0,0
"Wilmington, DE",2020148N32281,BERTHA,2020,433.5,-4,0,20,1,0.1749,0,0,0.2664,70,,1.7365,0.8592,0.1549,0,0
"Wilmington, DE",2020188N28271,FAY,2020,97.7,0,0,50,3,0.0531,0.0911,0,0.2995,66,0.5825,-0.3868,0.2836,0.7313,0,0
"Wilmington, DE",2020211N13306,ISAIAS,2020,63.1,0,1,60,1,0,0.0228,0,0.3561,70,0,-0.1805,0.507,1,0,0
"Wilmington, DE",2020228N37286,KYLE,2020,356.2,0,0,43,2,0.2297,0.083,0,0.3056,68,2.7662,1.2687,0.8406,0.1739,0,0
"Wilmington, DE",2020299N18277,ZETA,2020,123.8,-4,3,45,2,0.1565,0.0938,0,0.2894,68,1.6679,0.6782,0.7391,0.2754,0,0
"Wilmington, DE",2021169N23268,CLAUDETTE,2021,351.8,0,0,40,2,0.028,0.0568,0,0.283,68,0.4926,-0.2952,0.3333,0.6812,0,0
"Wilmington, DE",2021182N09317,ELSA,2021,111.7,0,1,50,2,0.2288,0.0621,0,0.2766,68,3.6879,1.7353,0.8696,0.1449,0,0
"Wilmington, DE",2021222N14301,FRED,2021,260.1,-3,0,25,3,0.0657,0.0832,0,0.2245,66,0.7896,-0.2283,0.403,0.6119,0,0
"Wilmington, DE",2021227N36297,HENRI,2021,228.2,1,1,65,3,0.0449,0.0832,0,0.2551,66,0.5404,-0.4533,0.2985,0.7164,0,0
"Wilmington, DE",2021239N17281,IDA,2021,9.5,-4,4,40,2,0.1044,0.0947,0,0.3227,68,1.1028,0.0886,0.5507,0.4638,0,0
"Wilmington, DE",2021259N30286,ODETTE,2021,477,0,0,40,2,0.2215,0.0941,0,0.3264,68,2.3546,1.1256,0.7681,0.2464,0,0
"Wilmington, DE",2021299N33284,WANDA,2021,463.9,-4,0,58,1,0,0,0,0.3325,70,,0,0.5211,1,0,0
"Wilmington, DE",2023265N29284,OPHELIA,2023,150.2,0,0,45,2,0,0.0584,0,0.2845,68,0,-0.7137,0.2319,1,0,0
"Wilmington, NC",2015126N27281,ANA,2015,73,0,0,50,7,0.0474,0.0794,0,0.3163,58,0.5973,-0.2836,0.322,0.6949,0,0
"Wilmington, NC",2015193N35285,CLAUDETTE,2015,262.8,-3,0,25,1,0,0,0,0.459,70,,0,0.6761,1,0,0
"Wilmington, NC",2015313N22289,KATE,2015,494.2,0,1,60,1,0.2365,0,0,0.2579,70,,2.376,0.9155,0.0986,0,0
"Wilmington, NC",2016148N27288,BONNIE,2016,90.1,0,0,40,7,0,0.0323,0,0.0887,58,0,-0.9165,0.2881,1,0,0
"Wilmington, NC",2016158N22272,COLIN,2016,125.8,0,0,50,1,0.1667,0,0,0.2299,70,,2.1097,0.9155,0.0986,0,0
"Wilmington, NC",2016240N31295,UNNAMED,2016,265.5,-1,-1,30,3,0,0,0,0.0969,66,,0,0.8209,1,0,0
"Wilmington, NC",2016242N24279,HERMINE,2016,30.5,0,1,60,2,0.0416,0,0,0.1277,68,,0.9338,0.8696,0.1449,0,0
"Wilmington, NC",2016257N27280,JULIA,2016,139.1,0,0,40,8,0.0884,0,0,0.1007,56,,3.2941,0.9298,0.0877,0,0
"Wilmington, NC",2016273N13300,MATTHEW,2016,63.6,2,5,95,2,0,0,0,0.2423,68,,0,0.6667,1,0,0
"Wilmington, NC",2017212N28275,EMILY,2017,390.8,-1,0,30,2,0.1334,0.0488,0,0.2116,68,2.7334,1.0673,0.7971,0.2174,0,0
"Wilmington, NC",2017240N31279,UNNAMED,2017,24.7,-3,-3,40,3,0.0672,0.0407,0,0.16,66,1.653,0.4842,0.6567,0.3582,0,0
"Wilmington, NC",2017260N12310,MARIA,2017,440.2,1,5,68,2,0.0995,0.09,0,0.2764,68,1.1054,0.094,0.5362,0.4783,0,0
"Wilmington, NC",2018186N31292,CHRIS,2018,261.2,1,2,75,5,0.0365,0.0469,0,0.1237,62,0.779,-0.2624,0.4286,0.5873,0,0
"Wilmington, NC",2018242N13343,FLORENCE,2018,8.1,3,4,103,5,0,0.0269,0,0.1049,62,0,-0.895,0.2381,1,0,0
"Wilmington, NC",2018280N18273,MICHAEL,2018,229.5,0,5,60,2,0,0,0,0.1218,68,,0,0.7971,1,0,0
"Wilmington, NC",2019236N10314,DORIAN,2019,72.3,3,5,100,3,0,0.05,0,0.3306,66,0,-0.4554,0.3731,1,0,0
"Wilmington, NC",2019239N32287,ERIN,2019,451.5,0,0,35,2,0,0.01,0,0.2748,68,0,-0.0963,0.5072,1,0,0
"Wilmington, NC",2019256N23286,HUMBERTO,2019,486.9,2,3,83,2,0,0,0,0.2386,68,,0,0.6377,1,0,0
"Wilmington, NC",2019282N35286,MELISSA,2019,357.5,-4,0,40,1,0.3122,0,0,0.2996,70,,2.874,0.9577,0.0563,0,0
"Wilmington, NC",2019291N22264,NESTOR,2019,148.7,-4,0,40,2,0,0.02,0,0.2748,68,0,-0.2043,0.4928,1,0,0
"Wilmington, NC",2020138N28281,ARTHUR,2020,144.4,0,0,50,3,0,0,0,0.2033,66,,0,0.5373,1,0,0
"Wilmington, NC",2020148N32281,BERTHA,2020,211.8,0,0,45,2,0,0,0,0.2162,68,,0,0.5797,1,0,0
"Wilmington, NC",2020188N28271,FAY,2020,56.7,0,0,50,4,0,0.0326,0,0.1935,64,0,-0.5088,0.4,1,0,0
"Wilmington, NC",2020211N13306,ISAIAS,2020,66.2,1,1,80,2,0,0.0666,0,0.2382,68,0,-0.7457,0.3333,1,0,0
"Wilmington, NC",2020228N37286,KYLE,2020,426.9,0,0,35,1,0.2089,0,0,0.3533,70,,1.7759,0.9014,0.1127,0,0
"Wilmington, NC",2020244N30279,OMAR,2020,213.7,0,0,35,3,0.1045,0.0543,0,0.2029,66,1.9269,0.7384,0.7463,0.2687,0,0
"Wilmington, NC",2020256N25281,SALLY,2020,268.3,-4,2,30,2,0,0.0378,0,0.311,68,0,-0.3268,0.4493,1,0,0
"Wilmington, NC",2020299N18277,ZETA,2020,394.2,0,3,45,1,0.0812,0,0,0.2498,70,,0.6997,0.6901,0.3239,0,0
"Wilmington, NC",2020306N15288,ETA,2020,149.3,0,4,40,2,0,0.0536,0,0.311,68,0,-0.4605,0.4058,1,0,0
"Wilmington, NC",2021165N32282,BILL,2021,202.8,0,0,35,2,0.2034,0,0,0.2295,68,,2.3089,0.9275,0.087,0,0
"Wilmington, NC",2021169N23268,CLAUDETTE,2021,141.6,0,0,40,2,0,0,0,0.1597,68,,0,0.5652,1,0,0
"Wilmington, NC",2021179N30287,DANNY,2021,276.1,0,0,40,2,0.1786,0.0267,0,0.2034,68,6.6867,1.7548,0.9275,0.087,0,0
"Wilmington, NC",2021182N09317,ELSA,2021,175.8,0,1,48,2,0,0.0351,0,0.2034,68,0,-0.4512,0.4638,1,0,0
"Wilmington, NC",2021227N36297,HENRI,2021,458,1,1,65,1,0,0,0,0.2491,70,,0,0.7183,1,0,0
"Wilmington, NC",2021252N28273,MINDY,2021,255.5,-1,0,30,2,0,0,0,0.1808,68,,0,0.5217,1,0,0
"Wilmington, NC",2021259N30286,ODETTE,2021,254.2,-3,0,33,2,0,0.0171,0,0.1808,68,0,-0.2217,0.5072,1,0,0
"Wilmington, NC",2021299N33284,WANDA,2021,240.6,-4,0,45,2,0.0525,0,0,0.1582,68,,0.6782,0.6667,0.3478,0,0
"Wilmington, NC",2022183N32280,COLIN,2022,103.9,0,0,35,2,0.3006,0.0365,0,0.1528,68,8.2456,4.208,1,0.0145,0,1
"Wilmington, NC",2022266N12294,IAN,2022,131.5,1,5,75,2,0,0,0,0.1289,68,,0,0.7391,1,0,0
"Wilmington, NC",2023239N21274,IDALIA,2023,57.6,0,4,55,2,0,0,0,0.0989,68,,0,0.913,1,0,0
"Wilmington, NC",2023265N29284,OPHELIA,2023,75.3,0,0,60,3,0,0,0,0.0952,66,,0,0.597,1,0,0
"Winona Port Authority, MN",2019299N25265,OLGA,2019,415.5,-4,0,30,1,0,0,0,0,70,,,1,1,0,0
"Winona Port Authority, MN",2020154N19269,CRISTOBAL,2020,128.8,-1,0,35,2,0,0,0,0,68,,,1,1,0,0
