port,SID,name,season,min_dist_km,sshs_max,sshs_storm_lifetime,wind_max_kt,k_days,n_ref_days,N_obs,N_ref,co2_obs_t,co2_ref_t,r_N,r_H,r_I,r_CO2,discard_win,discard_ref,gap_adj,r_CO2_gapadj,co2_shortfall_t,co2_shortfall_naive_t
"Baltimore, MD",2015126N27281,ANA,2015,194.6,-1,0,30,2,70,22.5,18.3429,220.633,152.627,1.22664,1.05069,1.12162,1.44557,0.0213001,0.0216197,0.999673,1.44509,-68.0056,-34.5908
"Jacksonville, FL",2015126N27281,ANA,2015,372,0,0,50,5,70,12.6,12.6143,300.244,273.942,0.998867,0.91368,1.20092,1.09601,0.0678311,0.0460903,1.02332,1.12157,-26.3013,0.31024
"New York, NY & NJ",2015126N27281,ANA,2015,175.3,-1,0,30,2,70,32.5,37.4857,547.419,644.642,0.866997,0.963981,1.01605,0.849183,0.0239053,0.0367954,0.986794,0.837969,97.223,85.7394
"Philadelphia Regional Port, PA",2015126N27281,ANA,2015,164.9,-1,0,30,2,70,10,13.9714,160.371,210.691,0.715746,1.20596,0.881834,0.761167,0,0.0153833,0.984617,0.749458,50.32,59.8897
"Port Everglades, FL",2015126N27281,ANA,2015,144.3,-3,0,25,1,70,21,18.3714,62.6324,84.3448,1.14308,0.889938,0.72997,0.742576,0.0149196,0.0208785,0.993951,0.738084,21.7124,-12.068
"Port of Charleston, SC",2015126N27281,ANA,2015,137.3,0,0,50,6,70,16.5,16.2714,599.316,615.644,1.01405,0.966427,0.993341,0.973477,0.039482,0.0515538,0.987432,0.961242,16.3288,-8.64821
"Port of Palm Beach District, FL",2015126N27281,ANA,2015,129,-3,0,28,1,70,7,5.02857,7.47275,9.55742,1.39205,0.982043,0.571947,0.781879,0.0279851,0.0242033,1.00389,0.784921,2.08468,-3.74694
"Port of Savannah, GA",2015126N27281,ANA,2015,279.5,0,0,50,6,70,15.1667,15.8714,473.63,457.728,0.955596,1.00795,1.07428,1.03474,0.0166903,0.0269325,0.989584,1.02396,-15.9021,20.3252
"PortMiami, FL",2015126N27281,ANA,2015,185.2,-3,0,25,1,70,20,18.7857,35.177,30.7198,1.06464,1.169,0.920075,1.14509,0.0106569,0.00963009,1.00104,1.14628,-4.45721,-1.98569
"South Jersey Port Corp, NJ",2015126N27281,ANA,2015,118.2,-1,0,30,2,70,7.5,13.7714,150.124,164.699,0.544606,1.16024,1.44254,0.911501,0.136616,0.0964641,1.04651,0.953891,14.5757,75.0031
"Tampa Port Authority, FL",2015126N27281,ANA,2015,334.3,-3,0,25,1,70,10,10.8143,32.8214,52.8063,0.924703,0.945965,0.71055,0.621544,0,0.0101936,0.989806,0.615208,19.9849,3.97616
"Virginia, VA, Port of",2015126N27281,ANA,2015,12.4,0,0,48,4,70,22.75,23.7857,338.846,538.953,0.956456,0.920272,0.714284,0.628712,0.0315071,0.0319266,0.999567,0.62844,200.106,23.4679
"Baltimore, MD",2015167N27266,BILL,2015,408.7,-3,0,15,1,70,24,17.0286,107.128,70.9987,1.4094,0.943628,1.13454,1.50887,0.0100435,0.0291216,0.980728,1.47979,-36.1293,-29.0666
"Beaumont, TX",2015167N27266,BILL,2015,278.8,0,0,50,3,70,10,12.7714,480.31,481.592,0.782998,1.30785,0.973921,0.997337,0,0.00875993,0.99124,0.9886,1.28249,104.507
"Corpus Christi, TX",2015167N27266,BILL,2015,89.7,0,0,50,2,70,15,17.8143,234.663,392.685,0.842021,1.00862,0.70364,0.597585,0,0.0193748,0.980625,0.586007,158.023,62.0361
"Galveston, TX",2015167N27266,BILL,2015,176.2,0,0,50,2,70,12,10.1857,192.506,232.09,1.17812,0.996697,0.706375,0.829446,0.00717074,0.0540031,0.952829,0.790321,39.5837,-41.3399
"Houston Port Authority, TX",2015167N27266,BILL,2015,156.1,0,0,50,3,70,61,72.8857,1830.52,1750.76,0.836927,1.1346,1.10107,1.04556,0.00853387,0.00579851,1.00276,1.04844,-79.7571,285.503
"Lake Charles Harbor District, LA",2015167N27266,BILL,2015,319.1,0,0,50,2,70,6.5,8.45714,58.2938,149.612,0.768581,1.00303,0.505417,0.389633,0.0378079,0.0410012,0.996681,0.38834,91.3183,34.6231
"Port Arthur, TX",2015167N27266,BILL,2015,283.8,0,0,50,2,70,6,7.1,93.4431,147.204,0.84507,1.36685,0.549557,0.634787,0,0.00320232,0.996798,0.632754,53.7607,22.8062
"Port Freeport, TX",2015167N27266,BILL,2015,135.6,0,0,50,2,70,1,3.57143,2.39673,44.9616,0.28,0.314898,0.604572,0.0533061,0.508493,0.187499,1.65308,0.0881193,42.5649,32.3724
"Port of Greater Baton Rouge, LA",2015167N27266,BILL,2015,482.4,0,0,45,1,70,14,9.41429,113.013,74.1533,1.4871,0.917973,1.11642,1.52405,0,0.0162582,0.983742,1.49927,-38.8598,-36.1202
"Texas City, TX",2015167N27266,BILL,2015,193.7,0,0,50,2,70,3,8.21429,66.645,229.984,0.365217,0.549728,1.44335,0.289781,0,0.00704694,0.992953,0.287739,163.339,145.99
"Virginia, VA, Port of",2015167N27266,BILL,2015,490,-3,0,15,1,70,25,23.0143,95.2872,127.41,1.08628,0.882109,0.78049,0.74788,0,0.0317423,0.968258,0.724141,32.1225,-10.9931
"Baltimore, MD",2015193N35285,CLAUDETTE,2015,457.2,-3,0,25,1,70,22,17.0143,78.6047,70.4401,1.29303,0.902445,0.95631,1.11591,0.0460007,0.0214351,1.02575,1.14464,-8.16459,-20.6411
"South Jersey Port Corp, NJ",2015193N35285,CLAUDETTE,2015,466.1,-3,0,25,1,70,10,12.9857,46.8545,81.5198,0.770077,1.13603,0.656996,0.574762,0.0903613,0.098949,0.990559,0.569336,34.6653,18.7433
"Virginia, VA, Port of",2015193N35285,CLAUDETTE,2015,185.6,-1,0,30,2,70,21,23.9429,249.271,257.246,0.877088,0.877536,1.25897,0.969,0.0589903,0.0255936,1.03549,1.00339,7.97452,31.6185
"San Juan, PR",2015237N14315,ERIKA,2015,115.1,0,0,45,2,70,7,9.14286,30.2741,50.3677,0.765625,0.401591,1.95488,0.601062,0,0.0381909,0.961809,0.578107,20.0936,11.8049
"Port Everglades, FL",2015313N22289,KATE,2015,425.2,0,1,55,2,70,11.5,17.3571,94.9069,135.977,0.662551,1.15399,0.912871,0.697962,0.00195977,0.0152533,0.98668,0.688665,41.0703,45.8853
"Port of Palm Beach District, FL",2015313N22289,KATE,2015,419.4,0,1,55,2,70,6.5,5.14286,25.2163,18.7898,1.26389,1.49929,0.708212,1.34202,0.023528,0.0165831,1.00711,1.35156,-6.42647,-4.95842
"PortMiami, FL",2015313N22289,KATE,2015,438.5,0,1,53,2,70,11,15.4714,30.9758,52.5629,0.710988,0.976427,0.84887,0.589309,0.00429232,0.0122841,0.991974,0.584579,21.5871,15.1913
"Baltimore, MD",2016148N27288,BONNIE,2016,461.4,-1,0,30,2,70,17,16.4714,110.341,124.296,1.03209,0.898411,0.957381,0.887723,0.0260698,0.0244726,1.00164,0.889179,13.9556,-3.98869
"Jacksonville, FL",2016148N27288,BONNIE,2016,228.4,0,0,40,4,70,12.5,12.6143,205.83,204.509,0.99094,1.10858,0.916181,1.00646,0.0413772,0.0407253,1.00068,1.00714,-1.32088,1.85286
"Philadelphia Regional Port, PA",2016148N27288,BONNIE,2016,496,-1,0,33,1,70,11,13.1714,64.7661,107.454,0.835141,1.05551,0.683761,0.602734,0.0133949,0.00638823,1.0071,0.607014,42.6878,17.7147
"Port Everglades, FL",2016148N27288,BONNIE,2016,491,0,0,35,1,70,22,22.7714,118.415,90.5527,0.966123,0.960815,1.40875,1.30769,0.0138893,0.0197564,0.99405,1.29991,-27.8623,3.06766
"Port of Charleston, SC",2016148N27288,BONNIE,2016,9.2,0,0,40,6,70,14.6667,14.9571,485.437,484.036,0.980579,0.966708,1.05798,1.00289,0.036346,0.036762,0.999568,1.00246,-1.40039,9.40026
"Port of Palm Beach District, FL",2016148N27288,BONNIE,2016,441.5,0,0,40,2,70,3,5.41429,10.5458,19.9822,0.55409,0.746699,1.27559,0.527761,0,0.0177091,0.982291,0.518415,9.43638,8.91027
"Port of Savannah, GA",2016148N27288,BONNIE,2016,102.2,0,0,40,5,70,16.8,16.4714,443.224,360.397,1.01995,1.02647,1.17468,1.22982,0.0282254,0.0338853,0.994176,1.22266,-82.8265,-7.18919
"South Jersey Port Corp, NJ",2016148N27288,BONNIE,2016,445.6,0,0,35,2,70,13.5,13.8,178.699,164.951,0.978261,1.12723,0.982428,1.08335,0.172259,0.0846795,1.1058,1.19797,-13.7484,3.58589
"Tampa Port Authority, FL",2016148N27288,BONNIE,2016,436.7,0,0,40,2,70,6.5,9.47143,39.7182,84.6101,0.686275,0.633686,1.07943,0.469426,0.0813903,0.0482237,1.03611,0.486375,44.892,26.5444
"Virginia, VA, Port of",2016148N27288,BONNIE,2016,203.9,0,0,35,5,70,25.4,21.7714,663.134,642.273,1.16667,1.04429,0.847446,1.03248,0.0302849,0.0248856,1.00557,1.03823,-20.8612,-107.045
"Baltimore, MD",2016158N22272,COLIN,2016,474.6,-4,0,50,1,70,23,16.9714,114.785,65.8087,1.35522,0.944954,1.36201,1.74422,0.0168695,0.0238082,0.992942,1.73191,-48.9759,-23.3765
"Jacksonville, FL",2016158N22272,COLIN,2016,58.3,0,0,45,2,70,11,12.4857,102.091,99.7571,0.881007,1.24166,0.935538,1.0234,0.0300933,0.0399249,0.989863,1.01302,-2.3339,11.8704
"Mobile, AL",2016158N22272,COLIN,2016,341,0,0,45,2,70,15,13.2,190.764,206.896,1.13636,0.968153,0.838075,0.922029,0.0173524,0.0093453,1.00815,0.929542,16.132,-28.2131
"New Orleans, LA",2016158N22272,COLIN,2016,438.2,0,0,45,1,70,37,37.0857,217.999,228.063,0.997689,0.885252,1.08228,0.955874,0,0.00355749,0.996443,0.952473,10.0636,0.52711
"New York, NY & NJ",2016158N22272,COLIN,2016,459,-4,0,50,2,70,44,38.7,761.554,731.834,1.13695,0.930349,0.983786,1.04061,0.00928686,0.0299951,0.979098,1.01886,-29.7201,-100.225
"Philadelphia Regional Port, PA",2016158N22272,COLIN,2016,431.1,-4,0,50,2,70,15.5,13.5143,212.641,229.672,1.14693,1.00202,0.805613,0.925847,0,0.00608958,0.99391,0.920209,17.0308,-33.7467
"Plaquemines Port District, LA",2016158N22272,COLIN,2016,349.9,0,0,45,1,70,63,56.9286,488.668,414.228,1.10665,0.940046,1.134,1.17971,0.0135468,0.0433382,0.969799,1.14408,-74.4396,-44.1774
"Port of Charleston, SC",2016158N22272,COLIN,2016,132.2,0,0,48,1,70,14,14.6571,83.2213,78.7749,0.955166,1.16903,0.946115,1.05644,0,0.0356979,0.964302,1.01873,-4.44644,3.53182
"Port of Palm Beach District, FL",2016158N22272,COLIN,2016,459.2,0,0,45,1,70,7,5.34286,8.69918,10.2916,1.31016,0.828001,0.779184,0.84527,0.0289573,0.0184507,1.01082,0.854416,1.59242,-3.19205
"Port of Savannah, GA",2016158N22272,COLIN,2016,62.8,0,0,48,1,70,19,16.8286,87.8829,74.4672,1.12903,0.973933,1.07326,1.18015,0,0.0302601,0.96974,1.14444,-13.4156,-9.60868
"South Jersey Port Corp, NJ",2016158N22272,COLIN,2016,387,-4,0,50,2,70,17,13.9857,209.292,161.261,1.21553,1.08604,0.98314,1.29785,0.161899,0.0824306,1.09482,1.42091,-48.0311,-34.7558
"South Louisiana, LA, Port of",2016158N22272,COLIN,2016,471.5,0,0,45,1,70,42,38.4571,281.08,313.202,1.09212,0.902287,0.910727,0.89744,0,0.00123374,0.998766,0.896333,32.1221,-28.8537
"Tampa Port Authority, FL",2016158N22272,COLIN,2016,243.3,0,0,45,2,70,8,9.55714,89.5971,90.9879,0.83707,1.32864,0.885404,0.984715,0,0.038973,0.961027,0.946338,1.39074,14.8246
"Virginia, VA, Port of",2016158N22272,COLIN,2016,232.1,-4,0,50,1,70,23,22.0429,120.465,130.74,1.04342,0.967028,0.913171,0.921406,0.037345,0.0252395,1.01258,0.932993,10.2754,-5.677
"New York, NY & NJ",2016240N31295,UNNAMED,2016,498.8,-1,-1,30,1,70,39,39.6143,314.704,357.856,0.984493,1.10865,0.805726,0.879416,0.0199396,0.0326901,0.98699,0.867975,43.1517,5.54915
"Philadelphia Regional Port, PA",2016240N31295,UNNAMED,2016,490.2,-1,-1,30,2,70,9,13.8,200.474,252.757,0.652174,1.0226,1.18928,0.79315,0.0047631,0.00447624,1.00029,0.793378,52.2828,87.9154
"Port of Charleston, SC",2016240N31295,UNNAMED,2016,477.2,-1,-1,30,1,70,21,15.3429,163.689,98.4736,1.36872,1.02466,1.18524,1.66226,0.0274754,0.0186541,1.00907,1.67734,-65.2152,-36.3087
"South Jersey Port Corp, NJ",2016240N31295,UNNAMED,2016,447.9,-1,-1,30,2,70,13.5,13.6857,98.0121,155.412,0.98643,1.00313,0.637339,0.630659,0.037299,0.083789,0.951709,0.600204,57.4001,2.10893
"Virginia, VA, Port of",2016240N31295,UNNAMED,2016,284.5,-1,-1,30,4,70,17.25,21.1,458.803,485.635,0.817536,1.24976,0.924663,0.94475,0.017177,0.0229575,0.994118,0.939193,26.8315,88.6111
"Baltimore, MD",2016242N24279,HERMINE,2016,353.8,0,1,60,6,70,13.8333,17.9286,361.851,431.625,0.77158,1.11259,0.976579,0.838346,0.0318964,0.0210163,1.01124,0.847768,69.774,98.5915
"Jacksonville, FL",2016242N24279,HERMINE,2016,160.6,1,1,70,3,70,8.66667,12.0143,94.3983,153.79,0.721363,0.842431,1.01006,0.613811,0.00291277,0.0319064,0.970922,0.595962,59.3922,42.8517
"Mobile, AL",2016242N24279,HERMINE,2016,368.4,1,1,70,2,70,11,12.8857,84.0728,153.732,0.853659,0.982711,0.651899,0.546878,0.00628264,0.00742536,0.99885,0.546249,69.6595,22.4974
"New Orleans, LA",2016242N24279,HERMINE,2016,498.2,0,1,63,1,70,27,39.7286,182.747,241.25,0.679612,1.157,0.96336,0.757501,0.00757292,0.00255859,1.00505,0.761329,58.5028,77.2937
"New York, NY & NJ",2016242N24279,HERMINE,2016,199.2,-4,1,55,4,70,31.75,40.1,936.883,1462.13,0.791771,0.893079,0.90617,0.640765,0.0639423,0.0335704,1.03245,0.661556,525.249,304.459
"Philadelphia Regional Port, PA",2016242N24279,HERMINE,2016,234.8,-4,1,60,6,70,11.1667,12.8143,368.998,719.301,0.871423,0.9111,0.646127,0.512995,0.0224989,0.00571917,1.01717,0.521801,350.303,92.4854
"Plaquemines Port District, LA",2016242N24279,HERMINE,2016,413.9,1,1,70,3,70,62.6667,67.6143,1354.44,1452.12,0.926826,0.952677,1.05636,0.932733,0.0287886,0.037868,0.990651,0.924014,97.6791,106.258
"Port Everglades, FL",2016242N24279,HERMINE,2016,278.3,-1,1,30,2,70,16.5,20.2714,127.541,141.484,0.813953,0.923358,1.19943,0.901454,0.018565,0.0203124,0.99822,0.899849,13.9427,26.3225
"Port of Charleston, SC",2016242N24279,HERMINE,2016,15.5,1,1,65,2,70,13.5,15.3571,272.644,197.008,0.87907,1.15368,1.3646,1.38393,0.0247363,0.0180083,1.0069,1.39347,-75.6366,23.8242
"Port of Palm Beach District, FL",2016242N24279,HERMINE,2016,334.1,1,1,70,6,70,6,5.44286,50.6886,43.9904,1.10236,1.06425,0.982162,1.15226,0.0204546,0.0214182,0.999016,1.15113,-6.69817,-4.50296
"Port of Savannah, GA",2016242N24279,HERMINE,2016,34.3,1,1,70,2,70,10,15.7143,76.0018,149.841,0.636364,0.764065,1.04318,0.507218,0.0239999,0.0188075,1.00532,0.509916,73.8388,54.4875
"PortMiami, FL",2016242N24279,HERMINE,2016,220.9,-1,1,30,2,70,16.5,16.3286,59.8849,52.632,1.0105,1.15766,0.972634,1.13781,0.021692,0.0108797,1.01105,1.15038,-7.25295,-0.552567
"South Jersey Port Corp, NJ",2016242N24279,HERMINE,2016,214.6,0,1,60,6,70,13.1667,13.2571,494.072,453.812,0.993175,0.989629,1.10768,1.08872,0.0574973,0.0903096,0.965186,1.05081,-40.26,3.09714
"Tampa Port Authority, FL",2016242N24279,HERMINE,2016,267.8,1,1,70,6,70,8.66667,10.4571,251.574,335.129,0.82878,1.16299,0.778825,0.750678,0,0.00571547,0.994285,0.746388,83.5549,57.3809
"Virginia, VA, Port of",2016242N24279,HERMINE,2016,142.2,0,1,60,6,70,17.3333,21.1714,621.237,713.708,0.818713,1.05293,1.00973,0.870436,0.0411287,0.0217708,1.02019,0.888008,92.471,129.386
"Baltimore, MD",2016257N27280,JULIA,2016,422.4,-4,0,25,2,70,20,17.1429,173.483,142.459,1.16667,0.955011,1.09298,1.21777,0.0317107,0.019096,1.01303,1.23364,-31.0241,-23.7432
"Jacksonville, FL",2016257N27280,JULIA,2016,18.5,0,0,45,7,70,12,12,339.696,369.161,1,0.909155,1.01213,0.920185,0.0218241,0.0356251,0.985891,0.907202,29.4648,0
"Port Everglades, FL",2016257N27280,JULIA,2016,130.2,0,0,45,2,70,19.5,21.0429,117.016,165.514,0.92668,0.797431,0.956722,0.706982,0.0300871,0.0178426,1.01262,0.715907,48.4986,12.1355
"Port of Charleston, SC",2016257N27280,JULIA,2016,125,0,0,45,9,70,16.5556,15.7429,1008.64,1004.67,1.05162,1.01881,0.937041,1.00395,0.0141119,0.0193392,0.994698,0.99863,-3.97143,-51.8644
"Port of Palm Beach District, FL",2016257N27280,JULIA,2016,73.7,0,0,45,2,70,6.5,5.82857,15.4738,15.5976,1.1152,0.939852,0.946519,0.992065,0.0523593,0.016489,1.03785,1.02962,0.123765,-1.79678
"Port of Savannah, GA",2016257N27280,JULIA,2016,51.9,0,0,45,8,70,17.25,16.2857,637.958,604.901,1.05921,0.942036,1.05696,1.05465,0.026614,0.0159255,1.01098,1.06623,-33.0569,-35.8165
"PortMiami, FL",2016257N27280,JULIA,2016,190.3,0,0,45,2,70,18.5,16.6857,70.0569,64.2399,1.10873,1.04391,0.94223,1.09055,0.00593287,0.0112276,0.994674,1.08474,-5.81699,-6.98499
"South Jersey Port Corp, NJ",2016257N27280,JULIA,2016,467.1,-4,0,25,2,70,21,12.8714,241.709,146.829,1.63152,1.05875,0.953007,1.6462,0.102918,0.0784881,1.02723,1.69103,-94.8802,-92.7253
"Tampa Port Authority, FL",2016257N27280,JULIA,2016,147.6,0,0,45,3,70,12.6667,10.0857,194.776,163.698,1.2559,0.959254,0.987651,1.18985,0.00880049,0.00459802,1.00424,1.1949,-31.0783,-41.8906
"Virginia, VA, Port of",2016257N27280,JULIA,2016,145.6,-3,0,30,3,70,20,19.7,322.918,326.337,1.01523,1.01449,0.960754,0.989522,0.0154844,0.0229229,0.992445,0.982045,3.41947,-4.96961
"Jacksonville, FL",2016273N13300,MATTHEW,2016,93.5,4,5,115,2,70,3,12.3143,14.5822,106.103,0.243619,1.11429,0.506271,0.137434,0,0.0432391,0.956761,0.131492,91.5208,80.2542
"Port Everglades, FL",2016273N13300,MATTHEW,2016,156.8,4,5,120,2,70,6.5,19.5857,33.5233,142.336,0.331875,0.673952,1.053,0.235522,0.00265487,0.0221211,0.980482,0.230926,108.813,95.0982
"Port of Charleston, SC",2016273N13300,MATTHEW,2016,50.1,3,5,105,3,70,3.33333,16.2571,143.521,362.536,0.205038,1.55042,1.24532,0.39588,0.00597219,0.0280101,0.97783,0.387104,219.015,288.202
"Port of Palm Beach District, FL",2016273N13300,MATTHEW,2016,122.2,4,5,120,3,70,2,6.44286,6.86079,25.21,0.310421,1.17873,0.743764,0.272145,0.00653067,0.0126709,0.993819,0.270463,18.3492,17.3843
"Port of Savannah, GA",2016273N13300,MATTHEW,2016,58.7,3,5,108,3,70,1,16.6429,0,234.13,0.0600858,0,,0,0,0.0210719,0.978928,0,234.13,220.062
"PortMiami, FL",2016273N13300,MATTHEW,2016,191.5,4,5,120,2,70,10,18.5714,39.4744,69.8683,0.538462,1.00331,1.04579,0.564983,0,0.016674,0.983326,0.555563,30.3939,32.2469
"San Juan, PR",2016273N13300,MATTHEW,2016,469.7,1,5,68,1,70,7,8.97143,37.9002,21.9091,0.780255,0.965274,2.29684,1.72989,0.0321197,0.0201242,1.01239,1.75133,-15.9911,4.81442
"Tampa Port Authority, FL",2016273N13300,MATTHEW,2016,228.7,4,5,120,3,70,9,10.9571,142.624,174.062,0.821382,1.07435,0.928531,0.819388,0,0.00677303,0.993227,0.813838,31.4377,31.0906
"Virginia, VA, Port of",2016273N13300,MATTHEW,2016,240,1,5,70,2,70,15,19.7571,199.557,207.944,0.759219,1.23873,1.02042,0.959671,0.0140302,0.0238089,0.990082,0.950153,8.38616,50.0688
"Baltimore, MD",2017171N24271,CINDY,2017,172.6,-3,0,25,1,70,11,15.9857,43.3132,71.0709,0.688114,0.814811,1.08695,0.609436,0,0.0188859,0.981114,0.597927,27.7577,22.166
"Beaumont, TX",2017171N24271,CINDY,2017,42.3,0,0,50,3,70,10.6667,14.7571,490.896,527.984,0.722814,1.08437,1.18622,0.929755,0,0.000715055,0.999285,0.92909,37.0883,146.35
"Corpus Christi, TX",2017171N24271,CINDY,2017,404.9,0,0,48,2,70,14,18.6143,324.661,422.288,0.752111,1.03038,0.992072,0.768814,0.0234604,0.0225587,1.00092,0.769524,97.627,104.681
"Galveston, TX",2017171N24271,CINDY,2017,123.1,0,0,50,3,70,7.33333,11.2143,207.755,365.345,0.653928,1.06674,0.815193,0.568653,0.0170022,0.059757,0.956506,0.54392,157.591,126.436
"Houston Port Authority, TX",2017171N24271,CINDY,2017,160.9,0,0,50,3,70,62.6667,72,1570.18,1869.59,0.87037,0.960679,1.00443,0.83985,0.00293185,0.00127213,1.00166,0.841248,299.415,242.355
"Lake Charles Harbor District, LA",2017171N24271,CINDY,2017,41.1,0,0,50,3,70,7.33333,8.98571,229.009,233.627,0.81611,1.0528,1.14086,0.980232,0.0140233,0.0459477,0.967621,0.948494,4.61832,42.9617
"New Orleans, LA",2017171N24271,CINDY,2017,354.3,0,0,50,4,70,41,43.6429,1009.33,1061.59,0.939444,1.0165,0.995624,0.950769,0.00337652,0.000564251,1.00282,0.953452,52.2628,64.2861
"New York, NY & NJ",2017171N24271,CINDY,2017,430.9,-3,0,25,1,70,25,36.9571,225.772,353.241,0.676459,0.880464,1.07311,0.639144,0.015529,0.0255407,0.98983,0.632644,127.469,114.288
"Philadelphia Regional Port, PA",2017171N24271,CINDY,2017,324.9,-3,0,25,1,70,8,12.1143,77.8368,111.087,0.660377,0.695706,1.52511,0.700681,0,0.0072363,0.992764,0.695611,33.2505,37.7277
"Plaquemines Port District, LA",2017171N24271,CINDY,2017,347,0,0,50,3,70,50,65.3571,1304.74,1383.75,0.765027,1.33523,0.923068,0.9429,0.0188998,0.0427303,0.97571,0.919997,79.0125,325.143
"Port Arthur, TX",2017171N24271,CINDY,2017,24.9,0,0,50,3,70,7.33333,7.32857,191.369,250.46,1.00065,1.00239,0.761751,0.764071,0,0.00356858,0.996431,0.761344,59.0908,-0.162742
"Port Freeport, TX",2017171N24271,CINDY,2017,186.2,0,0,50,3,70,3.66667,5.91429,97.5447,163.893,0.619968,1.14891,0.83558,0.595175,0,0.0130013,0.986999,0.587437,66.3478,62.2845
"Port of Greater Baton Rouge, LA",2017171N24271,CINDY,2017,239.6,0,0,50,3,70,15.6667,12.8857,274.309,282.721,1.21582,0.907571,0.879293,0.970246,0.00927224,0.000400558,1.00895,0.978935,8.41195,-61.0159
"South Jersey Port Corp, NJ",2017171N24271,CINDY,2017,315.5,-3,0,25,1,70,7,13.3571,35.7608,76.2302,0.524064,0.608727,1.47053,0.469116,0,0.0766584,0.923342,0.433155,40.4694,36.2807
"South Louisiana, LA, Port of",2017171N24271,CINDY,2017,306.5,0,0,50,4,70,51.25,45.8,1511.74,1521.54,1.119,1.01716,0.872925,0.993558,0.00361153,0.00161752,1.002,0.995546,9.80196,-181.057
"Texas City, TX",2017171N24271,CINDY,2017,121.9,0,0,50,3,70,7.33333,7.28571,312.703,331.93,1.00654,0.936722,0.999185,0.942076,0,0.0149255,0.985074,0.928015,19.2268,-2.16948
"Virginia, VA, Port of",2017171N24271,CINDY,2017,293.6,-3,0,25,1,70,25,25.7143,93.1884,163.488,0.972222,0.617915,0.948814,0.57,0.0171173,0.0211842,0.995862,0.567642,70.3,4.54134
"Jacksonville, FL",2017212N28275,EMILY,2017,277.2,0,0,50,4,68,9.75,10.2353,122.765,158.08,0.952586,0.87303,0.93382,0.776598,0.0245471,0.0343828,0.989917,0.768767,35.3155,7.49518
"Mobile, AL",2017212N28275,EMILY,2017,363.1,0,0,38,2,68,12,12.1912,100.451,110.599,0.984318,0.98678,0.935078,0.908247,0,0.0117422,0.988258,0.897582,10.1478,1.73436
"New Orleans, LA",2017212N28275,EMILY,2017,484,-1,0,30,1,68,44,41.1029,253.807,253.646,1.07048,1.06789,0.875322,1.00063,0,0.00253259,0.997467,0.9981,-0.160747,-17.8778
"Plaquemines Port District, LA",2017212N28275,EMILY,2017,412.1,-1,0,33,1,68,75,62.5882,528.447,452.976,1.19831,1.10706,0.8794,1.16661,0.0459588,0.0473449,0.998547,1.16492,-75.4712,-89.8289
"Port Everglades, FL",2017212N28275,EMILY,2017,164.6,0,0,50,2,68,13.5,18.3676,111.954,120.251,0.734988,1.07392,1.17949,0.931001,0,0.0140559,0.985944,0.917915,8.29722,31.8681
"Port of Charleston, SC",2017212N28275,EMILY,2017,316.5,-1,0,30,2,68,15,14.6471,218.926,176.259,1.0241,1.02983,1.17771,1.24207,0.0356064,0.0278076,1.00809,1.25211,-42.6663,-4.24721
"Port of Palm Beach District, FL",2017212N28275,EMILY,2017,105.6,0,0,50,3,68,5.66667,4.5,36.6155,22.8345,1.25926,1.5013,0.848189,1.60352,0.0177637,0.0214612,0.996236,1.59748,-13.781,-5.92005
"Port of Savannah, GA",2017212N28275,EMILY,2017,326.3,-1,0,30,2,68,16,14.8235,168.574,150.779,1.07937,0.916775,1.12985,1.11802,0,0.0217913,0.978209,1.09366,-17.7951,-11.9666
"PortMiami, FL",2017212N28275,EMILY,2017,223.3,0,0,50,2,68,12,16.2353,33.1253,65.6862,0.73913,1.09208,0.624756,0.504297,0.0111553,0.0154019,0.995705,0.502131,32.5609,17.1355
"Tampa Port Authority, FL",2017212N28275,EMILY,2017,47.5,0,0,50,3,68,11.6667,10,186.303,179.5,1.16667,1.1325,0.78554,1.0379,0,0.00691355,0.993086,1.03072,-6.80293,-29.9167
"San Juan, PR",2017224N22293,GERT,2017,448.8,-3,2,25,1,70,11,5.8,40.768,17.2717,1.89655,0.567863,2.19167,2.36039,0,0.154803,0.845197,1.99499,-23.4963,-15.485
"Beaumont, TX",2017228N14314,HARVEY,2017,63.9,4,4,115,7,70,12.4286,15.7857,1313.95,1489.73,0.78733,1.2335,0.908182,0.882003,0,0.00305412,0.996946,0.87931,175.783,316.821
"Corpus Christi, TX",2017228N14314,HARVEY,2017,57.3,4,4,115,7,70,1.28571,17.9714,70.8342,1544.6,0.0715421,1.06022,0.604603,0.0458593,0.0285823,0.0148574,1.01413,0.0465073,1473.76,1434.09
"Galveston, TX",2017228N14314,HARVEY,2017,103,4,4,115,7,70,2,11.3286,137.288,834.589,0.176545,1.60179,0.581702,0.164498,0.0190881,0.0531565,0.965269,0.158785,697.301,687.247
"Houston Port Authority, TX",2017228N14314,HARVEY,2017,165.9,4,4,115,7,70,12.4286,77.8,579.223,4461.03,0.15975,0.806818,1.00738,0.129841,0.0227003,0.000882862,1.02232,0.132739,3881.81,3748.38
"Lake Charles Harbor District, LA",2017228N14314,HARVEY,2017,19.2,4,4,115,7,70,5.42857,10.2,167.098,637.521,0.532213,0.60395,0.815436,0.262106,0.0291912,0.0454531,0.983249,0.257715,470.423,298.224
"Mobile, AL",2017228N14314,HARVEY,2017,397.1,0,4,38,3,70,13,12.9857,114.529,236.094,1.0011,1.02948,0.470691,0.4851,0.0157076,0.00949277,1.00631,0.488163,121.565,-0.259729
"New Orleans, LA",2017228N14314,HARVEY,2017,283.3,0,4,45,4,70,34.75,40.8714,1099.75,1040.02,0.850227,0.960522,1.29482,1.05743,0.00481289,0.00169272,1.00314,1.06074,-59.725,155.767
"Plaquemines Port District, LA",2017228N14314,HARVEY,2017,367.4,0,4,45,3,70,63,72.7143,1225.27,1478.3,0.866405,0.888267,1.07697,0.828835,0.0275332,0.0349598,0.992363,0.822506,253.032,197.494
"Port Arthur, TX",2017228N14314,HARVEY,2017,41.7,4,4,115,7,70,5.57143,7.24286,708.308,499.228,0.769231,1.14092,1.61664,1.41881,0,0.00309826,0.996902,1.41441,-209.08,115.206
"Port Freeport, TX",2017228N14314,HARVEY,2017,90.9,4,4,115,7,70,0.571429,6,4.68137,380.15,0.0952381,0.213075,0.606842,0.0123145,0.116291,0.0306448,1.09692,0.013508,375.468,343.945
"Port of Greater Baton Rouge, LA",2017228N14314,HARVEY,2017,156,0,4,45,5,70,16.2,15.1714,596.941,551.761,1.0678,0.918482,1.10311,1.08188,0.00391273,0.000590549,1.00334,1.08549,-45.1793,-37.4075
"South Louisiana, LA, Port of",2017228N14314,HARVEY,2017,245.6,0,4,45,4,70,53.5,51.4429,1357.25,1700.74,1.03999,1.02161,0.751116,0.798035,0.00371654,0.00335439,1.00036,0.798325,343.49,-68.0107
"Texas City, TX",2017228N14314,HARVEY,2017,120.3,4,4,115,7,70,1.14286,7.6,63.9341,791.709,0.150376,0.667481,0.804544,0.0807545,0,0.0204028,0.979597,0.0791069,727.775,672.655
"Baltimore, MD",2017240N31279,UNNAMED,2017,455.2,-4,-3,40,1,70,21,16.9857,75.9748,69.9899,1.23633,0.877054,1.00109,1.08551,0,0.0187354,0.981265,1.06517,-5.98489,-16.5409
"Jacksonville, FL",2017240N31279,UNNAMED,2017,100.5,-3,-3,35,3,70,9,10.6857,113.076,127.576,0.842246,0.961508,1.09449,0.886344,0.0121,0.0294475,0.98244,0.870779,14.4998,20.1256
"Port of Charleston, SC",2017240N31279,UNNAMED,2017,68.7,-3,-3,40,3,70,12,14.6714,181.38,246.312,0.817916,0.927906,0.97027,0.736386,0.0256394,0.022746,1.00297,0.738573,64.9313,44.8494
"Port of Palm Beach District, FL",2017240N31279,UNNAMED,2017,446.3,-3,-3,35,2,70,4,5,14.0114,18.628,0.8,0.996989,0.943049,0.752167,0.0104132,0.0291644,0.981052,0.737915,4.61663,3.7256
"Port of Savannah, GA",2017240N31279,UNNAMED,2017,93.2,-3,-3,38,3,70,12.3333,15.9571,235.074,239.154,0.772904,1.06784,1.19095,0.982942,0.0170666,0.0215119,0.995478,0.978497,4.07952,54.311
"South Jersey Port Corp, NJ",2017240N31279,UNNAMED,2017,468.6,-4,-3,40,1,70,19,13.2286,83.704,82.6159,1.43629,0.783932,0.899836,1.01317,0,0.0653919,0.934608,0.946917,-1.08809,-36.0441
"Tampa Port Authority, FL",2017240N31279,UNNAMED,2017,349.2,-3,-3,35,2,70,9,10.9,108.993,130.803,0.825688,1.12725,0.895248,0.833257,0.142714,0.0105869,1.15412,0.961681,21.8105,22.8005
"Virginia, VA, Port of",2017240N31279,UNNAMED,2017,181.8,-3,-3,40,1,70,29,27.8429,184.847,160.998,1.04156,1.04845,1.05138,1.14813,0,0.0195069,0.980493,1.12573,-23.8486,-6.69104
"Jacksonville, FL",2017242N16333,IRMA,2017,129.4,3,5,100,3,70,2,9.95714,1.35883,115.261,0.200861,0.980166,0.0598808,0.0117892,0,0.0354884,0.964512,0.0113708,113.902,92.1093
"Mobile, AL",2017242N16333,IRMA,2017,338.4,0,5,48,2,70,9.5,12.7857,133.131,146.063,0.743017,1.15207,1.06479,0.911464,0,0.00791791,0.992082,0.904247,12.9319,37.5358
"Port Everglades, FL",2017242N16333,IRMA,2017,124.3,4,5,130,3,70,0.333333,20.0714,0.9428,236.814,0.0166074,0.445672,0.537894,0.00398119,0,0.016161,0.983839,0.00391685,235.871,232.881
"Port of Charleston, SC",2017242N16333,IRMA,2017,403.1,0,5,50,2,70,6,14.6143,66.5533,153.088,0.410557,1.1018,0.961066,0.434739,0.0132591,0.0257748,0.987316,0.429225,86.5345,90.2365
"Port of Palm Beach District, FL",2017242N16333,IRMA,2017,120.5,4,5,120,3,70,0,5.31429,0,30.1816,0,,,0,0,0.0254707,0.974529,0,30.1816,30.1816
"Port of Savannah, GA",2017242N16333,IRMA,2017,261.8,1,5,65,2,70,0.5,15.9286,1.29866,164.828,0.0313901,0.152189,1.64925,0.00787885,0,0.0211141,0.978886,0.00771249,163.53,159.654
"PortMiami, FL",2017242N16333,IRMA,2017,120.5,5,5,145,3,70,9.33333,17.2143,66.7798,89.6483,0.542185,1.21238,1.13323,0.744908,0,0.0174642,0.982536,0.731899,22.8685,41.0423
"San Juan, PR",2017242N16333,IRMA,2017,87.6,5,5,155,2,70,1,5.37143,0,34.8938,0.18617,0,,0,0.521838,0.355972,1.34688,0,34.8938,28.3976
"Tampa Port Authority, FL",2017242N16333,IRMA,2017,35.7,4,5,115,3,70,2,9.81429,21.0457,182.811,0.203785,0.255594,2.21024,0.115123,0,0.0164834,0.983517,0.113225,161.766,145.557
"New York, NY & NJ",2017247N09327,JOSE,2017,396.5,0,4,60,7,70,37.1429,35.2857,2440.04,2315.13,1.05263,1.02655,0.97536,1.05396,0.0143708,0.0221929,0.992064,1.04559,-124.916,-121.849
"Philadelphia Regional Port, PA",2017247N09327,JOSE,2017,423.1,0,4,60,5,70,11.6,12.0714,379.748,591.537,0.960947,1.09316,0.611125,0.641968,0,0.00391382,0.996086,0.639456,211.789,23.1014
"San Juan, PR",2017247N09327,JOSE,2017,296.3,4,4,120,2,70,6,5.41429,14.0367,36.0472,1.10818,0.367354,0.956526,0.389396,0.646252,0.364281,1.7971,0.699782,22.0106,-3.89957
"South Jersey Port Corp, NJ",2017247N09327,JOSE,2017,393.7,0,4,63,5,70,13.2,13.0429,304.805,396.258,1.01205,0.949316,0.800631,0.769209,0.0719897,0.0685713,1.00368,0.772043,91.4525,-4.77419
"Virginia, VA, Port of",2017247N09327,JOSE,2017,418.4,1,4,65,2,70,29,27.2143,343.446,314.871,1.06562,0.99164,1.03222,1.09075,0.00981734,0.0247408,0.984929,1.07431,-28.5747,-20.6608
"Baltimore, MD",2017260N12310,MARIA,2017,495.7,1,5,65,2,70,14,16.5286,121.007,129.797,0.847018,1.17783,0.93448,0.93228,0.0149963,0.0173591,0.997601,0.930044,8.78978,19.8565
"New York, NY & NJ",2017260N12310,MARIA,2017,483.3,1,5,65,1,70,42,35.6,405.577,334.819,1.17978,1.00975,1.01683,1.21133,0.0110546,0.0230493,0.987871,1.19664,-70.7578,-60.1921
"Philadelphia Regional Port, PA",2017260N12310,MARIA,2017,454.7,1,5,65,2,70,15.5,12.1714,129.928,220.176,1.27347,0.833997,0.555619,0.590109,0,0.00266679,0.997333,0.588535,90.2481,-60.2124
"San Juan, PR",2017260N12310,MARIA,2017,28.4,5,5,150,4,70,1.25,6.07143,5.15473,73.0441,0.205882,0.448063,0.765001,0.07057,0.361968,0.478699,0.817046,0.0576589,67.8894,58.0056
"South Jersey Port Corp, NJ",2017260N12310,MARIA,2017,410.3,1,5,65,2,70,12.5,12.9714,85.7838,150.21,0.963656,0.920954,0.643498,0.571094,0.071616,0.0756236,0.995683,0.568628,64.4259,5.45916
"Virginia, VA, Port of",2017260N12310,MARIA,2017,347.9,1,5,65,3,70,31.3333,26.9143,490.919,467.182,1.16419,1.01234,0.891612,1.05081,0.0135245,0.0232165,0.990175,1.04049,-23.7375,-76.7064
"Baltimore, MD",2017277N11279,NATE,2017,369.7,-4,1,25,1,70,21,16.7429,71.391,65.2,1.25427,0.973073,0.89714,1.09495,0.0216571,0.0189035,1.00281,1.09804,-6.19097,-16.5782
"Beaumont, TX",2017277N11279,NATE,2017,475.9,1,1,75,1,70,16,15.3,241.624,217.765,1.04575,0.825847,1.28477,1.10957,0.14004,0.000580425,1.16217,1.2895,-23.8596,-9.96309
"Lake Charles Harbor District, LA",2017277N11279,NATE,2017,395.8,1,1,78,2,70,10.5,12.0143,111.047,195.033,0.87396,0.783503,0.831506,0.569373,0.083717,0.0424333,1.04506,0.595027,83.9864,24.582
"Mobile, AL",2017277N11279,NATE,2017,70.4,1,1,80,2,70,4,12.7429,112.493,132.999,0.313901,1.40557,1.91704,0.845819,0,0.0079353,0.992065,0.839107,20.506,91.2505
"New Orleans, LA",2017277N11279,NATE,2017,80.1,1,1,80,2,70,29.5,36.1429,300.564,505.412,0.816206,1.14069,0.63874,0.59469,0,0.00220505,0.997795,0.593379,204.848,92.8919
"New York, NY & NJ",2017277N11279,NATE,2017,325.7,-4,1,25,2,70,33,36.3857,511.442,669.016,0.906949,0.941073,0.895681,0.764469,0.0206403,0.0230066,0.997584,0.762622,157.574,62.2524
"Philadelphia Regional Port, PA",2017277N11279,NATE,2017,356.4,-4,1,25,1,70,16,11.6143,159.293,99.3362,1.37761,1.07281,1.08502,1.60357,0,0.00288321,0.997117,1.59895,-59.9564,-37.5107
"Plaquemines Port District, LA",2017277N11279,NATE,2017,41.6,1,1,80,2,70,42,71.7571,623.85,1026.39,0.585308,1.59627,0.650543,0.607808,0.0046694,0.0372701,0.967246,0.5879,402.543,425.637
"Port Arthur, TX",2017277N11279,NATE,2017,456.1,1,1,78,2,70,8.5,7.55714,256.082,164.826,1.12476,1.0723,1.28818,1.55365,0.0179789,0.00223681,1.01603,1.57855,-91.2559,-20.5643
"Port of Greater Baton Rouge, LA",2017277N11279,NATE,2017,210.9,1,1,80,2,70,15,15.5714,249.233,252.863,0.963303,1.27047,0.805364,0.985645,0,0.0026016,0.997398,0.983081,3.62976,9.27937
"South Jersey Port Corp, NJ",2017277N11279,NATE,2017,406.1,-4,1,25,1,70,13,11.8714,80.1831,69.1858,1.09507,1.31035,0.80768,1.15895,0.030877,0.0908465,0.93812,1.08724,-10.9973,-6.57723
"South Louisiana, LA, Port of",2017277N11279,NATE,2017,126.7,1,1,80,2,70,47.5,54.8714,689.546,784.38,0.86566,1.25275,0.810633,0.879097,0,0.00210334,0.997897,0.877248,94.834,105.374
"Port Everglades, FL",2017301N18276,PHILIPPE,2017,391.2,0,0,35,2,70,20.5,21.2429,165.356,171.057,0.96503,1.01348,0.988378,0.966675,0.0131567,0.00932935,1.00388,0.970424,5.70053,5.98182
"Port of Palm Beach District, FL",2017301N18276,PHILIPPE,2017,449.5,-1,0,30,1,70,3,5.88571,5.12282,10.0862,0.509709,1.63061,0.611093,0.507902,0.00958821,0.0154448,0.994087,0.504899,4.96342,4.9452
"PortMiami, FL",2017301N18276,PHILIPPE,2017,331.3,0,0,35,2,70,18,18.8143,76.4716,65.5323,0.95672,1.06196,1.14855,1.16693,0,0.0084604,0.99154,1.15706,-10.9393,2.83625
"Jacksonville, FL",2018146N19273,ALBERTO,2018,412.3,0,0,55,3,70,11.6667,11.0714,204.673,123.373,1.05376,0.994476,1.58308,1.65897,0.0320977,0.0295858,1.0026,1.66328,-81.2999,-6.63298
"Mobile, AL",2018146N19273,ALBERTO,2018,190,0,0,55,3,70,7.33333,11.1286,172.208,149.321,0.658964,0.98085,1.7843,1.15327,0,0.010517,0.989483,1.14114,-22.8867,50.9239
"New Orleans, LA",2018146N19273,ALBERTO,2018,384,0,0,55,2,70,33.5,38.0286,478.699,470.201,0.880917,1.06864,1.08146,1.01807,0.00465398,0.00122944,1.00344,1.02158,-8.49794,55.9931
"Plaquemines Port District, LA",2018146N19273,ALBERTO,2018,344.5,0,0,55,3,70,53,64.3143,1001.47,1380.08,0.824078,0.886571,0.993238,0.725664,0.0208458,0.0385124,0.981957,0.712571,378.606,242.786
"Port Everglades, FL",2018146N19273,ALBERTO,2018,386.2,-2,0,45,1,70,16,22.1286,73.1189,88.3875,0.723047,0.978935,1.16874,0.827253,0.011324,0.0137552,0.997541,0.825219,15.2686,24.4792
"Port of Greater Baton Rouge, LA",2018146N19273,ALBERTO,2018,475.3,-1,0,30,1,70,13,14.6571,110.478,105.9,0.88694,0.922294,1.27531,1.04323,0,0.00847981,0.99152,1.03438,-4.57765,11.9731
"Port of Palm Beach District, FL",2018146N19273,ALBERTO,2018,388.4,-2,0,45,1,70,4,5.7,3.29401,11.0084,0.701754,0.971123,0.439077,0.299227,0,0.0179014,0.982099,0.29387,7.7144,3.28321
"Port of Savannah, GA",2018146N19273,ALBERTO,2018,490.2,-1,0,30,1,70,22,15.0286,101.878,76.9222,1.46388,0.944156,0.958254,1.32443,0,0.0155557,0.984444,1.30383,-24.9559,-35.6825
"PortMiami, FL",2018146N19273,ALBERTO,2018,381.4,-2,0,45,1,70,14,15.4,21.9548,29.386,0.909091,1.07933,0.761424,0.747118,0,0.0142237,0.985776,0.736491,7.4312,2.67146
"South Louisiana, LA, Port of",2018146N19273,ALBERTO,2018,427.2,0,0,55,2,70,43.5,50.7,743.91,811.22,0.857988,1.01011,1.05812,0.917026,0.00184437,0.00128171,1.00056,0.917543,67.31,115.203
"Tampa Port Authority, FL",2018146N19273,ALBERTO,2018,235.6,0,0,55,3,70,13.3333,10.5857,286.626,180.72,1.25956,1.18743,1.06043,1.58602,0.00477524,0.0133399,0.991394,1.57237,-105.905,-46.9076
"San Juan, PR",2018186N10325,BERYL,2018,180.9,-3,1,35,2,70,7.5,7.01429,47.2035,54.2733,1.06925,0.849542,0.957472,0.869738,0,0.0579896,0.94201,0.819302,7.06974,-3.75823
"Port of Charleston, SC",2018186N31292,CHRIS,2018,432.1,0,2,43,2,70,17,17.6714,168.466,199.11,0.962005,0.887569,0.990922,0.846095,0.0185733,0.0186252,0.999947,0.84605,30.6441,7.56522
"Virginia, VA, Port of",2018186N31292,CHRIS,2018,430,0,2,43,2,70,32.5,28.1714,320.359,323.392,1.15365,0.95839,0.895966,0.990622,0.0137426,0.0185281,0.995148,0.985816,3.03264,-49.6895
"Baltimore, MD",2018242N13343,FLORENCE,2018,212,-4,4,25,2,70,22.5,17.1857,207.605,137.661,1.30923,0.981389,1.17373,1.50808,0.0250407,0.0161267,1.00914,1.52187,-69.9432,-42.5686
"Jacksonville, FL",2018242N13343,FLORENCE,2018,363.1,0,4,63,3,70,11.6667,12.9714,140.917,169.798,0.899413,1.06857,0.863514,0.829912,0.00849352,0.0267298,0.981607,0.814648,28.8806,17.0795
"New York, NY & NJ",2018242N13343,FLORENCE,2018,155.5,-4,4,25,1,70,37,37.0429,264.462,361.465,0.998843,0.856281,0.855429,0.73164,0.0206452,0.0267421,0.993775,0.727085,97.0026,0.4182
"Philadelphia Regional Port, PA",2018242N13343,FLORENCE,2018,205.5,-4,4,25,1,70,12,11.8286,130.225,99.545,1.01449,1.06116,1.21519,1.3082,0,0.00782651,0.992173,1.29796,-30.6797,-1.44268
"Port of Charleston, SC",2018242N13343,FLORENCE,2018,64.3,3,4,98,5,70,9.4,18.3714,309.746,490.541,0.511664,1.13056,1.09157,0.631437,0,0.0205092,0.979491,0.618486,180.796,239.549
"Port of Savannah, GA",2018242N13343,FLORENCE,2018,167.2,2,4,90,5,70,13,14.6571,338.949,398.074,0.88694,1.02922,0.932758,0.851471,0.0142321,0.0189133,0.995251,0.847428,59.1255,45.0064
"South Jersey Port Corp, NJ",2018242N13343,FLORENCE,2018,246.3,-4,4,25,1,70,12,12.2429,66.6468,71.0438,0.980163,1.04337,0.917312,0.938109,0.125458,0.087548,1.04335,0.978775,4.39696,1.40927
"Virginia, VA, Port of",2018242N13343,FLORENCE,2018,307,3,4,98,6,70,21.8333,27.5714,632.641,1003.85,0.791883,0.900122,0.88415,0.630215,0.0157515,0.0175751,0.998147,0.629047,371.209,208.919
"Beaumont, TX",2018246N22283,GORDON,2018,446.6,0,0,38,2,70,14,15.2571,405.891,399.624,0.917603,1.33233,0.830793,1.01568,0,0.000905961,0.999094,1.01476,-6.26787,32.9278
"Jacksonville, FL",2018246N22283,GORDON,2018,445.3,0,0,55,2,70,12,13.2143,119.207,111.189,0.908108,1.10232,1.07101,1.07211,0.0180702,0.0248806,0.993064,1.06467,-8.01778,10.2174
"Lake Charles Harbor District, LA",2018246N22283,GORDON,2018,395.4,0,0,60,2,70,12.5,10.5857,174.492,171.722,1.18084,0.942984,0.912547,1.01613,0.0179174,0.0370464,0.980522,0.996337,-2.76976,-31.0537
"Mobile, AL",2018246N22283,GORDON,2018,48.4,0,0,60,3,70,6,10.8714,49.9849,159.263,0.551905,0.933681,0.609063,0.313852,0.0357782,0.0205587,1.01578,0.318806,109.278,71.3647
"New Orleans, LA",2018246N22283,GORDON,2018,141.5,0,0,60,3,70,37.6667,31.6429,627.428,594.193,1.19037,1.01575,0.873306,1.05593,0.00993173,0.00221133,1.0078,1.06417,-33.2348,-113.116
"Plaquemines Port District, LA",2018246N22283,GORDON,2018,147.6,0,0,60,3,70,56.3333,59.7571,1247.99,1178.15,0.942705,1.06884,1.05128,1.05927,0.0230834,0.0434691,0.979133,1.03717,-69.8346,67.5027
"Port Arthur, TX",2018246N22283,GORDON,2018,443.4,0,0,45,2,70,6.5,6.77143,186.445,152.497,0.959916,1.22129,1.04289,1.22262,0,0.00168925,0.998311,1.22055,-33.9487,6.11274
"Port Everglades, FL",2018246N22283,GORDON,2018,112,0,0,55,3,70,16,21.1571,160.866,230.521,0.756246,0.920002,1.00301,0.697839,0.021006,0.0156244,1.0055,0.701675,69.6545,56.1904
"Port of Greater Baton Rouge, LA",2018246N22283,GORDON,2018,209.8,0,0,60,4,70,14,12.9571,484.109,458.111,1.08049,1.01555,0.963057,1.05675,0,0.00771966,0.99228,1.04859,-25.9976,-36.8711
"Port of Palm Beach District, FL",2018246N22283,GORDON,2018,160,0,0,55,2,70,3.5,5.27143,10.7463,20.3026,0.663957,1.21229,0.6576,0.529309,0,0.0170427,0.982957,0.520289,9.55623,6.82254
"PortMiami, FL",2018246N22283,GORDON,2018,60.2,0,0,55,3,70,9.33333,14.0286,48.3199,91.0232,0.665309,1.13953,0.700203,0.530853,0.0115025,0.00827291,1.00327,0.532587,42.7033,30.4647
"South Louisiana, LA, Port of",2018246N22283,GORDON,2018,182.5,0,0,60,3,70,51.3333,48.4286,1164.16,1182.57,1.05998,0.95159,0.975967,0.984425,0.00529755,0.00147902,1.00384,0.988204,18.419,-70.9312
"Tampa Port Authority, FL",2018246N22283,GORDON,2018,173.2,0,0,60,2,70,6,8.95714,103.262,102.456,0.669856,0.937809,1.60437,1.00786,0,0.0167974,0.983203,0.990934,-0.80568,33.8253
"San Juan, PR",2018251N13325,ISAAC,2018,358.3,0,1,35,2,70,6.5,6.82857,115.556,51.1303,0.951883,1.13219,2.09706,2.26002,0,0.0149654,0.985035,2.2262,-64.4254,2.46024
"San Juan, PR",2018265N08338,KIRK,2018,489.6,0,0,35,1,70,4,6.27143,13.4766,21.8539,0.637813,0.953656,1.01383,0.616668,0,0.0140757,0.985924,0.607988,8.3773,7.91521
"Baltimore, MD",2018280N18273,MICHAEL,2018,272.1,0,5,60,2,70,13,17.9429,93.7103,156.695,0.724522,0.852811,0.967895,0.598043,0.023411,0.0181532,1.00538,0.601263,62.9845,43.1659
"Jacksonville, FL",2018280N18273,MICHAEL,2018,289.4,5,5,140,2,70,14,12.1857,120.635,103.48,1.14889,1.10901,0.914972,1.16579,0.035106,0.0324901,1.00271,1.16895,-17.1559,-15.4067
"Mobile, AL",2018280N18273,MICHAEL,2018,254.1,5,5,140,2,70,12,10.6714,88.777,86.5401,1.1245,0.998766,0.9134,1.02585,0.0373059,0.0336047,1.00384,1.02979,-2.23694,-10.7741
"New Orleans, LA",2018280N18273,MICHAEL,2018,377.9,5,5,140,1,70,29,34.2,177.975,210.419,0.847953,0.915122,1.08999,0.845811,0,0.00479888,0.995201,0.841752,32.4442,31.9936
"New York, NY & NJ",2018280N18273,MICHAEL,2018,305.5,-4,5,60,1,70,37,35.0857,390.678,308.945,1.05456,1.10702,1.0832,1.26455,0.0141319,0.0264394,0.987516,1.24877,-81.7327,-16.8561
"Philadelphia Regional Port, PA",2018280N18273,MICHAEL,2018,282.8,-4,5,60,1,70,11,12.3143,107.039,109.891,0.893271,0.909518,1.19891,0.974049,0,0.00838211,0.991618,0.965884,2.85179,11.7285
"Plaquemines Port District, LA",2018280N18273,MICHAEL,2018,310.2,5,5,140,2,70,58.5,60.8,821.931,829.022,0.962171,1.09508,0.940957,0.991447,0.005657,0.0435209,0.961921,0.953693,7.09068,31.361
"Port of Charleston, SC",2018280N18273,MICHAEL,2018,195.2,1,5,80,2,70,19.5,17.6571,210.322,198.17,1.10437,0.943777,1.01827,1.06132,0.018366,0.0184263,0.999939,1.06125,-12.1512,-20.6828
"Port of Savannah, GA",2018280N18273,MICHAEL,2018,193.7,5,5,140,2,70,12.5,14.6571,130.93,155.945,0.852827,0.945591,1.04112,0.839588,0.040328,0.017777,1.0235,0.859317,25.0155,22.951
"South Jersey Port Corp, NJ",2018280N18273,MICHAEL,2018,242.7,-4,5,60,1,70,11,12.2429,47.004,62.2466,0.898483,0.909353,0.924222,0.755125,0.0520995,0.0785491,0.972097,0.734054,15.2426,6.31909
"South Louisiana, LA, Port of",2018280N18273,MICHAEL,2018,422.7,5,5,140,1,70,43,49.1857,283.114,379.532,0.874238,1.05898,0.805742,0.745956,0,0.00539014,0.99461,0.741935,96.418,47.7308
"Tampa Port Authority, FL",2018280N18273,MICHAEL,2018,384.4,5,5,140,3,70,6.66667,8.35714,144.208,145.34,0.797721,1.00633,1.23599,0.992213,0,0.0150265,0.984974,0.977303,1.13177,29.3993
"Virginia, VA, Port of",2018280N18273,MICHAEL,2018,18.3,0,5,60,2,70,20.5,26.2286,261.48,308.592,0.78159,1.0702,1.01299,0.84733,0,0.0206192,0.979381,0.829859,47.1127,67.3995
"Beaumont, TX",2019192N29274,BARRY,2019,130.5,1,1,65,4,70,10.25,14.6571,673.237,804.45,0.699318,1.05444,1.13494,0.836891,0,0.0019374,0.998063,0.83527,131.213,241.884
"Galveston, TX",2019192N29274,BARRY,2019,236.4,1,1,65,4,70,9.5,11.1571,457.203,548.726,0.851472,1.10014,0.889476,0.833208,0.0356067,0.0431325,0.992196,0.826706,91.5231,81.5009
"Houston Port Authority, TX",2019192N29274,BARRY,2019,245.6,1,1,65,4,70,64.5,66.3143,2569.06,2473.1,0.972641,0.961703,1.11055,1.0388,0.00323728,0.00242646,1.00081,1.03965,-95.9602,67.6612
"Lake Charles Harbor District, LA",2019192N29274,BARRY,2019,70.5,1,1,65,5,70,8,9.48571,338.742,375.365,0.843373,1.03298,1.03587,0.902435,0.0154449,0.0435692,0.971435,0.876657,36.6223,58.792
"Mobile, AL",2019192N29274,BARRY,2019,286.4,1,1,65,5,70,10.8,10.0286,303.553,215.006,1.07692,1.10193,1.18973,1.41184,0.0176321,0.0180075,0.999618,1.4113,-88.5475,-16.5389
"New Orleans, LA",2019192N29274,BARRY,2019,193.6,1,1,65,6,70,26.5,34.1857,964.406,1098.41,0.775178,1.20194,0.942347,0.877998,0.00238169,0.00188728,1.0005,0.878433,134.009,246.948
"Plaquemines Port District, LA",2019192N29274,BARRY,2019,158.7,1,1,65,5,70,51.4,69.7,1725.43,1959.47,0.737446,1.29988,0.918601,0.88056,0.0196789,0.0397179,0.979559,0.862561,234.038,514.465
"Port Arthur, TX",2019192N29274,BARRY,2019,122.4,1,1,65,4,70,2.75,6.74286,62.5615,283.809,0.407839,1.11325,0.485511,0.220435,0,0.00455759,0.995442,0.21943,221.248,168.061
"Port Freeport, TX",2019192N29274,BARRY,2019,295.7,1,1,65,4,70,8,7.44286,348.495,290.606,1.07486,0.980967,1.13733,1.1992,0.0058305,0.022851,0.98288,1.17867,-57.8892,-21.7536
"Port of Greater Baton Rouge, LA",2019192N29274,BARRY,2019,122.2,1,1,65,6,70,5.33333,11.5,549.191,691.261,0.463768,1.18081,1.45077,0.794478,0,0.00246372,0.997536,0.79252,142.07,370.676
"South Louisiana, LA, Port of",2019192N29274,BARRY,2019,154.2,1,1,65,6,70,27.3333,32.8857,1261.57,1477.53,0.831161,1.10157,0.932564,0.853841,0,0.00111487,0.998885,0.852889,215.954,249.463
"Tampa Port Authority, FL",2019192N29274,BARRY,2019,412.3,-3,1,30,1,70,8,10.2,46.783,59.8418,0.784314,0.837673,1.18992,0.781779,0,0.00359325,0.996407,0.77897,13.0588,12.9071
"Texas City, TX",2019192N29274,BARRY,2019,228,1,1,65,4,70,6.25,6.95714,338.411,414.321,0.898357,0.923354,0.984669,0.816785,0.0487559,0.019843,1.03039,0.841611,75.9097,42.1127
"Jacksonville, FL",2019204N25283,UNNAMED,2019,251.3,-1,-1,30,1,70,11,9.47143,41.1044,37.4843,1.16139,1.16099,0.813268,1.09658,0.0504824,0.0211133,1.03093,1.13049,-3.62006,-6.04951
"Port Everglades, FL",2019204N25283,UNNAMED,2019,95.5,-1,-1,30,2,70,21,22.0714,163.719,164.156,0.951456,1.00949,1.03837,0.997338,0.0300422,0.0149563,1.01555,1.01285,0.436983,7.96873
"Port of Charleston, SC",2019204N25283,UNNAMED,2019,491.8,-1,-1,30,1,70,17,17.4429,130.005,127.319,0.974611,1.01649,1.0307,1.02109,0.0794838,0.022657,1.06173,1.08413,-2.68571,3.23251
"Port of Palm Beach District, FL",2019204N25283,UNNAMED,2019,91.6,-1,-1,30,2,70,6,4.37143,19.1061,12.5428,1.37255,1.1188,0.991966,1.52327,0.0181409,0.0171904,1.00097,1.52474,-6.56326,-4.67281
"Port of Savannah, GA",2019204N25283,UNNAMED,2019,403.6,-1,-1,30,1,70,16,13.7143,84.1732,67.4256,1.16667,0.946487,1.13054,1.24839,0,0.0120668,0.987933,1.23332,-16.7476,-11.2376
"PortMiami, FL",2019204N25283,UNNAMED,2019,119.5,-1,-1,30,2,70,10,12.9714,65.9105,63.5207,0.770925,1.13823,1.18249,1.03762,0.0151105,0.019578,0.995464,1.03292,-2.38985,14.551
"Tampa Port Authority, FL",2019204N25283,UNNAMED,2019,242.5,-1,-1,30,2,70,6.5,10.3,109.005,113.425,0.631068,0.906018,1.68083,0.961029,0.0144968,0.00242259,1.01225,0.972803,4.42033,41.8462
"Baltimore, MD",2019236N10314,DORIAN,2019,437.7,2,5,85,1,70,10,16.8857,42.6178,76.1997,0.592217,1.19815,0.788216,0.559291,0.0296564,0.0247263,1.00508,0.562133,33.5819,31.073
"Jacksonville, FL",2019236N10314,DORIAN,2019,188.2,4,5,120,5,70,3.4,9.92857,81.2779,212.709,0.342446,0.878889,1.26958,0.382108,0.00686231,0.0241501,0.982593,0.375456,131.432,139.868
"New York, NY & NJ",2019236N10314,DORIAN,2019,441.4,2,5,85,2,70,25,32.9286,621.309,645.927,0.759219,1.33462,0.949291,0.961887,0.0183991,0.030822,0.987344,0.949714,24.6181,155.527
"Philadelphia Regional Port, PA",2019236N10314,DORIAN,2019,421.8,2,5,85,2,70,7.5,10.0286,68.3748,140.932,0.747863,1.08842,0.596031,0.485161,0.0360382,0.0146171,1.02222,0.495942,72.5574,35.5342
"Port Everglades, FL",2019236N10314,DORIAN,2019,211.6,5,5,160,4,70,6.5,21.7,87.8631,297.416,0.299539,0.785665,1.25531,0.295422,0.00161657,0.0161406,0.985452,0.291124,209.553,208.328
"Port of Charleston, SC",2019236N10314,DORIAN,2019,111.7,3,5,100,3,70,8.66667,17.0143,246.526,409.555,0.509376,1.04066,1.13554,0.601937,0.0488274,0.0210962,1.02915,0.619486,163.029,200.938
"Port of Palm Beach District, FL",2019236N10314,DORIAN,2019,199.2,5,5,160,5,70,2,4.45714,10.9728,33.4175,0.448718,0.564929,1.29532,0.328356,0,0.0187216,0.981278,0.322209,22.4446,18.4225
"Port of Savannah, GA",2019236N10314,DORIAN,2019,163.6,3,5,100,3,70,2.33333,14.5286,20.4116,224.538,0.160603,0.375928,1.50566,0.0909047,0.0447575,0.0124571,1.03381,0.0939785,204.127,188.477
"PortMiami, FL",2019236N10314,DORIAN,2019,242,5,5,160,4,70,9.75,12.9857,109.462,120.096,0.750825,1.13143,1.07293,0.911453,0.00223914,0.0111799,0.991039,0.903286,10.6341,29.9248
"San Juan, PR",2019236N10314,DORIAN,2019,80,1,5,78,2,70,6,6.74286,26.9863,35.73,0.889831,0.756538,1.12195,0.755284,0,0.00853919,0.991461,0.748834,8.74372,3.93636
"South Jersey Port Corp, NJ",2019236N10314,DORIAN,2019,376.9,2,5,85,2,70,7.5,11.8,41.0223,123.664,0.635593,1.42487,0.366289,0.331725,0.0399458,0.170332,0.864189,0.286673,82.6412,45.0638
"Tampa Port Authority, FL",2019236N10314,DORIAN,2019,321.2,5,5,155,4,70,11.75,9.42857,244.137,236.967,1.24621,0.985739,0.838669,1.03025,0,0.00159695,0.998403,1.02861,-7.16931,-58.3442
"Virginia, VA, Port of",2019236N10314,DORIAN,2019,184.2,2,5,93,3,70,17.3333,24.7286,250.623,451.895,0.700944,0.940717,0.841089,0.554605,0.0225172,0.0204566,1.00211,0.555774,201.272,135.142
"New York, NY & NJ",2019239N32287,ERIN,2019,494.6,-4,0,35,1,70,37,33.9714,412.389,322.475,1.08915,1.02443,1.14614,1.27882,0.0344893,0.0349076,0.999567,1.27827,-89.9134,-28.7488
"South Jersey Port Corp, NJ",2019239N32287,ERIN,2019,463,-1,0,35,1,70,5,12,40.4257,62.9134,0.416667,0.707556,2.17954,0.642561,0.142124,0.154535,0.985533,0.633266,22.4877,36.6995
"Virginia, VA, Port of",2019239N32287,ERIN,2019,400.1,-1,0,35,2,70,23.5,23.3857,281.049,285.539,1.00489,1.15055,0.851318,0.984274,0,0.0235629,0.976437,0.961082,4.4903,-1.39543
"Corpus Christi, TX",2019246N24266,FERNAND,2019,365.4,0,0,45,2,70,16.5,16.2571,561.583,407.21,1.01494,1.026,1.32436,1.3791,0.0196194,0.00698996,1.01288,1.39687,-154.374,-6.0831
"Jacksonville, FL",2019256N23286,HUMBERTO,2019,370.3,1,3,75,2,70,10,8.8,138.706,78.626,1.13636,1.11603,1.39102,1.76413,0.0161399,0.0242076,0.9918,1.74966,-60.0802,-10.7217
"Port Everglades, FL",2019256N23286,HUMBERTO,2019,339.8,1,3,70,3,70,24.3333,20.3286,231.431,202.301,1.197,1.03504,0.923362,1.14399,0.0144271,0.0132997,1.00114,1.1453,-29.1298,-39.8537
"Port of Charleston, SC",2019256N23286,HUMBERTO,2019,467.2,1,3,75,2,70,16.5,16.6143,282.635,275.429,0.993121,0.929066,1.11216,1.02617,0.0112653,0.0243834,0.986733,1.01255,-7.20683,1.89461
"Port of Palm Beach District, FL",2019256N23286,HUMBERTO,2019,316.6,1,3,73,3,70,4.66667,4.01429,34.9824,17.4254,1.16251,1.14944,1.50238,2.00754,0,0.0200202,0.97998,1.96735,-17.5569,-2.83189
"Port of Savannah, GA",2019256N23286,HUMBERTO,2019,439.4,1,3,75,2,70,14.5,14.1,130.705,142.554,1.02837,0.987728,0.902665,0.916881,0,0.0132565,0.986743,0.904727,11.8488,-4.04407
"PortMiami, FL",2019256N23286,HUMBERTO,2019,373.1,1,3,65,3,70,11.3333,13.0286,66.557,91.161,0.869883,1.07979,0.777291,0.730104,0.0064046,0.00793601,0.998459,0.728979,24.604,11.8616
"Tampa Port Authority, FL",2019256N23286,HUMBERTO,2019,435.7,1,3,68,2,70,9.5,10.0571,136.351,115.131,0.944602,0.917022,1.36722,1.18431,0,0.001598,0.998402,1.18242,-21.2202,6.37799
"San Juan, PR",2019260N13317,JERRY,2019,393,0,2,63,2,70,5.5,6.71429,35.6303,38.5213,0.819149,0.8511,1.32671,0.92495,0,0.00931429,0.990686,0.916335,2.89102,6.96662
"Beaumont, TX",2019261N28264,IMELDA,2019,102.5,0,0,40,3,70,13,12.1143,474.956,503.87,1.07311,0.890564,0.986333,0.942615,0,0.00217101,0.997829,0.940569,28.9146,-36.8396
"Corpus Christi, TX",2019261N28264,IMELDA,2019,185.5,0,0,40,3,70,16.3333,17.0286,570.088,693.788,0.959172,0.844367,1.01458,0.821703,0.0133702,0.00638857,1.00708,0.827518,123.7,28.3258
"Galveston, TX",2019261N28264,IMELDA,2019,59.3,0,0,40,3,70,10.6667,10.3571,362.875,407.465,1.02989,0.925514,0.934318,0.890567,0.0363173,0.0459274,0.990028,0.881686,44.5901,-12.1771
"Houston Port Authority, TX",2019261N28264,IMELDA,2019,20.6,0,0,40,3,70,66.3333,64.1429,1869.94,1819.22,1.03415,1.06308,0.934957,1.02788,0,0.00197184,0.998028,1.02585,-50.7136,-62.1264
"Lake Charles Harbor District, LA",2019261N28264,IMELDA,2019,178.4,0,0,40,3,70,6.66667,8.85714,113.948,192.767,0.752688,0.713642,1.10047,0.591115,0.0478167,0.0462742,1.00162,0.592073,78.8196,47.6737
"New Orleans, LA",2019261N28264,IMELDA,2019,472.7,-1,0,30,2,70,38,30.0429,438.04,382.172,1.26486,0.964892,0.939148,1.14619,0.00895487,0.000875342,1.00815,1.15553,-55.8682,-101.222
"Port Arthur, TX",2019261N28264,IMELDA,2019,128.9,0,0,40,3,70,5,6.04286,104.866,165.862,0.827423,1.02928,0.742381,0.632246,0,0.00447574,0.995524,0.629416,60.9965,28.624
"Port Freeport, TX",2019261N28264,IMELDA,2019,17.8,0,0,40,3,70,3.66667,6.57143,80.2097,211.037,0.557971,0.760812,0.895322,0.380074,0,0.0170953,0.982905,0.373576,130.827,93.2845
"Port of Greater Baton Rouge, LA",2019261N28264,IMELDA,2019,342.1,0,0,40,3,70,13.3333,11.2429,308.651,285.344,1.18594,0.860643,1.05978,1.08168,0,0.0020555,0.997944,1.07946,-23.3072,-53.0564
"South Louisiana, LA, Port of",2019261N28264,IMELDA,2019,428.1,0,0,40,3,70,39.6667,37.1286,768.231,831.7,1.06836,0.977056,0.884888,0.923688,0.00590923,0.0013076,1.00463,0.927964,63.4687,-56.8547
"Texas City, TX",2019261N28264,IMELDA,2019,49.2,0,0,40,3,70,8,6.38571,349.914,288.407,1.2528,1.08512,0.892479,1.21326,0,0.0127931,0.987207,1.19774,-61.5071,-72.9083
"San Juan, PR",2019265N12301,KAREN,2019,76.2,0,0,40,3,70,6,6.74286,40.5681,56.4884,0.889831,0.94499,0.854064,0.718166,0,0.0120468,0.987953,0.709514,15.9204,6.2233
"New York, NY & NJ",2019282N35286,MELISSA,2019,458.4,-2,0,55,2,70,26.5,30.8286,466.615,559.783,0.859592,1.03041,0.941103,0.833565,0.0136471,0.0399815,0.973301,0.81131,93.1674,78.5979
"Philadelphia Regional Port, PA",2019282N35286,MELISSA,2019,494.5,-4,0,43,1,70,8,9.55714,121.772,65.8885,0.83707,1.1021,2.00335,1.84816,0,0.0229487,0.977051,1.80575,-55.884,10.7352
"South Jersey Port Corp, NJ",2019282N35286,MELISSA,2019,448,-2,0,50,4,70,11.25,10.5,218.761,212.395,1.07143,0.871635,1.10287,1.02997,0.323371,0.182783,1.20778,1.24397,-6.36517,-15.1711
"Virginia, VA, Port of",2019282N35286,MELISSA,2019,290.6,-4,0,43,2,70,24,25.1,342.541,302.245,0.956175,1.05556,1.12289,1.13332,0.0372408,0.0219015,1.01593,1.15138,-40.2966,13.2458
"Baltimore, MD",2019291N22264,NESTOR,2019,238.9,-4,0,40,2,70,13,16.9429,94.8315,154.709,0.767285,0.817204,0.977574,0.612967,0.0528752,0.0294089,1.02478,0.628154,59.8775,36.0031
"Jacksonville, FL",2019291N22264,NESTOR,2019,239.1,-4,0,40,2,70,6.5,10.1429,31.1939,90.432,0.640845,0.53085,1.01397,0.344944,0.0170556,0.0255392,0.991369,0.341967,59.238,32.4791
"Mobile, AL",2019291N22264,NESTOR,2019,223.5,0,0,50,3,70,14,9.47143,212.415,127.282,1.47813,1.01211,1.11551,1.66885,0,0.00993029,0.99007,1.65228,-85.1325,-60.8574
"New Orleans, LA",2019291N22264,NESTOR,2019,320.3,0,0,50,2,70,31,28.4143,395.871,387.151,1.091,1.0277,0.911971,1.02252,0,0.00142594,0.998574,1.02107,-8.72046,-35.2309
"New York, NY & NJ",2019291N22264,NESTOR,2019,358.5,-4,0,40,2,70,28,30.4286,541.013,547.027,0.920188,1.10458,0.97303,0.989008,0.0360481,0.038301,0.997663,0.986696,6.01305,43.6594
"Philadelphia Regional Port, PA",2019291N22264,NESTOR,2019,286.2,-4,0,40,2,70,11,9.65714,99.9363,146.578,1.13905,0.946959,0.632088,0.681794,0,0.0212343,0.978766,0.667316,46.6422,-20.3822
"Plaquemines Port District, LA",2019291N22264,NESTOR,2019,235.8,0,0,50,2,70,46.5,50.3571,592.748,735.116,0.923404,0.947687,0.92142,0.806333,0.0341744,0.0470165,0.986703,0.795612,142.368,56.3068
"Port of Charleston, SC",2019291N22264,NESTOR,2019,124.4,-4,0,40,1,70,15,15.2429,122.901,118.595,0.984067,1.01972,1.03272,1.0363,0.0703047,0.0269243,1.04666,1.08466,-4.30515,1.88952
"Port of Greater Baton Rouge, LA",2019291N22264,NESTOR,2019,447.1,0,0,50,2,70,11.5,11.2286,182.266,187.053,1.02417,1.07352,0.886251,0.97441,0.030491,0.0042205,1.0271,1.00081,4.78664,-4.52164
"Port of Savannah, GA",2019291N22264,NESTOR,2019,123.8,-4,0,40,2,70,15,13.7143,158.718,140.157,1.09375,1.0542,0.982134,1.13243,0,0.0171739,0.982826,1.11298,-18.5613,-13.1397
"South Jersey Port Corp, NJ",2019291N22264,NESTOR,2019,235.8,-4,0,40,2,70,13.5,11.2571,165.475,121.602,1.19924,0.958267,1.18413,1.36079,0.14519,0.181368,0.957676,1.3032,-43.8733,-24.2279
"South Louisiana, LA, Port of",2019291N22264,NESTOR,2019,357.3,0,0,50,2,70,39,36.4714,612.433,598.68,1.06933,1.16356,0.822175,1.02297,0,0.001891,0.998109,1.02104,-13.7528,-41.5066
"Tampa Port Authority, FL",2019291N22264,NESTOR,2019,388.6,0,0,50,2,70,9,7.77143,125.713,95.5746,1.15809,1.1626,0.976936,1.31534,0,0.000721225,0.999279,1.31439,-30.1383,-15.1092
"Virginia, VA, Port of",2019291N22264,NESTOR,2019,35.1,-4,0,40,2,70,32.5,24.5571,342.22,312.021,1.32344,0.901066,0.919729,1.09679,0.017464,0.0214858,0.995907,1.0923,-30.1992,-100.921
"Beaumont, TX",2019299N25265,OLGA,2019,317,0,0,45,2,70,9.5,11.6,303.791,330.646,0.818966,0.894273,1.25452,0.91878,0,0.00235027,0.99765,0.916621,26.8549,59.8584
"Corpus Christi, TX",2019299N25265,OLGA,2019,434.2,0,0,43,1,70,16,16.9,338.913,248.604,0.946746,1.21125,1.18881,1.36326,0.016106,0.0081407,1.0081,1.3743,-90.3089,13.2393
"Galveston, TX",2019299N25265,OLGA,2019,330.5,0,0,45,2,70,10,10.6286,277.673,281.014,0.94086,1.04265,1.00726,0.988112,0.0386844,0.0436305,0.994855,0.983028,3.34078,16.6191
"Houston Port Authority, TX",2019299N25265,OLGA,2019,410,0,0,45,2,70,55.5,62.9143,997.879,1225.84,0.882153,0.963727,0.957517,0.814038,0.00984927,0.00217158,1.00775,0.82035,227.96,144.462
"Lake Charles Harbor District, LA",2019299N25265,OLGA,2019,240.3,0,0,45,2,70,10,7.94286,167.513,114.935,1.25899,1.16938,0.989962,1.45746,0.0512382,0.0493747,1.00196,1.46033,-52.5784,-29.7673
"Mobile, AL",2019299N25265,OLGA,2019,214,-4,0,45,1,70,11,9.58571,39.226,42.2576,1.14754,1.06269,0.761196,0.92826,0,0.00749436,0.992506,0.921303,3.03157,-6.23473
"New Orleans, LA",2019299N25265,OLGA,2019,57.1,-4,0,45,1,70,25,27.8,205.322,189.075,0.899281,1.17753,1.02549,1.08593,0,0.00109949,0.998901,1.08473,-16.2463,19.0436
"Plaquemines Port District, LA",2019299N25265,OLGA,2019,128,0,0,45,2,70,48,50.1571,622.766,753.16,0.956992,1.10233,0.783821,0.826871,0.0321438,0.0458753,0.985813,0.81514,130.394,32.3917
"Port Arthur, TX",2019299N25265,OLGA,2019,291.6,0,0,45,2,70,5.5,5.47143,72.0313,88.5426,1.00522,1.06721,0.75833,0.813521,0,0.000906743,0.999093,0.812784,16.5113,-0.462363
"Port Freeport, TX",2019299N25265,OLGA,2019,377.9,0,0,45,2,70,8.5,6.92857,241.771,146.982,1.2268,1.02394,1.30945,1.6449,0,0.013839,0.986161,1.62214,-94.7889,-33.3361
"Port of Greater Baton Rouge, LA",2019299N25265,OLGA,2019,83.8,0,0,45,2,70,9,11.0571,170.233,189.032,0.813953,1.10546,1.00084,0.900552,0,0.00417032,0.99583,0.896797,18.7988,35.1687
"South Louisiana, LA, Port of",2019299N25265,OLGA,2019,9.2,0,0,45,2,70,31,36.1143,406.165,601.319,0.858386,1.0701,0.73534,0.675456,0,0.00160813,0.998392,0.67437,195.154,85.1552
"Texas City, TX",2019299N25265,OLGA,2019,345,0,0,45,2,70,10,6.02857,275.164,192.628,1.65877,0.985112,0.87418,1.42847,0,0.0126791,0.987321,1.41036,-82.5361,-126.897
"Baltimore, MD",2020138N28281,ARTHUR,2020,456.1,0,0,50,2,70,16,16.5429,202.938,156.47,0.967185,1.12609,1.19082,1.29697,0.00626918,0.0172048,0.988995,1.2827,-46.4673,5.1346
"Jacksonville, FL",2020138N28281,ARTHUR,2020,384.3,0,0,40,3,70,6.66667,7.94286,89.4369,108.518,0.839329,0.844503,1.16273,0.824162,0.0208914,0.0266636,0.994105,0.819304,19.0816,17.4358
"New York, NY & NJ",2020138N28281,ARTHUR,2020,490.5,0,0,50,1,70,31,27.3571,248.2,234.11,1.13316,0.873722,1.07082,1.06019,0.0179523,0.0198396,0.998078,1.05815,-14.0902,-31.1739
"Philadelphia Regional Port, PA",2020138N28281,ARTHUR,2020,458.9,0,0,50,2,70,10,9.48571,108.384,152.059,1.05422,1.0103,0.669229,0.712778,0.0179697,0.0101113,1.008,0.718482,43.6746,-8.24415
"Port Everglades, FL",2020138N28281,ARTHUR,2020,269.2,0,0,35,2,70,23,19.8143,132.412,146.629,1.16078,0.940521,0.827161,0.903041,0.0171637,0.00837046,1.00895,0.911121,14.217,-23.5749
"Port of Charleston, SC",2020138N28281,ARTHUR,2020,299,0,0,45,2,70,11.5,15.0429,162.974,209.552,0.764482,1.08055,0.941483,0.777724,0.00744252,0.0292186,0.978061,0.760661,46.5785,49.3533
"Port of Palm Beach District, FL",2020138N28281,ARTHUR,2020,229.2,0,0,35,2,70,3,4.67143,3.49773,16.9158,0.642202,0.991142,0.324852,0.206773,0.00412405,0.0133582,0.990728,0.204855,13.4181,6.05245
"Port of Savannah, GA",2020138N28281,ARTHUR,2020,379,0,0,43,3,70,10.6667,11.6571,169.629,179.905,0.915033,0.986262,1.04479,0.942879,0,0.0126695,0.98733,0.930934,10.2763,15.286
"PortMiami, FL",2020138N28281,ARTHUR,2020,320.2,0,0,35,2,70,13.5,12.4714,74.152,55.3164,1.08247,1.12106,1.10465,1.34051,0.0362871,0.0108711,1.02637,1.37586,-18.8356,-4.56218
"South Jersey Port Corp, NJ",2020138N28281,ARTHUR,2020,410.4,0,0,53,2,70,7.5,9.45714,55.935,111.438,0.793051,0.733628,0.862727,0.501939,0.041229,0.070736,0.969224,0.486491,55.503,23.0619
"Tampa Port Authority, FL",2020138N28281,ARTHUR,2020,358.3,0,0,35,2,70,9.5,10.3429,102.491,109.666,0.918508,0.868039,1.17217,0.934572,0,0.0020859,0.997914,0.932622,7.17527,8.93687
"Virginia, VA, Port of",2020138N28281,ARTHUR,2020,212.8,0,0,50,2,70,24.5,21.3571,241.853,266.941,1.14716,0.970194,0.814059,0.906019,0.0121236,0.0160135,0.996062,0.902452,25.0873,-39.2822
"Baltimore, MD",2020148N32281,BERTHA,2020,346.6,-4,0,20,1,70,19,16.3,106.833,78.2973,1.16564,1.05749,1.10692,1.36445,0,0.0122422,0.987758,1.34774,-28.5353,-12.9695
"Jacksonville, FL",2020148N32281,BERTHA,2020,302,0,0,45,1,70,10,7.37143,34.135,35.1415,1.35659,1.01083,0.708358,0.97136,0.0870015,0.0264699,1.0663,1.03576,1.00647,-12.5311
"Philadelphia Regional Port, PA",2020148N32281,BERTHA,2020,476.1,-4,0,20,1,70,6,9.08571,63.3676,71.8124,0.660377,0.970168,1.3773,0.882405,0,0.00745568,0.992544,0.875826,8.44481,24.3891
"Port of Charleston, SC",2020148N32281,BERTHA,2020,23.4,0,0,45,2,70,15.5,14.7714,217.317,232.982,1.04932,0.991418,0.896614,0.932763,0.0230764,0.0267447,0.996245,0.929261,15.6649,-11.4914
"Port of Savannah, GA",2020148N32281,BERTHA,2020,160.5,0,0,45,2,70,11.5,11.4286,98.0488,113.893,1.00625,0.945979,0.904394,0.860885,0,0.0145292,0.985471,0.848377,15.8442,-0.711831
"South Jersey Port Corp, NJ",2020148N32281,BERTHA,2020,484.5,-4,0,20,1,70,6,8.91429,17.8781,49.0216,0.673077,0.286685,1.89001,0.364698,0,0.0703114,0.929689,0.339055,31.1436,16.0263
"Virginia, VA, Port of",2020148N32281,BERTHA,2020,424.3,-1,0,30,2,70,21.5,21.0143,261.817,266.072,1.02311,0.967676,0.993906,0.984008,0,0.011679,0.988321,0.972516,4.25495,-6.14985
"Beaumont, TX",2020154N19269,CRISTOBAL,2020,311.1,0,0,45,3,70,11,13.5143,373.132,469.479,0.813953,0.918124,1.06352,0.79478,0,0.00156575,0.998434,0.793536,96.3462,87.3448
"Galveston, TX",2020154N19269,CRISTOBAL,2020,415.9,0,0,45,2,70,10.5,10.2857,250.303,236.046,1.02083,1.03393,1.00467,1.0604,0.0246513,0.034921,0.989471,1.04923,-14.2569,-4.91762
"Houston Port Authority, TX",2020154N19269,CRISTOBAL,2020,424.5,0,0,35,1,70,47,53.1286,493.365,478.669,0.884646,1.06099,1.09813,1.0307,0,0.00172293,0.998277,1.02893,-14.6967,55.2162
"Lake Charles Harbor District, LA",2020154N19269,CRISTOBAL,2020,247.5,0,0,45,3,70,5.33333,5.47143,90.6408,152.651,0.974761,0.594976,1.02382,0.593776,0.0424293,0.0260484,1.01711,0.603934,62.0106,3.85282
"Mobile, AL",2020154N19269,CRISTOBAL,2020,197.9,0,0,45,2,70,6,7.54286,72.6724,64.9254,0.795455,1.48397,0.94823,1.11932,0,0.0519048,0.948095,1.06122,-7.747,13.2802
"New Orleans, LA",2020154N19269,CRISTOBAL,2020,31,0,0,45,2,70,23.5,30.5286,293.854,311.24,0.769771,1.32549,0.925338,0.944142,0,0.0093094,0.990691,0.935353,17.3852,71.6565
"Plaquemines Port District, LA",2020154N19269,CRISTOBAL,2020,32.1,0,0,45,3,70,31.3333,48.3857,496.544,945.786,0.647574,1.12014,0.723772,0.525007,0.0232071,0.0773688,0.944551,0.495896,449.241,333.319
"Port Arthur, TX",2020154N19269,CRISTOBAL,2020,302.5,0,0,45,2,70,4,5.25714,78.6735,88.8232,0.76087,1.28517,0.905801,0.885731,0,0.00112077,0.998879,0.884739,10.1497,21.2403
"Port Freeport, TX",2020154N19269,CRISTOBAL,2020,475.8,0,0,35,1,70,8,5.85714,83.913,56.2384,1.36585,0.883258,1.23681,1.49209,0.128297,0.0191045,1.12526,1.679,-27.6746,-20.575
"Port of Greater Baton Rouge, LA",2020154N19269,CRISTOBAL,2020,69.1,0,0,45,3,70,4.66667,8.58571,149.111,266.265,0.543539,1.13058,0.911312,0.560011,0,0.00658006,0.99342,0.556327,117.154,121.54
"South Louisiana, LA, Port of",2020154N19269,CRISTOBAL,2020,42.9,0,0,45,3,70,24.3333,29.9714,354.702,594.825,0.811884,1.17315,0.626075,0.596313,0,0.00384358,0.996156,0.594021,240.123,111.896
"Texas City, TX",2020154N19269,CRISTOBAL,2020,408.1,0,0,45,2,70,4.5,5.01429,162.713,150.894,0.897436,1.05923,1.13437,1.07833,0,0.00814279,0.991857,1.06954,-11.8189,15.4763
"Baltimore, MD",2020188N28271,FAY,2020,189.4,0,0,50,3,70,15,16.2,224.846,234.787,0.925926,0.925958,1.11697,0.957657,0.0169048,0.0225571,0.99425,0.952151,9.94161,17.3917
"Jacksonville, FL",2020188N28271,FAY,2020,308.7,-3,0,30,3,70,7,7.88571,99.4237,98.9198,0.887681,1.04751,1.08091,1.00509,0.0444201,0.0235933,1.02179,1.027,-0.503852,11.1106
"Mobile, AL",2020188N28271,FAY,2020,267.5,-3,0,30,3,70,7.66667,7.14286,89.9612,101.866,1.07333,0.97214,0.846374,0.883132,0.100473,0.0533506,1.05239,0.929395,11.9049,-7.47018
"New Orleans, LA",2020188N28271,FAY,2020,287.9,-3,0,30,2,70,30,28.0857,321.354,330.603,1.06816,1.03105,0.882591,0.972023,0.028643,0.00924599,1.01997,0.991434,9.24923,-22.5335
"New York, NY & NJ",2020188N28271,FAY,2020,24.7,0,0,50,2,70,28.5,30.6143,555.262,546.853,0.930938,1.03161,1.05728,1.01538,0.0117226,0.0305168,0.980983,0.996066,-8.4084,37.7668
"Philadelphia Regional Port, PA",2020188N28271,FAY,2020,63.3,0,0,50,3,70,7.66667,8.05714,170.949,196.444,0.951537,0.816222,1.12045,0.870216,0.00637417,0.0200685,0.986218,0.858223,25.4953,9.52035
"Plaquemines Port District, LA",2020188N28271,FAY,2020,198.5,-3,0,30,2,70,45.5,44.6857,566.855,585.261,1.01822,1.04681,0.908684,0.968551,0.0800593,0.0798283,1.00025,0.968794,18.4058,-10.6649
"Port of Charleston, SC",2020188N28271,FAY,2020,33.3,-3,0,35,4,70,12.75,15.0571,536.182,506.776,0.846774,1.0171,1.22847,1.05803,0.044666,0.0296389,1.01573,1.07467,-29.4063,77.6511
"Port of Greater Baton Rouge, LA",2020188N28271,FAY,2020,390.5,-3,0,28,1,70,9,9.2,78.7023,95.8215,0.978261,1.0913,0.769355,0.821343,0,0.00689042,0.99311,0.815683,17.1192,2.08308
"Port of Savannah, GA",2020188N28271,FAY,2020,133.7,-3,0,30,4,70,10.25,11.9571,200.298,256.253,0.857228,1.01321,0.899934,0.781642,0.0207527,0.0228249,0.997884,0.779988,55.955,36.5857
"South Jersey Port Corp, NJ",2020188N28271,FAY,2020,46.8,0,0,50,3,70,6.33333,8.38571,116.593,150.794,0.755253,0.581934,1.75924,0.773197,0.0649282,0.0756891,0.988492,0.764299,34.2004,36.9063
"South Louisiana, LA, Port of",2020188N28271,FAY,2020,306.9,-3,0,30,2,70,30.5,30.9714,375.931,410.653,0.984779,1.09773,0.846837,0.915447,0.00531207,0.0029173,1.00241,0.917651,34.7219,6.25072
"Tampa Port Authority, FL",2020188N28271,FAY,2020,366.9,-3,0,30,2,70,13.5,9.08571,129.827,113.124,1.48585,0.921622,0.838073,1.14765,0.0058527,0.00252825,1.00334,1.15149,-16.7028,-54.9614
"Virginia, VA, Port of",2020188N28271,FAY,2020,136.4,0,0,50,4,70,18.75,20.1,571.865,505.387,0.932836,1.04858,1.15681,1.13154,0.01995,0.0262705,0.993551,1.12424,-66.4784,33.9439
"Beaumont, TX",2020205N26272,HANNA,2020,317.6,1,1,80,2,70,13,11.4286,311.664,227.969,1.1375,1.10415,1.0885,1.36713,0,0.00194073,0.998059,1.36448,-83.6945,-31.3458
"Corpus Christi, TX",2020205N26272,HANNA,2020,117.5,1,1,80,3,70,8,14.9,262.166,657.381,0.536913,0.843773,0.880298,0.398803,0,0.00987657,0.990123,0.394864,395.215,304.425
"Galveston, TX",2020205N26272,HANNA,2020,238.4,1,1,80,3,70,4.33333,9.8,300.295,353.079,0.442177,1.66711,1.15377,0.850505,0,0.0336946,0.966305,0.821847,52.7836,196.956
"Houston Port Authority, TX",2020205N26272,HANNA,2020,306.8,1,1,80,3,70,50,52.4714,1468.22,1425.74,0.9529,1.22463,0.882467,1.02979,0,0.000750491,0.99925,1.02902,-42.4786,67.1529
"Lake Charles Harbor District, LA",2020205N26272,HANNA,2020,304.8,1,1,80,3,70,5.66667,5.2,63.7616,122.073,1.08974,1.24582,0.384736,0.522326,0.02666,0.0514192,0.974563,0.509039,58.3109,-10.9552
"New Orleans, LA",2020205N26272,HANNA,2020,422,0,1,50,2,70,23,27.6571,382.679,307.51,0.831612,1.02635,1.45801,1.24444,0.0158307,0.0127682,1.00311,1.24832,-75.1692,51.7811
"Plaquemines Port District, LA",2020205N26272,HANNA,2020,384,0,1,50,2,70,34.5,48.2857,476.498,624.297,0.714497,0.948301,1.12648,0.763256,0.0329476,0.0749997,0.956515,0.730066,147.799,178.239
"Port Arthur, TX",2020205N26272,HANNA,2020,300.4,1,1,80,2,70,7.5,5.41429,162.556,92.9569,1.38522,1.11964,1.12752,1.74872,0,0.00287349,0.997127,1.7437,-69.5991,-35.8093
"Port Freeport, TX",2020205N26272,HANNA,2020,226.7,1,1,80,3,70,6,5.84286,188.882,171.89,1.02689,1.05201,1.01717,1.09885,0,0.017566,0.982434,1.07955,-16.9917,-4.62295
"Port of Greater Baton Rouge, LA",2020205N26272,HANNA,2020,400.2,0,1,55,3,70,8.66667,9.88571,425.777,257.657,0.876686,0.996034,1.89244,1.6525,0,0.00697851,0.993021,1.64096,-168.12,31.7727
"South Louisiana, LA, Port of",2020205N26272,HANNA,2020,393.2,0,1,53,2,70,28,31.1429,466.135,420.735,0.899083,0.9253,1.33174,1.10791,0,0.00512039,0.99488,1.10223,-45.3997,42.4595
"Texas City, TX",2020205N26272,HANNA,2020,261.1,1,1,80,3,70,3,4.9,197.631,220.614,0.612245,1.16512,1.25582,0.895826,0,0.0351733,0.964827,0.864317,22.9821,85.544
"Baltimore, MD",2020211N13306,ISAIAS,2020,53.1,0,1,60,1,70,11,15.7,65.7044,80.7775,0.700637,1.15756,1.00292,0.813399,0,0.0164041,0.983596,0.800056,15.0732,24.1818
"Jacksonville, FL",2020211N13306,ISAIAS,2020,161.7,1,1,80,3,70,3.66667,7.81429,32.5909,97.5419,0.469226,0.679748,1.04755,0.334122,0.00893984,0.0243529,0.984448,0.328926,64.951,51.7727
"New York, NY & NJ",2020211N13306,ISAIAS,2020,92.2,0,1,60,2,70,28,30.9714,448.743,572.009,0.904059,0.835817,1.03821,0.784503,0.0124867,0.0211539,0.991223,0.777618,123.266,54.8791
"Philadelphia Regional Port, PA",2020211N13306,ISAIAS,2020,95.7,0,1,60,2,70,5.5,7.41429,56.0278,106.04,0.741811,0.981852,0.725427,0.528364,0,0.0095291,0.990471,0.523329,50.0123,27.3784
"Port Everglades, FL",2020211N13306,ISAIAS,2020,105.5,1,1,75,3,70,13.3333,19.4,156.604,193.366,0.687285,1.27509,0.924154,0.809883,0,0.0098,0.9902,0.801946,36.7621,60.4684
"Port of Charleston, SC",2020211N13306,ISAIAS,2020,90.8,1,1,80,2,70,12,15.7429,248.325,261.853,0.76225,0.953258,1.30513,0.948337,0.0178789,0.0298937,0.987767,0.936735,13.5282,62.2554
"Port of Palm Beach District, FL",2020211N13306,ISAIAS,2020,95,1,1,73,3,70,2,5.44286,6.06853,30.1202,0.367454,0.47438,1.15584,0.201477,0,0.0177066,0.982293,0.197909,24.0517,19.0524
"Port of Savannah, GA",2020211N13306,ISAIAS,2020,154.6,1,1,80,3,70,6.66667,12.8429,93.1291,191.55,0.519095,0.748353,1.25155,0.486187,0,0.0128757,0.987124,0.479927,98.4207,92.1172
"PortMiami, FL",2020211N13306,ISAIAS,2020,128,1,1,75,3,70,12,13.0571,56.4499,84.4073,0.919037,1.27586,0.570356,0.66878,0,0.0126132,0.987387,0.660344,27.9574,6.83385
"San Juan, PR",2020211N13306,ISAIAS,2020,226,0,1,63,2,70,4,8.75714,10.727,66.8765,0.45677,0.395545,0.887792,0.1604,0,0.00797525,0.992025,0.159121,56.1495,36.3293
"South Jersey Port Corp, NJ",2020211N13306,ISAIAS,2020,96.1,0,1,60,1,70,7,8.37143,21.3858,49.7649,0.836177,0.563266,0.912412,0.429737,0.138926,0.0622018,1.0891,0.468028,28.3791,8.15261
"Tampa Port Authority, FL",2020211N13306,ISAIAS,2020,261.1,1,1,65,3,70,12.3333,9.07143,254.871,166.265,1.35958,0.766664,1.47065,1.53292,0.0117473,0.00392142,1.00792,1.54506,-88.6061,-59.7855
"Virginia, VA, Port of",2020211N13306,ISAIAS,2020,99.1,1,1,80,1,70,15,20.9,92.2294,159.34,0.717703,1.23151,0.654879,0.578821,0.0100408,0.0104774,0.999559,0.578565,67.1108,44.9812
"San Juan, PR",2020224N11326,JOSEPHINE,2020,257.2,0,0,35,1,70,9,8.88571,53.1321,33.5544,1.01286,0.982016,1.59198,1.58346,0.0856048,0.00571819,1.08737,1.7218,-19.5777,-0.431567
"Baltimore, MD",2020228N37286,KYLE,2020,375.8,0,0,38,1,70,18,16.0143,86.2384,83.3331,1.124,0.975849,0.943486,1.03486,0.0211563,0.0284771,0.992521,1.02712,-2.90528,-10.333
"New York, NY & NJ",2020228N37286,KYLE,2020,385.5,0,0,45,2,70,36,30.6857,572.348,582.461,1.17318,0.944834,0.886485,0.982638,0.0276294,0.0297351,0.997835,0.98051,10.113,-100.873
"Philadelphia Regional Port, PA",2020228N37286,KYLE,2020,360.8,0,0,43,2,70,6.5,7.47143,92.584,93.2725,0.869981,1.16596,0.978563,0.992618,0.0134949,0.0167792,0.996671,0.989314,0.688503,12.1272
"South Jersey Port Corp, NJ",2020228N37286,KYLE,2020,317.9,0,0,43,2,70,12.5,8.52857,138.458,100.027,1.46566,1.43925,0.656192,1.3842,0.0737135,0.0717281,1.00214,1.38717,-38.431,-46.5789
"Virginia, VA, Port of",2020228N37286,KYLE,2020,192.4,0,0,40,2,70,23.5,21.3,270.296,335.135,1.10329,0.88146,0.829335,0.806531,0.0308051,0.0204599,1.01067,0.815139,64.8384,-34.6149
"Beaumont, TX",2020233N14313,LAURA,2020,85.6,4,4,130,2,70,6,12.5571,43.3798,273.812,0.477816,0.740304,0.447884,0.158429,0,0.00392925,0.996071,0.157807,230.432,142.98
"Corpus Christi, TX",2020233N14313,LAURA,2020,444.6,4,4,130,2,70,20,14.9143,533.155,428.407,1.341,0.90265,1.02813,1.24451,0.0330403,0.00715075,1.02677,1.27783,-104.748,-146.085
"Galveston, TX",2020233N14313,LAURA,2020,161.7,4,4,130,2,70,0.5,9.92857,25.5237,232.048,0.0503597,2.95469,0.739217,0.109993,0.0317413,0.0319421,0.999793,0.10997,206.524,220.362
"Houston Port Authority, TX",2020233N14313,LAURA,2020,201.9,4,4,130,2,70,5,55.8429,10.6546,997.772,0.089537,0.116893,1.02028,0.0106784,0,0.000711515,0.999288,0.0106708,987.117,908.435
"Lake Charles Harbor District, LA",2020233N14313,LAURA,2020,15.7,4,4,130,2,70,0,3.54286,0,49.4539,0,,,0,0.218135,0.0475549,1.21817,0,49.4539,49.4539
"Mobile, AL",2020233N14313,LAURA,2020,497.3,2,4,85,1,70,8,7.64286,54.5747,39.0807,1.04673,1.2743,1.04694,1.39646,0.0482554,0.0586426,0.989086,1.38122,-15.494,-1.8262
"New Orleans, LA",2020233N14313,LAURA,2020,318.3,4,4,130,2,70,20,25.8,274.71,335.935,0.775194,0.943631,1.11791,0.817748,0,0.00914632,0.990854,0.810269,61.2248,75.5202
"Plaquemines Port District, LA",2020233N14313,LAURA,2020,356,4,4,130,2,70,52,45.4286,510.715,564.705,1.14465,0.968388,0.815893,0.904392,0.0157083,0.0689499,0.945909,0.855472,53.9903,-81.6869
"Port Arthur, TX",2020233N14313,LAURA,2020,61.9,4,4,130,2,70,0,4.72857,0,96.8624,0,,,0,0.0449871,0.00241002,1.04458,0,96.8624,96.8624
"Port Freeport, TX",2020233N14313,LAURA,2020,223.1,4,4,130,2,70,2,5.97143,2.70122,103.006,0.334928,0.0995688,0.786361,0.0262239,0,0.0165922,0.983408,0.0257888,100.305,68.5065
"Port of Greater Baton Rouge, LA",2020233N14313,LAURA,2020,201.3,4,4,130,3,70,9,10.1571,161.948,310.015,0.886076,0.993734,0.593268,0.522387,0.0394103,0.00731241,1.03341,0.539842,148.067,35.3182
"PortMiami, FL",2020233N14313,LAURA,2020,455.6,0,4,58,2,70,10,13.0429,39.1151,53.9619,0.766703,1.14269,0.827374,0.724864,0,0.0118737,0.988126,0.716258,14.8468,12.5891
"San Juan, PR",2020233N14313,LAURA,2020,82.3,0,4,45,3,70,4.66667,8.85714,21.8853,100.18,0.526882,0.395809,1.04755,0.21846,0,0.0079823,0.992018,0.216716,78.2945,47.3969
"South Louisiana, LA, Port of",2020233N14313,LAURA,2020,270.2,4,4,130,2,70,25.5,32.4,361.853,465.933,0.787037,0.990865,0.995861,0.77662,0,0.00259535,0.997405,0.774604,104.08,99.2264
"Texas City, TX",2020233N14313,LAURA,2020,159,4,4,130,2,70,0,6.07143,8.36492,158.398,0,,0.99186,0.0528096,0,0.0281167,0.971883,0.0513247,150.033,158.398
"Beaumont, TX",2020234N14280,MARCO,2020,207.1,0,1,35,1,70,6,12.7714,21.6946,140.298,0.469799,0.741323,0.443997,0.154632,0,0.00354842,0.996452,0.154083,118.604,74.3863
"Galveston, TX",2020234N14280,MARCO,2020,248.8,-1,1,30,1,70,5,9.8,70.3228,115.769,0.510204,1.43422,0.830126,0.607442,0,0.0324612,0.967539,0.587723,45.446,56.7031
"Houston Port Authority, TX",2020234N14280,MARCO,2020,311,-3,1,25,1,70,32,55.7857,396.107,497.213,0.573624,1.12884,1.23029,0.796654,0,0.000619267,0.999381,0.796161,101.106,212
"Lake Charles Harbor District, LA",2020234N14280,MARCO,2020,135,0,1,40,2,70,4.5,3.58571,51.776,51.5974,1.25498,0.581295,1.37552,1.00346,0.0188632,0.0474372,0.970877,0.974237,-0.178605,-13.1563
"Mobile, AL",2020234N14280,MARCO,2020,211.1,0,1,55,2,70,6,7.81429,98.2917,77.7211,0.767824,1.54086,1.06894,1.26467,0,0.0602118,0.939788,1.18852,-20.5706,18.0449
"New Orleans, LA",2020234N14280,MARCO,2020,140.7,0,1,55,2,70,14,25.8857,200.767,335.762,0.540839,1.03886,1.06423,0.597943,0,0.00961972,0.99038,0.592191,134.995,154.169
"Plaquemines Port District, LA",2020234N14280,MARCO,2020,56.4,1,1,65,3,70,31.3333,45.8714,362.853,844.492,0.683069,1.49273,0.421394,0.42967,0.01881,0.0714626,0.946338,0.406613,481.639,267.646
"Port Arthur, TX",2020234N14280,MARCO,2020,181.1,0,1,38,2,70,3.5,4.74286,15.2713,94.3894,0.737952,0.443662,0.494167,0.161791,0,0.00221983,0.99778,0.161432,79.118,24.7346
"Port Freeport, TX",2020234N14280,MARCO,2020,310.5,-3,1,25,1,70,5,5.92857,45.3598,51.1692,0.843373,1.11172,0.945468,0.886467,0,0.0172057,0.982794,0.871215,5.80937,8.01445
"Port of Greater Baton Rouge, LA",2020234N14280,MARCO,2020,178.5,0,1,50,2,70,8.5,10.3143,137.576,209.482,0.8241,1.21017,0.658522,0.656743,0.0137465,0.00658955,1.00726,0.661509,71.906,36.8479
"South Louisiana, LA, Port of",2020234N14280,MARCO,2020,146.8,0,1,55,2,70,22,32.3,424.734,466.962,0.681115,1.26222,1.05799,0.909568,0,0.00344062,0.996559,0.906438,42.2285,148.907
"Texas City, TX",2020234N14280,MARCO,2020,254.6,-1,1,30,1,70,2,5.92857,55.2888,77.4998,0.337349,1.5593,1.35622,0.713406,0.124051,0.0270195,1.11077,0.792432,22.211,51.3553
"Jacksonville, FL",2020244N30279,OMAR,2020,93.5,-1,0,30,2,70,5.5,8.4,37.0264,66.1929,0.654762,1.0016,0.85295,0.559372,0,0.0197186,0.980281,0.548342,29.1664,22.8523
"Port Everglades, FL",2020244N30279,OMAR,2020,450.8,-3,0,28,2,70,21.5,20.2143,163.995,135.642,1.0636,0.992452,1.14538,1.20903,0.0075431,0.0110795,0.996437,1.20472,-28.3533,-8.62739
"Port of Charleston, SC",2020244N30279,OMAR,2020,300.2,-1,0,30,3,70,21,15.9429,418.3,393.923,1.3172,0.927384,0.869287,1.06188,0.0508706,0.029907,1.02209,1.08534,-24.3764,-124.954
"Port of Palm Beach District, FL",2020244N30279,OMAR,2020,390.7,-1,0,30,2,70,5.5,5.57143,20.1297,20.5022,0.987179,0.917551,1.08395,0.98183,0,0.0141459,0.985854,0.967941,0.372531,0.262849
"Port of Savannah, GA",2020244N30279,OMAR,2020,214.9,-1,0,30,3,70,13.6667,11.7857,198.074,196.802,1.1596,0.930703,0.932567,1.00646,0.0182006,0.0200013,0.998166,1.00462,-1.27197,-31.4088
"Tampa Port Authority, FL",2020244N30279,OMAR,2020,301.1,-3,0,28,2,70,5.5,6.98571,83.558,96.5599,0.787321,1.11475,0.985965,0.865348,0,0.00569529,0.994305,0.86042,13.002,20.5363
"Virginia, VA, Port of",2020244N30279,OMAR,2020,346.4,0,0,35,2,70,16.5,21.3857,286.967,315.911,0.771543,1.16771,1.00826,0.908379,0.00846421,0.023922,0.98441,0.894217,28.9441,72.172
"Jacksonville, FL",2020256N25281,SALLY,2020,377,0,2,50,6,70,8.33333,8.17143,196.004,183.277,1.01981,1.1457,0.915304,1.06944,0.0243674,0.0257319,0.998601,1.06795,-12.7274,-3.63136
"Mobile, AL",2020256N25281,SALLY,2020,51.5,2,2,95,5,70,2.6,8.14286,89.8067,280.499,0.319298,0.855264,1.17241,0.320168,0.058089,0.0687082,0.988726,0.316558,190.692,190.936
"New Orleans, LA",2020256N25281,SALLY,2020,194.7,2,2,95,5,70,18.8,24.6857,639.789,784.528,0.761574,1.19042,0.899531,0.815508,0,0.0117863,0.988214,0.805897,144.739,187.052
"Plaquemines Port District, LA",2020256N25281,SALLY,2020,134.3,2,2,95,5,70,37.6,48,965.095,1425.42,0.783333,1.00811,0.85738,0.677062,0.0327824,0.064923,0.96677,0.654564,460.32,308.84
"Port Everglades, FL",2020256N25281,SALLY,2020,66.5,0,2,50,3,70,17.6667,19.4,189.531,197.217,0.910653,0.942144,1.12012,0.961028,0.00120955,0.0109036,0.990294,0.9517,7.686,17.6208
"Port of Charleston, SC",2020256N25281,SALLY,2020,139.1,-4,2,30,2,70,14.5,16.6571,189.485,250.899,0.870497,0.978598,0.886553,0.755225,0.0149086,0.0361839,0.978403,0.738914,61.4139,32.4921
"Port of Greater Baton Rouge, LA",2020256N25281,SALLY,2020,325.8,2,2,95,4,70,11,10.4429,444.19,380.51,1.05335,1.07013,1.0356,1.16735,0.0155351,0.0115976,1.004,1.17202,-63.6794,-20.3008
"Port of Palm Beach District, FL",2020256N25281,SALLY,2020,124.8,0,2,50,3,70,4.33333,5.25714,24.1939,32.9306,0.824275,1.00541,0.886522,0.734695,0,0.0139563,0.986044,0.724441,8.73666,5.78671
"Port of Savannah, GA",2020256N25281,SALLY,2020,203.4,-1,2,33,2,70,14,12.1429,147.737,132.051,1.15294,1.10057,0.8817,1.11879,0.00686686,0.0136126,0.993208,1.11119,-15.6857,-20.1961
"PortMiami, FL",2020256N25281,SALLY,2020,12.2,0,2,50,3,70,13.6667,13.5143,64.4576,81.4379,1.01128,0.809866,0.966417,0.791493,0.0117753,0.00837929,1.00344,0.794213,16.9804,-0.918257
"South Louisiana, LA, Port of",2020256N25281,SALLY,2020,239.5,2,2,95,4,70,29.5,33.1571,1017.12,947.279,0.889703,1.08053,1.11689,1.07373,0.00105763,0.0036653,0.99739,1.07092,-69.8396,104.482
"Tampa Port Authority, FL",2020256N25281,SALLY,2020,176,1,2,75,4,70,3.75,7.35714,81.8703,215.61,0.509709,1.02503,0.726773,0.379715,0,0.00497937,0.995021,0.377824,133.74,105.712
"Beaumont, TX",2020261N21265,BETA,2020,17.1,0,0,55,6,70,11.8333,11.6571,880.911,733.9,1.01511,0.936588,1.2625,1.20031,0,0.00183545,0.998165,1.19811,-147.01,-11.0925
"Corpus Christi, TX",2020261N21265,BETA,2020,118.7,0,0,55,4,70,10.5,14.2286,691.85,854.971,0.737952,0.996334,1.10059,0.809209,0.00197487,0.0108438,0.991114,0.802018,163.121,224.044
"Galveston, TX",2020261N21265,BETA,2020,52.6,0,0,55,6,70,5.5,11.3,412.234,743.047,0.486726,1.26193,0.903251,0.554789,0.011706,0.0350476,0.976382,0.541686,330.813,381.387
"Houston Port Authority, TX",2020261N21265,BETA,2020,41.7,0,0,55,6,70,34.5,54.1714,1730.4,2894.66,0.636867,0.997289,0.941195,0.597791,0,0.000555957,0.999444,0.597458,1164.26,1051.15
"Lake Charles Harbor District, LA",2020261N21265,BETA,2020,62,0,0,55,6,70,0.166667,3.54286,2.38711,133.572,0.047043,1.12309,0.338257,0.0178713,0.128679,0.0936974,1.04015,0.0185888,131.185,127.288
"Mobile, AL",2020261N21265,BETA,2020,276,-4,0,25,3,70,10.6667,8.3,122.596,181.439,1.28514,0.904093,0.581541,0.675685,0.0284886,0.0742551,0.952891,0.643855,58.8432,-51.7356
"New Orleans, LA",2020261N21265,BETA,2020,220.7,0,0,55,7,70,25.2857,23.8143,1162.36,996.699,1.06179,1.07239,1.0242,1.16621,0.00917345,0.0111944,0.99796,1.16383,-165.658,-61.5837
"Plaquemines Port District, LA",2020261N21265,BETA,2020,307.8,0,0,55,6,70,57.6667,48.7571,1982.4,1747.86,1.18273,1.07534,0.891767,1.13419,0.041767,0.0607346,0.980206,1.11173,-234.538,-319.392
"Port Arthur, TX",2020261N21265,BETA,2020,42.4,0,0,55,6,70,3.66667,5.75714,348.939,297.405,0.63689,1.10309,1.67004,1.17328,0.00483507,0.0046755,1.00016,1.17347,-51.5338,107.991
"Port Freeport, TX",2020261N21265,BETA,2020,12.3,0,0,55,6,70,2.5,5.81429,130.07,306.525,0.429975,1.0042,0.982754,0.424335,0,0.0108977,0.989102,0.419711,176.456,174.727
"Port of Greater Baton Rouge, LA",2020261N21265,BETA,2020,101.2,0,0,55,7,70,10.7143,10.2571,802.817,594.374,1.04457,1.07089,1.20746,1.35069,0.00925618,0.0122652,0.996963,1.34659,-208.443,-26.4902
"South Louisiana, LA, Port of",2020261N21265,BETA,2020,187,0,0,55,7,70,38.8571,33.3714,1436.75,1663.68,1.16438,1.03839,0.714253,0.863596,0.00129334,0.00463791,0.996651,0.860704,226.934,-273.482
"Texas City, TX",2020261N21265,BETA,2020,29.8,0,0,55,6,70,3.66667,5.15714,301.627,427.478,0.710988,0.852173,1.16457,0.705598,0.0290943,0.0406847,0.988062,0.697174,125.85,123.546
"Beaumont, TX",2020279N16284,DELTA,2020,104,3,4,105,2,70,6,11.0286,83.5608,231.684,0.544041,1.16228,0.570378,0.360667,0.0238942,0.00157248,1.02287,0.368915,148.123,105.638
"Corpus Christi, TX",2020279N16284,DELTA,2020,366.2,3,4,105,1,70,9,13.6143,159.597,212.002,0.66107,1.3433,0.84774,0.752805,0.00531731,0.00976368,0.99553,0.74944,52.4059,71.8539
"Galveston, TX",2020279N16284,DELTA,2020,136.4,3,4,105,2,70,8,11.0857,160.539,244.145,0.721649,1.19969,0.759519,0.657558,0.00673399,0.032781,0.973776,0.640314,83.6054,67.9578
"Houston Port Authority, TX",2020279N16284,DELTA,2020,202.4,3,4,105,2,70,52,53.1714,879.555,968.551,0.977969,1.11621,0.831896,0.908114,0,0.000833551,0.999166,0.907357,88.9962,21.3383
"Lake Charles Harbor District, LA",2020279N16284,DELTA,2020,25.4,3,4,105,2,70,0,3.21429,0,45.8051,0,,,0,0.0606461,0.0910058,0.96768,0,45.8051,45.8051
"Mobile, AL",2020279N16284,DELTA,2020,369.7,2,4,85,3,70,9.66667,8.92857,236.783,173.873,1.08267,1.06483,1.18125,1.36182,0.0876699,0.0805973,1.00775,1.37238,-62.9104,-14.3735
"New Orleans, LA",2020279N16284,DELTA,2020,252.4,3,4,100,3,70,26.3333,23.7429,349.504,431.779,1.10911,0.93314,0.782116,0.809452,0,0.0117765,0.988224,0.79992,82.2746,-47.1095
"Plaquemines Port District, LA",2020279N16284,DELTA,2020,330.4,3,4,100,2,70,36,53.1429,406.308,608.151,0.677419,0.820483,1.20203,0.668104,0.0308975,0.0521732,0.978046,0.653436,201.843,196.178
"Port Arthur, TX",2020279N16284,DELTA,2020,81,3,4,105,2,70,1,4.97143,1.47324,87.5555,0.201149,0.107941,0.774972,0.0168264,0.0130471,0.00347899,1.00969,0.0169895,86.0823,69.9438
"Port Freeport, TX",2020279N16284,DELTA,2020,190.8,3,4,105,2,70,6,5.52857,57.6914,99.2218,1.08527,0.934718,0.573172,0.581439,0,0.00998541,0.990015,0.575633,41.5304,-8.46077
"Port of Greater Baton Rouge, LA",2020279N16284,DELTA,2020,121.2,3,4,103,3,70,6.66667,10.8571,173.19,312.708,0.614035,0.857725,1.05158,0.553838,0.0259228,0.0117869,1.01451,0.561875,139.519,120.694
"South Louisiana, LA, Port of",2020279N16284,DELTA,2020,209.8,3,4,103,3,70,33.3333,34.4,562.167,719.557,0.968992,0.967813,0.833083,0.781268,0,0.00347303,0.996527,0.778555,157.39,22.3119
"Texas City, TX",2020279N16284,DELTA,2020,145.8,3,4,105,2,70,5.5,5.32857,130.362,152.174,1.03217,1.10571,0.750614,0.856662,0.0303409,0.024547,1.00598,0.86178,21.8124,-4.89569
"Baltimore, MD",2020299N18277,ZETA,2020,158.8,-4,3,45,2,70,17.5,15.6429,185.018,161.508,1.11872,1.00744,1.01644,1.14556,0.0303988,0.0274155,1.00308,1.14909,-23.5096,-19.1745
"Beaumont, TX",2020299N18277,ZETA,2020,354.9,3,3,100,2,70,13,11.4429,293.606,264.156,1.13608,1.06863,0.915525,1.11149,0,0.00177647,0.998224,1.10951,-29.4502,-35.9464
"Galveston, TX",2020299N18277,ZETA,2020,391.9,3,3,100,2,70,11,10.6,297.341,226.92,1.03774,0.899396,1.40393,1.31034,0.062844,0.0259234,1.0394,1.36196,-70.4216,-8.563
"Houston Port Authority, TX",2020299N18277,ZETA,2020,466,3,3,100,1,70,47,53.5714,394.635,486.511,0.877333,1.03839,0.890389,0.811154,0,0.00145168,0.998548,0.809976,91.8756,59.6786
"Lake Charles Harbor District, LA",2020299N18277,ZETA,2020,274.4,3,3,100,2,70,5.5,4.05714,77.5189,69.8878,1.35563,0.849964,0.962639,1.10919,0.113007,0.0610863,1.05854,1.17412,-7.63114,-24.8544
"Mobile, AL",2020299N18277,ZETA,2020,111.5,3,3,100,2,70,5,10.2857,56.228,119.163,0.486111,0.911029,1.06548,0.471859,0.263791,0.0804564,1.24903,0.589364,62.9347,61.2363
"New Orleans, LA",2020299N18277,ZETA,2020,18.7,3,3,100,2,70,18,24.5,220.467,306.686,0.734694,1.23769,0.790552,0.718869,0,0.0108004,0.9892,0.711105,86.2189,81.3656
"New York, NY & NJ",2020299N18277,ZETA,2020,237.6,-4,3,45,2,70,33.5,32.4857,623.518,602.502,1.03122,1.01668,0.987083,1.03488,0.0203898,0.0204209,0.999968,1.03485,-21.0161,-18.8116
"Philadelphia Regional Port, PA",2020299N18277,ZETA,2020,149.2,-4,3,45,2,70,7,8.14286,85.299,116.531,0.859649,1.24106,0.686098,0.731983,0,0.00798488,0.992015,0.726138,31.2324,16.3553
"Plaquemines Port District, LA",2020299N18277,ZETA,2020,99.6,3,3,100,2,70,33.5,51.4857,322.847,576.635,0.650666,1.19204,0.72185,0.55988,0.0200819,0.0540195,0.965367,0.54049,253.789,201.438
"Port Arthur, TX",2020299N18277,ZETA,2020,331.5,3,3,100,2,70,7.5,5.02857,117.298,101.576,1.49148,0.988816,0.783006,1.15478,0,0.00459116,0.995409,1.14947,-15.7215,-49.9224
"Port Freeport, TX",2020299N18277,ZETA,2020,447.5,3,3,100,1,70,9,6.11429,76.2256,56.316,1.47196,1.07406,0.856137,1.35353,0,0.0160403,0.98396,1.33182,-19.9096,-26.5791
"Port of Charleston, SC",2020299N18277,ZETA,2020,409.4,0,3,45,1,70,14,16.3429,91.0929,109.629,0.856643,0.883163,1.0983,0.830923,0.0596798,0.0321387,1.02929,0.85526,18.5357,15.716
"Port of Greater Baton Rouge, LA",2020299N18277,ZETA,2020,137.2,3,3,100,2,70,5.5,11.5,100.938,224.574,0.478261,0.922338,1.01892,0.449462,0,0.0098173,0.990183,0.44505,123.637,117.169
"Port of Savannah, GA",2020299N18277,ZETA,2020,423.4,0,3,53,1,70,11,11.8286,58.8382,64.5525,0.929952,1.11398,0.879852,0.911477,0,0.0136291,0.986371,0.899055,5.71436,4.5218
"South Jersey Port Corp, NJ",2020299N18277,ZETA,2020,99.3,-4,3,45,2,70,4.5,8.6,34.7096,102.291,0.523256,0.973208,0.666332,0.339321,0.0528739,0.0708412,0.98103,0.332884,67.5817,48.7668
"South Louisiana, LA, Port of",2020299N18277,ZETA,2020,61.8,3,3,100,2,70,27,33.2571,425.025,421.655,0.811856,1.27172,0.97631,1.00799,0,0.00125065,0.998749,1.00673,-3.36995,79.332
"Texas City, TX",2020299N18277,ZETA,2020,403.5,3,3,100,2,70,4,6.01429,138.869,164.203,0.665083,1.01093,1.25785,0.845719,0.0184001,0.0143886,1.00409,0.849175,25.3335,54.9943
"Virginia, VA, Port of",2020299N18277,ZETA,2020,193.8,0,3,45,2,70,24.5,24.1571,372.355,365.884,1.01419,1.02155,0.982273,1.01769,0.00244298,0.015587,0.986824,1.00428,-6.47111,-5.19291
"Jacksonville, FL",2020306N15288,ETA,2020,23.3,0,4,63,3,70,6.33333,9.71429,71.36,121.818,0.651961,1.01458,0.885601,0.585792,0.0107122,0.028803,0.981713,0.57508,50.4579,42.3974
"Port Everglades, FL",2020306N15288,ETA,2020,141.4,1,4,65,5,70,12.8,17.5286,273.488,321.64,0.730236,1.06946,1.08878,0.850292,0.00113695,0.0119967,0.989128,0.841047,48.1521,86.7668
"Port of Charleston, SC",2020306N15288,ETA,2020,125.5,0,4,40,2,70,16,16.0714,222.895,209.146,0.995556,0.988235,1.08324,1.06574,0.117547,0.0288878,1.10047,1.17282,-13.7499,0.929536
"Port of Palm Beach District, FL",2020306N15288,ETA,2020,200.2,1,4,65,5,70,3.8,5.1,20.9698,50.2172,0.745098,0.630927,0.888278,0.417581,0.00390899,0.0104673,0.993416,0.414832,29.2474,12.8005
"Port of Savannah, GA",2020306N15288,ETA,2020,87.3,0,4,53,2,70,12.5,11.8,125.654,131.818,1.05932,0.978689,0.919448,0.953235,0.0609035,0.011218,1.05291,1.00367,6.16448,-7.81973
"PortMiami, FL",2020306N15288,ETA,2020,81.5,1,4,65,5,70,12.8,13.0714,143.853,137.434,0.979235,1.08441,0.985699,1.0467,0.0137534,0.0120839,1.00169,1.04848,-6.41866,2.85383
"Tampa Port Authority, FL",2020306N15288,ETA,2020,112.2,1,4,65,4,70,8.75,8.21429,242.177,204.68,1.06522,1.0484,1.05949,1.1832,0.00154234,0.004637,0.996901,1.17953,-37.4975,-13.3487
"Virginia, VA, Port of",2020306N15288,ETA,2020,334.7,0,4,40,1,70,30,24.1714,210.228,184.899,1.24113,0.940254,0.974295,1.13699,0.0277044,0.0147652,1.01331,1.15212,-25.3285,-44.5857
"Jacksonville, FL",2021165N32282,BILL,2021,380.9,-3,0,20,2,70,9.5,11.3,77.2835,95.4032,0.840708,1.03597,0.930103,0.810072,0.00478013,0.0257073,0.978972,0.793038,18.1197,15.197
"Port of Charleston, SC",2021165N32282,BILL,2021,220.4,-1,0,28,2,70,18.5,21.8429,326.49,327.1,0.846959,0.952205,1.23765,0.998135,0.0356914,0.0259103,1.01014,1.00826,0.610024,50.0598
"Port of Savannah, GA",2021165N32282,BILL,2021,285.9,-3,0,23,2,70,15,16.4,177.365,183.139,0.914634,1.01139,1.04694,0.968471,0.0213146,0.0117324,1.00979,0.977953,5.77424,15.6339
"Virginia, VA, Port of",2021165N32282,BILL,2021,361.7,0,0,38,1,70,28,29.8714,102.367,216.14,0.937351,0.612049,0.825534,0.473612,0,0.0417062,0.958294,0.45386,113.773,13.541
"Baltimore, MD",2021169N23268,CLAUDETTE,2021,351.7,0,0,40,1,70,24,19.5143,98.5916,87.3168,1.22987,0.894573,1.02628,1.12913,0.0203709,0.0395001,0.980473,1.10708,-11.2748,-20.0714
"Beaumont, TX",2021169N23268,CLAUDETTE,2021,317.9,0,0,40,2,70,13,12.3714,281.286,336.755,1.05081,0.798588,0.995376,0.835283,0,0.00191501,0.998085,0.833683,55.4693,-17.11
"Galveston, TX",2021169N23268,CLAUDETTE,2021,367.1,0,0,40,2,70,16,12.1714,374.621,276.977,1.31455,0.948086,1.08523,1.35253,0.0403493,0.0409827,0.99934,1.35164,-97.6439,-87.1244
"Houston Port Authority, TX",2021169N23268,CLAUDETTE,2021,429.3,0,0,40,2,70,75,75,1562.91,1357.5,1,1.02526,1.12295,1.15132,0.00136142,0.00207318,0.999287,1.1505,-205.413,0
"Jacksonville, FL",2021169N23268,CLAUDETTE,2021,408.2,0,0,35,2,70,9,11.0286,91.7334,89.7452,0.816062,1.06301,1.1783,1.02215,0,0.0242485,0.975752,0.997367,-1.98814,16.5075
"Lake Charles Harbor District, LA",2021169N23268,CLAUDETTE,2021,237.8,0,0,40,2,70,9,9.31429,191.379,174.219,0.966258,1.2251,0.92797,1.09849,0.0127975,0.0199482,0.992757,1.09054,-17.1594,5.87856
"Mobile, AL",2021169N23268,CLAUDETTE,2021,114,0,0,40,3,70,18.3333,13.3143,272.934,174.821,1.37697,1.00888,1.12383,1.56122,0,0.00722932,0.992771,1.54993,-98.1124,-65.9018
"New Orleans, LA",2021169N23268,CLAUDETTE,2021,37.7,0,0,40,3,70,26,34.5714,512.17,578.576,0.752066,0.952984,1.23513,0.885226,0,0.00416765,0.995832,0.881536,66.4057,143.449
"New York, NY & NJ",2021169N23268,CLAUDETTE,2021,373.3,0,0,40,2,70,33.5,38.6286,619.826,671.344,0.867234,1.11581,0.95411,0.923262,0.0250614,0.0385398,0.986175,0.910498,51.5179,89.1319
"Philadelphia Regional Port, PA",2021169N23268,CLAUDETTE,2021,362.6,0,0,40,2,70,14.5,12.4571,259.573,163.922,1.16399,1.0771,1.26304,1.58352,0.0248048,0.0300874,0.994583,1.57494,-95.6511,-26.8817
"Plaquemines Port District, LA",2021169N23268,CLAUDETTE,2021,119.3,0,0,40,3,70,48.3333,55.8429,909.668,1051.53,0.865524,0.979437,1.02048,0.865091,0.0250119,0.0461126,0.978358,0.846369,141.86,141.405
"Port Arthur, TX",2021169N23268,CLAUDETTE,2021,294,0,0,40,2,70,7.5,9.1,125.335,172.317,0.824176,1.14064,0.773707,0.727354,0,0.000718735,0.999281,0.726831,46.9814,30.2974
"Port Freeport, TX",2021169N23268,CLAUDETTE,2021,426.6,0,0,40,2,70,7,8.54286,233.794,199.485,0.819398,0.900284,1.58872,1.17198,0,0.0071463,0.992854,1.16361,-34.3084,36.0274
"Port of Charleston, SC",2021169N23268,CLAUDETTE,2021,169.5,0,0,40,2,70,18.5,21.7571,313.039,322.61,0.850295,1.08182,1.05487,0.970333,0.0280785,0.0261977,1.00194,0.97221,9.571,48.2962
"Port of Greater Baton Rouge, LA",2021169N23268,CLAUDETTE,2021,94.8,0,0,40,3,70,11.3333,11.2,352.379,303.944,1.0119,1.02554,1.11719,1.15936,0,0.00478973,0.99521,1.1538,-48.4353,-3.61838
"Port of Savannah, GA",2021169N23268,CLAUDETTE,2021,233.8,0,0,40,2,70,17,16.6286,179.989,186.623,1.02234,0.905932,1.04134,0.964457,0.0147519,0.0088835,1.00596,0.970201,6.63319,-4.16854
"South Jersey Port Corp, NJ",2021169N23268,CLAUDETTE,2021,314.6,0,0,40,2,70,11.5,13.3286,98.5322,133.369,0.862808,1.24102,0.689967,0.738793,0.129484,0.0853716,1.05067,0.77623,34.837,18.2972
"South Louisiana, LA, Port of",2021169N23268,CLAUDETTE,2021,13.6,0,0,40,3,70,33.6667,40.4429,648.981,768.885,0.83245,1.0041,1.0098,0.844054,0,0.00231574,0.997684,0.842099,119.905,128.827
"Texas City, TX",2021169N23268,CLAUDETTE,2021,373.4,0,0,40,2,70,7.5,6.24286,181.066,196.929,1.20137,0.985005,0.776982,0.919449,0.107061,0.00398979,1.11543,1.02558,15.8628,-39.6562
"Virginia, VA, Port of",2021169N23268,CLAUDETTE,2021,100.3,0,0,40,1,70,26,30.2857,220.945,215.944,0.858491,1.13545,1.04964,1.02316,0,0.0339881,0.966012,0.988385,-5.00129,30.5581
"Jacksonville, FL",2021179N30287,DANNY,2021,244.5,0,0,40,2,70,11,11.0857,132.755,88.3313,0.992268,1.17707,1.28678,1.50292,0.0228873,0.0231648,0.999716,1.50249,-44.4237,0.682974
"Port of Charleston, SC",2021179N30287,DANNY,2021,91.4,0,0,40,2,70,23,20.8143,305.801,306.979,1.10501,0.990904,0.909772,0.996163,0.0181638,0.0292667,0.988692,0.984898,1.17789,-32.2359
"Port of Savannah, GA",2021179N30287,DANNY,2021,52.1,0,0,40,2,70,11.5,16.9714,116.768,188.699,0.677609,1.04604,0.873019,0.618804,0.0130362,0.00851356,1.00458,0.621639,71.9315,60.8348
"Baltimore, MD",2021182N09317,ELSA,2021,146.5,0,1,50,2,70,18.5,19.6429,192.807,170.072,0.941818,1.14525,1.05105,1.13368,0.00744431,0.030759,0.97651,1.10705,-22.7353,9.89509
"Jacksonville, FL",2021182N09317,ELSA,2021,151.3,1,1,65,3,70,9.33333,11.2,118.761,137.942,0.833333,0.859114,1.20256,0.860946,0.0240534,0.026229,0.997771,0.859027,19.1814,22.9904
"Mobile, AL",2021182N09317,ELSA,2021,449.9,0,1,55,1,70,15,13.2286,86.6031,59.9437,1.13391,1.18593,1.07437,1.44474,0.0100803,0.00879305,1.0013,1.44662,-26.6594,-8.02702
"New York, NY & NJ",2021182N09317,ELSA,2021,90.9,0,1,50,1,70,39,38.9857,339.699,339.134,1.00037,1.19552,0.837545,1.00167,0.00826768,0.0422091,0.965776,0.967384,-0.56477,-0.124271
"Philadelphia Regional Port, PA",2021182N09317,ELSA,2021,94,0,1,50,1,70,10,13.1,111.983,86.0881,0.763359,0.94232,1.80834,1.30079,0,0.0336848,0.966315,1.25697,-25.8944,20.372
"Port Everglades, FL",2021182N09317,ELSA,2021,254.7,1,1,65,3,70,20,23.5857,233.453,262.473,0.847971,1.12388,0.933287,0.889435,0.0150395,0.0193578,0.995616,0.885536,29.0203,39.9036
"Port of Charleston, SC",2021182N09317,ELSA,2021,120.5,0,1,55,3,70,23.6667,20.3,442.368,451.538,1.16585,0.98452,0.85354,0.979692,0.0235645,0.032987,0.99035,0.970238,9.16994,-74.8856
"Port of Palm Beach District, FL",2021182N09317,ELSA,2021,261.4,1,1,65,3,70,9,5.8,90.9316,46.5467,1.55172,0.993351,1.26738,1.95355,0,0.0202508,0.979749,1.91399,-44.3848,-25.681
"Port of Savannah, GA",2021182N09317,ELSA,2021,100.6,0,1,55,2,70,13.5,17.2143,195.815,196.366,0.784232,0.98287,1.29372,0.997194,0,0.0123239,0.987676,0.984904,0.55104,42.3693
"PortMiami, FL",2021182N09317,ELSA,2021,241.1,1,1,65,3,70,16.6667,16.3143,131.116,110.674,1.0216,1.22482,0.946802,1.18471,0.00882246,0.012128,0.996665,1.18076,-20.4421,-2.3905
"San Juan, PR",2021182N09317,ELSA,2021,359.9,1,1,70,1,70,15,12.0571,50.7128,41.1117,1.24408,1.07607,0.921435,1.23354,0,0.00969985,0.9903,1.22157,-9.60118,-10.0344
"South Jersey Port Corp, NJ",2021182N09317,ELSA,2021,59.4,0,1,50,2,70,11,13.0286,175.919,124.636,0.844298,1.37912,1.21218,1.41146,0.0135219,0.0768038,0.935851,1.32091,-51.2824,19.4061
"Tampa Port Authority, FL",2021182N09317,ELSA,2021,114,1,1,65,3,70,11.3333,12.4143,175.038,238.45,0.912927,1.00521,0.79991,0.734067,0,0.00752844,0.992472,0.72854,63.4118,20.7626
"Virginia, VA, Port of",2021182N09317,ELSA,2021,80.2,0,1,50,2,70,30.5,31.0571,513.189,429.393,0.982061,1.09149,1.11497,1.19515,0.00209011,0.0271097,0.974928,1.16518,-83.7954,7.70301
"Baltimore, MD",2021222N14301,FRED,2021,241.7,-3,0,25,2,70,17,18.7571,95.8648,169.866,0.906321,0.64142,0.970794,0.564355,0.0101934,0.0279577,0.982053,0.554226,74.0015,15.9128
"Jacksonville, FL",2021222N14301,FRED,2021,359.5,0,0,55,2,70,9,10.8857,95.7944,87.2278,0.826772,1.04438,1.27187,1.09821,0.0100411,0.0180994,0.99186,1.08927,-8.56664,15.1103
"Mobile, AL",2021222N14301,FRED,2021,258.5,0,0,55,2,70,12.5,13.6143,113.156,129.073,0.918153,0.878482,1.08691,0.876678,0.0281145,0.0129989,1.01555,0.890312,15.9176,10.5642
"New Orleans, LA",2021222N14301,FRED,2021,443.6,0,0,55,2,70,31,37.2143,292.982,391.292,0.833013,0.980258,0.916954,0.748755,0,0.0136094,0.986391,0.738565,98.3104,65.3406
"New York, NY & NJ",2021222N14301,FRED,2021,208.4,-3,0,25,3,70,38,38.4857,908.535,1063.23,0.987379,0.901575,0.959903,0.854503,0.0320557,0.0377085,0.99416,0.849512,154.698,13.4187
"Philadelphia Regional Port, PA",2021222N14301,FRED,2021,250.4,-3,0,25,3,70,10.6667,11.1143,246.693,246.563,0.959726,0.876201,1.18981,1.00053,0.00491066,0.0250114,0.9798,0.980318,-0.130216,9.93014
"Plaquemines Port District, LA",2021222N14301,FRED,2021,375.4,0,0,55,3,70,58.3333,64.5286,1118.69,1034.61,0.903992,0.902558,1.32523,1.08127,0.0255731,0.0364759,0.988811,1.06917,-84.0778,99.3306
"Port Everglades, FL",2021222N14301,FRED,2021,393.2,0,0,40,3,70,21.6667,23.7286,266.544,270.797,0.913105,0.96977,1.11156,0.984293,0.0095889,0.0136474,0.995902,0.980259,4.25352,23.5311
"Port of Charleston, SC",2021222N14301,FRED,2021,437,-1,0,25,2,70,22,20.2429,301.358,287.907,1.0868,0.932751,1.03256,1.04672,0.0336069,0.0325295,1.00111,1.04789,-13.4508,-24.9912
"Port of Palm Beach District, FL",2021222N14301,FRED,2021,425.2,0,0,45,3,70,6.66667,5.81429,27.4767,45.47,1.1466,0.916571,0.574991,0.604282,0.0346703,0.0198002,1.0154,0.61359,17.9933,-6.66595
"Port of Savannah, GA",2021222N14301,FRED,2021,386.6,0,0,55,3,70,17.6667,17.1714,344.07,289.696,1.02884,1.06824,1.08065,1.18769,0.00618713,0.00703769,0.999144,1.18668,-54.3736,-8.35508
"PortMiami, FL",2021222N14301,FRED,2021,333.6,0,0,40,3,70,16.6667,14.7286,100.79,96.8163,1.13159,1.12849,0.815235,1.04105,0,0.0132722,0.986728,1.02723,-3.97403,-12.7398
"San Juan, PR",2021222N14301,FRED,2021,124.8,0,0,40,2,70,10,12.3143,62.7752,90.0093,0.812065,1.16106,0.739699,0.69743,0.020485,0.0108455,1.00984,0.704293,27.2341,16.9159
"South Jersey Port Corp, NJ",2021222N14301,FRED,2021,296.1,-3,0,25,3,70,9.66667,12.7286,128.068,200.444,0.759446,0.775711,1.08455,0.638923,0.0086144,0.0784906,0.929517,0.593889,72.3757,48.2175
"South Louisiana, LA, Port of",2021222N14301,FRED,2021,488.5,0,0,55,2,70,43,42.2714,492.244,463.268,1.01724,1.00699,1.03729,1.06255,0,0.0107013,0.989299,1.05118,-28.976,-7.98469
"Tampa Port Authority, FL",2021222N14301,FRED,2021,323,0,0,55,4,70,10.5,12.7714,277.407,327.379,0.822148,1.05286,0.97892,0.847357,0.00195549,0.00243944,0.999515,0.846946,49.972,58.225
"Virginia, VA, Port of",2021222N14301,FRED,2021,487.5,-3,0,20,1,70,30,29.7714,162.691,207.616,1.00768,0.847552,0.91752,0.783616,0.0050143,0.0301439,0.974744,0.763825,44.9247,-1.59398
"San Juan, PR",2021225N15313,GRACE,2021,158.2,-1,3,33,2,70,9.5,12.4571,39.0956,92.0123,0.762615,0.822242,0.677606,0.424895,0,0.0107585,0.989242,0.420324,52.9167,21.8424
"Baltimore, MD",2021227N36297,HENRI,2021,307.6,1,1,65,3,70,20,18.9571,300.409,256.421,1.05501,1.05185,1.05572,1.17154,0,0.0360336,0.963966,1.12933,-43.9877,-14.1061
"New York, NY & NJ",2021227N36297,HENRI,2021,88.7,1,1,65,3,70,44,38.9143,1223.11,1081.71,1.13069,1.01918,0.981215,1.13073,0.0160468,0.0418286,0.973798,1.1011,-141.407,-141.369
"Philadelphia Regional Port, PA",2021227N36297,HENRI,2021,179.5,1,1,65,3,70,11.3333,11.2571,158.379,244.623,1.00677,1.04028,0.618191,0.647442,0.00534167,0.02708,0.978145,0.633292,86.2437,-1.65565
"South Jersey Port Corp, NJ",2021227N36297,HENRI,2021,223.9,1,1,65,4,70,15,12.6857,331.646,263.715,1.18243,1.16827,0.91037,1.25759,0.0403847,0.0908743,0.947386,1.19142,-67.9302,-48.1102
"Virginia, VA, Port of",2021227N36297,HENRI,2021,439.1,1,1,65,2,70,31.5,30.1714,458.01,412.807,1.04403,1.19755,0.887397,1.1095,0.00919194,0.0325933,0.976382,1.0833,-45.2031,-18.1776
"Baltimore, MD",2021239N17281,IDA,2021,34,-4,4,40,2,70,17.5,18.7571,122.947,165.288,0.932978,0.909663,0.876445,0.743834,0.0178472,0.0471278,0.970187,0.721659,42.341,11.0779
"Beaumont, TX",2021239N17281,IDA,2021,326,4,4,130,2,70,8,12.5857,200.407,368.572,0.635641,1.2998,0.658112,0.543739,0,0.00184499,0.998155,0.542736,168.165,134.293
"Galveston, TX",2021239N17281,IDA,2021,413.5,4,4,130,2,70,10.5,13.2429,344.492,330.406,0.79288,1.17947,1.1149,1.04263,0.0385219,0.0321728,1.0066,1.04952,-14.0855,68.4337
"Houston Port Authority, TX",2021239N17281,IDA,2021,448.8,4,4,125,2,70,70,80.9857,1130.76,1367.18,0.86435,0.959042,0.997747,0.82708,0,0.00264596,0.997354,0.824892,236.412,185.458
"Lake Charles Harbor District, LA",2021239N17281,IDA,2021,251.6,4,4,130,3,70,7.33333,9.82857,132.564,273.858,0.746124,0.764833,0.84825,0.484063,0.0211471,0.034982,0.985866,0.477221,141.294,69.526
"Mobile, AL",2021239N17281,IDA,2021,254.5,4,4,130,3,70,4.66667,13.9571,132.262,209.723,0.334357,1.46517,1.28733,0.630651,0.0140771,0.0056615,1.00854,0.636034,77.461,139.601
"New Orleans, LA",2021239N17281,IDA,2021,59.5,4,4,130,3,70,16,41.5571,128.123,671.768,0.385012,0.811286,0.610601,0.190724,0.125299,0.00446488,1.13814,0.217072,543.646,413.129
"New York, NY & NJ",2021239N17281,IDA,2021,57.8,-4,4,40,2,70,43.5,39.2857,753.266,722.885,1.10727,1.06971,0.879746,1.04203,0.0162971,0.0510119,0.96471,1.00525,-30.3814,-77.5458
"Philadelphia Regional Port, PA",2021239N17281,IDA,2021,56.7,-4,4,40,2,70,13.5,11.5286,230.073,165.862,1.171,1.21625,0.97395,1.38714,0.0126121,0.0365776,0.975728,1.35347,-64.2111,-28.363
"Plaquemines Port District, LA",2021239N17281,IDA,2021,67.2,4,4,130,4,70,24.5,71.3143,459.768,1604.06,0.34355,1.02015,0.817833,0.286627,0.12917,0.0261419,1.11831,0.320538,1144.29,1052.99
"Port Arthur, TX",2021239N17281,IDA,2021,310.8,4,4,130,2,70,6,9.57143,139.556,185.416,0.626866,0.898692,1.33603,0.752663,0,0.000740295,0.99926,0.752106,45.8603,69.1852
"Port Freeport, TX",2021239N17281,IDA,2021,476.4,4,4,125,2,70,9,8.17143,266.659,193.257,1.1014,1.11036,1.12827,1.37981,0.00839149,0.0160342,0.992293,1.36918,-73.4018,-19.596
"Port of Greater Baton Rouge, LA",2021239N17281,IDA,2021,50.7,4,4,130,3,70,9,13.1571,210.973,339.794,0.684039,0.627844,1.4457,0.620885,0.125309,0.00619044,1.13618,0.70544,128.821,107.362
"PortMiami, FL",2021239N17281,IDA,2021,450.1,1,4,70,2,70,14,15.1,60.5489,63.2132,0.927152,0.87716,1.17779,0.957852,0.0179448,0.0134932,1.00453,0.962194,2.6643,4.60494
"South Jersey Port Corp, NJ",2021239N17281,IDA,2021,60.6,-4,4,40,2,70,14,12.5857,161.074,121.821,1.11237,1.1227,1.05874,1.32222,0.011111,0.0972967,0.912846,1.20698,-39.253,-13.6894
"South Louisiana, LA, Port of",2021239N17281,IDA,2021,16.1,4,4,130,3,70,26.6667,47.2714,161.586,788.391,0.564118,0.627926,0.578609,0.204957,0.184123,0.00198151,1.22325,0.250713,626.804,343.645
"Tampa Port Authority, FL",2021239N17281,IDA,2021,494,1,4,80,1,70,13,11.8143,69.5285,77.2634,1.10036,1.05502,0.775164,0.899889,0,0.00336299,0.996637,0.896863,7.73488,-7.75437
"Texas City, TX",2021239N17281,IDA,2021,413.2,4,4,130,2,70,6.5,6.07143,156.385,198.619,1.07059,0.92311,0.796703,0.787358,0,0.00160329,0.998397,0.786096,42.2348,-14.0202
"Virginia, VA, Port of",2021239N17281,IDA,2021,285.1,-4,4,38,2,70,27,30.5857,440.206,384.745,0.882765,1.08309,1.19666,1.14415,0,0.0437359,0.956264,1.09411,-55.4613,45.1056
"Jacksonville, FL",2021252N28273,MINDY,2021,96.9,0,0,50,2,70,13,11.3571,109.745,93.4834,1.14465,1.02686,0.998775,1.17396,0.0309618,0.0184933,1.01287,1.18906,-16.2621,-13.5228
"Mobile, AL",2021252N28273,MINDY,2021,267.6,0,0,50,2,70,10,12.8571,63.352,139.88,0.777778,0.940068,0.619426,0.452902,0.0555457,0.00748112,1.05089,0.475951,76.528,31.0844
"New Orleans, LA",2021252N28273,MINDY,2021,362.2,0,0,50,2,70,36.5,41.1429,279.05,443.786,0.887153,0.954559,0.742518,0.628794,0.0939084,0.00243884,1.10095,0.69227,164.736,50.0801
"Plaquemines Port District, LA",2021252N28273,MINDY,2021,283,0,0,50,2,70,78.5,70.7714,736.24,810.877,1.1092,1.11923,0.731361,0.907956,0.0992412,0.0275943,1.07954,0.980175,74.6367,-88.5516
"Port of Charleston, SC",2021252N28273,MINDY,2021,158.8,0,0,35,2,70,20,19.4143,301.68,288.655,1.03017,0.952109,1.06555,1.04512,0.0421839,0.0297297,1.013,1.05871,-13.025,-8.70851
"Port of Greater Baton Rouge, LA",2021252N28273,MINDY,2021,491.8,0,0,35,1,70,19,12.1857,204.842,106.514,1.5592,0.864398,1.42691,1.92315,0,0.00462677,0.995373,1.91425,-98.3278,-59.5628
"Port of Savannah, GA",2021252N28273,MINDY,2021,82.9,0,0,50,2,70,19,18.0143,223.74,203.976,1.05472,1.01279,1.02685,1.09689,0.0200688,0.00883988,1.01146,1.10946,-19.7635,-11.1613
"South Louisiana, LA, Port of",2021252N28273,MINDY,2021,402.4,0,0,45,2,70,40,48.5571,289.519,535.369,0.823772,0.930874,0.705224,0.540785,0.054207,0.00164075,1.05558,0.570841,245.849,94.3471
"Tampa Port Authority, FL",2021252N28273,MINDY,2021,325.4,0,0,50,2,70,14,10.6714,142.856,143.204,1.31191,0.7696,0.988037,0.997571,0.0343874,0.00238919,1.03314,1.03063,0.347861,-44.6674
"Beaumont, TX",2021256N21265,NICHOLAS,2021,6.1,1,1,65,5,70,9.6,12.6429,859.914,911.068,0.759322,1.08631,1.14426,0.943853,0,0.00132372,0.998676,0.942604,51.1536,219.274
"Corpus Christi, TX",2021256N21265,NICHOLAS,2021,116.3,1,1,65,3,70,17.6667,19.7143,907.093,1053.07,0.896135,0.905008,1.06211,0.86138,0.00165619,0.00554781,0.996102,0.858023,145.976,109.377
"Galveston, TX",2021256N21265,NICHOLAS,2021,39.8,1,1,65,5,70,12.2,13.0143,833.275,844.519,0.937431,0.995876,1.0569,0.986686,0.0411039,0.0353667,1.00598,0.99259,11.2436,52.8404
"Houston Port Authority, TX",2021256N21265,NICHOLAS,2021,43.9,1,1,65,5,70,77.4,80.7571,3019.9,3416.4,0.958429,1.05517,0.87406,0.883944,0.00107245,0.00270999,0.998361,0.882495,396.494,142.022
"Lake Charles Harbor District, LA",2021256N21265,NICHOLAS,2021,44,1,1,65,5,70,10.2,9.22857,627.671,462.846,1.10526,1.06612,1.15086,1.35611,0.0243162,0.0365676,0.987443,1.33908,-164.825,-48.7207
"Mobile, AL",2021256N21265,NICHOLAS,2021,360.8,-1,1,25,3,70,14.3333,12.3,179.199,213.333,1.16531,0.936724,0.769523,0.839993,0.0170099,0.00728163,1.0099,0.848306,34.1349,-35.2665
"New Orleans, LA",2021256N21265,NICHOLAS,2021,165.6,0,1,35,4,70,44.25,38.0429,859.029,796.934,1.16316,1.10488,0.838744,1.07792,0.00186825,0.0070525,0.994806,1.07232,-62.095,-130.029
"Plaquemines Port District, LA",2021256N21265,NICHOLAS,2021,205.2,-1,1,30,3,70,84,67.1857,1344.54,1161.24,1.25027,1.18826,0.779357,1.15785,0.00299173,0.0314243,0.971482,1.12483,-183.297,-290.62
"Port Arthur, TX",2021256N21265,NICHOLAS,2021,27.7,1,1,65,5,70,6.4,9.27143,380.081,449.712,0.690293,0.998069,1.22673,0.845165,0,0.000620206,0.99938,0.84464,69.6314,139.279
"Port Freeport, TX",2021256N21265,NICHOLAS,2021,12.3,1,1,65,5,70,6.6,8.15714,375.781,502.98,0.809107,0.871209,1.05988,0.747109,0.00733127,0.0159705,0.991297,0.740607,127.199,96.0155
"Port of Greater Baton Rouge, LA",2021256N21265,NICHOLAS,2021,77.8,1,1,65,4,70,20.25,12.0857,655.44,450.39,1.67553,1.05411,0.823959,1.45527,0,0.0162422,0.983758,1.43163,-205.05,-304.253
"South Louisiana, LA, Port of",2021256N21265,NICHOLAS,2021,120.3,0,1,50,4,70,52.5,47.2,1134.02,1016.81,1.11229,1.11225,0.901497,1.11528,0.0019101,0.00801471,0.993884,1.10846,-117.214,-114.175
"Texas City, TX",2021256N21265,NICHOLAS,2021,16.9,1,1,65,5,70,3,6.57143,354.602,506.205,0.456522,1.29507,1.18484,0.70051,0,0.000353528,0.999646,0.700262,151.603,275.112
"New York, NY & NJ",2021259N30286,ODETTE,2021,479.6,0,0,40,1,70,35,40.0286,409.71,368.912,0.874375,1.19329,1.06441,1.11059,0.00839623,0.0360547,0.972107,1.07961,-40.7981,46.3444
"Philadelphia Regional Port, PA",2021259N30286,ODETTE,2021,478.3,0,0,40,2,70,11.5,10.7857,118.124,157.899,1.06623,0.931402,0.753304,0.748095,0,0.0208058,0.979194,0.73253,39.7756,-10.4569
"Port of Charleston, SC",2021259N30286,ODETTE,2021,441.9,-3,0,30,2,70,21,19.2857,348.203,291.389,1.08889,1.08298,1.01334,1.19498,0.0198263,0.0303968,0.989216,1.18209,-56.8144,-25.9012
"South Jersey Port Corp, NJ",2021259N30286,ODETTE,2021,433.7,0,0,40,2,70,15.5,11.9714,155.428,123.413,1.29475,0.834857,1.16511,1.25941,0.111818,0.0721419,1.04467,1.31567,-32.0145,-36.376
"Virginia, VA, Port of",2021259N30286,ODETTE,2021,303.3,0,0,40,3,70,27.6667,29.1714,588.436,537.531,0.948417,1.02043,1.13113,1.0947,0.0216073,0.0269003,0.99459,1.08878,-50.9042,27.7277
"San Juan, PR",2021262N16307,PETER,2021,250.6,0,0,45,3,70,12.6667,12.4429,143.135,114.887,1.01799,1.22516,0.998939,1.24588,0.0128029,0.0072843,1.00559,1.25284,-28.2483,-2.06647
"New York, NY & NJ",2021299N33284,WANDA,2021,340,-4,0,60,1,70,41,40.4143,417.873,387.201,1.01449,1.14992,0.925103,1.07922,0.00747189,0.0375008,0.969745,1.04656,-30.6725,-5.6116
"Philadelphia Regional Port, PA",2021299N33284,WANDA,2021,419.1,-4,0,60,1,70,15,11.5857,109.841,77.9796,1.2947,1.139,0.955188,1.40858,0,0.0165291,0.983471,1.3853,-31.8612,-22.9804
"Port of Charleston, SC",2021299N33284,WANDA,2021,354.1,-4,0,40,1,70,22,20.5571,159.578,149.291,1.07019,0.945286,1.05661,1.06891,0.00605245,0.0273997,0.978523,1.04595,-10.2872,-10.4784
"Port of Savannah, GA",2021299N33284,WANDA,2021,455.5,-4,0,35,1,70,18,18.5,99.654,105.252,0.972973,1.12603,0.864198,0.946813,0.0215951,0.0103211,1.01152,0.957723,5.59801,2.84465
"South Jersey Port Corp, NJ",2021299N33284,WANDA,2021,415.7,-4,0,58,1,70,11,12.2571,69.1667,60.8564,0.897436,1.45118,0.872702,1.13656,0,0.0926734,0.907327,1.03123,-8.31029,6.24168
"Virginia, VA, Port of",2021299N33284,WANDA,2021,360.8,-4,0,45,2,70,24,30.9857,255.619,379.127,0.77455,1.1369,0.765661,0.674232,0.0171591,0.0274425,0.989537,0.667177,123.507,85.4739
"Jacksonville, FL",2022154N21273,ALEX,2022,364.4,0,0,45,2,70,15,12.3286,143.07,108.484,1.21669,1.04837,1.03392,1.31881,0.0160804,0.0415496,0.974115,1.28467,-34.5859,-23.5069
"Port Everglades, FL",2022154N21273,ALEX,2022,95.9,0,0,45,2,70,21,24.8143,194.115,186.838,0.846287,1.13632,1.08038,1.03895,0.00565974,0.0298621,0.97566,1.01366,-7.27748,28.7195
"Port of Palm Beach District, FL",2022154N21273,ALEX,2022,57.4,0,0,45,2,70,2.5,5.3,16.6889,21.7618,0.471698,1.12459,1.44569,0.766891,0.00314057,0.0393544,0.963672,0.739032,5.07286,11.4968
"PortMiami, FL",2022154N21273,ALEX,2022,140,0,0,45,2,70,16,15.6571,47.6196,52.8287,1.0219,0.944381,0.934031,0.901397,0.00393203,0.0255296,0.978317,0.881852,5.20908,-1.15683
"Tampa Port Authority, FL",2022154N21273,ALEX,2022,175.6,0,0,43,2,70,10,12.3429,92.6213,131.486,0.810185,1.02209,0.850669,0.704422,0.00395795,0.0209089,0.982982,0.692434,38.8643,24.9579
"Jacksonville, FL",2022183N32280,COLIN,2022,196.7,0,0,35,2,70,13.5,13.3714,96.6184,116.564,1.00962,0.851678,0.963967,0.828884,0.168603,0.0351643,1.1605,0.961919,19.9461,-1.12081
"Port of Charleston, SC",2022183N32280,COLIN,2022,13,0,0,35,2,70,20,17.9571,170.422,237.031,1.11376,0.761559,0.847664,0.718985,0.224775,0.0381508,1.24074,0.892071,66.6091,-26.9653
"Port of Savannah, GA",2022183N32280,COLIN,2022,41.3,0,0,35,2,70,19,19.1571,155.239,206.552,0.991797,0.804498,0.941939,0.751572,0.158267,0.0315632,1.15053,0.864704,51.3134,1.69431
"Tampa Port Authority, FL",2022183N32280,COLIN,2022,468.1,-1,0,33,1,70,14,11.7714,46.4132,61.2849,1.18932,0.788385,0.807701,0.757335,0.00823946,0.0256222,0.982473,0.744061,14.8717,-11.6025
"Virginia, VA, Port of",2022183N32280,COLIN,2022,415.3,0,0,35,1,70,28,26.1143,211.958,133.636,1.07221,1.18276,1.2507,1.58609,0,0.0330872,0.966913,1.53361,-78.3228,-9.64983
"Corpus Christi, TX",2022232N20266,UNNAMED,2022,338,-3,-3,30,2,70,22,21.7286,968.116,805.188,1.01249,0.949182,1.25109,1.20235,0.00262867,0.0214416,0.981138,1.17967,-162.928,-10.0582
"San Juan, PR",2022246N18301,EARL,2022,207.6,0,2,60,4,70,11,11.4143,139.726,164.774,0.963705,0.926593,0.94963,0.847984,0,0.0172019,0.982798,0.833397,25.0484,5.98055
"San Juan, PR",2022257N16312,FIONA,2022,111.9,2,4,95,4,70,6.5,11.9143,75.6935,172.356,0.545564,0.742001,1.08488,0.43917,0,0.00191119,0.998089,0.438331,96.6624,78.3248
"Jacksonville, FL",2022266N12294,IAN,2022,219.8,5,5,140,3,70,2.66667,13.4143,46.7163,195.3,0.198793,0.642834,1.87184,0.239204,0.0198753,0.0210956,0.998755,0.238906,148.583,156.475
"Port Everglades, FL",2022266N12294,IAN,2022,169.7,5,5,140,4,70,20,22.1286,211.413,299.642,0.903809,0.891407,0.875743,0.705553,0.00806619,0.0146642,0.993348,0.700859,88.2287,28.8228
"Port of Charleston, SC",2022266N12294,IAN,2022,83.7,1,5,75,3,70,10.3333,17.8143,149.092,410.065,0.580059,0.811249,0.772637,0.363582,0.00987452,0.0180326,0.991761,0.360586,260.973,172.203
"Port of Palm Beach District, FL",2022266N12294,IAN,2022,127.1,5,5,140,4,70,3.75,5.14286,52.5826,44.5687,0.729167,0.928835,1.742,1.17981,0,0.0142883,0.985712,1.16295,-8.01395,12.0707
"Port of Savannah, GA",2022266N12294,IAN,2022,201.4,1,5,75,3,70,5,18.3,42.0924,320.269,0.273224,0.441134,1.09044,0.131428,0,0.0150926,0.984907,0.129445,278.176,232.764
"PortMiami, FL",2022266N12294,IAN,2022,199.9,5,5,140,4,70,16,17.0571,84.8238,128.192,0.938023,1.07686,0.655063,0.661694,0.00224471,0.00746812,0.994765,0.65823,43.3681,7.94489
"Tampa Port Authority, FL",2022266N12294,IAN,2022,101.2,5,5,140,4,70,1.75,12.3286,22.1779,337.207,0.141947,0.836088,0.554175,0.0657694,0,0.00470614,0.995294,0.0654599,315.03,289.342
"Virginia, VA, Port of",2022266N12294,IAN,2022,350.8,1,5,70,2,70,23,26.7143,305.144,270.944,0.860963,1.2712,1.02903,1.12622,0,0.0114374,0.988563,1.11334,-34.1998,37.6713
"Jacksonville, FL",2022311N21293,NICOLE,2022,180.8,1,1,65,2,70,11,12.6286,120.207,119.195,0.871041,1.11364,1.03965,1.00849,0,0.018441,0.981559,0.989891,-1.01174,15.3713
"Mobile, AL",2022311N21293,NICOLE,2022,339.1,0,1,38,2,70,17.5,15.1286,119.559,167.62,1.15675,0.90906,0.678303,0.713274,0.00981258,0.0275647,0.982072,0.700486,48.061,-26.2747
"Port Everglades, FL",2022311N21293,NICOLE,2022,143.3,1,1,65,2,70,13,25.0286,65.4239,182.639,0.519406,0.889744,0.775123,0.358214,0.0143335,0.0110391,1.00334,0.359412,117.215,87.7752
"Port of Charleston, SC",2022311N21293,NICOLE,2022,419.3,0,1,38,2,70,13,19.0286,212.487,298.127,0.683183,0.956658,1.09053,0.712739,0.0229001,0.0187406,1.00426,0.715773,85.6402,94.4517
"Port of Palm Beach District, FL",2022311N21293,NICOLE,2022,96.5,1,1,65,2,70,0.5,5.88571,0.564411,28.493,0.0849515,0.139016,1.67734,0.0198088,0.00823967,0.0139429,0.994249,0.0196948,27.9286,26.0725
"Port of Savannah, GA",2022311N21293,NICOLE,2022,336.9,0,1,62,2,70,13.5,18.1143,152.339,216.422,0.745268,1.11312,0.8485,0.703894,0.0767371,0.0105026,1.07174,0.754391,64.084,55.1297
"PortMiami, FL",2022311N21293,NICOLE,2022,200.4,1,1,65,2,70,13.5,16.7714,18.1643,65.5926,0.80494,0.966445,0.355977,0.276925,0,0.00695121,0.993049,0.275,47.4283,12.7945
"San Juan, PR",2022311N21293,NICOLE,2022,254,-3,1,35,1,70,8,10.6571,33.7028,40.0071,0.75067,0.976323,1.14944,0.842421,0,0.0050884,0.994912,0.838134,6.30428,9.97495
"Tampa Port Authority, FL",2022311N21293,NICOLE,2022,56.7,1,1,65,3,70,10.6667,11.9714,349.675,328.196,0.89101,1.15229,1.03774,1.06545,0.00155515,0.00231727,0.999237,1.06463,-21.4791,35.7699
"South Jersey Port Corp, NJ",2023015N36289,UNNAMED,2023,477.4,-4,-2,45,1,70,20,13.6714,100.223,83.321,1.4629,0.836175,0.983328,1.20285,0.0173687,0.0766916,0.939629,1.13023,-16.9017,-38.5697
"Virginia, VA, Port of",2023015N36289,UNNAMED,2023,451.9,-4,-2,45,1,70,23,28.9429,148.936,178.038,0.794669,1.11705,0.942383,0.836539,0,0.015771,0.984229,0.823346,29.1023,36.5567
"Mobile, AL",2023152N26274,ARLENE,2023,334.7,0,0,35,2,70,9,13.5429,98.7872,164.4,0.664557,0.944667,0.957165,0.600894,0.0466096,0.0475786,0.998984,0.600283,65.6132,55.147
"New Orleans, LA",2023152N26274,ARLENE,2023,411.1,0,0,35,2,70,34.5,29.4714,442.596,368.015,1.17063,1.0418,0.986146,1.20266,0,0.000881462,0.999119,1.2016,-74.5818,-62.7926
"Plaquemines Port District, LA",2023152N26274,ARLENE,2023,328.9,0,0,35,3,70,64.3333,53.0714,1143.63,953.172,1.2122,1.01876,0.971556,1.19981,0.0368409,0.0432101,0.993387,1.19188,-190.456,-202.266
"Port Everglades, FL",2023152N26274,ARLENE,2023,408.1,-3,0,25,2,70,23,26.5,214.935,190.927,0.867925,1.00394,1.29196,1.12574,0.00679972,0.010308,0.996468,1.12176,-24.0073,25.2168
"Port of Palm Beach District, FL",2023152N26274,ARLENE,2023,453.8,-3,0,25,1,70,2,6,7.16855,13.0024,0.333333,0.929878,1.7787,0.551324,0,0.0119737,0.988026,0.544723,5.83387,8.66828
"PortMiami, FL",2023152N26274,ARLENE,2023,360.6,-3,0,25,2,70,12,14.9143,34.8387,64.7456,0.804598,0.906776,0.737517,0.538086,0.0428895,0.0112211,1.03309,0.555889,29.9069,12.6514
"South Louisiana, LA, Port of",2023152N26274,ARLENE,2023,449.8,-1,0,33,2,70,45,40.9,558.655,635.063,1.10024,0.93481,0.855291,0.879684,0,0.00105365,0.998946,0.878757,76.4081,-63.6616
"Tampa Port Authority, FL",2023152N26274,ARLENE,2023,349.4,0,0,35,4,70,10.5,10.7857,224.613,280.652,0.97351,1.00284,0.819778,0.800326,0,0.00149234,0.998508,0.799132,56.0388,7.43449
"San Juan, PR",2023232N13300,FRANKLIN,2023,397,0,4,60,7,70,11.4286,12.0571,236.945,278.717,0.947867,0.935826,0.95839,0.850129,0.0070709,0.0110329,0.99601,0.846737,41.7715,14.5302
"Beaumont, TX",2023234N25271,HAROLD,2023,424.3,0,0,50,1,70,18,14.3714,289.612,193.464,1.25249,0.991169,1.20586,1.49698,0,0.00500181,0.994998,1.48949,-96.1477,-48.8468
"Corpus Christi, TX",2023234N25271,HAROLD,2023,83,0,0,50,2,70,24.5,22.9,1028.78,891.234,1.06987,1.06735,1.01086,1.15433,0,0.00644349,0.993557,1.14689,-137.546,-62.2696
"Galveston, TX",2023234N25271,HAROLD,2023,311.1,0,0,50,1,70,13,12.0143,145.159,133.68,1.08205,0.882583,1.13704,1.08587,0.0337119,0.0471127,0.986132,1.07081,-11.4785,-10.9678
"Houston Port Authority, TX",2023234N25271,HAROLD,2023,354,0,0,50,1,70,67,78.4714,698.743,754.743,0.853814,0.955213,1.13515,0.925802,0,0.00361899,0.996381,0.922451,56.0005,110.333
"Lake Charles Harbor District, LA",2023234N25271,HAROLD,2023,449.6,0,0,50,1,70,9,9.95714,89.83,113.752,0.903874,1.07561,0.812268,0.789697,0.0139798,0.0507654,0.962693,0.760236,23.9225,10.9346
"Port Arthur, TX",2023234N25271,HAROLD,2023,420.6,0,0,50,1,70,9,8.64286,77.5256,75.1773,1.04132,1.36926,0.723246,1.03124,0,0.00483346,0.995167,1.02625,-2.34836,-3.1065
"Port Freeport, TX",2023234N25271,HAROLD,2023,274.5,0,0,50,2,70,5,8.12857,53.7761,201.777,0.615114,0.861583,0.502881,0.266513,0.00753614,0.0209845,0.986449,0.262902,148.001,77.661
"Texas City, TX",2023234N25271,HAROLD,2023,329.3,0,0,50,1,70,6,7.91429,101.215,130.795,0.758123,1.03372,0.98745,0.773849,0.0219445,0.0049557,1.01737,0.78729,29.5794,31.6363
"Jacksonville, FL",2023239N21274,IDALIA,2023,125.7,4,4,115,2,70,8.5,13.3429,39.0508,117.82,0.637045,0.492622,1.05616,0.331446,0.0574282,0.035661,1.02309,0.3391,78.7688,42.7632
"Mobile, AL",2023239N21274,IDALIA,2023,423.3,4,4,115,1,70,12,14.1571,96.7667,91.7957,0.847629,1.10226,1.12827,1.05415,0.0431756,0.0253356,1.01865,1.07381,-4.97103,13.987
"Plaquemines Port District, LA",2023239N21274,IDALIA,2023,499.9,3,4,105,1,70,46,56.2571,286.816,346.981,0.817674,0.963411,1.04931,0.826604,0.0131101,0.0351529,0.977664,0.808141,60.1652,63.2637
"Port Everglades, FL",2023239N21274,IDALIA,2023,430.3,4,4,115,2,70,23.5,26.0857,159.579,156.427,0.900876,1.01098,1.1201,1.02015,0.0186404,0.0123076,1.00645,1.02674,-3.15255,15.5056
"Port of Charleston, SC",2023239N21274,IDALIA,2023,23.4,3,4,100,2,70,9,16.1143,89.8275,186.863,0.558511,0.921621,0.933904,0.480713,0.0158367,0.026274,0.989395,0.475615,97.0356,82.4981
"Port of Palm Beach District, FL",2023239N21274,IDALIA,2023,418.2,4,4,115,2,70,5.5,4.6,27.5004,19.994,1.19565,1.1755,0.978613,1.37543,0.0503453,0.0378999,1.01311,1.39346,-7.50641,-3.91187
"Port of Savannah, GA",2023239N21274,IDALIA,2023,64.7,4,4,115,2,70,7.5,18.6857,30.2935,224.248,0.401376,0.358698,0.938299,0.13509,0,0.0127535,0.987246,0.133367,193.954,134.24
"PortMiami, FL",2023239N21274,IDALIA,2023,433.2,3,4,105,2,70,12.5,13.7571,32.2639,51.6663,0.908619,1.02455,0.670801,0.624468,0.0043347,0.0131302,0.991166,0.618952,19.4023,4.72132
"Tampa Port Authority, FL",2023239N21274,IDALIA,2023,215.7,4,4,115,2,70,2,11.6,15.7564,134.897,0.172414,0.29219,2.31856,0.116803,0,0.00407642,0.995924,0.116327,119.141,111.639
"Virginia, VA, Port of",2023239N21274,IDALIA,2023,358.1,0,4,55,1,70,26,29.8286,194.567,168.926,0.871648,0.99067,1.33384,1.15179,0,0.0148718,0.985128,1.13466,-25.6411,21.682
"Baltimore, MD",2023265N29284,OPHELIA,2023,61.1,0,0,50,2,70,20,19.9429,190.453,182.679,1.00287,1.15286,0.901738,1.04256,0,0.0140373,0.985963,1.02792,-7.77409,-0.523436
"New York, NY & NJ",2023265N29284,OPHELIA,2023,316.4,-4,0,25,1,70,42,43.4286,408.493,381.551,0.967105,1.06886,1.0357,1.07061,0.00683846,0.0231269,0.983599,1.05305,-26.9422,12.551
"Philadelphia Regional Port, PA",2023265N29284,OPHELIA,2023,205.7,0,0,40,2,70,11.5,12.2714,118.232,159.949,0.937136,1.11438,0.707813,0.739189,0,0.00437553,0.995624,0.735954,41.7164,10.055
"Port of Charleston, SC",2023265N29284,OPHELIA,2023,285.9,0,0,60,3,70,17.6667,15.4714,291.856,267.651,1.14189,1.04707,0.912008,1.09044,0.0234228,0.0249325,0.998454,1.08875,-24.2051,-37.977
"Port of Palm Beach District, FL",2023265N29284,OPHELIA,2023,486.3,-4,0,30,1,70,7,3.3,14.1082,7.26663,2.12121,0.900499,1.01641,1.9415,0.031901,0.086498,0.943604,1.83201,-6.84155,-8.14744
"Port of Savannah, GA",2023265N29284,OPHELIA,2023,420.4,0,0,60,2,70,20,16.9,240.666,191.578,1.18343,1.03279,1.02781,1.25623,0.00853392,0.00783464,1.00071,1.25711,-49.0873,-35.1416
"South Jersey Port Corp, NJ",2023265N29284,OPHELIA,2023,185,0,0,45,2,70,15.5,12.8429,283.472,134.434,1.2069,1.67297,1.04435,2.10864,0.034588,0.0797152,0.953256,2.01007,-149.038,-27.8138
"Virginia, VA, Port of",2023265N29284,OPHELIA,2023,113.6,0,0,60,3,70,23,27.3857,517.331,500.558,0.839854,1.12747,1.09145,1.03351,0.00160349,0.0158885,0.985692,1.01872,-16.7732,80.1624
"San Juan, PR",2023266N16323,PHILIPPE,2023,150.7,0,0,45,3,70,11.3333,11.1429,124.316,113.249,1.01709,1.015,1.06332,1.09772,0,0.00783189,0.992168,1.08912,-11.0666,-1.93588
"San Juan, PR",2023292N13309,TAMMY,2023,292.2,1,2,80,2,70,8.5,11.2429,80.933,78.7831,0.756036,1.2056,1.12706,1.02729,0,0.0114667,0.988533,1.01551,-2.14992,19.2203
