port,SID,name,season,min_dist_km,sshs_max,sshs_storm_lifetime,wind_max_kt,k_days,n_ref_days,N_obs,N_ref,co2_obs_t,co2_ref_t,r_N,r_H,r_I,r_CO2,discard_win,discard_ref,gap_adj,r_CO2_gapadj,co2_shortfall_t,co2_shortfall_naive_t
"Baltimore, MD",2015126N27281,ANA,2015,194.6,-1,0,30,2,70,22.5,18.3429,0.425725,0.297254,1.22664,1.05069,1.11125,1.43219,0.0213001,0.0216197,0.999673,1.43173,-0.128472,-0.0673683
"Jacksonville, FL",2015126N27281,ANA,2015,372,0,0,50,5,70,12.6,12.6143,0.586994,0.53392,0.998867,0.91368,1.20463,1.0994,0.0678311,0.0460903,1.02332,1.12505,-0.0530741,0.000604666
"New York, NY & NJ",2015126N27281,ANA,2015,175.3,-1,0,30,2,70,32.5,37.4857,1.07024,1.25971,0.866997,0.963981,1.01654,0.84959,0.0239053,0.0367954,0.986794,0.83837,0.189474,0.167545
"Philadelphia Regional Port, PA",2015126N27281,ANA,2015,164.9,-1,0,30,2,70,10,13.9714,0.313535,0.411514,0.715746,1.20596,0.88269,0.761906,0,0.0153833,0.984617,0.750185,0.0979792,0.116974
"Port Everglades, FL",2015126N27281,ANA,2015,144.3,-3,0,25,1,70,21,18.3714,0.12245,0.164899,1.14308,0.889938,0.72997,0.742576,0.0149196,0.0208785,0.993951,0.738084,0.0424491,-0.0235937
"Port of Charleston, SC",2015126N27281,ANA,2015,137.3,0,0,50,6,70,16.5,16.2714,1.1717,1.20362,1.01405,0.966427,0.993341,0.973477,0.039482,0.0515538,0.987432,0.961242,0.0319237,-0.0169078
"Port of Palm Beach District, FL",2015126N27281,ANA,2015,129,-3,0,28,1,70,7,5.02857,0.0146097,0.0186285,1.39205,0.982043,0.573691,0.784263,0.0279851,0.0242033,1.00389,0.787314,0.00401887,-0.00730323
"Port of Savannah, GA",2015126N27281,ANA,2015,279.5,0,0,50,6,70,15.1667,15.8714,0.925976,0.892322,0.955596,1.00795,1.07737,1.03771,0.0166903,0.0269325,0.989584,1.02691,-0.0336538,0.0396231
"PortMiami, FL",2015126N27281,ANA,2015,185.2,-3,0,25,1,70,20,18.7857,0.0687732,0.0600591,1.06464,1.169,0.920075,1.14509,0.0106569,0.00963009,1.00104,1.14628,-0.00871412,-0.00388215
"South Jersey Port Corp, NJ",2015126N27281,ANA,2015,118.2,-1,0,30,2,70,7.5,13.7714,0.293501,0.321869,0.544606,1.16024,1.44311,0.911862,0.136616,0.0964641,1.04651,0.954269,0.0283688,0.146577
"Tampa Port Authority, FL",2015126N27281,ANA,2015,334.3,-3,0,25,1,70,10,10.8143,0.0641678,0.103239,0.924703,0.945965,0.71055,0.621544,0,0.0101936,0.989806,0.615208,0.0390716,0.00777364
"Virginia, VA, Port of",2015126N27281,ANA,2015,12.4,0,0,48,4,70,22.75,23.7857,0.662465,1.05355,0.956456,0.920272,0.714376,0.628793,0.0315071,0.0319266,0.999567,0.628521,0.391084,0.0458753
"Baltimore, MD",2015167N27266,BILL,2015,408.7,-3,0,15,1,70,24,17.0286,0.205627,0.137833,1.4094,0.943628,1.12174,1.49185,0.0100435,0.0291216,0.980728,1.4631,-0.0677935,-0.0564284
"Beaumont, TX",2015167N27266,BILL,2015,278.8,0,0,50,3,70,10,12.7714,0.939034,0.934437,0.782998,1.30785,0.981326,1.00492,0,0.00875993,0.99124,0.996117,-0.00459741,0.202775
"Corpus Christi, TX",2015167N27266,BILL,2015,89.7,0,0,50,2,70,15,17.8143,0.45878,0.767723,0.842021,1.00862,0.70364,0.597585,0,0.0193748,0.980625,0.586007,0.308943,0.121284
"Galveston, TX",2015167N27266,BILL,2015,176.2,0,0,50,2,70,12,10.1857,0.37636,0.453666,1.17812,0.996697,0.706504,0.829598,0.00717074,0.0540031,0.952829,0.790465,0.0773056,-0.0808073
"Houston Port Authority, TX",2015167N27266,BILL,2015,156.1,0,0,50,3,70,61,72.8857,3.57878,3.42036,0.836927,1.1346,1.10188,1.04632,0.00853387,0.00579851,1.00276,1.0492,-0.158422,0.557769
"Lake Charles Harbor District, LA",2015167N27266,BILL,2015,319.1,0,0,50,2,70,6.5,8.45714,0.113968,0.292211,0.768581,1.00303,0.505919,0.39002,0.0378079,0.0410012,0.996681,0.388725,0.178243,0.0676231
"Port Arthur, TX",2015167N27266,BILL,2015,283.8,0,0,50,2,70,6,7.1,0.182687,0.287545,0.84507,1.36685,0.55003,0.635333,0,0.00320232,0.996798,0.633298,0.104858,0.0445492
"Port Freeport, TX",2015167N27266,BILL,2015,135.6,0,0,50,2,70,1,3.57143,0.00468575,0.0879027,0.28,0.314898,0.604572,0.0533061,0.508493,0.187499,1.65308,0.0881193,0.0832169,0.0632899
"Port of Greater Baton Rouge, LA",2015167N27266,BILL,2015,482.4,0,0,45,1,70,14,9.41429,0.220947,0.144974,1.4871,0.917973,1.11642,1.52405,0,0.0162582,0.983742,1.49927,-0.0759733,-0.0706172
"Texas City, TX",2015167N27266,BILL,2015,193.7,0,0,50,2,70,3,8.21429,0.130295,0.449544,0.365217,0.549728,1.44363,0.289838,0,0.00704694,0.992953,0.287796,0.319249,0.285363
"Virginia, VA, Port of",2015167N27266,BILL,2015,490,-3,0,15,1,70,25,23.0143,0.186292,0.249093,1.08628,0.882109,0.78049,0.74788,0,0.0317423,0.968258,0.724141,0.0628013,-0.0214922
"Baltimore, MD",2015193N35285,CLAUDETTE,2015,457.2,-3,0,25,1,70,22,17.0143,0.15044,0.136925,1.29303,0.902445,0.941566,1.0987,0.0460007,0.0214351,1.02575,1.127,-0.0135151,-0.0401232
"South Jersey Port Corp, NJ",2015193N35285,CLAUDETTE,2015,466.1,-3,0,25,1,70,10,12.9857,0.0916034,0.159263,0.770077,1.13603,0.657461,0.575169,0.0903613,0.098949,0.990559,0.569739,0.06766,0.0366183
"Virginia, VA, Port of",2015193N35285,CLAUDETTE,2015,185.6,-1,0,30,2,70,21,23.9429,0.48734,0.502863,0.877088,0.877536,1.25914,0.969131,0.0589903,0.0255936,1.03549,1.00353,0.0155228,0.0618077
"San Juan, PR",2015237N14315,ERIKA,2015,115.1,0,0,45,2,70,7,9.14286,0.0591878,0.098472,0.765625,0.401591,1.95488,0.601062,0,0.0381909,0.961809,0.578107,0.0392842,0.0230794
"Port Everglades, FL",2015313N22289,KATE,2015,425.2,0,1,55,2,70,11.5,17.3571,0.185549,0.265594,0.662551,1.15399,0.913729,0.698618,0.00195977,0.0152533,0.98668,0.689312,0.0800454,0.0896243
"Port of Palm Beach District, FL",2015313N22289,KATE,2015,419.4,0,1,55,2,70,6.5,5.14286,0.0492993,0.0361637,1.26389,1.49929,0.719402,1.36322,0.023528,0.0165831,1.00711,1.37292,-0.0131356,-0.00954321
"PortMiami, FL",2015313N22289,KATE,2015,438.5,0,1,53,2,70,11,15.4714,0.0605596,0.102764,0.710988,0.976427,0.84887,0.589309,0.00429232,0.0122841,0.991974,0.584579,0.0422041,0.0296999
"Baltimore, MD",2016148N27288,BONNIE,2016,461.4,-1,0,30,2,70,17,16.4714,0.207748,0.239756,1.03209,0.898411,0.934491,0.866499,0.0260698,0.0244726,1.00164,0.86792,0.0320077,-0.00769382
"Jacksonville, FL",2016148N27288,BONNIE,2016,228.4,0,0,40,4,70,12.5,12.6143,0.397484,0.395308,0.99094,1.10858,0.915313,1.0055,0.0413772,0.0407253,1.00068,1.00619,-0.00217608,0.00358149
"Philadelphia Regional Port, PA",2016148N27288,BONNIE,2016,496,-1,0,33,1,70,11,13.1714,0.123316,0.209154,0.835141,1.05551,0.668855,0.589593,0.0133949,0.00638823,1.0071,0.59378,0.0858381,0.0344809
"Port Everglades, FL",2016148N27288,BONNIE,2016,491,0,0,35,1,70,22,22.7714,0.231508,0.177036,0.966123,0.960815,1.40875,1.30769,0.0138893,0.0197564,0.99405,1.29991,-0.0544724,0.00599746
"Port of Charleston, SC",2016148N27288,BONNIE,2016,9.2,0,0,40,6,70,14.6667,14.9571,0.949058,0.945751,0.980579,0.966708,1.05861,1.0035,0.036346,0.036762,0.999568,1.00306,-0.00330704,0.018367
"Port of Palm Beach District, FL",2016148N27288,BONNIE,2016,441.5,0,0,40,2,70,3,5.41429,0.0201079,0.0389406,0.55409,0.746699,1.24807,0.516373,0,0.0177091,0.982291,0.507229,0.0188327,0.017364
"Port of Savannah, GA",2016148N27288,BONNIE,2016,102.2,0,0,40,5,70,16.8,16.4714,0.863531,0.702263,1.01995,1.02647,1.1745,1.22964,0.0282254,0.0338853,0.994176,1.22248,-0.161267,-0.0140087
"South Jersey Port Corp, NJ",2016148N27288,BONNIE,2016,445.6,0,0,35,2,70,13.5,13.8,0.348174,0.321858,0.978261,1.12723,0.98099,1.08176,0.172259,0.0846795,1.1058,1.19622,-0.0263158,0.00699691
"Tampa Port Authority, FL",2016148N27288,BONNIE,2016,436.7,0,0,40,2,70,6.5,9.47143,0.0776514,0.165109,0.686275,0.633686,1.08145,0.470303,0.0813903,0.0482237,1.03611,0.487283,0.0874579,0.051799
"Virginia, VA, Port of",2016148N27288,BONNIE,2016,203.9,0,0,35,5,70,25.4,21.7714,1.29477,1.25508,1.16667,1.04429,0.846744,1.03163,0.0302849,0.0248856,1.00557,1.03737,-0.0396927,-0.209179
"Baltimore, MD",2016158N22272,COLIN,2016,474.6,-4,0,50,1,70,23,16.9714,0.224411,0.126901,1.35522,0.944954,1.38089,1.7684,0.0168695,0.0238082,0.992942,1.75591,-0.0975101,-0.0450776
"Jacksonville, FL",2016158N22272,COLIN,2016,58.3,0,0,45,2,70,11,12.4857,0.193908,0.193048,0.881007,1.24166,0.918226,1.00446,0.0300933,0.0399249,0.989863,0.994277,-0.00086068,0.0229713
"Mobile, AL",2016158N22272,COLIN,2016,341,0,0,45,2,70,15,13.2,0.372956,0.404359,1.13636,0.968153,0.838357,0.922339,0.0173524,0.0093453,1.00815,0.929854,0.031403,-0.0551398
"New Orleans, LA",2016158N22272,COLIN,2016,438.2,0,0,45,1,70,37,37.0857,0.426202,0.445686,0.997689,0.885252,1.08274,0.956284,0,0.00355749,0.996443,0.952882,0.0194836,0.00103009
"New York, NY & NJ",2016158N22272,COLIN,2016,459,-4,0,50,2,70,44,38.7,1.48888,1.42944,1.13695,0.930349,0.98471,1.04159,0.00928686,0.0299951,0.979098,1.01982,-0.059448,-0.195763
"Philadelphia Regional Port, PA",2016158N22272,COLIN,2016,431.1,-4,0,50,2,70,15.5,13.5143,0.415726,0.447244,1.14693,1.00202,0.808817,0.929529,0,0.00608958,0.99391,0.923869,0.0315175,-0.0657155
"Plaquemines Port District, LA",2016158N22272,COLIN,2016,349.9,0,0,45,1,70,63,56.9286,0.955375,0.809684,1.10665,0.940046,1.13422,1.17994,0.0135468,0.0433382,0.969799,1.1443,-0.145691,-0.0863528
"Port of Charleston, SC",2016158N22272,COLIN,2016,132.2,0,0,48,1,70,14,14.6571,0.162703,0.153885,0.955166,1.16903,0.946878,1.0573,0,0.0356979,0.964302,1.01955,-0.00881725,0.00689935
"Port of Palm Beach District, FL",2016158N22272,COLIN,2016,459.2,0,0,45,1,70,7,5.34286,0.0170074,0.0200118,1.31016,0.828001,0.783423,0.849868,0.0289573,0.0184507,1.01082,0.859063,0.00300442,-0.00620688
"Port of Savannah, GA",2016158N22272,COLIN,2016,62.8,0,0,48,1,70,19,16.8286,0.171816,0.144984,1.12903,0.973933,1.07772,1.18507,0,0.0302601,0.96974,1.14921,-0.0268319,-0.0187077
"South Jersey Port Corp, NJ",2016158N22272,COLIN,2016,387,-4,0,50,2,70,17,13.9857,0.409178,0.31468,1.21553,1.08604,0.984996,1.3003,0.161899,0.0824306,1.09482,1.42359,-0.0944977,-0.0678217
"South Louisiana, LA, Port of",2016158N22272,COLIN,2016,471.5,0,0,45,1,70,42,38.4571,0.549528,0.612329,1.09212,0.902287,0.910727,0.89744,0,0.00123374,0.998766,0.896333,0.0628006,-0.0564107
"Tampa Port Authority, FL",2016158N22272,COLIN,2016,243.3,0,0,45,2,70,8,9.55714,0.175168,0.177578,0.83707,1.32864,0.886942,0.986426,0,0.038973,0.961027,0.947982,0.00241044,0.0289328
"Virginia, VA, Port of",2016158N22272,COLIN,2016,232.1,-4,0,50,1,70,23,22.0429,0.235516,0.255485,1.04342,0.967028,0.913602,0.921841,0.037345,0.0252395,1.01258,0.933433,0.0199684,-0.0110936
"New York, NY & NJ",2016240N31295,UNNAMED,2016,498.8,-1,-1,30,1,70,39,39.6143,0.612551,0.698885,0.984493,1.10865,0.803026,0.876468,0.0199396,0.0326901,0.98699,0.865066,0.0863344,0.0108374
"Philadelphia Regional Port, PA",2016240N31295,UNNAMED,2016,490.2,-1,-1,30,2,70,9,13.8,0.391938,0.492594,0.652174,1.0226,1.19305,0.795663,0.0047631,0.00447624,1.00029,0.795892,0.100655,0.171337
"Port of Charleston, SC",2016240N31295,UNNAMED,2016,477.2,-1,-1,30,1,70,21,15.3429,0.320021,0.192448,1.36872,1.02466,1.1857,1.6629,0.0274754,0.0186541,1.00907,1.67798,-0.127574,-0.0709584
"South Jersey Port Corp, NJ",2016240N31295,UNNAMED,2016,447.9,-1,-1,30,2,70,13.5,13.6857,0.19162,0.303278,0.98643,1.00313,0.638521,0.631829,0.037299,0.083789,0.951709,0.601317,0.111658,0.00411546
"Virginia, VA, Port of",2016240N31295,UNNAMED,2016,284.5,-1,-1,30,4,70,17.25,21.1,0.896988,0.949151,0.817536,1.24976,0.92495,0.945043,0.017177,0.0229575,0.994118,0.939484,0.0521628,0.173186
"Baltimore, MD",2016242N24279,HERMINE,2016,353.8,0,1,60,6,70,13.8333,17.9286,0.702236,0.828301,0.77158,1.11259,0.987595,0.847803,0.0318964,0.0210163,1.01124,0.857331,0.126065,0.1892
"Jacksonville, FL",2016242N24279,HERMINE,2016,160.6,1,1,70,3,70,8.66667,12.0143,0.184092,0.297291,0.721363,0.842431,1.01898,0.619232,0.00291277,0.0319064,0.970922,0.601226,0.113199,0.0828361
"Mobile, AL",2016242N24279,HERMINE,2016,368.4,1,1,70,2,70,11,12.8857,0.164367,0.300556,0.853659,0.982711,0.651899,0.546878,0.00628264,0.00742536,0.99885,0.546249,0.136188,0.0439838
"New Orleans, LA",2016242N24279,HERMINE,2016,498.2,0,1,63,1,70,27,39.7286,0.357282,0.471384,0.679612,1.157,0.963921,0.757943,0.00757292,0.00255859,1.00505,0.761772,0.114102,0.151026
"New York, NY & NJ",2016242N24279,HERMINE,2016,199.2,-4,1,55,4,70,31.75,40.1,1.8275,2.85502,0.791771,0.893079,0.905229,0.6401,0.0639423,0.0335704,1.03245,0.660869,1.02752,0.594499
"Philadelphia Regional Port, PA",2016242N24279,HERMINE,2016,234.8,-4,1,60,6,70,11.1667,12.8143,0.721413,1.40171,0.871423,0.9111,0.648233,0.514667,0.0224989,0.00571917,1.01717,0.523502,0.680294,0.180227
"Plaquemines Port District, LA",2016242N24279,HERMINE,2016,413.9,1,1,70,3,70,62.6667,67.6143,2.63706,2.8374,0.926826,0.952677,1.05258,0.929393,0.0287886,0.037868,0.990651,0.920705,0.20034,0.207625
"Port Everglades, FL",2016242N24279,HERMINE,2016,278.3,-1,1,30,2,70,16.5,20.2714,0.24935,0.276609,0.813953,0.923358,1.19943,0.901454,0.018565,0.0203124,0.99822,0.899849,0.0272588,0.0514621
"Port of Charleston, SC",2016242N24279,HERMINE,2016,15.5,1,1,65,2,70,13.5,15.3571,0.533036,0.385014,0.87907,1.15368,1.36513,1.38446,0.0247363,0.0180083,1.0069,1.39401,-0.148022,0.0465598
"Port of Palm Beach District, FL",2016242N24279,HERMINE,2016,334.1,1,1,70,6,70,6,5.44286,0.0990993,0.0856139,1.10236,1.06425,0.986636,1.15751,0.0204546,0.0214182,0.999016,1.15637,-0.0134853,-0.00876363
"Port of Savannah, GA",2016242N24279,HERMINE,2016,34.3,1,1,70,2,70,10,15.7143,0.148588,0.291468,0.636364,0.764065,1.04847,0.509792,0.0239999,0.0188075,1.00532,0.512504,0.14288,0.105988
"PortMiami, FL",2016242N24279,HERMINE,2016,220.9,-1,1,30,2,70,16.5,16.3286,0.117079,0.102899,1.0105,1.15766,0.972634,1.13781,0.021692,0.0108797,1.01105,1.15038,-0.01418,-0.0010803
"South Jersey Port Corp, NJ",2016242N24279,HERMINE,2016,214.6,0,1,60,6,70,13.1667,13.2571,0.965941,0.885697,0.993175,0.989629,1.1096,1.0906,0.0574973,0.0903096,0.965186,1.05263,-0.0802435,0.00604463
"Tampa Port Authority, FL",2016242N24279,HERMINE,2016,267.8,1,1,70,6,70,8.66667,10.4571,0.491842,0.653958,0.82878,1.16299,0.7803,0.7521,0,0.00571547,0.994285,0.747802,0.162116,0.111971
"Virginia, VA, Port of",2016242N24279,HERMINE,2016,142.2,0,1,60,6,70,17.3333,21.1714,1.21281,1.39449,0.818713,1.05293,1.00889,0.869713,0.0411287,0.0217708,1.02019,0.887271,0.181685,0.252803
"Baltimore, MD",2016257N27280,JULIA,2016,422.4,-4,0,25,2,70,20,17.1429,0.332204,0.273735,1.16667,0.955011,1.08923,1.2136,0.0317107,0.019096,1.01303,1.22941,-0.0584688,-0.0456225
"Jacksonville, FL",2016257N27280,JULIA,2016,18.5,0,0,45,7,70,12,12,0.656847,0.713084,1,0.909155,1.01318,0.921136,0.0218241,0.0356251,0.985891,0.90814,0.0562365,0
"Port Everglades, FL",2016257N27280,JULIA,2016,130.2,0,0,45,2,70,19.5,21.0429,0.228772,0.323304,0.92668,0.797431,0.957568,0.707607,0.0300871,0.0178426,1.01262,0.71654,0.0945319,0.0237046
"Port of Charleston, SC",2016257N27280,JULIA,2016,125,0,0,45,9,70,16.5556,15.7429,1.97195,1.96316,1.05162,1.01881,0.937534,1.00448,0.0141119,0.0193392,0.994698,0.999155,-0.00879668,-0.101345
"Port of Palm Beach District, FL",2016257N27280,JULIA,2016,73.7,0,0,45,2,70,6.5,5.82857,0.0302523,0.0303643,1.1152,0.939852,0.950572,0.996313,0.0523593,0.016489,1.03785,1.03403,0.00011196,-0.00349784
"Port of Savannah, GA",2016257N27280,JULIA,2016,51.9,0,0,45,8,70,17.25,16.2857,1.24078,1.17705,1.05921,0.942036,1.05645,1.05414,0.026614,0.0159255,1.01098,1.06571,-0.0637237,-0.069694
"PortMiami, FL",2016257N27280,JULIA,2016,190.3,0,0,45,2,70,18.5,16.6857,0.136965,0.125593,1.10873,1.04391,0.94223,1.09055,0.00593287,0.0112276,0.994674,1.08474,-0.0113726,-0.0136561
"South Jersey Port Corp, NJ",2016257N27280,JULIA,2016,467.1,-4,0,25,2,70,21,12.8714,0.471038,0.286552,1.63152,1.05875,0.951626,1.64381,0.102918,0.0784881,1.02723,1.68858,-0.184486,-0.180963
"Tampa Port Authority, FL",2016257N27280,JULIA,2016,147.6,0,0,45,3,70,12.6667,10.0857,0.3808,0.31942,1.2559,0.959254,0.989567,1.19216,0.00880049,0.00459802,1.00424,1.19721,-0.0613795,-0.0817402
"Virginia, VA, Port of",2016257N27280,JULIA,2016,145.6,-3,0,30,3,70,20,19.7,0.631324,0.637509,1.01523,1.01449,0.961508,0.990298,0.0154844,0.0229229,0.992445,0.982816,0.00618527,-0.00970826
"Jacksonville, FL",2016273N13300,MATTHEW,2016,93.5,4,5,115,2,70,3,12.3143,0.028509,0.204848,0.243619,1.11429,0.512671,0.139172,0,0.0432391,0.956761,0.133154,0.176339,0.154943
"Port Everglades, FL",2016273N13300,MATTHEW,2016,156.8,4,5,120,2,70,6.5,19.5857,0.0655401,0.278028,0.331875,0.673952,1.05394,0.235732,0.00265487,0.0221211,0.980482,0.231131,0.212488,0.185757
"Port of Charleston, SC",2016273N13300,MATTHEW,2016,50.1,3,5,105,3,70,3.33333,16.2571,0.280592,0.708331,0.205038,1.55042,1.24611,0.396131,0.00597219,0.0280101,0.97783,0.387348,0.427739,0.563096
"Port of Palm Beach District, FL",2016273N13300,MATTHEW,2016,122.2,4,5,120,3,70,2,6.44286,0.0134133,0.0490264,0.310421,1.17873,0.747719,0.273592,0.00653067,0.0126709,0.993819,0.271902,0.0356131,0.0338076
"Port of Savannah, GA",2016273N13300,MATTHEW,2016,58.7,3,5,108,3,70,1,16.6429,0,0.455961,0.0600858,0,,0,0,0.0210719,0.978928,0,0.455961,0.428565
"PortMiami, FL",2016273N13300,MATTHEW,2016,191.5,4,5,120,2,70,10,18.5714,0.0771749,0.136597,0.538462,1.00331,1.04579,0.564983,0,0.016674,0.983326,0.555563,0.0594219,0.0630447
"San Juan, PR",2016273N13300,MATTHEW,2016,469.7,1,5,68,1,70,7,8.97143,0.0740972,0.0428336,0.780255,0.965274,2.29684,1.72989,0.0321197,0.0201242,1.01239,1.75133,-0.0312636,0.00941247
"Tampa Port Authority, FL",2016273N13300,MATTHEW,2016,228.7,4,5,120,3,70,9,10.9571,0.278839,0.339802,0.821382,1.07435,0.929895,0.820591,0,0.00677303,0.993227,0.815033,0.0609636,0.0606948
"Virginia, VA, Port of",2016273N13300,MATTHEW,2016,240,1,5,70,2,70,15,19.7571,0.388577,0.406343,0.759219,1.23873,1.01681,0.956279,0.0140302,0.0238089,0.990082,0.946795,0.0177658,0.0978396
"Baltimore, MD",2017171N24271,CINDY,2017,172.6,-3,0,25,1,70,11,15.9857,0.0823476,0.136825,0.688114,0.814811,1.07341,0.601845,0,0.0188859,0.981114,0.590478,0.0544777,0.0426739
"Beaumont, TX",2017171N24271,CINDY,2017,42.3,0,0,50,3,70,10.6667,14.7571,0.95973,1.03213,0.722814,1.08437,1.18634,0.929854,0,0.000715055,0.999285,0.929189,0.0724001,0.286092
"Corpus Christi, TX",2017171N24271,CINDY,2017,404.9,0,0,48,2,70,14,18.6143,0.634732,0.825598,0.752111,1.03038,0.992072,0.768814,0.0234604,0.0225587,1.00092,0.769524,0.190867,0.204657
"Galveston, TX",2017171N24271,CINDY,2017,123.1,0,0,50,3,70,7.33333,11.2143,0.405921,0.714,0.653928,1.06674,0.814997,0.568516,0.0170022,0.059757,0.956506,0.543789,0.308079,0.247096
"Houston Port Authority, TX",2017171N24271,CINDY,2017,160.9,0,0,50,3,70,62.6667,72,3.06954,3.65133,0.87037,0.960679,1.0054,0.840663,0.00293185,0.00127213,1.00166,0.842063,0.58179,0.47332
"Lake Charles Harbor District, LA",2017171N24271,CINDY,2017,41.1,0,0,50,3,70,7.33333,8.98571,0.447727,0.456756,0.81611,1.0528,1.14086,0.980232,0.0140233,0.0459477,0.967621,0.948494,0.00902909,0.0839927
"New Orleans, LA",2017171N24271,CINDY,2017,354.3,0,0,50,4,70,41,43.6429,1.97329,2.07496,0.939444,1.0165,0.995871,0.951005,0.00337652,0.000564251,1.00282,0.953689,0.101662,0.125652
"New York, NY & NJ",2017171N24271,CINDY,2017,430.9,-3,0,25,1,70,25,36.9571,0.441398,0.689531,0.676459,0.880464,1.07479,0.640142,0.015529,0.0255407,0.98983,0.633632,0.248133,0.223091
"Philadelphia Regional Port, PA",2017171N24271,CINDY,2017,324.9,-3,0,25,1,70,8,12.1143,0.152176,0.21631,0.660377,0.695706,1.53127,0.703508,0,0.0072363,0.992764,0.698417,0.0641342,0.0734637
"Plaquemines Port District, LA",2017171N24271,CINDY,2017,347,0,0,50,3,70,50,65.3571,2.55084,2.70457,0.765027,1.33523,0.923321,0.943159,0.0188998,0.0427303,0.97571,0.92025,0.15373,0.6355
"Port Arthur, TX",2017171N24271,CINDY,2017,24.9,0,0,50,3,70,7.33333,7.32857,0.374138,0.489622,1.00065,1.00239,0.761817,0.764138,0,0.00356858,0.996431,0.761411,0.115483,-0.000318143
"Port Freeport, TX",2017171N24271,CINDY,2017,186.2,0,0,50,3,70,3.66667,5.91429,0.190706,0.318382,0.619968,1.14891,0.840928,0.598984,0,0.0130013,0.986999,0.591197,0.127676,0.120995
"Port of Greater Baton Rouge, LA",2017171N24271,CINDY,2017,239.6,0,0,50,3,70,15.6667,12.8857,0.536291,0.552098,1.21582,0.907571,0.88031,0.971369,0.00927224,0.000400558,1.00895,0.980068,0.0158069,-0.119152
"South Jersey Port Corp, NJ",2017171N24271,CINDY,2017,315.5,-3,0,25,1,70,7,13.3571,0.0699146,0.148548,0.524064,0.608727,1.47534,0.470652,0,0.0766584,0.923342,0.434572,0.0786339,0.0706995
"South Louisiana, LA, Port of",2017171N24271,CINDY,2017,306.5,0,0,50,4,70,51.25,45.8,2.95554,2.97452,1.119,1.01716,0.872979,0.993619,0.00361153,0.00161752,1.002,0.995608,0.01898,-0.353955
"Texas City, TX",2017171N24271,CINDY,2017,121.9,0,0,50,3,70,7.33333,7.28571,0.611353,0.648638,1.00654,0.936722,0.999654,0.942519,0,0.0149255,0.985074,0.928451,0.0372845,-0.00423946
"Virginia, VA, Port of",2017171N24271,CINDY,2017,293.6,-3,0,25,1,70,25,25.7143,0.182189,0.319372,0.972222,0.617915,0.94958,0.57046,0.0171173,0.0211842,0.995862,0.5681,0.137183,0.00887144
"Jacksonville, FL",2017212N28275,EMILY,2017,277.2,0,0,50,4,68,9.75,10.2353,0.239155,0.304017,0.952586,0.87303,0.945907,0.78665,0.0245471,0.0343828,0.989917,0.778718,0.0648621,0.0144146
"Mobile, AL",2017212N28275,EMILY,2017,363.1,0,0,38,2,68,12,12.1912,0.196388,0.216093,0.984318,0.98678,0.935659,0.908812,0,0.0117422,0.988258,0.89814,0.0197052,0.00338868
"New Orleans, LA",2017212N28275,EMILY,2017,484,-1,0,30,1,68,44,41.1029,0.496208,0.495679,1.07048,1.06789,0.875702,1.00107,0,0.00253259,0.997467,0.998532,-0.000529224,-0.0349369
"Plaquemines Port District, LA",2017212N28275,EMILY,2017,412.1,-1,0,33,1,68,75,62.5882,1.03315,0.885135,1.19831,1.10706,0.879857,1.16722,0.0459588,0.0473449,0.998547,1.16552,-0.148011,-0.17553
"Port Everglades, FL",2017212N28275,EMILY,2017,164.6,0,0,50,2,68,13.5,18.3676,0.218877,0.235099,0.734988,1.07392,1.17949,0.931001,0,0.0140559,0.985944,0.917915,0.0162216,0.062304
"Port of Charleston, SC",2017212N28275,EMILY,2017,316.5,-1,0,30,2,68,15,14.6471,0.426007,0.344221,1.0241,1.02983,1.17348,1.2376,0.0356064,0.0278076,1.00809,1.2476,-0.0817857,-0.00829448
"Port of Palm Beach District, FL",2017212N28275,EMILY,2017,105.6,0,0,50,3,68,5.66667,4.5,0.0715855,0.0442798,1.25926,1.5013,0.855141,1.61666,0.0177637,0.0214612,0.996236,1.61058,-0.0273057,-0.01148
"Port of Savannah, GA",2017212N28275,EMILY,2017,326.3,-1,0,30,2,68,16,14.8235,0.329573,0.293187,1.07937,0.916775,1.13599,1.12411,0,0.0217913,0.978209,1.09961,-0.036386,-0.0232688
"PortMiami, FL",2017212N28275,EMILY,2017,223.3,0,0,50,2,68,12,16.2353,0.064762,0.12842,0.73913,1.09208,0.624756,0.504297,0.0111553,0.0154019,0.995705,0.502131,0.0636585,0.033501
"Tampa Port Authority, FL",2017212N28275,EMILY,2017,47.5,0,0,50,3,68,11.6667,10,0.364234,0.350007,1.16667,1.1325,0.787618,1.04064,0,0.00691355,0.993086,1.03345,-0.014226,-0.0583346
"San Juan, PR",2017224N22293,GERT,2017,448.8,-3,2,25,1,70,11,5.8,0.0797039,0.0337353,1.89655,0.567863,2.19375,2.36263,0,0.154803,0.845197,1.99689,-0.0459687,-0.0302454
"Beaumont, TX",2017228N14314,HARVEY,2017,63.9,4,4,115,7,70,12.4286,15.7857,2.56885,2.91174,0.78733,1.2335,0.908425,0.88224,0,0.00305412,0.996946,0.879546,0.342886,0.619238
"Corpus Christi, TX",2017228N14314,HARVEY,2017,57.3,4,4,115,7,70,1.28571,17.9714,0.138485,3.01978,0.0715421,1.06022,0.604603,0.0458593,0.0285823,0.0148574,1.01413,0.0465073,2.8813,2.80374
"Galveston, TX",2017228N14314,HARVEY,2017,103,4,4,115,7,70,2,11.3286,0.267996,1.62947,0.176545,1.60179,0.581596,0.164468,0.0190881,0.0531565,0.965269,0.158755,1.36148,1.3418
"Houston Port Authority, TX",2017228N14314,HARVEY,2017,165.9,4,4,115,7,70,12.4286,77.8,1.13188,8.69757,0.15975,0.806818,1.00968,0.130137,0.0227003,0.000882862,1.02232,0.133043,7.5657,7.30813
"Lake Charles Harbor District, LA",2017228N14314,HARVEY,2017,19.2,4,4,115,7,70,5.42857,10.2,0.326686,1.24639,0.532213,0.60395,0.815436,0.262106,0.0291912,0.0454531,0.983249,0.257715,0.919705,0.583046
"Mobile, AL",2017228N14314,HARVEY,2017,397.1,0,4,38,3,70,13,12.9857,0.219345,0.461577,1.0011,1.02948,0.461093,0.475207,0.0157076,0.00949277,1.00631,0.478208,0.242232,-0.000507786
"New Orleans, LA",2017228N14314,HARVEY,2017,283.3,0,4,45,4,70,34.75,40.8714,2.15007,2.03018,0.850227,0.960522,1.29681,1.05905,0.00481289,0.00169272,1.00314,1.06237,-0.11989,0.304066
"Plaquemines Port District, LA",2017228N14314,HARVEY,2017,367.4,0,4,45,3,70,63,72.7143,2.39547,2.88916,0.866405,0.888267,1.07735,0.829124,0.0275332,0.0349598,0.992363,0.822792,0.493687,0.385978
"Port Arthur, TX",2017228N14314,HARVEY,2017,41.7,4,4,115,7,70,5.57143,7.24286,1.38478,0.973917,0.769231,1.14092,1.62013,1.42187,0,0.00309826,0.996902,1.41747,-0.410868,0.22475
"Port Freeport, TX",2017228N14314,HARVEY,2017,90.9,4,4,115,7,70,0.571429,6,0.00688421,0.742194,0.0952381,0.213075,0.457082,0.00927549,0.116291,0.0306448,1.09692,0.0101744,0.735309,0.671508
"Port of Greater Baton Rouge, LA",2017228N14314,HARVEY,2017,156,0,4,45,5,70,16.2,15.1714,1.16705,1.07647,1.0678,0.918482,1.10542,1.08415,0.00391273,0.000590549,1.00334,1.08776,-0.0905809,-0.0729813
"South Louisiana, LA, Port of",2017228N14314,HARVEY,2017,245.6,0,4,45,4,70,53.5,51.4429,2.65351,3.32471,1.03999,1.02161,0.751194,0.798117,0.00371654,0.00335439,1.00036,0.798408,0.6712,-0.132951
"Texas City, TX",2017228N14314,HARVEY,2017,120.3,4,4,115,7,70,1.14286,7.6,0.12441,1.54655,0.150376,0.667481,0.801448,0.0804438,0,0.0204028,0.979597,0.0788025,1.42214,1.31398
"Baltimore, MD",2017240N31279,UNNAMED,2017,455.2,-4,-3,40,1,70,21,16.9857,0.145496,0.134252,1.23633,0.877054,0.999468,1.08375,0,0.0187354,0.981265,1.06345,-0.0112442,-0.0317282
"Jacksonville, FL",2017240N31279,UNNAMED,2017,100.5,-3,-3,35,3,70,9,10.6857,0.218786,0.245541,0.842246,0.961508,1.10028,0.891036,0.0121,0.0294475,0.98244,0.87539,0.026755,0.0387351
"Port of Charleston, SC",2017240N31279,UNNAMED,2017,68.7,-3,-3,40,3,70,12,14.6714,0.35173,0.480845,0.817916,0.927906,0.963809,0.731482,0.0256394,0.022746,1.00297,0.733654,0.129115,0.0875541
"Port of Palm Beach District, FL",2017240N31279,UNNAMED,2017,446.3,-3,-3,35,2,70,4,5,0.0273931,0.0362201,0.8,0.996989,0.948226,0.756297,0.0104132,0.0291644,0.981052,0.741966,0.00882696,0.00724401
"Port of Savannah, GA",2017240N31279,UNNAMED,2017,93.2,-3,-3,38,3,70,12.3333,15.9571,0.456756,0.466125,0.772904,1.06784,1.18727,0.9799,0.0170666,0.0215119,0.995478,0.975469,0.00936907,0.105855
"South Jersey Port Corp, NJ",2017240N31279,UNNAMED,2017,468.6,-4,-3,40,1,70,19,13.2286,0.163646,0.161226,1.43629,0.783932,0.90147,1.01501,0,0.0653919,0.934608,0.948636,-0.00241992,-0.0703407
"Tampa Port Authority, FL",2017240N31279,UNNAMED,2017,349.2,-3,-3,35,2,70,9,10.9,0.211041,0.255222,0.825688,1.12725,0.888411,0.826893,0.142714,0.0105869,1.15412,0.954336,0.0441808,0.0444883
"Virginia, VA, Port of",2017240N31279,UNNAMED,2017,181.8,-3,-3,40,1,70,29,27.8429,0.361386,0.314523,1.04156,1.04845,1.05218,1.149,0,0.0195069,0.980493,1.12659,-0.0468634,-0.0130715
"Jacksonville, FL",2017242N16333,IRMA,2017,129.4,3,5,100,3,70,2,9.95714,0.00265659,0.221464,0.200861,0.980166,0.0609293,0.0119956,0,0.0354884,0.964512,0.0115699,0.218807,0.17698
"Mobile, AL",2017242N16333,IRMA,2017,338.4,0,5,48,2,70,9.5,12.7857,0.26028,0.285252,0.743017,1.15207,1.06595,0.912455,0,0.00791791,0.992082,0.90523,0.0249724,0.073305
"Port Everglades, FL",2017242N16333,IRMA,2017,124.3,4,5,130,3,70,0.333333,20.0714,0.00184323,0.462867,0.0166074,0.445672,0.538031,0.0039822,0,0.016161,0.983839,0.00391785,0.461024,0.45518
"Port of Charleston, SC",2017242N16333,IRMA,2017,403.1,0,5,50,2,70,6,14.6143,0.130116,0.298863,0.410557,1.1018,0.962457,0.435368,0.0132591,0.0257748,0.987316,0.429846,0.168748,0.176163
"Port of Palm Beach District, FL",2017242N16333,IRMA,2017,120.5,4,5,120,3,70,0,5.31429,0,0.0583023,0,,,0,0,0.0254707,0.974529,0,0.0583023,0.0583023
"Port of Savannah, GA",2017242N16333,IRMA,2017,261.8,1,5,65,2,70,0.5,15.9286,0.00253895,0.321292,0.0313901,0.152189,1.65416,0.00790232,0,0.0211141,0.978886,0.00773547,0.318753,0.311206
"PortMiami, FL",2017242N16333,IRMA,2017,120.5,5,5,145,3,70,9.33333,17.2143,0.130558,0.175268,0.542185,1.21238,1.13323,0.744908,0,0.0174642,0.982536,0.731899,0.0447093,0.0802402
"San Juan, PR",2017242N16333,IRMA,2017,87.6,5,5,155,2,70,1,5.37143,0,0.0681721,0.18617,0,,0,0.521838,0.355972,1.34688,0,0.0681721,0.0554805
"Tampa Port Authority, FL",2017242N16333,IRMA,2017,35.7,4,5,115,3,70,2,9.81429,0.0411457,0.356698,0.203785,0.255594,2.21463,0.115352,0,0.0164834,0.983517,0.11345,0.315552,0.284008
"New York, NY & NJ",2017247N09327,JOSE,2017,396.5,0,4,60,7,70,37.1429,35.2857,4.75632,4.51717,1.05263,1.02655,0.974421,1.05294,0.0143708,0.0221929,0.992064,1.04459,-0.239151,-0.237746
"Philadelphia Regional Port, PA",2017247N09327,JOSE,2017,423.1,0,4,60,5,70,11.6,12.0714,0.74243,1.15314,0.960947,1.09316,0.612899,0.643833,0,0.00391382,0.996086,0.641313,0.410711,0.0450339
"San Juan, PR",2017247N09327,JOSE,2017,296.3,4,4,120,2,70,6,5.41429,0.0274425,0.0704104,1.10818,0.367354,0.957396,0.389751,0.646252,0.364281,1.7971,0.700419,0.0429679,-0.00761696
"South Jersey Port Corp, NJ",2017247N09327,JOSE,2017,393.7,0,4,63,5,70,13.2,13.0429,0.594778,0.772834,1.01205,0.949316,0.801045,0.769607,0.0719897,0.0685713,1.00368,0.772442,0.178056,-0.00931125
"Virginia, VA, Port of",2017247N09327,JOSE,2017,418.4,1,4,65,2,70,29,27.2143,0.671457,0.615104,1.06562,0.99164,1.03303,1.09162,0.00981734,0.0247408,0.984929,1.07516,-0.056353,-0.0403612
"Baltimore, MD",2017260N12310,MARIA,2017,495.7,1,5,65,2,70,14,16.5286,0.230616,0.248772,0.847018,1.17783,0.929205,0.927018,0.0149963,0.0173591,0.997601,0.924794,0.018156,0.0380577
"New York, NY & NJ",2017260N12310,MARIA,2017,483.3,1,5,65,1,70,42,35.6,0.792926,0.653062,1.17978,1.00975,1.01921,1.21417,0.0110546,0.0230493,0.987871,1.19944,-0.139864,-0.117404
"Philadelphia Regional Port, PA",2017260N12310,MARIA,2017,454.7,1,5,65,2,70,15.5,12.1714,0.248464,0.429248,1.27347,0.833997,0.545005,0.578836,0,0.00266679,0.997333,0.577292,0.180784,-0.117388
"San Juan, PR",2017260N12310,MARIA,2017,28.4,5,5,150,4,70,1.25,6.07143,0.0100778,0.142678,0.205882,0.448063,0.765688,0.0706334,0.361968,0.478699,0.817046,0.0577107,0.1326,0.113303
"South Jersey Port Corp, NJ",2017260N12310,MARIA,2017,410.3,1,5,65,2,70,12.5,12.9714,0.167476,0.292903,0.963656,0.920954,0.644271,0.57178,0.071616,0.0756236,0.995683,0.569311,0.125427,0.0106451
"Virginia, VA, Port of",2017260N12310,MARIA,2017,347.9,1,5,65,3,70,31.3333,26.9143,0.957782,0.912722,1.16419,1.01234,0.890389,1.04937,0.0135245,0.0232165,0.990175,1.03906,-0.0450595,-0.14986
"Baltimore, MD",2017277N11279,NATE,2017,369.7,-4,1,25,1,70,21,16.7429,0.1368,0.1248,1.25427,0.973073,0.89812,1.09615,0.0216571,0.0189035,1.00281,1.09923,-0.0119995,-0.0317325
"Beaumont, TX",2017277N11279,NATE,2017,475.9,1,1,75,1,70,16,15.3,0.47239,0.425699,1.04575,0.825847,1.2849,1.10968,0.14004,0.000580425,1.16217,1.28964,-0.0466908,-0.0194764
"Lake Charles Harbor District, LA",2017277N11279,NATE,2017,395.8,1,1,78,2,70,10.5,12.0143,0.217103,0.381301,0.87396,0.783503,0.831506,0.569373,0.083717,0.0424333,1.04506,0.595027,0.164198,0.0480593
"Mobile, AL",2017277N11279,NATE,2017,70.4,1,1,80,2,70,4,12.7429,0.219931,0.259711,0.313901,1.40557,1.91933,0.846829,0,0.0079353,0.992065,0.840109,0.0397802,0.178187
"New Orleans, LA",2017277N11279,NATE,2017,80.1,1,1,80,2,70,29.5,36.1429,0.58762,0.987172,0.816206,1.14069,0.639347,0.595256,0,0.00220505,0.997795,0.593943,0.399552,0.181437
"New York, NY & NJ",2017277N11279,NATE,2017,325.7,-4,1,25,2,70,33,36.3857,0.999899,1.30455,0.906949,0.941073,0.898029,0.766473,0.0206403,0.0230066,0.997584,0.764621,0.304647,0.121389
"Philadelphia Regional Port, PA",2017277N11279,NATE,2017,356.4,-4,1,25,1,70,16,11.6143,0.311426,0.193612,1.37761,1.07281,1.08836,1.60851,0,0.00288321,0.997117,1.60387,-0.117814,-0.0731106
"Plaquemines Port District, LA",2017277N11279,NATE,2017,41.6,1,1,80,2,70,42,71.7571,1.21966,2.00613,0.585308,1.59627,0.650715,0.607969,0.0046694,0.0372701,0.967246,0.588056,0.786464,0.831926
"Port Arthur, TX",2017277N11279,NATE,2017,456.1,1,1,78,2,70,8.5,7.55714,0.500656,0.321701,1.12476,1.0723,1.29036,1.55628,0.0179789,0.00223681,1.01603,1.58122,-0.178955,-0.0401366
"Port of Greater Baton Rouge, LA",2017277N11279,NATE,2017,210.9,1,1,80,2,70,15,15.5714,0.487266,0.493461,0.963303,1.27047,0.806834,0.987445,0,0.0026016,0.997398,0.984876,0.00619532,0.0181087
"South Jersey Port Corp, NJ",2017277N11279,NATE,2017,406.1,-4,1,25,1,70,13,11.8714,0.156763,0.134866,1.09507,1.31035,0.810057,1.16236,0.030877,0.0908465,0.93812,1.09044,-0.0218972,-0.0128212
"South Louisiana, LA, Port of",2017277N11279,NATE,2017,126.7,1,1,80,2,70,47.5,54.8714,1.3481,1.53303,0.86566,1.25275,0.810887,0.879372,0,0.00210334,0.997897,0.877522,0.184926,0.205947
"Port Everglades, FL",2017301N18276,PHILIPPE,2017,391.2,0,0,35,2,70,20.5,21.2429,0.323282,0.334206,0.96503,1.01348,0.989029,0.967312,0.0131567,0.00932935,1.00388,0.971063,0.0109247,0.0116871
"Port of Palm Beach District, FL",2017301N18276,PHILIPPE,2017,449.5,-1,0,30,1,70,3,5.88571,0.0100154,0.0195409,0.509709,1.63061,0.616668,0.512536,0.00958821,0.0154448,0.994087,0.509505,0.0095255,0.00958075
"PortMiami, FL",2017301N18276,PHILIPPE,2017,331.3,0,0,35,2,70,18,18.8143,0.149506,0.12812,0.95672,1.06196,1.14855,1.16693,0,0.0084604,0.99154,1.15706,-0.0213869,0.00554504
"Jacksonville, FL",2018146N19273,ALBERTO,2018,412.3,0,0,55,3,70,11.6667,11.0714,0.392918,0.235172,1.05376,0.994476,1.59433,1.67077,0.0320977,0.0295858,1.0026,1.6751,-0.157746,-0.0126437
"Mobile, AL",2018146N19273,ALBERTO,2018,190,0,0,55,3,70,7.33333,11.1286,0.336677,0.291932,0.658964,0.98085,1.7843,1.15327,0,0.010517,0.989483,1.14114,-0.0447449,0.0995593
"New Orleans, LA",2018146N19273,ALBERTO,2018,384,0,0,55,2,70,33.5,38.0286,0.935885,0.919086,0.880917,1.06864,1.08168,1.01828,0.00465398,0.00122944,1.00344,1.02178,-0.0167984,0.109448
"Plaquemines Port District, LA",2018146N19273,ALBERTO,2018,344.5,0,0,55,3,70,53,64.3143,1.95794,2.69774,0.824078,0.886571,0.993384,0.72577,0.0208458,0.0385124,0.981957,0.712675,0.739801,0.474591
"Port Everglades, FL",2018146N19273,ALBERTO,2018,386.2,-2,0,45,1,70,16,22.1286,0.142952,0.172803,0.723047,0.978935,1.16874,0.827253,0.011324,0.0137552,0.997541,0.825219,0.0298511,0.0478583
"Port of Greater Baton Rouge, LA",2018146N19273,ALBERTO,2018,475.3,-1,0,30,1,70,13,14.6571,0.215991,0.207041,0.88694,0.922294,1.27531,1.04323,0,0.00847981,0.99152,1.03438,-0.00894959,0.0234082
"Port of Palm Beach District, FL",2018146N19273,ALBERTO,2018,388.4,-2,0,45,1,70,4,5.7,0.00643998,0.0214847,0.701754,0.971123,0.439841,0.299747,0,0.0179014,0.982099,0.294381,0.0150447,0.00640772
"Port of Savannah, GA",2018146N19273,ALBERTO,2018,490.2,-1,0,30,1,70,22,15.0286,0.19796,0.149893,1.46388,0.944156,0.955538,1.32068,0,0.0155557,0.984444,1.30013,-0.0480671,-0.0695319
"PortMiami, FL",2018146N19273,ALBERTO,2018,381.4,-2,0,45,1,70,14,15.4,0.042923,0.0574515,0.909091,1.07933,0.761424,0.747118,0,0.0142237,0.985776,0.736491,0.0145284,0.00522286
"South Louisiana, LA, Port of",2018146N19273,ALBERTO,2018,427.2,0,0,55,2,70,43.5,50.7,1.45439,1.58598,0.857988,1.01011,1.05812,0.917026,0.00184437,0.00128171,1.00056,0.917543,0.131595,0.225228
"Tampa Port Authority, FL",2018146N19273,ALBERTO,2018,235.6,0,0,55,3,70,13.3333,10.5857,0.554705,0.352852,1.25956,1.18743,1.0511,1.57206,0.00477524,0.0133399,0.991394,1.55853,-0.201853,-0.0915859
"San Juan, PR",2018186N10325,BERYL,2018,180.9,-3,1,35,2,70,7.5,7.01429,0.0922858,0.106108,1.06925,0.849542,0.957472,0.869738,0,0.0579896,0.94201,0.819302,0.0138218,-0.00734757
"Port of Charleston, SC",2018186N31292,CHRIS,2018,432.1,0,2,43,2,70,17,17.6714,0.329361,0.388634,0.962005,0.887569,0.992551,0.847485,0.0185733,0.0186252,0.999947,0.847441,0.0592723,0.0147662
"Virginia, VA, Port of",2018186N31292,CHRIS,2018,430,0,2,43,2,70,32.5,28.1714,0.626321,0.631253,1.15365,0.95839,0.897381,0.992188,0.0137426,0.0185281,0.995148,0.987374,0.00493142,-0.0969927
"Baltimore, MD",2018242N13343,FLORENCE,2018,212,-4,4,25,2,70,22.5,17.1857,0.39307,0.263897,1.30923,0.981389,1.15925,1.48948,0.0250407,0.0161267,1.00914,1.5031,-0.129173,-0.0816041
"Jacksonville, FL",2018242N13343,FLORENCE,2018,363.1,0,4,63,3,70,11.6667,12.9714,0.275502,0.325736,0.899413,1.06857,0.880027,0.845783,0.00849352,0.0267298,0.981607,0.830227,0.050234,0.0327649
"New York, NY & NJ",2018242N13343,FLORENCE,2018,155.5,-4,4,25,1,70,37,37.0429,0.514873,0.704944,0.998843,0.856281,0.85395,0.730375,0.0206452,0.0267421,0.993775,0.725828,0.190071,0.000815593
"Philadelphia Regional Port, PA",2018242N13343,FLORENCE,2018,205.5,-4,4,25,1,70,12,11.8286,0.254597,0.186637,1.01449,1.06116,1.26714,1.36413,0,0.00782651,0.992173,1.35345,-0.0679601,-0.00270489
"Port of Charleston, SC",2018242N13343,FLORENCE,2018,64.3,3,4,98,5,70,9.4,18.3714,0.605572,0.95878,0.511664,1.13056,1.09186,0.631607,0,0.0205092,0.979491,0.618653,0.353208,0.468206
"Port of Savannah, GA",2018242N13343,FLORENCE,2018,167.2,2,4,90,5,70,13,14.6571,0.662665,0.776562,0.88694,1.02922,0.934797,0.853332,0.0142321,0.0189133,0.995251,0.849279,0.113897,0.0877984
"South Jersey Port Corp, NJ",2018242N13343,FLORENCE,2018,246.3,-4,4,25,1,70,12,12.2429,0.130299,0.138292,0.980163,1.04337,0.921312,0.9422,0.125458,0.087548,1.04335,0.983043,0.00799326,0.00274324
"Virginia, VA, Port of",2018242N13343,FLORENCE,2018,307,3,4,98,6,70,21.8333,27.5714,1.23685,1.95955,0.791883,0.900122,0.885521,0.631191,0.0157515,0.0175751,0.998147,0.630022,0.722698,0.407816
"Beaumont, TX",2018246N22283,GORDON,2018,446.6,0,0,38,2,70,14,15.2571,0.793542,0.780499,0.917603,1.33233,0.831633,1.01671,0,0.000905961,0.999094,1.01579,-0.0130426,0.0643108
"Jacksonville, FL",2018246N22283,GORDON,2018,445.3,0,0,55,2,70,12,13.2143,0.226584,0.213674,0.908108,1.10232,1.05933,1.06042,0.0180702,0.0248806,0.993064,1.05307,-0.0129104,0.0196349
"Lake Charles Harbor District, LA",2018246N22283,GORDON,2018,395.4,0,0,60,2,70,12.5,10.5857,0.341143,0.335728,1.18084,0.942984,0.912547,1.01613,0.0179174,0.0370464,0.980522,0.996337,-0.00541504,-0.0607119
"Mobile, AL",2018246N22283,GORDON,2018,48.4,0,0,60,3,70,6,10.8714,0.0977234,0.310974,0.551905,0.933681,0.609833,0.314249,0.0357782,0.0205587,1.01578,0.319209,0.213251,0.139346
"New Orleans, LA",2018246N22283,GORDON,2018,141.5,0,0,60,3,70,37.6667,31.6429,1.22666,1.16159,1.19037,1.01575,0.873375,1.05602,0.00993173,0.00221133,1.0078,1.06425,-0.0650672,-0.221131
"Plaquemines Port District, LA",2018246N22283,GORDON,2018,147.6,0,0,60,3,70,56.3333,59.7571,2.43989,2.30304,0.942705,1.06884,1.05143,1.05942,0.0230834,0.0434691,0.979133,1.03731,-0.136851,0.131954
"Port Arthur, TX",2018246N22283,GORDON,2018,443.4,0,0,45,2,70,6.5,6.77143,0.364512,0.297894,0.959916,1.22129,1.04375,1.22363,0,0.00168925,0.998311,1.22156,-0.0666181,0.0119409
"Port Everglades, FL",2018246N22283,GORDON,2018,112,0,0,55,3,70,16,21.1571,0.314503,0.450682,0.756246,0.920002,1.00301,0.697839,0.021006,0.0156244,1.0055,0.701675,0.136179,0.109856
"Port of Greater Baton Rouge, LA",2018246N22283,GORDON,2018,209.8,0,0,60,4,70,14,12.9571,0.946462,0.895635,1.08049,1.01555,0.963057,1.05675,0,0.00771966,0.99228,1.04859,-0.0508269,-0.0720853
"Port of Palm Beach District, FL",2018246N22283,GORDON,2018,160,0,0,55,2,70,3.5,5.27143,0.0210097,0.039476,0.663957,1.21229,0.661211,0.532216,0,0.0170427,0.982957,0.523145,0.0184663,0.0132656
"PortMiami, FL",2018246N22283,GORDON,2018,60.2,0,0,55,3,70,9.33333,14.0286,0.0944684,0.177872,0.665309,1.13953,0.700533,0.531103,0.0115025,0.00827291,1.00327,0.532839,0.0834036,0.0595321
"South Louisiana, LA, Port of",2018246N22283,GORDON,2018,182.5,0,0,60,3,70,51.3333,48.4286,2.27599,2.31187,1.05998,0.95159,0.976025,0.984483,0.00529755,0.00147902,1.00384,0.988263,0.0358725,-0.138666
"Tampa Port Authority, FL",2018246N22283,GORDON,2018,173.2,0,0,60,2,70,6,8.95714,0.201883,0.200147,0.669856,0.937809,1.60567,1.00868,0,0.0167974,0.983203,0.991734,-0.00173672,0.0660771
"San Juan, PR",2018251N13325,ISAAC,2018,358.3,0,1,35,2,70,6.5,6.82857,0.225918,0.0999627,0.951883,1.13219,2.09706,2.26002,0,0.0149654,0.985035,2.2262,-0.125955,0.00480992
"San Juan, PR",2018265N08338,KIRK,2018,489.6,0,0,35,1,70,4,6.27143,0.0263476,0.0427258,0.637813,0.953656,1.01383,0.616668,0,0.0140757,0.985924,0.607988,0.0163781,0.0154747
"Baltimore, MD",2018280N18273,MICHAEL,2018,272.1,0,5,60,2,70,13,17.9429,0.183209,0.300291,0.724522,0.852811,0.987416,0.610105,0.023411,0.0181532,1.00538,0.61339,0.117082,0.0827236
"Jacksonville, FL",2018280N18273,MICHAEL,2018,289.4,5,5,140,2,70,14,12.1857,0.23417,0.199561,1.14889,1.10901,0.920963,1.17342,0.035106,0.0324901,1.00271,1.1766,-0.0346086,-0.0297119
"Mobile, AL",2018280N18273,MICHAEL,2018,254.1,5,5,140,2,70,12,10.6714,0.173564,0.169114,1.1245,0.998766,0.913817,1.02632,0.0373059,0.0336047,1.00384,1.03026,-0.00445067,-0.0210543
"New Orleans, LA",2018280N18273,MICHAEL,2018,377.9,5,5,140,1,70,29,34.2,0.347952,0.411278,0.847953,0.915122,1.09027,0.846026,0,0.00479888,0.995201,0.841966,0.0633263,0.0625335
"New York, NY & NJ",2018280N18273,MICHAEL,2018,305.5,-4,5,60,1,70,37,35.0857,0.763799,0.601934,1.05456,1.10702,1.08693,1.26891,0.0141319,0.0264394,0.987516,1.25307,-0.161865,-0.0328417
"Philadelphia Regional Port, PA",2018280N18273,MICHAEL,2018,282.8,-4,5,60,1,70,11,12.3143,0.194975,0.210694,0.893271,0.909518,1.13902,0.925392,0,0.00838211,0.991618,0.917636,0.0157194,0.0224871
"Plaquemines Port District, LA",2018280N18273,MICHAEL,2018,310.2,5,5,140,2,70,58.5,60.8,1.60693,1.62021,0.962171,1.09508,0.941292,0.9918,0.005657,0.0435209,0.961921,0.954033,0.0132859,0.0612909
"Port of Charleston, SC",2018280N18273,MICHAEL,2018,195.2,1,5,80,2,70,19.5,17.6571,0.411191,0.387374,1.10437,0.943777,1.01843,1.06148,0.018366,0.0184263,0.999939,1.06142,-0.0238172,-0.0404298
"Port of Savannah, GA",2018280N18273,MICHAEL,2018,193.7,5,5,140,2,70,12.5,14.6571,0.250509,0.303669,0.852827,0.945591,1.02296,0.824941,0.040328,0.017777,1.0235,0.844326,0.05316,0.044692
"South Jersey Port Corp, NJ",2018280N18273,MICHAEL,2018,242.7,-4,5,60,1,70,11,12.2429,0.0918956,0.12113,0.898483,0.909353,0.928538,0.758651,0.0520995,0.0785491,0.972097,0.737482,0.0292346,0.0122968
"South Louisiana, LA, Port of",2018280N18273,MICHAEL,2018,422.7,5,5,140,1,70,43,49.1857,0.553505,0.741958,0.874238,1.05898,0.805796,0.746006,0,0.00539014,0.99461,0.741985,0.188453,0.0933104
"Tampa Port Authority, FL",2018280N18273,MICHAEL,2018,384.4,5,5,140,3,70,6.66667,8.35714,0.281936,0.283944,0.797721,1.00633,1.23688,0.992928,0,0.0150265,0.984974,0.978007,0.00200818,0.057436
"Virginia, VA, Port of",2018280N18273,MICHAEL,2018,18.3,0,5,60,2,70,20.5,26.2286,0.509762,0.602721,0.78159,1.0702,1.01113,0.845769,0,0.0206192,0.979381,0.82833,0.0929582,0.13164
"Beaumont, TX",2019192N29274,BARRY,2019,130.5,1,1,65,4,70,10.25,14.6571,1.31622,1.56726,0.699318,1.05444,1.13891,0.839822,0,0.0019374,0.998063,0.838195,0.251041,0.471247
"Galveston, TX",2019192N29274,BARRY,2019,236.4,1,1,65,4,70,9.5,11.1571,0.89108,1.07037,0.851472,1.10014,0.888718,0.832498,0.0356067,0.0431325,0.992196,0.826001,0.179289,0.158979
"Houston Port Authority, TX",2019192N29274,BARRY,2019,245.6,1,1,65,4,70,64.5,66.3143,4.95484,4.80178,0.972641,0.961703,1.10315,1.03188,0.00323728,0.00242646,1.00081,1.03271,-0.15306,0.131371
"Lake Charles Harbor District, LA",2019192N29274,BARRY,2019,70.5,1,1,65,5,70,8,9.48571,0.662261,0.73386,0.843373,1.03298,1.03587,0.902435,0.0154449,0.0435692,0.971435,0.876657,0.0715989,0.114942
"Mobile, AL",2019192N29274,BARRY,2019,286.4,1,1,65,5,70,10.8,10.0286,0.593464,0.417894,1.07692,1.10193,1.19672,1.42013,0.0176321,0.0180075,0.999618,1.41959,-0.175571,-0.0321457
"New Orleans, LA",2019192N29274,BARRY,2019,193.6,1,1,65,6,70,26.5,34.1857,1.8822,2.14178,0.775178,1.20194,0.943209,0.878802,0.00238169,0.00188728,1.0005,0.879238,0.259579,0.48152
"Plaquemines Port District, LA",2019192N29274,BARRY,2019,158.7,1,1,65,5,70,51.4,69.7,3.36899,3.82129,0.737446,1.29988,0.919723,0.881636,0.0196789,0.0397179,0.979559,0.863614,0.452306,1.0033
"Port Arthur, TX",2019192N29274,BARRY,2019,122.4,1,1,65,4,70,2.75,6.74286,0.122312,0.554075,0.407839,1.11325,0.486203,0.220749,0,0.00455759,0.995442,0.219743,0.431764,0.328102
"Port Freeport, TX",2019192N29274,BARRY,2019,295.7,1,1,65,4,70,8,7.44286,0.673662,0.56459,1.07486,0.980967,1.13163,1.19319,0.0058305,0.022851,0.98288,1.17276,-0.109071,-0.042263
"Port of Greater Baton Rouge, LA",2019192N29274,BARRY,2019,122.2,1,1,65,6,70,5.33333,11.5,1.0737,1.34823,0.463768,1.18081,1.45425,0.79638,0,0.00246372,0.997536,0.794418,0.274526,0.722963
"South Louisiana, LA, Port of",2019192N29274,BARRY,2019,154.2,1,1,65,6,70,27.3333,32.8857,2.46645,2.88204,0.831161,1.10157,0.934702,0.855798,0,0.00111487,0.998885,0.854844,0.415595,0.4866
"Tampa Port Authority, FL",2019192N29274,BARRY,2019,412.3,-3,1,30,1,70,8,10.2,0.0914636,0.11685,0.784314,0.837673,1.19139,0.782744,0,0.00359325,0.996407,0.779931,0.0253864,0.0252029
"Texas City, TX",2019192N29274,BARRY,2019,228,1,1,65,4,70,6.25,6.95714,0.658904,0.807863,0.898357,0.923354,0.983257,0.815614,0.0487559,0.019843,1.03039,0.840404,0.148959,0.0821134
"Jacksonville, FL",2019204N25283,UNNAMED,2019,251.3,-1,-1,30,1,70,11,9.47143,0.0801376,0.0717543,1.16139,1.16099,0.828291,1.11683,0.0504824,0.0211133,1.03093,1.15138,-0.00838326,-0.0115803
"Port Everglades, FL",2019204N25283,UNNAMED,2019,95.5,-1,-1,30,2,70,21,22.0714,0.32008,0.320767,0.951456,1.00949,1.03891,0.99786,0.0300422,0.0149563,1.01555,1.01338,0.000686309,0.0155712
"Port of Charleston, SC",2019204N25283,UNNAMED,2019,491.8,-1,-1,30,1,70,17,17.4429,0.254168,0.248599,0.974611,1.01649,1.03202,1.0224,0.0794838,0.022657,1.06173,1.08552,-0.0055686,0.00631169
"Port of Palm Beach District, FL",2019204N25283,UNNAMED,2019,91.6,-1,-1,30,2,70,6,4.37143,0.0373535,0.0243942,1.37255,1.1188,0.997162,1.53125,0.0181409,0.0171904,1.00097,1.53273,-0.0129593,-0.00908802
"Port of Savannah, GA",2019204N25283,UNNAMED,2019,403.6,-1,-1,30,1,70,16,13.7143,0.164564,0.130415,1.16667,0.946487,1.14273,1.26185,0,0.0120668,0.987933,1.24662,-0.0341487,-0.0217358
"PortMiami, FL",2019204N25283,UNNAMED,2019,119.5,-1,-1,30,2,70,10,12.9714,0.128859,0.124187,0.770925,1.13823,1.18249,1.03762,0.0151105,0.019578,0.995464,1.03292,-0.00467231,0.0284481
"Tampa Port Authority, FL",2019204N25283,UNNAMED,2019,242.5,-1,-1,30,2,70,6.5,10.3,0.213111,0.221196,0.631068,0.906018,1.68506,0.963449,0.0144968,0.00242259,1.01225,0.975253,0.00808489,0.0816062
"Baltimore, MD",2019236N10314,DORIAN,2019,437.7,2,5,85,1,70,10,16.8857,0.0833204,0.145109,0.592217,1.19815,0.809218,0.574193,0.0296564,0.0247263,1.00508,0.57711,0.0617884,0.059173
"Jacksonville, FL",2019236N10314,DORIAN,2019,188.2,4,5,120,5,70,3.4,9.92857,0.156888,0.406819,0.342446,0.878889,1.28134,0.385647,0.00686231,0.0241501,0.982593,0.378934,0.24993,0.267505
"New York, NY & NJ",2019236N10314,DORIAN,2019,441.4,2,5,85,2,70,25,32.9286,1.20829,1.25464,0.759219,1.33462,0.950445,0.963057,0.0183991,0.030822,0.987344,0.950869,0.0463501,0.302094
"Philadelphia Regional Port, PA",2019236N10314,DORIAN,2019,421.8,2,5,85,2,70,7.5,10.0286,0.133677,0.274565,0.747863,1.08842,0.598128,0.486868,0.0360382,0.0146171,1.02222,0.497687,0.140888,0.0692279
"Port Everglades, FL",2019236N10314,DORIAN,2019,211.6,5,5,160,4,70,6.5,21.7,0.171778,0.581466,0.299539,0.785665,1.25531,0.295422,0.00161657,0.0161406,0.985452,0.291124,0.409688,0.407294
"Port of Charleston, SC",2019236N10314,DORIAN,2019,111.7,3,5,100,3,70,8.66667,17.0143,0.481974,0.798385,0.509376,1.04066,1.13884,0.603686,0.0488274,0.0210962,1.02915,0.621286,0.316411,0.391707
"Port of Palm Beach District, FL",2019236N10314,DORIAN,2019,199.2,5,5,160,5,70,2,4.45714,0.0214526,0.0642324,0.448718,0.564929,1.31752,0.333983,0,0.0187216,0.981278,0.327731,0.0427798,0.0354102
"Port of Savannah, GA",2019236N10314,DORIAN,2019,163.6,3,5,100,3,70,2.33333,14.5286,0.0374329,0.434642,0.160603,0.375928,1.42647,0.0861235,0.0447575,0.0124571,1.03381,0.0890356,0.397209,0.364837
"PortMiami, FL",2019236N10314,DORIAN,2019,242,5,5,160,4,70,9.75,12.9857,0.214004,0.234512,0.750825,1.13143,1.07422,0.912551,0.00223914,0.0111799,0.991039,0.904374,0.0205078,0.0584344
"San Juan, PR",2019236N10314,DORIAN,2019,80,1,5,78,2,70,6,6.74286,0.0527598,0.0698543,0.889831,0.756538,1.12195,0.755284,0,0.00853919,0.991461,0.748834,0.0170945,0.00769582
"South Jersey Port Corp, NJ",2019236N10314,DORIAN,2019,376.9,2,5,85,2,70,7.5,11.8,0.0802011,0.240849,0.635593,1.42487,0.367689,0.332993,0.0399458,0.170332,0.864189,0.287769,0.160648,0.087767
"Tampa Port Authority, FL",2019236N10314,DORIAN,2019,321.2,5,5,155,4,70,11.75,9.42857,0.477302,0.462434,1.24621,0.985739,0.840213,1.03215,0,0.00159695,0.998403,1.0305,-0.0148678,-0.113857
"Virginia, VA, Port of",2019236N10314,DORIAN,2019,184.2,2,5,93,3,70,17.3333,24.7286,0.48909,0.880201,0.700944,0.940717,0.842685,0.555658,0.0225172,0.0204566,1.00211,0.556829,0.391111,0.26323
"New York, NY & NJ",2019239N32287,ERIN,2019,494.6,-4,0,35,1,70,37,33.9714,0.802868,0.626022,1.08915,1.02443,1.14943,1.28249,0.0344893,0.0349076,0.999567,1.28194,-0.176846,-0.0558102
"South Jersey Port Corp, NJ",2019239N32287,ERIN,2019,463,-1,0,35,1,70,5,12,0.0790347,0.122459,0.416667,0.707556,2.18915,0.645396,0.142124,0.154535,0.985533,0.636059,0.0434246,0.0714346
"Virginia, VA, Port of",2019239N32287,ERIN,2019,400.1,-1,0,35,2,70,23.5,23.3857,0.544388,0.556577,1.00489,1.15055,0.845977,0.9781,0,0.0235629,0.976437,0.955053,0.012189,-0.00271999
"Corpus Christi, TX",2019246N24266,FERNAND,2019,365.4,0,0,45,2,70,16.5,16.2571,1.09567,0.795412,1.01494,1.026,1.32281,1.37749,0.0196194,0.00698996,1.01288,1.39523,-0.300256,-0.0118822
"Jacksonville, FL",2019256N23286,HUMBERTO,2019,370.3,1,3,75,2,70,10,8.8,0.270357,0.149873,1.13636,1.11603,1.42239,1.80391,0.0161399,0.0242076,0.9918,1.78911,-0.120484,-0.0204373
"Port Everglades, FL",2019256N23286,HUMBERTO,2019,339.8,1,3,70,3,70,24.3333,20.3286,0.452462,0.394857,1.197,1.03504,0.92489,1.14589,0.0144271,0.0132997,1.00114,1.1472,-0.0576042,-0.0777876
"Port of Charleston, SC",2019256N23286,HUMBERTO,2019,467.2,1,3,75,2,70,16.5,16.6143,0.548134,0.537331,0.993121,0.929066,1.10559,1.0201,0.0112653,0.0243834,0.986733,1.00657,-0.0108025,0.00369618
"Port of Palm Beach District, FL",2019256N23286,HUMBERTO,2019,316.6,1,3,73,3,70,4.66667,4.01429,0.0683926,0.0337531,1.16251,1.14944,1.51639,2.02626,0,0.0200202,0.97998,1.9857,-0.0346396,-0.00548537
"Port of Savannah, GA",2019256N23286,HUMBERTO,2019,439.4,1,3,75,2,70,14.5,14.1,0.255535,0.27559,1.02837,0.987728,0.912852,0.927229,0,0.0132565,0.986743,0.914937,0.020055,-0.00781817
"PortMiami, FL",2019256N23286,HUMBERTO,2019,373.1,1,3,65,3,70,11.3333,13.0286,0.130123,0.178013,0.869883,1.07979,0.778217,0.730973,0.0064046,0.00793601,0.998459,0.729847,0.0478903,0.0231625
"Tampa Port Authority, FL",2019256N23286,HUMBERTO,2019,435.7,1,3,68,2,70,9.5,10.0571,0.261098,0.224669,0.944602,0.917022,1.34163,1.16215,0,0.001598,0.998402,1.16029,-0.0364299,0.0124461
"San Juan, PR",2019260N13317,JERRY,2019,393,0,2,63,2,70,5.5,6.71429,0.0696593,0.0747983,0.819149,0.8511,1.33581,0.931295,0,0.00931429,0.990686,0.922621,0.005139,0.0135274
"Beaumont, TX",2019261N28264,IMELDA,2019,102.5,0,0,40,3,70,13,12.1143,0.928567,0.982307,1.07311,0.890564,0.989134,0.945292,0,0.00217101,0.997829,0.94324,0.0537397,-0.0718196
"Corpus Christi, TX",2019261N28264,IMELDA,2019,185.5,0,0,40,3,70,16.3333,17.0286,1.11456,1.35508,0.959172,0.844367,1.01557,0.822504,0.0133702,0.00638857,1.00708,0.828324,0.240521,0.0553247
"Galveston, TX",2019261N28264,IMELDA,2019,59.3,0,0,40,3,70,10.6667,10.3571,0.707771,0.794219,1.02989,0.925514,0.934933,0.891153,0.0363173,0.0459274,0.990028,0.882266,0.0864482,-0.0237353
"Houston Port Authority, TX",2019261N28264,IMELDA,2019,20.6,0,0,40,3,70,66.3333,64.1429,3.61446,3.5197,1.03415,1.06308,0.934088,1.02692,0,0.00197184,0.998028,1.0249,-0.0947558,-0.120198
"Lake Charles Harbor District, LA",2019261N28264,IMELDA,2019,178.4,0,0,40,3,70,6.66667,8.85714,0.222775,0.376479,0.752688,0.713642,1.10161,0.591732,0.0478167,0.0462742,1.00162,0.59269,0.153704,0.0931078
"New Orleans, LA",2019261N28264,IMELDA,2019,472.7,-1,0,30,2,70,38,30.0429,0.850971,0.742514,1.26486,0.964892,0.939051,1.14607,0.00895487,0.000875342,1.00815,1.15541,-0.108457,-0.196662
"Port Arthur, TX",2019261N28264,IMELDA,2019,128.9,0,0,40,3,70,5,6.04286,0.205019,0.323872,0.827423,1.02928,0.743293,0.633023,0,0.00447574,0.995524,0.63019,0.118854,0.0558929
"Port Freeport, TX",2019261N28264,IMELDA,2019,17.8,0,0,40,3,70,3.66667,6.57143,0.156815,0.409342,0.557971,0.760812,0.902426,0.38309,0,0.0170953,0.982905,0.37654,0.252528,0.180941
"Port of Greater Baton Rouge, LA",2019261N28264,IMELDA,2019,342.1,0,0,40,3,70,13.3333,11.2429,0.603432,0.556012,1.18594,0.860643,1.06331,1.08529,0,0.0020555,0.997944,1.08306,-0.0474201,-0.103384
"South Louisiana, LA, Port of",2019261N28264,IMELDA,2019,428.1,0,0,40,3,70,39.6667,37.1286,1.50194,1.61339,1.06836,0.977056,0.891814,0.930918,0.00590923,0.0013076,1.00463,0.935227,0.111457,-0.110291
"Texas City, TX",2019261N28264,IMELDA,2019,49.2,0,0,40,3,70,8,6.38571,0.682447,0.560542,1.2528,1.08512,0.895578,1.21748,0,0.0127931,0.987207,1.2019,-0.121905,-0.141703
"San Juan, PR",2019265N12301,KAREN,2019,76.2,0,0,40,3,70,6,6.74286,0.079313,0.109669,0.889831,0.94499,0.860058,0.723206,0,0.0120468,0.987953,0.714494,0.0303556,0.0120821
"New York, NY & NJ",2019282N35286,MELISSA,2019,458.4,-2,0,55,2,70,26.5,30.8286,0.896545,1.08745,0.859592,1.03041,0.930812,0.824449,0.0136471,0.0399815,0.973301,0.802438,0.190902,0.152686
"Philadelphia Regional Port, PA",2019282N35286,MELISSA,2019,494.5,-4,0,43,1,70,8,9.55714,0.237021,0.128108,0.83707,1.1021,2.00552,1.85016,0,0.0229487,0.977051,1.8077,-0.108913,0.0208727
"South Jersey Port Corp, NJ",2019282N35286,MELISSA,2019,448,-2,0,50,4,70,11.25,10.5,0.422724,0.412875,1.07143,0.871635,1.09633,1.02385,0.323371,0.182783,1.20778,1.23659,-0.0098483,-0.0294911
"Virginia, VA, Port of",2019282N35286,MELISSA,2019,290.6,-4,0,43,2,70,24,25.1,0.662966,0.58773,0.956175,1.05556,1.11762,1.12801,0.0372408,0.0219015,1.01593,1.14598,-0.0752365,0.0257571
"Baltimore, MD",2019291N22264,NESTOR,2019,238.9,-4,0,40,2,70,13,16.9429,0.179756,0.295149,0.767285,0.817204,0.971303,0.609034,0.0528752,0.0294089,1.02478,0.624124,0.115393,0.0686855
"Jacksonville, FL",2019291N22264,NESTOR,2019,239.1,-4,0,40,2,70,6.5,10.1429,0.0556458,0.173442,0.640845,0.53085,0.94309,0.320832,0.0170556,0.0255392,0.991369,0.318063,0.117796,0.0622926
"Mobile, AL",2019291N22264,NESTOR,2019,223.5,0,0,50,3,70,14,9.47143,0.415284,0.247581,1.47813,1.01211,1.12121,1.67736,0,0.00993029,0.99007,1.66071,-0.167702,-0.118376
"New Orleans, LA",2019291N22264,NESTOR,2019,320.3,0,0,50,2,70,31,28.4143,0.77192,0.754202,1.091,1.0277,0.912833,1.02349,0,0.00142594,0.998574,1.02203,-0.0177179,-0.0686327
"New York, NY & NJ",2019291N22264,NESTOR,2019,358.5,-4,0,40,2,70,28,30.4286,1.0551,1.06316,0.920188,1.10458,0.976384,0.992417,0.0360481,0.038301,0.997663,0.990098,0.00806199,0.0848529
"Philadelphia Regional Port, PA",2019291N22264,NESTOR,2019,286.2,-4,0,40,2,70,11,9.65714,0.195381,0.285055,1.13905,0.946959,0.635446,0.685415,0,0.0212343,0.978766,0.670861,0.089674,-0.0396379
"Plaquemines Port District, LA",2019291N22264,NESTOR,2019,235.8,0,0,50,2,70,46.5,50.3571,1.1469,1.42897,0.923404,0.947687,0.917161,0.802606,0.0341744,0.0470165,0.986703,0.791934,0.282069,0.109453
"Port of Charleston, SC",2019291N22264,NESTOR,2019,124.4,-4,0,40,1,70,15,15.2429,0.235732,0.231119,0.984067,1.01972,1.01643,1.01996,0.0703047,0.0269243,1.04666,1.06755,-0.00461313,0.00368231
"Port of Greater Baton Rouge, LA",2019291N22264,NESTOR,2019,447.1,0,0,50,2,70,11.5,11.2286,0.353913,0.365561,1.02417,1.07352,0.880546,0.968137,0.030491,0.0042205,1.0271,0.99437,0.0116478,-0.00883672
"Port of Savannah, GA",2019291N22264,NESTOR,2019,123.8,-4,0,40,2,70,15,13.7143,0.296361,0.27135,1.09375,1.0542,0.947219,1.09217,0,0.0171739,0.982826,1.07342,-0.0250114,-0.0254391
"South Jersey Port Corp, NJ",2019291N22264,NESTOR,2019,235.8,-4,0,40,2,70,13.5,11.2571,0.322437,0.236384,1.19924,0.958267,1.18696,1.36404,0.14519,0.181368,0.957676,1.30631,-0.0860529,-0.0470969
"South Louisiana, LA, Port of",2019291N22264,NESTOR,2019,357.3,0,0,50,2,70,39,36.4714,1.18813,1.16467,1.06933,1.16356,0.819899,1.02014,0,0.001891,0.998109,1.01821,-0.0234567,-0.0807467
"Tampa Port Authority, FL",2019291N22264,NESTOR,2019,388.6,0,0,50,2,70,9,7.77143,0.242377,0.186276,1.15809,1.1626,0.966413,1.30117,0,0.000721225,0.999279,1.30023,-0.0561007,-0.0294481
"Virginia, VA, Port of",2019291N22264,NESTOR,2019,35.1,-4,0,40,2,70,32.5,24.5571,0.655027,0.60744,1.32344,0.901066,0.904261,1.07834,0.017464,0.0214858,0.995907,1.07393,-0.047587,-0.196473
"Beaumont, TX",2019299N25265,OLGA,2019,317,0,0,45,2,70,9.5,11.6,0.59393,0.64458,0.818966,0.894273,1.25812,0.921422,0,0.00235027,0.99765,0.919257,0.0506496,0.116691
"Corpus Christi, TX",2019299N25265,OLGA,2019,434.2,0,0,43,1,70,16,16.9,0.662595,0.482937,0.946746,1.21125,1.19643,1.37201,0.016106,0.0081407,1.0081,1.38312,-0.179658,0.0257185
"Galveston, TX",2019299N25265,OLGA,2019,330.5,0,0,45,2,70,10,10.6286,0.539901,0.543702,0.94086,1.04265,1.01225,0.993008,0.0386844,0.0436305,0.994855,0.987899,0.0038015,0.0321544
"Houston Port Authority, TX",2019299N25265,OLGA,2019,410,0,0,45,2,70,55.5,62.9143,1.94226,2.37377,0.882153,0.963727,0.962433,0.818217,0.00984927,0.00217158,1.00775,0.824561,0.431511,0.279742
"Lake Charles Harbor District, LA",2019299N25265,OLGA,2019,240.3,0,0,45,2,70,10,7.94286,0.327499,0.223173,1.25899,1.16938,0.996755,1.46746,0.0512382,0.0493747,1.00196,1.47035,-0.104326,-0.0578002
"Mobile, AL",2019299N25265,OLGA,2019,214,-4,0,45,1,70,11,9.58571,0.0766893,0.0822329,1.14754,1.06269,0.764744,0.932587,0,0.00749436,0.992506,0.925598,0.00554359,-0.0121327
"New Orleans, LA",2019299N25265,OLGA,2019,57.1,-4,0,45,1,70,25,27.8,0.399795,0.367633,0.899281,1.17753,1.02697,1.08748,0,0.00109949,0.998901,1.08629,-0.0321621,0.0370278
"Plaquemines Port District, LA",2019299N25265,OLGA,2019,128,0,0,45,2,70,48,50.1571,1.20413,1.46212,0.956992,1.10233,0.780673,0.823551,0.0321438,0.0458753,0.985813,0.811867,0.25799,0.0628823
"Port Arthur, TX",2019299N25265,OLGA,2019,291.6,0,0,45,2,70,5.5,5.47143,0.140825,0.172763,1.00522,1.06721,0.759834,0.815135,0,0.000906743,0.999093,0.814396,0.0319379,-0.000902159
"Port Freeport, TX",2019299N25265,OLGA,2019,377.9,0,0,45,2,70,8.5,6.92857,0.472676,0.285897,1.2268,1.02394,1.31615,1.65331,0,0.013839,0.986161,1.63043,-0.186779,-0.0648426
"Port of Greater Baton Rouge, LA",2019299N25265,OLGA,2019,83.8,0,0,45,2,70,9,11.0571,0.332816,0.368742,0.813953,1.10546,1.00308,0.902571,0,0.00417032,0.99583,0.898807,0.0359262,0.0686031
"South Louisiana, LA, Port of",2019299N25265,OLGA,2019,9.2,0,0,45,2,70,31,36.1143,0.790195,1.17034,0.858386,1.0701,0.735044,0.675184,0,0.00160813,0.998392,0.674098,0.380145,0.165736
"Texas City, TX",2019299N25265,OLGA,2019,345,0,0,45,2,70,10,6.02857,0.520299,0.374956,1.65877,0.985112,0.849183,1.38763,0,0.0126791,0.987321,1.37003,-0.145343,-0.247009
"Baltimore, MD",2020138N28281,ARTHUR,2020,456.1,0,0,50,2,70,16,16.5429,0.396755,0.296121,0.967185,1.12609,1.23018,1.33984,0.00626918,0.0172048,0.988995,1.3251,-0.100634,0.00971727
"Jacksonville, FL",2020138N28281,ARTHUR,2020,384.3,0,0,40,3,70,6.66667,7.94286,0.16311,0.206906,0.839329,0.844503,1.11217,0.788327,0.0208914,0.0266636,0.994105,0.78368,0.0437965,0.0332439
"New York, NY & NJ",2020138N28281,ARTHUR,2020,490.5,0,0,50,1,70,31,27.3571,0.480576,0.44761,1.13316,0.873722,1.08442,1.07365,0.0179523,0.0198396,0.998078,1.07159,-0.0329659,-0.0596034
"Philadelphia Regional Port, PA",2020138N28281,ARTHUR,2020,458.9,0,0,50,2,70,10,9.48571,0.209725,0.289084,1.05422,1.0103,0.681156,0.725481,0.0179697,0.0101113,1.008,0.731286,0.079359,-0.0156732
"Port Everglades, FL",2020138N28281,ARTHUR,2020,269.2,0,0,35,2,70,23,19.8143,0.258874,0.285566,1.16078,0.940521,0.830356,0.90653,0.0171637,0.00837046,1.00895,0.914641,0.0266919,-0.0459129
"Port of Charleston, SC",2020138N28281,ARTHUR,2020,299,0,0,45,2,70,11.5,15.0429,0.311917,0.407151,0.764482,1.08055,0.927408,0.766097,0.00744252,0.0292186,0.978061,0.74929,0.0952338,0.0958912
"Port of Palm Beach District, FL",2020138N28281,ARTHUR,2020,229.2,0,0,35,2,70,3,4.67143,0.00683827,0.0325147,0.642202,0.991142,0.330415,0.210314,0.00412405,0.0133582,0.990728,0.208363,0.0256764,0.0116337
"Port of Savannah, GA",2020138N28281,ARTHUR,2020,379,0,0,43,3,70,10.6667,11.6571,0.310588,0.342286,0.915033,0.986262,1.00547,0.907395,0,0.0126695,0.98733,0.895898,0.0316975,0.0290831
"PortMiami, FL",2020138N28281,ARTHUR,2020,320.2,0,0,35,2,70,13.5,12.4714,0.137183,0.103484,1.08247,1.12106,1.0924,1.32564,0.0362871,0.0108711,1.02637,1.36061,-0.033699,-0.00853475
"South Jersey Port Corp, NJ",2020138N28281,ARTHUR,2020,410.4,0,0,53,2,70,7.5,9.45714,0.108561,0.215364,0.793051,0.733628,0.866412,0.504083,0.041229,0.070736,0.969224,0.488569,0.106803,0.0445694
"Tampa Port Authority, FL",2020138N28281,ARTHUR,2020,358.3,0,0,35,2,70,9.5,10.3429,0.200376,0.209812,0.918508,0.868039,1.19782,0.955025,0,0.0020859,0.997914,0.953033,0.00943632,0.0170979
"Virginia, VA, Port of",2020138N28281,ARTHUR,2020,212.8,0,0,50,2,70,24.5,21.3571,0.472838,0.517495,1.14716,0.970194,0.820965,0.913705,0.0121236,0.0160135,0.996062,0.910107,0.0446573,-0.0761531
"Baltimore, MD",2020148N32281,BERTHA,2020,346.6,-4,0,20,1,70,19,16.3,0.207628,0.148776,1.16564,1.05749,1.13218,1.39558,0,0.0122422,0.987758,1.37849,-0.0588525,-0.0246438
"Jacksonville, FL",2020148N32281,BERTHA,2020,302,0,0,45,1,70,10,7.37143,0.066736,0.06677,1.35659,1.01083,0.728873,0.999491,0.0870015,0.0264699,1.0663,1.06576,3.40163e-05,-0.0238095
"Philadelphia Regional Port, PA",2020148N32281,BERTHA,2020,476.1,-4,0,20,1,70,6,9.08571,0.123887,0.136411,0.660377,0.970168,1.41755,0.908191,0,0.00745568,0.992544,0.90142,0.0125238,0.0463284
"Port of Charleston, SC",2020148N32281,BERTHA,2020,23.4,0,0,45,2,70,15.5,14.7714,0.424868,0.453368,1.04932,0.991418,0.900819,0.937138,0.0230764,0.0267447,0.996245,0.933619,0.0284998,-0.0223615
"Port of Savannah, GA",2020148N32281,BERTHA,2020,160.5,0,0,45,2,70,11.5,11.4286,0.179871,0.217759,1.00625,0.945979,0.867754,0.826008,0,0.0145292,0.985471,0.814007,0.0378883,-0.00136099
"South Jersey Port Corp, NJ",2020148N32281,BERTHA,2020,484.5,-4,0,20,1,70,6,8.91429,0.0349527,0.0942318,0.673077,0.286685,1.92227,0.370922,0,0.0703114,0.929689,0.344842,0.0592791,0.0308066
"Virginia, VA, Port of",2020148N32281,BERTHA,2020,424.3,-1,0,30,2,70,21.5,21.0143,0.508247,0.516586,1.02311,0.967676,0.993754,0.983858,0,0.011679,0.988321,0.972368,0.00833854,-0.0119401
"Beaumont, TX",2020154N19269,CRISTOBAL,2020,311.1,0,0,45,3,70,11,13.5143,0.729496,0.912047,0.813953,0.918124,1.0703,0.799844,0,0.00156575,0.998434,0.798592,0.182551,0.169683
"Galveston, TX",2020154N19269,CRISTOBAL,2020,415.9,0,0,45,2,70,10.5,10.2857,0.484378,0.455296,1.02083,1.03393,1.00797,1.06388,0.0246513,0.034921,0.989471,1.05267,-0.0290822,-0.00948534
"Houston Port Authority, TX",2020154N19269,CRISTOBAL,2020,424.5,0,0,35,1,70,47,53.1286,0.937514,0.913893,0.884646,1.06099,1.09295,1.02585,0,0.00172293,0.998277,1.02408,-0.0236218,0.105421
"Lake Charles Harbor District, LA",2020154N19269,CRISTOBAL,2020,247.5,0,0,45,3,70,5.33333,5.47143,0.177208,0.294314,0.974761,0.594976,1.03819,0.602105,0.0424293,0.0260484,1.01711,0.612405,0.117106,0.0074283
"Mobile, AL",2020154N19269,CRISTOBAL,2020,197.9,0,0,45,2,70,6,7.54286,0.142079,0.125573,0.795455,1.48397,0.9585,1.13144,0,0.0519048,0.948095,1.07272,-0.0165059,0.0256854
"New Orleans, LA",2020154N19269,CRISTOBAL,2020,31,0,0,45,2,70,23.5,30.5286,0.568823,0.594139,0.769771,1.32549,0.938323,0.957391,0,0.0093094,0.990691,0.948478,0.0253158,0.136788
"Plaquemines Port District, LA",2020154N19269,CRISTOBAL,2020,32.1,0,0,45,3,70,31.3333,48.3857,0.970223,1.81971,0.647574,1.12014,0.735033,0.533175,0.0232071,0.0773688,0.944551,0.503611,0.849484,0.641312
"Port Arthur, TX",2020154N19269,CRISTOBAL,2020,302.5,0,0,45,2,70,4,5.25714,0.15125,0.17211,0.76087,1.28517,0.89871,0.878798,0,0.00112077,0.998879,0.877813,0.0208602,0.0411568
"Port Freeport, TX",2020154N19269,CRISTOBAL,2020,475.8,0,0,35,1,70,8,5.85714,0.164055,0.108022,1.36585,0.883258,1.25889,1.51872,0.128297,0.0191045,1.12526,1.70896,-0.0560333,-0.0395201
"Port of Greater Baton Rouge, LA",2020154N19269,CRISTOBAL,2020,69.1,0,0,45,3,70,4.66667,8.58571,0.291522,0.515746,0.543539,1.13058,0.919825,0.565243,0,0.00658006,0.99342,0.561524,0.224224,0.235418
"South Louisiana, LA, Port of",2020154N19269,CRISTOBAL,2020,42.9,0,0,45,3,70,24.3333,29.9714,0.687725,1.14758,0.811884,1.17315,0.629192,0.599282,0,0.00384358,0.996156,0.596979,0.459856,0.215878
"Texas City, TX",2020154N19269,CRISTOBAL,2020,408.1,0,0,45,2,70,4.5,5.01429,0.316116,0.290388,0.897436,1.05923,1.14518,1.0886,0,0.00814279,0.991857,1.07974,-0.0257287,0.0297833
"Baltimore, MD",2020188N28271,FAY,2020,189.4,0,0,50,3,70,15,16.2,0.431214,0.443587,0.925926,0.925958,1.13383,0.972108,0.0169048,0.0225571,0.99425,0.966519,0.0123726,0.0328583
"Jacksonville, FL",2020188N28271,FAY,2020,308.7,-3,0,30,3,70,7,7.88571,0.190659,0.188323,0.887681,1.04751,1.08877,1.0124,0.0444201,0.0235933,1.02179,1.03447,-0.00233584,0.0211522
"Mobile, AL",2020188N28271,FAY,2020,267.5,-3,0,30,3,70,7.66667,7.14286,0.173941,0.193808,1.07333,0.97214,0.86014,0.897496,0.100473,0.0533506,1.05239,0.944512,0.0198661,-0.0142126
"New Orleans, LA",2020188N28271,FAY,2020,287.9,-3,0,30,2,70,30,28.0857,0.621562,0.634948,1.06816,1.03105,0.888852,0.978918,0.028643,0.00924599,1.01997,0.998466,0.0133862,-0.0432772
"New York, NY & NJ",2020188N28271,FAY,2020,24.7,0,0,50,2,70,28.5,30.6143,1.07414,1.04182,0.930938,1.03161,1.07358,1.03103,0.0117226,0.0305168,0.980983,1.01142,-0.0323252,0.0719501
"Philadelphia Regional Port, PA",2020188N28271,FAY,2020,63.3,0,0,50,3,70,7.66667,8.05714,0.333512,0.368872,0.951537,0.816222,1.16413,0.904139,0.00637417,0.0200685,0.986218,0.891678,0.0353604,0.0178768
"Plaquemines Port District, LA",2020188N28271,FAY,2020,198.5,-3,0,30,2,70,45.5,44.6857,1.0777,1.12632,1.01822,1.04681,0.897687,0.956831,0.0800593,0.0798283,1.00025,0.957071,0.0486226,-0.0205244
"Port of Charleston, SC",2020188N28271,FAY,2020,33.3,-3,0,35,4,70,12.75,15.0571,1.04827,0.983667,0.846774,1.0171,1.23735,1.06567,0.044666,0.0296389,1.01573,1.08244,-0.0646007,0.150723
"Port of Greater Baton Rouge, LA",2020188N28271,FAY,2020,390.5,-3,0,28,1,70,9,9.2,0.145336,0.184075,0.978261,1.0913,0.739569,0.789544,0,0.00689042,0.99311,0.784104,0.0387398,0.00400164
"Port of Savannah, GA",2020188N28271,FAY,2020,133.7,-3,0,30,4,70,10.25,11.9571,0.385324,0.480069,0.857228,1.01321,0.924113,0.802643,0.0207527,0.0228249,0.997884,0.800945,0.0947449,0.0685404
"South Jersey Port Corp, NJ",2020188N28271,FAY,2020,46.8,0,0,50,3,70,6.33333,8.38571,0.227947,0.289056,0.755253,0.581934,1.79426,0.78859,0.0649282,0.0756891,0.988492,0.779515,0.0611094,0.0707457
"South Louisiana, LA, Port of",2020188N28271,FAY,2020,306.9,-3,0,30,2,70,30.5,30.9714,0.702549,0.79309,0.984779,1.09773,0.819446,0.885837,0.00531207,0.0029173,1.00241,0.88797,0.0905412,0.0120719
"Tampa Port Authority, FL",2020188N28271,FAY,2020,366.9,-3,0,30,2,70,13.5,9.08571,0.246036,0.217397,1.48585,0.921622,0.826449,1.13173,0.0058527,0.00252825,1.00334,1.13552,-0.0286382,-0.105622
"Virginia, VA, Port of",2020188N28271,FAY,2020,136.4,0,0,50,4,70,18.75,20.1,1.11024,0.978618,0.932836,1.04858,1.15984,1.1345,0.01995,0.0262705,0.993551,1.12718,-0.131625,0.065728
"Beaumont, TX",2020205N26272,HANNA,2020,317.6,1,1,80,2,70,13,11.4286,0.607151,0.442795,1.1375,1.10415,1.09173,1.37118,0,0.00194073,0.998059,1.36852,-0.164356,-0.0608843
"Corpus Christi, TX",2020205N26272,HANNA,2020,117.5,1,1,80,3,70,8,14.9,0.51255,1.26201,0.536913,0.843773,0.89649,0.406139,0,0.00987657,0.990123,0.402128,0.749456,0.584419
"Galveston, TX",2020205N26272,HANNA,2020,238.4,1,1,80,3,70,4.33333,9.8,0.582416,0.677912,0.442177,1.66711,1.16547,0.859132,0,0.0336946,0.966305,0.830184,0.0954963,0.378155
"Houston Port Authority, TX",2020205N26272,HANNA,2020,306.8,1,1,80,3,70,50,52.4714,2.78097,2.71627,0.9529,1.22463,0.877346,1.02382,0,0.000750491,0.99925,1.02305,-0.0646981,0.127938
"Lake Charles Harbor District, LA",2020205N26272,HANNA,2020,304.8,1,1,80,3,70,5.66667,5.2,0.120089,0.23267,1.08974,1.24582,0.380174,0.516133,0.02666,0.0514192,0.974563,0.503004,0.112581,-0.0208806
"New Orleans, LA",2020205N26272,HANNA,2020,422,0,1,50,2,70,23,27.6571,0.704131,0.590365,0.831612,1.02635,1.3974,1.19271,0.0158307,0.0127682,1.00311,1.19642,-0.113766,0.0994106
"Plaquemines Port District, LA",2020205N26272,HANNA,2020,384,0,1,50,2,70,34.5,48.2857,0.925136,1.19477,0.714497,0.948301,1.14281,0.774322,0.0329476,0.0749997,0.956515,0.740651,0.269633,0.34111
"Port Arthur, TX",2020205N26272,HANNA,2020,300.4,1,1,80,2,70,7.5,5.41429,0.315236,0.178551,1.38522,1.11964,1.13835,1.76552,0,0.00287349,0.997127,1.76045,-0.136685,-0.0687821
"Port Freeport, TX",2020205N26272,HANNA,2020,226.7,1,1,80,3,70,6,5.84286,0.367973,0.328021,1.02689,1.05201,1.03841,1.1218,0,0.017566,0.982434,1.10209,-0.0399519,-0.00882208
"Port of Greater Baton Rouge, LA",2020205N26272,HANNA,2020,400.2,0,1,55,3,70,8.66667,9.88571,0.83242,0.487832,0.876686,0.996034,1.95413,1.70637,0,0.00697851,0.993021,1.69446,-0.344588,0.0601566
"South Louisiana, LA, Port of",2020205N26272,HANNA,2020,393.2,0,1,53,2,70,28,31.1429,0.911321,0.806503,0.899083,0.9253,1.35826,1.12997,0,0.00512039,0.99488,1.12418,-0.104818,0.0813902
"Texas City, TX",2020205N26272,HANNA,2020,261.1,1,1,80,3,70,3,4.9,0.358129,0.423575,0.612245,1.16512,1.18526,0.845491,0,0.0351733,0.964827,0.815752,0.0654461,0.164243
"Baltimore, MD",2020211N13306,ISAIAS,2020,53.1,0,1,60,1,70,11,15.7,0.128456,0.152992,0.700637,1.15756,1.03526,0.839628,0,0.0164041,0.983596,0.825855,0.0245355,0.0458
"Jacksonville, FL",2020211N13306,ISAIAS,2020,161.7,1,1,80,3,70,3.66667,7.81429,0.0593546,0.183005,0.469226,0.679748,1.01686,0.324333,0.00893984,0.0243529,0.984448,0.319289,0.12365,0.0971343
"New York, NY & NJ",2020211N13306,ISAIAS,2020,92.2,0,1,60,2,70,28,30.9714,0.860312,1.0918,0.904059,0.835817,1.04281,0.787975,0.0124867,0.0211539,0.991223,0.781059,0.231489,0.104748
"Philadelphia Regional Port, PA",2020211N13306,ISAIAS,2020,95.7,0,1,60,2,70,5.5,7.41429,0.107184,0.200597,0.741811,0.981852,0.733609,0.534323,0,0.0095291,0.990471,0.529231,0.0934134,0.0517919
"Port Everglades, FL",2020211N13306,ISAIAS,2020,105.5,1,1,75,3,70,13.3333,19.4,0.30617,0.375765,0.687285,1.27509,0.929755,0.814791,0,0.0098,0.9902,0.806806,0.069595,0.117507
"Port of Charleston, SC",2020211N13306,ISAIAS,2020,90.8,1,1,80,2,70,12,15.7429,0.48549,0.508461,0.76225,0.953258,1.31406,0.954822,0.0178789,0.0298937,0.987767,0.943141,0.0229714,0.120886
"Port of Palm Beach District, FL",2020211N13306,ISAIAS,2020,95,1,1,73,3,70,2,5.44286,0.0118643,0.0587441,0.367454,0.47438,1.15864,0.201966,0,0.0177066,0.982293,0.19839,0.0468798,0.0371584
"Port of Savannah, GA",2020211N13306,ISAIAS,2020,154.6,1,1,80,3,70,6.66667,12.8429,0.171631,0.361781,0.519095,0.748353,1.22123,0.474406,0,0.0128757,0.987124,0.468297,0.19015,0.173982
"PortMiami, FL",2020211N13306,ISAIAS,2020,128,1,1,75,3,70,12,13.0571,0.110363,0.155836,0.919037,1.27586,0.603975,0.7082,0,0.0126132,0.987387,0.699268,0.0454728,0.0126169
"San Juan, PR",2020211N13306,ISAIAS,2020,226,0,1,63,2,70,4,8.75714,0.020972,0.130418,0.45677,0.395545,0.890039,0.160806,0,0.00797525,0.992025,0.159524,0.109446,0.0708467
"South Jersey Port Corp, NJ",2020211N13306,ISAIAS,2020,96.1,0,1,60,1,70,7,8.37143,0.0405326,0.0953869,0.836177,0.563266,0.902203,0.424929,0.138926,0.0622018,1.0891,0.462791,0.0548542,0.0156265
"Tampa Port Authority, FL",2020211N13306,ISAIAS,2020,261.1,1,1,65,3,70,12.3333,9.07143,0.492061,0.315335,1.35958,0.766664,1.49705,1.56044,0.0117473,0.00392142,1.00792,1.5728,-0.176726,-0.113388
"Virginia, VA, Port of",2020211N13306,ISAIAS,2020,99.1,1,1,80,1,70,15,20.9,0.180314,0.309256,0.717703,1.23151,0.659672,0.583057,0.0100408,0.0104774,0.999559,0.582799,0.128942,0.0873021
"San Juan, PR",2020224N11326,JOSEPHINE,2020,257.2,0,0,35,1,70,9,8.88571,0.103876,0.0654381,1.01286,0.982016,1.59594,1.5874,0.0856048,0.00571819,1.08737,1.72608,-0.0384384,-0.000841647
"Baltimore, MD",2020228N37286,KYLE,2020,375.8,0,0,38,1,70,18,16.0143,0.163075,0.157503,1.124,0.975849,0.943953,1.03538,0.0211563,0.0284771,0.992521,1.02763,-0.00557187,-0.0195298
"New York, NY & NJ",2020228N37286,KYLE,2020,385.5,0,0,45,2,70,36,30.6857,1.09474,1.11287,1.17318,0.944834,0.887451,0.983708,0.0276294,0.0297351,0.997835,0.981578,0.0181303,-0.192731
"Philadelphia Regional Port, PA",2020228N37286,KYLE,2020,360.8,0,0,43,2,70,6.5,7.47143,0.181007,0.177672,0.869981,1.16596,1.00435,1.01878,0.0134949,0.0167792,0.996671,1.01538,-0.00333583,0.0231007
"South Jersey Port Corp, NJ",2020228N37286,KYLE,2020,317.9,0,0,43,2,70,12.5,8.52857,0.270695,0.191745,1.46566,1.43925,0.669246,1.41174,0.0737135,0.0717281,1.00214,1.41477,-0.0789496,-0.0892883
"Virginia, VA, Port of",2020228N37286,KYLE,2020,192.4,0,0,40,2,70,23.5,21.3,0.521573,0.650649,1.10329,0.88146,0.824284,0.801619,0.0308051,0.0204599,1.01067,0.810175,0.129077,-0.0672032
"Beaumont, TX",2020233N14313,LAURA,2020,85.6,4,4,130,2,70,6,12.5571,0.0848101,0.529864,0.477816,0.740304,0.452494,0.16006,0,0.00392925,0.996071,0.159431,0.445054,0.276687
"Corpus Christi, TX",2020233N14313,LAURA,2020,444.6,4,4,130,2,70,20,14.9143,1.03799,0.820789,1.341,0.90265,1.04476,1.26463,0.0330403,0.00715075,1.02677,1.29848,-0.217202,-0.279886
"Galveston, TX",2020233N14313,LAURA,2020,161.7,4,4,130,2,70,0.5,9.92857,0.0499004,0.44215,0.0503597,2.95469,0.758472,0.112858,0.0317413,0.0319421,0.999793,0.112835,0.39225,0.419884
"Houston Port Authority, TX",2020233N14313,LAURA,2020,201.9,4,4,130,2,70,5,55.8429,0.0208305,1.89613,0.089537,0.116893,1.04964,0.0109858,0,0.000711515,0.999288,0.010978,1.8753,1.72636
"Lake Charles Harbor District, LA",2020233N14313,LAURA,2020,15.7,4,4,130,2,70,0,3.54286,0,0.0941491,0,,,0,0.218135,0.0475549,1.21817,0,0.0941491,0.0941491
"Mobile, AL",2020233N14313,LAURA,2020,497.3,2,4,85,1,70,8,7.64286,0.106697,0.0751926,1.04673,1.2743,1.06383,1.41898,0.0482554,0.0586426,0.989086,1.40349,-0.0315042,-0.00351367
"New Orleans, LA",2020233N14313,LAURA,2020,318.3,4,4,130,2,70,20,25.8,0.531616,0.644128,0.775194,0.943631,1.12827,0.825327,0,0.00914632,0.990854,0.817778,0.112512,0.144804
"Plaquemines Port District, LA",2020233N14313,LAURA,2020,356,4,4,130,2,70,52,45.4286,0.948873,1.08297,1.14465,0.968388,0.790439,0.876177,0.0157083,0.0689499,0.945909,0.828784,0.134096,-0.156656
"Port Arthur, TX",2020233N14313,LAURA,2020,61.9,4,4,130,2,70,0,4.72857,0,0.184081,0,,,0,0.0449871,0.00241002,1.04458,0,0.184081,0.184081
"Port Freeport, TX",2020233N14313,LAURA,2020,223.1,4,4,130,2,70,2,5.97143,0.00528105,0.191611,0.334928,0.0995688,0.826465,0.0275613,0,0.0165922,0.983408,0.027104,0.18633,0.127435
"Port of Greater Baton Rouge, LA",2020233N14313,LAURA,2020,201.3,4,4,130,3,70,9,10.1571,0.298417,0.591096,0.886076,0.993734,0.573355,0.504853,0.0394103,0.00731241,1.03341,0.521723,0.292679,0.0673401
"PortMiami, FL",2020233N14313,LAURA,2020,455.6,0,4,58,2,70,10,13.0429,0.074556,0.0999639,0.766703,1.14269,0.851305,0.74583,0,0.0118737,0.988126,0.736974,0.0254078,0.0233213
"San Juan, PR",2020233N14313,LAURA,2020,82.3,0,4,45,3,70,4.66667,8.85714,0.042787,0.195369,0.526882,0.395809,1.05016,0.219006,0,0.0079823,0.992018,0.217258,0.152582,0.0924327
"South Louisiana, LA, Port of",2020233N14313,LAURA,2020,270.2,4,4,130,2,70,25.5,32.4,0.693463,0.89542,0.787037,0.990865,0.993086,0.774456,0,0.00259535,0.997405,0.772446,0.201957,0.190691
"Texas City, TX",2020233N14313,LAURA,2020,159,4,4,130,2,70,0,6.07143,0.0163539,0.301252,0,,1.0196,0.0542866,0,0.0281167,0.971883,0.0527602,0.284898,0.301252
"Beaumont, TX",2020234N14280,MARCO,2020,207.1,0,1,35,1,70,6,12.7714,0.0424142,0.271312,0.469799,0.741323,0.448873,0.15633,0,0.00354842,0.996452,0.155775,0.228898,0.14385
"Galveston, TX",2020234N14280,MARCO,2020,248.8,-1,1,30,1,70,5,9.8,0.136363,0.220698,0.510204,1.43422,0.844378,0.617871,0,0.0324612,0.967539,0.597814,0.084335,0.108097
"Houston Port Authority, TX",2020234N14280,MARCO,2020,311,-3,1,25,1,70,32,55.7857,0.762437,0.945291,0.573624,1.12884,1.2456,0.806563,0,0.000619267,0.999381,0.806063,0.182854,0.40305
"Lake Charles Harbor District, LA",2020234N14280,MARCO,2020,135,0,1,40,2,70,4.5,3.58571,0.101225,0.0984409,1.25498,0.581295,1.40955,1.02828,0.0188632,0.0474372,0.970877,0.998338,-0.00278438,-0.0251005
"Mobile, AL",2020234N14280,MARCO,2020,211.1,0,1,55,2,70,6,7.81429,0.192166,0.149323,0.767824,1.54086,1.08774,1.28692,0,0.0602118,0.939788,1.20943,-0.0428432,0.0346691
"New Orleans, LA",2020234N14280,MARCO,2020,140.7,0,1,55,2,70,14,25.8857,0.392511,0.64344,0.540839,1.03886,1.08573,0.610019,0,0.00961972,0.99038,0.604151,0.25093,0.295443
"Plaquemines Port District, LA",2020234N14280,MARCO,2020,56.4,1,1,65,3,70,31.3333,45.8714,0.698576,1.61672,0.683069,1.49273,0.423773,0.432095,0.01881,0.0714626,0.946338,0.408908,0.918141,0.512388
"Port Arthur, TX",2020234N14280,MARCO,2020,181.1,0,1,38,2,70,3.5,4.74286,0.0298564,0.179389,0.737952,0.443662,0.508347,0.166433,0,0.00221983,0.99778,0.166064,0.149533,0.0470086
"Port Freeport, TX",2020234N14280,MARCO,2020,310.5,-3,1,25,1,70,5,5.92857,0.0848573,0.095125,0.843373,1.11172,0.951435,0.892062,0,0.0172057,0.982794,0.876713,0.0102676,0.0148991
"Port of Greater Baton Rouge, LA",2020234N14280,MARCO,2020,178.5,0,1,50,2,70,8.5,10.3143,0.251693,0.398472,0.8241,1.21017,0.633356,0.631645,0.0137465,0.00658955,1.00726,0.636228,0.146779,0.0700914
"South Louisiana, LA, Port of",2020234N14280,MARCO,2020,146.8,0,1,55,2,70,22,32.3,0.795971,0.896668,0.681115,1.26222,1.03255,0.887698,0,0.00344062,0.996559,0.884644,0.100698,0.285935
"Texas City, TX",2020234N14280,MARCO,2020,254.6,-1,1,30,1,70,2,5.92857,0.107137,0.147316,0.337349,1.5593,1.38255,0.727261,0.124051,0.0270195,1.11077,0.807822,0.0401788,0.0976192
"Jacksonville, FL",2020244N30279,OMAR,2020,93.5,-1,0,30,2,70,5.5,8.4,0.0657712,0.124886,0.654762,1.0016,0.803055,0.52665,0,0.0197186,0.980281,0.516265,0.0591148,0.0431154
"Port Everglades, FL",2020244N30279,OMAR,2020,450.8,-3,0,28,2,70,21.5,20.2143,0.317157,0.262391,1.0636,0.992452,1.14508,1.20872,0.0075431,0.0110795,0.996437,1.20441,-0.0547657,-0.0166892
"Port of Charleston, SC",2020244N30279,OMAR,2020,300.2,-1,0,30,3,70,21,15.9429,0.788416,0.763216,1.3172,0.927384,0.845659,1.03302,0.0508706,0.029907,1.02209,1.05583,-0.0252003,-0.242095
"Port of Palm Beach District, FL",2020244N30279,OMAR,2020,390.7,-1,0,30,2,70,5.5,5.57143,0.0389621,0.0395866,0.987179,0.917551,1.0866,0.984224,0,0.0141459,0.985854,0.970302,0.000624502,0.00050752
"Port of Savannah, GA",2020244N30279,OMAR,2020,214.9,-1,0,30,3,70,13.6667,11.7857,0.373835,0.36648,1.1596,0.930703,0.945174,1.02007,0.0182006,0.0200013,0.998166,1.0182,-0.00735484,-0.0584887
"Tampa Port Authority, FL",2020244N30279,OMAR,2020,301.1,-3,0,28,2,70,5.5,6.98571,0.159003,0.186352,0.787321,1.11475,0.972173,0.853243,0,0.00569529,0.994305,0.848384,0.0273484,0.0396331
"Virginia, VA, Port of",2020244N30279,OMAR,2020,346.4,0,0,35,2,70,16.5,21.3857,0.549105,0.612847,0.771543,1.16771,0.994509,0.89599,0.00846421,0.023922,0.98441,0.882021,0.0637425,0.140009
"Jacksonville, FL",2020256N25281,SALLY,2020,377,0,2,50,6,70,8.33333,8.17143,0.345764,0.346145,1.01981,1.1457,0.854927,0.998899,0.0243674,0.0257319,0.998601,0.997502,0.000381146,-0.00685835
"Mobile, AL",2020256N25281,SALLY,2020,51.5,2,2,95,5,70,2.6,8.14286,0.171938,0.541927,0.319298,0.855264,1.16181,0.317272,0.058089,0.0687082,0.988726,0.313695,0.369989,0.368891
"New Orleans, LA",2020256N25281,SALLY,2020,194.7,2,2,95,5,70,18.8,24.6857,1.23225,1.51326,0.761574,1.19042,0.898199,0.8143,0,0.0117863,0.988214,0.804703,0.281011,0.3608
"Plaquemines Port District, LA",2020256N25281,SALLY,2020,134.3,2,2,95,5,70,37.6,48,1.84697,2.73546,0.783333,1.00811,0.855014,0.675194,0.0327824,0.064923,0.96677,0.652757,0.888493,0.592683
"Port Everglades, FL",2020256N25281,SALLY,2020,66.5,0,2,50,3,70,17.6667,19.4,0.363516,0.380737,0.910653,0.942144,1.11283,0.954769,0.00120955,0.0109036,0.990294,0.945503,0.017221,0.0340178
"Port of Charleston, SC",2020256N25281,SALLY,2020,139.1,-4,2,30,2,70,14.5,16.6571,0.363866,0.485355,0.870497,0.978598,0.880056,0.749691,0.0149086,0.0361839,0.978403,0.733499,0.121489,0.0628547
"Port of Greater Baton Rouge, LA",2020256N25281,SALLY,2020,325.8,2,2,95,4,70,11,10.4429,0.832999,0.730906,1.05335,1.07013,1.01106,1.13968,0.0155351,0.0115976,1.004,1.14424,-0.102093,-0.038995
"Port of Palm Beach District, FL",2020256N25281,SALLY,2020,124.8,0,2,50,3,70,4.33333,5.25714,0.0461414,0.0630781,0.824275,1.00541,0.882663,0.731497,0,0.0139563,0.986044,0.721288,0.0169367,0.0110844
"Port of Savannah, GA",2020256N25281,SALLY,2020,203.4,-1,2,33,2,70,14,12.1429,0.27773,0.246695,1.15294,1.10057,0.887234,1.12581,0.00686686,0.0136126,0.993208,1.11816,-0.0310359,-0.0377297
"PortMiami, FL",2020256N25281,SALLY,2020,12.2,0,2,50,3,70,13.6667,13.5143,0.121008,0.152397,1.01128,0.809866,0.969512,0.794028,0.0117753,0.00837929,1.00344,0.796756,0.0313896,-0.00171836
"South Louisiana, LA, Port of",2020256N25281,SALLY,2020,239.5,2,2,95,4,70,29.5,33.1571,1.9432,1.82226,0.889703,1.08053,1.10924,1.06637,0.00105763,0.0036653,0.99739,1.06358,-0.120937,0.200991
"Tampa Port Authority, FL",2020256N25281,SALLY,2020,176,1,2,75,4,70,3.75,7.35714,0.160061,0.418347,0.509709,1.02503,0.732304,0.382604,0,0.00497937,0.995021,0.380699,0.258286,0.205112
"Beaumont, TX",2020261N21265,BETA,2020,17.1,0,0,55,6,70,11.8333,11.6571,1.7166,1.4121,1.01511,0.936588,1.27862,1.21564,0,0.00183545,0.998165,1.21341,-0.304504,-0.021343
"Corpus Christi, TX",2020261N21265,BETA,2020,118.7,0,0,55,4,70,10.5,14.2286,1.35261,1.63829,0.737952,0.996334,1.12292,0.825622,0.00197487,0.0108438,0.991114,0.818285,0.285682,0.429311
"Galveston, TX",2020261N21265,BETA,2020,52.6,0,0,55,6,70,5.5,11.3,0.77777,1.40958,0.486726,1.26193,0.898345,0.551775,0.011706,0.0350476,0.976382,0.538744,0.631807,0.7235
"Houston Port Authority, TX",2020261N21265,BETA,2020,41.7,0,0,55,6,70,34.5,54.1714,3.31946,5.47369,0.636867,0.997289,0.954813,0.60644,0,0.000555957,0.999444,0.606103,2.15422,1.98768
"Lake Charles Harbor District, LA",2020261N21265,BETA,2020,62,0,0,55,6,70,0.166667,3.54286,0.00466695,0.252958,0.047043,1.12309,0.349199,0.0184495,0.128679,0.0936974,1.04015,0.0191902,0.248291,0.241058
"Mobile, AL",2020261N21265,BETA,2020,276,-4,0,25,3,70,10.6667,8.3,0.239682,0.349992,1.28514,0.904093,0.589404,0.684821,0.0284886,0.0742551,0.952891,0.65256,0.11031,-0.0997969
"New Orleans, LA",2020261N21265,BETA,2020,220.7,0,0,55,7,70,25.2857,23.8143,2.22624,1.9179,1.06179,1.07239,1.01943,1.16077,0.00917345,0.0111944,0.99796,1.1584,-0.308341,-0.118502
"Plaquemines Port District, LA",2020261N21265,BETA,2020,307.8,0,0,55,6,70,57.6667,48.7571,3.784,3.34826,1.18273,1.07534,0.888586,1.13014,0.041767,0.0607346,0.980206,1.10777,-0.43574,-0.611836
"Port Arthur, TX",2020261N21265,BETA,2020,42.4,0,0,55,6,70,3.66667,5.75714,0.647429,0.569655,0.63689,1.10309,1.61773,1.13653,0.00483507,0.0046755,1.00016,1.13671,-0.0777738,0.206847
"Port Freeport, TX",2020261N21265,BETA,2020,12.3,0,0,55,6,70,2.5,5.81429,0.254178,0.581162,0.429975,1.0042,1.01293,0.437363,0,0.0108977,0.989102,0.432596,0.326983,0.331277
"Port of Greater Baton Rouge, LA",2020261N21265,BETA,2020,101.2,0,0,55,7,70,10.7143,10.2571,1.47908,1.13736,1.04457,1.07089,1.16255,1.30045,0.00925618,0.0122652,0.996963,1.2965,-0.341717,-0.0506902
"South Louisiana, LA, Port of",2020261N21265,BETA,2020,187,0,0,55,7,70,38.8571,33.3714,2.71838,3.2037,1.16438,1.03839,0.701779,0.848514,0.00129334,0.00463791,0.996651,0.845673,0.485314,-0.526635
"Texas City, TX",2020261N21265,BETA,2020,29.8,0,0,55,6,70,3.66667,5.15714,0.558226,0.799813,0.710988,0.852173,1.15194,0.697945,0.0290943,0.0406847,0.988062,0.689613,0.241588,0.231156
"Beaumont, TX",2020279N16284,DELTA,2020,104,3,4,105,2,70,6,11.0286,0.163366,0.444905,0.544041,1.16228,0.5807,0.367194,0.0238942,0.00157248,1.02287,0.375591,0.281539,0.202858
"Corpus Christi, TX",2020279N16284,DELTA,2020,366.2,3,4,105,1,70,9,13.6143,0.292088,0.403467,0.66107,1.3433,0.81524,0.723945,0.00531731,0.00976368,0.99553,0.720709,0.111379,0.136747
"Galveston, TX",2020279N16284,DELTA,2020,136.4,3,4,105,2,70,8,11.0857,0.311431,0.463571,0.721649,1.19969,0.775979,0.671808,0.00673399,0.032781,0.973776,0.654191,0.15214,0.129035
"Houston Port Authority, TX",2020279N16284,DELTA,2020,202.4,3,4,105,2,70,52,53.1714,1.69056,1.84482,0.977969,1.11621,0.839472,0.916384,0,0.000833551,0.999166,0.91562,0.154256,0.0406435
"Lake Charles Harbor District, LA",2020279N16284,DELTA,2020,25.4,3,4,105,2,70,0,3.21429,0,0.0871932,0,,,0,0.0606461,0.0910058,0.96768,0,0.0871932,0.0871932
"Mobile, AL",2020279N16284,DELTA,2020,369.7,2,4,85,3,70,9.66667,8.92857,0.457207,0.335529,1.08267,1.06483,1.18197,1.36265,0.0876699,0.0805973,1.00775,1.37321,-0.121678,-0.027737
"New Orleans, LA",2020279N16284,DELTA,2020,252.4,3,4,100,3,70,26.3333,23.7429,0.673814,0.830959,1.10911,0.93314,0.783503,0.810887,0,0.0117765,0.988224,0.801338,0.157145,-0.0906622
"Plaquemines Port District, LA",2020279N16284,DELTA,2020,330.4,3,4,100,2,70,36,53.1429,0.775114,1.16325,0.677419,0.820483,1.19885,0.666334,0.0308975,0.0521732,0.978046,0.651705,0.388138,0.375243
"Port Arthur, TX",2020279N16284,DELTA,2020,81,3,4,105,2,70,1,4.97143,0.00288027,0.166703,0.201149,0.107941,0.795766,0.0172778,0.0130471,0.00347899,1.00969,0.0174453,0.163823,0.133171
"Port Freeport, TX",2020279N16284,DELTA,2020,190.8,3,4,105,2,70,6,5.52857,0.112491,0.188014,1.08527,0.934718,0.589806,0.598312,0,0.00998541,0.990015,0.592338,0.075523,-0.0160322
"Port of Greater Baton Rouge, LA",2020279N16284,DELTA,2020,121.2,3,4,103,3,70,6.66667,10.8571,0.338596,0.594945,0.614035,0.857725,1.0806,0.569122,0.0259228,0.0117869,1.01451,0.577381,0.256349,0.229628
"South Louisiana, LA, Port of",2020279N16284,DELTA,2020,209.8,3,4,103,3,70,33.3333,34.4,1.07031,1.3869,0.968992,0.967813,0.822908,0.771725,0,0.00347303,0.996527,0.769045,0.316594,0.0430047
"Texas City, TX",2020279N16284,DELTA,2020,145.8,3,4,105,2,70,5.5,5.32857,0.25386,0.288784,1.03217,1.10571,0.770247,0.879068,0.0303409,0.024547,1.00598,0.88432,0.0349233,-0.00929063
"Baltimore, MD",2020299N18277,ZETA,2020,158.8,-4,3,45,2,70,17.5,15.6429,0.340264,0.303663,1.11872,1.00744,0.994224,1.12053,0.0303988,0.0274155,1.00308,1.12398,-0.0366005,-0.0360513
"Beaumont, TX",2020299N18277,ZETA,2020,354.9,3,3,100,2,70,13,11.4429,0.574018,0.503191,1.13608,1.06863,0.939634,1.14076,0,0.00177647,0.998224,1.13873,-0.0708274,-0.0684742
"Galveston, TX",2020299N18277,ZETA,2020,391.9,3,3,100,2,70,11,10.6,0.572077,0.429273,1.03774,0.899396,1.42785,1.33267,0.062844,0.0259234,1.0394,1.38517,-0.142804,-0.016199
"Houston Port Authority, TX",2020299N18277,ZETA,2020,466,3,3,100,1,70,47,53.5714,0.742458,0.920802,0.877333,1.03839,0.885079,0.806317,0,0.00145168,0.998548,0.805146,0.178344,0.112952
"Lake Charles Harbor District, LA",2020299N18277,ZETA,2020,274.4,3,3,100,2,70,5.5,4.05714,0.144851,0.133111,1.35563,0.849964,0.944418,1.0882,0.113007,0.0610863,1.05854,1.1519,-0.0117399,-0.0473387
"Mobile, AL",2020299N18277,ZETA,2020,111.5,3,3,100,2,70,5,10.2857,0.109929,0.22974,0.486111,0.911029,1.08046,0.478493,0.263791,0.0804564,1.24903,0.59765,0.119811,0.118061
"New Orleans, LA",2020299N18277,ZETA,2020,18.7,3,3,100,2,70,18,24.5,0.431026,0.588763,0.734694,1.23769,0.805087,0.732086,0,0.0108004,0.9892,0.72418,0.157738,0.156203
"New York, NY & NJ",2020299N18277,ZETA,2020,237.6,-4,3,45,2,70,33.5,32.4857,1.16486,1.14748,1.03122,1.01668,0.968263,1.01515,0.0203898,0.0204209,0.999968,1.01512,-0.0173842,-0.0358271
"Philadelphia Regional Port, PA",2020299N18277,ZETA,2020,149.2,-4,3,45,2,70,7,8.14286,0.166765,0.222398,0.859649,1.24106,0.702842,0.749847,0,0.00798488,0.992015,0.743859,0.0556337,0.0312138
"Plaquemines Port District, LA",2020299N18277,ZETA,2020,99.6,3,3,100,2,70,33.5,51.4857,0.624425,1.10351,0.650666,1.19204,0.72955,0.565852,0.0200819,0.0540195,0.965367,0.546255,0.479087,0.385494
"Port Arthur, TX",2020299N18277,ZETA,2020,331.5,3,3,100,2,70,7.5,5.02857,0.229324,0.194958,1.49148,0.988816,0.797582,1.17627,0,0.00459116,0.995409,1.17087,-0.0343656,-0.0958176
"Port Freeport, TX",2020299N18277,ZETA,2020,447.5,3,3,100,1,70,9,6.11429,0.149026,0.106477,1.47196,1.07406,0.885281,1.39961,0,0.0160403,0.98396,1.37716,-0.0425492,-0.0502529
"Port of Charleston, SC",2020299N18277,ZETA,2020,409.4,0,3,45,1,70,14,16.3429,0.17087,0.211861,0.856643,0.883163,1.06604,0.806519,0.0596798,0.0321387,1.02929,0.830141,0.0409912,0.0303717
"Port of Greater Baton Rouge, LA",2020299N18277,ZETA,2020,137.2,3,3,100,2,70,5.5,11.5,0.193518,0.432375,0.478261,0.922338,1.01463,0.44757,0,0.0098173,0.990183,0.443176,0.238857,0.225587
"Port of Savannah, GA",2020299N18277,ZETA,2020,423.4,0,3,53,1,70,11,11.8286,0.106741,0.120031,0.929952,1.11398,0.858427,0.889282,0,0.0136291,0.986371,0.877162,0.0132896,0.00840798
"South Jersey Port Corp, NJ",2020299N18277,ZETA,2020,99.3,-4,3,45,2,70,4.5,8.6,0.0678593,0.196569,0.523256,0.973208,0.677913,0.345218,0.0528739,0.0708412,0.98103,0.338669,0.12871,0.0937133
"South Louisiana, LA, Port of",2020299N18277,ZETA,2020,61.8,3,3,100,2,70,27,33.2571,0.83095,0.807037,0.811856,1.27172,0.997269,1.02963,0,0.00125065,0.998749,1.02834,-0.0239131,0.151839
"Texas City, TX",2020299N18277,ZETA,2020,403.5,3,3,100,2,70,4,6.01429,0.266058,0.311475,0.665083,1.01093,1.27045,0.854186,0.0184001,0.0143886,1.00409,0.857677,0.0454173,0.104318
"Virginia, VA, Port of",2020299N18277,ZETA,2020,193.8,0,3,45,2,70,24.5,24.1571,0.721123,0.708431,1.01419,1.02155,0.982495,1.01792,0.00244298,0.015587,0.986824,1.0045,-0.0126927,-0.0100546
"Jacksonville, FL",2020306N15288,ETA,2020,23.3,0,4,63,3,70,6.33333,9.71429,0.125001,0.232751,0.651961,1.01458,0.811926,0.537059,0.0107122,0.028803,0.981713,0.527238,0.10775,0.0810066
"Port Everglades, FL",2020306N15288,ETA,2020,141.4,1,4,65,5,70,12.8,17.5286,0.534685,0.621528,0.730236,1.06946,1.10157,0.860275,0.00113695,0.0119967,0.989128,0.850922,0.0868429,0.167666
"Port of Charleston, SC",2020306N15288,ETA,2020,125.5,0,4,40,2,70,16,16.0714,0.426065,0.404006,0.995556,0.988235,1.07192,1.0546,0.117547,0.0288878,1.10047,1.16055,-0.0220588,0.00179558
"Port of Palm Beach District, FL",2020306N15288,ETA,2020,200.2,1,4,65,5,70,3.8,5.1,0.0409972,0.0950788,0.745098,0.630927,0.917229,0.431191,0.00390899,0.0104673,0.993416,0.428352,0.0540817,0.0242358
"Port of Savannah, GA",2020306N15288,ETA,2020,87.3,0,4,53,2,70,12.5,11.8,0.24086,0.244098,1.05932,0.978689,0.95176,0.986735,0.0609035,0.011218,1.05291,1.03894,0.00323808,-0.0144804
"PortMiami, FL",2020306N15288,ETA,2020,81.5,1,4,65,5,70,12.8,13.0714,0.27607,0.258555,0.979235,1.08441,1.00551,1.06774,0.0137534,0.0120839,1.00169,1.06955,-0.0175146,0.0053689
"Tampa Port Authority, FL",2020306N15288,ETA,2020,112.2,1,4,65,4,70,8.75,8.21429,0.473471,0.397746,1.06522,1.0484,1.06592,1.19039,0.00154234,0.004637,0.996901,1.1867,-0.0757251,-0.02594
"Virginia, VA, Port of",2020306N15288,ETA,2020,334.7,0,4,40,1,70,30,24.1714,0.407108,0.358103,1.24113,0.940254,0.974176,1.13685,0.0277044,0.0147652,1.01331,1.15198,-0.0490051,-0.0863511
"Jacksonville, FL",2021165N32282,BILL,2021,380.9,-3,0,20,2,70,9.5,11.3,0.140479,0.180896,0.840708,1.03597,0.89164,0.776573,0.00478013,0.0257073,0.978972,0.760243,0.0404172,0.0288153
"Port of Charleston, SC",2021165N32282,BILL,2021,220.4,-1,0,28,2,70,18.5,21.8429,0.622655,0.624349,0.846959,0.952205,1.2366,0.997288,0.0356914,0.0259103,1.01014,1.0074,0.00169334,0.095551
"Port of Savannah, GA",2021165N32282,BILL,2021,285.9,-3,0,23,2,70,15,16.4,0.31156,0.332771,0.914634,1.01139,1.01212,0.936259,0.0213146,0.0117324,1.00979,0.945426,0.021211,0.0284073
"Virginia, VA, Port of",2021165N32282,BILL,2021,361.7,0,0,38,1,70,28,29.8714,0.198352,0.413304,0.937351,0.612049,0.836524,0.479917,0,0.0417062,0.958294,0.459902,0.214952,0.0258933
"Baltimore, MD",2021169N23268,CLAUDETTE,2021,351.7,0,0,40,1,70,24,19.5143,0.181455,0.160303,1.22987,0.894573,1.02886,1.13195,0.0203709,0.0395001,0.980473,1.10985,-0.0211525,-0.0368486
"Beaumont, TX",2021169N23268,CLAUDETTE,2021,317.9,0,0,40,2,70,13,12.3714,0.531728,0.625428,1.05081,0.798588,1.01313,0.850183,0,0.00191501,0.998085,0.848555,0.0936998,-0.0317769
"Galveston, TX",2021169N23268,CLAUDETTE,2021,367.1,0,0,40,2,70,16,12.1714,0.708036,0.520387,1.31455,0.948086,1.0917,1.36059,0.0403493,0.0409827,0.99934,1.3597,-0.187649,-0.16369
"Houston Port Authority, TX",2021169N23268,CLAUDETTE,2021,429.3,0,0,40,2,70,75,75,2.82476,2.51838,1,1.02526,1.09402,1.12166,0.00136142,0.00207318,0.999287,1.12086,-0.306378,0
"Jacksonville, FL",2021169N23268,CLAUDETTE,2021,408.2,0,0,35,2,70,9,11.0286,0.179344,0.169971,0.816062,1.06301,1.21634,1.05515,0,0.0242485,0.975752,1.02956,-0.00937369,0.031264
"Lake Charles Harbor District, LA",2021169N23268,CLAUDETTE,2021,237.8,0,0,40,2,70,9,9.31429,0.354003,0.335079,0.966258,1.2251,0.892475,1.05648,0.0127975,0.0199482,0.992757,1.04882,-0.0189238,0.0113064
"Mobile, AL",2021169N23268,CLAUDETTE,2021,114,0,0,40,3,70,18.3333,13.3143,0.522408,0.33238,1.37697,1.00888,1.13139,1.57172,0,0.00722932,0.992771,1.56036,-0.190028,-0.125296
"New Orleans, LA",2021169N23268,CLAUDETTE,2021,37.7,0,0,40,3,70,26,34.5714,0.984592,1.09155,0.752066,0.952984,1.25855,0.90201,0,0.00416765,0.995832,0.89825,0.106962,0.270633
"New York, NY & NJ",2021169N23268,CLAUDETTE,2021,373.3,0,0,40,2,70,33.5,38.6286,1.12671,1.23407,0.867234,1.11581,0.943505,0.912999,0.0250614,0.0385398,0.986175,0.900377,0.107365,0.163843
"Philadelphia Regional Port, PA",2021169N23268,CLAUDETTE,2021,362.6,0,0,40,2,70,14.5,12.4571,0.506014,0.306013,1.16399,1.0771,1.31891,1.65357,0.0248048,0.0300874,0.994583,1.64461,-0.2,-0.0501833
"Plaquemines Port District, LA",2021169N23268,CLAUDETTE,2021,119.3,0,0,40,3,70,48.3333,55.8429,1.68847,1.98251,0.865524,0.979437,1.00467,0.851685,0.0250119,0.0461126,0.978358,0.833252,0.294037,0.2666
"Port Arthur, TX",2021169N23268,CLAUDETTE,2021,294,0,0,40,2,70,7.5,9.1,0.234299,0.324118,0.824176,1.14064,0.76895,0.722882,0,0.000718735,0.999281,0.722363,0.089819,0.0569878
"Port Freeport, TX",2021169N23268,CLAUDETTE,2021,426.6,0,0,40,2,70,7,8.54286,0.448281,0.375408,0.819398,0.900284,1.61872,1.19412,0,0.0071463,0.992854,1.18558,-0.0728735,0.0677994
"Port of Charleston, SC",2021169N23268,CLAUDETTE,2021,169.5,0,0,40,2,70,18.5,21.7571,0.599847,0.615596,0.850295,1.08182,1.05931,0.974416,0.0280785,0.0261977,1.00194,0.976302,0.0157493,0.0921576
"Port of Greater Baton Rouge, LA",2021169N23268,CLAUDETTE,2021,94.8,0,0,40,3,70,11.3333,11.2,0.688922,0.566964,1.0119,1.02554,1.17091,1.21511,0,0.00478973,0.99521,1.20929,-0.121958,-0.00674957
"Port of Savannah, GA",2021169N23268,CLAUDETTE,2021,233.8,0,0,40,2,70,17,16.6286,0.327058,0.3374,1.02234,0.905932,1.04662,0.969348,0.0147519,0.0088835,1.00596,0.975122,0.010342,-0.00753642
"South Jersey Port Corp, NJ",2021169N23268,CLAUDETTE,2021,314.6,0,0,40,2,70,11.5,13.3286,0.187437,0.252592,0.862808,1.24102,0.693012,0.742054,0.129484,0.0853716,1.05067,0.779657,0.0651552,0.0346536
"South Louisiana, LA, Port of",2021169N23268,CLAUDETTE,2021,13.6,0,0,40,3,70,33.6667,40.4429,1.24242,1.4113,0.83245,1.0041,1.05321,0.880337,0,0.00231574,0.997684,0.878298,0.16888,0.236463
"Texas City, TX",2021169N23268,CLAUDETTE,2021,373.4,0,0,40,2,70,7.5,6.24286,0.346583,0.363788,1.20137,0.985005,0.805085,0.952704,0.107061,0.00398979,1.11543,1.06267,0.0172056,-0.0732571
"Virginia, VA, Port of",2021169N23268,CLAUDETTE,2021,100.3,0,0,40,1,70,26,30.2857,0.426763,0.412517,0.858491,1.13545,1.06131,1.03454,0,0.0339881,0.966012,0.999374,-0.0142465,0.058375
"Jacksonville, FL",2021179N30287,DANNY,2021,244.5,0,0,40,2,70,11,11.0857,0.257981,0.165114,0.992268,1.17707,1.33774,1.56244,0.0228873,0.0231648,0.999716,1.562,-0.0928669,0.00127666
"Port of Charleston, SC",2021179N30287,DANNY,2021,91.4,0,0,40,2,70,23,20.8143,0.590549,0.586121,1.10501,0.990904,0.920176,1.00756,0.0181638,0.0292667,0.988692,0.996162,-0.00442836,-0.0615487
"Port of Savannah, GA",2021179N30287,DANNY,2021,52.1,0,0,40,2,70,11.5,16.9714,0.210531,0.338682,0.677609,1.04604,0.876989,0.621618,0.0130362,0.00851356,1.00458,0.624466,0.128151,0.109188
"Baltimore, MD",2021182N09317,ELSA,2021,146.5,0,1,50,2,70,18.5,19.6429,0.362317,0.312641,0.941818,1.14525,1.07442,1.15889,0.00744431,0.030759,0.97651,1.13167,-0.049676,0.01819
"Jacksonville, FL",2021182N09317,ELSA,2021,151.3,1,1,65,3,70,9.33333,11.2,0.232185,0.25657,0.833333,0.859114,1.26403,0.904955,0.0240534,0.026229,0.997771,0.902938,0.0243856,0.0427617
"Mobile, AL",2021182N09317,ELSA,2021,449.9,0,1,55,1,70,15,13.2286,0.169314,0.114289,1.13391,1.18593,1.10167,1.48145,0.0100803,0.00879305,1.0013,1.48338,-0.0550251,-0.0153044
"New York, NY & NJ",2021182N09317,ELSA,2021,90.9,0,1,50,1,70,39,38.9857,0.631831,0.626927,1.00037,1.19552,0.842694,1.00782,0.00826768,0.0422091,0.965776,0.973331,-0.00490469,-0.000229728
"Philadelphia Regional Port, PA",2021182N09317,ELSA,2021,94,0,1,50,1,70,10,13.1,0.218933,0.157908,0.763359,0.94232,1.92743,1.38645,0,0.0336848,0.966315,1.33975,-0.0610242,0.0373676
"Port Everglades, FL",2021182N09317,ELSA,2021,254.7,1,1,65,3,70,20,23.5857,0.456414,0.50232,0.847971,1.12388,0.953411,0.908613,0.0150395,0.0193578,0.995616,0.90463,0.0459053,0.0763672
"Port of Charleston, SC",2021182N09317,ELSA,2021,120.5,0,1,55,3,70,23.6667,20.3,0.842594,0.864634,1.16585,0.98452,0.849024,0.974509,0.0235645,0.032987,0.99035,0.965105,0.0220404,-0.143396
"Port of Palm Beach District, FL",2021182N09317,ELSA,2021,261.4,1,1,65,3,70,9,5.8,0.171941,0.0905641,1.55172,0.993351,1.2317,1.89855,0,0.0202508,0.979749,1.86011,-0.0813766,-0.0499664
"Port of Savannah, GA",2021182N09317,ELSA,2021,100.6,0,1,55,2,70,13.5,17.2143,0.361592,0.355127,0.784232,0.98287,1.32097,1.0182,0,0.0123239,0.987676,1.00566,-0.00646477,0.0766249
"PortMiami, FL",2021182N09317,ELSA,2021,241.1,1,1,65,3,70,16.6667,16.3143,0.251173,0.20407,1.0216,1.22482,0.983654,1.23082,0.00882246,0.012128,0.996665,1.22671,-0.047103,-0.00440781
"San Juan, PR",2021182N09317,ELSA,2021,359.9,1,1,70,1,70,15,12.0571,0.0991466,0.0802143,1.24408,1.07607,0.92329,1.23602,0,0.00969985,0.9903,1.22403,-0.0189324,-0.0195784
"South Jersey Port Corp, NJ",2021182N09317,ELSA,2021,59.4,0,1,50,2,70,11,13.0286,0.305734,0.231445,0.844298,1.37912,1.13448,1.32098,0.0135219,0.0768038,0.935851,1.23624,-0.0742884,0.0360364
"Tampa Port Authority, FL",2021182N09317,ELSA,2021,114,1,1,65,3,70,11.3333,12.4143,0.32983,0.450813,0.912927,1.00521,0.797259,0.731635,0,0.00752844,0.992472,0.726126,0.120983,0.0392537
"Virginia, VA, Port of",2021182N09317,ELSA,2021,80.2,0,1,50,2,70,30.5,31.0571,0.984627,0.822161,0.982061,1.09149,1.11726,1.19761,0.00209011,0.0271097,0.974928,1.16758,-0.162466,0.014749
"Baltimore, MD",2021222N14301,FRED,2021,241.7,-3,0,25,2,70,17,18.7571,0.175338,0.31376,0.906321,0.64142,0.961287,0.558828,0.0101934,0.0279577,0.982053,0.548798,0.138422,0.0293926
"Jacksonville, FL",2021222N14301,FRED,2021,359.5,0,0,55,2,70,9,10.8857,0.167894,0.162881,0.826772,1.04438,1.19377,1.03078,0.0100411,0.0180994,0.99186,1.02239,-0.0050131,0.0282156
"Mobile, AL",2021222N14301,FRED,2021,258.5,0,0,55,2,70,12.5,13.6143,0.21696,0.243817,0.918153,0.878482,1.10324,0.889851,0.0281145,0.0129989,1.01555,0.903691,0.0268562,0.0199556
"New Orleans, LA",2021222N14301,FRED,2021,443.6,0,0,55,2,70,31,37.2143,0.547968,0.74164,0.833013,0.980258,0.904836,0.73886,0,0.0136094,0.986391,0.728804,0.193672,0.123844
"New York, NY & NJ",2021222N14301,FRED,2021,208.4,-3,0,25,3,70,38,38.4857,1.58831,1.96007,0.987379,0.901575,0.910285,0.810333,0.0320557,0.0377085,0.99416,0.805601,0.371761,0.0247374
"Philadelphia Regional Port, PA",2021222N14301,FRED,2021,250.4,-3,0,25,3,70,10.6667,11.1143,0.467196,0.46343,0.959726,0.876201,1.19885,1.00813,0.00491066,0.0250114,0.9798,0.987762,-0.00376603,0.0186643
"Plaquemines Port District, LA",2021222N14301,FRED,2021,375.4,0,0,55,3,70,58.3333,64.5286,2.1043,1.9294,0.903992,0.902558,1.33674,1.09065,0.0255731,0.0364759,0.988811,1.07845,-0.174899,0.185237
"Port Everglades, FL",2021222N14301,FRED,2021,393.2,0,0,40,3,70,21.6667,23.7286,0.507202,0.520523,0.913105,0.96977,1.1004,0.974408,0.0095889,0.0136474,0.995902,0.970415,0.0133213,0.0452311
"Port of Charleston, SC",2021222N14301,FRED,2021,437,-1,0,25,2,70,22,20.2429,0.574705,0.54811,1.0868,0.932751,1.03433,1.04852,0.0336069,0.0325295,1.00111,1.04969,-0.0265952,-0.0475777
"Port of Palm Beach District, FL",2021222N14301,FRED,2021,425.2,0,0,45,3,70,6.66667,5.81429,0.0537185,0.0879624,1.1466,0.916571,0.581096,0.610699,0.0346703,0.0198002,1.0154,0.620106,0.0342439,-0.0128954
"Port of Savannah, GA",2021222N14301,FRED,2021,386.6,0,0,55,3,70,17.6667,17.1714,0.62706,0.524003,1.02884,1.06824,1.08883,1.19667,0.00618713,0.00703769,0.999144,1.19565,-0.103058,-0.0151127
"PortMiami, FL",2021222N14301,FRED,2021,333.6,0,0,40,3,70,16.6667,14.7286,0.187343,0.180163,1.13159,1.12849,0.814303,1.03986,0,0.0132722,0.986728,1.02606,-0.00718078,-0.0237071
"San Juan, PR",2021222N14301,FRED,2021,124.8,0,0,40,2,70,10,12.3143,0.119168,0.173922,0.812065,1.16106,0.726708,0.685181,0.020485,0.0108455,1.00984,0.691924,0.0547539,0.032686
"South Jersey Port Corp, NJ",2021222N14301,FRED,2021,296.1,-3,0,25,3,70,9.66667,12.7286,0.243858,0.381877,0.759446,0.775711,1.08397,0.638576,0.0086144,0.0784906,0.929517,0.593567,0.138019,0.091862
"South Louisiana, LA, Port of",2021222N14301,FRED,2021,488.5,0,0,55,2,70,43,42.2714,0.923879,0.852561,1.01724,1.00699,1.0579,1.08365,0,0.0107013,0.989299,1.07206,-0.0713187,-0.0146944
"Tampa Port Authority, FL",2021222N14301,FRED,2021,323,0,0,55,4,70,10.5,12.7714,0.527642,0.619562,0.822148,1.05286,0.983863,0.851636,0.00195549,0.00243944,0.999515,0.851223,0.0919206,0.110191
"Virginia, VA, Port of",2021222N14301,FRED,2021,487.5,-3,0,20,1,70,30,29.7714,0.314292,0.396839,1.00768,0.847552,0.927325,0.791991,0.0050143,0.0301439,0.974744,0.771988,0.0825461,-0.00304674
"San Juan, PR",2021225N15313,GRACE,2021,158.2,-1,3,33,2,70,9.5,12.4571,0.0764342,0.178424,0.762615,0.822242,0.683172,0.428385,0,0.0107585,0.989242,0.423776,0.10199,0.0423552
"Baltimore, MD",2021227N36297,HENRI,2021,307.6,1,1,65,3,70,20,18.9571,0.559696,0.4746,1.05501,1.05185,1.06271,1.1793,0,0.0360336,0.963966,1.13681,-0.0850959,-0.0261084
"New York, NY & NJ",2021227N36297,HENRI,2021,88.7,1,1,65,3,70,44,38.9143,2.3183,1.99532,1.13069,1.01918,1.00824,1.16187,0.0160468,0.0418286,0.973798,1.13142,-0.322976,-0.260769
"Philadelphia Regional Port, PA",2021227N36297,HENRI,2021,179.5,1,1,65,3,70,11.3333,11.2571,0.300042,0.459038,1.00677,1.04028,0.624101,0.653631,0.00534167,0.02708,0.978145,0.639346,0.158997,-0.00310686
"South Jersey Port Corp, NJ",2021227N36297,HENRI,2021,223.9,1,1,65,4,70,15,12.6857,0.593204,0.499883,1.18243,1.16827,0.859043,1.18669,0.0403847,0.0908743,0.947386,1.12425,-0.0933211,-0.0911948
"Virginia, VA, Port of",2021227N36297,HENRI,2021,439.1,1,1,65,2,70,31.5,30.1714,0.876435,0.788017,1.04403,1.19755,0.889557,1.1122,0.00919194,0.0325933,0.976382,1.08593,-0.0884173,-0.0346996
"Baltimore, MD",2021239N17281,IDA,2021,34,-4,4,40,2,70,17.5,18.7571,0.216554,0.304696,0.932978,0.909663,0.837427,0.710721,0.0178472,0.0471278,0.970187,0.689532,0.0881423,0.0204214
"Beaumont, TX",2021239N17281,IDA,2021,326,4,4,130,2,70,8,12.5857,0.391808,0.683104,0.635641,1.2998,0.694219,0.57357,0,0.00184499,0.998155,0.572512,0.291296,0.248895
"Galveston, TX",2021239N17281,IDA,2021,413.5,4,4,130,2,70,10.5,13.2429,0.649004,0.628214,0.79288,1.17947,1.1047,1.03309,0.0385219,0.0321728,1.0066,1.03992,-0.0207896,0.130116
"Houston Port Authority, TX",2021239N17281,IDA,2021,448.8,4,4,125,2,70,70,80.9857,2.05038,2.53493,0.86435,0.959042,0.975756,0.808851,0,0.00264596,0.997354,0.806711,0.484549,0.343864
"Lake Charles Harbor District, LA",2021239N17281,IDA,2021,251.6,4,4,130,3,70,7.33333,9.82857,0.240462,0.522642,0.746124,0.764833,0.806242,0.46009,0.0211471,0.034982,0.985866,0.453588,0.282179,0.132686
"Mobile, AL",2021239N17281,IDA,2021,254.5,4,4,130,3,70,4.66667,13.9571,0.25858,0.395432,0.334357,1.46517,1.33482,0.653919,0.0140771,0.0056615,1.00854,0.6595,0.136852,0.263216
"New Orleans, LA",2021239N17281,IDA,2021,59.5,4,4,130,3,70,16,41.5571,0.246637,1.27271,0.385012,0.811286,0.620414,0.193789,0.125299,0.00446488,1.13814,0.22056,1.02607,0.782699
"New York, NY & NJ",2021239N17281,IDA,2021,57.8,-4,4,40,2,70,43.5,39.2857,1.41711,1.33866,1.10727,1.06971,0.893742,1.0586,0.0162971,0.0510119,0.96471,1.02125,-0.0784518,-0.143602
"Philadelphia Regional Port, PA",2021239N17281,IDA,2021,56.7,-4,4,40,2,70,13.5,11.5286,0.444644,0.305934,1.171,1.21625,1.02048,1.4534,0.0126121,0.0365776,0.975728,1.41812,-0.13871,-0.0523158
"Plaquemines Port District, LA",2021239N17281,IDA,2021,67.2,4,4,130,4,70,24.5,71.3143,0.803381,3.01333,0.34355,1.02015,0.760715,0.266609,0.12917,0.0261419,1.11831,0.298151,2.20995,1.9781
"Port Arthur, TX",2021239N17281,IDA,2021,310.8,4,4,130,2,70,6,9.57143,0.272841,0.349542,0.626866,0.898692,1.38556,0.780567,0,0.000740295,0.99926,0.779989,0.076701,0.130426
"Port Freeport, TX",2021239N17281,IDA,2021,476.4,4,4,125,2,70,9,8.17143,0.511798,0.359508,1.1014,1.11036,1.16408,1.42361,0.00839149,0.0160342,0.992293,1.41264,-0.15229,-0.0364536
"Port of Greater Baton Rouge, LA",2021239N17281,IDA,2021,50.7,4,4,130,3,70,9,13.1571,0.376924,0.634696,0.684039,0.627844,1.38279,0.593865,0.125309,0.00619044,1.13618,0.67474,0.257772,0.200539
"PortMiami, FL",2021239N17281,IDA,2021,450.1,1,4,70,2,70,14,15.1,0.112867,0.11669,0.927152,0.87716,1.18933,0.967232,0.0179448,0.0134932,1.00453,0.971616,0.00382372,0.00850063
"South Jersey Port Corp, NJ",2021239N17281,IDA,2021,60.6,-4,4,40,2,70,14,12.5857,0.310153,0.227635,1.11237,1.1227,1.091,1.3625,0.011111,0.0972967,0.912846,1.24375,-0.082518,-0.0255799
"South Louisiana, LA, Port of",2021239N17281,IDA,2021,16.1,4,4,130,3,70,26.6667,47.2714,0.313532,1.45913,0.564118,0.627926,0.60661,0.214876,0.184123,0.00198151,1.22325,0.262847,1.14559,0.636007
"Tampa Port Authority, FL",2021239N17281,IDA,2021,494,1,4,80,1,70,13,11.8143,0.135256,0.143969,1.10036,1.05502,0.809265,0.939478,0,0.00336299,0.996637,0.936318,0.00871339,-0.0144492
"Texas City, TX",2021239N17281,IDA,2021,413.2,4,4,130,2,70,6.5,6.07143,0.289073,0.366992,1.07059,0.92311,0.797031,0.787682,0,0.00160329,0.998397,0.786419,0.077919,-0.0259054
"Virginia, VA, Port of",2021239N17281,IDA,2021,285.1,-4,4,38,2,70,27,30.5857,0.843756,0.732705,0.882765,1.08309,1.20442,1.15156,0,0.0437359,0.956264,1.1012,-0.111051,0.0858986
"Jacksonville, FL",2021252N28273,MINDY,2021,96.9,0,0,50,2,70,13,11.3571,0.202353,0.173267,1.14465,1.02686,0.993592,1.16786,0.0309618,0.0184933,1.01287,1.18289,-0.0290855,-0.0250638
"Mobile, AL",2021252N28273,MINDY,2021,267.6,0,0,50,2,70,10,12.8571,0.123857,0.266359,0.777778,0.940068,0.635972,0.465,0.0555457,0.00748112,1.05089,0.488665,0.142502,0.0591908
"New Orleans, LA",2021252N28273,MINDY,2021,362.2,0,0,50,2,70,36.5,41.1429,0.531351,0.837225,0.887153,0.954559,0.749443,0.634658,0.0939084,0.00243884,1.10095,0.698726,0.305874,0.0944785
"Plaquemines Port District, LA",2021252N28273,MINDY,2021,283,0,0,50,2,70,78.5,70.7714,1.36393,1.5233,1.1092,1.11923,0.721228,0.895376,0.0992412,0.0275943,1.07954,0.966595,0.159373,-0.166351
"Port of Charleston, SC",2021252N28273,MINDY,2021,158.8,0,0,35,2,70,20,19.4143,0.589803,0.550518,1.03017,0.952109,1.09229,1.07136,0.0421839,0.0297297,1.013,1.08529,-0.0392847,-0.0166087
"Port of Greater Baton Rouge, LA",2021252N28273,MINDY,2021,491.8,0,0,35,1,70,19,12.1857,0.349744,0.199615,1.5592,0.864398,1.29999,1.75209,0,0.00462677,0.995373,1.74398,-0.150129,-0.111626
"Port of Savannah, GA",2021252N28273,MINDY,2021,82.9,0,0,50,2,70,19,18.0143,0.419554,0.364808,1.05472,1.01279,1.07663,1.15007,0.0200688,0.00883988,1.01146,1.16324,-0.0547454,-0.0199618
"South Louisiana, LA, Port of",2021252N28273,MINDY,2021,402.4,0,0,45,2,70,40,48.5571,0.558817,0.997056,0.823772,0.930874,0.730891,0.560467,0.054207,0.00164075,1.05558,0.591617,0.438239,0.175709
"Tampa Port Authority, FL",2021252N28273,MINDY,2021,325.4,0,0,50,2,70,14,10.6714,0.271361,0.268481,1.31191,0.7696,1.00107,1.01073,0.0343874,0.00238919,1.03314,1.04422,-0.00287959,-0.0837431
"Beaumont, TX",2021256N21265,NICHOLAS,2021,6.1,1,1,65,5,70,9.6,12.6429,1.52699,1.69822,0.759322,1.08631,1.0901,0.899172,0,0.00132372,0.998676,0.897981,0.171229,0.408724
"Corpus Christi, TX",2021256N21265,NICHOLAS,2021,116.3,1,1,65,3,70,17.6667,19.7143,1.71222,1.96605,0.896135,0.905008,1.07384,0.870893,0.00165619,0.00554781,0.996102,0.867498,0.253831,0.204204
"Galveston, TX",2021256N21265,NICHOLAS,2021,39.8,1,1,65,5,70,12.2,13.0143,1.57572,1.60892,0.937431,0.995876,1.04906,0.979364,0.0411039,0.0353667,1.00598,0.985224,0.0332012,0.100668
"Houston Port Authority, TX",2021256N21265,NICHOLAS,2021,43.9,1,1,65,5,70,77.4,80.7571,5.64514,6.34033,0.958429,1.05517,0.880399,0.890354,0.00107245,0.00270999,0.998361,0.888895,0.69519,0.263573
"Lake Charles Harbor District, LA",2021256N21265,NICHOLAS,2021,44,1,1,65,5,70,10.2,9.22857,1.20125,0.88098,1.10526,1.06612,1.15716,1.36354,0.0243162,0.0365676,0.987443,1.34641,-0.320268,-0.0927348
"Mobile, AL",2021256N21265,NICHOLAS,2021,360.8,-1,1,25,3,70,14.3333,12.3,0.331083,0.408058,1.16531,0.936724,0.743296,0.811364,0.0170099,0.00728163,1.0099,0.819393,0.0769746,-0.0674567
"New Orleans, LA",2021256N21265,NICHOLAS,2021,165.6,0,1,35,4,70,44.25,38.0429,1.65836,1.50608,1.16316,1.10488,0.856794,1.10111,0.00186825,0.0070525,0.994806,1.0954,-0.152286,-0.245734
"Plaquemines Port District, LA",2021256N21265,NICHOLAS,2021,205.2,-1,1,30,3,70,84,67.1857,2.47217,2.18489,1.25027,1.18826,0.76161,1.13148,0.00299173,0.0314243,0.971482,1.09921,-0.287271,-0.546804
"Port Arthur, TX",2021256N21265,NICHOLAS,2021,27.7,1,1,65,5,70,6.4,9.27143,0.705975,0.846054,0.690293,0.998069,1.21115,0.834433,0,0.000620206,0.99938,0.833915,0.140079,0.262029
"Port Freeport, TX",2021256N21265,NICHOLAS,2021,12.3,1,1,65,5,70,6.6,8.15714,0.708184,0.936614,0.809107,0.871209,1.07265,0.756111,0.00733127,0.0159705,0.991297,0.749531,0.22843,0.178793
"Port of Greater Baton Rouge, LA",2021256N21265,NICHOLAS,2021,77.8,1,1,65,4,70,20.25,12.0857,1.1616,0.843562,1.67553,1.05411,0.779652,1.37702,0,0.0162422,0.983758,1.35465,-0.318037,-0.569853
"South Louisiana, LA, Port of",2021256N21265,NICHOLAS,2021,120.3,0,1,50,4,70,52.5,47.2,2.08448,1.91719,1.11229,1.11225,0.878849,1.08726,0.0019101,0.00801471,0.993884,1.08061,-0.167292,-0.215277
"Texas City, TX",2021256N21265,NICHOLAS,2021,16.9,1,1,65,5,70,3,6.57143,0.657932,0.945554,0.456522,1.29507,1.1769,0.695816,0,0.000353528,0.999646,0.69557,0.287623,0.513888
"New York, NY & NJ",2021259N30286,ODETTE,2021,479.6,0,0,40,1,70,35,40.0286,0.757444,0.684127,0.874375,1.19329,1.06113,1.10717,0.00839623,0.0360547,0.972107,1.07629,-0.0733164,0.0859432
"Philadelphia Regional Port, PA",2021259N30286,ODETTE,2021,478.3,0,0,40,2,70,11.5,10.7857,0.223958,0.293924,1.06623,0.931402,0.767265,0.761959,0,0.0208058,0.979194,0.746105,0.0699661,-0.0194652
"Port of Charleston, SC",2021259N30286,ODETTE,2021,441.9,-3,0,30,2,70,21,19.2857,0.666746,0.558364,1.08889,1.08298,1.0126,1.19411,0.0198263,0.0303968,0.989216,1.18123,-0.108383,-0.0496323
"South Jersey Port Corp, NJ",2021259N30286,ODETTE,2021,433.7,0,0,40,2,70,15.5,11.9714,0.296099,0.229163,1.29475,0.834857,1.19535,1.29209,0.111818,0.0721419,1.04467,1.34981,-0.0669367,-0.0675455
"Virginia, VA, Port of",2021259N30286,ODETTE,2021,303.3,0,0,40,3,70,27.6667,29.1714,1.12853,1.01941,0.948417,1.02043,1.14388,1.10704,0.0216073,0.0269003,0.99459,1.10105,-0.109119,0.0525846
"San Juan, PR",2021262N16307,PETER,2021,250.6,0,0,45,3,70,12.6667,12.4429,0.279838,0.221523,1.01799,1.22516,1.01286,1.26325,0.0128029,0.0072843,1.00559,1.27031,-0.058315,-0.00398454
"New York, NY & NJ",2021299N33284,WANDA,2021,340,-4,0,60,1,70,41,40.4143,0.77706,0.722087,1.01449,1.14992,0.922459,1.07613,0.00747189,0.0375008,0.969745,1.04357,-0.0549733,-0.010465
"Philadelphia Regional Port, PA",2021299N33284,WANDA,2021,419.1,-4,0,60,1,70,15,11.5857,0.203785,0.143882,1.2947,1.139,0.960444,1.41634,0,0.0165291,0.983471,1.39292,-0.0599031,-0.0424017
"Port of Charleston, SC",2021299N33284,WANDA,2021,354.1,-4,0,40,1,70,22,20.5571,0.305324,0.284801,1.07019,0.945286,1.05973,1.07206,0.00605245,0.0273997,0.978523,1.04904,-0.0205229,-0.0199895
"Port of Savannah, GA",2021299N33284,WANDA,2021,455.5,-4,0,35,1,70,18,18.5,0.174096,0.189039,0.972973,1.12603,0.840594,0.920953,0.0215951,0.0103211,1.01152,0.931565,0.014943,0.00510916
"South Jersey Port Corp, NJ",2021299N33284,WANDA,2021,415.7,-4,0,58,1,70,11,12.2571,0.128371,0.113573,0.897436,1.45118,0.867894,1.13029,0,0.0926734,0.907327,1.02555,-0.014798,0.0116486
"Virginia, VA, Port of",2021299N33284,WANDA,2021,360.8,-4,0,45,2,70,24,30.9857,0.48271,0.719701,0.77455,1.1369,0.761661,0.670709,0.0171591,0.0274425,0.989537,0.663692,0.236991,0.162256
"Jacksonville, FL",2022154N21273,ALEX,2022,364.4,0,0,45,2,70,15,12.3286,0.256626,0.206944,1.21669,1.04837,0.972194,1.24007,0.0160804,0.0415496,0.974115,1.20797,-0.0496817,-0.0448419
"Port Everglades, FL",2022154N21273,ALEX,2022,95.9,0,0,45,2,70,21,24.8143,0.375092,0.348298,0.846287,1.13632,1.11987,1.07693,0.00565974,0.0298621,0.97566,1.05072,-0.0267944,0.053538
"Port of Palm Beach District, FL",2022154N21273,ALEX,2022,57.4,0,0,45,2,70,2.5,5.3,0.0326279,0.0414194,0.471698,1.12459,1.48499,0.787743,0.00314057,0.0393544,0.963672,0.759126,0.00879157,0.021882
"PortMiami, FL",2022154N21273,ALEX,2022,140,0,0,45,2,70,16,15.6571,0.0924087,0.097367,1.0219,0.944381,0.983437,0.949077,0.00393203,0.0255296,0.978317,0.928498,0.00495822,-0.00213212
"Tampa Port Authority, FL",2022154N21273,ALEX,2022,175.6,0,0,43,2,70,10,12.3429,0.178149,0.250431,0.810185,1.02209,0.859058,0.711368,0.00395795,0.0209089,0.982982,0.699262,0.0722825,0.0475356
"Jacksonville, FL",2022183N32280,COLIN,2022,196.7,0,0,35,2,70,13.5,13.3714,0.180488,0.220724,1.00962,0.851678,0.950973,0.81771,0.168603,0.0351643,1.1605,0.948952,0.0402357,-0.00212235
"Port of Charleston, SC",2022183N32280,COLIN,2022,13,0,0,35,2,70,20,17.9571,0.333184,0.44804,1.11376,0.761559,0.876741,0.743649,0.224775,0.0381508,1.24074,0.922672,0.114856,-0.0509703
"Port of Savannah, GA",2022183N32280,COLIN,2022,41.3,0,0,35,2,70,19,19.1571,0.278146,0.370312,0.991797,0.804498,0.941362,0.751112,0.158267,0.0315632,1.15053,0.864174,0.0921663,0.00303761
"Tampa Port Authority, FL",2022183N32280,COLIN,2022,468.1,-1,0,33,1,70,14,11.7714,0.0846417,0.116729,1.18932,0.788385,0.773338,0.725115,0.00823946,0.0256222,0.982473,0.712406,0.032087,-0.0220991
"Virginia, VA, Port of",2022183N32280,COLIN,2022,415.3,0,0,35,1,70,28,26.1143,0.404697,0.250044,1.07221,1.18276,1.27625,1.6185,0,0.0330872,0.966913,1.56495,-0.154653,-0.0180557
"Corpus Christi, TX",2022232N20266,UNNAMED,2022,338,-3,-3,30,2,70,22,21.7286,1.88002,1.45729,1.01249,0.949182,1.34239,1.29008,0.00262867,0.0214416,0.981138,1.26575,-0.422737,-0.0182041
"San Juan, PR",2022246N18301,EARL,2022,207.6,0,2,60,4,70,11,11.4143,0.273173,0.321893,0.963705,0.926593,0.950369,0.848644,0,0.0172019,0.982798,0.834045,0.0487207,0.0116832
"San Juan, PR",2022257N16312,FIONA,2022,111.9,2,4,95,4,70,6.5,11.9143,0.147207,0.332469,0.545564,0.742001,1.09378,0.44277,0,0.00191119,0.998089,0.441924,0.185262,0.151086
"Jacksonville, FL",2022266N12294,IAN,2022,219.8,5,5,140,3,70,2.66667,13.4143,0.0907895,0.372675,0.198793,0.642834,1.90636,0.243616,0.0198753,0.0210956,0.998755,0.243312,0.281886,0.29859
"Port Everglades, FL",2022266N12294,IAN,2022,169.7,5,5,140,4,70,20,22.1286,0.406818,0.579649,0.903809,0.891407,0.871129,0.701835,0.00806619,0.0146642,0.993348,0.697167,0.172831,0.0557571
"Port of Charleston, SC",2022266N12294,IAN,2022,83.7,1,5,75,3,70,10.3333,17.8143,0.291484,0.782365,0.580059,0.811249,0.791734,0.372568,0.00987452,0.0180326,0.991761,0.369498,0.490881,0.328547
"Port of Palm Beach District, FL",2022266N12294,IAN,2022,127.1,5,5,140,4,70,3.75,5.14286,0.101335,0.085261,0.729167,0.928835,1.75487,1.18853,0,0.0142883,0.985712,1.17155,-0.0160743,0.0230915
"Port of Savannah, GA",2022266N12294,IAN,2022,201.4,1,5,75,3,70,5,18.3,0.0768173,0.577237,0.273224,0.441134,1.10412,0.133078,0,0.0150926,0.984907,0.131069,0.50042,0.419522
"PortMiami, FL",2022266N12294,IAN,2022,199.9,5,5,140,4,70,16,17.0571,0.158027,0.238736,0.938023,1.07686,0.655301,0.661934,0.00224471,0.00746812,0.994765,0.658469,0.0807083,0.014796
"Tampa Port Authority, FL",2022266N12294,IAN,2022,101.2,5,5,140,4,70,1.75,12.3286,0.0433592,0.622568,0.141947,0.836088,0.586837,0.0696457,0,0.00470614,0.995294,0.069318,0.579209,0.534196
"Virginia, VA, Port of",2022266N12294,IAN,2022,350.8,1,5,70,2,70,23,26.7143,0.577759,0.50653,0.860963,1.2712,1.04218,1.14062,0,0.0114374,0.988563,1.12757,-0.0712285,0.0704267
"Jacksonville, FL",2022311N21293,NICOLE,2022,180.8,1,1,65,2,70,11,12.6286,0.229541,0.226715,0.871041,1.11364,1.04375,1.01246,0,0.018441,0.981559,0.993794,-0.00282589,0.029237
"Mobile, AL",2022311N21293,NICOLE,2022,339.1,0,1,38,2,70,17.5,15.1286,0.226099,0.317811,1.15675,0.90906,0.676547,0.711427,0.00981258,0.0275647,0.982072,0.698673,0.0917115,-0.0498174
"Port Everglades, FL",2022311N21293,NICOLE,2022,143.3,1,1,65,2,70,13,25.0286,0.127908,0.352356,0.519406,0.889744,0.785494,0.363007,0.0143335,0.0110391,1.00334,0.364221,0.224448,0.16934
"Port of Charleston, SC",2022311N21293,NICOLE,2022,419.3,0,1,38,2,70,13,19.0286,0.415425,0.566929,0.683183,0.956658,1.12117,0.732764,0.0229001,0.0187406,1.00426,0.735883,0.151504,0.179612
"Port of Palm Beach District, FL",2022311N21293,NICOLE,2022,96.5,1,1,65,2,70,0.5,5.88571,0.00110346,0.0546787,0.0849515,0.139016,1.70884,0.0201807,0.00823967,0.0139429,0.994249,0.0200647,0.0535752,0.0500337
"Port of Savannah, GA",2022311N21293,NICOLE,2022,336.9,0,1,62,2,70,13.5,18.1143,0.269199,0.391582,0.745268,1.11312,0.828696,0.687466,0.0767371,0.0105026,1.07174,0.736784,0.122383,0.0997484
"PortMiami, FL",2022311N21293,NICOLE,2022,200.4,1,1,65,2,70,13.5,16.7714,0.0338551,0.122268,0.80494,0.966445,0.355933,0.276892,0,0.00695121,0.993049,0.274967,0.0884132,0.0238496
"San Juan, PR",2022311N21293,NICOLE,2022,254,-3,1,35,1,70,8,10.6571,0.065891,0.0778038,0.75067,0.976323,1.15553,0.846886,0,0.0050884,0.994912,0.842577,0.0119129,0.0193988
"Tampa Port Authority, FL",2022311N21293,NICOLE,2022,56.7,1,1,65,3,70,10.6667,11.9714,0.640862,0.604381,0.89101,1.15229,1.03279,1.06036,0.00155515,0.00231727,0.999237,1.05955,-0.036481,0.0658713
"South Jersey Port Corp, NJ",2023015N36289,UNNAMED,2023,477.4,-4,-2,45,1,70,20,13.6714,0.188004,0.156682,1.4629,0.836175,0.980921,1.19991,0.0173687,0.0766916,0.939629,1.12747,-0.0313218,-0.072529
"Virginia, VA, Port of",2023015N36289,UNNAMED,2023,451.9,-4,-2,45,1,70,23,28.9429,0.289266,0.33489,0.794669,1.11705,0.973053,0.863764,0,0.015771,0.984229,0.850142,0.0456239,0.0687631
"Mobile, AL",2023152N26274,ARLENE,2023,334.7,0,0,35,2,70,9,13.5429,0.184648,0.299504,0.664557,0.944667,0.982043,0.616512,0.0466096,0.0475786,0.998984,0.615885,0.114856,0.100466
"New Orleans, LA",2023152N26274,ARLENE,2023,411.1,0,0,35,2,70,34.5,29.4714,0.834571,0.694323,1.17063,1.0418,0.985598,1.20199,0,0.000881462,0.999119,1.20093,-0.140248,-0.118469
"Plaquemines Port District, LA",2023152N26274,ARLENE,2023,328.9,0,0,35,3,70,64.3333,53.0714,2.10666,1.77195,1.2122,1.01876,0.962711,1.18889,0.0368409,0.0432101,0.993387,1.18103,-0.334705,-0.376013
"Port Everglades, FL",2023152N26274,ARLENE,2023,408.1,-3,0,25,2,70,23,26.5,0.403213,0.36923,0.867925,1.00394,1.25328,1.09204,0.00679972,0.010308,0.996468,1.08818,-0.0339832,0.0487662
"Port of Palm Beach District, FL",2023152N26274,ARLENE,2023,453.8,-3,0,25,1,70,2,6,0.0140149,0.0248198,0.333333,0.929878,1.82175,0.564668,0,0.0119737,0.988026,0.557907,0.0108049,0.0165465
"PortMiami, FL",2023152N26274,ARLENE,2023,360.6,-3,0,25,2,70,12,14.9143,0.0606711,0.120359,0.804598,0.906776,0.690911,0.504082,0.0428895,0.0112211,1.03309,0.520761,0.0596884,0.0235185
"South Louisiana, LA, Port of",2023152N26274,ARLENE,2023,449.8,-1,0,33,2,70,45,40.9,1.0402,1.1912,1.10024,0.93481,0.849021,0.873235,0,0.00105365,0.998946,0.872315,0.151002,-0.119411
"Tampa Port Authority, FL",2023152N26274,ARLENE,2023,349.4,0,0,35,4,70,10.5,10.7857,0.424563,0.531635,0.97351,1.00284,0.818009,0.7986,0,0.00149234,0.998508,0.797408,0.107072,0.014083
"San Juan, PR",2023232N13300,FRANKLIN,2023,397,0,4,60,7,70,11.4286,12.0571,0.462328,0.535606,0.947867,0.935826,0.973111,0.863188,0.0070709,0.0110329,0.99601,0.859743,0.0732775,0.0279226
"Beaumont, TX",2023234N25271,HAROLD,2023,424.3,0,0,50,1,70,18,14.3714,0.556602,0.35508,1.25249,0.991169,1.2627,1.56754,0,0.00500181,0.994998,1.5597,-0.201523,-0.0896523
"Corpus Christi, TX",2023234N25271,HAROLD,2023,83,0,0,50,2,70,24.5,22.9,1.90586,1.59164,1.06987,1.06735,1.04859,1.19742,0,0.00644349,0.993557,1.1897,-0.314218,-0.111206
"Galveston, TX",2023234N25271,HAROLD,2023,311.1,0,0,50,1,70,13,12.0143,0.248572,0.247778,1.08205,0.882583,1.05048,1.0032,0.0337119,0.0471127,0.986132,0.989291,-0.00079387,-0.020329
"Houston Port Authority, TX",2023234N25271,HAROLD,2023,354,0,0,50,1,70,67,78.4714,1.30399,1.38311,0.853814,0.955213,1.15599,0.942795,0,0.00361899,0.996381,0.939383,0.0791206,0.202191
"Lake Charles Harbor District, LA",2023234N25271,HAROLD,2023,449.6,0,0,50,1,70,9,9.95714,0.175623,0.216839,0.903874,1.07561,0.833073,0.809925,0.0139798,0.0507654,0.962693,0.779709,0.0412157,0.0208439
"Port Arthur, TX",2023234N25271,HAROLD,2023,420.6,0,0,50,1,70,9,8.64286,0.14963,0.143702,1.04132,1.36926,0.73027,1.04125,0,0.00483346,0.995167,1.03622,-0.00592811,-0.0059381
"Port Freeport, TX",2023234N25271,HAROLD,2023,274.5,0,0,50,2,70,5,8.12857,0.105135,0.375039,0.615114,0.861583,0.528957,0.280332,0.00753614,0.0209845,0.986449,0.276534,0.269903,0.144347
"Texas City, TX",2023234N25271,HAROLD,2023,329.3,0,0,50,1,70,6,7.91429,0.185548,0.241801,0.758123,1.03372,0.979168,0.767358,0.0219445,0.0049557,1.01737,0.780687,0.0562529,0.0584861
"Jacksonville, FL",2023239N21274,IDALIA,2023,125.7,4,4,115,2,70,8.5,13.3429,0.0714989,0.220596,0.637045,0.492622,1.0328,0.324117,0.0574282,0.035661,1.02309,0.331602,0.149097,0.0800664
"Mobile, AL",2023239N21274,IDALIA,2023,423.3,4,4,115,1,70,12,14.1571,0.189185,0.174477,0.847629,1.10226,1.16053,1.08429,0.0431756,0.0253356,1.01865,1.10451,-0.0147073,0.0265854
"Plaquemines Port District, LA",2023239N21274,IDALIA,2023,499.9,3,4,105,1,70,46,56.2571,0.535889,0.633987,0.817674,0.963411,1.07301,0.845267,0.0131101,0.0351529,0.977664,0.826387,0.0980987,0.115592
"Port Everglades, FL",2023239N21274,IDALIA,2023,430.3,4,4,115,2,70,23.5,26.0857,0.311596,0.301352,0.900876,1.01098,1.1353,1.03399,0.0186404,0.0123076,1.00645,1.04067,-0.0102439,0.0298712
"Port of Charleston, SC",2023239N21274,IDALIA,2023,23.4,3,4,100,2,70,9,16.1143,0.175618,0.346861,0.558511,0.921621,0.983626,0.506307,0.0158367,0.026274,0.989395,0.500937,0.171243,0.153135
"Port of Palm Beach District, FL",2023239N21274,IDALIA,2023,418.2,4,4,115,2,70,5.5,4.6,0.0537649,0.0383213,1.19565,1.1755,0.998229,1.403,0.0503453,0.0378999,1.01311,1.42139,-0.0154436,-0.00749765
"Port of Savannah, GA",2023239N21274,IDALIA,2023,64.7,4,4,115,2,70,7.5,18.6857,0.0522912,0.398409,0.401376,0.358698,0.91163,0.13125,0,0.0127535,0.987246,0.129576,0.346118,0.238497
"PortMiami, FL",2023239N21274,IDALIA,2023,433.2,3,4,105,2,70,12.5,13.7571,0.0563126,0.0951625,0.908619,1.02455,0.635658,0.591752,0.0043347,0.0131302,0.991166,0.586524,0.0388499,0.00869606
"Tampa Port Authority, FL",2023239N21274,IDALIA,2023,215.7,4,4,115,2,70,2,11.6,0.0308048,0.254675,0.172414,0.29219,2.40102,0.120957,0,0.00407642,0.995924,0.120464,0.22387,0.210765
"Virginia, VA, Port of",2023239N21274,IDALIA,2023,358.1,0,4,55,1,70,26,29.8286,0.362526,0.311445,0.871648,0.99067,1.34799,1.16401,0,0.0148718,0.985128,1.1467,-0.0510807,0.0399748
"Baltimore, MD",2023265N29284,OPHELIA,2023,61.1,0,0,50,2,70,20,19.9429,0.32913,0.329264,1.00287,1.15286,0.864577,0.999591,0,0.0140373,0.985963,0.98556,0.000134545,-0.000943451
"New York, NY & NJ",2023265N29284,OPHELIA,2023,316.4,-4,0,25,1,70,42,43.4286,0.746825,0.690987,0.967105,1.06886,1.04557,1.08081,0.00683846,0.0231269,0.983599,1.06308,-0.0558383,0.0227298
"Philadelphia Regional Port, PA",2023265N29284,OPHELIA,2023,205.7,0,0,40,2,70,11.5,12.2714,0.214545,0.297615,0.937136,1.11438,0.690281,0.720881,0,0.00437553,0.995624,0.717726,0.0830701,0.0187092
"Port of Charleston, SC",2023265N29284,OPHELIA,2023,285.9,0,0,60,3,70,17.6667,15.4714,0.538887,0.495389,1.14189,1.04707,0.909809,1.08781,0.0234228,0.0249325,0.998454,1.08612,-0.0434984,-0.0702906
"Port of Palm Beach District, FL",2023265N29284,OPHELIA,2023,486.3,-4,0,30,1,70,7,3.3,0.0248444,0.0139215,2.12121,0.900499,0.934279,1.78461,0.031901,0.086498,0.943604,1.68397,-0.010923,-0.0156089
"Port of Savannah, GA",2023265N29284,OPHELIA,2023,420.4,0,0,60,2,70,20,16.9,0.420716,0.336555,1.18343,1.03279,1.02276,1.25006,0.00853392,0.00783464,1.00071,1.25095,-0.0841603,-0.061735
"South Jersey Port Corp, NJ",2023265N29284,OPHELIA,2023,185,0,0,45,2,70,15.5,12.8429,0.49951,0.244598,1.2069,1.67297,1.01143,2.04217,0.034588,0.0797152,0.953256,1.94671,-0.254912,-0.0506065
"Virginia, VA, Port of",2023265N29284,OPHELIA,2023,113.6,0,0,60,3,70,23,27.3857,0.979203,0.926127,0.839854,1.12747,1.11659,1.05731,0.00160349,0.0158885,0.985692,1.04218,-0.0530763,0.148316
"San Juan, PR",2023266N16323,PHILIPPE,2023,150.7,0,0,45,3,70,11.3333,11.1429,0.243045,0.216895,1.01709,1.015,1.08545,1.12056,0,0.00783189,0.992168,1.11179,-0.0261498,-0.00370761
"San Juan, PR",2023292N13309,TAMMY,2023,292.2,1,2,80,2,70,8.5,11.2429,0.158229,0.150928,0.756036,1.2056,1.1502,1.04837,0,0.0114667,0.988533,1.03635,-0.00730097,0.036821
