port,SID,name,season,min_dist_km,sshs_max,sshs_storm_lifetime,wind_max_kt,landfall_in_window,excess_days,total_excess,total_excess_value,t_initial_disruption,t_start_recovery,t_end_disruption,disruption_days,recovery_days,recovery_observed,days_at_zero,total_impact,total_impact_value,max_impact,observed_in_window,baseline_in_window
"Albany Port District, NY",2015126N27281,ANA,2015,329.5,-3,0,28,0,0,0,0,,,,0,0,0,0,0,0,0,,
"Albany Port District, NY",2016242N24279,HERMINE,2016,330,-4,1,55,1,0,0,0,,,,0,0,0,0,0,0,0,,
"Albany Port District, NY",2017247N09327,JOSE,2017,494.9,-3,4,35,0,0,0,0,,,,0,0,0,0,0,0,0,,
"Albany Port District, NY",2017277N11279,NATE,2017,120,-4,1,25,1,2,2.8519,48.607,,,,0,0,0,0,0,0,0,,
"Albany Port District, NY",2018242N13343,FLORENCE,2018,65.3,-4,4,25,1,3,4.1336,91.604,,,,0,0,0,0,0,0,0,,
"Albany Port District, NY",2018280N18273,MICHAEL,2018,478.3,-4,5,60,0,0,0,0,,,,0,0,0,0,0,0,0,,
"Albany Port District, NY",2020188N28271,FAY,2020,38.8,0,0,50,1,0,0,0,,,,0,0,0,0,0,0,0,,
"Albany Port District, NY",2020211N13306,ISAIAS,2020,31.2,0,1,58,1,0,0,0,,,,0,0,0,0,0,0,0,,
"Albany Port District, NY",2020299N18277,ZETA,2020,392.9,-4,3,45,0,0,0,0,,,,0,0,0,0,0,0,0,,
"Albany Port District, NY",2021182N09317,ELSA,2021,222.5,0,1,50,1,1,0.2414,5.796,,,,0,0,0,0,0,0,0,,
"Albany Port District, NY",2021222N14301,FRED,2021,24,-3,0,25,1,2,2.6226,61.988,,,,0,0,0,0,0,0,0,,
"Albany Port District, NY",2021227N36297,HENRI,2021,96,1,1,65,1,0,0,0,,,,0,0,0,0,0,0,0,,
"Albany Port District, NY",2021239N17281,IDA,2021,243.7,-4,4,40,1,2,3.6402,84.005,,,,0,0,0,0,0,0,0,,
"Albany Port District, NY",2021299N33284,WANDA,2021,376.5,-4,0,60,0,0,0,0,,,,0,0,0,0,0,0,0,,
"Albany Port District, NY",2023265N29284,OPHELIA,2023,493.6,-4,0,20,1,0,0,0,,,,0,0,0,0,0,0,0,,
"Baltimore, MD",2015126N27281,ANA,2015,194.6,-1,0,30,1,2,0.0415,15.151,,,,0,0,0,0,0,0,0,,
"Baltimore, MD",2015167N27266,BILL,2015,408.7,-3,0,15,1,4,0.6397,204.159,,,,0,0,0,0,0,0,0,,
"Baltimore, MD",2015193N35285,CLAUDETTE,2015,457.2,-3,0,25,0,2,0.1314,41.934,,,,0,0,0,0,0,0,0,,
"Baltimore, MD",2016148N27288,BONNIE,2016,461.4,-1,0,30,0,0,0,0,,,,0,0,0,0,0,0,0,,
"Baltimore, MD",2016158N22272,COLIN,2016,474.6,-4,0,50,0,2,0.522,188.089,,,,0,0,0,0,0,0,0,,
"Baltimore, MD",2016242N24279,HERMINE,2016,353.8,0,1,60,1,0,0,0,2016-09-05,2016-09-05,2016-09-06,1,1,0,0,0.4222,120.674,0.4222,165.173,285.847
"Baltimore, MD",2016257N27280,JULIA,2016,422.4,-4,0,25,1,1,0.0175,6.691,,,,0,0,0,0,0,0,0,,
"Baltimore, MD",2017171N24271,CINDY,2017,172.6,-3,0,25,1,0,0,0,,,,0,0,0,0,0,0,0,,
"Baltimore, MD",2017240N31279,UNNAMED,2017,455.2,-4,-3,40,0,0,0,0,,,,0,0,0,0,0,0,0,,
"Baltimore, MD",2017260N12310,MARIA,2017,495.7,1,5,65,0,0,0,0,,,,0,0,0,0,0,0,0,,
"Baltimore, MD",2017277N11279,NATE,2017,369.7,-4,1,25,1,0,0,0,,,,0,0,0,0,0,0,0,,
"Baltimore, MD",2018242N13343,FLORENCE,2018,212,-4,4,25,1,2,0.2733,101.855,,,,0,0,0,0,0,0,0,,
"Baltimore, MD",2018280N18273,MICHAEL,2018,272.1,0,5,60,1,0,0,0,2018-10-08,2018-10-12,2018-10-14,6,2,1,0,1.8573,567.557,0.3893,1269.28,1836.84
"Baltimore, MD",2019236N10314,DORIAN,2019,437.7,2,5,85,0,0,0,0,,,,0,0,0,0,0,0,0,,
"Baltimore, MD",2019291N22264,NESTOR,2019,238.9,-4,0,40,1,0,0,0,,,,0,0,0,0,0,0,0,,
"Baltimore, MD",2020138N28281,ARTHUR,2020,456.1,0,0,50,0,1,0.0005,0.187,,,,0,0,0,0,0,0,0,,
"Baltimore, MD",2020148N32281,BERTHA,2020,346.6,-4,0,20,1,0,0,0,,,,0,0,0,0,0,0,0,,
"Baltimore, MD",2020188N28271,FAY,2020,189.4,0,0,50,1,0,0,0,,,,0,0,0,0,0,0,0,,
"Baltimore, MD",2020211N13306,ISAIAS,2020,53.1,0,1,60,1,0,0,0,,,,0,0,0,0,0,0,0,,
"Baltimore, MD",2020228N37286,KYLE,2020,375.8,0,0,38,0,0,0,0,,,,0,0,0,0,0,0,0,,
"Baltimore, MD",2020299N18277,ZETA,2020,158.8,-4,3,45,1,0,0,0,,,,0,0,0,0,0,0,0,,
"Baltimore, MD",2021169N23268,CLAUDETTE,2021,351.7,0,0,40,1,0,0,0,,,,0,0,0,0,0,0,0,,
"Baltimore, MD",2021182N09317,ELSA,2021,146.5,0,1,50,1,0,0,0,,,,0,0,0,0,0,0,0,,
"Baltimore, MD",2021222N14301,FRED,2021,241.7,-3,0,25,1,0,0,0,2021-08-18,2021-08-19,2021-08-20,2,1,0,0,0.9172,298.322,0.6002,352.146,650.468
"Baltimore, MD",2021227N36297,HENRI,2021,307.6,1,1,65,1,0,0,0,,,,0,0,0,0,0,0,0,,
"Baltimore, MD",2021239N17281,IDA,2021,34,-4,4,40,1,0,0,0,2021-09-02,2021-09-02,2021-09-03,1,1,0,0,0.3415,109.922,0.3415,212,321.922
"Baltimore, MD",2023265N29284,OPHELIA,2023,61.1,0,0,50,1,0,0,0,,,,0,0,0,0,0,0,0,,
"Beaumont, TX",2015167N27266,BILL,2015,278.8,0,0,50,1,0,0,0,,,,0,0,0,0,0,0,0,,
"Beaumont, TX",2017171N24271,CINDY,2017,42.3,0,0,50,1,0,0,0,2017-06-23,2017-06-27,2017-06-28,5,1,0,0,3.8303,2276.98,0.9669,702.447,2979.43
"Beaumont, TX",2017228N14314,HARVEY,2017,63.9,4,4,115,1,0,0,0,,,,0,0,0,0,0,0,0,,
"Beaumont, TX",2017277N11279,NATE,2017,475.9,1,1,75,1,0,0,0,,,,0,0,0,0,0,0,0,,
"Beaumont, TX",2018246N22283,GORDON,2018,446.6,0,0,38,1,0,0,0,,,,0,0,0,0,0,0,0,,
"Beaumont, TX",2019192N29274,BARRY,2019,130.5,1,1,65,1,0,0,0,2019-07-11,2019-07-11,2019-07-13,2,2,1,0,0.8312,538.114,0.4262,756.53,1294.64
"Beaumont, TX",2019261N28264,IMELDA,2019,102.5,0,0,40,1,0,0,0,,,,0,0,0,0,0,0,0,,
"Beaumont, TX",2019299N25265,OLGA,2019,317,0,0,45,1,0,0,0,,,,0,0,0,0,0,0,0,,
"Beaumont, TX",2020154N19269,CRISTOBAL,2020,311.1,0,0,45,1,0,0,0,2020-06-09,2020-06-09,2020-06-10,1,1,0,0,0.4447,223.671,0.4447,279.33,503.001
"Beaumont, TX",2020205N26272,HANNA,2020,317.6,1,1,80,1,0,0,0,,,,0,0,0,0,0,0,0,,
"Beaumont, TX",2020233N14313,LAURA,2020,85.6,4,4,130,1,0,0,0,2020-08-24,2020-09-01,2020-09-03,10,2,1,0,7.7224,3111.85,0.8259,920.415,4032.27
"Beaumont, TX",2020234N14280,MARCO,2020,207.1,0,1,35,0,0,0,0,2020-08-24,2020-09-01,2020-09-03,10,2,1,0,7.7482,3158.61,0.8281,920.415,4079.03
"Beaumont, TX",2020261N21265,BETA,2020,17.1,0,0,55,1,0,0,0,,,,0,0,0,0,0,0,0,,
"Beaumont, TX",2020279N16284,DELTA,2020,104,3,4,105,1,0,0,0,2020-10-09,2020-10-10,2020-10-11,2,1,0,0,1.225,492.532,0.6414,311.043,803.574
"Beaumont, TX",2020299N18277,ZETA,2020,354.9,3,3,100,1,0,0,0,,,,0,0,0,0,0,0,0,,
"Beaumont, TX",2021169N23268,CLAUDETTE,2021,317.9,0,0,40,1,0,0,0,,,,0,0,0,0,0,0,0,,
"Beaumont, TX",2021239N17281,IDA,2021,326,4,4,130,1,0,0,0,,,,0,0,0,0,0,0,0,,
"Beaumont, TX",2021256N21265,NICHOLAS,2021,6.1,1,1,65,1,0,0,0,,,,0,0,0,0,0,0,0,,
"Beaumont, TX",2023234N25271,HAROLD,2023,424.3,0,0,50,0,2,0.2989,258.43,,,,0,0,0,0,0,0,0,,
"Boston, MA",2015126N27281,ANA,2015,172,-3,0,28,0,0,0,0,,,,0,0,0,0,0,0,0,,
"Boston, MA",2016158N22272,COLIN,2016,463.5,-4,0,50,0,0,0,0,,,,0,0,0,0,0,0,0,,
"Boston, MA",2016242N24279,HERMINE,2016,106.8,-4,1,55,1,0,0,0,2016-09-05,2016-09-05,2016-09-06,1,1,0,0,0.493,58.161,0.493,59.818,117.979
"Boston, MA",2017247N09327,JOSE,2017,324.7,0,4,60,0,2,0.3956,75.085,2017-09-22,2017-09-22,2017-09-23,1,1,0,0,0.4401,63.097,0.4401,80.264,143.36
"Boston, MA",2017277N11279,NATE,2017,223.6,-4,1,25,1,1,0.0669,11.983,,,,0,0,0,0,0,0,0,,
"Boston, MA",2018242N13343,FLORENCE,2018,192.1,-4,4,25,1,0,0,0,,,,0,0,0,0,0,0,0,,
"Boston, MA",2018280N18273,MICHAEL,2018,328.5,-4,5,60,0,0,0,0,,,,0,0,0,0,0,0,0,,
"Boston, MA",2019236N10314,DORIAN,2019,379.2,2,5,85,0,0,0,0,,,,0,0,0,0,0,0,0,,
"Boston, MA",2019239N32287,ERIN,2019,474.8,-4,0,35,0,0,0,0,,,,0,0,0,0,0,0,0,,
"Boston, MA",2019282N35286,MELISSA,2019,426.7,-2,0,55,0,0,0,0,,,,0,0,0,0,0,0,0,,
"Boston, MA",2020188N28271,FAY,2020,257.1,0,0,50,1,0,0,0,,,,0,0,0,0,0,0,0,,
"Boston, MA",2020211N13306,ISAIAS,2020,253.2,0,1,55,1,0,0,0,,,,0,0,0,0,0,0,0,,
"Boston, MA",2020228N37286,KYLE,2020,465.2,0,0,45,0,0,0,0,,,,0,0,0,0,0,0,0,,
"Boston, MA",2020299N18277,ZETA,2020,320.9,-4,3,45,0,0,0,0,,,,0,0,0,0,0,0,0,,
"Boston, MA",2021169N23268,CLAUDETTE,2021,395.6,0,0,40,0,0,0,0,,,,0,0,0,0,0,0,0,,
"Boston, MA",2021182N09317,ELSA,2021,37.1,0,1,50,1,0,0,0,,,,0,0,0,0,0,0,0,,
"Boston, MA",2021222N14301,FRED,2021,29.7,-4,0,25,1,0,0,0,,,,0,0,0,0,0,0,0,,
"Boston, MA",2021227N36297,HENRI,2021,46.7,1,1,65,1,2,0.0698,8.361,,,,0,0,0,0,0,0,0,,
"Boston, MA",2021239N17281,IDA,2021,147.8,-4,4,40,1,0,0,0,,,,0,0,0,0,0,0,0,,
"Boston, MA",2021299N33284,WANDA,2021,166.5,-4,0,60,0,0,0,0,,,,0,0,0,0,0,0,0,,
"Boston, MA",2023249N12320,LEE,2023,385,-4,5,70,0,1,0.0637,15.945,,,,0,0,0,0,0,0,0,,
"Bridgeport, CT",2015126N27281,ANA,2015,166.2,-1,0,30,1,0,0,0,,,,0,0,0,0,0,0,0,,
"Bridgeport, CT",2016158N22272,COLIN,2016,447.8,-4,0,50,0,0,0,0,,,,0,0,0,0,0,0,0,,
"Bridgeport, CT",2016242N24279,HERMINE,2016,202.4,-4,1,55,1,0,0,0,2016-09-03,2016-09-17,2016-09-18,15,1,0,0,4.3268,112.057,0.3776,276.091,388.148
"Bridgeport, CT",2017247N09327,JOSE,2017,357.8,0,4,60,0,0,0,0,2017-09-24,2017-10-02,2017-10-03,9,1,0,0,2.8332,72.749,0.7798,157.626,230.376
"Bridgeport, CT",2017277N11279,NATE,2017,291.3,-4,1,25,1,0,0,0,,,,0,0,0,0,0,0,0,,
"Bridgeport, CT",2018242N13343,FLORENCE,2018,112.9,-4,4,25,1,0,0,0,,,,0,0,0,0,0,0,0,,
"Bridgeport, CT",2018280N18273,MICHAEL,2018,320.2,-4,5,60,0,0,0,0,,,,0,0,0,0,0,0,0,,
"Bridgeport, CT",2019236N10314,DORIAN,2019,438.9,2,5,85,0,0,0,0,,,,0,0,0,0,0,0,0,,
"Bridgeport, CT",2019239N32287,ERIN,2019,485.1,-4,0,35,0,0,0,0,,,,0,0,0,0,0,0,0,,
"Bridgeport, CT",2019282N35286,MELISSA,2019,433.1,-2,0,55,0,0,0,0,,,,0,0,0,0,0,0,0,,
"Bridgeport, CT",2019291N22264,NESTOR,2019,425.1,-4,0,40,0,0,0,0,,,,0,0,0,0,0,0,0,,
"Bridgeport, CT",2020188N28271,FAY,2020,90.8,0,0,50,1,0,0,0,,,,0,0,0,0,0,0,0,,
"Bridgeport, CT",2020211N13306,ISAIAS,2020,162.9,0,1,60,1,0,0,0,,,,0,0,0,0,0,0,0,,
"Bridgeport, CT",2020228N37286,KYLE,2020,401.2,0,0,45,0,2,0.5811,16.1,,,,0,0,0,0,0,0,0,,
"Bridgeport, CT",2020299N18277,ZETA,2020,226.4,-4,3,45,0,0,0,0,,,,0,0,0,0,0,0,0,,
"Bridgeport, CT",2021169N23268,CLAUDETTE,2021,376.1,0,0,40,0,3,0.6525,18.016,,,,0,0,0,0,0,0,0,,
"Bridgeport, CT",2021182N09317,ELSA,2021,81.6,0,1,50,1,2,0.1958,6.04,,,,0,0,0,0,0,0,0,,
"Bridgeport, CT",2021222N14301,FRED,2021,170.1,-3,0,25,1,0,0,0,2021-08-18,2021-08-19,2021-08-20,2,1,0,0,0.8154,19.926,0.5068,28.825,48.752
"Bridgeport, CT",2021227N36297,HENRI,2021,25.2,1,1,65,1,3,0.232,7.314,,,,0,0,0,0,0,0,0,,
"Bridgeport, CT",2021239N17281,IDA,2021,73.3,-4,4,40,1,2,0.2962,8.808,,,,0,0,0,0,0,0,0,,
"Bridgeport, CT",2021259N30286,ODETTE,2021,479.4,0,0,40,0,0,0,0,,,,0,0,0,0,0,0,0,,
"Bridgeport, CT",2021299N33284,WANDA,2021,271.6,-4,0,60,0,0,0,0,,,,0,0,0,0,0,0,0,,
"Bridgeport, CT",2023265N29284,OPHELIA,2023,405.1,-4,0,20,1,10,2.4426,98.392,,,,0,0,0,0,0,0,0,,
"Brownsville, TX",2015167N27266,BILL,2015,252.2,0,0,50,1,2,0.681,48.266,2015-06-17,2015-06-18,2015-06-19,2,1,0,0,1.414,62.991,0.8285,26.005,88.996
"Brownsville, TX",2017171N24271,CINDY,2017,477.1,0,0,48,0,0,0,0,,,,0,0,0,0,0,0,0,,
"Brownsville, TX",2017228N14314,HARVEY,2017,151.2,4,4,115,1,0,0,0,2017-08-25,2017-08-25,2017-08-27,2,2,1,0,1.479,43.316,0.7818,15.247,58.563
"Brownsville, TX",2017249N22263,KATIA,2017,405.1,0,2,55,0,0,0,0,,,,0,0,0,0,0,0,0,,
"Brownsville, TX",2019246N24266,FERNAND,2019,189.2,0,0,45,1,0,0,0,,,,0,0,0,0,0,0,0,,
"Brownsville, TX",2019261N28264,IMELDA,2019,304.8,0,0,40,1,0,0,0,,,,0,0,0,0,0,0,0,,
"Brownsville, TX",2019291N22264,NESTOR,2019,430.7,-3,0,45,0,0,0,0,,,,0,0,0,0,0,0,0,,
"Brownsville, TX",2019299N25265,OLGA,2019,301.3,0,0,43,0,0,0,0,,,,0,0,0,0,0,0,0,,
"Brownsville, TX",2020205N26272,HANNA,2020,75.7,1,1,80,1,0,0,0,2020-07-25,2020-07-26,2020-07-28,3,2,1,0,2.2344,71.777,0.8474,24.605,96.382
"Brownsville, TX",2020261N21265,BETA,2020,263,0,0,55,1,0,0,0,,,,0,0,0,0,0,0,0,,
"Brownsville, TX",2020279N16284,DELTA,2020,372.2,3,4,105,0,0,0,0,,,,0,0,0,0,0,0,0,,
"Brownsville, TX",2021256N21265,NICHOLAS,2021,72.9,1,1,65,1,0,0,0,,,,0,0,0,0,0,0,0,,
"Brownsville, TX",2022232N20266,UNNAMED,2022,137.3,-3,-3,30,0,0,0,0,,,,0,0,0,0,0,0,0,,
"Brownsville, TX",2023234N25271,HAROLD,2023,119.7,0,0,50,1,0,0,0,2023-08-21,2023-08-22,2023-08-24,3,2,1,0,2.3265,69.702,0.8196,20.088,89.79
"Calhoun Port Authority, TX",2015167N27266,BILL,2015,26.5,0,0,50,1,0,0,0,2015-06-16,2015-06-19,2015-06-20,4,1,0,0,3.6337,132.645,0.9151,13.362,146.007
"Calhoun Port Authority, TX",2017171N24271,CINDY,2017,297.9,0,0,50,1,1,0.0485,2.622,,,,0,0,0,0,0,0,0,,
"Calhoun Port Authority, TX",2017228N14314,HARVEY,2017,5,4,4,115,1,0,0,0,2017-08-23,2017-08-24,2017-09-04,12,11,1,10,11.7766,399.542,1,7.599,407.141
"Calhoun Port Authority, TX",2019192N29274,BARRY,2019,414.7,1,1,65,1,2,0.73,39.83,,,,0,0,0,0,0,0,0,,
"Calhoun Port Authority, TX",2019246N24266,FERNAND,2019,478.6,0,0,40,1,0,0,0,,,,0,0,0,0,0,0,0,,
"Calhoun Port Authority, TX",2019261N28264,IMELDA,2019,89.4,0,0,40,1,0,0,0,,,,0,0,0,0,0,0,0,,
"Calhoun Port Authority, TX",2019299N25265,OLGA,2019,418.2,0,0,45,0,0,0,0,2019-10-25,2019-10-25,2019-10-26,1,1,0,1,1,26.606,1,0,26.606
"Calhoun Port Authority, TX",2020205N26272,HANNA,2020,174.8,1,1,80,1,0,0,0,2020-07-21,2020-07-22,2020-07-27,6,5,0,5,5.8953,152.924,1,2.983,155.907
"Calhoun Port Authority, TX",2020233N14313,LAURA,2020,331.1,4,4,130,1,0,0,0,,,,0,0,0,0,0,0,0,,
"Calhoun Port Authority, TX",2020234N14280,MARCO,2020,417.8,-3,1,20,0,0,0,0,2020-08-25,2020-08-25,2020-08-26,1,1,0,0,0.9981,24.294,0.9981,0.047,24.341
"Calhoun Port Authority, TX",2020261N21265,BETA,2020,4.8,0,0,55,1,0,0,0,,,,0,0,0,0,0,0,0,,
"Calhoun Port Authority, TX",2020279N16284,DELTA,2020,274.8,3,4,105,1,0,0,0,,,,0,0,0,0,0,0,0,,
"Calhoun Port Authority, TX",2021256N21265,NICHOLAS,2021,71.6,1,1,65,1,1,0.0206,1.075,,,,0,0,0,0,0,0,0,,
"Calhoun Port Authority, TX",2022232N20266,UNNAMED,2022,434.7,-3,-3,30,0,0,0,0,,,,0,0,0,0,0,0,0,,
"Calhoun Port Authority, TX",2023234N25271,HAROLD,2023,186,0,0,50,1,0,0,0,,,,0,0,0,0,0,0,0,,
"Canaveral Port District, FL",2015126N27281,ANA,2015,212.7,-2,0,50,0,1,0.0514,8.071,,,,0,0,0,0,0,0,0,,
"Canaveral Port District, FL",2015313N22289,KATE,2015,447.2,0,1,58,0,0,0,0,,,,0,0,0,0,0,0,0,,
"Canaveral Port District, FL",2016148N27288,BONNIE,2016,287.8,0,0,40,1,0,0,0,,,,0,0,0,0,0,0,0,,
"Canaveral Port District, FL",2016158N22272,COLIN,2016,275.5,0,0,45,1,0,0,0,,,,0,0,0,0,0,0,0,,
"Canaveral Port District, FL",2016242N24279,HERMINE,2016,370.7,1,1,70,1,0,0,0,,,,0,0,0,0,0,0,0,,
"Canaveral Port District, FL",2016257N27280,JULIA,2016,26.8,0,0,45,1,0,0,0,,,,0,0,0,0,0,0,0,,
"Canaveral Port District, FL",2016273N13300,MATTHEW,2016,58.7,4,5,120,0,0,0,0,2016-10-06,2016-10-06,2016-10-09,3,3,1,0,2.4336,282.46,0.9568,75.834,358.294
"Canaveral Port District, FL",2017212N28275,EMILY,2017,80,0,0,50,1,6,2.3282,374.048,,,,0,0,0,0,0,0,0,,
"Canaveral Port District, FL",2017240N31279,UNNAMED,2017,241.5,-3,-3,35,0,0,0,0,,,,0,0,0,0,0,0,0,,
"Canaveral Port District, FL",2017242N16333,IRMA,2017,148.7,4,5,115,1,0,0,0,2017-09-08,2017-09-09,2017-09-12,4,3,0,3,3.9903,460.981,1,1.034,462.016
"Canaveral Port District, FL",2018146N19273,ALBERTO,2018,408.3,0,0,55,0,2,0.1924,37.348,,,,0,0,0,0,0,0,0,,
"Canaveral Port District, FL",2018246N22283,GORDON,2018,318.2,0,0,55,1,0,0,0,,,,0,0,0,0,0,0,0,,
"Canaveral Port District, FL",2018280N18273,MICHAEL,2018,487.5,5,5,140,1,0,0,0,,,,0,0,0,0,0,0,0,,
"Canaveral Port District, FL",2019204N25283,UNNAMED,2019,71.5,-1,-1,30,0,0,0,0,,,,0,0,0,0,0,0,0,,
"Canaveral Port District, FL",2019236N10314,DORIAN,2019,149.3,5,5,160,0,3,0.5347,81.544,2019-09-01,2019-09-01,2019-09-03,2,2,0,2,2,229.737,1,0,229.737
"Canaveral Port District, FL",2019256N23286,HUMBERTO,2019,263.7,1,3,75,0,1,0.1565,25.152,,,,0,0,0,0,0,0,0,,
"Canaveral Port District, FL",2019291N22264,NESTOR,2019,447.6,-4,0,40,1,1,0.0729,14.122,,,,0,0,0,0,0,0,0,,
"Canaveral Port District, FL",2020138N28281,ARTHUR,2020,207.1,0,0,40,0,0,0,0,2020-05-17,2020-05-17,2020-05-19,2,2,1,0,1.2178,162.137,0.6238,103.921,266.058
"Canaveral Port District, FL",2020148N32281,BERTHA,2020,378.9,0,0,45,1,0,0,0,,,,0,0,0,0,0,0,0,,
"Canaveral Port District, FL",2020188N28271,FAY,2020,478.4,-3,0,30,1,0,0,0,,,,0,0,0,0,0,0,0,,
"Canaveral Port District, FL",2020211N13306,ISAIAS,2020,90.9,1,1,80,1,0,0,0,2020-07-31,2020-08-02,2020-08-04,4,2,0,2,3.3118,418.536,1,85.536,504.073
"Canaveral Port District, FL",2020244N30279,OMAR,2020,185.9,-1,0,30,0,0,0,0,2020-08-29,2020-08-31,2020-09-01,3,1,0,0,2.1984,243.381,0.8582,91.367,334.749
"Canaveral Port District, FL",2020256N25281,SALLY,2020,328.5,0,2,50,1,0,0,0,,,,0,0,0,0,0,0,0,,
"Canaveral Port District, FL",2020306N15288,ETA,2020,215.9,1,4,65,1,0,0,0,,,,0,0,0,0,0,0,0,,
"Canaveral Port District, FL",2021165N32282,BILL,2021,451.9,-3,0,20,0,10,2.499,388.272,,,,0,0,0,0,0,0,0,,
"Canaveral Port District, FL",2021179N30287,DANNY,2021,403.2,0,0,40,1,0,0,0,,,,0,0,0,0,0,0,0,,
"Canaveral Port District, FL",2021182N09317,ELSA,2021,281.2,1,1,65,1,2,0.6094,109.95,,,,0,0,0,0,0,0,0,,
"Canaveral Port District, FL",2021222N14301,FRED,2021,467,0,0,55,1,0,0,0,,,,0,0,0,0,0,0,0,,
"Canaveral Port District, FL",2021252N28273,MINDY,2021,314.6,0,0,50,1,0,0,0,,,,0,0,0,0,0,0,0,,
"Canaveral Port District, FL",2022154N21273,ALEX,2022,151.2,0,0,48,1,0,0,0,2022-06-04,2022-06-04,2022-06-05,1,1,0,0,0.4091,73.138,0.4091,105.639,178.777
"Canaveral Port District, FL",2022183N32280,COLIN,2022,364.4,0,0,35,1,0,0,0,2022-07-02,2022-07-02,2022-07-03,1,1,0,0,0.4311,71.22,0.4311,94.003,165.223
"Canaveral Port District, FL",2022266N12294,IAN,2022,18.9,5,5,140,1,0,0,0,2022-09-28,2022-09-29,2022-10-01,3,2,1,1,2.8416,344.162,1,17.259,361.422
"Canaveral Port District, FL",2022311N21293,NICOLE,2022,92.2,1,1,65,1,0,0,0,2022-11-09,2022-11-10,2022-11-12,3,2,1,0,2.3806,322.878,0.8771,90.103,412.981
"Canaveral Port District, FL",2023239N21274,IDALIA,2023,314.8,4,4,115,1,0,0,0,2023-08-30,2023-08-30,2023-08-31,1,1,0,0,0.731,84.092,0.731,30.939,115.031
"Canaveral Port District, FL",2023265N29284,OPHELIA,2023,461.9,-4,0,30,0,0,0,0,,,,0,0,0,0,0,0,0,,
"Cleveland-Cuyahoga Port, OH",2015167N27266,BILL,2015,306.1,-3,0,15,1,0,0,0,,,,0,0,0,0,0,0,0,,
"Cleveland-Cuyahoga Port, OH",2017171N24271,CINDY,2017,370.9,-3,0,25,1,0,0,0,,,,0,0,0,0,0,0,0,,
"Cleveland-Cuyahoga Port, OH",2017228N14314,HARVEY,2017,459.7,-4,4,20,1,0,0,0,,,,0,0,0,0,0,0,0,,
"Cleveland-Cuyahoga Port, OH",2017277N11279,NATE,2017,101,-4,1,25,1,0,0,0,,,,0,0,0,0,0,0,0,,
"Cleveland-Cuyahoga Port, OH",2018146N19273,ALBERTO,2018,309.2,-1,0,30,1,2,0.1996,13.225,,,,0,0,0,0,0,0,0,,
"Cleveland-Cuyahoga Port, OH",2018242N13343,FLORENCE,2018,258.2,-4,4,25,1,0,0,0,,,,0,0,0,0,0,0,0,,
"Cleveland-Cuyahoga Port, OH",2019299N25265,OLGA,2019,400.9,-4,0,30,1,0,0,0,,,,0,0,0,0,0,0,0,,
"Cleveland-Cuyahoga Port, OH",2020148N32281,BERTHA,2020,214.1,-4,0,20,1,0,0,0,,,,0,0,0,0,0,0,0,,
"Cleveland-Cuyahoga Port, OH",2020233N14313,LAURA,2020,455.3,-3,4,20,1,0,0,0,,,,0,0,0,0,0,0,0,,
"Cleveland-Cuyahoga Port, OH",2021222N14301,FRED,2021,216.9,-3,0,20,1,0,0,0,2021-08-18,2021-08-18,2021-08-20,2,2,1,0,0.9955,47.407,0.5436,47.948,95.355
"Cleveland-Cuyahoga Port, OH",2021239N17281,IDA,2021,384.7,-1,4,33,1,0,0,0,2021-09-01,2021-09-01,2021-09-02,1,1,0,0,0.5644,25.069,0.5644,19.346,44.415
"Corpus Christi, TX",2015167N27266,BILL,2015,89.7,0,0,50,1,0,0,0,,,,0,0,0,0,0,0,0,,
"Corpus Christi, TX",2017171N24271,CINDY,2017,404.9,0,0,48,1,0,0,0,,,,0,0,0,0,0,0,0,,
"Corpus Christi, TX",2017228N14314,HARVEY,2017,57.3,4,4,115,1,0,0,0,2017-08-24,2017-08-30,2017-09-02,9,3,1,0,7.3845,5921.68,0.9269,1304.92,7226.6
"Corpus Christi, TX",2019246N24266,FERNAND,2019,365.4,0,0,45,1,2,0.2728,274.484,,,,0,0,0,0,0,0,0,,
"Corpus Christi, TX",2019261N28264,IMELDA,2019,185.5,0,0,40,1,0,0,0,,,,0,0,0,0,0,0,0,,
"Corpus Christi, TX",2019299N25265,OLGA,2019,434.2,0,0,43,0,0,0,0,,,,0,0,0,0,0,0,0,,
"Corpus Christi, TX",2020205N26272,HANNA,2020,117.5,1,1,80,1,0,0,0,2020-07-25,2020-07-25,2020-07-27,2,2,1,0,1.7004,978.115,0.8589,172.086,1150.2
"Corpus Christi, TX",2020233N14313,LAURA,2020,444.6,4,4,130,1,2,0.3073,308.164,,,,0,0,0,0,0,0,0,,
"Corpus Christi, TX",2020261N21265,BETA,2020,118.7,0,0,55,1,3,0.8281,878.014,2020-09-20,2020-09-21,2020-09-22,2,1,0,0,1.6604,1223.07,0.8316,250.146,1473.22
"Corpus Christi, TX",2020279N16284,DELTA,2020,366.2,3,4,105,1,0,0,0,,,,0,0,0,0,0,0,0,,
"Corpus Christi, TX",2021256N21265,NICHOLAS,2021,116.3,1,1,65,1,2,0.1886,308.622,2021-09-12,2021-09-13,2021-09-15,3,2,1,0,1.082,1424.29,0.4283,2525.35,3949.64
"Corpus Christi, TX",2022232N20266,UNNAMED,2022,338,-3,-3,30,0,0,0,0,,,,0,0,0,0,0,0,0,,
"Corpus Christi, TX",2023234N25271,HAROLD,2023,83,0,0,50,1,0,0,0,,,,0,0,0,0,0,0,0,,
"Detroit-Wayne County Port, MI",2015167N27266,BILL,2015,403.8,-3,0,15,1,0,0,0,,,,0,0,0,0,0,0,0,,
"Detroit-Wayne County Port, MI",2017171N24271,CINDY,2017,462.4,-3,0,25,1,0,0,0,,,,0,0,0,0,0,0,0,,
"Detroit-Wayne County Port, MI",2017228N14314,HARVEY,2017,470.3,-4,4,18,1,0,0,0,,,,0,0,0,0,0,0,0,,
"Detroit-Wayne County Port, MI",2017277N11279,NATE,2017,230.9,-4,1,25,1,0,0,0,,,,0,0,0,0,0,0,0,,
"Detroit-Wayne County Port, MI",2018146N19273,ALBERTO,2018,168.1,-1,0,30,1,1,0.1392,12.287,,,,0,0,0,0,0,0,0,,
"Detroit-Wayne County Port, MI",2018242N13343,FLORENCE,2018,384,-4,4,25,1,1,0.0136,1.191,2018-09-18,2018-09-19,2018-09-20,2,1,0,0,0.8916,58.577,0.4501,72.81,131.387
"Detroit-Wayne County Port, MI",2019299N25265,OLGA,2019,272.3,-4,0,30,1,0,0,0,2019-10-27,2019-10-27,2019-10-28,1,1,0,0,0.4549,26.878,0.4549,32.207,59.085
"Detroit-Wayne County Port, MI",2020148N32281,BERTHA,2020,346.5,-4,0,20,1,0,0,0,,,,0,0,0,0,0,0,0,,
"Detroit-Wayne County Port, MI",2020233N14313,LAURA,2020,461.9,-3,4,20,1,0,0,0,,,,0,0,0,0,0,0,0,,
"Detroit-Wayne County Port, MI",2021222N14301,FRED,2021,357.5,-3,0,20,1,0,0,0,,,,0,0,0,0,0,0,0,,
"Duluth-Superior, MN and WI",2020154N19269,CRISTOBAL,2020,288.8,-4,0,35,1,0,0,0,,,,0,0,0,0,0,0,0,,
"Galveston, TX",2015167N27266,BILL,2015,176.2,0,0,50,1,0,0,0,,,,0,0,0,0,0,0,0,,
"Galveston, TX",2017171N24271,CINDY,2017,123.1,0,0,50,1,0,0,0,2017-06-22,2017-06-27,2017-06-28,6,1,0,0,3.7866,1779.36,0.9741,1061.53,2840.9
"Galveston, TX",2017228N14314,HARVEY,2017,103,4,4,115,1,0,0,0,2017-08-25,2017-08-28,2017-09-02,8,5,1,2,5.8398,2822.6,1,1043.86,3866.46
"Galveston, TX",2019192N29274,BARRY,2019,236.4,1,1,65,1,0,0,0,,,,0,0,0,0,0,0,0,,
"Galveston, TX",2019261N28264,IMELDA,2019,59.3,0,0,40,1,0,0,0,2019-09-17,2019-09-17,2019-09-18,1,1,0,0,0.2602,139.143,0.2602,395.577,534.721
"Galveston, TX",2019299N25265,OLGA,2019,330.5,0,0,45,1,0,0,0,,,,0,0,0,0,0,0,0,,
"Galveston, TX",2020154N19269,CRISTOBAL,2020,415.9,0,0,45,1,0,0,0,,,,0,0,0,0,0,0,0,,
"Galveston, TX",2020205N26272,HANNA,2020,238.4,1,1,80,1,0,0,0,2020-07-25,2020-07-25,2020-07-26,1,1,0,0,0.3432,171.506,0.3432,328.159,499.665
"Galveston, TX",2020233N14313,LAURA,2020,161.7,4,4,130,1,0,0,0,2020-08-25,2020-08-26,2020-08-28,3,2,1,0,2.019,925.194,0.8697,438.651,1363.85
"Galveston, TX",2020234N14280,MARCO,2020,248.8,-1,1,30,0,0,0,0,2020-08-25,2020-08-26,2020-08-28,3,2,1,0,2.0169,922.341,0.8694,438.651,1360.99
"Galveston, TX",2020261N21265,BETA,2020,52.6,0,0,55,1,0,0,0,2020-09-20,2020-09-22,2020-09-24,4,2,1,0,2.3949,1110.92,0.7508,746.477,1857.39
"Galveston, TX",2020279N16284,DELTA,2020,136.4,3,4,105,1,0,0,0,,,,0,0,0,0,0,0,0,,
"Galveston, TX",2020299N18277,ZETA,2020,391.9,3,3,100,1,2,0.5273,297.343,,,,0,0,0,0,0,0,0,,
"Galveston, TX",2021169N23268,CLAUDETTE,2021,367.1,0,0,40,1,1,0.2247,164.26,,,,0,0,0,0,0,0,0,,
"Galveston, TX",2021239N17281,IDA,2021,413.5,4,4,130,1,0,0,0,,,,0,0,0,0,0,0,0,,
"Galveston, TX",2021256N21265,NICHOLAS,2021,39.8,1,1,65,1,3,0.4406,345.768,2021-09-14,2021-09-14,2021-09-15,1,1,0,0,0.3011,184.562,0.3011,428.318,612.88
"Galveston, TX",2023234N25271,HAROLD,2023,311.1,0,0,50,1,0,0,0,,,,0,0,0,0,0,0,0,,
"Greater Lafourche Port, LA",2015167N27266,BILL,2015,474.9,0,0,45,0,5,0.3526,387.451,,,,0,0,0,0,0,0,0,,
"Greater Lafourche Port, LA",2016158N22272,COLIN,2016,405.3,0,0,45,0,0,0,0,,,,0,0,0,0,0,0,0,,
"Greater Lafourche Port, LA",2016242N24279,HERMINE,2016,475.7,1,1,65,0,0,0,0,,,,0,0,0,0,0,0,0,,
"Greater Lafourche Port, LA",2017171N24271,CINDY,2017,296.6,0,0,50,1,3,0.5163,463.76,,,,0,0,0,0,0,0,0,,
"Greater Lafourche Port, LA",2017212N28275,EMILY,2017,482.5,-1,0,30,0,0,0,0,,,,0,0,0,0,0,0,0,,
"Greater Lafourche Port, LA",2017228N14314,HARVEY,2017,309.6,0,4,45,1,7,0.3901,359.046,,,,0,0,0,0,0,0,0,,
"Greater Lafourche Port, LA",2017277N11279,NATE,2017,104.1,1,1,80,1,2,0.0826,73.443,,,,0,0,0,0,0,0,0,,
"Greater Lafourche Port, LA",2018146N19273,ALBERTO,2018,416.2,0,0,55,1,3,0.3652,296.793,,,,0,0,0,0,0,0,0,,
"Greater Lafourche Port, LA",2018246N22283,GORDON,2018,205.7,0,0,60,1,4,0.4366,397.29,,,,0,0,0,0,0,0,0,,
"Greater Lafourche Port, LA",2018280N18273,MICHAEL,2018,378.5,5,5,140,1,5,0.7167,652.233,,,,0,0,0,0,0,0,0,,
"Greater Lafourche Port, LA",2019192N29274,BARRY,2019,112.5,1,1,65,1,7,1.6581,1383.63,,,,0,0,0,0,0,0,0,,
"Greater Lafourche Port, LA",2019261N28264,IMELDA,2019,477.3,-1,0,30,1,0,0,0,,,,0,0,0,0,0,0,0,,
"Greater Lafourche Port, LA",2019291N22264,NESTOR,2019,292.7,0,0,50,1,2,0.363,311.996,,,,0,0,0,0,0,0,0,,
"Greater Lafourche Port, LA",2019299N25265,OLGA,2019,82.2,0,0,45,1,2,0.0847,72.29,,,,0,0,0,0,0,0,0,,
"Greater Lafourche Port, LA",2020154N19269,CRISTOBAL,2020,42.8,0,0,45,1,4,0.4798,362.918,,,,0,0,0,0,0,0,0,,
"Greater Lafourche Port, LA",2020188N28271,FAY,2020,229.4,-3,0,30,1,0,0,0,,,,0,0,0,0,0,0,0,,
"Greater Lafourche Port, LA",2020205N26272,HANNA,2020,343.3,0,1,55,0,0,0,0,,,,0,0,0,0,0,0,0,,
"Greater Lafourche Port, LA",2020233N14313,LAURA,2020,284.1,4,4,130,1,4,0.2325,176.597,,,,0,0,0,0,0,0,0,,
"Greater Lafourche Port, LA",2020234N14280,MARCO,2020,67.5,0,1,60,0,3,0.2265,170.959,,,,0,0,0,0,0,0,0,,
"Greater Lafourche Port, LA",2020256N25281,SALLY,2020,207.5,2,2,95,1,1,0.0652,44.544,,,,0,0,0,0,0,0,0,,
"Greater Lafourche Port, LA",2020261N21265,BETA,2020,262,0,0,55,1,2,0.2101,147.453,,,,0,0,0,0,0,0,0,,
"Greater Lafourche Port, LA",2020279N16284,DELTA,2020,270.8,3,4,105,1,0,0,0,,,,0,0,0,0,0,0,0,,
"Greater Lafourche Port, LA",2020299N18277,ZETA,2020,37.8,3,3,100,1,0,0,0,,,,0,0,0,0,0,0,0,,
"Greater Lafourche Port, LA",2021169N23268,CLAUDETTE,2021,57.5,0,0,40,1,6,0.9505,615.761,,,,0,0,0,0,0,0,0,,
"Greater Lafourche Port, LA",2021222N14301,FRED,2021,446.9,0,0,55,1,1,0.0089,6.383,,,,0,0,0,0,0,0,0,,
"Greater Lafourche Port, LA",2021239N17281,IDA,2021,21.2,4,4,130,1,0,0,0,2021-08-28,2021-09-09,2021-09-11,14,2,1,0,9.5655,6609.76,0.9996,2997.64,9607.4
"Greater Lafourche Port, LA",2021252N28273,MINDY,2021,350.5,0,0,50,1,0,0,0,2021-08-29,2021-09-17,2021-09-18,20,1,0,0,10.6747,7403.13,0.9996,6277.33,13680.5
"Greater Lafourche Port, LA",2021256N21265,NICHOLAS,2021,131.9,0,1,43,1,0,0,0,2021-09-04,2021-09-09,2021-09-15,11,6,1,0,5.0549,3296.48,0.6441,3840.61,7137.09
"Greater Lafourche Port, LA",2023152N26274,ARLENE,2023,393.7,0,0,35,0,0,0,0,,,,0,0,0,0,0,0,0,,
"Greater Lafourche Port, LA",2023234N25271,HAROLD,2023,478.5,-1,0,30,0,0,0,0,,,,0,0,0,0,0,0,0,,
"Guaynabo, PR",2015237N14315,ERIKA,2015,107.4,0,0,45,0,0,0,0,2015-08-28,2015-08-28,2015-08-29,1,1,0,0,0.985,27.548,0.985,0.418,27.966
"Guaynabo, PR",2016273N13300,MATTHEW,2016,460.9,1,5,68,0,0,0,0,,,,0,0,0,0,0,0,0,,
"Guaynabo, PR",2017224N22293,GERT,2017,456.7,-3,2,25,0,9,2.7774,182.282,,,,0,0,0,0,0,0,0,,
"Guaynabo, PR",2017242N16333,IRMA,2017,95.6,5,5,155,0,0,0,0,2017-09-05,2017-09-09,2017-09-10,5,1,0,4,4.9789,142.829,1,0.599,143.428
"Guaynabo, PR",2017247N09327,JOSE,2017,306.3,4,4,120,0,0,0,0,2017-09-05,2017-09-09,2017-09-10,5,1,0,4,4.9798,149.491,1,0.599,150.089
"Guaynabo, PR",2017260N12310,MARIA,2017,18.4,5,5,150,1,0,0,0,2017-09-17,2017-09-18,2017-09-21,4,3,0,3,3.9991,114.612,1,0.027,114.639
"Guaynabo, PR",2018186N10325,BERYL,2018,171.9,-3,1,35,0,0,0,0,,,,0,0,0,0,0,0,0,,
"Guaynabo, PR",2018251N13325,ISAAC,2018,348.6,0,1,35,0,0,0,0,,,,0,0,0,0,0,0,0,,
"Guaynabo, PR",2018265N08338,KIRK,2018,483.7,0,0,35,0,0,0,0,,,,0,0,0,0,0,0,0,,
"Guaynabo, PR",2019236N10314,DORIAN,2019,89.5,1,5,78,0,0,0,0,,,,0,0,0,0,0,0,0,,
"Guaynabo, PR",2019260N13317,JERRY,2019,402.6,0,2,63,0,0,0,0,,,,0,0,0,0,0,0,0,,
"Guaynabo, PR",2019265N12301,KAREN,2019,75.3,0,0,40,0,0,0,0,,,,0,0,0,0,0,0,0,,
"Guaynabo, PR",2020211N13306,ISAIAS,2020,216,0,1,63,1,0,0,0,,,,0,0,0,0,0,0,0,,
"Guaynabo, PR",2020224N11326,JOSEPHINE,2020,267,0,0,35,0,0,0,0,,,,0,0,0,0,0,0,0,,
"Guaynabo, PR",2020233N14313,LAURA,2020,75.1,0,4,45,1,0,0,0,,,,0,0,0,0,0,0,0,,
"Guaynabo, PR",2021182N09317,ELSA,2021,350,1,1,70,0,0,0,0,,,,0,0,0,0,0,0,0,,
"Guaynabo, PR",2021222N14301,FRED,2021,116.1,0,0,40,1,0,0,0,2021-08-09,2021-08-10,2021-08-11,2,1,0,0,1.9906,66.003,0.9986,0.307,66.31
"Guaynabo, PR",2021225N15313,GRACE,2021,149.4,-1,3,33,0,0,0,0,2021-08-15,2021-08-15,2021-08-16,1,1,0,0,0.9941,33.471,0.9941,0.198,33.669
"Guaynabo, PR",2021262N16307,PETER,2021,260.5,0,0,45,0,0,0,0,,,,0,0,0,0,0,0,0,,
"Guaynabo, PR",2022246N18301,EARL,2022,217.6,0,2,60,0,0,0,0,2022-09-06,2022-09-06,2022-09-07,1,1,0,0,0.9946,27.515,0.9946,0.15,27.665
"Guaynabo, PR",2022257N16312,FIONA,2022,102.8,2,4,95,1,0,0,0,,,,0,0,0,0,0,0,0,,
"Guaynabo, PR",2022311N21293,NICOLE,2022,261,-3,1,35,0,0,0,0,,,,0,0,0,0,0,0,0,,
"Guaynabo, PR",2023232N13300,FRANKLIN,2023,403.8,0,4,55,0,1,0.0663,4.916,2023-08-24,2023-08-24,2023-08-26,2,2,1,0,1.9916,73.853,0.9986,0.314,74.167
"Guaynabo, PR",2023266N16323,PHILIPPE,2023,160.5,0,0,45,0,0,0,0,,,,0,0,0,0,0,0,0,,
"Guaynabo, PR",2023292N13309,TAMMY,2023,301,1,2,80,0,0,0,0,2023-10-16,2023-10-22,2023-10-24,8,2,1,0,7.8125,248.684,0.9982,5.937,254.621
"Houston Port Authority, TX",2015167N27266,BILL,2015,156.1,0,0,50,1,0,0,0,,,,0,0,0,0,0,0,0,,
"Houston Port Authority, TX",2017171N24271,CINDY,2017,160.9,0,0,50,1,0,0,0,2017-06-23,2017-06-27,2017-06-28,5,1,0,0,3.373,6872.12,0.9677,3387.77,10259.9
"Houston Port Authority, TX",2017228N14314,HARVEY,2017,165.9,4,4,115,1,0,0,0,2017-08-25,2017-08-28,2017-09-05,11,8,1,2,8.7022,18309.2,1,4870.48,23179.7
"Houston Port Authority, TX",2019192N29274,BARRY,2019,245.6,1,1,65,1,0,0,0,,,,0,0,0,0,0,0,0,,
"Houston Port Authority, TX",2019261N28264,IMELDA,2019,20.6,0,0,40,1,0,0,0,,,,0,0,0,0,0,0,0,,
"Houston Port Authority, TX",2019299N25265,OLGA,2019,410,0,0,45,1,0,0,0,2019-10-26,2019-10-26,2019-10-27,1,1,0,0,0.2207,444.566,0.2207,1569.53,2014.1
"Houston Port Authority, TX",2020154N19269,CRISTOBAL,2020,424.5,0,0,35,1,0,0,0,,,,0,0,0,0,0,0,0,,
"Houston Port Authority, TX",2020205N26272,HANNA,2020,306.8,1,1,80,1,0,0,0,,,,0,0,0,0,0,0,0,,
"Houston Port Authority, TX",2020233N14313,LAURA,2020,201.9,4,4,130,1,0,0,0,2020-08-26,2020-08-27,2020-08-29,3,2,1,0,2.2294,3303.57,0.9318,1157.81,4461.38
"Houston Port Authority, TX",2020234N14280,MARCO,2020,311,-3,1,25,0,0,0,0,,,,0,0,0,0,0,0,0,,
"Houston Port Authority, TX",2020261N21265,BETA,2020,41.7,0,0,55,1,0,0,0,2020-09-20,2020-09-22,2020-09-24,4,2,1,0,2.4352,3859.17,0.7052,2488.54,6347.72
"Houston Port Authority, TX",2020279N16284,DELTA,2020,202.4,3,4,105,1,0,0,0,,,,0,0,0,0,0,0,0,,
"Houston Port Authority, TX",2020299N18277,ZETA,2020,466,3,3,100,1,0,0,0,,,,0,0,0,0,0,0,0,,
"Houston Port Authority, TX",2021169N23268,CLAUDETTE,2021,429.3,0,0,40,1,2,0.0873,212.03,,,,0,0,0,0,0,0,0,,
"Houston Port Authority, TX",2021239N17281,IDA,2021,448.8,4,4,125,1,0,0,0,,,,0,0,0,0,0,0,0,,
"Houston Port Authority, TX",2021256N21265,NICHOLAS,2021,43.9,1,1,65,1,0,0,0,2021-09-14,2021-09-15,2021-09-16,2,1,0,0,0.5361,1229.53,0.3115,3351.74,4581.26
"Houston Port Authority, TX",2023234N25271,HAROLD,2023,354,0,0,50,1,0,0,0,,,,0,0,0,0,0,0,0,,
"Illinois International Port, IL",2015167N27266,BILL,2015,433.5,-3,0,18,1,0,0,0,,,,0,0,0,0,0,0,0,,
"Illinois International Port, IL",2017228N14314,HARVEY,2017,477.8,-4,4,20,1,4,0.5252,23.673,,,,0,0,0,0,0,0,0,,
"Illinois International Port, IL",2017277N11279,NATE,2017,473.4,-4,1,23,1,0,0,0,,,,0,0,0,0,0,0,0,,
"Illinois International Port, IL",2018146N19273,ALBERTO,2018,145.1,-1,0,30,1,0,0,0,,,,0,0,0,0,0,0,0,,
"Illinois International Port, IL",2019299N25265,OLGA,2019,49.3,-4,0,35,1,0,0,0,2019-10-27,2019-10-27,2019-10-28,1,1,0,0,0.7453,15.48,0.7453,5.289,20.769
"Illinois International Port, IL",2020154N19269,CRISTOBAL,2020,270,-1,0,35,1,0,0,0,2020-06-05,2020-06-09,2020-06-12,7,3,1,4,6.847,115.768,1,2.449,118.217
"Illinois International Port, IL",2020233N14313,LAURA,2020,449.5,-1,4,25,1,0,0,0,,,,0,0,0,0,0,0,0,,
"Jacksonville, FL",2015126N27281,ANA,2015,372,0,0,50,1,0,0,0,,,,0,0,0,0,0,0,0,,
"Jacksonville, FL",2016148N27288,BONNIE,2016,228.4,0,0,40,1,0,0,0,2016-05-27,2016-05-28,2016-05-29,2,1,0,0,0.6404,167.95,0.322,356.318,524.267
"Jacksonville, FL",2016158N22272,COLIN,2016,58.3,0,0,45,1,0,0,0,,,,0,0,0,0,0,0,0,,
"Jacksonville, FL",2016242N24279,HERMINE,2016,160.6,1,1,70,1,0,0,0,2016-09-02,2016-09-02,2016-09-03,1,1,0,0,0.5032,130.843,0.5032,129.196,260.039
"Jacksonville, FL",2016257N27280,JULIA,2016,18.5,0,0,45,1,0,0,0,,,,0,0,0,0,0,0,0,,
"Jacksonville, FL",2016273N13300,MATTHEW,2016,93.5,4,5,115,1,0,0,0,2016-10-06,2016-10-07,2016-10-09,3,2,1,0,1.7059,414.543,0.636,311.547,726.09
"Jacksonville, FL",2017212N28275,EMILY,2017,277.2,0,0,50,1,0,0,0,,,,0,0,0,0,0,0,0,,
"Jacksonville, FL",2017240N31279,UNNAMED,2017,100.5,-3,-3,35,0,0,0,0,,,,0,0,0,0,0,0,0,,
"Jacksonville, FL",2017242N16333,IRMA,2017,129.4,3,5,100,1,0,0,0,2017-09-09,2017-09-10,2017-09-14,5,4,1,0,3.0819,577.581,0.7365,359.658,937.239
"Jacksonville, FL",2018146N19273,ALBERTO,2018,412.3,0,0,55,1,2,0.0798,23.681,,,,0,0,0,0,0,0,0,,
"Jacksonville, FL",2018242N13343,FLORENCE,2018,363.1,0,4,63,1,0,0,0,,,,0,0,0,0,0,0,0,,
"Jacksonville, FL",2018246N22283,GORDON,2018,445.3,0,0,55,0,0,0,0,,,,0,0,0,0,0,0,0,,
"Jacksonville, FL",2018280N18273,MICHAEL,2018,289.4,5,5,140,1,0,0,0,,,,0,0,0,0,0,0,0,,
"Jacksonville, FL",2019204N25283,UNNAMED,2019,251.3,-1,-1,30,0,0,0,0,,,,0,0,0,0,0,0,0,,
"Jacksonville, FL",2019236N10314,DORIAN,2019,188.2,4,5,120,0,2,0.3764,94.878,2019-09-02,2019-09-03,2019-09-06,4,3,1,0,2.2237,387.828,0.6311,315.099,702.927
"Jacksonville, FL",2019256N23286,HUMBERTO,2019,370.3,1,3,75,0,6,2.01,513.743,,,,0,0,0,0,0,0,0,,
"Jacksonville, FL",2019291N22264,NESTOR,2019,239.1,-4,0,40,1,0,0,0,2019-10-19,2019-10-19,2019-10-20,1,1,0,0,0.4338,74.596,0.4338,97.384,171.98
"Jacksonville, FL",2020138N28281,ARTHUR,2020,384.3,0,0,40,0,3,0.2124,68.618,,,,0,0,0,0,0,0,0,,
"Jacksonville, FL",2020148N32281,BERTHA,2020,302,0,0,45,1,0,0,0,,,,0,0,0,0,0,0,0,,
"Jacksonville, FL",2020188N28271,FAY,2020,308.7,-3,0,30,1,0,0,0,,,,0,0,0,0,0,0,0,,
"Jacksonville, FL",2020211N13306,ISAIAS,2020,161.7,1,1,80,1,0,0,0,2020-07-31,2020-08-05,2020-08-07,7,2,1,0,3.7779,1014.9,0.7289,890.576,1905.47
"Jacksonville, FL",2020244N30279,OMAR,2020,93.5,-1,0,30,0,0,0,0,2020-08-30,2020-08-30,2020-09-02,3,3,1,0,1.4612,337.939,0.5255,359.445,697.385
"Jacksonville, FL",2020256N25281,SALLY,2020,377,0,2,50,1,0,0,0,2020-09-17,2020-09-19,2020-09-20,3,1,0,0,0.9555,255.263,0.3509,548.866,804.129
"Jacksonville, FL",2020306N15288,ETA,2020,23.3,0,4,63,1,0,0,0,2020-11-09,2020-11-10,2020-11-13,4,3,1,0,2.0549,452.703,0.5852,427.954,880.657
"Jacksonville, FL",2021165N32282,BILL,2021,380.9,-3,0,20,0,0,0,0,,,,0,0,0,0,0,0,0,,
"Jacksonville, FL",2021169N23268,CLAUDETTE,2021,408.2,0,0,35,1,0,0,0,,,,0,0,0,0,0,0,0,,
"Jacksonville, FL",2021179N30287,DANNY,2021,244.5,0,0,40,1,2,0.2227,59.45,,,,0,0,0,0,0,0,0,,
"Jacksonville, FL",2021182N09317,ELSA,2021,151.3,1,1,65,1,0,0,0,,,,0,0,0,0,0,0,0,,
"Jacksonville, FL",2021222N14301,FRED,2021,359.5,0,0,55,1,0,0,0,,,,0,0,0,0,0,0,0,,
"Jacksonville, FL",2021252N28273,MINDY,2021,96.9,0,0,50,1,0,0,0,,,,0,0,0,0,0,0,0,,
"Jacksonville, FL",2022154N21273,ALEX,2022,364.4,0,0,45,1,1,0.009,2.545,,,,0,0,0,0,0,0,0,,
"Jacksonville, FL",2022183N32280,COLIN,2022,196.7,0,0,35,1,0,0,0,2022-07-02,2022-07-02,2022-07-03,1,1,0,0,0.6,139.842,0.6,93.232,233.074
"Jacksonville, FL",2022266N12294,IAN,2022,219.8,5,5,140,1,0,0,0,2022-09-28,2022-09-29,2022-10-02,4,3,1,0,2.3756,604.651,0.6839,400.446,1005.1
"Jacksonville, FL",2022311N21293,NICOLE,2022,180.8,1,1,65,1,7,1.7024,495.143,,,,0,0,0,0,0,0,0,,
"Jacksonville, FL",2023239N21274,IDALIA,2023,125.7,4,4,115,1,0,0,0,2023-08-29,2023-08-30,2023-09-01,3,2,1,0,1.424,341.471,0.7496,389.11,730.581
"Lake Charles Harbor District, LA",2015167N27266,BILL,2015,319.1,0,0,50,1,0,0,0,2015-06-17,2015-06-17,2015-06-18,1,1,0,0,0.3908,134.324,0.3908,209.384,343.708
"Lake Charles Harbor District, LA",2017171N24271,CINDY,2017,41.1,0,0,50,1,0,0,0,2017-06-23,2017-06-27,2017-06-28,5,1,0,0,3.7545,1545.05,0.983,509.647,2054.69
"Lake Charles Harbor District, LA",2017228N14314,HARVEY,2017,19.2,4,4,115,1,0,0,0,2017-08-27,2017-08-30,2017-08-31,4,1,0,0,2.1445,778.873,0.5933,676.178,1455.05
"Lake Charles Harbor District, LA",2017277N11279,NATE,2017,395.8,1,1,78,1,0,0,0,,,,0,0,0,0,0,0,0,,
"Lake Charles Harbor District, LA",2018246N22283,GORDON,2018,395.4,0,0,60,1,0,0,0,,,,0,0,0,0,0,0,0,,
"Lake Charles Harbor District, LA",2019192N29274,BARRY,2019,70.5,1,1,65,1,1,0.1377,60.873,,,,0,0,0,0,0,0,0,,
"Lake Charles Harbor District, LA",2019261N28264,IMELDA,2019,178.4,0,0,40,1,0,0,0,2019-09-18,2019-09-19,2019-09-20,2,1,0,0,0.9272,282.726,0.4669,327.114,609.84
"Lake Charles Harbor District, LA",2019299N25265,OLGA,2019,240.3,0,0,45,1,0,0,0,,,,0,0,0,0,0,0,0,,
"Lake Charles Harbor District, LA",2020154N19269,CRISTOBAL,2020,247.5,0,0,45,1,0,0,0,,,,0,0,0,0,0,0,0,,
"Lake Charles Harbor District, LA",2020205N26272,HANNA,2020,304.8,1,1,80,0,0,0,0,,,,0,0,0,0,0,0,0,,
"Lake Charles Harbor District, LA",2020233N14313,LAURA,2020,15.7,4,4,130,1,0,0,0,2020-08-27,2020-08-29,2020-08-30,3,1,0,0,2.2885,409.563,0.8046,127.266,536.829
"Lake Charles Harbor District, LA",2020234N14280,MARCO,2020,135,0,1,40,0,0,0,0,,,,0,0,0,0,0,0,0,,
"Lake Charles Harbor District, LA",2020261N21265,BETA,2020,62,0,0,55,1,0,0,0,2020-09-09,2020-09-28,2020-09-29,20,1,0,0,15.366,3337.76,0.8551,1001.23,4338.99
"Lake Charles Harbor District, LA",2020279N16284,DELTA,2020,25.4,3,4,105,1,0,0,0,2020-10-09,2020-10-10,2020-10-11,2,1,0,0,1.8417,311.272,0.9538,26.921,338.193
"Lake Charles Harbor District, LA",2020299N18277,ZETA,2020,274.4,3,3,100,1,0,0,0,,,,0,0,0,0,0,0,0,,
"Lake Charles Harbor District, LA",2021169N23268,CLAUDETTE,2021,237.8,0,0,40,1,1,0.0218,10.481,,,,0,0,0,0,0,0,0,,
"Lake Charles Harbor District, LA",2021239N17281,IDA,2021,251.6,4,4,130,1,3,0.2476,125.996,2021-08-29,2021-08-29,2021-08-30,1,1,0,0,0.4954,180.497,0.4954,183.849,364.346
"Lake Charles Harbor District, LA",2021256N21265,NICHOLAS,2021,44,1,1,65,1,1,0.0979,52.395,,,,0,0,0,0,0,0,0,,
"Lake Charles Harbor District, LA",2023234N25271,HAROLD,2023,449.6,0,0,50,0,0,0,0,,,,0,0,0,0,0,0,0,,
"Manatee County Port, FL",2015126N27281,ANA,2015,321.4,-3,0,25,0,0,0,0,,,,0,0,0,0,0,0,0,,
"Manatee County Port, FL",2016148N27288,BONNIE,2016,473.9,0,0,40,0,0,0,0,,,,0,0,0,0,0,0,0,,
"Manatee County Port, FL",2016158N22272,COLIN,2016,285.3,0,0,45,1,2,0.782,55.849,,,,0,0,0,0,0,0,0,,
"Manatee County Port, FL",2016242N24279,HERMINE,2016,293.1,1,1,70,1,0,0,0,,,,0,0,0,0,0,0,0,,
"Manatee County Port, FL",2016257N27280,JULIA,2016,173.2,0,0,45,1,0,0,0,,,,0,0,0,0,0,0,0,,
"Manatee County Port, FL",2016273N13300,MATTHEW,2016,249.1,4,5,120,0,0,0,0,2016-10-04,2016-10-06,2016-10-10,6,4,1,0,5.3751,281.838,0.9988,35.365,317.204
"Manatee County Port, FL",2017212N28275,EMILY,2017,15.7,0,0,50,1,2,0.6742,37.825,,,,0,0,0,0,0,0,0,,
"Manatee County Port, FL",2017240N31279,UNNAMED,2017,392.8,-3,-3,35,0,2,1.4024,86.421,,,,0,0,0,0,0,0,0,,
"Manatee County Port, FL",2017242N16333,IRMA,2017,45.2,4,5,115,1,0,0,0,,,,0,0,0,0,0,0,0,,
"Manatee County Port, FL",2018146N19273,ALBERTO,2018,223.6,0,0,55,1,0,0,0,,,,0,0,0,0,0,0,0,,
"Manatee County Port, FL",2018246N22283,GORDON,2018,135,0,0,58,1,0,0,0,,,,0,0,0,0,0,0,0,,
"Manatee County Port, FL",2018280N18273,MICHAEL,2018,407,5,5,140,1,0,0,0,2018-10-10,2018-10-19,2018-10-20,10,1,0,0,7.4001,632.468,0.8549,221.329,853.797
"Manatee County Port, FL",2019192N29274,BARRY,2019,422.3,-3,1,30,0,0,0,0,,,,0,0,0,0,0,0,0,,
"Manatee County Port, FL",2019204N25283,UNNAMED,2019,253.3,-1,-1,30,0,0,0,0,,,,0,0,0,0,0,0,0,,
"Manatee County Port, FL",2019236N10314,DORIAN,2019,342.7,5,5,155,0,0,0,0,2019-09-02,2019-09-02,2019-09-03,1,1,0,0,0.7416,35.801,0.7416,12.475,48.277
"Manatee County Port, FL",2019256N23286,HUMBERTO,2019,454.2,1,3,65,0,4,0.5194,38.491,,,,0,0,0,0,0,0,0,,
"Manatee County Port, FL",2019291N22264,NESTOR,2019,423.6,0,0,50,1,1,0.4704,43.177,,,,0,0,0,0,0,0,0,,
"Manatee County Port, FL",2020138N28281,ARTHUR,2020,364.6,0,0,35,0,0,0,0,,,,0,0,0,0,0,0,0,,
"Manatee County Port, FL",2020188N28271,FAY,2020,390.5,-3,0,30,1,0,0,0,,,,0,0,0,0,0,0,0,,
"Manatee County Port, FL",2020211N13306,ISAIAS,2020,272.3,1,1,65,0,0,0,0,,,,0,0,0,0,0,0,0,,
"Manatee County Port, FL",2020244N30279,OMAR,2020,343.1,-3,0,28,0,0,0,0,,,,0,0,0,0,0,0,0,,
"Manatee County Port, FL",2020256N25281,SALLY,2020,142.4,1,2,70,1,0,0,0,,,,0,0,0,0,0,0,0,,
"Manatee County Port, FL",2020306N15288,ETA,2020,121.9,1,4,65,1,0,0,0,,,,0,0,0,0,0,0,0,,
"Manatee County Port, FL",2021182N09317,ELSA,2021,107.5,1,1,65,1,2,0.7029,57.128,,,,0,0,0,0,0,0,0,,
"Manatee County Port, FL",2021222N14301,FRED,2021,295.2,0,0,55,1,0,0,0,,,,0,0,0,0,0,0,0,,
"Manatee County Port, FL",2021239N17281,IDA,2021,470.8,2,4,85,0,0,0,0,2021-08-23,2021-08-27,2021-08-31,8,4,1,0,5.4314,304.901,0.8108,146.195,451.096
"Manatee County Port, FL",2021252N28273,MINDY,2021,361.7,0,0,50,1,4,0.9367,73.769,,,,0,0,0,0,0,0,0,,
"Manatee County Port, FL",2022154N21273,ALEX,2022,143.6,0,0,43,1,6,2.0953,189.106,,,,0,0,0,0,0,0,0,,
"Manatee County Port, FL",2022266N12294,IAN,2022,71.9,5,5,140,1,0,0,0,2022-09-26,2022-09-28,2022-10-01,5,3,1,0,3.8133,239.193,0.8357,75.53,314.724
"Manatee County Port, FL",2022311N21293,NICOLE,2022,94.5,1,1,65,1,0,0,0,,,,0,0,0,0,0,0,0,,
"Manatee County Port, FL",2023152N26274,ARLENE,2023,336.8,0,0,35,0,0,0,0,2023-05-31,2023-05-31,2023-06-02,2,2,1,0,1.2878,75.764,0.6763,41.895,117.659
"Manatee County Port, FL",2023239N21274,IDALIA,2023,229.5,4,4,115,1,0,0,0,2023-08-29,2023-08-31,2023-09-01,3,1,0,0,2.6045,127.121,0.8925,19.519,146.64
"Milwaukee, WI",2018146N19273,ALBERTO,2018,230,-1,0,30,1,0,0,0,,,,0,0,0,0,0,0,0,,
"Milwaukee, WI",2019299N25265,OLGA,2019,100.8,-4,0,30,1,12,1.4709,36.93,,,,0,0,0,0,0,0,0,,
"Milwaukee, WI",2020154N19269,CRISTOBAL,2020,190.7,-1,0,35,1,0,0,0,,,,0,0,0,0,0,0,0,,
"Mobile, AL",2016158N22272,COLIN,2016,341,0,0,45,1,1,0.0255,9.342,,,,0,0,0,0,0,0,0,,
"Mobile, AL",2016242N24279,HERMINE,2016,368.4,1,1,70,1,0,0,0,2016-08-29,2016-08-30,2016-09-03,5,4,1,0,2.4734,761.575,0.5428,778.274,1539.85
"Mobile, AL",2017212N28275,EMILY,2017,363.1,0,0,38,0,0,0,0,,,,0,0,0,0,0,0,0,,
"Mobile, AL",2017228N14314,HARVEY,2017,397.1,0,4,38,1,0,0,0,2017-08-29,2017-08-29,2017-08-31,2,2,1,0,1.0654,256.753,0.636,224.565,481.319
"Mobile, AL",2017242N16333,IRMA,2017,338.4,0,5,48,1,0,0,0,,,,0,0,0,0,0,0,0,,
"Mobile, AL",2017277N11279,NATE,2017,70.4,1,1,80,1,0,0,0,,,,0,0,0,0,0,0,0,,
"Mobile, AL",2018146N19273,ALBERTO,2018,190,0,0,55,1,0,0,0,,,,0,0,0,0,0,0,0,,
"Mobile, AL",2018246N22283,GORDON,2018,48.4,0,0,60,1,0,0,0,2018-09-04,2018-09-05,2018-09-06,2,1,0,0,1.717,284.177,0.8765,46.907,331.084
"Mobile, AL",2018280N18273,MICHAEL,2018,254.1,5,5,140,1,0,0,0,,,,0,0,0,0,0,0,0,,
"Mobile, AL",2019192N29274,BARRY,2019,286.4,1,1,65,1,1,0.3084,78.202,,,,0,0,0,0,0,0,0,,
"Mobile, AL",2019291N22264,NESTOR,2019,223.5,0,0,50,1,1,0.1732,53.374,,,,0,0,0,0,0,0,0,,
"Mobile, AL",2019299N25265,OLGA,2019,214,-4,0,45,1,0,0,0,,,,0,0,0,0,0,0,0,,
"Mobile, AL",2020154N19269,CRISTOBAL,2020,197.9,0,0,45,1,0,0,0,,,,0,0,0,0,0,0,0,,
"Mobile, AL",2020188N28271,FAY,2020,267.5,-3,0,30,1,0,0,0,,,,0,0,0,0,0,0,0,,
"Mobile, AL",2020233N14313,LAURA,2020,497.3,2,4,85,1,0,0,0,,,,0,0,0,0,0,0,0,,
"Mobile, AL",2020234N14280,MARCO,2020,211.1,0,1,55,0,0,0,0,,,,0,0,0,0,0,0,0,,
"Mobile, AL",2020256N25281,SALLY,2020,51.5,2,2,95,1,0,0,0,2020-09-15,2020-09-16,2020-09-19,4,3,1,1,3.1291,535.943,1,152.691,688.633
"Mobile, AL",2020261N21265,BETA,2020,276,-4,0,25,1,0,0,0,,,,0,0,0,0,0,0,0,,
"Mobile, AL",2020279N16284,DELTA,2020,369.7,2,4,85,1,1,0.0291,8.981,,,,0,0,0,0,0,0,0,,
"Mobile, AL",2020299N18277,ZETA,2020,111.5,3,3,100,1,0,0,0,2020-10-29,2020-10-29,2020-10-30,1,1,0,0,0.8177,165.269,0.8177,36.838,202.107
"Mobile, AL",2021169N23268,CLAUDETTE,2021,114,0,0,40,1,0,0,0,,,,0,0,0,0,0,0,0,,
"Mobile, AL",2021182N09317,ELSA,2021,449.9,0,1,55,1,0,0,0,,,,0,0,0,0,0,0,0,,
"Mobile, AL",2021222N14301,FRED,2021,258.5,0,0,55,1,0,0,0,2021-08-16,2021-08-16,2021-08-17,1,1,0,0,0.4455,103.779,0.4455,129.158,232.936
"Mobile, AL",2021239N17281,IDA,2021,254.5,4,4,130,1,0,0,0,,,,0,0,0,0,0,0,0,,
"Mobile, AL",2021252N28273,MINDY,2021,267.6,0,0,50,1,0,0,0,2021-09-08,2021-09-09,2021-09-10,2,1,0,0,0.9292,209.211,0.4764,240.879,450.09
"Mobile, AL",2021256N21265,NICHOLAS,2021,360.8,-1,1,25,1,0,0,0,,,,0,0,0,0,0,0,0,,
"Mobile, AL",2022311N21293,NICOLE,2022,339.1,0,1,38,1,0,0,0,,,,0,0,0,0,0,0,0,,
"Mobile, AL",2023152N26274,ARLENE,2023,334.7,0,0,35,0,0,0,0,2023-06-01,2023-06-01,2023-06-02,1,1,0,0,0.5441,154.505,0.5441,129.449,283.954
"Mobile, AL",2023239N21274,IDALIA,2023,423.3,4,4,115,1,0,0,0,,,,0,0,0,0,0,0,0,,
"Morehead City, NC",2015126N27281,ANA,2015,143.3,0,0,50,1,0,0,0,,,,0,0,0,0,0,0,0,,
"Morehead City, NC",2015193N35285,CLAUDETTE,2015,142.7,-3,0,28,0,0,0,0,2015-07-12,2015-07-12,2015-07-18,6,6,1,4,5.6333,118.274,1,7.795,126.069
"Morehead City, NC",2015313N22289,KATE,2015,467.9,0,1,63,0,0,0,0,,,,0,0,0,0,0,0,0,,
"Morehead City, NC",2016148N27288,BONNIE,2016,93.3,0,0,40,1,1,0.0369,1.62,2016-05-26,2016-05-27,2016-05-30,4,3,1,2,3.7794,72.807,1,4.286,77.093
"Morehead City, NC",2016158N22272,COLIN,2016,52.4,0,0,50,0,0,0,0,2016-06-04,2016-06-10,2016-06-11,7,1,0,4,6.4784,130.411,1,10.901,141.313
"Morehead City, NC",2016240N31295,UNNAMED,2016,166.1,-1,-1,30,0,2,0.8143,32.731,2016-08-29,2016-08-29,2016-08-30,1,1,0,0,0.9964,16.744,0.9964,0.06,16.804
"Morehead City, NC",2016242N24279,HERMINE,2016,46.4,0,1,60,1,0,0,0,2016-09-03,2016-09-03,2016-09-05,2,2,1,1,1.9954,31.095,1,0.07,31.164
"Morehead City, NC",2016257N27280,JULIA,2016,67.4,0,0,40,1,4,1.7906,70.794,2016-09-18,2016-09-18,2016-09-20,2,2,1,1,1.8791,31.493,1,2.061,33.554
"Morehead City, NC",2016273N13300,MATTHEW,2016,49.3,2,5,85,1,0,0,0,2016-10-06,2016-10-08,2016-10-13,7,5,0,5,6.8888,132.097,1,2.272,134.369
"Morehead City, NC",2017171N24271,CINDY,2017,489.6,-3,0,25,1,0,0,0,,,,0,0,0,0,0,0,0,,
"Morehead City, NC",2017212N28275,EMILY,2017,465.8,-3,0,30,0,0,0,0,2017-08-02,2017-08-03,2017-08-05,3,2,0,2,2.9962,57.39,1,0.074,57.464
"Morehead City, NC",2017224N22293,GERT,2017,485.9,1,2,73,0,2,0.3301,13.895,,,,0,0,0,0,0,0,0,,
"Morehead City, NC",2017240N31279,UNNAMED,2017,6.6,-3,-3,40,1,11,6.1449,226.507,,,,0,0,0,0,0,0,0,,
"Morehead City, NC",2017247N09327,JOSE,2017,475.1,1,4,65,0,0,0,0,,,,0,0,0,0,0,0,0,,
"Morehead City, NC",2017260N12310,MARIA,2017,338.5,1,5,70,0,2,0.2985,12.898,2017-09-26,2017-09-26,2017-09-27,1,1,0,1,1,19.524,1,0,19.524
"Morehead City, NC",2018186N31292,CHRIS,2018,219.2,2,2,90,0,1,0.4884,19.018,,,,0,0,0,0,0,0,0,,
"Morehead City, NC",2018242N13343,FLORENCE,2018,70.2,3,4,105,1,0,0,0,,,,0,0,0,0,0,0,0,,
"Morehead City, NC",2018280N18273,MICHAEL,2018,215.3,0,5,60,1,0,0,0,2018-10-11,2018-10-11,2018-10-13,2,2,1,1,1.998,36.488,1,0.035,36.523
"Morehead City, NC",2019236N10314,DORIAN,2019,42.4,3,5,100,0,0,0,0,,,,0,0,0,0,0,0,0,,
"Morehead City, NC",2019239N32287,ERIN,2019,355.3,0,0,35,0,0,0,0,,,,0,0,0,0,0,0,0,,
"Morehead City, NC",2019282N35286,MELISSA,2019,242.4,-4,0,40,0,0,0,0,,,,0,0,0,0,0,0,0,,
"Morehead City, NC",2019291N22264,NESTOR,2019,194.5,-4,0,40,1,0,0,0,,,,0,0,0,0,0,0,0,,
"Morehead City, NC",2020138N28281,ARTHUR,2020,84.9,0,0,50,0,0,0,0,,,,0,0,0,0,0,0,0,,
"Morehead City, NC",2020148N32281,BERTHA,2020,329.7,0,0,45,1,0,0,0,,,,0,0,0,0,0,0,0,,
"Morehead City, NC",2020188N28271,FAY,2020,70.2,0,0,50,1,0,0,0,,,,0,0,0,0,0,0,0,,
"Morehead City, NC",2020211N13306,ISAIAS,2020,128,1,1,80,1,0,0,0,,,,0,0,0,0,0,0,0,,
"Morehead City, NC",2020228N37286,KYLE,2020,309.5,0,0,35,0,0,0,0,,,,0,0,0,0,0,0,0,,
"Morehead City, NC",2020244N30279,OMAR,2020,190.1,0,0,35,0,0,0,0,,,,0,0,0,0,0,0,0,,
"Morehead City, NC",2020256N25281,SALLY,2020,379.2,-4,2,30,1,0,0,0,,,,0,0,0,0,0,0,0,,
"Morehead City, NC",2020299N18277,ZETA,2020,365.8,0,3,45,1,0,0,0,,,,0,0,0,0,0,0,0,,
"Morehead City, NC",2020306N15288,ETA,2020,154.8,0,4,40,0,0,0,0,,,,0,0,0,0,0,0,0,,
"Morehead City, NC",2021165N32282,BILL,2021,186.7,0,0,38,0,0,0,0,,,,0,0,0,0,0,0,0,,
"Morehead City, NC",2021169N23268,CLAUDETTE,2021,136.2,0,0,40,1,0,0,0,,,,0,0,0,0,0,0,0,,
"Morehead City, NC",2021179N30287,DANNY,2021,368,0,0,40,1,0,0,0,,,,0,0,0,0,0,0,0,,
"Morehead City, NC",2021182N09317,ELSA,2021,202,0,1,50,1,0,0,0,,,,0,0,0,0,0,0,0,,
"Morehead City, NC",2021227N36297,HENRI,2021,386.9,1,1,65,0,0,0,0,2021-08-12,2021-08-12,2021-08-25,13,13,0,13,13,224.012,1,0,224.012
"Morehead City, NC",2021252N28273,MINDY,2021,292.4,-1,0,30,0,0,0,0,,,,0,0,0,0,0,0,0,,
"Morehead City, NC",2021259N30286,ODETTE,2021,181.8,0,0,38,0,3,2.2195,73.32,,,,0,0,0,0,0,0,0,,
"Morehead City, NC",2021299N33284,WANDA,2021,198.4,-4,0,45,0,0,0,0,,,,0,0,0,0,0,0,0,,
"Morehead City, NC",2022183N32280,COLIN,2022,224,0,0,35,1,0,0,0,,,,0,0,0,0,0,0,0,,
"Morehead City, NC",2022266N12294,IAN,2022,237.5,1,5,75,1,0,0,0,,,,0,0,0,0,0,0,0,,
"Morehead City, NC",2023239N21274,IDALIA,2023,117,0,4,55,1,0,0,0,2023-08-31,2023-08-31,2023-09-02,2,2,1,1,1.8647,33.148,1,2.353,35.501
"Morehead City, NC",2023265N29284,OPHELIA,2023,33.4,0,0,60,1,0,0,0,,,,0,0,0,0,0,0,0,,
"New Haven, CT",2015126N27281,ANA,2015,165.3,-1,0,30,1,0,0,0,,,,0,0,0,0,0,0,0,,
"New Haven, CT",2016158N22272,COLIN,2016,445.1,-4,0,50,0,0,0,0,,,,0,0,0,0,0,0,0,,
"New Haven, CT",2016242N24279,HERMINE,2016,202.8,-4,1,55,1,1,0.0539,3.293,,,,0,0,0,0,0,0,0,,
"New Haven, CT",2017247N09327,JOSE,2017,346,0,4,60,0,3,0.6985,34.536,,,,0,0,0,0,0,0,0,,
"New Haven, CT",2017277N11279,NATE,2017,285.5,-4,1,25,1,0,0,0,,,,0,0,0,0,0,0,0,,
"New Haven, CT",2018242N13343,FLORENCE,2018,103.7,-4,4,25,1,0,0,0,,,,0,0,0,0,0,0,0,,
"New Haven, CT",2018280N18273,MICHAEL,2018,315.2,-4,5,60,0,0,0,0,,,,0,0,0,0,0,0,0,,
"New Haven, CT",2019236N10314,DORIAN,2019,434.6,2,5,85,0,0,0,0,2019-09-06,2019-09-06,2019-09-08,2,2,1,1,1.8529,53.946,1,4.236,58.182
"New Haven, CT",2019239N32287,ERIN,2019,482.6,-4,0,35,0,0,0,0,,,,0,0,0,0,0,0,0,,
"New Haven, CT",2019282N35286,MELISSA,2019,425.4,-2,0,55,0,0,0,0,,,,0,0,0,0,0,0,0,,
"New Haven, CT",2019291N22264,NESTOR,2019,444.8,-4,0,40,0,0,0,0,,,,0,0,0,0,0,0,0,,
"New Haven, CT",2020188N28271,FAY,2020,108.5,0,0,50,1,0,0,0,,,,0,0,0,0,0,0,0,,
"New Haven, CT",2020211N13306,ISAIAS,2020,164.2,0,1,58,1,0,0,0,,,,0,0,0,0,0,0,0,,
"New Haven, CT",2020228N37286,KYLE,2020,403.3,0,0,45,0,0,0,0,,,,0,0,0,0,0,0,0,,
"New Haven, CT",2020299N18277,ZETA,2020,226.4,-4,3,45,0,2,1.26,68.507,,,,0,0,0,0,0,0,0,,
"New Haven, CT",2021169N23268,CLAUDETTE,2021,375.2,0,0,40,0,2,0.0768,5.578,,,,0,0,0,0,0,0,0,,
"New Haven, CT",2021182N09317,ELSA,2021,69.4,0,1,50,1,0,0,0,2021-07-10,2021-07-10,2021-07-12,2,2,1,0,1.6061,56.498,0.8367,13.844,70.342
"New Haven, CT",2021222N14301,FRED,2021,154.9,-4,0,25,1,0,0,0,2021-08-18,2021-08-20,2021-08-24,6,4,1,3,5.842,196.293,1,5.476,201.769
"New Haven, CT",2021227N36297,HENRI,2021,21.2,1,1,65,1,0,0,0,2021-08-18,2021-08-20,2021-08-24,6,4,1,3,5.8421,196.523,1,5.476,201.999
"New Haven, CT",2021239N17281,IDA,2021,79.7,-4,4,40,1,0,0,0,,,,0,0,0,0,0,0,0,,
"New Haven, CT",2021259N30286,ODETTE,2021,478.5,0,0,40,0,0,0,0,2021-09-17,2021-09-18,2021-09-20,3,2,1,0,2.7497,103.886,0.9585,9.474,113.36
"New Haven, CT",2021299N33284,WANDA,2021,251.7,-4,0,60,0,0,0,0,,,,0,0,0,0,0,0,0,,
"New Haven, CT",2023265N29284,OPHELIA,2023,431.4,-4,0,20,1,0,0,0,,,,0,0,0,0,0,0,0,,
"New Orleans, LA",2016158N22272,COLIN,2016,438.2,0,0,45,0,0,0,0,,,,0,0,0,0,0,0,0,,
"New Orleans, LA",2016242N24279,HERMINE,2016,498.2,0,1,63,0,0,0,0,2016-09-01,2016-09-01,2016-09-03,2,2,1,0,0.455,376.796,0.2336,1279.32,1656.11
"New Orleans, LA",2017171N24271,CINDY,2017,354.3,0,0,50,1,0,0,0,,,,0,0,0,0,0,0,0,,
"New Orleans, LA",2017212N28275,EMILY,2017,484,-1,0,30,0,0,0,0,,,,0,0,0,0,0,0,0,,
"New Orleans, LA",2017228N14314,HARVEY,2017,283.3,0,4,45,1,3,0.2189,226.071,,,,0,0,0,0,0,0,0,,
"New Orleans, LA",2017277N11279,NATE,2017,80.1,1,1,80,1,0,0,0,2017-10-07,2017-10-08,2017-10-09,2,1,0,0,0.754,677.243,0.4021,1117.87,1795.12
"New Orleans, LA",2018146N19273,ALBERTO,2018,384,0,0,55,1,5,0.4945,445.226,,,,0,0,0,0,0,0,0,,
"New Orleans, LA",2018246N22283,GORDON,2018,141.5,0,0,60,1,0,0,0,,,,0,0,0,0,0,0,0,,
"New Orleans, LA",2018280N18273,MICHAEL,2018,377.9,5,5,140,1,0,0,0,,,,0,0,0,0,0,0,0,,
"New Orleans, LA",2019192N29274,BARRY,2019,193.6,1,1,65,1,0,0,0,2019-07-11,2019-07-13,2019-07-14,3,1,0,0,0.9817,674.194,0.3855,1387.57,2061.77
"New Orleans, LA",2019261N28264,IMELDA,2019,472.7,-1,0,30,1,0,0,0,,,,0,0,0,0,0,0,0,,
"New Orleans, LA",2019291N22264,NESTOR,2019,320.3,0,0,50,1,0,0,0,,,,0,0,0,0,0,0,0,,
"New Orleans, LA",2019299N25265,OLGA,2019,57.1,-4,0,45,1,0,0,0,,,,0,0,0,0,0,0,0,,
"New Orleans, LA",2020154N19269,CRISTOBAL,2020,31,0,0,45,1,0,0,0,,,,0,0,0,0,0,0,0,,
"New Orleans, LA",2020188N28271,FAY,2020,287.9,-3,0,30,1,0,0,0,,,,0,0,0,0,0,0,0,,
"New Orleans, LA",2020205N26272,HANNA,2020,422,0,1,50,0,0,0,0,,,,0,0,0,0,0,0,0,,
"New Orleans, LA",2020233N14313,LAURA,2020,318.3,4,4,130,1,0,0,0,,,,0,0,0,0,0,0,0,,
"New Orleans, LA",2020234N14280,MARCO,2020,140.7,0,1,55,0,0,0,0,2020-08-24,2020-08-25,2020-08-26,2,1,0,0,0.6285,347.429,0.3213,757.751,1105.18
"New Orleans, LA",2020256N25281,SALLY,2020,194.7,2,2,95,1,0,0,0,2020-09-14,2020-09-15,2020-09-16,2,1,0,0,0.8499,492.956,0.4366,667.396,1160.35
"New Orleans, LA",2020261N21265,BETA,2020,220.7,0,0,55,1,0,0,0,,,,0,0,0,0,0,0,0,,
"New Orleans, LA",2020279N16284,DELTA,2020,252.4,3,4,100,1,0,0,0,2020-10-08,2020-10-09,2020-10-10,2,1,0,0,0.7938,417.765,0.4455,636.298,1054.06
"New Orleans, LA",2020299N18277,ZETA,2020,18.7,3,3,100,1,0,0,0,,,,0,0,0,0,0,0,0,,
"New Orleans, LA",2021169N23268,CLAUDETTE,2021,37.7,0,0,40,1,0,0,0,,,,0,0,0,0,0,0,0,,
"New Orleans, LA",2021222N14301,FRED,2021,443.6,0,0,55,1,0,0,0,2021-08-16,2021-08-21,2021-08-23,7,2,1,0,1.9161,1544.78,0.3227,4101.34,5646.12
"New Orleans, LA",2021239N17281,IDA,2021,59.5,4,4,130,1,0,0,0,2021-08-27,2021-09-10,2021-09-11,15,1,0,0,7.9467,6812.14,0.9575,6054.46,12866.6
"New Orleans, LA",2021252N28273,MINDY,2021,362.2,0,0,50,1,0,0,0,2021-08-29,2021-09-11,2021-09-12,14,1,0,0,7.3739,6235.57,0.9567,5640.41,11876
"New Orleans, LA",2021256N21265,NICHOLAS,2021,165.6,0,1,35,1,0,0,0,,,,0,0,0,0,0,0,0,,
"New Orleans, LA",2023152N26274,ARLENE,2023,411.1,0,0,35,0,1,0.0239,20.563,,,,0,0,0,0,0,0,0,,
"New York, NY & NJ",2015126N27281,ANA,2015,175.3,-1,0,30,1,0,0,0,,,,0,0,0,0,0,0,0,,
"New York, NY & NJ",2016158N22272,COLIN,2016,459,-4,0,50,0,0,0,0,,,,0,0,0,0,0,0,0,,
"New York, NY & NJ",2016240N31295,UNNAMED,2016,498.8,-1,-1,30,0,0,0,0,2016-08-27,2016-09-05,2016-09-08,12,3,1,0,3.2529,6344.08,0.5243,17150.4,23494.5
"New York, NY & NJ",2016242N24279,HERMINE,2016,199.2,-4,1,55,1,0,0,0,2016-08-27,2016-09-05,2016-09-08,12,3,1,0,3.2895,6442.9,0.5265,17150.4,23593.3
"New York, NY & NJ",2017171N24271,CINDY,2017,430.9,-3,0,25,1,0,0,0,2017-06-23,2017-06-27,2017-06-28,5,1,0,0,3.3451,5626.6,0.964,2823.7,8450.3
"New York, NY & NJ",2017247N09327,JOSE,2017,396.5,0,4,60,0,1,0.0046,9.963,2017-09-21,2017-09-21,2017-09-22,1,1,0,0,0.1423,274.732,0.1423,1656.13,1930.86
"New York, NY & NJ",2017260N12310,MARIA,2017,483.3,1,5,65,0,1,0.0157,35.489,,,,0,0,0,0,0,0,0,,
"New York, NY & NJ",2017277N11279,NATE,2017,325.7,-4,1,25,1,0,0,0,2017-10-08,2017-10-08,2017-10-11,3,3,1,0,0.6477,1190.38,0.2516,4355.16,5545.54
"New York, NY & NJ",2018242N13343,FLORENCE,2018,155.5,-4,4,25,1,0,0,0,2018-09-18,2018-09-19,2018-09-20,2,1,0,0,0.3413,669.225,0.1901,3245.16,3914.39
"New York, NY & NJ",2018280N18273,MICHAEL,2018,305.5,-4,5,60,1,0,0,0,,,,0,0,0,0,0,0,0,,
"New York, NY & NJ",2019236N10314,DORIAN,2019,441.4,2,5,85,0,0,0,0,,,,0,0,0,0,0,0,0,,
"New York, NY & NJ",2019239N32287,ERIN,2019,494.6,-4,0,35,0,0,0,0,,,,0,0,0,0,0,0,0,,
"New York, NY & NJ",2019282N35286,MELISSA,2019,458.4,-2,0,55,0,0,0,0,,,,0,0,0,0,0,0,0,,
"New York, NY & NJ",2019291N22264,NESTOR,2019,358.5,-4,0,40,1,0,0,0,,,,0,0,0,0,0,0,0,,
"New York, NY & NJ",2020138N28281,ARTHUR,2020,490.5,0,0,50,0,0,0,0,,,,0,0,0,0,0,0,0,,
"New York, NY & NJ",2020188N28271,FAY,2020,24.7,0,0,50,1,0,0,0,,,,0,0,0,0,0,0,0,,
"New York, NY & NJ",2020211N13306,ISAIAS,2020,92.2,0,1,60,1,0,0,0,,,,0,0,0,0,0,0,0,,
"New York, NY & NJ",2020228N37286,KYLE,2020,385.5,0,0,45,0,0,0,0,,,,0,0,0,0,0,0,0,,
"New York, NY & NJ",2020299N18277,ZETA,2020,237.6,-4,3,45,1,0,0,0,,,,0,0,0,0,0,0,0,,
"New York, NY & NJ",2021169N23268,CLAUDETTE,2021,373.3,0,0,40,0,0,0,0,,,,0,0,0,0,0,0,0,,
"New York, NY & NJ",2021182N09317,ELSA,2021,90.9,0,1,50,1,0,0,0,,,,0,0,0,0,0,0,0,,
"New York, NY & NJ",2021222N14301,FRED,2021,208.4,-3,0,25,1,0,0,0,2021-08-18,2021-08-19,2021-08-20,2,1,0,0,0.767,1555.19,0.5234,2501.32,4056.51
"New York, NY & NJ",2021227N36297,HENRI,2021,88.7,1,1,65,1,0,0,0,,,,0,0,0,0,0,0,0,,
"New York, NY & NJ",2021239N17281,IDA,2021,57.8,-4,4,40,1,0,0,0,,,,0,0,0,0,0,0,0,,
"New York, NY & NJ",2021259N30286,ODETTE,2021,479.6,0,0,40,0,0,0,0,,,,0,0,0,0,0,0,0,,
"New York, NY & NJ",2021299N33284,WANDA,2021,340,-4,0,60,0,0,0,0,,,,0,0,0,0,0,0,0,,
"New York, NY & NJ",2023265N29284,OPHELIA,2023,316.4,-4,0,25,1,2,0.0526,115.167,,,,0,0,0,0,0,0,0,,
"Northern Indiana District, IN",2015167N27266,BILL,2015,383.6,-3,0,20,1,0,0,0,,,,0,0,0,0,0,0,0,,
"Northern Indiana District, IN",2017171N24271,CINDY,2017,481.3,-3,0,25,1,0,0,0,,,,0,0,0,0,0,0,0,,
"Northern Indiana District, IN",2017228N14314,HARVEY,2017,419.8,-4,4,20,1,0,0,0,,,,0,0,0,0,0,0,0,,
"Northern Indiana District, IN",2017277N11279,NATE,2017,410.4,-3,1,23,1,0,0,0,,,,0,0,0,0,0,0,0,,
"Northern Indiana District, IN",2018146N19273,ALBERTO,2018,88.7,-1,0,30,1,2,0.199,7.824,,,,0,0,0,0,0,0,0,,
"Northern Indiana District, IN",2019299N25265,OLGA,2019,46.2,-4,0,35,1,2,0.2676,10.27,,,,0,0,0,0,0,0,0,,
"Northern Indiana District, IN",2020154N19269,CRISTOBAL,2020,331.2,-1,0,35,1,0,0,0,2020-06-08,2020-06-09,2020-06-10,2,1,0,0,1.0021,28.994,0.5088,28.862,57.855
"Northern Indiana District, IN",2020233N14313,LAURA,2020,404.4,-1,4,25,1,0,0,0,,,,0,0,0,0,0,0,0,,
"Orange County Nav District, TX",2015167N27266,BILL,2015,303,0,0,50,1,0,0,0,2015-06-15,2015-06-17,2015-06-18,3,1,0,0,2.3723,162.665,0.8011,42.974,205.639
"Orange County Nav District, TX",2017171N24271,CINDY,2017,21.4,0,0,50,1,0,0,0,2017-06-23,2017-06-23,2017-06-24,1,1,0,0,0.488,51.491,0.488,54.024,105.515
"Orange County Nav District, TX",2017228N14314,HARVEY,2017,45.6,4,4,115,1,0,0,0,,,,0,0,0,0,0,0,0,,
"Orange County Nav District, TX",2017277N11279,NATE,2017,452.7,1,1,75,1,2,0.1919,27.986,,,,0,0,0,0,0,0,0,,
"Orange County Nav District, TX",2018246N22283,GORDON,2018,424.2,0,0,45,1,0,0,0,2018-09-05,2018-09-05,2018-09-06,1,1,0,0,0.3855,54.077,0.3855,86.211,140.288
"Orange County Nav District, TX",2019192N29274,BARRY,2019,107,1,1,65,1,0,0,0,,,,0,0,0,0,0,0,0,,
"Orange County Nav District, TX",2019261N28264,IMELDA,2019,118.4,0,0,40,1,0,0,0,,,,0,0,0,0,0,0,0,,
"Orange County Nav District, TX",2019299N25265,OLGA,2019,299.7,0,0,45,1,0,0,0,,,,0,0,0,0,0,0,0,,
"Orange County Nav District, TX",2020154N19269,CRISTOBAL,2020,287.8,0,0,45,1,0,0,0,2020-06-04,2020-06-14,2020-06-15,11,1,0,0,3.7668,662.712,0.3725,1272.43,1935.14
"Orange County Nav District, TX",2020205N26272,HANNA,2020,325.9,1,1,80,0,0,0,0,2020-07-19,2020-07-27,2020-07-29,10,2,1,0,3.5711,707.726,0.4132,1273.66,1981.39
"Orange County Nav District, TX",2020233N14313,LAURA,2020,63.2,4,4,130,1,0,0,0,2020-08-24,2020-09-01,2020-09-02,9,1,0,0,3.0973,576.163,0.391,1099.29,1675.45
"Orange County Nav District, TX",2020234N14280,MARCO,2020,191.8,0,1,35,0,0,0,0,2020-08-24,2020-09-01,2020-09-02,9,1,0,0,3.0937,575.146,0.3905,1099.29,1674.43
"Orange County Nav District, TX",2020261N21265,BETA,2020,21.4,0,0,55,1,1,0.1258,26.266,,,,0,0,0,0,0,0,0,,
"Orange County Nav District, TX",2020279N16284,DELTA,2020,84.7,3,4,105,1,0,0,0,,,,0,0,0,0,0,0,0,,
"Orange County Nav District, TX",2020299N18277,ZETA,2020,334.6,3,3,100,1,17,3.8938,815.215,,,,0,0,0,0,0,0,0,,
"Orange County Nav District, TX",2021169N23268,CLAUDETTE,2021,298,0,0,40,1,0,0,0,,,,0,0,0,0,0,0,0,,
"Orange County Nav District, TX",2021239N17281,IDA,2021,301.6,4,4,130,1,0,0,0,,,,0,0,0,0,0,0,0,,
"Orange County Nav District, TX",2021256N21265,NICHOLAS,2021,12.3,1,1,65,1,0,0,0,,,,0,0,0,0,0,0,0,,
"Orange County Nav District, TX",2023234N25271,HAROLD,2023,443.5,0,0,50,0,1,0.1119,18.971,,,,0,0,0,0,0,0,0,,
"Panama City Port Authority, FL",2016158N22272,COLIN,2016,158.8,0,0,45,1,2,0.3535,10.338,,,,0,0,0,0,0,0,0,,
"Panama City Port Authority, FL",2016242N24279,HERMINE,2016,143.6,1,1,70,1,0,0,0,2016-09-01,2016-09-01,2016-09-02,1,1,0,1,1,19.463,1,0,19.463
"Panama City Port Authority, FL",2016257N27280,JULIA,2016,378.4,0,0,45,1,0,0,0,,,,0,0,0,0,0,0,0,,
"Panama City Port Authority, FL",2016273N13300,MATTHEW,2016,473.9,3,5,103,0,0,0,0,,,,0,0,0,0,0,0,0,,
"Panama City Port Authority, FL",2017212N28275,EMILY,2017,205.6,0,0,50,1,0,0,0,,,,0,0,0,0,0,0,0,,
"Panama City Port Authority, FL",2017240N31279,UNNAMED,2017,475.5,-3,-3,35,0,0,0,0,2017-08-27,2017-08-27,2017-08-28,1,1,0,0,0.7196,13.232,0.7196,5.157,18.388
"Panama City Port Authority, FL",2017242N16333,IRMA,2017,209.9,1,5,73,1,0,0,0,2017-09-10,2017-09-10,2017-09-12,2,2,0,2,2,28.467,1,0,28.467
"Panama City Port Authority, FL",2017277N11279,NATE,2017,294.2,1,1,80,1,0,0,0,2017-10-04,2017-10-08,2017-10-10,6,2,1,2,5.114,110.95,1,19.313,130.263
"Panama City Port Authority, FL",2018146N19273,ALBERTO,2018,35.9,0,0,55,1,0,0,0,,,,0,0,0,0,0,0,0,,
"Panama City Port Authority, FL",2018246N22283,GORDON,2018,212.4,0,0,60,1,0,0,0,,,,0,0,0,0,0,0,0,,
"Panama City Port Authority, FL",2018280N18273,MICHAEL,2018,22.8,5,5,140,1,0,0,0,2018-10-06,2018-10-14,2018-10-20,14,6,1,5,12.0957,276.275,1,42.784,319.059
"Panama City Port Authority, FL",2019192N29274,BARRY,2019,210.7,0,1,48,0,0,0,0,,,,0,0,0,0,0,0,0,,
"Panama City Port Authority, FL",2019291N22264,NESTOR,2019,22.8,0,0,50,1,3,0.3556,12.564,,,,0,0,0,0,0,0,0,,
"Panama City Port Authority, FL",2019299N25265,OLGA,2019,447,-4,0,45,1,0,0,0,,,,0,0,0,0,0,0,0,,
"Panama City Port Authority, FL",2020154N19269,CRISTOBAL,2020,413.7,0,0,45,1,0,0,0,,,,0,0,0,0,0,0,0,,
"Panama City Port Authority, FL",2020188N28271,FAY,2020,43.7,-3,0,30,1,0,0,0,,,,0,0,0,0,0,0,0,,
"Panama City Port Authority, FL",2020234N14280,MARCO,2020,334.3,0,1,55,0,0,0,0,2020-08-25,2020-08-25,2020-08-26,1,1,0,0,0.9087,13.423,0.9087,1.348,14.771
"Panama City Port Authority, FL",2020244N30279,OMAR,2020,473.9,-3,0,25,0,0,0,0,,,,0,0,0,0,0,0,0,,
"Panama City Port Authority, FL",2020256N25281,SALLY,2020,177.9,2,2,95,1,0,0,0,,,,0,0,0,0,0,0,0,,
"Panama City Port Authority, FL",2020261N21265,BETA,2020,417.4,-4,0,23,1,0,0,0,,,,0,0,0,0,0,0,0,,
"Panama City Port Authority, FL",2020299N18277,ZETA,2020,335.4,3,3,100,1,0,0,0,,,,0,0,0,0,0,0,0,,
"Panama City Port Authority, FL",2020306N15288,ETA,2020,288,0,4,63,1,0,0,0,,,,0,0,0,0,0,0,0,,
"Panama City Port Authority, FL",2021169N23268,CLAUDETTE,2021,316.5,0,0,38,1,0,0,0,,,,0,0,0,0,0,0,0,,
"Panama City Port Authority, FL",2021182N09317,ELSA,2021,208.6,1,1,65,1,0,0,0,,,,0,0,0,0,0,0,0,,
"Panama City Port Authority, FL",2021222N14301,FRED,2021,27.1,0,0,55,1,0,0,0,2021-08-16,2021-08-16,2021-08-18,2,2,1,0,0.9254,28.953,0.4669,33.633,62.586
"Panama City Port Authority, FL",2021239N17281,IDA,2021,418.5,4,4,130,1,0,0,0,,,,0,0,0,0,0,0,0,,
"Panama City Port Authority, FL",2021252N28273,MINDY,2021,78.8,0,0,50,1,0,0,0,2021-09-06,2021-09-11,2021-09-13,7,2,1,0,4.5159,134.383,0.7433,74.052,208.434
"Panama City Port Authority, FL",2022311N21293,NICOLE,2022,124.9,0,1,55,1,0,0,0,,,,0,0,0,0,0,0,0,,
"Panama City Port Authority, FL",2023152N26274,ARLENE,2023,262.7,0,0,35,0,0,0,0,,,,0,0,0,0,0,0,0,,
"Panama City Port Authority, FL",2023239N21274,IDALIA,2023,194.8,4,4,115,1,4,18.4188,574.213,,,,0,0,0,0,0,0,0,,
"Philadelphia Regional Port, PA",2015126N27281,ANA,2015,164.9,-1,0,30,1,0,0,0,2015-05-11,2015-05-11,2015-05-12,1,1,0,0,0.3377,149.158,0.3377,292.537,441.695
"Philadelphia Regional Port, PA",2016148N27288,BONNIE,2016,496,-1,0,33,0,0,0,0,2016-06-02,2016-06-03,2016-06-05,3,2,1,0,1.0083,512.803,0.4017,1012.35,1525.15
"Philadelphia Regional Port, PA",2016158N22272,COLIN,2016,431.1,-4,0,50,0,0,0,0,2016-06-08,2016-06-08,2016-06-09,1,1,0,0,0.3834,209.603,0.3834,337.115,546.719
"Philadelphia Regional Port, PA",2016240N31295,UNNAMED,2016,490.2,-1,-1,30,0,0,0,0,,,,0,0,0,0,0,0,0,,
"Philadelphia Regional Port, PA",2016242N24279,HERMINE,2016,234.8,-4,1,60,1,0,0,0,2016-09-05,2016-09-08,2016-09-09,4,1,0,0,1.9136,930.664,0.6161,1010.71,1941.38
"Philadelphia Regional Port, PA",2017171N24271,CINDY,2017,324.9,-3,0,25,1,0,0,0,2017-06-24,2017-06-27,2017-06-28,4,1,0,0,3.0536,1362.4,0.9792,409.279,1771.67
"Philadelphia Regional Port, PA",2017247N09327,JOSE,2017,423.1,0,4,60,0,0,0,0,2017-09-21,2017-09-21,2017-09-22,1,1,0,0,0.3636,160.956,0.3636,281.777,442.734
"Philadelphia Regional Port, PA",2017260N12310,MARIA,2017,454.7,1,5,65,0,0,0,0,2017-09-27,2017-09-28,2017-09-29,2,1,0,0,0.7461,325.219,0.3895,545.347,870.567
"Philadelphia Regional Port, PA",2017277N11279,NATE,2017,356.4,-4,1,25,1,1,0.0548,29.011,,,,0,0,0,0,0,0,0,,
"Philadelphia Regional Port, PA",2018242N13343,FLORENCE,2018,205.5,-4,4,25,1,0,0,0,,,,0,0,0,0,0,0,0,,
"Philadelphia Regional Port, PA",2018280N18273,MICHAEL,2018,282.8,-4,5,60,1,0,0,0,,,,0,0,0,0,0,0,0,,
"Philadelphia Regional Port, PA",2019236N10314,DORIAN,2019,421.8,2,5,85,0,0,0,0,,,,0,0,0,0,0,0,0,,
"Philadelphia Regional Port, PA",2019282N35286,MELISSA,2019,494.5,-4,0,43,0,0,0,0,,,,0,0,0,0,0,0,0,,
"Philadelphia Regional Port, PA",2019291N22264,NESTOR,2019,286.2,-4,0,40,1,0,0,0,,,,0,0,0,0,0,0,0,,
"Philadelphia Regional Port, PA",2020138N28281,ARTHUR,2020,458.9,0,0,50,0,0,0,0,,,,0,0,0,0,0,0,0,,
"Philadelphia Regional Port, PA",2020148N32281,BERTHA,2020,476.1,-4,0,20,1,0,0,0,,,,0,0,0,0,0,0,0,,
"Philadelphia Regional Port, PA",2020188N28271,FAY,2020,63.3,0,0,50,1,0,0,0,,,,0,0,0,0,0,0,0,,
"Philadelphia Regional Port, PA",2020211N13306,ISAIAS,2020,95.7,0,1,60,1,0,0,0,,,,0,0,0,0,0,0,0,,
"Philadelphia Regional Port, PA",2020228N37286,KYLE,2020,360.8,0,0,43,0,0,0,0,,,,0,0,0,0,0,0,0,,
"Philadelphia Regional Port, PA",2020299N18277,ZETA,2020,149.2,-4,3,45,1,0,0,0,,,,0,0,0,0,0,0,0,,
"Philadelphia Regional Port, PA",2021169N23268,CLAUDETTE,2021,362.6,0,0,40,1,6,0.4247,216.275,,,,0,0,0,0,0,0,0,,
"Philadelphia Regional Port, PA",2021182N09317,ELSA,2021,94,0,1,50,1,0,0,0,,,,0,0,0,0,0,0,0,,
"Philadelphia Regional Port, PA",2021222N14301,FRED,2021,250.4,-3,0,25,1,0,0,0,,,,0,0,0,0,0,0,0,,
"Philadelphia Regional Port, PA",2021227N36297,HENRI,2021,179.5,1,1,65,1,0,0,0,,,,0,0,0,0,0,0,0,,
"Philadelphia Regional Port, PA",2021239N17281,IDA,2021,56.7,-4,4,40,1,1,0.044,22.984,,,,0,0,0,0,0,0,0,,
"Philadelphia Regional Port, PA",2021259N30286,ODETTE,2021,478.3,0,0,40,0,0,0,0,,,,0,0,0,0,0,0,0,,
"Philadelphia Regional Port, PA",2021299N33284,WANDA,2021,419.1,-4,0,60,0,0,0,0,,,,0,0,0,0,0,0,0,,
"Philadelphia Regional Port, PA",2023265N29284,OPHELIA,2023,205.7,0,0,40,1,0,0,0,2023-09-23,2023-09-23,2023-09-24,1,1,0,0,0.5419,190.536,0.5419,161.054,351.59
"Plaquemines Port District, LA",2016158N22272,COLIN,2016,349.9,0,0,45,0,0,0,0,,,,0,0,0,0,0,0,0,,
"Plaquemines Port District, LA",2016242N24279,HERMINE,2016,413.9,1,1,70,0,0,0,0,2016-08-31,2016-08-31,2016-09-01,1,1,0,0,0.1868,322.576,0.1868,1404.64,1727.21
"Plaquemines Port District, LA",2017171N24271,CINDY,2017,347,0,0,50,1,0,0,0,2017-06-21,2017-06-21,2017-06-22,1,1,0,0,0.2759,468.54,0.2759,1229.9,1698.44
"Plaquemines Port District, LA",2017212N28275,EMILY,2017,412.1,-1,0,33,0,0,0,0,,,,0,0,0,0,0,0,0,,
"Plaquemines Port District, LA",2017228N14314,HARVEY,2017,367.4,0,4,45,1,0,0,0,2017-08-30,2017-08-30,2017-08-31,1,1,0,0,0.2197,387.803,0.2197,1376.98,1764.78
"Plaquemines Port District, LA",2017277N11279,NATE,2017,41.6,1,1,80,1,0,0,0,2017-10-07,2017-10-07,2017-10-09,2,2,1,0,0.8371,1540.23,0.4851,2144.9,3685.13
"Plaquemines Port District, LA",2018146N19273,ALBERTO,2018,344.5,0,0,55,1,0,0,0,2018-05-28,2018-05-28,2018-05-29,1,1,0,0,0.2542,391.779,0.2542,1149.59,1541.37
"Plaquemines Port District, LA",2018246N22283,GORDON,2018,147.6,0,0,60,1,1,0.0616,110.281,2018-09-04,2018-09-04,2018-09-05,1,1,0,0,0.3513,511.955,0.3513,945.54,1457.49
"Plaquemines Port District, LA",2018280N18273,MICHAEL,2018,310.2,5,5,140,1,0,0,0,,,,0,0,0,0,0,0,0,,
"Plaquemines Port District, LA",2019192N29274,BARRY,2019,158.7,1,1,65,1,1,0.0067,11.651,2019-07-11,2019-07-13,2019-07-14,3,1,0,0,0.916,1295.36,0.3309,2946.03,4241.39
"Plaquemines Port District, LA",2019291N22264,NESTOR,2019,235.8,0,0,50,1,0,0,0,,,,0,0,0,0,0,0,0,,
"Plaquemines Port District, LA",2019299N25265,OLGA,2019,128,0,0,45,1,0,0,0,,,,0,0,0,0,0,0,0,,
"Plaquemines Port District, LA",2020154N19269,CRISTOBAL,2020,32.1,0,0,45,1,0,0,0,2020-06-07,2020-06-07,2020-06-09,2,2,1,0,1.0903,1165.69,0.6706,972.332,2138.02
"Plaquemines Port District, LA",2020188N28271,FAY,2020,198.5,-3,0,30,1,0,0,0,,,,0,0,0,0,0,0,0,,
"Plaquemines Port District, LA",2020205N26272,HANNA,2020,384,0,1,50,0,0,0,0,2020-07-22,2020-07-22,2020-07-24,2,2,1,0,0.6954,782.37,0.378,1469.89,2252.26
"Plaquemines Port District, LA",2020233N14313,LAURA,2020,356,4,4,130,1,0,0,0,2020-08-24,2020-08-24,2020-08-27,3,3,1,0,1.9888,2113.43,0.7994,1053.75,3167.18
"Plaquemines Port District, LA",2020234N14280,MARCO,2020,56.4,1,1,65,0,0,0,0,2020-08-24,2020-08-24,2020-08-27,3,3,1,0,1.9912,2120.6,0.7998,1053.75,3174.35
"Plaquemines Port District, LA",2020256N25281,SALLY,2020,134.3,2,2,95,1,2,0.0473,68.568,2020-09-14,2020-09-15,2020-09-16,2,1,0,0,1.5118,1658.18,0.7569,535.456,2193.63
"Plaquemines Port District, LA",2020261N21265,BETA,2020,307.8,0,0,55,1,0,0,0,,,,0,0,0,0,0,0,0,,
"Plaquemines Port District, LA",2020279N16284,DELTA,2020,330.4,3,4,100,1,0,0,0,2020-10-08,2020-10-09,2020-10-10,2,1,0,0,1.022,1048.81,0.5426,1004.09,2052.9
"Plaquemines Port District, LA",2020299N18277,ZETA,2020,99.6,3,3,100,1,0,0,0,2020-10-28,2020-10-28,2020-10-30,2,2,1,0,0.885,903.953,0.4612,1140.29,2044.25
"Plaquemines Port District, LA",2021169N23268,CLAUDETTE,2021,119.3,0,0,40,1,0,0,0,,,,0,0,0,0,0,0,0,,
"Plaquemines Port District, LA",2021222N14301,FRED,2021,375.4,0,0,55,1,0,0,0,,,,0,0,0,0,0,0,0,,
"Plaquemines Port District, LA",2021239N17281,IDA,2021,67.2,4,4,130,1,0,0,0,2021-08-28,2021-08-30,2021-09-04,7,5,1,0,4.5151,6808.83,0.9679,3718.07,10526.9
"Plaquemines Port District, LA",2021252N28273,MINDY,2021,283,0,0,50,1,0,0,0,,,,0,0,0,0,0,0,0,,
"Plaquemines Port District, LA",2021256N21265,NICHOLAS,2021,205.2,-1,1,30,1,0,0,0,,,,0,0,0,0,0,0,0,,
"Plaquemines Port District, LA",2023152N26274,ARLENE,2023,328.9,0,0,35,0,1,0.1356,206.994,,,,0,0,0,0,0,0,0,,
"Plaquemines Port District, LA",2023239N21274,IDALIA,2023,499.9,3,4,105,0,0,0,0,,,,0,0,0,0,0,0,0,,
"Port Arthur, TX",2015167N27266,BILL,2015,283.8,0,0,50,1,0,0,0,,,,0,0,0,0,0,0,0,,
"Port Arthur, TX",2017171N24271,CINDY,2017,24.9,0,0,50,1,0,0,0,2017-06-23,2017-06-27,2017-06-28,5,1,0,0,3.5726,1140.45,0.9772,457.948,1598.39
"Port Arthur, TX",2017228N14314,HARVEY,2017,41.7,4,4,115,1,3,0.4065,156.361,,,,0,0,0,0,0,0,0,,
"Port Arthur, TX",2017277N11279,NATE,2017,456.1,1,1,78,1,2,0.2856,111.419,,,,0,0,0,0,0,0,0,,
"Port Arthur, TX",2018246N22283,GORDON,2018,443.4,0,0,45,1,0,0,0,,,,0,0,0,0,0,0,0,,
"Port Arthur, TX",2019192N29274,BARRY,2019,122.4,1,1,65,1,0,0,0,2019-07-12,2019-07-13,2019-07-15,3,2,1,0,2.0536,516.014,0.7256,237.812,753.826
"Port Arthur, TX",2019261N28264,IMELDA,2019,128.9,0,0,40,1,0,0,0,,,,0,0,0,0,0,0,0,,
"Port Arthur, TX",2019299N25265,OLGA,2019,291.6,0,0,45,1,0,0,0,2019-10-24,2019-10-24,2019-10-26,2,2,1,0,1.0971,274.804,0.5497,226.159,500.963
"Port Arthur, TX",2020154N19269,CRISTOBAL,2020,302.5,0,0,45,1,0,0,0,,,,0,0,0,0,0,0,0,,
"Port Arthur, TX",2020205N26272,HANNA,2020,300.4,1,1,80,1,0,0,0,,,,0,0,0,0,0,0,0,,
"Port Arthur, TX",2020233N14313,LAURA,2020,61.9,4,4,130,1,0,0,0,2020-08-25,2020-08-27,2020-08-31,6,4,1,0,4.4771,922.381,0.8811,311.729,1234.11
"Port Arthur, TX",2020234N14280,MARCO,2020,181.1,0,1,38,0,0,0,0,2020-08-25,2020-08-27,2020-08-31,6,4,1,0,4.4519,902.173,0.8792,311.729,1213.9
"Port Arthur, TX",2020261N21265,BETA,2020,42.4,0,0,55,1,0,0,0,,,,0,0,0,0,0,0,0,,
"Port Arthur, TX",2020279N16284,DELTA,2020,81,3,4,105,1,0,0,0,2020-10-09,2020-10-09,2020-10-11,2,2,1,0,1.5844,285.111,0.8723,74.465,359.575
"Port Arthur, TX",2020299N18277,ZETA,2020,331.5,3,3,100,1,0,0,0,,,,0,0,0,0,0,0,0,,
"Port Arthur, TX",2021169N23268,CLAUDETTE,2021,294,0,0,40,1,0,0,0,,,,0,0,0,0,0,0,0,,
"Port Arthur, TX",2021239N17281,IDA,2021,310.8,4,4,130,1,0,0,0,2021-08-29,2021-08-29,2021-08-30,1,1,0,0,0.4693,153.591,0.4693,173.69,327.281
"Port Arthur, TX",2021256N21265,NICHOLAS,2021,27.7,1,1,65,1,0,0,0,2021-09-14,2021-09-14,2021-09-16,2,2,1,0,1.2437,424.01,0.6451,257.884,681.894
"Port Arthur, TX",2023234N25271,HAROLD,2023,420.6,0,0,50,0,0,0,0,,,,0,0,0,0,0,0,0,,
"Port Everglades, FL",2015126N27281,ANA,2015,144.3,-3,0,25,0,0,0,0,,,,0,0,0,0,0,0,0,,
"Port Everglades, FL",2015313N22289,KATE,2015,425.2,0,1,55,0,0,0,0,,,,0,0,0,0,0,0,0,,
"Port Everglades, FL",2016148N27288,BONNIE,2016,491,0,0,35,0,0,0,0,,,,0,0,0,0,0,0,0,,
"Port Everglades, FL",2016242N24279,HERMINE,2016,278.3,-1,1,30,0,0,0,0,,,,0,0,0,0,0,0,0,,
"Port Everglades, FL",2016257N27280,JULIA,2016,130.2,0,0,45,1,0,0,0,,,,0,0,0,0,0,0,0,,
"Port Everglades, FL",2016273N13300,MATTHEW,2016,156.8,4,5,120,0,0,0,0,2016-10-05,2016-10-06,2016-10-08,3,2,1,0,1.0111,496.683,0.4157,974.829,1471.51
"Port Everglades, FL",2017212N28275,EMILY,2017,164.6,0,0,50,1,0,0,0,,,,0,0,0,0,0,0,0,,
"Port Everglades, FL",2017242N16333,IRMA,2017,124.3,4,5,130,1,0,0,0,2017-09-08,2017-09-10,2017-09-13,5,3,1,0,3.1961,1449.03,0.7548,796.644,2245.67
"Port Everglades, FL",2017301N18276,PHILIPPE,2017,391.2,0,0,35,1,0,0,0,,,,0,0,0,0,0,0,0,,
"Port Everglades, FL",2018146N19273,ALBERTO,2018,386.2,-2,0,45,0,0,0,0,,,,0,0,0,0,0,0,0,,
"Port Everglades, FL",2018246N22283,GORDON,2018,112,0,0,55,1,0,0,0,,,,0,0,0,0,0,0,0,,
"Port Everglades, FL",2019204N25283,UNNAMED,2019,95.5,-1,-1,30,1,0,0,0,,,,0,0,0,0,0,0,0,,
"Port Everglades, FL",2019236N10314,DORIAN,2019,211.6,5,5,160,0,0,0,0,2019-08-31,2019-09-02,2019-09-04,4,2,1,0,2.0226,723.829,0.6239,730.92,1454.75
"Port Everglades, FL",2019256N23286,HUMBERTO,2019,339.8,1,3,70,0,0,0,0,,,,0,0,0,0,0,0,0,,
"Port Everglades, FL",2020138N28281,ARTHUR,2020,269.2,0,0,35,0,0,0,0,,,,0,0,0,0,0,0,0,,
"Port Everglades, FL",2020211N13306,ISAIAS,2020,105.5,1,1,75,1,0,0,0,,,,0,0,0,0,0,0,0,,
"Port Everglades, FL",2020244N30279,OMAR,2020,450.8,-3,0,28,0,3,0.5067,218.239,,,,0,0,0,0,0,0,0,,
"Port Everglades, FL",2020256N25281,SALLY,2020,66.5,0,2,50,1,0,0,0,,,,0,0,0,0,0,0,0,,
"Port Everglades, FL",2020306N15288,ETA,2020,141.4,1,4,65,1,0,0,0,2020-11-08,2020-11-09,2020-11-10,2,1,0,0,0.6144,325.013,0.3172,732.3,1057.31
"Port Everglades, FL",2021182N09317,ELSA,2021,254.7,1,1,65,1,0,0,0,,,,0,0,0,0,0,0,0,,
"Port Everglades, FL",2021222N14301,FRED,2021,393.2,0,0,40,1,0,0,0,,,,0,0,0,0,0,0,0,,
"Port Everglades, FL",2022154N21273,ALEX,2022,95.9,0,0,45,1,0,0,0,,,,0,0,0,0,0,0,0,,
"Port Everglades, FL",2022266N12294,IAN,2022,169.7,5,5,140,1,0,0,0,2022-09-28,2022-09-28,2022-09-30,2,2,1,0,0.8458,468.929,0.4461,640.943,1109.87
"Port Everglades, FL",2022311N21293,NICOLE,2022,143.3,1,1,65,1,0,0,0,2022-11-08,2022-11-09,2022-11-11,3,2,1,0,1.1006,748.151,0.4808,1282.42,2030.57
"Port Everglades, FL",2023152N26274,ARLENE,2023,408.1,-3,0,25,0,0,0,0,,,,0,0,0,0,0,0,0,,
"Port Everglades, FL",2023239N21274,IDALIA,2023,430.3,4,4,115,0,0,0,0,,,,0,0,0,0,0,0,0,,
"Port Freeport, TX",2015167N27266,BILL,2015,135.6,0,0,50,1,0,0,0,2015-06-15,2015-06-17,2015-06-18,3,1,0,0,2.6575,382.983,0.9092,49.674,432.657
"Port Freeport, TX",2017171N24271,CINDY,2017,186.2,0,0,50,1,0,0,0,,,,0,0,0,0,0,0,0,,
"Port Freeport, TX",2017228N14314,HARVEY,2017,90.9,4,4,115,1,0,0,0,2017-08-25,2017-08-28,2017-09-01,7,4,1,1,6.7309,1346.39,1,53.451,1399.84
"Port Freeport, TX",2019192N29274,BARRY,2019,295.7,1,1,65,1,1,0.2792,99.011,,,,0,0,0,0,0,0,0,,
"Port Freeport, TX",2019261N28264,IMELDA,2019,17.8,0,0,40,1,0,0,0,2019-09-18,2019-09-19,2019-09-20,2,1,0,0,1.3214,344.946,0.6868,176.857,521.803
"Port Freeport, TX",2019299N25265,OLGA,2019,377.9,0,0,45,1,1,0.024,10.364,,,,0,0,0,0,0,0,0,,
"Port Freeport, TX",2020154N19269,CRISTOBAL,2020,475.8,0,0,35,1,0,0,0,,,,0,0,0,0,0,0,0,,
"Port Freeport, TX",2020205N26272,HANNA,2020,226.7,1,1,80,1,1,0.0541,17.018,,,,0,0,0,0,0,0,0,,
"Port Freeport, TX",2020233N14313,LAURA,2020,223.1,4,4,130,1,0,0,0,2020-08-26,2020-08-27,2020-08-29,3,2,1,0,2.3297,434.074,0.8055,125.485,559.559
"Port Freeport, TX",2020234N14280,MARCO,2020,310.5,-3,1,25,0,0,0,0,,,,0,0,0,0,0,0,0,,
"Port Freeport, TX",2020261N21265,BETA,2020,12.3,0,0,55,1,0,0,0,2020-09-19,2020-09-21,2020-09-23,4,2,1,0,2.9982,673.345,0.8847,226.849,900.194
"Port Freeport, TX",2020279N16284,DELTA,2020,190.8,3,4,105,1,0,0,0,2020-10-09,2020-10-09,2020-10-10,1,1,0,0,0.5131,125.053,0.5131,118.678,243.731
"Port Freeport, TX",2020299N18277,ZETA,2020,447.5,3,3,100,1,0,0,0,,,,0,0,0,0,0,0,0,,
"Port Freeport, TX",2021169N23268,CLAUDETTE,2021,426.6,0,0,40,1,1,0.1134,50.324,,,,0,0,0,0,0,0,0,,
"Port Freeport, TX",2021239N17281,IDA,2021,476.4,4,4,125,1,1,0.3768,164.872,,,,0,0,0,0,0,0,0,,
"Port Freeport, TX",2021256N21265,NICHOLAS,2021,12.3,1,1,65,1,0,0,0,,,,0,0,0,0,0,0,0,,
"Port Freeport, TX",2023234N25271,HAROLD,2023,274.5,0,0,50,1,0,0,0,2023-08-22,2023-08-23,2023-08-24,2,1,0,0,1.1316,330.169,0.5878,253.488,583.657
"Port Jefferson, NY",2015126N27281,ANA,2015,141.4,-1,0,30,1,0,0,0,,,,0,0,0,0,0,0,0,,
"Port Jefferson, NY",2016158N22272,COLIN,2016,423,-4,0,50,0,0,0,0,,,,0,0,0,0,0,0,0,,
"Port Jefferson, NY",2016240N31295,UNNAMED,2016,491,-1,-1,30,0,0,0,0,,,,0,0,0,0,0,0,0,,
"Port Jefferson, NY",2016242N24279,HERMINE,2016,176,-4,1,60,1,2,0.0586,2.464,,,,0,0,0,0,0,0,0,,
"Port Jefferson, NY",2017247N09327,JOSE,2017,338.1,0,4,60,0,0,0,0,2017-09-24,2017-09-24,2017-09-25,1,1,0,0,0.6607,21.797,0.6607,11.193,32.99
"Port Jefferson, NY",2017260N12310,MARIA,2017,487,1,5,65,0,0,0,0,,,,0,0,0,0,0,0,0,,
"Port Jefferson, NY",2017277N11279,NATE,2017,317.7,-4,1,25,1,0,0,0,,,,0,0,0,0,0,0,0,,
"Port Jefferson, NY",2018242N13343,FLORENCE,2018,138.7,-4,4,25,1,0,0,0,,,,0,0,0,0,0,0,0,,
"Port Jefferson, NY",2018280N18273,MICHAEL,2018,296.5,-4,5,60,0,0,0,0,,,,0,0,0,0,0,0,0,,
"Port Jefferson, NY",2019236N10314,DORIAN,2019,414.3,2,5,85,0,0,0,0,,,,0,0,0,0,0,0,0,,
"Port Jefferson, NY",2019239N32287,ERIN,2019,460.2,-4,0,35,0,0,0,0,,,,0,0,0,0,0,0,0,,
"Port Jefferson, NY",2019282N35286,MELISSA,2019,410.5,-2,0,55,0,0,0,0,,,,0,0,0,0,0,0,0,,
"Port Jefferson, NY",2019291N22264,NESTOR,2019,403.7,-4,0,40,0,8,0.6393,24.312,,,,0,0,0,0,0,0,0,,
"Port Jefferson, NY",2020138N28281,ARTHUR,2020,485.5,0,0,53,0,0,0,0,,,,0,0,0,0,0,0,0,,
"Port Jefferson, NY",2020188N28271,FAY,2020,103.1,0,0,50,1,0,0,0,,,,0,0,0,0,0,0,0,,
"Port Jefferson, NY",2020211N13306,ISAIAS,2020,168.8,0,1,60,1,0,0,0,,,,0,0,0,0,0,0,0,,
"Port Jefferson, NY",2020228N37286,KYLE,2020,375.2,0,0,45,0,0,0,0,,,,0,0,0,0,0,0,0,,
"Port Jefferson, NY",2020299N18277,ZETA,2020,201.1,-4,3,45,0,1,0.0409,1.636,,,,0,0,0,0,0,0,0,,
"Port Jefferson, NY",2021169N23268,CLAUDETTE,2021,350.9,0,0,40,0,0,0,0,,,,0,0,0,0,0,0,0,,
"Port Jefferson, NY",2021182N09317,ELSA,2021,67,0,1,50,1,0,0,0,,,,0,0,0,0,0,0,0,,
"Port Jefferson, NY",2021222N14301,FRED,2021,194.7,-3,0,25,1,0,0,0,2021-08-18,2021-08-19,2021-08-20,2,1,0,0,0.9108,37.833,0.5811,45.364,83.197
"Port Jefferson, NY",2021227N36297,HENRI,2021,51.6,1,1,65,1,0,0,0,,,,0,0,0,0,0,0,0,,
"Port Jefferson, NY",2021239N17281,IDA,2021,47.3,-4,4,40,1,0,0,0,,,,0,0,0,0,0,0,0,,
"Port Jefferson, NY",2021259N30286,ODETTE,2021,454,0,0,40,0,0,0,0,,,,0,0,0,0,0,0,0,,
"Port Jefferson, NY",2021299N33284,WANDA,2021,260.6,-4,0,60,0,3,0.2089,8.228,,,,0,0,0,0,0,0,0,,
"Port Jefferson, NY",2023265N29284,OPHELIA,2023,397.4,-4,0,20,1,0,0,0,,,,0,0,0,0,0,0,0,,
"Port of Brunswick, GA",2015126N27281,ANA,2015,355.4,0,0,50,1,0,0,0,,,,0,0,0,0,0,0,0,,
"Port of Brunswick, GA",2016148N27288,BONNIE,2016,199.3,0,0,40,1,1,0.0902,5.526,,,,0,0,0,0,0,0,0,,
"Port of Brunswick, GA",2016158N22272,COLIN,2016,76.6,0,0,45,1,0,0,0,,,,0,0,0,0,0,0,0,,
"Port of Brunswick, GA",2016242N24279,HERMINE,2016,96.7,1,1,70,1,0,0,0,2016-09-02,2016-09-02,2016-09-03,1,1,0,0,0.7293,29.746,0.7293,11.039,40.785
"Port of Brunswick, GA",2016257N27280,JULIA,2016,17,0,0,45,1,1,0.8618,56.599,,,,0,0,0,0,0,0,0,,
"Port of Brunswick, GA",2016273N13300,MATTHEW,2016,84.8,4,5,113,1,0,0,0,2016-10-05,2016-10-09,2016-10-11,6,2,1,0,4.2436,200.99,0.7853,83.727,284.717
"Port of Brunswick, GA",2017212N28275,EMILY,2017,320.3,0,0,50,1,0,0,0,,,,0,0,0,0,0,0,0,,
"Port of Brunswick, GA",2017240N31279,UNNAMED,2017,90.2,-3,-3,35,0,0,0,0,,,,0,0,0,0,0,0,0,,
"Port of Brunswick, GA",2017242N16333,IRMA,2017,180.5,1,5,80,1,0,0,0,,,,0,0,0,0,0,0,0,,
"Port of Brunswick, GA",2018146N19273,ALBERTO,2018,440.2,0,0,50,1,0,0,0,2018-05-28,2018-05-28,2018-05-29,1,1,0,0,0.7476,32.695,0.7476,11.038,43.733
"Port of Brunswick, GA",2018242N13343,FLORENCE,2018,272.7,1,4,80,1,0,0,0,2018-09-14,2018-09-14,2018-09-15,1,1,0,0,0.7157,27.76,0.7157,11.029,38.789
"Port of Brunswick, GA",2018280N18273,MICHAEL,2018,244.6,5,5,140,1,0,0,0,,,,0,0,0,0,0,0,0,,
"Port of Brunswick, GA",2019204N25283,UNNAMED,2019,317.6,-1,-1,30,0,0,0,0,2019-07-22,2019-07-23,2019-07-24,2,1,0,0,1.3969,66.967,0.7032,28.902,95.869
"Port of Brunswick, GA",2019236N10314,DORIAN,2019,171.2,3,5,100,0,0,0,0,2019-09-02,2019-09-06,2019-09-07,5,1,0,0,3.222,146.733,0.6566,80.904,227.637
"Port of Brunswick, GA",2019256N23286,HUMBERTO,2019,397.5,1,3,75,0,3,0.2598,18.696,,,,0,0,0,0,0,0,0,,
"Port of Brunswick, GA",2019291N22264,NESTOR,2019,185.7,-4,0,40,1,0,0,0,2019-10-19,2019-10-20,2019-10-22,3,2,1,0,1.7116,81.819,0.6131,62.168,143.988
"Port of Brunswick, GA",2020138N28281,ARTHUR,2020,392.7,0,0,40,0,0,0,0,2020-05-14,2020-05-16,2020-05-17,3,1,0,0,1.7269,83.192,0.6282,61.333,144.525
"Port of Brunswick, GA",2020148N32281,BERTHA,2020,245.3,0,0,45,1,0,0,0,,,,0,0,0,0,0,0,0,,
"Port of Brunswick, GA",2020188N28271,FAY,2020,239.6,-3,0,30,1,0,0,0,,,,0,0,0,0,0,0,0,,
"Port of Brunswick, GA",2020211N13306,ISAIAS,2020,163.4,1,1,80,1,0,0,0,2020-08-03,2020-08-03,2020-08-04,1,1,0,0,0.7013,25.922,0.7013,11.04,36.963
"Port of Brunswick, GA",2020244N30279,OMAR,2020,129.6,-1,0,30,0,0,0,0,,,,0,0,0,0,0,0,0,,
"Port of Brunswick, GA",2020256N25281,SALLY,2020,293.9,0,2,35,1,0,0,0,,,,0,0,0,0,0,0,0,,
"Port of Brunswick, GA",2020306N15288,ETA,2020,32.9,0,4,58,1,0,0,0,,,,0,0,0,0,0,0,0,,
"Port of Brunswick, GA",2021165N32282,BILL,2021,331.9,-3,0,20,0,0,0,0,,,,0,0,0,0,0,0,0,,
"Port of Brunswick, GA",2021169N23268,CLAUDETTE,2021,324.1,0,0,40,1,0,0,0,,,,0,0,0,0,0,0,0,,
"Port of Brunswick, GA",2021179N30287,DANNY,2021,158,0,0,40,1,0,0,0,,,,0,0,0,0,0,0,0,,
"Port of Brunswick, GA",2021182N09317,ELSA,2021,121.5,0,1,60,1,0,0,0,2021-07-07,2021-07-07,2021-07-08,1,1,0,0,0.7349,31.972,0.7349,11.535,43.507
"Port of Brunswick, GA",2021222N14301,FRED,2021,372.3,0,0,55,1,0,0,0,,,,0,0,0,0,0,0,0,,
"Port of Brunswick, GA",2021252N28273,MINDY,2021,30.2,0,0,50,1,3,0.8777,58.379,,,,0,0,0,0,0,0,0,,
"Port of Brunswick, GA",2022154N21273,ALEX,2022,434.8,0,0,45,1,0,0,0,,,,0,0,0,0,0,0,0,,
"Port of Brunswick, GA",2022183N32280,COLIN,2022,118.6,0,0,35,1,0,0,0,,,,0,0,0,0,0,0,0,,
"Port of Brunswick, GA",2022266N12294,IAN,2022,239.6,4,5,130,1,0,0,0,2022-09-28,2022-09-30,2022-10-01,3,1,0,0,2.5027,137.291,0.9015,26.992,164.283
"Port of Brunswick, GA",2022311N21293,NICOLE,2022,251.4,1,1,65,1,0,0,0,,,,0,0,0,0,0,0,0,,
"Port of Brunswick, GA",2023239N21274,IDALIA,2023,103.7,4,4,115,1,0,0,0,2023-08-30,2023-08-30,2023-09-01,2,2,1,0,1.3586,62.353,0.7579,29.509,91.862
"Port of Charleston, SC",2015126N27281,ANA,2015,137.3,0,0,50,1,0,0,0,,,,0,0,0,0,0,0,0,,
"Port of Charleston, SC",2016148N27288,BONNIE,2016,9.2,0,0,40,1,0,0,0,,,,0,0,0,0,0,0,0,,
"Port of Charleston, SC",2016158N22272,COLIN,2016,132.2,0,0,48,1,0,0,0,,,,0,0,0,0,0,0,0,,
"Port of Charleston, SC",2016240N31295,UNNAMED,2016,477.2,-1,-1,30,0,21,3.393,1488.55,,,,0,0,0,0,0,0,0,,
"Port of Charleston, SC",2016242N24279,HERMINE,2016,15.5,1,1,65,1,22,4.6374,1992.06,,,,0,0,0,0,0,0,0,,
"Port of Charleston, SC",2016257N27280,JULIA,2016,125,0,0,45,1,7,1.8084,795.328,,,,0,0,0,0,0,0,0,,
"Port of Charleston, SC",2016273N13300,MATTHEW,2016,50.1,3,5,105,1,0,0,0,2016-10-07,2016-10-09,2016-10-11,4,2,1,0,1.8254,700.381,0.5262,837.974,1538.36
"Port of Charleston, SC",2017212N28275,EMILY,2017,316.5,-1,0,30,0,1,0.0059,2.593,,,,0,0,0,0,0,0,0,,
"Port of Charleston, SC",2017240N31279,UNNAMED,2017,68.7,-3,-3,40,1,0,0,0,2017-08-25,2017-08-27,2017-08-29,4,2,1,0,1.243,456.072,0.3296,1013.32,1469.39
"Port of Charleston, SC",2017242N16333,IRMA,2017,403.1,0,5,50,1,0,0,0,2017-09-10,2017-09-11,2017-09-13,3,2,1,0,1.5368,533.826,0.6754,503.234,1037.06
"Port of Charleston, SC",2018186N31292,CHRIS,2018,432.1,0,2,43,0,0,0,0,2018-07-08,2018-07-08,2018-07-09,1,1,0,0,0.2812,102.6,0.2812,262.294,364.894
"Port of Charleston, SC",2018242N13343,FLORENCE,2018,64.3,3,4,98,1,0,0,0,2018-09-12,2018-09-14,2018-09-17,5,3,1,0,1.9969,801.385,0.5081,1196.32,1997.7
"Port of Charleston, SC",2018280N18273,MICHAEL,2018,195.2,1,5,80,1,0,0,0,,,,0,0,0,0,0,0,0,,
"Port of Charleston, SC",2019204N25283,UNNAMED,2019,491.8,-1,-1,30,0,0,0,0,,,,0,0,0,0,0,0,0,,
"Port of Charleston, SC",2019236N10314,DORIAN,2019,111.7,3,5,100,0,0,0,0,2019-09-04,2019-09-05,2019-09-07,3,2,1,0,0.898,386.4,0.4285,903.534,1289.93
"Port of Charleston, SC",2019256N23286,HUMBERTO,2019,467.2,1,3,75,0,0,0,0,,,,0,0,0,0,0,0,0,,
"Port of Charleston, SC",2019291N22264,NESTOR,2019,124.4,-4,0,40,1,0,0,0,,,,0,0,0,0,0,0,0,,
"Port of Charleston, SC",2020138N28281,ARTHUR,2020,299,0,0,45,0,0,0,0,2020-05-16,2020-05-17,2020-05-20,4,3,1,0,1.0655,539.294,0.3227,1490.07,2029.36
"Port of Charleston, SC",2020148N32281,BERTHA,2020,23.4,0,0,45,1,0,0,0,2020-05-28,2020-05-28,2020-05-29,1,1,0,0,0.2502,125.082,0.2502,374.773,499.855
"Port of Charleston, SC",2020188N28271,FAY,2020,33.3,-3,0,35,1,0,0,0,,,,0,0,0,0,0,0,0,,
"Port of Charleston, SC",2020211N13306,ISAIAS,2020,90.8,1,1,80,1,0,0,0,,,,0,0,0,0,0,0,0,,
"Port of Charleston, SC",2020244N30279,OMAR,2020,300.2,-1,0,30,0,1,0.0235,13.219,,,,0,0,0,0,0,0,0,,
"Port of Charleston, SC",2020256N25281,SALLY,2020,139.1,-4,2,30,1,0,0,0,,,,0,0,0,0,0,0,0,,
"Port of Charleston, SC",2020299N18277,ZETA,2020,409.4,0,3,45,1,0,0,0,2020-10-29,2020-10-29,2020-10-30,1,1,0,0,0.3002,141.115,0.3002,328.969,470.084
"Port of Charleston, SC",2020306N15288,ETA,2020,125.5,0,4,40,1,0,0,0,,,,0,0,0,0,0,0,0,,
"Port of Charleston, SC",2021165N32282,BILL,2021,220.4,-1,0,28,0,18,3.5373,1881.06,,,,0,0,0,0,0,0,0,,
"Port of Charleston, SC",2021169N23268,CLAUDETTE,2021,169.5,0,0,40,1,11,1.8407,993.53,,,,0,0,0,0,0,0,0,,
"Port of Charleston, SC",2021179N30287,DANNY,2021,91.4,0,0,40,1,2,0.0141,7.963,,,,0,0,0,0,0,0,0,,
"Port of Charleston, SC",2021182N09317,ELSA,2021,120.5,0,1,55,1,5,0.7418,418.492,,,,0,0,0,0,0,0,0,,
"Port of Charleston, SC",2021222N14301,FRED,2021,437,-1,0,25,1,0,0,0,,,,0,0,0,0,0,0,0,,
"Port of Charleston, SC",2021252N28273,MINDY,2021,158.8,0,0,35,1,0,0,0,,,,0,0,0,0,0,0,0,,
"Port of Charleston, SC",2021259N30286,ODETTE,2021,441.9,-3,0,30,0,2,0.0714,44.666,,,,0,0,0,0,0,0,0,,
"Port of Charleston, SC",2021299N33284,WANDA,2021,354.1,-4,0,40,0,0,0,0,,,,0,0,0,0,0,0,0,,
"Port of Charleston, SC",2022183N32280,COLIN,2022,13,0,0,35,1,0,0,0,2022-07-02,2022-07-02,2022-07-03,1,1,0,0,0.4818,224.3,0.4818,241.282,465.582
"Port of Charleston, SC",2022266N12294,IAN,2022,83.7,1,5,75,1,0,0,0,2022-09-29,2022-09-30,2022-10-02,3,2,1,0,1.6861,754.529,0.6697,587.978,1342.51
"Port of Charleston, SC",2022311N21293,NICOLE,2022,419.3,0,1,38,1,0,0,0,2022-11-11,2022-11-11,2022-11-12,1,1,0,0,0.3974,178.577,0.3974,270.776,449.353
"Port of Charleston, SC",2023239N21274,IDALIA,2023,23.4,3,4,100,1,0,0,0,2023-08-30,2023-08-31,2023-09-01,2,1,0,0,1.1131,434.36,0.6114,345.735,780.095
"Port of Charleston, SC",2023265N29284,OPHELIA,2023,285.9,0,0,60,1,0,0,0,,,,0,0,0,0,0,0,0,,
"Port of Greater Baton Rouge, LA",2015167N27266,BILL,2015,482.4,0,0,45,0,0,0,0,,,,0,0,0,0,0,0,0,,
"Port of Greater Baton Rouge, LA",2017171N24271,CINDY,2017,239.6,0,0,50,1,0,0,0,2017-06-23,2017-06-27,2017-06-28,5,1,0,0,3.9209,1284.69,0.9667,360.424,1645.11
"Port of Greater Baton Rouge, LA",2017228N14314,HARVEY,2017,156,0,4,45,1,2,0.1457,79.012,2017-08-30,2017-08-30,2017-08-31,1,1,0,0,0.3771,148.344,0.3771,245.006,393.35
"Port of Greater Baton Rouge, LA",2017277N11279,NATE,2017,210.9,1,1,80,1,0,0,0,,,,0,0,0,0,0,0,0,,
"Port of Greater Baton Rouge, LA",2018146N19273,ALBERTO,2018,475.3,-1,0,30,1,0,0,0,,,,0,0,0,0,0,0,0,,
"Port of Greater Baton Rouge, LA",2018246N22283,GORDON,2018,209.8,0,0,60,1,0,0,0,,,,0,0,0,0,0,0,0,,
"Port of Greater Baton Rouge, LA",2019192N29274,BARRY,2019,122.2,1,1,65,1,0,0,0,,,,0,0,0,0,0,0,0,,
"Port of Greater Baton Rouge, LA",2019261N28264,IMELDA,2019,342.1,0,0,40,1,0,0,0,,,,0,0,0,0,0,0,0,,
"Port of Greater Baton Rouge, LA",2019291N22264,NESTOR,2019,447.1,0,0,50,0,0,0,0,,,,0,0,0,0,0,0,0,,
"Port of Greater Baton Rouge, LA",2019299N25265,OLGA,2019,83.8,0,0,45,1,0,0,0,,,,0,0,0,0,0,0,0,,
"Port of Greater Baton Rouge, LA",2020154N19269,CRISTOBAL,2020,69.1,0,0,45,1,0,0,0,2020-06-09,2020-06-09,2020-06-11,2,2,1,0,1.3475,430.704,0.8536,211.644,642.348
"Port of Greater Baton Rouge, LA",2020188N28271,FAY,2020,390.5,-3,0,28,0,0,0,0,,,,0,0,0,0,0,0,0,,
"Port of Greater Baton Rouge, LA",2020205N26272,HANNA,2020,400.2,0,1,55,0,13,3.8102,1648.32,,,,0,0,0,0,0,0,0,,
"Port of Greater Baton Rouge, LA",2020233N14313,LAURA,2020,201.3,4,4,130,1,0,0,0,2020-08-27,2020-08-27,2020-08-28,1,1,0,0,0.5819,194.66,0.5819,139.868,334.528
"Port of Greater Baton Rouge, LA",2020234N14280,MARCO,2020,178.5,0,1,50,0,0,0,0,,,,0,0,0,0,0,0,0,,
"Port of Greater Baton Rouge, LA",2020256N25281,SALLY,2020,325.8,2,2,95,1,0,0,0,,,,0,0,0,0,0,0,0,,
"Port of Greater Baton Rouge, LA",2020261N21265,BETA,2020,101.2,0,0,55,1,1,0.0894,42.469,,,,0,0,0,0,0,0,0,,
"Port of Greater Baton Rouge, LA",2020279N16284,DELTA,2020,121.2,3,4,103,1,0,0,0,2020-10-08,2020-10-09,2020-10-11,3,2,1,0,1.474,471.792,0.5306,487.973,959.765
"Port of Greater Baton Rouge, LA",2020299N18277,ZETA,2020,137.2,3,3,100,1,0,0,0,2020-10-28,2020-10-29,2020-10-31,3,2,1,0,1.408,484.31,0.4914,547.996,1032.31
"Port of Greater Baton Rouge, LA",2021169N23268,CLAUDETTE,2021,94.8,0,0,40,1,0,0,0,,,,0,0,0,0,0,0,0,,
"Port of Greater Baton Rouge, LA",2021239N17281,IDA,2021,50.7,4,4,130,1,1,0.2108,113.262,2021-08-30,2021-08-31,2021-09-02,3,2,1,0,2.3639,948.664,0.9668,259.145,1207.81
"Port of Greater Baton Rouge, LA",2021252N28273,MINDY,2021,491.8,0,0,35,0,3,0.4129,224.607,,,,0,0,0,0,0,0,0,,
"Port of Greater Baton Rouge, LA",2021256N21265,NICHOLAS,2021,77.8,1,1,65,1,3,0.3139,168.962,,,,0,0,0,0,0,0,0,,
"Port of Gulfport, MS",2016158N22272,COLIN,2016,386.7,0,0,45,0,0,0,0,2016-06-05,2016-06-10,2016-06-11,6,1,0,0,3.152,90.042,0.6034,84.401,174.443
"Port of Gulfport, MS",2016242N24279,HERMINE,2016,437,1,1,70,1,0,0,0,,,,0,0,0,0,0,0,0,,
"Port of Gulfport, MS",2017171N24271,CINDY,2017,450.7,0,0,50,1,0,0,0,,,,0,0,0,0,0,0,0,,
"Port of Gulfport, MS",2017212N28275,EMILY,2017,420.5,-1,0,33,0,10,2.421,80.94,,,,0,0,0,0,0,0,0,,
"Port of Gulfport, MS",2017228N14314,HARVEY,2017,340.1,0,4,45,1,0,0,0,,,,0,0,0,0,0,0,0,,
"Port of Gulfport, MS",2017242N16333,IRMA,2017,413.3,0,5,35,1,0,0,0,,,,0,0,0,0,0,0,0,,
"Port of Gulfport, MS",2017277N11279,NATE,2017,7,1,1,80,1,0,0,0,,,,0,0,0,0,0,0,0,,
"Port of Gulfport, MS",2018146N19273,ALBERTO,2018,285.7,0,0,55,1,0,0,0,2018-05-27,2018-05-27,2018-05-29,2,2,0,2,2,34.331,1,0,34.331
"Port of Gulfport, MS",2018246N22283,GORDON,2018,54.6,0,0,60,1,0,0,0,,,,0,0,0,0,0,0,0,,
"Port of Gulfport, MS",2018280N18273,MICHAEL,2018,310.6,5,5,140,1,0,0,0,,,,0,0,0,0,0,0,0,,
"Port of Gulfport, MS",2019192N29274,BARRY,2019,274.7,1,1,65,1,4,0.2462,7.394,,,,0,0,0,0,0,0,0,,
"Port of Gulfport, MS",2019291N22264,NESTOR,2019,276.9,0,0,50,1,0,0,0,,,,0,0,0,0,0,0,0,,
"Port of Gulfport, MS",2019299N25265,OLGA,2019,154.4,-4,0,45,1,0,0,0,,,,0,0,0,0,0,0,0,,
"Port of Gulfport, MS",2020154N19269,CRISTOBAL,2020,105.6,0,0,45,1,0,0,0,,,,0,0,0,0,0,0,0,,
"Port of Gulfport, MS",2020188N28271,FAY,2020,290.1,-3,0,30,1,0,0,0,,,,0,0,0,0,0,0,0,,
"Port of Gulfport, MS",2020233N14313,LAURA,2020,412.8,4,4,130,1,0,0,0,,,,0,0,0,0,0,0,0,,
"Port of Gulfport, MS",2020234N14280,MARCO,2020,169.9,0,1,55,0,0,0,0,2020-08-25,2020-08-25,2020-08-26,1,1,0,0,0.7354,14.853,0.7354,5.345,20.199
"Port of Gulfport, MS",2020256N25281,SALLY,2020,126.5,2,2,95,1,0,0,0,2020-09-14,2020-09-16,2020-09-17,3,1,0,0,2.2224,44.57,0.7575,15.464,60.034
"Port of Gulfport, MS",2020261N21265,BETA,2020,261,0,0,50,1,1,0.2229,5.339,2020-09-22,2020-09-22,2020-09-23,1,1,0,0,0.6783,14.49,0.6783,6.871,21.361
"Port of Gulfport, MS",2020279N16284,DELTA,2020,313.5,2,4,90,1,1,0.278,5.093,,,,0,0,0,0,0,0,0,,
"Port of Gulfport, MS",2020299N18277,ZETA,2020,83.5,3,3,100,1,0,0,0,,,,0,0,0,0,0,0,0,,
"Port of Gulfport, MS",2021169N23268,CLAUDETTE,2021,81.8,0,0,40,1,0,0,0,,,,0,0,0,0,0,0,0,,
"Port of Gulfport, MS",2021222N14301,FRED,2021,352.1,0,0,55,1,0,0,0,,,,0,0,0,0,0,0,0,,
"Port of Gulfport, MS",2021239N17281,IDA,2021,158.2,4,4,130,1,0,0,0,,,,0,0,0,0,0,0,0,,
"Port of Gulfport, MS",2021252N28273,MINDY,2021,314.3,0,0,50,1,14,21.5885,340.216,,,,0,0,0,0,0,0,0,,
"Port of Gulfport, MS",2021256N21265,NICHOLAS,2021,264.4,-1,1,30,1,13,21.1317,333.414,,,,0,0,0,0,0,0,0,,
"Port of Gulfport, MS",2022311N21293,NICOLE,2022,435.5,0,1,35,1,0,0,0,,,,0,0,0,0,0,0,0,,
"Port of Gulfport, MS",2023152N26274,ARLENE,2023,366.9,0,0,35,0,0,0,0,,,,0,0,0,0,0,0,0,,
"Port of Palm Beach District, FL",2015126N27281,ANA,2015,129,-3,0,28,0,0,0,0,,,,0,0,0,0,0,0,0,,
"Port of Palm Beach District, FL",2015313N22289,KATE,2015,419.4,0,1,55,0,0,0,0,,,,0,0,0,0,0,0,0,,
"Port of Palm Beach District, FL",2016148N27288,BONNIE,2016,441.5,0,0,40,0,0,0,0,,,,0,0,0,0,0,0,0,,
"Port of Palm Beach District, FL",2016158N22272,COLIN,2016,459.2,0,0,45,1,0,0,0,,,,0,0,0,0,0,0,0,,
"Port of Palm Beach District, FL",2016242N24279,HERMINE,2016,334.1,1,1,70,0,0,0,0,2016-08-29,2016-08-29,2016-08-30,1,1,0,0,0.4563,50.448,0.4563,60.122,110.57
"Port of Palm Beach District, FL",2016257N27280,JULIA,2016,73.7,0,0,45,1,0,0,0,2016-09-14,2016-09-16,2016-09-17,3,1,0,0,1.328,177.845,0.5242,223.836,401.681
"Port of Palm Beach District, FL",2016273N13300,MATTHEW,2016,122.2,4,5,120,0,0,0,0,2016-10-05,2016-10-06,2016-10-08,3,2,1,0,1.0722,170.224,0.4008,306.182,476.406
"Port of Palm Beach District, FL",2017212N28275,EMILY,2017,105.6,0,0,50,1,0,0,0,,,,0,0,0,0,0,0,0,,
"Port of Palm Beach District, FL",2017240N31279,UNNAMED,2017,446.3,-3,-3,35,0,0,0,0,,,,0,0,0,0,0,0,0,,
"Port of Palm Beach District, FL",2017242N16333,IRMA,2017,120.5,4,5,120,1,0,0,0,2017-09-07,2017-09-10,2017-09-14,7,4,1,0,4.7408,621.298,0.7785,298.538,919.836
"Port of Palm Beach District, FL",2017301N18276,PHILIPPE,2017,449.5,-1,0,30,1,0,0,0,,,,0,0,0,0,0,0,0,,
"Port of Palm Beach District, FL",2018146N19273,ALBERTO,2018,388.4,-2,0,45,0,0,0,0,,,,0,0,0,0,0,0,0,,
"Port of Palm Beach District, FL",2018246N22283,GORDON,2018,160,0,0,55,1,0,0,0,,,,0,0,0,0,0,0,0,,
"Port of Palm Beach District, FL",2019204N25283,UNNAMED,2019,91.6,-1,-1,30,1,0,0,0,,,,0,0,0,0,0,0,0,,
"Port of Palm Beach District, FL",2019236N10314,DORIAN,2019,199.2,5,5,160,0,0,0,0,2019-09-02,2019-09-03,2019-09-05,3,2,1,0,2.0582,204.117,0.7518,93.34,297.456
"Port of Palm Beach District, FL",2019256N23286,HUMBERTO,2019,316.6,1,3,73,0,0,0,0,,,,0,0,0,0,0,0,0,,
"Port of Palm Beach District, FL",2020138N28281,ARTHUR,2020,229.2,0,0,35,0,0,0,0,,,,0,0,0,0,0,0,0,,
"Port of Palm Beach District, FL",2020211N13306,ISAIAS,2020,95,1,1,73,1,0,0,0,2020-07-31,2020-08-01,2020-08-04,4,3,1,0,2.0206,360.565,0.6029,355.333,715.898
"Port of Palm Beach District, FL",2020244N30279,OMAR,2020,390.7,-1,0,30,0,0,0,0,,,,0,0,0,0,0,0,0,,
"Port of Palm Beach District, FL",2020256N25281,SALLY,2020,124.8,0,2,50,1,0,0,0,,,,0,0,0,0,0,0,0,,
"Port of Palm Beach District, FL",2020306N15288,ETA,2020,200.2,1,4,65,1,0,0,0,,,,0,0,0,0,0,0,0,,
"Port of Palm Beach District, FL",2021182N09317,ELSA,2021,261.4,1,1,65,1,2,0.2468,60.409,2021-07-05,2021-07-05,2021-07-06,1,1,0,0,0.4367,82.248,0.4367,106.079,188.327
"Port of Palm Beach District, FL",2021222N14301,FRED,2021,425.2,0,0,45,1,0,0,0,2021-08-05,2021-08-25,2021-08-26,21,1,0,0,7.8694,1560.4,0.4936,2623.11,4183.51
"Port of Palm Beach District, FL",2022154N21273,ALEX,2022,57.4,0,0,45,1,0,0,0,,,,0,0,0,0,0,0,0,,
"Port of Palm Beach District, FL",2022266N12294,IAN,2022,127.1,5,5,140,1,0,0,0,,,,0,0,0,0,0,0,0,,
"Port of Palm Beach District, FL",2022311N21293,NICOLE,2022,96.5,1,1,65,1,0,0,0,,,,0,0,0,0,0,0,0,,
"Port of Palm Beach District, FL",2023152N26274,ARLENE,2023,453.8,-3,0,25,0,0,0,0,,,,0,0,0,0,0,0,0,,
"Port of Palm Beach District, FL",2023239N21274,IDALIA,2023,418.2,4,4,115,1,18,4.4495,521.157,,,,0,0,0,0,0,0,0,,
"Port of Palm Beach District, FL",2023265N29284,OPHELIA,2023,486.3,-4,0,30,0,20,8.8499,1183.63,,,,0,0,0,0,0,0,0,,
"Port of Pascagoula, MS",2016158N22272,COLIN,2016,359,0,0,45,1,0,0,0,,,,0,0,0,0,0,0,0,,
"Port of Pascagoula, MS",2016242N24279,HERMINE,2016,403.1,1,1,70,1,0,0,0,2016-08-30,2016-08-31,2016-09-03,4,3,1,0,2.2603,440.512,0.5846,338.842,779.354
"Port of Pascagoula, MS",2017171N24271,CINDY,2017,491.7,0,0,50,1,0,0,0,,,,0,0,0,0,0,0,0,,
"Port of Pascagoula, MS",2017212N28275,EMILY,2017,387.3,0,0,35,0,0,0,0,,,,0,0,0,0,0,0,0,,
"Port of Pascagoula, MS",2017228N14314,HARVEY,2017,369.3,0,4,40,1,4,0.4852,146.5,,,,0,0,0,0,0,0,0,,
"Port of Pascagoula, MS",2017242N16333,IRMA,2017,384.2,0,5,45,1,0,0,0,,,,0,0,0,0,0,0,0,,
"Port of Pascagoula, MS",2017277N11279,NATE,2017,26.9,1,1,80,1,0,0,0,2017-10-07,2017-10-08,2017-10-11,4,3,1,0,3.1412,711.759,0.9491,196.248,908.007
"Port of Pascagoula, MS",2018146N19273,ALBERTO,2018,244.8,0,0,55,1,3,0.7901,247.668,,,,0,0,0,0,0,0,0,,
"Port of Pascagoula, MS",2018246N22283,GORDON,2018,13.7,0,0,60,1,0,0,0,2018-09-04,2018-09-05,2018-09-09,5,4,1,0,3.4141,811.421,0.9477,378.41,1189.83
"Port of Pascagoula, MS",2018280N18273,MICHAEL,2018,277.1,5,5,140,1,0,0,0,2018-10-09,2018-10-09,2018-10-12,3,3,1,0,2.3089,486.518,0.9026,146.875,633.393
"Port of Pascagoula, MS",2019192N29274,BARRY,2019,298.4,1,1,65,1,0,0,0,,,,0,0,0,0,0,0,0,,
"Port of Pascagoula, MS",2019291N22264,NESTOR,2019,247.4,0,0,50,1,0,0,0,,,,0,0,0,0,0,0,0,,
"Port of Pascagoula, MS",2019299N25265,OLGA,2019,190,-4,0,45,1,0,0,0,,,,0,0,0,0,0,0,0,,
"Port of Pascagoula, MS",2020154N19269,CRISTOBAL,2020,143.3,0,0,45,1,0,0,0,2020-06-06,2020-06-07,2020-06-09,3,2,1,0,2.2172,310.324,0.7797,109.601,419.925
"Port of Pascagoula, MS",2020188N28271,FAY,2020,274.7,-3,0,30,1,0,0,0,,,,0,0,0,0,0,0,0,,
"Port of Pascagoula, MS",2020233N14313,LAURA,2020,454,4,4,130,1,0,0,0,,,,0,0,0,0,0,0,0,,
"Port of Pascagoula, MS",2020234N14280,MARCO,2020,175.9,0,1,55,0,0,0,0,2020-08-24,2020-08-24,2020-08-25,1,1,0,0,0.7376,95.827,0.7376,34.086,129.913
"Port of Pascagoula, MS",2020256N25281,SALLY,2020,90.4,2,2,95,1,0,0,0,2020-09-14,2020-09-16,2020-09-18,4,2,1,0,3.2975,535.199,0.922,114.466,649.665
"Port of Pascagoula, MS",2020261N21265,BETA,2020,276.6,-4,0,25,1,0,0,0,,,,0,0,0,0,0,0,0,,
"Port of Pascagoula, MS",2020279N16284,DELTA,2020,347,2,4,87,1,0,0,0,,,,0,0,0,0,0,0,0,,
"Port of Pascagoula, MS",2020299N18277,ZETA,2020,107.5,3,3,100,1,0,0,0,2020-10-22,2020-10-29,2020-10-30,8,1,0,0,5.2055,931.535,0.9076,497.1,1428.63
"Port of Pascagoula, MS",2021169N23268,CLAUDETTE,2021,102.6,0,0,40,1,0,0,0,,,,0,0,0,0,0,0,0,,
"Port of Pascagoula, MS",2021182N09317,ELSA,2021,496.3,0,1,55,1,0,0,0,,,,0,0,0,0,0,0,0,,
"Port of Pascagoula, MS",2021222N14301,FRED,2021,309,0,0,55,1,0,0,0,,,,0,0,0,0,0,0,0,,
"Port of Pascagoula, MS",2021239N17281,IDA,2021,200.1,4,4,130,1,0,0,0,2021-08-29,2021-08-29,2021-08-31,2,2,1,0,1.6313,274.334,0.8167,62.009,336.344
"Port of Pascagoula, MS",2021252N28273,MINDY,2021,289.5,0,0,50,1,0,0,0,2021-09-09,2021-09-09,2021-09-10,1,1,0,0,0.567,107.639,0.567,82.194,189.833
"Port of Pascagoula, MS",2021256N21265,NICHOLAS,2021,306.1,-1,1,30,1,0,0,0,,,,0,0,0,0,0,0,0,,
"Port of Pascagoula, MS",2022311N21293,NICOLE,2022,392.7,0,1,35,1,0,0,0,,,,0,0,0,0,0,0,0,,
"Port of Pascagoula, MS",2023152N26274,ARLENE,2023,342.7,0,0,35,0,0,0,0,,,,0,0,0,0,0,0,0,,
"Port of Pascagoula, MS",2023239N21274,IDALIA,2023,462,4,4,115,1,0,0,0,,,,0,0,0,0,0,0,0,,
"Port of Providence, RI",2015126N27281,ANA,2015,125.2,-3,0,28,0,0,0,0,,,,0,0,0,0,0,0,0,,
"Port of Providence, RI",2016158N22272,COLIN,2016,438.8,-4,0,50,0,0,0,0,,,,0,0,0,0,0,0,0,,
"Port of Providence, RI",2016242N24279,HERMINE,2016,113.4,-4,1,58,1,0,0,0,,,,0,0,0,0,0,0,0,,
"Port of Providence, RI",2017247N09327,JOSE,2017,291.9,0,4,60,0,3,1.6945,84.016,,,,0,0,0,0,0,0,0,,
"Port of Providence, RI",2017277N11279,NATE,2017,271.5,-4,1,25,1,0,0,0,,,,0,0,0,0,0,0,0,,
"Port of Providence, RI",2018242N13343,FLORENCE,2018,163.9,-4,4,25,1,0,0,0,,,,0,0,0,0,0,0,0,,
"Port of Providence, RI",2018280N18273,MICHAEL,2018,307.5,-4,5,60,0,0,0,0,,,,0,0,0,0,0,0,0,,
"Port of Providence, RI",2019236N10314,DORIAN,2019,368.4,2,5,85,0,0,0,0,,,,0,0,0,0,0,0,0,,
"Port of Providence, RI",2019239N32287,ERIN,2019,441.4,-4,0,35,0,0,0,0,,,,0,0,0,0,0,0,0,,
"Port of Providence, RI",2019282N35286,MELISSA,2019,390.2,-2,0,55,0,1,0.1822,9.966,,,,0,0,0,0,0,0,0,,
"Port of Providence, RI",2020188N28271,FAY,2020,233.3,0,0,50,1,0,0,0,,,,0,0,0,0,0,0,0,,
"Port of Providence, RI",2020211N13306,ISAIAS,2020,236.5,0,1,58,1,0,0,0,,,,0,0,0,0,0,0,0,,
"Port of Providence, RI",2020228N37286,KYLE,2020,415,0,0,45,0,0,0,0,,,,0,0,0,0,0,0,0,,
"Port of Providence, RI",2020299N18277,ZETA,2020,257,-4,3,45,0,0,0,0,,,,0,0,0,0,0,0,0,,
"Port of Providence, RI",2021169N23268,CLAUDETTE,2021,362.3,0,0,40,0,0,0,0,,,,0,0,0,0,0,0,0,,
"Port of Providence, RI",2021182N09317,ELSA,2021,39.3,0,1,50,1,0,0,0,,,,0,0,0,0,0,0,0,,
"Port of Providence, RI",2021222N14301,FRED,2021,94.7,-4,0,25,1,0,0,0,2021-08-18,2021-08-18,2021-08-20,2,2,1,0,1.3332,46.797,0.6775,23.393,70.19
"Port of Providence, RI",2021227N36297,HENRI,2021,19.4,1,1,65,1,1,0.5026,30.551,2021-08-21,2021-08-21,2021-08-23,2,2,1,0,1.3712,40.856,0.7239,18.673,59.529
"Port of Providence, RI",2021239N17281,IDA,2021,101.2,-4,4,40,1,4,2.3121,138.326,,,,0,0,0,0,0,0,0,,
"Port of Providence, RI",2021259N30286,ODETTE,2021,458.5,0,0,40,0,1,0.0559,3.576,,,,0,0,0,0,0,0,0,,
"Port of Providence, RI",2021299N33284,WANDA,2021,160.7,-4,0,60,0,0,0,0,,,,0,0,0,0,0,0,0,,
"Port of Providence, RI",2023249N12320,LEE,2023,430.8,-4,5,70,0,1,0.058,3.175,,,,0,0,0,0,0,0,0,,
"Port of Savannah, GA",2015126N27281,ANA,2015,279.5,0,0,50,1,1,0.1075,35.807,,,,0,0,0,0,0,0,0,,
"Port of Savannah, GA",2016148N27288,BONNIE,2016,102.2,0,0,40,1,1,0.1041,34.911,,,,0,0,0,0,0,0,0,,
"Port of Savannah, GA",2016158N22272,COLIN,2016,62.8,0,0,48,1,0,0,0,,,,0,0,0,0,0,0,0,,
"Port of Savannah, GA",2016242N24279,HERMINE,2016,34.3,1,1,70,1,0,0,0,2016-09-01,2016-09-02,2016-09-03,2,1,0,0,1.4312,414.472,0.8652,160.535,575.007
"Port of Savannah, GA",2016257N27280,JULIA,2016,51.9,0,0,45,1,0,0,0,,,,0,0,0,0,0,0,0,,
"Port of Savannah, GA",2016273N13300,MATTHEW,2016,58.7,3,5,108,1,0,0,0,2016-10-06,2016-10-10,2016-10-13,7,3,1,0,5.4005,1594.05,0.8853,469.655,2063.7
"Port of Savannah, GA",2017212N28275,EMILY,2017,326.3,-1,0,30,0,0,0,0,,,,0,0,0,0,0,0,0,,
"Port of Savannah, GA",2017240N31279,UNNAMED,2017,93.2,-3,-3,38,1,0,0,0,,,,0,0,0,0,0,0,0,,
"Port of Savannah, GA",2017242N16333,IRMA,2017,261.8,1,5,65,1,0,0,0,2017-09-09,2017-09-11,2017-09-13,4,2,1,0,3.4537,1022.76,0.9292,164.216,1186.98
"Port of Savannah, GA",2018146N19273,ALBERTO,2018,490.2,-1,0,30,1,0,0,0,,,,0,0,0,0,0,0,0,,
"Port of Savannah, GA",2018242N13343,FLORENCE,2018,167.2,2,4,90,1,0,0,0,2018-09-15,2018-09-16,2018-09-17,2,1,0,0,0.8352,237.091,0.5305,336.118,573.209
"Port of Savannah, GA",2018280N18273,MICHAEL,2018,193.7,5,5,140,1,0,0,0,2018-10-11,2018-10-11,2018-10-12,1,1,0,0,0.3209,90.186,0.3209,190.842,281.028
"Port of Savannah, GA",2019204N25283,UNNAMED,2019,403.6,-1,-1,30,0,0,0,0,,,,0,0,0,0,0,0,0,,
"Port of Savannah, GA",2019236N10314,DORIAN,2019,163.6,3,5,100,0,0,0,0,2019-09-02,2019-09-05,2019-09-07,5,2,1,0,4.0666,1096.71,0.9334,252.335,1349.04
"Port of Savannah, GA",2019256N23286,HUMBERTO,2019,439.4,1,3,75,0,0,0,0,,,,0,0,0,0,0,0,0,,
"Port of Savannah, GA",2019291N22264,NESTOR,2019,123.8,-4,0,40,1,0,0,0,,,,0,0,0,0,0,0,0,,
"Port of Savannah, GA",2020138N28281,ARTHUR,2020,379,0,0,43,0,0,0,0,,,,0,0,0,0,0,0,0,,
"Port of Savannah, GA",2020148N32281,BERTHA,2020,160.5,0,0,45,1,0,0,0,2020-05-28,2020-05-29,2020-05-30,2,1,0,0,0.78,204.034,0.4807,315.008,519.043
"Port of Savannah, GA",2020188N28271,FAY,2020,133.7,-3,0,30,1,0,0,0,,,,0,0,0,0,0,0,0,,
"Port of Savannah, GA",2020211N13306,ISAIAS,2020,154.6,1,1,80,1,0,0,0,2020-08-03,2020-08-03,2020-08-05,2,2,1,0,0.9291,224.222,0.5576,261.007,485.23
"Port of Savannah, GA",2020244N30279,OMAR,2020,214.9,-1,0,30,0,0,0,0,,,,0,0,0,0,0,0,0,,
"Port of Savannah, GA",2020256N25281,SALLY,2020,203.4,-1,2,33,1,0,0,0,,,,0,0,0,0,0,0,0,,
"Port of Savannah, GA",2020299N18277,ZETA,2020,423.4,0,3,53,1,0,0,0,,,,0,0,0,0,0,0,0,,
"Port of Savannah, GA",2020306N15288,ETA,2020,87.3,0,4,53,1,0,0,0,,,,0,0,0,0,0,0,0,,
"Port of Savannah, GA",2021165N32282,BILL,2021,285.9,-3,0,23,0,0,0,0,,,,0,0,0,0,0,0,0,,
"Port of Savannah, GA",2021169N23268,CLAUDETTE,2021,233.8,0,0,40,1,0,0,0,,,,0,0,0,0,0,0,0,,
"Port of Savannah, GA",2021179N30287,DANNY,2021,52.1,0,0,40,1,0,0,0,2021-06-29,2021-06-29,2021-06-30,1,1,0,0,0.2926,98.551,0.2926,238.275,336.826
"Port of Savannah, GA",2021182N09317,ELSA,2021,100.6,0,1,55,1,1,0.059,24.875,2021-07-08,2021-07-08,2021-07-09,1,1,0,0,0.2454,84.035,0.2454,258.472,342.507
"Port of Savannah, GA",2021222N14301,FRED,2021,386.6,0,0,55,1,0,0,0,,,,0,0,0,0,0,0,0,,
"Port of Savannah, GA",2021252N28273,MINDY,2021,82.9,0,0,50,1,0,0,0,,,,0,0,0,0,0,0,0,,
"Port of Savannah, GA",2021299N33284,WANDA,2021,455.5,-4,0,35,0,0,0,0,,,,0,0,0,0,0,0,0,,
"Port of Savannah, GA",2022183N32280,COLIN,2022,41.3,0,0,35,1,0,0,0,2022-07-02,2022-07-02,2022-07-03,1,1,0,0,0.3798,137.353,0.3798,224.304,361.657
"Port of Savannah, GA",2022266N12294,IAN,2022,201.4,1,5,75,1,0,0,0,2022-09-29,2022-09-30,2022-10-02,3,2,1,0,2.1696,845.018,0.8577,322.669,1167.69
"Port of Savannah, GA",2022311N21293,NICOLE,2022,336.9,0,1,62,1,0,0,0,2022-11-11,2022-11-11,2022-11-12,1,1,0,0,0.4035,155.333,0.4035,229.629,384.962
"Port of Savannah, GA",2023239N21274,IDALIA,2023,64.7,4,4,115,1,0,0,0,2023-08-30,2023-08-30,2023-09-01,2,2,1,0,1.54,576.855,0.8117,172.258,749.113
"Port of Savannah, GA",2023265N29284,OPHELIA,2023,420.4,0,0,60,1,11,3.4811,1532.87,,,,0,0,0,0,0,0,0,,
"PortMiami, FL",2015126N27281,ANA,2015,185.2,-3,0,25,0,0,0,0,,,,0,0,0,0,0,0,0,,
"PortMiami, FL",2015313N22289,KATE,2015,438.5,0,1,53,0,0,0,0,,,,0,0,0,0,0,0,0,,
"PortMiami, FL",2016242N24279,HERMINE,2016,220.9,-1,1,30,0,0,0,0,,,,0,0,0,0,0,0,0,,
"PortMiami, FL",2016257N27280,JULIA,2016,190.3,0,0,45,1,0,0,0,,,,0,0,0,0,0,0,0,,
"PortMiami, FL",2016273N13300,MATTHEW,2016,191.5,4,5,120,0,0,0,0,,,,0,0,0,0,0,0,0,,
"PortMiami, FL",2017212N28275,EMILY,2017,223.3,0,0,50,1,0,0,0,,,,0,0,0,0,0,0,0,,
"PortMiami, FL",2017242N16333,IRMA,2017,120.5,5,5,145,1,0,0,0,2017-09-09,2017-09-10,2017-09-12,3,2,1,0,1.5515,341.408,0.5596,317.596,659.004
"PortMiami, FL",2017301N18276,PHILIPPE,2017,331.3,0,0,35,1,1,0.0023,0.968,,,,0,0,0,0,0,0,0,,
"PortMiami, FL",2018146N19273,ALBERTO,2018,381.4,-2,0,45,0,0,0,0,,,,0,0,0,0,0,0,0,,
"PortMiami, FL",2018246N22283,GORDON,2018,60.2,0,0,55,1,0,0,0,,,,0,0,0,0,0,0,0,,
"PortMiami, FL",2019204N25283,UNNAMED,2019,119.5,-1,-1,30,1,0,0,0,,,,0,0,0,0,0,0,0,,
"PortMiami, FL",2019236N10314,DORIAN,2019,242,5,5,160,0,3,0.8445,261.963,2019-09-01,2019-09-02,2019-09-03,2,1,0,0,1.0577,230.209,0.5358,205.099,435.308
"PortMiami, FL",2019256N23286,HUMBERTO,2019,373.1,1,3,65,0,0,0,0,,,,0,0,0,0,0,0,0,,
"PortMiami, FL",2020138N28281,ARTHUR,2020,320.2,0,0,35,0,0,0,0,,,,0,0,0,0,0,0,0,,
"PortMiami, FL",2020211N13306,ISAIAS,2020,128,1,1,75,1,0,0,0,2020-07-31,2020-08-03,2020-08-04,4,1,0,0,2.0194,715.462,0.6934,708.524,1423.99
"PortMiami, FL",2020233N14313,LAURA,2020,455.6,0,4,58,1,0,0,0,2020-08-20,2020-08-24,2020-08-25,5,1,0,0,2.3875,829.782,0.6268,913.495,1743.28
"PortMiami, FL",2020256N25281,SALLY,2020,12.2,0,2,50,1,0,0,0,2020-09-10,2020-09-12,2020-09-14,4,2,1,0,1.9008,632.688,0.6468,693.491,1326.18
"PortMiami, FL",2020306N15288,ETA,2020,81.5,1,4,65,1,0,0,0,2020-11-06,2020-11-08,2020-11-10,4,2,1,0,1.9233,754.108,0.661,841.611,1595.72
"PortMiami, FL",2021182N09317,ELSA,2021,241.1,1,1,65,1,3,0.5782,237.982,,,,0,0,0,0,0,0,0,,
"PortMiami, FL",2021222N14301,FRED,2021,333.6,0,0,40,1,10,3.4579,1417.84,,,,0,0,0,0,0,0,0,,
"PortMiami, FL",2021239N17281,IDA,2021,450.1,1,4,70,1,0,0,0,2021-08-27,2021-08-27,2021-08-28,1,1,0,0,0.2583,103.065,0.2583,295.87,398.935
"PortMiami, FL",2022154N21273,ALEX,2022,140,0,0,45,1,0,0,0,2022-06-04,2022-06-04,2022-06-05,1,1,0,0,0.2413,97.313,0.2413,305.95,403.263
"PortMiami, FL",2022266N12294,IAN,2022,199.9,5,5,140,1,0,0,0,2022-09-28,2022-09-28,2022-09-30,2,2,1,0,0.874,241.222,0.5547,318.774,559.996
"PortMiami, FL",2022311N21293,NICOLE,2022,200.4,1,1,65,1,0,0,0,2022-11-08,2022-11-09,2022-11-11,3,2,1,0,1.2974,419.542,0.5571,556.549,976.091
"PortMiami, FL",2023152N26274,ARLENE,2023,360.6,-3,0,25,0,0,0,0,2023-06-03,2023-06-03,2023-06-04,1,1,0,0,0.29,97.509,0.29,238.71,336.218
"PortMiami, FL",2023239N21274,IDALIA,2023,433.2,3,4,105,0,0,0,0,,,,0,0,0,0,0,0,0,,
"Portland, ME",2015126N27281,ANA,2015,228.6,-3,0,25,0,0,0,0,2015-05-11,2015-05-11,2015-05-14,3,3,1,0,2.6639,206.715,0.9333,26.234,232.949
"Portland, ME",2016242N24279,HERMINE,2016,217.1,-4,1,55,1,1,0.0936,9.504,2016-09-06,2016-09-06,2016-09-07,1,1,0,0,0.648,39.122,0.648,21.253,60.376
"Portland, ME",2017247N09327,JOSE,2017,445.5,0,4,60,0,1,0.7594,75.744,,,,0,0,0,0,0,0,0,,
"Portland, ME",2017277N11279,NATE,2017,143.8,-4,1,25,1,1,0.2037,18.877,,,,0,0,0,0,0,0,0,,
"Portland, ME",2018242N13343,FLORENCE,2018,296.8,-4,4,25,1,2,0.4263,40.916,,,,0,0,0,0,0,0,0,,
"Portland, ME",2018280N18273,MICHAEL,2018,422.4,-4,5,60,0,0,0,0,,,,0,0,0,0,0,0,0,,
"Portland, ME",2019236N10314,DORIAN,2019,418.8,2,5,85,0,1,0.174,14.634,,,,0,0,0,0,0,0,0,,
"Portland, ME",2020188N28271,FAY,2020,304.8,-1,0,33,1,0,0,0,,,,0,0,0,0,0,0,0,,
"Portland, ME",2020211N13306,ISAIAS,2020,233.2,0,1,50,1,0,0,0,,,,0,0,0,0,0,0,0,,
"Portland, ME",2020299N18277,ZETA,2020,476.7,-4,3,45,0,0,0,0,,,,0,0,0,0,0,0,0,,
"Portland, ME",2021169N23268,CLAUDETTE,2021,474.6,-4,0,40,0,0,0,0,,,,0,0,0,0,0,0,0,,
"Portland, ME",2021182N09317,ELSA,2021,83.7,0,1,50,1,0,0,0,,,,0,0,0,0,0,0,0,,
"Portland, ME",2021222N14301,FRED,2021,131.7,-4,0,25,1,0,0,0,,,,0,0,0,0,0,0,0,,
"Portland, ME",2021227N36297,HENRI,2021,168.8,1,1,65,1,2,0.4357,32.353,,,,0,0,0,0,0,0,0,,
"Portland, ME",2021239N17281,IDA,2021,219.4,-4,4,40,1,0,0,0,,,,0,0,0,0,0,0,0,,
"Portland, ME",2021299N33284,WANDA,2021,258.8,-4,0,60,0,0,0,0,2021-10-27,2021-10-27,2021-10-28,1,1,0,0,0.8421,44.352,0.8421,8.319,52.672
"Portland, ME",2023249N12320,LEE,2023,308.6,-4,5,70,1,0,0,0,,,,0,0,0,0,0,0,0,,
"Sabine Pass Port Authority, TX",2015167N27266,BILL,2015,256.9,0,0,50,1,0,0,0,,,,0,0,0,0,0,0,0,,
"Sabine Pass Port Authority, TX",2017171N24271,CINDY,2017,41.4,0,0,50,1,0,0,0,2017-06-21,2017-06-22,2017-06-24,3,2,1,0,2.1583,85.135,0.8599,33.555,118.689
"Sabine Pass Port Authority, TX",2017228N14314,HARVEY,2017,60.3,4,4,115,1,0,0,0,2017-08-26,2017-08-27,2017-08-28,2,1,0,0,0.9884,37.132,0.5923,37.941,75.072
"Sabine Pass Port Authority, TX",2017277N11279,NATE,2017,474.8,1,1,75,1,0,0,0,,,,0,0,0,0,0,0,0,,
"Sabine Pass Port Authority, TX",2018246N22283,GORDON,2018,470.5,0,0,38,1,0,0,0,2018-09-06,2018-09-06,2018-09-07,1,1,0,0,0.4351,16.045,0.4351,20.83,36.875
"Sabine Pass Port Authority, TX",2019192N29274,BARRY,2019,148.1,1,1,65,1,2,0.0935,4.818,,,,0,0,0,0,0,0,0,,
"Sabine Pass Port Authority, TX",2019261N28264,IMELDA,2019,126.3,0,0,40,1,0,0,0,2019-09-19,2019-09-19,2019-09-20,1,1,0,0,0.4485,15.709,0.4485,19.313,35.021
"Sabine Pass Port Authority, TX",2019299N25265,OLGA,2019,300.4,0,0,45,1,0,0,0,,,,0,0,0,0,0,0,0,,
"Sabine Pass Port Authority, TX",2020154N19269,CRISTOBAL,2020,328,0,0,45,1,0,0,0,,,,0,0,0,0,0,0,0,,
"Sabine Pass Port Authority, TX",2020205N26272,HANNA,2020,279,1,1,80,1,1,0.1174,6.038,2020-07-25,2020-07-25,2020-07-26,1,1,0,0,0.4739,17.522,0.4739,19.451,36.973
"Sabine Pass Port Authority, TX",2020233N14313,LAURA,2020,79.5,4,4,130,1,0,0,0,2020-08-25,2020-09-01,2020-09-02,8,1,0,0,5.1106,199.046,0.8731,111.849,310.895
"Sabine Pass Port Authority, TX",2020234N14280,MARCO,2020,188.6,0,1,35,0,0,0,0,2020-08-25,2020-09-01,2020-09-02,8,1,0,0,5.1065,198.64,0.8729,111.849,310.489
"Sabine Pass Port Authority, TX",2020261N21265,BETA,2020,55.1,0,0,55,1,0,0,0,2020-09-20,2020-09-21,2020-09-23,3,2,1,0,1.9002,72.668,0.7288,41.697,114.365
"Sabine Pass Port Authority, TX",2020279N16284,DELTA,2020,82.9,3,4,105,1,0,0,0,2020-10-09,2020-10-10,2020-10-11,2,1,0,0,1.1932,40.542,0.6041,27.424,67.966
"Sabine Pass Port Authority, TX",2020299N18277,ZETA,2020,345.1,3,3,100,1,0,0,0,,,,0,0,0,0,0,0,0,,
"Sabine Pass Port Authority, TX",2021169N23268,CLAUDETTE,2021,306,0,0,40,1,0,0,0,,,,0,0,0,0,0,0,0,,
"Sabine Pass Port Authority, TX",2021239N17281,IDA,2021,333.6,4,4,130,1,0,0,0,,,,0,0,0,0,0,0,0,,
"Sabine Pass Port Authority, TX",2021256N21265,NICHOLAS,2021,34.6,1,1,65,1,1,0.0124,0.761,2021-09-14,2021-09-14,2021-09-15,1,1,0,0,0.3849,19.15,0.3849,30.607,49.757
"Sabine Pass Port Authority, TX",2023234N25271,HAROLD,2023,393.3,0,0,50,1,0,0,0,,,,0,0,0,0,0,0,0,,
"San Juan, PR",2015237N14315,ERIKA,2015,115.1,0,0,45,0,0,0,0,,,,0,0,0,0,0,0,0,,
"San Juan, PR",2016273N13300,MATTHEW,2016,469.7,1,5,68,0,0,0,0,,,,0,0,0,0,0,0,0,,
"San Juan, PR",2017224N22293,GERT,2017,448.8,-3,2,25,0,3,0.8251,124.505,,,,0,0,0,0,0,0,0,,
"San Juan, PR",2017242N16333,IRMA,2017,87.6,5,5,155,0,0,0,0,,,,0,0,0,0,0,0,0,,
"San Juan, PR",2017247N09327,JOSE,2017,296.3,4,4,120,0,0,0,0,,,,0,0,0,0,0,0,0,,
"San Juan, PR",2017260N12310,MARIA,2017,28.4,5,5,150,1,0,0,0,2017-09-22,2017-09-22,2017-09-29,7,7,0,7,7,568.678,1,0,568.678
"San Juan, PR",2018186N10325,BERYL,2018,180.9,-3,1,35,0,0,0,0,,,,0,0,0,0,0,0,0,,
"San Juan, PR",2018251N13325,ISAAC,2018,358.3,0,1,35,0,3,0.8073,141.289,,,,0,0,0,0,0,0,0,,
"San Juan, PR",2018265N08338,KIRK,2018,489.6,0,0,35,0,0,0,0,,,,0,0,0,0,0,0,0,,
"San Juan, PR",2019236N10314,DORIAN,2019,80,1,5,78,0,0,0,0,,,,0,0,0,0,0,0,0,,
"San Juan, PR",2019260N13317,JERRY,2019,393,0,2,63,0,0,0,0,,,,0,0,0,0,0,0,0,,
"San Juan, PR",2019265N12301,KAREN,2019,76.2,0,0,40,0,0,0,0,,,,0,0,0,0,0,0,0,,
"San Juan, PR",2020211N13306,ISAIAS,2020,226,0,1,63,1,0,0,0,2020-07-29,2020-07-30,2020-07-31,2,1,0,0,1.566,189.897,0.9026,56.837,246.734
"San Juan, PR",2020224N11326,JOSEPHINE,2020,257.2,0,0,35,0,0,0,0,,,,0,0,0,0,0,0,0,,
"San Juan, PR",2020233N14313,LAURA,2020,82.3,0,4,45,1,0,0,0,2020-08-21,2020-08-22,2020-08-23,2,1,0,0,1.6112,191.051,0.9164,43.22,234.271
"San Juan, PR",2021182N09317,ELSA,2021,359.9,1,1,70,0,13,3.5906,769.463,,,,0,0,0,0,0,0,0,,
"San Juan, PR",2021222N14301,FRED,2021,124.8,0,0,40,1,0,0,0,2021-08-11,2021-08-11,2021-08-12,1,1,0,0,0.4074,71.442,0.4074,103.916,175.359
"San Juan, PR",2021225N15313,GRACE,2021,158.2,-1,3,33,0,0,0,0,2021-08-15,2021-08-15,2021-08-16,1,1,0,0,0.8397,143.425,0.8397,27.376,170.801
"San Juan, PR",2021262N16307,PETER,2021,250.6,0,0,45,0,0,0,0,,,,0,0,0,0,0,0,0,,
"San Juan, PR",2022246N18301,EARL,2022,207.6,0,2,60,0,0,0,0,2022-09-04,2022-09-04,2022-09-05,1,1,0,0,0.4959,84.086,0.4959,85.477,169.563
"San Juan, PR",2022257N16312,FIONA,2022,111.9,2,4,95,1,0,0,0,2022-09-17,2022-09-18,2022-09-20,3,2,1,0,1.9242,343.625,0.7127,191.254,534.879
"San Juan, PR",2022311N21293,NICOLE,2022,254,-3,1,35,0,0,0,0,,,,0,0,0,0,0,0,0,,
"San Juan, PR",2023232N13300,FRANKLIN,2023,397,0,4,60,0,0,0,0,2023-08-20,2023-08-20,2023-08-21,1,1,0,0,0.5128,88.727,0.5128,84.284,173.01
"San Juan, PR",2023266N16323,PHILIPPE,2023,150.7,0,0,45,0,0,0,0,,,,0,0,0,0,0,0,0,,
"San Juan, PR",2023292N13309,TAMMY,2023,292.2,1,2,80,0,0,0,0,2023-10-21,2023-10-22,2023-10-23,2,1,0,0,1.1059,219.299,0.6172,179.131,398.43
"South Jersey Port Corp, NJ",2015126N27281,ANA,2015,118.2,-1,0,30,1,0,0,0,,,,0,0,0,0,0,0,0,,
"South Jersey Port Corp, NJ",2015193N35285,CLAUDETTE,2015,466.1,-3,0,25,0,0,0,0,,,,0,0,0,0,0,0,0,,
"South Jersey Port Corp, NJ",2016148N27288,BONNIE,2016,445.6,0,0,35,0,0,0,0,,,,0,0,0,0,0,0,0,,
"South Jersey Port Corp, NJ",2016158N22272,COLIN,2016,387,-4,0,50,0,0,0,0,,,,0,0,0,0,0,0,0,,
"South Jersey Port Corp, NJ",2016240N31295,UNNAMED,2016,447.9,-1,-1,30,0,0,0,0,2016-08-31,2016-08-31,2016-09-01,1,1,0,0,0.466,146.068,0.466,167.363,313.431
"South Jersey Port Corp, NJ",2016242N24279,HERMINE,2016,214.6,0,1,60,1,0,0,0,2016-09-05,2016-09-05,2016-09-06,1,1,0,0,0.4343,131.852,0.4343,171.729,303.58
"South Jersey Port Corp, NJ",2016257N27280,JULIA,2016,467.1,-4,0,25,1,1,0.0126,5.499,,,,0,0,0,0,0,0,0,,
"South Jersey Port Corp, NJ",2017171N24271,CINDY,2017,315.5,-3,0,25,1,0,0,0,2017-06-24,2017-06-29,2017-06-30,6,1,0,0,4.4673,1310.33,0.9808,430.016,1740.34
"South Jersey Port Corp, NJ",2017240N31279,UNNAMED,2017,468.6,-4,-3,40,0,0,0,0,,,,0,0,0,0,0,0,0,,
"South Jersey Port Corp, NJ",2017247N09327,JOSE,2017,393.7,0,4,63,0,0,0,0,2017-09-19,2017-09-20,2017-09-21,2,1,0,0,0.9272,301.486,0.4649,348.876,650.362
"South Jersey Port Corp, NJ",2017260N12310,MARIA,2017,410.3,1,5,65,0,0,0,0,2017-09-27,2017-09-29,2017-09-30,3,1,0,0,1.2096,377.286,0.4463,560.999,938.285
"South Jersey Port Corp, NJ",2017277N11279,NATE,2017,406.1,-4,1,25,1,0,0,0,,,,0,0,0,0,0,0,0,,
"South Jersey Port Corp, NJ",2018242N13343,FLORENCE,2018,246.3,-4,4,25,1,0,0,0,,,,0,0,0,0,0,0,0,,
"South Jersey Port Corp, NJ",2018280N18273,MICHAEL,2018,242.7,-4,5,60,1,0,0,0,,,,0,0,0,0,0,0,0,,
"South Jersey Port Corp, NJ",2019236N10314,DORIAN,2019,376.9,2,5,85,0,0,0,0,2019-09-06,2019-09-06,2019-09-07,1,1,0,0,0.5135,106.561,0.5135,100.956,207.517
"South Jersey Port Corp, NJ",2019239N32287,ERIN,2019,463,-1,0,35,0,0,0,0,,,,0,0,0,0,0,0,0,,
"South Jersey Port Corp, NJ",2019282N35286,MELISSA,2019,448,-2,0,50,0,0,0,0,,,,0,0,0,0,0,0,0,,
"South Jersey Port Corp, NJ",2019291N22264,NESTOR,2019,235.8,-4,0,40,1,2,0.1817,47.093,,,,0,0,0,0,0,0,0,,
"South Jersey Port Corp, NJ",2020138N28281,ARTHUR,2020,410.4,0,0,53,0,0,0,0,2020-05-19,2020-05-20,2020-05-22,3,2,1,0,1.7224,400.511,0.683,296.171,696.682
"South Jersey Port Corp, NJ",2020148N32281,BERTHA,2020,484.5,-4,0,20,1,0,0,0,2020-05-28,2020-05-29,2020-05-30,2,1,0,0,1.3305,278.256,0.6699,139.897,418.153
"South Jersey Port Corp, NJ",2020188N28271,FAY,2020,46.8,0,0,50,1,0,0,0,,,,0,0,0,0,0,0,0,,
"South Jersey Port Corp, NJ",2020211N13306,ISAIAS,2020,96.1,0,1,60,1,0,0,0,2020-08-04,2020-08-04,2020-08-05,1,1,0,0,0.6345,153.743,0.6345,88.579,242.322
"South Jersey Port Corp, NJ",2020228N37286,KYLE,2020,317.9,0,0,43,0,0,0,0,,,,0,0,0,0,0,0,0,,
"South Jersey Port Corp, NJ",2020299N18277,ZETA,2020,99.3,-4,3,45,1,0,0,0,,,,0,0,0,0,0,0,0,,
"South Jersey Port Corp, NJ",2021169N23268,CLAUDETTE,2021,314.6,0,0,40,1,0,0,0,,,,0,0,0,0,0,0,0,,
"South Jersey Port Corp, NJ",2021182N09317,ELSA,2021,59.4,0,1,50,1,0,0,0,,,,0,0,0,0,0,0,0,,
"South Jersey Port Corp, NJ",2021222N14301,FRED,2021,296.1,-3,0,25,1,0,0,0,2021-08-16,2021-08-19,2021-08-20,4,1,0,0,2.005,618.259,0.6401,621.441,1239.7
"South Jersey Port Corp, NJ",2021227N36297,HENRI,2021,223.9,1,1,65,1,0,0,0,,,,0,0,0,0,0,0,0,,
"South Jersey Port Corp, NJ",2021239N17281,IDA,2021,60.6,-4,4,40,1,0,0,0,,,,0,0,0,0,0,0,0,,
"South Jersey Port Corp, NJ",2021259N30286,ODETTE,2021,433.7,0,0,40,0,0,0,0,,,,0,0,0,0,0,0,0,,
"South Jersey Port Corp, NJ",2021299N33284,WANDA,2021,415.7,-4,0,58,0,0,0,0,,,,0,0,0,0,0,0,0,,
"South Jersey Port Corp, NJ",2023015N36289,UNNAMED,2023,477.4,-4,-2,45,0,0,0,0,,,,0,0,0,0,0,0,0,,
"South Jersey Port Corp, NJ",2023265N29284,OPHELIA,2023,185,0,0,45,1,2,0.4535,171.387,,,,0,0,0,0,0,0,0,,
"South Louisiana, LA, Port of",2016158N22272,COLIN,2016,471.5,0,0,45,0,0,0,0,,,,0,0,0,0,0,0,0,,
"South Louisiana, LA, Port of",2017171N24271,CINDY,2017,306.5,0,0,50,1,0,0,0,2017-06-23,2017-06-27,2017-06-28,5,1,0,0,3.297,4343.88,0.9703,2279.69,6623.57
"South Louisiana, LA, Port of",2017228N14314,HARVEY,2017,245.6,0,4,45,1,0,0,0,2017-08-25,2017-08-28,2017-08-30,5,2,1,0,1.7006,2329.86,0.4205,4523.85,6853.71
"South Louisiana, LA, Port of",2017277N11279,NATE,2017,126.7,1,1,80,1,0,0,0,,,,0,0,0,0,0,0,0,,
"South Louisiana, LA, Port of",2018146N19273,ALBERTO,2018,427.2,0,0,55,1,0,0,0,,,,0,0,0,0,0,0,0,,
"South Louisiana, LA, Port of",2018246N22283,GORDON,2018,182.5,0,0,60,1,4,0.5669,849.374,,,,0,0,0,0,0,0,0,,
"South Louisiana, LA, Port of",2018280N18273,MICHAEL,2018,422.7,5,5,140,1,0,0,0,,,,0,0,0,0,0,0,0,,
"South Louisiana, LA, Port of",2019192N29274,BARRY,2019,154.2,1,1,65,1,0,0,0,,,,0,0,0,0,0,0,0,,
"South Louisiana, LA, Port of",2019261N28264,IMELDA,2019,428.1,0,0,40,1,0,0,0,,,,0,0,0,0,0,0,0,,
"South Louisiana, LA, Port of",2019291N22264,NESTOR,2019,357.3,0,0,50,1,1,0.0245,27.289,,,,0,0,0,0,0,0,0,,
"South Louisiana, LA, Port of",2019299N25265,OLGA,2019,9.2,0,0,45,1,0,0,0,,,,0,0,0,0,0,0,0,,
"South Louisiana, LA, Port of",2020154N19269,CRISTOBAL,2020,42.9,0,0,45,1,0,0,0,2020-06-07,2020-06-07,2020-06-08,1,1,0,0,0.3974,282.949,0.3974,428.983,711.932
"South Louisiana, LA, Port of",2020188N28271,FAY,2020,306.9,-3,0,30,1,0,0,0,,,,0,0,0,0,0,0,0,,
"South Louisiana, LA, Port of",2020205N26272,HANNA,2020,393.2,0,1,53,0,0,0,0,,,,0,0,0,0,0,0,0,,
"South Louisiana, LA, Port of",2020233N14313,LAURA,2020,270.2,4,4,130,1,0,0,0,,,,0,0,0,0,0,0,0,,
"South Louisiana, LA, Port of",2020234N14280,MARCO,2020,146.8,0,1,55,0,0,0,0,,,,0,0,0,0,0,0,0,,
"South Louisiana, LA, Port of",2020256N25281,SALLY,2020,239.5,2,2,95,1,0,0,0,,,,0,0,0,0,0,0,0,,
"South Louisiana, LA, Port of",2020261N21265,BETA,2020,187,0,0,55,1,0,0,0,,,,0,0,0,0,0,0,0,,
"South Louisiana, LA, Port of",2020279N16284,DELTA,2020,209.8,3,4,103,1,0,0,0,,,,0,0,0,0,0,0,0,,
"South Louisiana, LA, Port of",2020299N18277,ZETA,2020,61.8,3,3,100,1,0,0,0,,,,0,0,0,0,0,0,0,,
"South Louisiana, LA, Port of",2021169N23268,CLAUDETTE,2021,13.6,0,0,40,1,0,0,0,,,,0,0,0,0,0,0,0,,
"South Louisiana, LA, Port of",2021222N14301,FRED,2021,488.5,0,0,55,1,0,0,0,,,,0,0,0,0,0,0,0,,
"South Louisiana, LA, Port of",2021239N17281,IDA,2021,16.1,4,4,130,1,0,0,0,2021-08-28,2021-09-05,2021-09-10,13,5,1,0,8.4391,8809.51,0.9478,4780.82,13590.3
"South Louisiana, LA, Port of",2021252N28273,MINDY,2021,402.4,0,0,45,0,0,0,0,2021-08-29,2021-09-05,2021-09-10,12,5,1,0,8.0406,8426.65,0.9478,4170.85,12597.5
"South Louisiana, LA, Port of",2021256N21265,NICHOLAS,2021,120.3,0,1,50,1,0,0,0,2021-09-17,2021-09-17,2021-09-18,1,1,0,0,0.2652,291.076,0.2652,806.344,1097.42
"South Louisiana, LA, Port of",2023152N26274,ARLENE,2023,449.8,-1,0,33,0,0,0,0,,,,0,0,0,0,0,0,0,,
"Tampa Port Authority, FL",2015126N27281,ANA,2015,334.3,-3,0,25,0,0,0,0,,,,0,0,0,0,0,0,0,,
"Tampa Port Authority, FL",2016148N27288,BONNIE,2016,436.7,0,0,40,0,0,0,0,,,,0,0,0,0,0,0,0,,
"Tampa Port Authority, FL",2016158N22272,COLIN,2016,243.3,0,0,45,1,0,0,0,,,,0,0,0,0,0,0,0,,
"Tampa Port Authority, FL",2016242N24279,HERMINE,2016,267.8,1,1,70,1,0,0,0,2016-09-01,2016-09-01,2016-09-02,1,1,0,0,0.4834,127.457,0.4834,136.19,263.647
"Tampa Port Authority, FL",2016257N27280,JULIA,2016,147.6,0,0,45,1,0,0,0,,,,0,0,0,0,0,0,0,,
"Tampa Port Authority, FL",2016273N13300,MATTHEW,2016,228.7,4,5,120,0,0,0,0,,,,0,0,0,0,0,0,0,,
"Tampa Port Authority, FL",2017212N28275,EMILY,2017,47.5,0,0,50,1,0,0,0,,,,0,0,0,0,0,0,0,,
"Tampa Port Authority, FL",2017240N31279,UNNAMED,2017,349.2,-3,-3,35,0,0,0,0,,,,0,0,0,0,0,0,0,,
"Tampa Port Authority, FL",2017242N16333,IRMA,2017,35.7,4,5,115,1,0,0,0,2017-09-09,2017-09-11,2017-09-13,4,2,1,0,2.9893,790.567,0.8988,258.924,1049.49
"Tampa Port Authority, FL",2018146N19273,ALBERTO,2018,235.6,0,0,55,1,2,0.5143,194.478,,,,0,0,0,0,0,0,0,,
"Tampa Port Authority, FL",2018246N22283,GORDON,2018,173.2,0,0,60,1,0,0,0,,,,0,0,0,0,0,0,0,,
"Tampa Port Authority, FL",2018280N18273,MICHAEL,2018,384.4,5,5,140,1,0,0,0,,,,0,0,0,0,0,0,0,,
"Tampa Port Authority, FL",2019192N29274,BARRY,2019,412.3,-3,1,30,0,0,0,0,,,,0,0,0,0,0,0,0,,
"Tampa Port Authority, FL",2019204N25283,UNNAMED,2019,242.5,-1,-1,30,0,0,0,0,,,,0,0,0,0,0,0,0,,
"Tampa Port Authority, FL",2019236N10314,DORIAN,2019,321.2,5,5,155,0,1,0.2619,95.703,2019-09-01,2019-09-01,2019-09-03,2,2,1,0,0.996,277.675,0.5585,280.784,558.46
"Tampa Port Authority, FL",2019256N23286,HUMBERTO,2019,435.7,1,3,68,0,0,0,0,,,,0,0,0,0,0,0,0,,
"Tampa Port Authority, FL",2019291N22264,NESTOR,2019,388.6,0,0,50,1,0,0,0,,,,0,0,0,0,0,0,0,,
"Tampa Port Authority, FL",2020138N28281,ARTHUR,2020,358.3,0,0,35,0,0,0,0,,,,0,0,0,0,0,0,0,,
"Tampa Port Authority, FL",2020188N28271,FAY,2020,366.9,-3,0,30,1,0,0,0,,,,0,0,0,0,0,0,0,,
"Tampa Port Authority, FL",2020211N13306,ISAIAS,2020,261.1,1,1,65,0,2,0.0735,28.921,,,,0,0,0,0,0,0,0,,
"Tampa Port Authority, FL",2020244N30279,OMAR,2020,301.1,-3,0,28,0,0,0,0,2020-08-31,2020-08-31,2020-09-01,1,1,0,0,0.5213,146.41,0.5213,134.438,280.848
"Tampa Port Authority, FL",2020256N25281,SALLY,2020,176,1,2,75,1,0,0,0,2020-09-12,2020-09-12,2020-09-14,2,2,1,0,0.9938,259.347,0.5561,260.812,520.159
"Tampa Port Authority, FL",2020306N15288,ETA,2020,112.2,1,4,65,1,1,0.0171,6.382,,,,0,0,0,0,0,0,0,,
"Tampa Port Authority, FL",2021182N09317,ELSA,2021,114,1,1,65,1,3,0.6113,245.929,2021-07-06,2021-07-06,2021-07-07,1,1,0,0,0.4183,119.162,0.4183,165.722,284.884
"Tampa Port Authority, FL",2021222N14301,FRED,2021,323,0,0,55,1,0,0,0,,,,0,0,0,0,0,0,0,,
"Tampa Port Authority, FL",2021239N17281,IDA,2021,494,1,4,80,0,0,0,0,,,,0,0,0,0,0,0,0,,
"Tampa Port Authority, FL",2021252N28273,MINDY,2021,325.4,0,0,50,1,0,0,0,,,,0,0,0,0,0,0,0,,
"Tampa Port Authority, FL",2022154N21273,ALEX,2022,175.6,0,0,43,1,0,0,0,2022-06-03,2022-06-03,2022-06-05,2,2,1,0,0.8714,318.833,0.4631,415.661,734.493
"Tampa Port Authority, FL",2022183N32280,COLIN,2022,468.1,-1,0,33,0,0,0,0,,,,0,0,0,0,0,0,0,,
"Tampa Port Authority, FL",2022266N12294,IAN,2022,101.2,5,5,140,1,0,0,0,2022-09-26,2022-09-30,2022-10-03,7,3,1,0,4.4656,1513.89,0.8727,886.232,2400.12
"Tampa Port Authority, FL",2022311N21293,NICOLE,2022,56.7,1,1,65,1,15,3.323,1548.34,,,,0,0,0,0,0,0,0,,
"Tampa Port Authority, FL",2023152N26274,ARLENE,2023,349.4,0,0,35,0,1,0.029,13.812,,,,0,0,0,0,0,0,0,,
"Tampa Port Authority, FL",2023239N21274,IDALIA,2023,215.7,4,4,115,1,0,0,0,2023-08-29,2023-08-30,2023-09-01,3,2,1,0,2.2467,759.789,0.8202,253.973,1013.76
"Terrebonne Parish Port, LA",2015167N27266,BILL,2015,427.5,0,0,48,0,0,0,0,,,,0,0,0,0,0,0,0,,
"Terrebonne Parish Port, LA",2016158N22272,COLIN,2016,455.5,0,0,45,0,3,0.2207,36.622,,,,0,0,0,0,0,0,0,,
"Terrebonne Parish Port, LA",2017171N24271,CINDY,2017,266.2,0,0,50,1,0,0,0,2017-06-23,2017-06-27,2017-06-28,5,1,0,0,3.5895,351.771,0.9709,139.642,491.413
"Terrebonne Parish Port, LA",2017228N14314,HARVEY,2017,259.2,0,4,45,1,0,0,0,2017-08-29,2017-08-29,2017-08-30,1,1,0,0,0.2622,27.016,0.2622,76.009,103.025
"Terrebonne Parish Port, LA",2017277N11279,NATE,2017,161.1,1,1,80,1,1,0.3128,45.341,,,,0,0,0,0,0,0,0,,
"Terrebonne Parish Port, LA",2018146N19273,ALBERTO,2018,473.9,0,0,55,1,6,1.249,113.669,,,,0,0,0,0,0,0,0,,
"Terrebonne Parish Port, LA",2018246N22283,GORDON,2018,254.5,0,0,60,1,0,0,0,,,,0,0,0,0,0,0,0,,
"Terrebonne Parish Port, LA",2018280N18273,MICHAEL,2018,435,4,5,133,0,0,0,0,,,,0,0,0,0,0,0,0,,
"Terrebonne Parish Port, LA",2019192N29274,BARRY,2019,80.7,1,1,65,1,0,0,0,,,,0,0,0,0,0,0,0,,
"Terrebonne Parish Port, LA",2019261N28264,IMELDA,2019,423.3,0,0,40,1,0,0,0,2019-09-17,2019-09-17,2019-09-18,1,1,0,0,0.4751,30.932,0.4751,34.18,65.112
"Terrebonne Parish Port, LA",2019291N22264,NESTOR,2019,338.2,0,0,50,0,3,0.4821,47.743,,,,0,0,0,0,0,0,0,,
"Terrebonne Parish Port, LA",2019299N25265,OLGA,2019,69.4,0,0,45,1,0,0,0,,,,0,0,0,0,0,0,0,,
"Terrebonne Parish Port, LA",2020154N19269,CRISTOBAL,2020,100.7,0,0,45,1,0,0,0,,,,0,0,0,0,0,0,0,,
"Terrebonne Parish Port, LA",2020188N28271,FAY,2020,269.8,-3,0,30,0,0,0,0,,,,0,0,0,0,0,0,0,,
"Terrebonne Parish Port, LA",2020205N26272,HANNA,2020,311.4,0,1,58,0,0,0,0,,,,0,0,0,0,0,0,0,,
"Terrebonne Parish Port, LA",2020233N14313,LAURA,2020,230.1,4,4,130,1,0,0,0,,,,0,0,0,0,0,0,0,,
"Terrebonne Parish Port, LA",2020234N14280,MARCO,2020,78.1,0,1,55,0,0,0,0,,,,0,0,0,0,0,0,0,,
"Terrebonne Parish Port, LA",2020256N25281,SALLY,2020,265.4,2,2,95,1,0,0,0,,,,0,0,0,0,0,0,0,,
"Terrebonne Parish Port, LA",2020261N21265,BETA,2020,221.4,0,0,55,1,0,0,0,,,,0,0,0,0,0,0,0,,
"Terrebonne Parish Port, LA",2020279N16284,DELTA,2020,216.4,3,4,105,1,0,0,0,,,,0,0,0,0,0,0,0,,
"Terrebonne Parish Port, LA",2020299N18277,ZETA,2020,27.7,3,3,100,1,0,0,0,,,,0,0,0,0,0,0,0,,
"Terrebonne Parish Port, LA",2021169N23268,CLAUDETTE,2021,18.4,0,0,40,1,0,0,0,,,,0,0,0,0,0,0,0,,
"Terrebonne Parish Port, LA",2021239N17281,IDA,2021,29.2,4,4,130,1,0,0,0,2021-08-30,2021-08-31,2021-09-02,3,2,1,0,2.4487,155.561,0.9333,35.804,191.366
"Terrebonne Parish Port, LA",2021252N28273,MINDY,2021,406.7,0,0,40,0,0,0,0,,,,0,0,0,0,0,0,0,,
"Terrebonne Parish Port, LA",2021256N21265,NICHOLAS,2021,74,1,1,65,1,0,0,0,,,,0,0,0,0,0,0,0,,
"Terrebonne Parish Port, LA",2023152N26274,ARLENE,2023,448.5,0,0,35,0,0,0,0,,,,0,0,0,0,0,0,0,,
"Terrebonne Parish Port, LA",2023234N25271,HAROLD,2023,464.2,0,0,35,0,0,0,0,,,,0,0,0,0,0,0,0,,
"Texas City, TX",2015167N27266,BILL,2015,193.7,0,0,50,1,0,0,0,2015-06-16,2015-06-16,2015-06-18,2,2,1,0,1.35,488.488,0.7069,235.231,723.719
"Texas City, TX",2017171N24271,CINDY,2017,121.9,0,0,50,1,0,0,0,,,,0,0,0,0,0,0,0,,
"Texas City, TX",2017228N14314,HARVEY,2017,120.3,4,4,115,1,0,0,0,2017-08-25,2017-08-28,2017-09-02,8,5,1,2,6.7015,2267.85,1,448.693,2716.54
"Texas City, TX",2019192N29274,BARRY,2019,228,1,1,65,1,0,0,0,2019-07-13,2019-07-13,2019-07-14,1,1,0,0,0.412,152.167,0.412,217.21,369.376
"Texas City, TX",2019261N28264,IMELDA,2019,49.2,0,0,40,1,0,0,0,,,,0,0,0,0,0,0,0,,
"Texas City, TX",2019299N25265,OLGA,2019,345,0,0,45,1,1,0.0355,16.615,,,,0,0,0,0,0,0,0,,
"Texas City, TX",2020154N19269,CRISTOBAL,2020,408.1,0,0,45,1,0,0,0,,,,0,0,0,0,0,0,0,,
"Texas City, TX",2020205N26272,HANNA,2020,261.1,1,1,80,1,0,0,0,,,,0,0,0,0,0,0,0,,
"Texas City, TX",2020233N14313,LAURA,2020,159,4,4,130,1,0,0,0,2020-08-26,2020-08-26,2020-08-28,2,2,1,0,1.7759,428.985,0.9135,54.359,483.344
"Texas City, TX",2020234N14280,MARCO,2020,254.6,-1,1,30,0,0,0,0,,,,0,0,0,0,0,0,0,,
"Texas City, TX",2020261N21265,BETA,2020,29.8,0,0,55,1,1,0.1672,68.338,2020-09-21,2020-09-21,2020-09-24,3,3,1,1,2.7254,727.962,1,72.356,800.318
"Texas City, TX",2020279N16284,DELTA,2020,145.8,3,4,105,1,0,0,0,,,,0,0,0,0,0,0,0,,
"Texas City, TX",2020299N18277,ZETA,2020,403.5,3,3,100,1,0,0,0,,,,0,0,0,0,0,0,0,,
"Texas City, TX",2021169N23268,CLAUDETTE,2021,373.4,0,0,40,1,0,0,0,,,,0,0,0,0,0,0,0,,
"Texas City, TX",2021239N17281,IDA,2021,413.2,4,4,130,1,0,0,0,,,,0,0,0,0,0,0,0,,
"Texas City, TX",2021256N21265,NICHOLAS,2021,16.9,1,1,65,1,0,0,0,2021-09-14,2021-09-14,2021-09-17,3,3,1,0,1.8133,662.047,0.9837,437.083,1099.13
"Texas City, TX",2023234N25271,HAROLD,2023,329.3,0,0,50,1,0,0,0,,,,0,0,0,0,0,0,0,,
"Toledo-Lucas County Port, OH",2015167N27266,BILL,2015,341.9,-3,0,15,1,0,0,0,,,,0,0,0,0,0,0,0,,
"Toledo-Lucas County Port, OH",2017171N24271,CINDY,2017,405.3,-3,0,25,1,0,0,0,,,,0,0,0,0,0,0,0,,
"Toledo-Lucas County Port, OH",2017228N14314,HARVEY,2017,401.4,-4,4,20,1,0,0,0,,,,0,0,0,0,0,0,0,,
"Toledo-Lucas County Port, OH",2017277N11279,NATE,2017,183.2,-3,1,25,1,0,0,0,,,,0,0,0,0,0,0,0,,
"Toledo-Lucas County Port, OH",2018146N19273,ALBERTO,2018,170.9,-1,0,30,1,1,0.0795,4.124,,,,0,0,0,0,0,0,0,,
"Toledo-Lucas County Port, OH",2018242N13343,FLORENCE,2018,332.2,-4,4,25,1,0,0,0,,,,0,0,0,0,0,0,0,,
"Toledo-Lucas County Port, OH",2019299N25265,OLGA,2019,302.8,-4,0,30,1,0,0,0,2019-10-26,2019-10-27,2019-10-28,2,1,0,0,1.4122,41.839,0.7339,17.458,59.297
"Toledo-Lucas County Port, OH",2020148N32281,BERTHA,2020,312.5,-4,0,20,1,0,0,0,,,,0,0,0,0,0,0,0,,
"Toledo-Lucas County Port, OH",2020233N14313,LAURA,2020,393.1,-1,4,23,1,0,0,0,,,,0,0,0,0,0,0,0,,
"Toledo-Lucas County Port, OH",2021222N14301,FRED,2021,325.7,-3,0,20,1,0,0,0,2021-08-18,2021-08-18,2021-08-20,2,2,1,0,1.4463,41.576,0.8215,16.014,57.589
"Toledo-Lucas County Port, OH",2021239N17281,IDA,2021,464.2,-4,4,28,1,0,0,0,,,,0,0,0,0,0,0,0,,
"Virgin Islands - St. Croix, VI",2015229N10331,DANNY,2015,425.5,-1,3,33,0,0,0,0,,,,0,0,0,0,0,0,0,,
"Virgin Islands - St. Croix, VI",2015237N14315,ERIKA,2015,70.3,0,0,45,0,0,0,0,,,,0,0,0,0,0,0,0,,
"Virgin Islands - St. Croix, VI",2016273N13300,MATTHEW,2016,412.2,1,5,68,0,0,0,0,,,,0,0,0,0,0,0,0,,
"Virgin Islands - St. Croix, VI",2017228N14314,HARVEY,2017,481.9,0,4,35,0,5,1.9783,187.552,,,,0,0,0,0,0,0,0,,
"Virgin Islands - St. Croix, VI",2017242N16333,IRMA,2017,92.6,5,5,155,0,0,0,0,2017-09-05,2017-09-06,2017-09-07,2,1,0,0,1.737,76.043,0.9698,12.419,88.462
"Virgin Islands - St. Croix, VI",2017247N09327,JOSE,2017,268.7,4,4,128,0,0,0,0,,,,0,0,0,0,0,0,0,,
"Virgin Islands - St. Croix, VI",2017260N12310,MARIA,2017,40.2,5,5,150,1,0,0,0,2017-09-19,2017-09-20,2017-09-21,2,1,0,1,1.8785,78.875,1,5.456,84.331
"Virgin Islands - St. Croix, VI",2018186N10325,BERYL,2018,139.2,-3,1,35,0,0,0,0,,,,0,0,0,0,0,0,0,,
"Virgin Islands - St. Croix, VI",2018251N13325,ISAAC,2018,303.8,0,1,38,0,0,0,0,,,,0,0,0,0,0,0,0,,
"Virgin Islands - St. Croix, VI",2018265N08338,KIRK,2018,375.5,0,0,40,0,0,0,0,,,,0,0,0,0,0,0,0,,
"Virgin Islands - St. Croix, VI",2019236N10314,DORIAN,2019,17.2,1,5,75,0,0,0,0,2019-08-28,2019-08-28,2019-08-29,1,1,0,0,0.6503,35.419,0.6503,19.043,54.462
"Virgin Islands - St. Croix, VI",2019260N13317,JERRY,2019,360.7,1,2,70,0,0,0,0,,,,0,0,0,0,0,0,0,,
"Virgin Islands - St. Croix, VI",2019265N12301,KAREN,2019,80,0,0,40,0,0,0,0,2019-09-24,2019-09-24,2019-09-25,1,1,0,0,0.8905,44.872,0.8905,5.518,50.39
"Virgin Islands - St. Croix, VI",2019323N19302,SEBASTIEN,2019,467.4,0,0,45,0,0,0,0,,,,0,0,0,0,0,0,0,,
"Virgin Islands - St. Croix, VI",2020211N13306,ISAIAS,2020,237.9,0,1,55,0,0,0,0,2020-07-29,2020-07-29,2020-07-30,1,1,0,0,0.9511,37.187,0.9511,1.912,39.099
"Virgin Islands - St. Croix, VI",2020224N11326,JOSEPHINE,2020,274.4,0,0,35,0,0,0,0,2020-08-16,2020-08-16,2020-08-18,2,2,1,0,1.9811,99.075,0.9966,0.898,99.972
"Virgin Islands - St. Croix, VI",2020233N14313,LAURA,2020,50.2,0,4,45,1,0,0,0,2020-08-21,2020-08-22,2020-08-23,2,1,0,0,1.974,91.547,0.9924,1.171,92.718
"Virgin Islands - St. Croix, VI",2021182N09317,ELSA,2021,338.2,1,1,73,0,0,0,0,,,,0,0,0,0,0,0,0,,
"Virgin Islands - St. Croix, VI",2021222N14301,FRED,2021,107.1,0,0,40,0,0,0,0,,,,0,0,0,0,0,0,0,,
"Virgin Islands - St. Croix, VI",2021225N15313,GRACE,2021,105.2,-1,3,33,0,0,0,0,,,,0,0,0,0,0,0,0,,
"Virgin Islands - St. Croix, VI",2021262N16307,PETER,2021,242.7,0,0,45,0,0,0,0,,,,0,0,0,0,0,0,0,,
"Virgin Islands - St. Croix, VI",2022246N18301,EARL,2022,205.5,0,2,60,0,0,0,0,2022-09-05,2022-09-05,2022-09-06,1,1,0,0,0.852,35.791,0.852,6.215,42.005
"Virgin Islands - St. Croix, VI",2022257N16312,FIONA,2022,121.1,1,4,80,1,0,0,0,2022-09-18,2022-09-18,2022-09-19,1,1,0,0,0.8196,38.103,0.8196,8.384,46.487
"Virgin Islands - St. Croix, VI",2022311N21293,NICOLE,2022,384.6,-3,1,33,0,0,0,0,,,,0,0,0,0,0,0,0,,
"Virgin Islands - St. Croix, VI",2023231N15313,GERT,2023,481.8,-3,0,25,0,1,0.8018,97.904,,,,0,0,0,0,0,0,0,,
"Virgin Islands - St. Croix, VI",2023232N13300,FRANKLIN,2023,401.4,0,4,45,0,0,0,0,2023-08-20,2023-08-20,2023-08-21,1,1,0,0,0.5679,45.788,0.5679,34.845,80.633
"Virgin Islands - St. Croix, VI",2023266N16323,PHILIPPE,2023,146.4,0,0,45,0,0,0,0,2023-09-30,2023-10-02,2023-10-04,4,2,1,0,2.4373,186.353,0.671,119.646,305.998
"Virgin Islands - St. Croix, VI",2023292N13309,TAMMY,2023,223.6,1,2,80,0,0,0,0,2023-10-21,2023-10-21,2023-10-22,1,1,0,0,0.6681,42.354,0.6681,21.037,63.39
"Virginia, VA, Port of",2015126N27281,ANA,2015,12.4,0,0,48,1,0,0,0,2015-05-11,2015-05-13,2015-05-14,3,1,0,0,0.8986,503.777,0.359,1178.41,1682.19
"Virginia, VA, Port of",2015167N27266,BILL,2015,490,-3,0,15,1,0,0,0,,,,0,0,0,0,0,0,0,,
"Virginia, VA, Port of",2015193N35285,CLAUDETTE,2015,185.6,-1,0,30,0,0,0,0,,,,0,0,0,0,0,0,0,,
"Virginia, VA, Port of",2016148N27288,BONNIE,2016,203.9,0,0,35,1,0,0,0,,,,0,0,0,0,0,0,0,,
"Virginia, VA, Port of",2016158N22272,COLIN,2016,232.1,-4,0,50,0,0,0,0,,,,0,0,0,0,0,0,0,,
"Virginia, VA, Port of",2016240N31295,UNNAMED,2016,284.5,-1,-1,30,0,0,0,0,,,,0,0,0,0,0,0,0,,
"Virginia, VA, Port of",2016242N24279,HERMINE,2016,142.2,0,1,60,1,0,0,0,,,,0,0,0,0,0,0,0,,
"Virginia, VA, Port of",2016257N27280,JULIA,2016,145.6,-3,0,30,1,0,0,0,,,,0,0,0,0,0,0,0,,
"Virginia, VA, Port of",2016273N13300,MATTHEW,2016,240,1,5,70,0,0,0,0,,,,0,0,0,0,0,0,0,,
"Virginia, VA, Port of",2017171N24271,CINDY,2017,293.6,-3,0,25,1,0,0,0,2017-06-23,2017-06-27,2017-06-28,5,1,0,0,3.3006,1843.94,0.9743,948.724,2792.67
"Virginia, VA, Port of",2017240N31279,UNNAMED,2017,181.8,-3,-3,40,1,0,0,0,,,,0,0,0,0,0,0,0,,
"Virginia, VA, Port of",2017247N09327,JOSE,2017,418.4,1,4,65,0,0,0,0,,,,0,0,0,0,0,0,0,,
"Virginia, VA, Port of",2017260N12310,MARIA,2017,347.9,1,5,65,0,0,0,0,,,,0,0,0,0,0,0,0,,
"Virginia, VA, Port of",2018186N31292,CHRIS,2018,430,0,2,43,0,0,0,0,,,,0,0,0,0,0,0,0,,
"Virginia, VA, Port of",2018242N13343,FLORENCE,2018,307,3,4,98,1,0,0,0,2018-09-10,2018-09-13,2018-09-16,6,3,1,0,3.3554,2088.29,0.742,1643.83,3732.12
"Virginia, VA, Port of",2018280N18273,MICHAEL,2018,18.3,0,5,60,1,0,0,0,,,,0,0,0,0,0,0,0,,
"Virginia, VA, Port of",2019236N10314,DORIAN,2019,184.2,2,5,93,0,0,0,0,2019-09-02,2019-09-06,2019-09-08,6,2,1,0,2.0706,1291.29,0.4997,2446.6,3737.89
"Virginia, VA, Port of",2019239N32287,ERIN,2019,400.1,-1,0,35,0,0,0,0,,,,0,0,0,0,0,0,0,,
"Virginia, VA, Port of",2019282N35286,MELISSA,2019,290.6,-4,0,43,0,0,0,0,,,,0,0,0,0,0,0,0,,
"Virginia, VA, Port of",2019291N22264,NESTOR,2019,35.1,-4,0,40,1,0,0,0,,,,0,0,0,0,0,0,0,,
"Virginia, VA, Port of",2020138N28281,ARTHUR,2020,212.8,0,0,50,0,0,0,0,,,,0,0,0,0,0,0,0,,
"Virginia, VA, Port of",2020148N32281,BERTHA,2020,424.3,-1,0,30,1,0,0,0,,,,0,0,0,0,0,0,0,,
"Virginia, VA, Port of",2020188N28271,FAY,2020,136.4,0,0,50,1,0,0,0,,,,0,0,0,0,0,0,0,,
"Virginia, VA, Port of",2020211N13306,ISAIAS,2020,99.1,1,1,80,1,0,0,0,2020-08-04,2020-08-04,2020-08-05,1,1,0,0,0.2624,164.609,0.2624,462.792,627.402
"Virginia, VA, Port of",2020228N37286,KYLE,2020,192.4,0,0,40,0,0,0,0,,,,0,0,0,0,0,0,0,,
"Virginia, VA, Port of",2020244N30279,OMAR,2020,346.4,0,0,35,0,0,0,0,,,,0,0,0,0,0,0,0,,
"Virginia, VA, Port of",2020299N18277,ZETA,2020,193.8,0,3,45,1,0,0,0,,,,0,0,0,0,0,0,0,,
"Virginia, VA, Port of",2020306N15288,ETA,2020,334.7,0,4,40,0,0,0,0,,,,0,0,0,0,0,0,0,,
"Virginia, VA, Port of",2021165N32282,BILL,2021,361.7,0,0,38,0,0,0,0,2021-06-13,2021-06-13,2021-06-15,2,2,1,0,1.2212,833.281,0.7747,535.108,1368.39
"Virginia, VA, Port of",2021169N23268,CLAUDETTE,2021,100.3,0,0,40,1,0,0,0,,,,0,0,0,0,0,0,0,,
"Virginia, VA, Port of",2021182N09317,ELSA,2021,80.2,0,1,50,1,6,0.726,610.499,,,,0,0,0,0,0,0,0,,
"Virginia, VA, Port of",2021222N14301,FRED,2021,487.5,-3,0,20,1,0,0,0,,,,0,0,0,0,0,0,0,,
"Virginia, VA, Port of",2021227N36297,HENRI,2021,439.1,1,1,65,0,6,0.4884,399.932,,,,0,0,0,0,0,0,0,,
"Virginia, VA, Port of",2021239N17281,IDA,2021,285.1,-4,4,38,1,1,0.0341,27.616,,,,0,0,0,0,0,0,0,,
"Virginia, VA, Port of",2021259N30286,ODETTE,2021,303.3,0,0,40,0,0,0,0,,,,0,0,0,0,0,0,0,,
"Virginia, VA, Port of",2021299N33284,WANDA,2021,360.8,-4,0,45,0,0,0,0,2021-10-23,2021-10-27,2021-10-29,6,2,1,0,2.9832,2109.42,0.9963,2142.06,4251.48
"Virginia, VA, Port of",2022183N32280,COLIN,2022,415.3,0,0,35,1,0,0,0,,,,0,0,0,0,0,0,0,,
"Virginia, VA, Port of",2022266N12294,IAN,2022,350.8,1,5,70,1,0,0,0,,,,0,0,0,0,0,0,0,,
"Virginia, VA, Port of",2023015N36289,UNNAMED,2023,451.9,-4,-2,45,0,0,0,0,,,,0,0,0,0,0,0,0,,
"Virginia, VA, Port of",2023239N21274,IDALIA,2023,358.1,0,4,55,0,0,0,0,,,,0,0,0,0,0,0,0,,
"Virginia, VA, Port of",2023265N29284,OPHELIA,2023,113.6,0,0,60,1,0,0,0,,,,0,0,0,0,0,0,0,,
"Wilmington, DE",2015126N27281,ANA,2015,162.3,-1,0,30,1,2,1.5027,177.333,,,,0,0,0,0,0,0,0,,
"Wilmington, DE",2015193N35285,CLAUDETTE,2015,482.2,-3,0,25,0,0,0,0,,,,0,0,0,0,0,0,0,,
"Wilmington, DE",2016148N27288,BONNIE,2016,468.6,0,0,35,0,1,0.0098,0.947,,,,0,0,0,0,0,0,0,,
"Wilmington, DE",2016158N22272,COLIN,2016,431.1,-4,0,50,0,0,0,0,,,,0,0,0,0,0,0,0,,
"Wilmington, DE",2016240N31295,UNNAMED,2016,491.2,-1,-1,30,0,1,0.2617,28.082,,,,0,0,0,0,0,0,0,,
"Wilmington, DE",2016242N24279,HERMINE,2016,266.6,0,1,60,1,0,0,0,2016-09-05,2016-09-05,2016-09-07,2,2,1,0,1.0606,82.15,0.5412,72.792,154.943
"Wilmington, DE",2016257N27280,JULIA,2016,469.4,-4,0,25,1,3,0.8044,95.641,,,,0,0,0,0,0,0,0,,
"Wilmington, DE",2017171N24271,CINDY,2017,272,-3,0,25,1,0,0,0,,,,0,0,0,0,0,0,0,,
"Wilmington, DE",2017240N31279,UNNAMED,2017,482,-4,-3,40,0,0,0,0,,,,0,0,0,0,0,0,0,,
"Wilmington, DE",2017247N09327,JOSE,2017,444.4,0,4,60,0,0,0,0,2017-09-20,2017-09-20,2017-09-21,1,1,0,0,0.6831,51.451,0.6831,23.87,75.321
"Wilmington, DE",2017260N12310,MARIA,2017,454,1,5,65,0,0,0,0,,,,0,0,0,0,0,0,0,,
"Wilmington, DE",2017277N11279,NATE,2017,379.7,-4,1,25,1,0,0,0,,,,0,0,0,0,0,0,0,,
"Wilmington, DE",2018242N13343,FLORENCE,2018,204.5,-4,4,25,1,0,0,0,,,,0,0,0,0,0,0,0,,
"Wilmington, DE",2018280N18273,MICHAEL,2018,274.6,-4,5,60,1,3,1.8592,146.001,,,,0,0,0,0,0,0,0,,
"Wilmington, DE",2019236N10314,DORIAN,2019,419.9,2,5,85,0,0,0,0,,,,0,0,0,0,0,0,0,,
"Wilmington, DE",2019282N35286,MELISSA,2019,488.5,-4,0,40,0,0,0,0,,,,0,0,0,0,0,0,0,,
"Wilmington, DE",2019291N22264,NESTOR,2019,259.7,-4,0,40,1,0,0,0,,,,0,0,0,0,0,0,0,,
"Wilmington, DE",2020138N28281,ARTHUR,2020,447,0,0,50,0,0,0,0,,,,0,0,0,0,0,0,0,,
"Wilmington, DE",2020148N32281,BERTHA,2020,433.5,-4,0,20,1,0,0,0,,,,0,0,0,0,0,0,0,,
"Wilmington, DE",2020188N28271,FAY,2020,97.7,0,0,50,1,0,0,0,,,,0,0,0,0,0,0,0,,
"Wilmington, DE",2020211N13306,ISAIAS,2020,63.1,0,1,60,1,0,0,0,,,,0,0,0,0,0,0,0,,
"Wilmington, DE",2020228N37286,KYLE,2020,356.2,0,0,43,0,0,0,0,,,,0,0,0,0,0,0,0,,
"Wilmington, DE",2020299N18277,ZETA,2020,123.8,-4,3,45,1,0,0,0,,,,0,0,0,0,0,0,0,,
"Wilmington, DE",2021169N23268,CLAUDETTE,2021,351.8,0,0,40,1,0,0,0,,,,0,0,0,0,0,0,0,,
"Wilmington, DE",2021182N09317,ELSA,2021,111.7,0,1,50,1,0,0,0,,,,0,0,0,0,0,0,0,,
"Wilmington, DE",2021222N14301,FRED,2021,260.1,-3,0,25,1,0,0,0,2021-08-18,2021-08-18,2021-08-19,1,1,0,0,0.6066,41.097,0.6066,26.649,67.746
"Wilmington, DE",2021227N36297,HENRI,2021,228.2,1,1,65,1,0,0,0,,,,0,0,0,0,0,0,0,,
"Wilmington, DE",2021239N17281,IDA,2021,9.5,-4,4,40,1,0,0,0,,,,0,0,0,0,0,0,0,,
"Wilmington, DE",2021259N30286,ODETTE,2021,477,0,0,40,0,0,0,0,,,,0,0,0,0,0,0,0,,
"Wilmington, DE",2021299N33284,WANDA,2021,463.9,-4,0,58,0,0,0,0,2021-10-26,2021-10-28,2021-10-29,3,1,0,0,1.7368,121.629,0.6474,89.936,211.565
"Wilmington, DE",2023265N29284,OPHELIA,2023,150.2,0,0,45,1,0,0,0,,,,0,0,0,0,0,0,0,,
"Wilmington, NC",2015126N27281,ANA,2015,73,0,0,50,1,0,0,0,,,,0,0,0,0,0,0,0,,
"Wilmington, NC",2015193N35285,CLAUDETTE,2015,262.8,-3,0,25,0,0,0,0,,,,0,0,0,0,0,0,0,,
"Wilmington, NC",2015313N22289,KATE,2015,494.2,0,1,60,0,0,0,0,,,,0,0,0,0,0,0,0,,
"Wilmington, NC",2016148N27288,BONNIE,2016,90.1,0,0,40,1,0,0,0,2016-05-30,2016-05-30,2016-06-01,2,2,1,0,1.5556,58.868,0.7817,16.805,75.672
"Wilmington, NC",2016158N22272,COLIN,2016,125.8,0,0,50,0,0,0,0,,,,0,0,0,0,0,0,0,,
"Wilmington, NC",2016240N31295,UNNAMED,2016,265.5,-1,-1,30,0,0,0,0,,,,0,0,0,0,0,0,0,,
"Wilmington, NC",2016242N24279,HERMINE,2016,30.5,0,1,60,1,4,1.2427,81.401,,,,0,0,0,0,0,0,0,,
"Wilmington, NC",2016257N27280,JULIA,2016,139.1,0,0,40,1,1,0.0195,1.193,2016-09-13,2016-09-13,2016-09-15,2,2,1,0,1.83,59.759,0.9545,5.524,65.283
"Wilmington, NC",2016273N13300,MATTHEW,2016,63.6,2,5,95,1,0,0,0,,,,0,0,0,0,0,0,0,,
"Wilmington, NC",2017212N28275,EMILY,2017,390.8,-1,0,30,0,0,0,0,,,,0,0,0,0,0,0,0,,
"Wilmington, NC",2017240N31279,UNNAMED,2017,24.7,-3,-3,40,1,0,0,0,,,,0,0,0,0,0,0,0,,
"Wilmington, NC",2017260N12310,MARIA,2017,440.2,1,5,68,0,0,0,0,,,,0,0,0,0,0,0,0,,
"Wilmington, NC",2018186N31292,CHRIS,2018,261.2,1,2,75,0,0,0,0,2018-07-09,2018-07-09,2018-07-10,1,1,0,0,0.7379,23.358,0.7379,8.297,31.656
"Wilmington, NC",2018242N13343,FLORENCE,2018,8.1,3,4,103,1,0,0,0,2018-09-12,2018-09-12,2018-09-21,9,9,1,6,8.4051,279.543,1,21.615,301.158
"Wilmington, NC",2018280N18273,MICHAEL,2018,229.5,0,5,60,1,0,0,0,2018-10-12,2018-10-12,2018-10-13,1,1,0,0,0.6041,23.517,0.6041,15.413,38.93
"Wilmington, NC",2019236N10314,DORIAN,2019,72.3,3,5,100,0,0,0,0,2019-09-04,2019-09-05,2019-09-07,3,2,1,0,2.4379,90.45,0.8688,20.337,110.787
"Wilmington, NC",2019239N32287,ERIN,2019,451.5,0,0,35,0,0,0,0,,,,0,0,0,0,0,0,0,,
"Wilmington, NC",2019256N23286,HUMBERTO,2019,486.9,2,3,83,0,0,0,0,2019-09-17,2019-09-17,2019-09-18,1,1,0,0,0.8199,27.013,0.8199,5.933,32.947
"Wilmington, NC",2019282N35286,MELISSA,2019,357.5,-4,0,40,0,0,0,0,,,,0,0,0,0,0,0,0,,
"Wilmington, NC",2019291N22264,NESTOR,2019,148.7,-4,0,40,1,0,0,0,,,,0,0,0,0,0,0,0,,
"Wilmington, NC",2020138N28281,ARTHUR,2020,144.4,0,0,50,0,0,0,0,,,,0,0,0,0,0,0,0,,
"Wilmington, NC",2020148N32281,BERTHA,2020,211.8,0,0,45,1,0,0,0,,,,0,0,0,0,0,0,0,,
"Wilmington, NC",2020188N28271,FAY,2020,56.7,0,0,50,1,0,0,0,2020-07-10,2020-07-10,2020-07-11,1,1,0,0,0.7039,25.796,0.7039,10.85,36.646
"Wilmington, NC",2020211N13306,ISAIAS,2020,66.2,1,1,80,1,0,0,0,2020-08-03,2020-08-07,2020-08-08,5,1,0,1,4.1635,128.409,1,28.98,157.389
"Wilmington, NC",2020228N37286,KYLE,2020,426.9,0,0,35,0,0,0,0,,,,0,0,0,0,0,0,0,,
"Wilmington, NC",2020244N30279,OMAR,2020,213.7,0,0,35,0,0,0,0,,,,0,0,0,0,0,0,0,,
"Wilmington, NC",2020256N25281,SALLY,2020,268.3,-4,2,30,1,0,0,0,,,,0,0,0,0,0,0,0,,
"Wilmington, NC",2020299N18277,ZETA,2020,394.2,0,3,45,1,0,0,0,,,,0,0,0,0,0,0,0,,
"Wilmington, NC",2020306N15288,ETA,2020,149.3,0,4,40,0,0,0,0,,,,0,0,0,0,0,0,0,,
"Wilmington, NC",2021165N32282,BILL,2021,202.8,0,0,35,0,0,0,0,2021-06-13,2021-06-13,2021-06-14,1,1,0,0,0.9061,30.787,0.9061,3.19,33.977
"Wilmington, NC",2021169N23268,CLAUDETTE,2021,141.6,0,0,40,1,0,0,0,2021-06-20,2021-06-20,2021-06-21,1,1,0,0,0.8823,29.435,0.8823,3.929,33.363
"Wilmington, NC",2021179N30287,DANNY,2021,276.1,0,0,40,1,0,0,0,,,,0,0,0,0,0,0,0,,
"Wilmington, NC",2021182N09317,ELSA,2021,175.8,0,1,48,1,0,0,0,2021-07-08,2021-07-08,2021-07-09,1,1,0,0,0.6182,27.228,0.6182,16.819,44.048
"Wilmington, NC",2021227N36297,HENRI,2021,458,1,1,65,0,1,0.1483,10.833,,,,0,0,0,0,0,0,0,,
"Wilmington, NC",2021252N28273,MINDY,2021,255.5,-1,0,30,1,0,0,0,2021-09-09,2021-09-09,2021-09-10,1,1,0,0,0.604,27.147,0.604,17.8,44.947
"Wilmington, NC",2021259N30286,ODETTE,2021,254.2,-3,0,33,0,0,0,0,,,,0,0,0,0,0,0,0,,
"Wilmington, NC",2021299N33284,WANDA,2021,240.6,-4,0,45,0,0,0,0,,,,0,0,0,0,0,0,0,,
"Wilmington, NC",2022183N32280,COLIN,2022,103.9,0,0,35,1,0,0,0,2022-07-01,2022-07-01,2022-07-02,1,1,0,0,0.7311,34.633,0.7311,12.738,47.372
"Wilmington, NC",2022266N12294,IAN,2022,131.5,1,5,75,1,2,0.197,14.136,,,,0,0,0,0,0,0,0,,
"Wilmington, NC",2023239N21274,IDALIA,2023,57.6,0,4,55,1,0,0,0,,,,0,0,0,0,0,0,0,,
"Wilmington, NC",2023265N29284,OPHELIA,2023,75.3,0,0,60,1,0,0,0,,,,0,0,0,0,0,0,0,,
