SID,name,season,port,coops_station,coops_dist_km,asos_station,asos_dist_km,surge_height_m,max_wind_ms,rainfall_mm,peak_hourly_rain_mm
2015126N27281,ANA,2015,"Albany Port District, NY",8518979,34.5,SCH,23.8,,,0,0
2015126N27281,ANA,2015,"Boston, MA",8443970,6.8,BOS,4.4,1.536,,0.52,0.25
2015126N27281,ANA,2015,"Baltimore, MD",8574680,14.9,DMH,13.3,0.324,11.15,0,0
2015126N27281,ANA,2015,"Bridgeport, CT",8467150,1.6,DXR,31.3,1.151,10.7,0.01,0
2015126N27281,ANA,2015,"Canaveral Port District, FL",8721604,18.1,TIX,7.2,0.839,6.3,0,0
2015126N27281,ANA,2015,"Jacksonville, FL",8720226,1.9,NIP,11.5,0.385,,0.52,0.51
2015126N27281,ANA,2015,"Manatee County Port, FL",8726384,27,SRQ,21.6,0.391,,0,0
2015126N27281,ANA,2015,"New Haven, CT",8465705,3.3,MMK,23.5,1.077,13.3,0.77,0.25
2015126N27281,ANA,2015,"Morehead City, NC",8656483,6.2,MRH,7,0.718,14.2,80.82,11.68
2015126N27281,ANA,2015,"New York, NY & NJ",8518750,1.8,JRB,2.2,0.794,,,
2015126N27281,ANA,2015,"Philadelphia Regional Port, PA",8546252,8.8,PNE,4.1,,,1.53,1.52
2015126N27281,ANA,2015,"Port Everglades, FL",8722956,34.8,HWO,27.3,,,1.28,1.27
2015126N27281,ANA,2015,"Port Jefferson, NY",8467150,24.9,ISP,18.8,1.151,10.7,0,0
2015126N27281,ANA,2015,"Port of Brunswick, GA",8679598,41.1,SSI,9.3,,,3.56,3.3
2015126N27281,ANA,2015,"Port of Charleston, SC",8665530,28.9,CHS,13.8,1.143,10.3,23.41,6.1
2015126N27281,ANA,2015,"Pittsburgh, PA Port of",9063053,184.9,AGC,16.3,,18.9,6.86,3.3
2015126N27281,ANA,2015,"Port of Palm Beach District, FL",8722670,46.4,F45,31.9,0.55,12.4,,
2015126N27281,ANA,2015,"Port of Providence, RI",8454000,1.2,PVD,9.2,0.988,9.9,5.6,4.83
2015126N27281,ANA,2015,"PortMiami, FL",8723214,36.4,TMB,7.4,0.391,6.1,0.01,0
2015126N27281,ANA,2015,"Port of Savannah, GA",8670870,21.9,SAV,8.3,1.355,11.9,18.04,6.35
2015126N27281,ANA,2015,"Portsmouth, NH",8419870,4.1,PSM,4,,,0.26,0.25
2015126N27281,ANA,2015,"Portland, ME",8418150,1.7,PWM,5.6,1.508,,0.77,0.76
2015126N27281,ANA,2015,"Searsport, ME",8413320,57.9,BGR,38,1.732,11.4,2.3,2.03
2015126N27281,ANA,2015,"South Jersey Port Corp, NJ",8545240,41.5,MIV,27.5,0.948,,0.51,0.25
2015126N27281,ANA,2015,"Tampa Port Authority, FL",8726674,7.5,TPF,10.1,,,0,0
2015126N27281,ANA,2015,"Virginia, VA, Port of",8638610,5.7,NGU,6.2,0.463,,7.88,2.54
2015126N27281,ANA,2015,"Wilmington, DE",8540433,13.2,ILG,9.3,0.908,,0.25,0.25
2015126N27281,ANA,2015,"Wilmington, NC",8658120,6.4,ILM,6.8,1.019,,104.96,11.43
2015167N27266,BILL,2015,"Baltimore, MD",8574680,14.9,DMH,13.3,0.478,10.6,29.72,19.56
2015167N27266,BILL,2015,"Alexandria-Cairo Port, IL",9087044,527.7,CIR,17.6,,9.2,3.3,0.25
2015167N27266,BILL,2015,"Beaumont, TX",8770520,26.1,BMT,7.6,0.564,,0,0
2015167N27266,BILL,2015,"Brownsville, TX",8779770,20.5,BRO,12.1,0.421,11.1,0.26,0.25
2015167N27266,BILL,2015,"Calhoun Port Authority, TX",8773259,7.7,PKV,14.3,1.032,,67.56,15.75
2015167N27266,BILL,2015,"Central Louisiana Regional, LA",8767816,126.9,AEX,15.3,0.559,,8.9,8.13
2015167N27266,BILL,2015,"Chattanooga, TN",8670870,525.3,CHA,5.6,1.194,8.3,3.3,3.05
2015167N27266,BILL,2015,"America's Central Port, IL",9087044,390.3,ALN,11.1,,9.2,4.57,2.29
2015167N27266,BILL,2015,"Cincinnati, OH",9063085,296.7,LUK,8.6,,9.7,21.08,2.29
2015167N27266,BILL,2015,"Corpus Christi, TX",8775222,0.9,CRP,7.3,,,7.64,5.33
2015167N27266,BILL,2015,"Cleveland-Cuyahoga Port, OH",9063063,11.9,BKL,13.3,,9.1,0.26,0.25
2015167N27266,BILL,2015,"Galveston, TX",8771486,7.6,GLS,2.4,,,31.52,7.11
2015167N27266,BILL,2015,"Greater Lafourche Port, LA",8762075,24.3,GAO,12.9,0.325,,4.83,4.57
2015167N27266,BILL,2015,"Conneaut, OH",9063038,47.8,HZY,19.7,,6.3,0,0
2015167N27266,BILL,2015,"Guntersville, AL",8737138,433.2,8A1,3.6,0.366,,,
2015167N27266,BILL,2015,"Detroit-Wayne County Port, MI",9044030,13.1,DTW,8.3,,,0.01,0
2015167N27266,BILL,2015,"Havana Regional Port, IL",9087044,262.9,PIA,51.4,,9.2,0,0
2015167N27266,BILL,2015,"Helena-West Helena Port, AR",8747437,478,CKM,34,0.413,9.07,1.27,1.27
2015167N27266,BILL,2015,"Heart of Illinois Port, IL",9087044,221.2,PIA,7.4,,9.2,0,0
2015167N27266,BILL,2015,"Heartland Port Authority, MO",9087044,507,JEF,18.6,,9.2,18.3,8.38
2015167N27266,BILL,2015,"Houston Port Authority, TX",8770777,19,MCJ,16,1.041,,20.32,3.81
2015167N27266,BILL,2015,"Henderson County Riverport, KY",9087044,437.5,EHR,10,,9.2,66.55,12.7
2015167N27266,BILL,2015,"Hickman-Fulton County Port, KY",9087044,591.7,UCY,24.2,,9.2,0,0
2015167N27266,BILL,2015,"Illinois International Port, IL",9087044,17.3,ORD,24.3,,9.2,1.27,1.27
2015167N27266,BILL,2015,"Illinois Valley Port, IL",9087044,149,VYS,10.1,,9.2,0,0
2015167N27266,BILL,2015,"Jackson-Union Port District, IL",9087044,478.1,MDH,15.4,,9.2,80.53,29.21
2015167N27266,BILL,2015,"Jefferson County Port, MO",9087044,462.5,SUS,45.2,,9.2,28.71,6.86
2015167N27266,BILL,2015,"Lake Charles Harbor District, LA",8768094,19.6,LCH,21.8,0.656,16.45,16.78,7.62
2015167N27266,BILL,2015,"Lake Providence Port, LA",8761927,319.1,TVR,46.9,0.307,6.6,0,0
2015167N27266,BILL,2015,"Joliet Regional Port, IL",9087044,53.2,JOT,5,,9.2,0,0
2015167N27266,BILL,2015,"Kaskaskia Regional Port, IL",9087044,440.9,SAR,22.3,,9.2,38.86,18.8
2015167N27266,BILL,2015,"Louisville-Jefferson Port, KY",9087044,425.2,LOU,4.5,,10.5,40.93,10.92
2015167N27266,BILL,2015,"Marblehead, OH",9063079,2.3,PCW,11.9,,6.8,0,0
2015167N27266,BILL,2015,"Memphis-Shelby County Port, TN",8737138,519.7,2M8,9.7,0.393,,,
2015167N27266,BILL,2015,"Marine City, MI",9014070,10.5,PHN,22.1,,,0,0
2015167N27266,BILL,2015,"Massac-Metropolis Port, IL",9087044,511.8,M30,5.1,,9.2,30.23,8.64
2015167N27266,BILL,2015,"Nashville, TN",8737138,610.7,JWN,9.2,0.366,,,
2015167N27266,BILL,2015,"Mid-America Port, IA, IL and MO",9087044,359,EOK,26.5,,9.2,0,0
2015167N27266,BILL,2015,"Monroe, MI",9063090,20.1,TTF,5.3,,,,
2015167N27266,BILL,2015,"New Bourbon Port Authority, MO",9087044,485.1,PCD,14.9,,9.2,,
2015167N27266,BILL,2015,"Orange County Nav District, TX",8770520,16.2,ORG,10.8,0.564,,0.25,0.25
2015167N27266,BILL,2015,"New Madrid County Port, MO",9087044,599.3,MAW,30.4,,9.2,,
2015167N27266,BILL,2015,"Northern Indiana District, IN",9087044,46.2,VPZ,7.9,,9.2,0,0
2015167N27266,BILL,2015,"Pemiscot County Port, MO",8737138,624.2,TKX,22.6,0.393,,,
2015167N27266,BILL,2015,"Owensboro Riverport, KY",9087044,443.3,OWB,4.8,,9.2,45.76,13.21
2015167N27266,BILL,2015,"Port Arthur, TX",8770475,3.4,BPT,10.9,0.559,10.8,58.96,21.84
2015167N27266,BILL,2015,"Port Freeport, TX",8772471,29.7,LBX,4.5,,,49.04,4.83
2015167N27266,BILL,2015,"Paducah-McCracken Riverport, KY",9087044,529.9,PAH,5.6,,9.2,29.23,7.87
2015167N27266,BILL,2015,"Port of Greater Baton Rouge, LA",8764044,87.2,BTR,17.6,0.125,10.9,0,0
2015167N27266,BILL,2015,"Port of Harlingen Authority, TX",8779280,24.3,HRL,13.7,,11.7,20.58,9.4
2015167N27266,BILL,2015,"Port of Greenville, MS",8747437,377.1,GLH,12.5,0.413,9.07,2.8,2.79
2015167N27266,BILL,2015,"Port of Rosedale, MS",8747437,412.7,RNV,12,0.413,9.07,0,0
2015167N27266,BILL,2015,"Port of Iberia District, LA",8764227,53.1,ARA,34.9,0.392,7.5,0.27,0.25
2015167N27266,BILL,2015,"Port of Vicksburg, MS",8747437,268.4,VKS,15,0.3,9.07,0,0
2015167N27266,BILL,2015,"Pittsburgh, PA Port of",9063053,184.9,AGC,16.3,,10.4,14.49,5.33
2015167N27266,BILL,2015,"Sabine Pass Port Authority, TX",8770475,25.1,BPT,28.3,0.559,10.8,58.96,21.84
2015167N27266,BILL,2015,"Sandusky, OH",9063079,9.8,PCW,14.5,,6.8,0,0
2015167N27266,BILL,2015,"Shawneetown Regional Port, IL",9087044,452.8,TWT,28,,9.2,,
2015167N27266,BILL,2015,"Southeast Missouri Port, MO",9087044,530,SIK,38.8,,9.2,,
2015167N27266,BILL,2015,"Southern Indiana District, IN",9087044,389.4,FRH,29.6,,10.5,,
2015167N27266,BILL,2015,"Southwest Regional Port, IL",9087044,415.5,CPS,0.7,,9.2,59.7,19.81
2015167N27266,BILL,2015,"Terrebonne Parish Port, LA",8764227,50.1,HUM,30.7,0.392,7.5,1.78,1.78
2015167N27266,BILL,2015,"Texas City, TX",8771013,4.3,GLS,20.6,0.823,14,31.52,7.11
2015167N27266,BILL,2015,"St. Louis City Port, MO",9087044,410.3,CPS,10.3,,9.2,59.7,19.81
2015167N27266,BILL,2015,"Tulsa-Rogers County Port, OK",8767816,714.7,GCM,17.7,0.576,,72.9,11.18
2015167N27266,BILL,2015,"Victoria, TX",8773259,39.3,VCT,8.2,1.032,,111.01,16
2015167N27266,BILL,2015,"St. Louis County, MO",9087044,422.9,SUS,18.5,,9.2,28.71,6.86
2015167N27266,BILL,2015,"Virginia, VA, Port of",8638610,5.7,NGU,6.2,0.359,,10.67,6.6
2015167N27266,BILL,2015,"West St. Mary Parish Port, LA",8764044,31.9,PTN,22.3,0.125,10.9,0,0
2015193N35285,CLAUDETTE,2015,"Morehead City, NC",8656483,6.2,MRH,7,0.754,10.3,20.32,6.86
2015193N35285,CLAUDETTE,2015,"Baltimore, MD",8574680,14.9,DMH,13.3,0.291,4.6,0,0
2015193N35285,CLAUDETTE,2015,"South Jersey Port Corp, NJ",8545240,41.5,MIV,27.5,1.016,,0,0
2015193N35285,CLAUDETTE,2015,"Virginia, VA, Port of",8638610,5.7,NGU,6.2,0.483,,0.01,0
2015167N27266,BILL,2015,"Toledo-Lucas County Port, OH",9063085,1.1,TDZ,13.5,,9.7,1.78,1.78
2015193N35285,CLAUDETTE,2015,"Wilmington, DE",8540433,13.2,ILG,9.3,,,0,0
2015229N10331,DANNY,2015,"Virgin Islands - St. Croix, VI",9751401,4.6,TISX,7.2,0.101,8,0.01,0
2015193N35285,CLAUDETTE,2015,"Wilmington, NC",8658120,6.4,ILM,6.8,0.708,,0,0
2015237N14315,ERIKA,2015,"Guaynabo, PR",9755371,12.8,TJIG,12.7,0.296,13.8,0,0
2015237N14315,ERIKA,2015,"San Juan, PR",9755371,6.5,TJIG,5,0.296,13.8,0,0
2015237N14315,ERIKA,2015,"Guayama, PR",9755968,9.9,TJPS,45.3,,,0,0
2015237N14315,ERIKA,2015,"Virgin Islands - St. Croix, VI",9751401,4.6,TISX,7.2,0.244,18.8,51.59,22.35
2015313N22289,KATE,2015,"Canaveral Port District, FL",8721604,18.1,TIX,7.2,0.782,5.9,0,0
2015313N22289,KATE,2015,"Morehead City, NC",8656483,6.2,MRH,7,0.646,10.5,10.17,5.08
2015313N22289,KATE,2015,"PortMiami, FL",8723214,36.4,TMB,7.4,0.375,6.1,0.01,0
2015313N22289,KATE,2015,"Port Everglades, FL",8722956,34.8,HWO,27.3,,,0.26,0.25
2015313N22289,KATE,2015,"Port of Palm Beach District, FL",8722670,46.4,F45,31.9,0.54,,,
2015313N22289,KATE,2015,"Wilmington, NC",8658120,6.4,ILM,6.8,0.785,,5.85,3.05
2016148N27288,BONNIE,2016,"Baltimore, MD",8574680,14.9,DMH,13.3,0.429,5.4,0,0
2016148N27288,BONNIE,2016,"Canaveral Port District, FL",8721604,18.1,TIX,7.2,0.701,7,0,0
2016148N27288,BONNIE,2016,"Jacksonville, FL",8720226,1.9,NIP,11.5,0.292,,20.33,13.97
2016148N27288,BONNIE,2016,"Manatee County Port, FL",8726384,27,SRQ,21.6,0.286,,0.01,0
2016148N27288,BONNIE,2016,"Morehead City, NC",8656483,6.2,MRH,7,0.799,8.4,61.25,9.91
2016148N27288,BONNIE,2016,"Philadelphia Regional Port, PA",8546252,8.8,PNE,4.1,1.266,,3.06,1.78
2016148N27288,BONNIE,2016,"Port Everglades, FL",8722956,34.8,HWO,27.3,,,16.26,15.24
2016148N27288,BONNIE,2016,"Port of Brunswick, GA",8679598,41.1,SSI,9.3,,,0,0
2016148N27288,BONNIE,2016,"Port of Charleston, SC",8665530,28.9,CHS,13.8,1.211,9.1,133.91,32.26
2016148N27288,BONNIE,2016,"Port of Palm Beach District, FL",8722670,46.4,F45,31.9,0.51,9.6,,
2016148N27288,BONNIE,2016,"Port of Savannah, GA",8670870,21.9,SAV,8.3,1.445,15.3,42.97,14.48
2016148N27288,BONNIE,2016,"Tampa Port Authority, FL",8726674,7.5,TPF,10.1,,,0,0
2016148N27288,BONNIE,2016,"South Jersey Port Corp, NJ",8545240,41.5,MIV,27.5,1.22,,0.01,0
2016148N27288,BONNIE,2016,"Virginia, VA, Port of",8638610,5.7,NGU,6.2,0.655,,46,26.16
2016148N27288,BONNIE,2016,"Wilmington, DE",8540433,13.2,ILG,9.3,,,4.08,1.78
2016148N27288,BONNIE,2016,"Wilmington, NC",8658120,6.4,ILM,6.8,0.884,,43.23,7.62
2016158N22272,COLIN,2016,"Baltimore, MD",8574680,14.9,DMH,13.3,0.436,13.1,0,0
2016158N22272,COLIN,2016,"Boston, MA",8443970,6.8,BOS,4.4,2.033,,3.82,3.05
2016158N22272,COLIN,2016,"Bridgeport, CT",8467150,1.6,DXR,31.3,1.429,9.1,5.34,2.54
2016158N22272,COLIN,2016,"Canaveral Port District, FL",8721604,18.1,TIX,7.2,0.979,13.9,0,0
2016158N22272,COLIN,2016,"Greater Lafourche Port, LA",8762075,24.3,GAO,12.9,0.379,,19.56,12.7
2016158N22272,COLIN,2016,"Jacksonville, FL",8720226,1.9,NIP,11.5,0.458,,72.17,17.02
2016158N22272,COLIN,2016,"Manatee County Port, FL",8726384,27,SRQ,21.6,0.723,,80.77,14.22
2016158N22272,COLIN,2016,"Mobile, AL",8736897,4.6,BFM,5.5,0.506,6.8,0.27,0.25
2016158N22272,COLIN,2016,"Morehead City, NC",8656483,6.2,MRH,7,0.766,12.3,46.74,8.64
2016158N22272,COLIN,2016,"New Orleans, LA",8761927,10.6,MSY,24.3,0.293,8.3,3.82,3.81
2016158N22272,COLIN,2016,"New Haven, CT",8465705,3.3,MMK,23.5,1.29,11.3,0.26,0.25
2016158N22272,COLIN,2016,"New York, NY & NJ",8518750,1.8,JRB,2.2,1.108,,,
2016158N22272,COLIN,2016,"Panama City Port Authority, FL",8729108,10.3,TDR,19.4,0.604,8.2,168.4,36.58
2016158N22272,COLIN,2016,"Philadelphia Regional Port, PA",8546252,8.8,PNE,4.1,1.268,,3.06,3.05
2016158N22272,COLIN,2016,"Plaquemines Port District, LA",8760721,31.2,MZM,60.9,0.314,7,,
2016158N22272,COLIN,2016,"Port Jefferson, NY",8467150,24.9,ISP,18.8,1.429,9.1,9.91,3.56
2016158N22272,COLIN,2016,"Port of Brunswick, GA",8679598,41.1,SSI,9.3,,,68.33,24.38
2016158N22272,COLIN,2016,"Port of Charleston, SC",8665530,28.9,CHS,13.8,1.142,6.7,11.95,4.83
2016158N22272,COLIN,2016,"Port of Gulfport, MS",8747437,26.8,GPT,1.5,0.621,7.3,0.01,0
2016158N22272,COLIN,2016,"Port of Palm Beach District, FL",8722670,46.4,F45,31.9,0.651,11.3,,
2016158N22272,COLIN,2016,"Port of Savannah, GA",8670870,21.9,SAV,8.3,1.44,8.1,11.44,4.06
2016158N22272,COLIN,2016,"Port of Pascagoula, MS",8741533,12.1,BIX,29.5,0.556,,1.54,1.02
2016158N22272,COLIN,2016,"Port of Providence, RI",8454000,1.2,PVD,9.2,1.148,11.4,0.77,0.76
2016158N22272,COLIN,2016,"South Jersey Port Corp, NJ",8545240,41.5,MIV,27.5,1.21,,1.03,0.76
2016158N22272,COLIN,2016,"Tampa Port Authority, FL",8726674,7.5,TPF,10.1,,,116.59,24.89
2016158N22272,COLIN,2016,"South Louisiana, LA, Port of",8762482,27.1,APS,10.4,0.121,3.4,0,0
2016158N22272,COLIN,2016,"Wilmington, DE",8540433,13.2,ILG,9.3,,,6.1,3.56
2016158N22272,COLIN,2016,"Virginia, VA, Port of",8638610,5.7,NGU,6.2,0.553,,10.17,3.3
2016158N22272,COLIN,2016,"Terrebonne Parish Port, LA",8764227,50.1,HUM,30.7,0.281,6,0,0
2016158N22272,COLIN,2016,"Wilmington, NC",8658120,6.4,ILM,6.8,0.838,,24.14,4.32
2016240N31295,UNNAMED,2016,"New York, NY & NJ",8518750,1.8,JRB,2.2,0.81,,5.59,2.29
2016240N31295,UNNAMED,2016,"Morehead City, NC",8656483,6.2,MRH,7,0.657,7,4.59,1.78
2016240N31295,UNNAMED,2016,"Philadelphia Regional Port, PA",8546252,8.8,PNE,4.1,1.089,,10.42,7.62
2016240N31295,UNNAMED,2016,"Port Jefferson, NY",8467150,24.9,ISP,18.8,1.227,6.2,10.68,4.32
2016240N31295,UNNAMED,2016,"Port of Charleston, SC",8665530,28.9,CHS,13.8,0.93,10.1,0.76,0.51
2016240N31295,UNNAMED,2016,"South Jersey Port Corp, NJ",8545240,41.5,MIV,27.5,1.034,,9.68,5.08
2016240N31295,UNNAMED,2016,"Wilmington, DE",8540433,13.2,ILG,9.3,,,7.38,2.54
2016240N31295,UNNAMED,2016,"Virginia, VA, Port of",8638610,5.7,NGU,6.2,0.332,,9.91,5.08
2016240N31295,UNNAMED,2016,"Wilmington, NC",8658120,6.4,ILM,6.8,0.642,,21.34,11.94
2016242N24279,HERMINE,2016,"Albany Port District, NY",8518979,34.5,SCH,23.8,,,0,0
2016242N24279,HERMINE,2016,"Boston, MA",8443970,6.8,BOS,4.4,1.533,,5.86,1.02
2016242N24279,HERMINE,2016,"Baltimore, MD",8574680,14.9,DMH,13.3,0.464,10.4,0,0
2016242N24279,HERMINE,2016,"Canaveral Port District, FL",8721604,18.1,TIX,7.2,0.809,16.1,0,0
2016242N24279,HERMINE,2016,"Bridgeport, CT",8467150,1.6,DXR,31.3,1.378,10.1,3.06,0.76
2016242N24279,HERMINE,2016,"Chattanooga, TN",8670870,525.3,CHA,5.6,1.223,18.2,0,0
2016242N24279,HERMINE,2016,"Greater Lafourche Port, LA",8762075,24.3,GAO,12.9,0.259,,0,0
2016242N24279,HERMINE,2016,"Guntersville, AL",8737138,433.2,8A1,3.6,0.267,,,
2016242N24279,HERMINE,2016,"Jacksonville, FL",8720226,1.9,NIP,11.5,0.345,,25.71,6.86
2016242N24279,HERMINE,2016,"Manatee County Port, FL",8726384,27,SRQ,21.6,0.843,,274.11,36.07
2016242N24279,HERMINE,2016,"Mobile, AL",8736897,4.6,BFM,5.5,0.312,7.9,0,0
2016242N24279,HERMINE,2016,"Morehead City, NC",8656483,6.2,MRH,7,0.857,13.4,142.25,24.89
2016242N24279,HERMINE,2016,"New Haven, CT",8465705,3.3,MMK,23.5,1.245,12.3,4.62,2.03
2016242N24279,HERMINE,2016,"New Orleans, LA",8761927,10.6,MSY,24.3,0.221,13.5,0,0
2016242N24279,HERMINE,2016,"New York, NY & NJ",8518750,1.8,JRB,2.2,0.95,,0,0
2016242N24279,HERMINE,2016,"Panama City Port Authority, FL",8729108,10.3,TDR,19.4,0.388,10.4,14.22,4.06
2016242N24279,HERMINE,2016,"Philadelphia Regional Port, PA",8546252,8.8,PNE,4.1,1.15,,0,0
2016242N24279,HERMINE,2016,"Plaquemines Port District, LA",8760721,31.2,MZM,60.9,0.351,8.3,,
2016242N24279,HERMINE,2016,"Port Everglades, FL",8722956,34.8,HWO,27.3,,,0,0
2016242N24279,HERMINE,2016,"Port of Brunswick, GA",8679598,41.1,SSI,9.3,,,64.28,20.57
2016242N24279,HERMINE,2016,"Port Jefferson, NY",8467150,24.9,ISP,18.8,1.396,10.1,15.52,2.79
2016242N24279,HERMINE,2016,"Port of Gulfport, MS",8747437,26.8,GPT,1.5,0.439,10.67,0,0
2016242N24279,HERMINE,2016,"Port of Charleston, SC",8665530,28.9,CHS,13.8,0.887,16.1,59.2,13.72
2016242N24279,HERMINE,2016,"Port of Palm Beach District, FL",8722670,46.4,F45,31.9,0.598,13.6,,
2016242N24279,HERMINE,2016,"Port of Pascagoula, MS",8741533,12.1,BIX,29.5,0.351,,0,0
2016242N24279,HERMINE,2016,"Port of Providence, RI",8454000,1.2,PVD,9.2,0.91,12.7,4.64,1.02
2016242N24279,HERMINE,2016,"Port of Savannah, GA",8670870,21.9,SAV,8.3,1.218,18.2,78.5,30.23
2016242N24279,HERMINE,2016,"PortMiami, FL",8723214,36.4,TMB,7.4,0.451,16.4,11.72,7.37
2016242N24279,HERMINE,2016,"Portland, ME",8418150,1.7,PWM,5.6,1.425,,1.82,1.02
2016242N24279,HERMINE,2016,"Portsmouth, NH",8419870,4.1,PSM,4,,,3.59,0.51
2016242N24279,HERMINE,2016,"South Jersey Port Corp, NJ",8545240,41.5,MIV,27.5,1.102,,0.77,0.76
2016242N24279,HERMINE,2016,"Searsport, ME",8413320,57.9,BGR,38,1.434,6.7,0,0
2016242N24279,HERMINE,2016,"Tampa Port Authority, FL",8726674,7.5,TPF,10.1,,,132.08,13.46
2016242N24279,HERMINE,2016,"Wilmington, DE",8540433,13.2,ILG,9.3,,,1.02,1.02
2016242N24279,HERMINE,2016,"Virginia, VA, Port of",8638610,5.7,NGU,6.2,1.288,,73.67,8.38
2016242N24279,HERMINE,2016,"Wilmington, NC",8658120,6.4,ILM,6.8,0.899,,199.65,26.16
2016257N27280,JULIA,2016,"Jacksonville, FL",8720226,1.9,NIP,11.5,0.387,,19.35,5.08
2016257N27280,JULIA,2016,"Baltimore, MD",8574680,14.9,DMH,13.3,0.232,5.8,0,0
2016257N27280,JULIA,2016,"Canaveral Port District, FL",8721604,18.1,TIX,7.2,0.945,13.1,0,0
2016257N27280,JULIA,2016,"Manatee County Port, FL",8726384,27,SRQ,21.6,0.398,,4.57,1.78
2016257N27280,JULIA,2016,"Panama City Port Authority, FL",8729108,10.3,TDR,19.4,0.232,7.7,7.11,6.35
2016257N27280,JULIA,2016,"Morehead City, NC",8656483,6.2,MRH,7,0.71,9.4,89.96,45.21
2016257N27280,JULIA,2016,"Port Everglades, FL",8722956,34.8,HWO,27.3,,,0.02,0
2016257N27280,JULIA,2016,"Port of Brunswick, GA",8679598,41.1,SSI,9.3,,,164.87,46.48
2016257N27280,JULIA,2016,"Port of Charleston, SC",8665530,28.9,CHS,13.8,1.132,12.4,193.12,38.86
2016257N27280,JULIA,2016,"Port of Palm Beach District, FL",8722670,46.4,F45,31.9,0.436,11.6,,
2016257N27280,JULIA,2016,"Port of Savannah, GA",8670870,21.9,SAV,8.3,1.441,14.3,8.16,2.29
2016257N27280,JULIA,2016,"PortMiami, FL",8723214,36.4,TMB,7.4,0.368,12,3.06,2.79
2016257N27280,JULIA,2016,"South Jersey Port Corp, NJ",8545240,41.5,MIV,27.5,0.872,,0.01,0
2016257N27280,JULIA,2016,"Tampa Port Authority, FL",8726674,7.5,TPF,10.1,,,0.25,0.25
2016257N27280,JULIA,2016,"Virginia, VA, Port of",8638610,5.7,NGU,6.2,0.559,,206.01,43.94
2016257N27280,JULIA,2016,"Wilmington, DE",8540433,13.2,ILG,9.3,,,0,0
2016257N27280,JULIA,2016,"Wilmington, NC",8658120,6.4,ILM,6.8,0.752,,57.94,16.76
2016273N13300,MATTHEW,2016,"Canaveral Port District, FL",8721604,18.1,TIX,7.2,0.802,22.4,0,0
2016273N13300,MATTHEW,2016,"Guaynabo, PR",9755371,12.8,TJIG,12.7,0.195,13.8,0,0
2016273N13300,MATTHEW,2016,"Jacksonville, FL",8720226,1.9,NIP,11.5,0.535,,136.94,27.43
2016273N13300,MATTHEW,2016,"Manatee County Port, FL",8726384,27,SRQ,21.6,0.272,,5.36,4.06
2016273N13300,MATTHEW,2016,"Morehead City, NC",8656483,6.2,MRH,7,0.826,20,32.79,13.46
2016273N13300,MATTHEW,2016,"Panama City Port Authority, FL",8729108,10.3,TDR,19.4,0.17,8.4,0,0
2016273N13300,MATTHEW,2016,"Port Everglades, FL",8722956,34.8,HWO,27.3,,,16.54,4.06
2016273N13300,MATTHEW,2016,"Port of Brunswick, GA",8679598,41.1,SSI,9.3,,,103.65,20.83
2016273N13300,MATTHEW,2016,"Port of Charleston, SC",8665530,28.9,CHS,13.8,1.516,19.1,265.95,32.26
2016273N13300,MATTHEW,2016,"Port of Palm Beach District, FL",8722670,46.4,F45,31.9,0.634,20.4,,
2016273N13300,MATTHEW,2016,"Port of Savannah, GA",8670870,21.9,SAV,8.3,2.212,26.4,291.86,34.8
2016273N13300,MATTHEW,2016,"PortMiami, FL",8723214,36.4,TMB,7.4,0.38,13,26.17,15.75
2016273N13300,MATTHEW,2016,"San Juan, PR",9755371,6.5,TJIG,5,0.195,13.8,0,0
2016273N13300,MATTHEW,2016,"Tampa Port Authority, FL",8726674,7.5,TPF,10.1,,,,
2016273N13300,MATTHEW,2016,"Virgin Islands - St. Croix, VI",9751401,4.6,TISX,7.2,0.102,,5.34,3.81
2016273N13300,MATTHEW,2016,"Virginia, VA, Port of",8638610,5.7,NGU,6.2,0.942,,256.04,32
2016273N13300,MATTHEW,2016,"Wilmington, NC",8658120,6.4,ILM,6.8,1.198,,144.8,33.02
2016273N13300,MATTHEW,2016,"Guayama, PR",9755968,9.9,TJPS,45.3,,,0,0
2017171N24271,CINDY,2017,"Baltimore, MD",8574680,14.9,DMH,13.3,0.454,8.02,3.3,3.3
2017171N24271,CINDY,2017,"Beaumont, TX",8770520,26.1,BMT,7.6,0.419,,0,0
2017171N24271,CINDY,2017,"Brownsville, TX",8779770,20.5,BRO,12.1,0.504,,0,0
2017171N24271,CINDY,2017,"Calhoun Port Authority, TX",8773259,7.7,PKV,14.3,0.398,9.8,0,0
2017171N24271,CINDY,2017,"Central Louisiana Regional, LA",8767816,126.9,AEX,15.3,0.816,,38.4,6.1
2017171N24271,CINDY,2017,"Chattanooga, TN",8670870,525.3,CHA,5.6,1.473,9,6.62,3.05
2017171N24271,CINDY,2017,"Alexandria-Cairo Port, IL",9087044,527.7,CIR,17.6,,8.2,17.02,6.86
2017171N24271,CINDY,2017,"America's Central Port, IL",9087044,390.3,ALN,11.1,,8.2,0,0
2017171N24271,CINDY,2017,"Cincinnati, OH",9063085,296.7,LUK,8.6,,8.9,61.48,24.13
2017171N24271,CINDY,2017,"Corpus Christi, TX",8775222,0.9,CRP,7.3,,,0,0
2017171N24271,CINDY,2017,"Cleveland-Cuyahoga Port, OH",9063063,11.9,BKL,13.3,,14,0.26,0.25
2017171N24271,CINDY,2017,"Galveston, TX",8771486,7.6,GLS,2.4,0.707,14.3,36.84,8.38
2017171N24271,CINDY,2017,"Greater Lafourche Port, LA",8762075,24.3,GAO,12.9,0.55,,62.99,9.91
2017171N24271,CINDY,2017,"Guntersville, AL",8737138,433.2,8A1,3.6,0.618,,,
2017171N24271,CINDY,2017,"Conneaut, OH",9063038,47.8,HZY,19.7,,12.1,0.52,0.25
2017171N24271,CINDY,2017,"Detroit-Wayne County Port, MI",9044030,13.1,DTW,8.3,,,0,0
2017171N24271,CINDY,2017,"Havana Regional Port, IL",9087044,262.9,PIA,51.4,,8.2,7.12,6.86
2017171N24271,CINDY,2017,"Helena-West Helena Port, AR",8747437,478,CKM,34,0.862,13.2,49.02,16.76
2017171N24271,CINDY,2017,"Heart of Illinois Port, IL",9087044,221.2,PIA,7.4,,8.2,7.12,6.86
2017171N24271,CINDY,2017,"Heartland Port Authority, MO",9087044,507,JEF,18.6,,8.2,0.26,0.25
2017171N24271,CINDY,2017,"Houston Port Authority, TX",8770777,19,MCJ,16,0.464,7.3,6.35,1.78
2017171N24271,CINDY,2017,"Henderson County Riverport, KY",9087044,437.5,EHR,10,,8.2,7.38,6.86
2017171N24271,CINDY,2017,"Hickman-Fulton County Port, KY",9087044,591.7,UCY,24.2,,8.2,26.42,7.87
2017171N24271,CINDY,2017,"Jackson-Union Port District, IL",9087044,478.1,MDH,15.4,,8.2,20.33,8.38
2017171N24271,CINDY,2017,"Lake Charles Harbor District, LA",8768094,19.6,LCH,21.8,0.837,21.8,70.9,31.75
2017171N24271,CINDY,2017,"Lake Providence Port, LA",8761927,319.1,TVR,46.9,0.87,11.9,21.62,8.38
2017171N24271,CINDY,2017,"Jefferson County Port, MO",9087044,462.5,SUS,45.2,,8.2,0,0
2017171N24271,CINDY,2017,"Kaskaskia Regional Port, IL",9087044,440.9,SAR,22.3,,8.2,3.56,2.54
2017171N24271,CINDY,2017,"Louisville-Jefferson Port, KY",9087044,425.2,LOU,4.5,,8.2,26.93,11.68
2017171N24271,CINDY,2017,"Marblehead, OH",9063079,2.3,PCW,11.9,,9.68,0,0
2017171N24271,CINDY,2017,"Memphis-Shelby County Port, TN",8737138,519.7,2M8,9.7,0.928,,,
2017171N24271,CINDY,2017,"Marine City, MI",9014070,10.5,PHN,22.1,,,0,0
2017171N24271,CINDY,2017,"Massac-Metropolis Port, IL",9087044,511.8,M30,5.1,,8.2,57.66,22.1
2017171N24271,CINDY,2017,"Morehead City, NC",8656483,6.2,MRH,7,0.788,8.7,0,0
2017171N24271,CINDY,2017,"Nashville, TN",8737138,610.7,JWN,9.2,0.618,,7.37,5.59
2017171N24271,CINDY,2017,"Mid-America Port, IA, IL and MO",9087044,359,EOK,26.5,,8.2,8.13,5.33
2017171N24271,CINDY,2017,"Monroe, MI",9063090,20.1,TTF,5.3,,,0,0
2017171N24271,CINDY,2017,"New Orleans, LA",8761927,10.6,MSY,24.3,0.884,19.7,106.98,12.7
2017171N24271,CINDY,2017,"New York, NY & NJ",8518750,1.8,JRB,2.2,1.135,,,
2017171N24271,CINDY,2017,"New Bourbon Port Authority, MO",9087044,485.1,PCD,14.9,,8.2,,
2017171N24271,CINDY,2017,"Orange County Nav District, TX",8770520,16.2,ORG,10.8,0.419,,45.47,11.18
2017171N24271,CINDY,2017,"New Madrid County Port, MO",9087044,599.3,MAW,30.4,,8.2,11.18,7.37
2017171N24271,CINDY,2017,"Northern Indiana District, IN",9087044,46.2,VPZ,7.9,,8.2,14.49,13.46
2017171N24271,CINDY,2017,"Pemiscot County Port, MO",8737138,624.2,TKX,22.6,0.605,,56.13,21.84
2017171N24271,CINDY,2017,"Philadelphia Regional Port, PA",8546252,8.8,PNE,4.1,1.327,,32.26,25.65
2017171N24271,CINDY,2017,"Owensboro Riverport, KY",9087044,443.3,OWB,4.8,,8.2,11.44,3.81
2017171N24271,CINDY,2017,"Plaquemines Port District, LA",8760721,31.2,MZM,60.9,0.385,17.6,,
2017171N24271,CINDY,2017,"Port Arthur, TX",8770475,3.4,BPT,10.9,0.452,12.8,12.7,4.32
2017171N24271,CINDY,2017,"Port Freeport, TX",8772471,29.7,LBX,4.5,0.764,,11.71,7.11
2017171N24271,CINDY,2017,"Port of Greater Baton Rouge, LA",8764044,87.2,BTR,17.6,0.325,12.9,53.9,16
2017171N24271,CINDY,2017,"Port of Greenville, MS",8747437,377.1,GLH,12.5,0.862,13.2,21.12,7.62
2017171N24271,CINDY,2017,"Port of Gulfport, MS",8747437,26.8,GPT,1.5,1.012,18.4,201.18,33.53
2017171N24271,CINDY,2017,"Port of Harlingen Authority, TX",8779280,24.3,HRL,13.7,,12.7,0,0
2017171N24271,CINDY,2017,"Port of Iberia District, LA",8764227,53.1,ARA,34.9,1,11.4,8.89,5.08
2017171N24271,CINDY,2017,"Port of Pascagoula, MS",8741533,12.1,BIX,29.5,0.777,,218.19,22.1
2017171N24271,CINDY,2017,"Port of Rosedale, MS",8747437,412.7,RNV,12,0.862,13.2,0,0
2017171N24271,CINDY,2017,"Port of Vicksburg, MS",8747437,268.4,VKS,15,0.862,13.2,0,0
2017171N24271,CINDY,2017,"Sabine Pass Port Authority, TX",8770475,25.1,BPT,28.3,0.452,12.8,12.7,4.32
2017171N24271,CINDY,2017,"Paducah-McCracken Riverport, KY",9087044,529.9,PAH,5.6,,8.2,39.37,15.24
2017171N24271,CINDY,2017,"Pittsburgh, PA Port of",9063053,184.9,AGC,16.3,,15.8,7.37,1.78
2017171N24271,CINDY,2017,"South Jersey Port Corp, NJ",8545240,41.5,MIV,27.5,1.257,,5.34,5.33
2017171N24271,CINDY,2017,"South Louisiana, LA, Port of",8762482,27.1,APS,10.4,0.282,10.8,27.18,1.27
2017171N24271,CINDY,2017,"Sandusky, OH",9063079,9.8,PCW,14.5,,9.68,0,0
2017171N24271,CINDY,2017,"Shawneetown Regional Port, IL",9087044,452.8,TWT,28,,8.2,,
2017171N24271,CINDY,2017,"Southeast Missouri Port, MO",9087044,530,SIK,38.8,,8.2,0,0
2017171N24271,CINDY,2017,"Southern Indiana District, IN",9087044,389.4,FRH,29.6,,8.2,,
2017171N24271,CINDY,2017,"Southwest Regional Port, IL",9087044,415.5,CPS,0.7,,8.2,0.25,0.25
2017171N24271,CINDY,2017,"Terrebonne Parish Port, LA",8764227,50.1,HUM,30.7,1,11.4,0,0
2017171N24271,CINDY,2017,"Texas City, TX",8771013,4.3,GLS,20.6,0.602,11,36.84,8.38
2017171N24271,CINDY,2017,"St. Louis City Port, MO",9087044,410.3,CPS,10.3,,8.2,0.25,0.25
2017171N24271,CINDY,2017,"Tulsa-Rogers County Port, OK",8767816,714.7,GCM,17.7,0.817,,0,0
2017171N24271,CINDY,2017,"Victoria, TX",8773259,39.3,VCT,8.2,0.398,9.8,0.02,0
2017171N24271,CINDY,2017,"Virginia, VA, Port of",8638610,5.7,NGU,6.2,0.553,,0,0
2017171N24271,CINDY,2017,"West St. Mary Parish Port, LA",8764044,31.9,PTN,22.3,0.324,12.9,50.85,8.89
2017171N24271,CINDY,2017,"Wilmington, DE",8540433,13.2,ILG,9.3,1.245,,19.81,17.78
2017212N28275,EMILY,2017,"Canaveral Port District, FL",8721604,18.1,TIX,7.2,0.737,12.3,0,0
2017212N28275,EMILY,2017,"Greater Lafourche Port, LA",8762075,24.3,GAO,12.9,0.074,,0,0
2017212N28275,EMILY,2017,"Jacksonville, FL",8720226,1.9,NIP,11.5,0.419,,116.13,36.58
2017212N28275,EMILY,2017,"Manatee County Port, FL",8726384,27,SRQ,21.6,0.323,,111.78,10.67
2017212N28275,EMILY,2017,"Mobile, AL",8736897,4.6,BFM,5.5,0.183,7.2,0,0
2017212N28275,EMILY,2017,"Morehead City, NC",8656483,6.2,MRH,7,0.505,4.5,0,0
2017212N28275,EMILY,2017,"New Orleans, LA",8761927,10.6,MSY,24.3,-0.074,9.1,0,0
2017212N28275,EMILY,2017,"Panama City Port Authority, FL",8729108,10.3,TDR,19.4,0.11,7,5.33,5.08
2017212N28275,EMILY,2017,"Plaquemines Port District, LA",8760721,31.2,MZM,60.9,0.09,7.4,,
2017212N28275,EMILY,2017,"Port Everglades, FL",8722956,34.8,HWO,27.3,,,7.4,1.78
2017212N28275,EMILY,2017,"Port of Brunswick, GA",8679598,41.1,SSI,9.3,,,5.1,1.78
2017171N24271,CINDY,2017,"St. Louis County, MO",9087044,422.9,SUS,18.5,,8.2,0,0
2017212N28275,EMILY,2017,"Port of Charleston, SC",8665530,28.9,CHS,13.8,0.882,8.6,0,0
2017212N28275,EMILY,2017,"Port of Gulfport, MS",8747437,26.8,GPT,1.5,0.103,8.9,0,0
2017212N28275,EMILY,2017,"Port of Palm Beach District, FL",8722670,46.4,F45,31.9,0.475,10.7,,
2017212N28275,EMILY,2017,"Port of Pascagoula, MS",8741533,12.1,BIX,29.5,0.21,,0,0
2017212N28275,EMILY,2017,"Port of Savannah, GA",8670870,21.9,SAV,8.3,1.119,7.7,0,0
2017212N28275,EMILY,2017,"PortMiami, FL",8723214,36.4,TMB,7.4,0.33,11,0,0
2017212N28275,EMILY,2017,"Tampa Port Authority, FL",8726674,7.5,TPF,10.1,,,65.02,18.54
2017212N28275,EMILY,2017,"Wilmington, NC",8658120,6.4,ILM,6.8,0.641,,0,0
2017224N22293,GERT,2017,"Guaynabo, PR",9755371,12.8,TJIG,12.7,0.263,9.5,0,0
2017224N22293,GERT,2017,"Morehead City, NC",8656483,6.2,MRH,7,0.625,6.6,0,0
2017224N22293,GERT,2017,"San Juan, PR",9755371,6.5,TJIG,5,0.263,9.5,0,0
2017171N24271,CINDY,2017,"Toledo-Lucas County Port, OH",9063085,1.1,TDZ,13.5,,8.9,0,0
2017224N22293,GERT,2017,"Guayama, PR",9755968,9.9,TJPS,45.3,,,0,0
2017228N14314,HARVEY,2017,"Beaumont, TX",8770520,26.1,BMT,7.6,0.888,,0,0
2017228N14314,HARVEY,2017,"Brownsville, TX",8779770,20.5,BRO,12.1,0.467,,4.11,1.78
2017228N14314,HARVEY,2017,"Calhoun Port Authority, TX",8773259,7.7,PKV,14.3,2.032,27.2,64.01,11.68
2017228N14314,HARVEY,2017,"Central Louisiana Regional, LA",8767816,126.9,AEX,15.3,0.819,,161.08,13.72
2017228N14314,HARVEY,2017,"Chattanooga, TN",8670870,525.3,CHA,5.6,0.804,9.4,23.91,5.84
2017228N14314,HARVEY,2017,"Alexandria-Cairo Port, IL",9087044,527.7,CIR,17.6,,10.3,14.22,4.83
2017228N14314,HARVEY,2017,"America's Central Port, IL",9087044,390.3,ALN,11.1,,10.3,0,0
2017228N14314,HARVEY,2017,"Corpus Christi, TX",8775222,0.9,CRP,7.3,,,73.76,8.38
2017228N14314,HARVEY,2017,"Cincinnati, OH",9063085,296.7,LUK,8.6,,10.8,32.79,5.33
2017228N14314,HARVEY,2017,"Galveston, TX",8771486,7.6,GLS,2.4,0.813,19.7,587.28,42.16
2017228N14314,HARVEY,2017,"Greater Lafourche Port, LA",8762075,24.3,GAO,12.9,0.345,,67.82,20.32
2017228N14314,HARVEY,2017,"Cleveland-Cuyahoga Port, OH",9063063,11.9,BKL,13.3,,9.2,0.27,0.25
2017228N14314,HARVEY,2017,"Guntersville, AL",8737138,433.2,8A1,3.6,0.584,,,
2017228N14314,HARVEY,2017,"Helena-West Helena Port, AR",8747437,478,CKM,34,0.557,11.4,6.1,0.76
2017228N14314,HARVEY,2017,"Guayama, PR",9755968,9.9,TJPS,45.3,,,0,0
2017228N14314,HARVEY,2017,"Detroit-Wayne County Port, MI",9044030,13.1,DTW,8.3,,,0,0
2017228N14314,HARVEY,2017,"Henderson County Riverport, KY",9087044,437.5,EHR,10,,10.3,28.72,4.32
2017228N14314,HARVEY,2017,"Houston Port Authority, TX",8770777,19,MCJ,16,3.238,12.3,,
2017228N14314,HARVEY,2017,"Hickman-Fulton County Port, KY",9087044,591.7,UCY,24.2,,10.3,56.13,7.37
2017228N14314,HARVEY,2017,"Illinois International Port, IL",9087044,17.3,ORD,24.3,,7,0,0
2017228N14314,HARVEY,2017,"Jackson-Union Port District, IL",9087044,478.1,MDH,15.4,,10.3,0,0
2017228N14314,HARVEY,2017,"Jefferson County Port, MO",9087044,462.5,SUS,45.2,,10.3,0,0
2017228N14314,HARVEY,2017,"Lake Charles Harbor District, LA",8768094,19.6,LCH,21.8,0.823,16.9,272.66,31.24
2017228N14314,HARVEY,2017,"Lake Providence Port, LA",8761927,319.1,TVR,46.9,0.473,11.2,65.05,9.65
2017228N14314,HARVEY,2017,"Joliet Regional Port, IL",9087044,53.2,JOT,5,,7,0,0
2017228N14314,HARVEY,2017,"Kaskaskia Regional Port, IL",9087044,440.9,SAR,22.3,,10.3,0,0
2017228N14314,HARVEY,2017,"Louisville-Jefferson Port, KY",9087044,425.2,LOU,4.5,,10.3,91.96,9.91
2017228N14314,HARVEY,2017,"Memphis-Shelby County Port, TN",8737138,519.7,2M8,9.7,0.584,,,
2017228N14314,HARVEY,2017,"Mobile, AL",8736897,4.6,BFM,5.5,0.733,10,98.57,31.5
2017228N14314,HARVEY,2017,"Marblehead, OH",9063079,2.3,PCW,11.9,,10.1,,
2017228N14314,HARVEY,2017,"Nashville, TN",8737138,610.7,JWN,9.2,0.584,,139.95,29.46
2017228N14314,HARVEY,2017,"Massac-Metropolis Port, IL",9087044,511.8,M30,5.1,,10.3,28.96,4.57
2017228N14314,HARVEY,2017,"Monroe, MI",9063090,20.1,TTF,5.3,,,0,0
2017228N14314,HARVEY,2017,"New Orleans, LA",8761927,10.6,MSY,24.3,0.488,12.7,104.93,22.86
2017228N14314,HARVEY,2017,"New Bourbon Port Authority, MO",9087044,485.1,PCD,14.9,,10.3,0,0
2017228N14314,HARVEY,2017,"Orange County Nav District, TX",8770520,16.2,ORG,10.8,0.888,,873.76,68.33
2017228N14314,HARVEY,2017,"New Madrid County Port, MO",9087044,599.3,MAW,30.4,,10.3,10.67,4.32
2017228N14314,HARVEY,2017,"Northern Indiana District, IN",9087044,46.2,VPZ,7.9,,7,0,0
2017228N14314,HARVEY,2017,"Pemiscot County Port, MO",8737138,624.2,TKX,22.6,0.584,,67.06,14.48
2017228N14314,HARVEY,2017,"Owensboro Riverport, KY",9087044,443.3,OWB,4.8,,10.3,43.45,4.83
2017228N14314,HARVEY,2017,"Plaquemines Port District, LA",8760721,31.2,MZM,60.9,0.306,17.1,,
2017228N14314,HARVEY,2017,"Port Arthur, TX",8770475,3.4,BPT,10.9,0.325,13.6,1208.09,98.3
2017228N14314,HARVEY,2017,"Port Freeport, TX",8772471,29.7,LBX,4.5,0.898,,470.2,43.69
2017228N14314,HARVEY,2017,"Port of Greater Baton Rouge, LA",8764044,87.2,BTR,17.6,0.666,12.8,77.8,9.14
2017228N14314,HARVEY,2017,"Port of Greenville, MS",8747437,377.1,GLH,12.5,0.557,11.4,42.46,4.57
2017228N14314,HARVEY,2017,"Port of Gulfport, MS",8747437,26.8,GPT,1.5,0.557,11.4,28.46,16.51
2017228N14314,HARVEY,2017,"Port of Harlingen Authority, TX",8779280,24.3,HRL,13.7,,14.8,9.17,2.79
2017228N14314,HARVEY,2017,"Port of Iberia District, LA",8764227,53.1,ARA,34.9,0.95,9.2,174.56,38.1
2017228N14314,HARVEY,2017,"Port of Pascagoula, MS",8741533,12.1,BIX,29.5,0.547,,29.98,23.88
2017228N14314,HARVEY,2017,"Port of Rosedale, MS",8747437,412.7,RNV,12,0.557,11.4,0,0
2017228N14314,HARVEY,2017,"Port of Vicksburg, MS",8747437,268.4,VKS,15,0.557,11.4,0,0
2017228N14314,HARVEY,2017,"Sabine Pass Port Authority, TX",8770475,25.1,BPT,28.3,0.325,13.6,1208.09,98.3
2017228N14314,HARVEY,2017,"Paducah-McCracken Riverport, KY",9087044,529.9,PAH,5.6,,10.3,36.58,4.57
2017228N14314,HARVEY,2017,"Pittsburgh, PA Port of",9063053,184.9,AGC,16.3,,12.5,8.89,3.3
2017228N14314,HARVEY,2017,"South Louisiana, LA, Port of",8762482,27.1,APS,10.4,0.328,8.1,3.81,0.25
2017228N14314,HARVEY,2017,"Sandusky, OH",9063079,9.8,PCW,14.5,,10.1,,
2017228N14314,HARVEY,2017,"Shawneetown Regional Port, IL",9087044,452.8,TWT,28,,10.3,,
2017228N14314,HARVEY,2017,"Southeast Missouri Port, MO",9087044,530,SIK,38.8,,10.3,0,0
2017228N14314,HARVEY,2017,"Southern Indiana District, IN",9087044,389.4,FRH,29.6,,10.3,,
2017228N14314,HARVEY,2017,"Southwest Regional Port, IL",9087044,415.5,CPS,0.7,,10.3,0,0
2017228N14314,HARVEY,2017,"Terrebonne Parish Port, LA",8764227,50.1,HUM,30.7,0.95,9.2,0,0
2017228N14314,HARVEY,2017,"Texas City, TX",8771013,4.3,GLS,20.6,0.974,18.6,587.28,42.16
2017228N14314,HARVEY,2017,"St. Louis City Port, MO",9087044,410.3,CPS,10.3,,10.3,0,0
2017228N14314,HARVEY,2017,"Victoria, TX",8773259,39.3,VCT,8.2,2.035,27.2,132.35,27.43
2017228N14314,HARVEY,2017,"Virgin Islands - St. Croix, VI",9751401,4.6,TISX,7.2,0.185,5.8,2.05,0.76
2017228N14314,HARVEY,2017,"West St. Mary Parish Port, LA",8764044,31.9,PTN,22.3,0.659,12.8,49.86,12.45
2017240N31279,UNNAMED,2017,"Baltimore, MD",8574680,14.9,DMH,13.3,0.394,6.83,15.75,1.78
2017240N31279,UNNAMED,2017,"Canaveral Port District, FL",8721604,18.1,TIX,7.2,0.641,11.6,0,0
2017240N31279,UNNAMED,2017,"Jacksonville, FL",8720226,1.9,NIP,11.5,0.391,,16.82,3.81
2017240N31279,UNNAMED,2017,"Manatee County Port, FL",8726384,27,SRQ,21.6,0.321,,279.93,45.72
2017240N31279,UNNAMED,2017,"Morehead City, NC",8656483,6.2,MRH,7,0.592,8.7,73.93,16.51
2017228N14314,HARVEY,2017,"St. Louis County, MO",9087044,422.9,SUS,18.5,,10.3,0,0
2017240N31279,UNNAMED,2017,"Panama City Port Authority, FL",8729108,10.3,TDR,19.4,0.088,9.6,0,0
2017240N31279,UNNAMED,2017,"Port of Brunswick, GA",8679598,41.1,SSI,9.3,,,21.12,5.59
2017240N31279,UNNAMED,2017,"Port of Charleston, SC",8665530,28.9,CHS,13.8,0.984,13.9,41.95,20.07
2017240N31279,UNNAMED,2017,"Port of Palm Beach District, FL",8722670,46.4,F45,31.9,0.426,12.4,,
2017240N31279,UNNAMED,2017,"Port of Savannah, GA",8670870,21.9,SAV,8.3,1.277,15.8,2.84,2.29
2017240N31279,UNNAMED,2017,"South Jersey Port Corp, NJ",8545240,41.5,MIV,27.5,0.942,,15.26,3.3
2017240N31279,UNNAMED,2017,"Tampa Port Authority, FL",8726674,7.5,TPF,10.1,,,79.5,25.4
2017240N31279,UNNAMED,2017,"Virginia, VA, Port of",8638610,5.7,NGU,6.2,0.872,,77.72,11.43
2017240N31279,UNNAMED,2017,"Wilmington, DE",8540433,13.2,ILG,9.3,0.901,,19.3,2.79
2017240N31279,UNNAMED,2017,"Wilmington, NC",8658120,6.4,ILM,6.8,0.605,,30.49,11.18
2017228N14314,HARVEY,2017,"Toledo-Lucas County Port, OH",9063085,1.1,TDZ,13.5,,8.5,0,0
2017242N16333,IRMA,2017,"Canaveral Port District, FL",8721604,18.1,TIX,7.2,1.641,22.9,0,0
2017242N16333,IRMA,2017,"Chattanooga, TN",8670870,525.3,CHA,5.6,2.233,21.4,52.12,6.86
2017242N16333,IRMA,2017,"Alexandria-Cairo Port, IL",9087044,527.7,CIR,17.6,,5.8,4.32,1.27
2017242N16333,IRMA,2017,"Guaynabo, PR",9755371,12.8,TJIG,12.7,0.542,24.9,0,0
2017242N16333,IRMA,2017,"Guntersville, AL",8737138,433.2,8A1,3.6,0.163,,,
2017242N16333,IRMA,2017,"America's Central Port, IL",9087044,390.3,ALN,11.1,,5.8,1.78,1.52
2017242N16333,IRMA,2017,"Guayama, PR",9755968,9.9,TJPS,45.3,,,0,0
2017242N16333,IRMA,2017,"Havana Regional Port, IL",9087044,262.9,PIA,51.4,,4.4,1.27,0.76
2017242N16333,IRMA,2017,"Helena-West Helena Port, AR",8747437,478,CKM,34,0.156,7.6,2.29,0.51
2017242N16333,IRMA,2017,"Heart of Illinois Port, IL",9087044,221.2,PIA,7.4,,4.4,1.27,0.76
2017242N16333,IRMA,2017,"Heartland Port Authority, MO",9087044,507,JEF,18.6,,4.4,0,0
2017242N16333,IRMA,2017,"Henderson County Riverport, KY",9087044,437.5,EHR,10,,5.8,19.07,2.79
2017242N16333,IRMA,2017,"Jacksonville, FL",8720226,1.9,NIP,11.5,1.395,,211.12,22.61
2017242N16333,IRMA,2017,"Hickman-Fulton County Port, KY",9087044,591.7,UCY,24.2,,5.8,16,2.79
2017242N16333,IRMA,2017,"Jackson-Union Port District, IL",9087044,478.1,MDH,15.4,,5.8,3.83,1.27
2017242N16333,IRMA,2017,"Lake Providence Port, LA",8761927,319.1,TVR,46.9,0.134,8.4,5.1,1.27
2017242N16333,IRMA,2017,"Jefferson County Port, MO",9087044,462.5,SUS,45.2,,5.8,0.02,0
2017242N16333,IRMA,2017,"Manatee County Port, FL",8726384,27,SRQ,21.6,0.447,,148.35,28.96
2017242N16333,IRMA,2017,"Kaskaskia Regional Port, IL",9087044,440.9,SAR,22.3,,5.8,0.76,0.51
2017242N16333,IRMA,2017,"Memphis-Shelby County Port, TN",8737138,519.7,2M8,9.7,0.179,,,
2017242N16333,IRMA,2017,"Louisville-Jefferson Port, KY",9087044,425.2,LOU,4.5,,5.8,15.27,2.54
2017242N16333,IRMA,2017,"Mobile, AL",8736897,4.6,BFM,5.5,-0.057,10.3,0.01,0
2017242N16333,IRMA,2017,"Nashville, TN",8737138,610.7,JWN,9.2,0.179,,19.81,6.1
2017242N16333,IRMA,2017,"Massac-Metropolis Port, IL",9087044,511.8,M30,5.1,,5.8,0.76,0.25
2017242N16333,IRMA,2017,"Mid-America Port, IA, IL and MO",9087044,359,EOK,26.5,,4.4,0,0
2017242N16333,IRMA,2017,"New Bourbon Port Authority, MO",9087044,485.1,PCD,14.9,,5.8,0,0
2017242N16333,IRMA,2017,"New Madrid County Port, MO",9087044,599.3,MAW,30.4,,5.8,0,0
2017242N16333,IRMA,2017,"Panama City Port Authority, FL",8729108,10.3,TDR,19.4,0.112,13,18.03,5.84
2017242N16333,IRMA,2017,"Pemiscot County Port, MO",8737138,624.2,TKX,22.6,0.179,,6.1,1.52
2017242N16333,IRMA,2017,"Port Everglades, FL",8722956,34.8,HWO,27.3,,,104.92,14.73
2017242N16333,IRMA,2017,"Port of Brunswick, GA",8679598,41.1,SSI,9.3,,,60.71,16.76
2017242N16333,IRMA,2017,"Port of Charleston, SC",8665530,28.9,CHS,13.8,1.804,21.5,140.49,30.99
2017242N16333,IRMA,2017,"Port of Greenville, MS",8747437,377.1,GLH,12.5,0.156,7.6,0.78,0.51
2017242N16333,IRMA,2017,"Port of Gulfport, MS",8747437,26.8,GPT,1.5,-0.232,7.6,0,0
2017242N16333,IRMA,2017,"Port of Palm Beach District, FL",8722670,46.4,F45,31.9,0.864,28.2,,
2017242N16333,IRMA,2017,"Port of Pascagoula, MS",8741533,12.1,BIX,29.5,0.134,,0,0
2017242N16333,IRMA,2017,"Port of Rosedale, MS",8747437,412.7,RNV,12,0.156,7.6,0,0
2017242N16333,IRMA,2017,"Port of Savannah, GA",8670870,21.9,SAV,8.3,2.233,21.4,120.92,45.72
2017242N16333,IRMA,2017,"Port of Vicksburg, MS",8747437,268.4,VKS,15,0.156,7.6,0,0
2017242N16333,IRMA,2017,"PortMiami, FL",8723214,36.4,TMB,7.4,1.262,23.7,109.99,14.99
2017242N16333,IRMA,2017,"San Juan, PR",9755371,6.5,TJIG,5,0.542,24.9,0,0
2017242N16333,IRMA,2017,"Owensboro Riverport, KY",9087044,443.3,OWB,4.8,,5.8,23.65,4.83
2017242N16333,IRMA,2017,"Paducah-McCracken Riverport, KY",9087044,529.9,PAH,5.6,,5.8,16.8,4.83
2017242N16333,IRMA,2017,"Shawneetown Regional Port, IL",9087044,452.8,TWT,28,,5.8,,
2017242N16333,IRMA,2017,"Southeast Missouri Port, MO",9087044,530,SIK,38.8,,5.8,0,0
2017242N16333,IRMA,2017,"Southern Indiana District, IN",9087044,389.4,FRH,29.6,,5.8,,
2017242N16333,IRMA,2017,"Southwest Regional Port, IL",9087044,415.5,CPS,0.7,,5.8,0.25,0.25
2017242N16333,IRMA,2017,"Tampa Port Authority, FL",8726674,7.5,TPF,10.1,,,118.36,17.78
2017242N16333,IRMA,2017,"Virgin Islands - St. Croix, VI",9751401,4.6,TISX,7.2,0.158,21.4,28.71,6.1
2017247N09327,JOSE,2017,"Albany Port District, NY",8518979,34.5,SCH,23.8,,,0,0
2017247N09327,JOSE,2017,"Boston, MA",8443970,6.8,BOS,4.4,1.911,,12.26,2.29
2017247N09327,JOSE,2017,"Bridgeport, CT",8467150,1.6,DXR,31.3,1.493,9.5,6.35,2.54
2017242N16333,IRMA,2017,"St. Louis City Port, MO",9087044,410.3,CPS,10.3,,5.8,0.25,0.25
2017247N09327,JOSE,2017,"Guaynabo, PR",9755371,12.8,TJIG,12.7,0.244,10,0,0
2017247N09327,JOSE,2017,"Morehead City, NC",8656483,6.2,MRH,7,0.72,9.1,0,0
2017247N09327,JOSE,2017,"New Haven, CT",8465705,3.3,MMK,23.5,1.337,12.6,0.27,0.25
2017247N09327,JOSE,2017,"New York, NY & NJ",8518750,1.8,JRB,2.2,1.122,,8.39,1.52
2017247N09327,JOSE,2017,"Philadelphia Regional Port, PA",8546252,8.8,PNE,4.1,1.283,,0.77,0.76
2017247N09327,JOSE,2017,"Port Jefferson, NY",8467150,24.9,ISP,18.8,1.493,9.5,18.07,6.35
2017247N09327,JOSE,2017,"Port of Providence, RI",8454000,1.2,PVD,9.2,1.046,15.07,11.01,4.83
2017247N09327,JOSE,2017,"Portland, ME",8418150,1.7,PWM,5.6,1.783,,0.01,0
2017247N09327,JOSE,2017,"Portsmouth, NH",8419870,4.1,PSM,4,,,0.53,0.25
2017247N09327,JOSE,2017,"San Juan, PR",9755371,6.5,TJIG,5,0.244,10,0,0
2017247N09327,JOSE,2017,"South Jersey Port Corp, NJ",8545240,41.5,MIV,27.5,1.228,,6.87,3.05
2017247N09327,JOSE,2017,"Virgin Islands - St. Croix, VI",9751401,4.6,TISX,7.2,0.086,6.7,0.52,0.51
2017247N09327,JOSE,2017,"Virginia, VA, Port of",8638610,5.7,NGU,6.2,0.777,,3.31,1.78
2017247N09327,JOSE,2017,"Wilmington, DE",8540433,13.2,ILG,9.3,1.116,,1.28,0.76
2017242N16333,IRMA,2017,"St. Louis County, MO",9087044,422.9,SUS,18.5,,5.8,0.02,0
2017249N22263,KATIA,2017,"Port of Harlingen Authority, TX",8779280,24.3,HRL,13.7,,11.9,2.04,1.02
2017249N22263,KATIA,2017,"Brownsville, TX",8779770,20.5,BRO,12.1,0.146,,18.81,13.72
2017260N12310,MARIA,2017,"Baltimore, MD",8574680,14.9,DMH,13.3,0.205,10,0,0
2017260N12310,MARIA,2017,"Guaynabo, PR",9755371,12.8,TJIG,12.7,0.953,21.5,0,0
2017260N12310,MARIA,2017,"Morehead City, NC",8656483,6.2,MRH,7,0.666,15,1.05,0.76
2017260N12310,MARIA,2017,"New York, NY & NJ",8518750,1.8,JRB,2.2,0.533,,1.52,0.51
2017260N12310,MARIA,2017,"Philadelphia Regional Port, PA",8546252,8.8,PNE,4.1,0.93,,0,0
2017260N12310,MARIA,2017,"Port Jefferson, NY",8467150,24.9,ISP,18.8,0.839,8,0,0
2017260N12310,MARIA,2017,"San Juan, PR",9755371,6.5,TJIG,5,0.953,21.5,0,0
2017260N12310,MARIA,2017,"South Jersey Port Corp, NJ",8545240,41.5,MIV,27.5,0.872,,0,0
2017260N12310,MARIA,2017,"Virgin Islands - St. Croix, VI",9751401,4.6,TISX,7.2,0.831,29.5,103.13,19.81
2017260N12310,MARIA,2017,"Virginia, VA, Port of",8638610,5.7,NGU,6.2,0.58,,5.34,2.29
2017260N12310,MARIA,2017,"Wilmington, DE",8540433,13.2,ILG,9.3,0.813,,0,0
2017260N12310,MARIA,2017,"Wilmington, NC",8658120,6.4,ILM,6.8,0.618,,0,0
2017277N11279,NATE,2017,"Albany Port District, NY",8518979,34.5,SCH,23.8,,,0,0
2017247N09327,JOSE,2017,"Guayama, PR",9755968,9.9,TJPS,45.3,,,0,0
2017260N12310,MARIA,2017,"Guayama, PR",9755968,9.9,TJPS,45.3,,,0,0
2017277N11279,NATE,2017,"Alexandria-Cairo Port, IL",9087044,527.7,CIR,17.6,,8.1,10.92,6.35
2017277N11279,NATE,2017,"Baltimore, MD",8574680,14.9,DMH,13.3,0.333,5.4,14.99,7.37
2017277N11279,NATE,2017,"Beaumont, TX",8770520,26.1,BMT,7.6,0.272,,0,0
2017277N11279,NATE,2017,"Boston, MA",8443970,6.8,BOS,4.4,1.882,,6.87,1.78
2017277N11279,NATE,2017,"Bridgeport, CT",8467150,1.6,DXR,31.3,1.388,9.8,5.1,2.03
2017277N11279,NATE,2017,"Central Louisiana Regional, LA",8767816,126.9,AEX,15.3,0.351,,0.77,0.76
2017277N11279,NATE,2017,"Chattanooga, TN",8670870,525.3,CHA,5.6,1.115,6.4,93.73,18.29
2017277N11279,NATE,2017,"Alpena, MI",9075065,1.5,APN,9.8,,5.6,0,0
2017277N11279,NATE,2017,"America's Central Port, IL",9087044,390.3,ALN,11.1,,6.5,0,0
2017277N11279,NATE,2017,"Cincinnati, OH",9063085,296.7,LUK,8.6,,12,57.17,9.4
2017277N11279,NATE,2017,"Cleveland-Cuyahoga Port, OH",9063063,11.9,BKL,13.3,,8.9,47.75,17.02
2017277N11279,NATE,2017,"Greater Lafourche Port, LA",8762075,24.3,GAO,12.9,0.428,,7.11,4.06
2017277N11279,NATE,2017,"Guntersville, AL",8737138,433.2,8A1,3.6,1.412,,,
2017277N11279,NATE,2017,"Helena-West Helena Port, AR",8747437,478,CKM,34,1.459,17.6,0.76,0.25
2017277N11279,NATE,2017,"Conneaut, OH",9063038,47.8,HZY,19.7,,11.4,28.2,6.35
2017277N11279,NATE,2017,"Detroit-Wayne County Port, MI",9044030,13.1,DTW,8.3,,,1.53,0.76
2017277N11279,NATE,2017,"Henderson County Riverport, KY",9087044,437.5,EHR,10,,8.1,8.14,2.03
2017277N11279,NATE,2017,"Hickman-Fulton County Port, KY",9087044,591.7,UCY,24.2,,8.1,16.26,4.32
2017277N11279,NATE,2017,"Illinois International Port, IL",9087044,17.3,ORD,24.3,,6.5,0,0
2017277N11279,NATE,2017,"Jackson-Union Port District, IL",9087044,478.1,MDH,15.4,,8.1,0,0
2017277N11279,NATE,2017,"Jefferson County Port, MO",9087044,462.5,SUS,45.2,,6.5,0,0
2017277N11279,NATE,2017,"Lake Charles Harbor District, LA",8768094,19.6,LCH,21.8,0.355,7.3,9.15,5.33
2017277N11279,NATE,2017,"Lake Providence Port, LA",8761927,319.1,TVR,46.9,0.481,12.4,0,0
2017277N11279,NATE,2017,"Joliet Regional Port, IL",9087044,53.2,JOT,5,,6.5,0,0
2017277N11279,NATE,2017,"Kaskaskia Regional Port, IL",9087044,440.9,SAR,22.3,,8.1,0,0
2017277N11279,NATE,2017,"Louisville-Jefferson Port, KY",9087044,425.2,LOU,4.5,,8.1,57.17,12.45
2017277N11279,NATE,2017,"Marblehead, OH",9063079,2.3,PCW,11.9,,9.3,,
2017277N11279,NATE,2017,"Memphis-Shelby County Port, TN",8737138,519.7,2M8,9.7,1.412,,,
2017277N11279,NATE,2017,"Mobile, AL",8736897,4.6,BFM,5.5,1.533,14.1,124.72,24.38
2017277N11279,NATE,2017,"Marine City, MI",9014070,10.5,PHN,22.1,,,0,0
2017277N11279,NATE,2017,"Massac-Metropolis Port, IL",9087044,511.8,M30,5.1,,8.1,1.78,0.25
2017277N11279,NATE,2017,"Nashville, TN",8737138,610.7,JWN,9.2,1.412,,14.22,6.6
2017277N11279,NATE,2017,"Monroe, MI",9063090,20.1,TTF,5.3,,,0.51,0.25
2017277N11279,NATE,2017,"New Haven, CT",8465705,3.3,MMK,23.5,1.297,12.3,10.18,3.3
2017277N11279,NATE,2017,"Muskegon, MI",9087031,50.7,MKG,6.5,,8.5,0,0
2017277N11279,NATE,2017,"New Orleans, LA",8761927,10.6,MSY,24.3,0.521,12.4,18.31,6.6
2017277N11279,NATE,2017,"New York, NY & NJ",8518750,1.8,JRB,2.2,0.924,,3.56,1.02
2017277N11279,NATE,2017,"New Bourbon Port Authority, MO",9087044,485.1,PCD,14.9,,8.1,0,0
2017277N11279,NATE,2017,"Orange County Nav District, TX",8770520,16.2,ORG,10.8,0.272,,0,0
2017277N11279,NATE,2017,"New Madrid County Port, MO",9087044,599.3,MAW,30.4,,8.1,9.91,5.59
2017277N11279,NATE,2017,"Northern Indiana District, IN",9087044,46.2,VPZ,7.9,,6.5,0,0
2017277N11279,NATE,2017,"Panama City Port Authority, FL",8729108,10.3,TDR,19.4,0.624,13.3,3.81,0.76
2017277N11279,NATE,2017,"Pemiscot County Port, MO",8737138,624.2,TKX,22.6,1.412,,5.84,2.29
2017277N11279,NATE,2017,"Philadelphia Regional Port, PA",8546252,8.8,PNE,4.1,1.2,,22.11,13.21
2017277N11279,NATE,2017,"Owensboro Riverport, KY",9087044,443.3,OWB,4.8,,8.1,100.34,25.4
2017277N11279,NATE,2017,"Plaquemines Port District, LA",8760721,31.2,MZM,60.9,0.743,16.3,,
2017277N11279,NATE,2017,"Port Arthur, TX",8770475,3.4,BPT,10.9,0.348,5.2,22.35,22.35
2017277N11279,NATE,2017,"Port Jefferson, NY",8467150,24.9,ISP,18.8,1.388,9.8,10.17,5.33
2017277N11279,NATE,2017,"Port of Greater Baton Rouge, LA",8764044,87.2,BTR,17.6,0.275,6.8,6.87,3.05
2017277N11279,NATE,2017,"Port of Greenville, MS",8747437,377.1,GLH,12.5,1.459,17.6,0,0
2017277N11279,NATE,2017,"Port of Gulfport, MS",8747437,26.8,GPT,1.5,1.487,17.6,68.84,13.21
2017277N11279,NATE,2017,"Port of Iberia District, LA",8764227,53.1,ARA,34.9,0.38,8.1,2.81,1.52
2017277N11279,NATE,2017,"Port of Pascagoula, MS",8741533,12.1,BIX,29.5,1.735,,115.83,39.62
2017277N11279,NATE,2017,"Port of Providence, RI",8454000,1.2,PVD,9.2,1.121,8.18,4.84,1.78
2017277N11279,NATE,2017,"Port of Rosedale, MS",8747437,412.7,RNV,12,1.459,17.6,0,0
2017277N11279,NATE,2017,"Port of Vicksburg, MS",8747437,268.4,VKS,15,1.487,17.6,0,0
2017277N11279,NATE,2017,"Portland, ME",8418150,1.7,PWM,5.6,1.868,,11.7,5.33
2017277N11279,NATE,2017,"Portsmouth, NH",8419870,4.1,PSM,4,,,19.32,10.16
2017277N11279,NATE,2017,"Paducah-McCracken Riverport, KY",9087044,529.9,PAH,5.6,,8.1,31,16.76
2017277N11279,NATE,2017,"Sabine Pass Port Authority, TX",8770475,25.1,BPT,28.3,0.285,5.2,0,0
2017277N11279,NATE,2017,"Pittsburgh, PA Port of",9063053,184.9,AGC,16.3,,11,10.42,2.29
2017277N11279,NATE,2017,"Searsport, ME",8413320,57.9,BGR,38,2.125,9.1,16.77,3.56
2017277N11279,NATE,2017,"Presque Isle Township, MI",9075065,22.8,APN,23,,5.6,0,0
2017277N11279,NATE,2017,"South Jersey Port Corp, NJ",8545240,41.5,MIV,27.5,1.133,,11.18,4.32
2017277N11279,NATE,2017,"South Louisiana, LA, Port of",8762482,27.1,APS,10.4,0.094,6,1.02,0.25
2017277N11279,NATE,2017,"Sandusky, OH",9063079,9.8,PCW,14.5,,9.3,,
2017277N11279,NATE,2017,"Shawneetown Regional Port, IL",9087044,452.8,TWT,28,,8.1,,
2017277N11279,NATE,2017,"Southeast Missouri Port, MO",9087044,530,SIK,38.8,,8.1,0,0
2017277N11279,NATE,2017,"Southern Indiana District, IN",9087044,389.4,FRH,29.6,,8.1,,
2017277N11279,NATE,2017,"Southwest Regional Port, IL",9087044,415.5,CPS,0.7,,6.5,0,0
2017277N11279,NATE,2017,"Terrebonne Parish Port, LA",8764227,50.1,HUM,30.7,0.38,8.1,10.41,9.91
2017277N11279,NATE,2017,"St. Louis City Port, MO",9087044,410.3,CPS,10.3,,6.5,0,0
2017277N11279,NATE,2017,"West St. Mary Parish Port, LA",8764044,31.9,PTN,22.3,0.275,6.8,,
2017277N11279,NATE,2017,"Wilmington, DE",8540433,13.2,ILG,9.3,1.083,,23.62,11.43
2017301N18276,PHILIPPE,2017,"Port Everglades, FL",8722956,34.8,HWO,27.3,,,0.79,0.25
2017301N18276,PHILIPPE,2017,"Port of Palm Beach District, FL",8722670,46.4,F45,31.9,0.436,11.6,,
2017301N18276,PHILIPPE,2017,"PortMiami, FL",8723214,36.4,TMB,7.4,0.36,13.5,33.79,7.87
2017277N11279,NATE,2017,"St. Louis County, MO",9087044,422.9,SUS,18.5,,6.5,0,0
2017277N11279,NATE,2017,"Toledo-Lucas County Port, OH",9063085,1.1,TDZ,13.5,,5.5,5.08,1.27
2018146N19273,ALBERTO,2018,"Alexandria-Cairo Port, IL",9087044,527.7,CIR,17.6,,6.5,18.03,6.6
2018146N19273,ALBERTO,2018,"Canaveral Port District, FL",8721604,18.1,TIX,7.2,0.782,14,0,0
2018146N19273,ALBERTO,2018,"Chattanooga, TN",8670870,525.3,CHA,5.6,1.254,6.4,18.07,6.6
2018146N19273,ALBERTO,2018,"Alpena, MI",9075065,1.5,APN,9.8,,7.9,14.49,10.16
2018146N19273,ALBERTO,2018,"America's Central Port, IL",9087044,390.3,ALN,11.1,,10.8,0.76,0.51
2018146N19273,ALBERTO,2018,"Cincinnati, OH",9063085,296.7,LUK,8.6,,14.7,14.5,8.13
2018146N19273,ALBERTO,2018,"Clark Township, MI",9076024,29.1,CIU,25.9,,7.5,0,0
2018146N19273,ALBERTO,2018,"Cleveland-Cuyahoga Port, OH",9063063,11.9,BKL,13.3,,13.5,7.14,6.35
2018146N19273,ALBERTO,2018,"Greater Lafourche Port, LA",8762075,24.3,GAO,12.9,0.383,,5.59,4.32
2018146N19273,ALBERTO,2018,"Conneaut, OH",9063038,47.8,HZY,19.7,,14.6,20.08,17.53
2018146N19273,ALBERTO,2018,"Guntersville, AL",8737138,433.2,8A1,3.6,0.486,,,
2018146N19273,ALBERTO,2018,"Green Bay, WI",9087077,7.2,OCQ,44.9,,,0.51,0.51
2018146N19273,ALBERTO,2018,"Havana Regional Port, IL",9087044,262.9,PIA,51.4,,10.8,35.82,11.18
2018146N19273,ALBERTO,2018,"Detroit-Wayne County Port, MI",9044030,13.1,DTW,8.3,,,4.83,4.57
2018146N19273,ALBERTO,2018,"Helena-West Helena Port, AR",8747437,478,CKM,34,0.427,7.75,0,0
2018146N19273,ALBERTO,2018,"Heart of Illinois Port, IL",9087044,221.2,PIA,7.4,,10.8,35.82,11.18
2018146N19273,ALBERTO,2018,"Heartland Port Authority, MO",9087044,507,JEF,18.6,,6.5,0,0
2018146N19273,ALBERTO,2018,"Henderson County Riverport, KY",9087044,437.5,EHR,10,,10.8,0,0
2018146N19273,ALBERTO,2018,"Hickman-Fulton County Port, KY",9087044,591.7,UCY,24.2,,6.5,0,0
2018146N19273,ALBERTO,2018,"Illinois International Port, IL",9087044,17.3,ORD,24.3,,10.8,22.88,16.76
2018146N19273,ALBERTO,2018,"Jacksonville, FL",8720226,1.9,NIP,11.5,0.335,,61.5,15.49
2018146N19273,ALBERTO,2018,"Illinois Valley Port, IL",9087044,149,VYS,10.1,,10.8,35.05,11.68
2018146N19273,ALBERTO,2018,"Jackson-Union Port District, IL",9087044,478.1,MDH,15.4,,6.5,10.17,3.56
2018146N19273,ALBERTO,2018,"Jefferson County Port, MO",9087044,462.5,SUS,45.2,,6.5,0.01,0
2018146N19273,ALBERTO,2018,"Lake Providence Port, LA",8761927,319.1,TVR,46.9,0.342,8.5,0.01,0
2018146N19273,ALBERTO,2018,"Joliet Regional Port, IL",9087044,53.2,JOT,5,,10.8,28.19,18.54
2018146N19273,ALBERTO,2018,"Manatee County Port, FL",8726384,27,SRQ,21.6,0.5,,0.79,0.25
2018146N19273,ALBERTO,2018,"Kaskaskia Regional Port, IL",9087044,440.9,SAR,22.3,,10.8,25.65,10.41
2018146N19273,ALBERTO,2018,"Louisville-Jefferson Port, KY",9087044,425.2,LOU,4.5,,10.8,9.19,3.81
2018146N19273,ALBERTO,2018,"Marblehead, OH",9063079,2.3,PCW,11.9,,7.3,0,0
2018146N19273,ALBERTO,2018,"Marine City, MI",9014070,10.5,PHN,22.1,,,0,0
2018146N19273,ALBERTO,2018,"Memphis-Shelby County Port, TN",8737138,519.7,2M8,9.7,0.488,,,
2018146N19273,ALBERTO,2018,"Marquette, MI",9099018,1.4,SAW,21.9,,5.7,4.06,3.81
2018146N19273,ALBERTO,2018,"Massac-Metropolis Port, IL",9087044,511.8,M30,5.1,,6.5,21.84,4.32
2018146N19273,ALBERTO,2018,"Mobile, AL",8736897,4.6,BFM,5.5,0.501,9.6,0.02,0
2018146N19273,ALBERTO,2018,"Milwaukee, WI",9087057,9.4,MWC,7.5,,,0,0
2018146N19273,ALBERTO,2018,"Mid-America Port, IA, IL and MO",9087044,359,EOK,26.5,,10.8,3.3,3.3
2018146N19273,ALBERTO,2018,"Monroe, MI",9063090,20.1,TTF,5.3,,,0.76,0.76
2018146N19273,ALBERTO,2018,"Nashville, TN",8737138,610.7,JWN,9.2,0.488,,22.61,5.84
2018146N19273,ALBERTO,2018,"Mueller Township, MI",9087096,10.2,ISQ,20.6,,9.3,27.69,8.38
2018146N19273,ALBERTO,2018,"Muskegon, MI",9087031,50.7,MKG,6.5,,11,8.4,6.6
2018146N19273,ALBERTO,2018,"New Orleans, LA",8761927,10.6,MSY,24.3,0.34,9.1,0.76,0.51
2018146N19273,ALBERTO,2018,"New Bourbon Port Authority, MO",9087044,485.1,PCD,14.9,,6.5,0,0
2018146N19273,ALBERTO,2018,"New Madrid County Port, MO",9087044,599.3,MAW,30.4,,6.5,1.02,0.76
2018146N19273,ALBERTO,2018,"Northern Indiana District, IN",9087044,46.2,VPZ,7.9,,10.8,4.83,2.03
2018146N19273,ALBERTO,2018,"Panama City Port Authority, FL",8729108,10.3,TDR,19.4,0.546,17.5,6.6,6.1
2018146N19273,ALBERTO,2018,"Pemiscot County Port, MO",8737138,624.2,TKX,22.6,0.488,,2.54,1.27
2018146N19273,ALBERTO,2018,"Owensboro Riverport, KY",9087044,443.3,OWB,4.8,,10.8,33.3,5.84
2018146N19273,ALBERTO,2018,"Port Everglades, FL",8722956,34.8,HWO,27.3,0.491,17.7,37.35,17.02
2018146N19273,ALBERTO,2018,"Plaquemines Port District, LA",8760721,31.2,MZM,60.9,0.367,9.3,,
2018146N19273,ALBERTO,2018,"Port of Brunswick, GA",8679598,41.1,SSI,9.3,,,12.96,7.62
2018146N19273,ALBERTO,2018,"Port of Greater Baton Rouge, LA",8764044,87.2,BTR,17.6,0.042,7.9,0,0
2018146N19273,ALBERTO,2018,"Port of Greenville, MS",8747437,377.1,GLH,12.5,0.427,7.75,0,0
2018146N19273,ALBERTO,2018,"Paducah-McCracken Riverport, KY",9087044,529.9,PAH,5.6,,6.5,53.11,11.43
2018146N19273,ALBERTO,2018,"Port of Gulfport, MS",8747437,26.8,GPT,1.5,0.466,9.55,1.53,1.02
2018146N19273,ALBERTO,2018,"Port of Pascagoula, MS",8741533,12.1,BIX,29.5,0.449,,0.51,0.51
2018146N19273,ALBERTO,2018,"Port of Palm Beach District, FL",8722670,46.4,F45,31.9,0.525,18.1,23.62,9.91
2018146N19273,ALBERTO,2018,"Port of Rosedale, MS",8747437,412.7,RNV,12,0.427,7.75,0,0
2018146N19273,ALBERTO,2018,"Port of Vicksburg, MS",8747437,268.4,VKS,15,0.427,7.75,0,0
2018146N19273,ALBERTO,2018,"Port of Savannah, GA",8670870,21.9,SAV,8.3,1.263,6.4,3.56,3.05
2018146N19273,ALBERTO,2018,"PortMiami, FL",8723214,36.4,TMB,7.4,0.49,12.4,22.36,8.64
2018146N19273,ALBERTO,2018,"Presque Isle Township, MI",9075065,22.8,APN,23,,7.9,14.49,10.16
2018146N19273,ALBERTO,2018,"Rogers City, MI",9075065,49.5,PZQ,1.4,,7.9,0,0
2018146N19273,ALBERTO,2018,"South Louisiana, LA, Port of",8762482,27.1,APS,10.4,0.031,4.3,0,0
2018146N19273,ALBERTO,2018,"Sandusky, OH",9063079,9.8,PCW,14.5,,7.3,0,0
2018146N19273,ALBERTO,2018,"Shawneetown Regional Port, IL",9087044,452.8,TWT,28,,10.8,,
2018146N19273,ALBERTO,2018,"Southeast Missouri Port, MO",9087044,530,SIK,38.8,,6.5,0,0
2018146N19273,ALBERTO,2018,"Southern Indiana District, IN",9087044,389.4,FRH,29.6,,10.8,0,0
2018146N19273,ALBERTO,2018,"Southwest Regional Port, IL",9087044,415.5,CPS,0.7,,10.8,6.11,1.78
2018146N19273,ALBERTO,2018,"Tampa Port Authority, FL",8726674,7.5,TPF,10.1,,,16.51,1.52
2018146N19273,ALBERTO,2018,"Terrebonne Parish Port, LA",8764227,50.1,HUM,30.7,0.34,4.7,0,0
2018146N19273,ALBERTO,2018,"St. Louis City Port, MO",9087044,410.3,CPS,10.3,,10.8,6.11,1.78
2018146N19273,ALBERTO,2018,"St. Louis County, MO",9087044,422.9,SUS,18.5,,10.8,0.01,0
2018186N10325,BERYL,2018,"Guaynabo, PR",9755371,12.8,TJIG,12.7,0.3,,0,0
2018186N10325,BERYL,2018,"San Juan, PR",9755371,6.5,TJIG,5,0.3,,0,0
2018146N19273,ALBERTO,2018,"Toledo-Lucas County Port, OH",9063085,1.1,TDZ,13.5,,14.7,8.13,7.87
2018186N10325,BERYL,2018,"Virgin Islands - St. Croix, VI",9751401,4.6,TISX,7.2,0.092,,20.1,8.89
2018186N31292,CHRIS,2018,"Morehead City, NC",8656483,6.2,MRH,7,0.862,11.7,5.13,2.54
2018186N31292,CHRIS,2018,"Port of Charleston, SC",8665530,28.9,CHS,13.8,0.885,12,1.02,1.02
2018186N31292,CHRIS,2018,"Virginia, VA, Port of",8638610,5.7,NGU,6.2,0.622,,2.04,0.51
2018186N31292,CHRIS,2018,"Wilmington, NC",8658120,6.4,ILM,6.8,0.876,,0.01,0
2018242N13343,FLORENCE,2018,"Albany Port District, NY",8518979,34.5,SCH,23.8,,,0,0
2018186N10325,BERYL,2018,"Guayama, PR",9755968,9.9,TJPS,45.3,,,,
2018242N13343,FLORENCE,2018,"Baltimore, MD",8574680,14.9,DMH,13.3,0.391,7.2,110.74,52.83
2018242N13343,FLORENCE,2018,"Boston, MA",8443970,6.8,BOS,4.4,1.324,,29.22,14.99
2018242N13343,FLORENCE,2018,"Bridgeport, CT",8467150,1.6,DXR,31.3,0.812,7.2,9.67,2.54
2018242N13343,FLORENCE,2018,"Chattanooga, TN",8670870,525.3,CHA,5.6,0.986,10,0.02,0
2018242N13343,FLORENCE,2018,"Cincinnati, OH",9063085,296.7,LUK,8.6,,6,10.68,2.29
2018242N13343,FLORENCE,2018,"Cleveland-Cuyahoga Port, OH",9063063,11.9,BKL,13.3,,7.1,0,0
2018242N13343,FLORENCE,2018,"Guntersville, AL",8737138,433.2,8A1,3.6,0.164,,,
2018242N13343,FLORENCE,2018,"Conneaut, OH",9063038,47.8,HZY,19.7,,7,0.01,0
2018242N13343,FLORENCE,2018,"Jacksonville, FL",8720226,1.9,NIP,11.5,0.382,,0,0
2018242N13343,FLORENCE,2018,"Detroit-Wayne County Port, MI",9044030,13.1,DTW,8.3,,,0.76,0.76
2018242N13343,FLORENCE,2018,"Henderson County Riverport, KY",9087044,437.5,EHR,10,,6.5,0,0
2018242N13343,FLORENCE,2018,"Louisville-Jefferson Port, KY",9087044,425.2,LOU,4.5,,6.5,2.05,0.76
2018242N13343,FLORENCE,2018,"Marblehead, OH",9063079,2.3,PCW,11.9,,9.3,0.25,0.25
2018242N13343,FLORENCE,2018,"Morehead City, NC",8656483,6.2,MRH,7,1.457,26.4,94,32
2018242N13343,FLORENCE,2018,"Nashville, TN",8737138,610.7,JWN,9.2,0.164,,0,0
2018242N13343,FLORENCE,2018,"Marine City, MI",9014070,10.5,PHN,22.1,,,0,0
2018242N13343,FLORENCE,2018,"New Haven, CT",8465705,3.3,MMK,23.5,0.743,9.5,19.32,10.67
2018242N13343,FLORENCE,2018,"New York, NY & NJ",8518750,1.8,JRB,2.2,0.47,,0.51,0.25
2018242N13343,FLORENCE,2018,"Philadelphia Regional Port, PA",8546252,8.8,PNE,4.1,0.941,,38.62,22.61
2018242N13343,FLORENCE,2018,"Monroe, MI",9063090,20.1,TTF,5.3,,,1.78,1.78
2018242N13343,FLORENCE,2018,"Port Jefferson, NY",8467150,24.9,ISP,18.8,0.812,7.2,16.78,5.84
2018242N13343,FLORENCE,2018,"Port of Brunswick, GA",8679598,41.1,SSI,9.3,,,0,0
2018242N13343,FLORENCE,2018,"Owensboro Riverport, KY",9087044,443.3,OWB,4.8,,6.5,0,0
2018242N13343,FLORENCE,2018,"Port of Charleston, SC",8665530,28.9,CHS,13.8,0.975,10.1,25.42,3.81
2018242N13343,FLORENCE,2018,"Port of Providence, RI",8454000,1.2,PVD,9.2,0.601,7.7,13.48,8.13
2018242N13343,FLORENCE,2018,"Port of Savannah, GA",8670870,21.9,SAV,8.3,1.288,14,0.52,0.51
2018242N13343,FLORENCE,2018,"Portland, ME",8418150,1.7,PWM,5.6,1.331,,13.72,5.84
2018242N13343,FLORENCE,2018,"Portsmouth, NH",8419870,4.1,PSM,4,,,52.83,20.32
2018242N13343,FLORENCE,2018,"Pittsburgh, PA Port of",9063053,184.9,AGC,16.3,,8.1,25.67,10.92
2018242N13343,FLORENCE,2018,"Searsport, ME",8413320,57.9,BGR,38,1.559,7.6,0.51,0.51
2018242N13343,FLORENCE,2018,"South Jersey Port Corp, NJ",8545240,41.5,MIV,27.5,0.845,,5.59,5.33
2018242N13343,FLORENCE,2018,"Sandusky, OH",9063079,9.8,PCW,14.5,,9.3,0.25,0.25
2018242N13343,FLORENCE,2018,"Virginia, VA, Port of",8638610,5.7,NGU,6.2,0.621,,9.43,6.35
2018242N13343,FLORENCE,2018,"Wilmington, DE",8540433,13.2,ILG,9.3,0.787,,6.11,2.79
2018242N13343,FLORENCE,2018,"Southern Indiana District, IN",9087044,389.4,FRH,29.6,,6.5,0,0
2018242N13343,FLORENCE,2018,"Wilmington, NC",8658120,6.4,ILM,6.8,1.048,,342.15,49.28
2018242N13343,FLORENCE,2018,"Toledo-Lucas County Port, OH",9063085,1.1,TDZ,13.5,,6,0,0
2018246N22283,GORDON,2018,"Beaumont, TX",8770520,26.1,BMT,7.6,0.187,,0,0
2018246N22283,GORDON,2018,"Canaveral Port District, FL",8721604,18.1,TIX,7.2,0.692,11.8,0,0
2018246N22283,GORDON,2018,"Alexandria-Cairo Port, IL",9087044,527.7,CIR,17.6,,9.5,0.25,0.25
2018246N22283,GORDON,2018,"Central Louisiana Regional, LA",8767816,126.9,AEX,15.3,0.22,,4.83,4.57
2018246N22283,GORDON,2018,"Greater Lafourche Port, LA",8762075,24.3,GAO,12.9,0.397,,32.26,13.46
2018246N22283,GORDON,2018,"Guntersville, AL",8737138,433.2,8A1,3.6,0.685,,,
2018246N22283,GORDON,2018,"Helena-West Helena Port, AR",8747437,478,CKM,34,0.497,9.05,67.06,21.59
2018246N22283,GORDON,2018,"America's Central Port, IL",9087044,390.3,ALN,11.1,,9.5,0,0
2018246N22283,GORDON,2018,"Heartland Port Authority, MO",9087044,507,JEF,18.6,,9.5,4.32,4.32
2018246N22283,GORDON,2018,"Henderson County Riverport, KY",9087044,437.5,EHR,10,,9.5,37.08,32.26
2018246N22283,GORDON,2018,"Jacksonville, FL",8720226,1.9,NIP,11.5,0.291,,21.62,5.84
2018246N22283,GORDON,2018,"Hickman-Fulton County Port, KY",9087044,591.7,UCY,24.2,,9.5,1.78,1.02
2018246N22283,GORDON,2018,"Jackson-Union Port District, IL",9087044,478.1,MDH,15.4,,9.5,36.58,15.75
2018246N22283,GORDON,2018,"Lake Charles Harbor District, LA",8768094,19.6,LCH,21.8,0.242,7.58,0,0
2018246N22283,GORDON,2018,"Lake Providence Port, LA",8761927,319.1,TVR,46.9,0.411,10.2,2.55,0.76
2018246N22283,GORDON,2018,"Manatee County Port, FL",8726384,27,SRQ,21.6,0.376,,34.04,22.1
2018246N22283,GORDON,2018,"Jefferson County Port, MO",9087044,462.5,SUS,45.2,,9.5,9.66,8.89
2018246N22283,GORDON,2018,"Memphis-Shelby County Port, TN",8737138,519.7,2M8,9.7,0.692,,,
2018246N22283,GORDON,2018,"Mobile, AL",8736897,4.6,BFM,5.5,0.836,15.7,70.88,18.54
2018246N22283,GORDON,2018,"Kaskaskia Regional Port, IL",9087044,440.9,SAR,22.3,,9.5,8.64,6.6
2018246N22283,GORDON,2018,"Massac-Metropolis Port, IL",9087044,511.8,M30,5.1,,9.5,1.78,0.51
2018246N22283,GORDON,2018,"New Orleans, LA",8761927,10.6,MSY,24.3,0.471,14.2,6.88,4.06
2018246N22283,GORDON,2018,"Orange County Nav District, TX",8770520,16.2,ORG,10.8,0.187,,0.51,0.25
2018246N22283,GORDON,2018,"New Bourbon Port Authority, MO",9087044,485.1,PCD,14.9,,9.5,10.92,6.6
2018246N22283,GORDON,2018,"Panama City Port Authority, FL",8729108,10.3,TDR,19.4,0.35,8,40.89,13.97
2018246N22283,GORDON,2018,"Pemiscot County Port, MO",8737138,624.2,TKX,22.6,0.692,,6.6,3.05
2018246N22283,GORDON,2018,"Plaquemines Port District, LA",8760721,31.2,MZM,60.9,0.403,7.8,,
2018246N22283,GORDON,2018,"Port Arthur, TX",8770475,3.4,BPT,10.9,0.22,6.5,0.01,0
2018246N22283,GORDON,2018,"Port Everglades, FL",8722956,34.8,HWO,27.3,0.411,21.5,55.13,9.14
2018246N22283,GORDON,2018,"Port of Greater Baton Rouge, LA",8764044,87.2,BTR,17.6,0.252,7.7,7.64,3.3
2018246N22283,GORDON,2018,"Port of Greenville, MS",8747437,377.1,GLH,12.5,0.497,9.05,30.52,17.02
2018246N22283,GORDON,2018,"New Madrid County Port, MO",9087044,599.3,MAW,30.4,,9.5,19.3,8.38
2018246N22283,GORDON,2018,"Port of Gulfport, MS",8747437,26.8,GPT,1.5,0.502,13.28,43.45,15.75
2018246N22283,GORDON,2018,"Port of Iberia District, LA",8764227,53.1,ARA,34.9,0.371,,2.04,0.76
2018246N22283,GORDON,2018,"Port of Palm Beach District, FL",8722670,46.4,F45,31.9,0.529,16.7,8.13,6.6
2018246N22283,GORDON,2018,"Port of Pascagoula, MS",8741533,12.1,BIX,29.5,0.551,,0.03,0
2018246N22283,GORDON,2018,"Port of Rosedale, MS",8747437,412.7,RNV,12,0.497,9.05,0,0
2018246N22283,GORDON,2018,"Port of Vicksburg, MS",8747437,268.4,VKS,15,0.51,13.28,0,0
2018246N22283,GORDON,2018,"PortMiami, FL",8723214,36.4,TMB,7.4,0.36,14.1,132.62,31.24
2018246N22283,GORDON,2018,"Sabine Pass Port Authority, TX",8770475,25.1,BPT,28.3,0.22,6.5,0.01,0
2018246N22283,GORDON,2018,"South Louisiana, LA, Port of",8762482,27.1,APS,10.4,0.1,4.5,29.72,11.18
2018246N22283,GORDON,2018,"Paducah-McCracken Riverport, KY",9087044,529.9,PAH,5.6,,9.5,4.83,3.81
2018246N22283,GORDON,2018,"Shawneetown Regional Port, IL",9087044,452.8,TWT,28,,9.5,,
2018246N22283,GORDON,2018,"Southeast Missouri Port, MO",9087044,530,SIK,38.8,,9.5,0,0
2018246N22283,GORDON,2018,"Southwest Regional Port, IL",9087044,415.5,CPS,0.7,,9.5,36.08,20.32
2018246N22283,GORDON,2018,"Tampa Port Authority, FL",8726674,7.5,TPF,10.1,,,0.76,0.25
2018246N22283,GORDON,2018,"Terrebonne Parish Port, LA",8764227,50.1,HUM,30.7,0.371,,0,0
2018246N22283,GORDON,2018,"Tulsa-Rogers County Port, OK",8767816,714.7,GCM,17.7,0.211,,0,0
2018246N22283,GORDON,2018,"West St. Mary Parish Port, LA",8764044,31.9,PTN,22.3,0.249,7.7,4.33,3.81
2018246N22283,GORDON,2018,"St. Louis City Port, MO",9087044,410.3,CPS,10.3,,9.5,36.08,20.32
2018251N13325,ISAAC,2018,"Guaynabo, PR",9755371,12.8,TJIG,12.7,0.238,,0,0
2018251N13325,ISAAC,2018,"San Juan, PR",9755371,6.5,TJIG,5,0.238,,0,0
2018251N13325,ISAAC,2018,"Virgin Islands - St. Croix, VI",9751401,4.6,TISX,7.2,0.122,8.4,40.66,13.97
2018246N22283,GORDON,2018,"St. Louis County, MO",9087044,422.9,SUS,18.5,,9.5,9.66,8.89
2018265N08338,KIRK,2018,"Guaynabo, PR",9755371,12.8,TJIG,12.7,0.259,,0,0
2018265N08338,KIRK,2018,"San Juan, PR",9755371,6.5,TJIG,5,0.259,,0,0
2018265N08338,KIRK,2018,"Virgin Islands - St. Croix, VI",9751401,4.6,TISX,7.2,0.116,6.2,7.37,4.32
2018280N18273,MICHAEL,2018,"Albany Port District, NY",8518979,34.5,SCH,23.8,,,0,0
2018280N18273,MICHAEL,2018,"Baltimore, MD",8574680,14.9,DMH,13.3,0.426,10.7,19.81,4.32
2018280N18273,MICHAEL,2018,"Boston, MA",8443970,6.8,BOS,4.4,1.978,,2.55,0.76
2018280N18273,MICHAEL,2018,"Bridgeport, CT",8467150,1.6,DXR,31.3,1.407,9.7,1.02,0.51
2018280N18273,MICHAEL,2018,"Canaveral Port District, FL",8721604,18.1,TIX,7.2,0.812,9.4,0,0
2018280N18273,MICHAEL,2018,"Chattanooga, TN",8670870,525.3,CHA,5.6,1.355,12.6,8.91,2.03
2018280N18273,MICHAEL,2018,"Greater Lafourche Port, LA",8762075,24.3,GAO,12.9,0.479,,0.51,0.51
2018280N18273,MICHAEL,2018,"Guntersville, AL",8737138,433.2,8A1,3.6,0.496,,,
2018280N18273,MICHAEL,2018,"Jacksonville, FL",8720226,1.9,NIP,11.5,0.491,,0.27,0.25
2018251N13325,ISAAC,2018,"Guayama, PR",9755968,9.9,TJPS,45.3,,,,
2018280N18273,MICHAEL,2018,"Manatee County Port, FL",8726384,27,SRQ,21.6,0.744,,22.89,9.65
2018280N18273,MICHAEL,2018,"Mobile, AL",8736897,4.6,BFM,5.5,0.577,8.4,0.26,0.25
2018280N18273,MICHAEL,2018,"Morehead City, NC",8656483,6.2,MRH,7,0.836,17.95,2.56,2.29
2018280N18273,MICHAEL,2018,"Nashville, TN",8737138,610.7,JWN,9.2,0.456,,2.03,1.02
2018280N18273,MICHAEL,2018,"New Haven, CT",8465705,3.3,MMK,23.5,1.292,14.9,2.31,1.02
2018280N18273,MICHAEL,2018,"New Orleans, LA",8761927,10.6,MSY,24.3,0.705,10.7,0.26,0.25
2018280N18273,MICHAEL,2018,"New York, NY & NJ",8518750,1.8,JRB,2.2,1.119,,10.42,3.56
2018280N18273,MICHAEL,2018,"Panama City Port Authority, FL",8729108,10.3,TDR,19.4,1.512,32.1,0,0
2018280N18273,MICHAEL,2018,"Philadelphia Regional Port, PA",8546252,8.8,PNE,4.1,1.118,,22.35,4.57
2018280N18273,MICHAEL,2018,"Plaquemines Port District, LA",8760721,31.2,MZM,60.9,0.53,9.7,,
2018280N18273,MICHAEL,2018,"Port Jefferson, NY",8467150,24.9,ISP,18.8,1.407,9.7,55.63,14.73
2018280N18273,MICHAEL,2018,"Port of Brunswick, GA",8679598,41.1,SSI,9.3,,,0.77,0.76
2018280N18273,MICHAEL,2018,"Port of Charleston, SC",8665530,28.9,CHS,13.8,0.95,16.5,4.08,3.56
2018280N18273,MICHAEL,2018,"Port of Gulfport, MS",8747437,26.8,GPT,1.5,0.7,9.1,0,0
2018280N18273,MICHAEL,2018,"Port of Pascagoula, MS",8741533,12.1,BIX,29.5,0.669,,0,0
2018280N18273,MICHAEL,2018,"Port of Providence, RI",8454000,1.2,PVD,9.2,,9.9,32.01,7.37
2018280N18273,MICHAEL,2018,"Port of Savannah, GA",8670870,21.9,SAV,8.3,1.355,12.6,15,4.06
2018280N18273,MICHAEL,2018,"Portland, ME",8418150,1.7,PWM,5.6,1.988,,0.51,0.51
2018280N18273,MICHAEL,2018,"Portsmouth, NH",8419870,4.1,PSM,4,,,0.01,0
2018280N18273,MICHAEL,2018,"Searsport, ME",8413320,57.9,BGR,38,2.187,9.5,3.31,1.52
2018280N18273,MICHAEL,2018,"South Jersey Port Corp, NJ",8545240,41.5,MIV,27.5,1.054,,75.95,25.15
2018265N08338,KIRK,2018,"Guayama, PR",9755968,9.9,TJPS,45.3,,,,
2018280N18273,MICHAEL,2018,"Tampa Port Authority, FL",8726674,7.5,TPF,10.1,,,15.75,8.13
2018280N18273,MICHAEL,2018,"South Louisiana, LA, Port of",8762482,27.1,APS,10.4,0.172,4.9,0,0
2018280N18273,MICHAEL,2018,"Terrebonne Parish Port, LA",8764227,50.1,HUM,30.7,0.454,,0,0
2018280N18273,MICHAEL,2018,"Virginia, VA, Port of",8638610,5.7,NGU,6.2,0.789,,19.57,8.64
2018280N18273,MICHAEL,2018,"Wilmington, DE",8540433,13.2,ILG,9.3,0.999,,18.04,8.13
2018280N18273,MICHAEL,2018,"Wilmington, NC",8658120,6.4,ILM,6.8,1.141,,4.33,3.3
2018280N18273,MICHAEL,2018,"Pittsburgh, PA Port of",9063053,184.9,AGC,16.3,,17.1,2.04,0.76
2019192N29274,BARRY,2019,"Beaumont, TX",8770520,26.1,BMT,7.6,0.406,,0,0
2019192N29274,BARRY,2019,"Calhoun Port Authority, TX",8773259,7.7,PKV,14.3,0.077,9.2,15.49,14.48
2019192N29274,BARRY,2019,"Central Louisiana Regional, LA",8767816,126.9,AEX,15.3,0.645,,56.43,12.95
2019192N29274,BARRY,2019,"Galveston, TX",8771486,7.6,GLS,2.4,0.302,11.3,7.88,1.78
2019192N29274,BARRY,2019,"Greater Lafourche Port, LA",8762075,24.3,GAO,12.9,0.666,,132.08,17.78
2019192N29274,BARRY,2019,"Alexandria-Cairo Port, IL",9087044,527.7,CIR,17.6,,10.2,24.89,4.57
2019192N29274,BARRY,2019,"America's Central Port, IL",9087044,390.3,ALN,11.1,,10.2,0,0
2019192N29274,BARRY,2019,"Havana Regional Port, IL",9087044,262.9,PIA,51.4,,7.5,4.08,1.78
2019192N29274,BARRY,2019,"Helena-West Helena Port, AR",8747437,478,CKM,34,1.009,,75.44,18.8
2019192N29274,BARRY,2019,"Heart of Illinois Port, IL",9087044,221.2,PIA,7.4,,7.5,4.08,1.78
2019192N29274,BARRY,2019,"Heartland Port Authority, MO",9087044,507,JEF,18.6,,10.2,,
2019192N29274,BARRY,2019,"Houston Port Authority, TX",8770777,19,MCJ,16,0.395,6.8,0.51,0.25
2019192N29274,BARRY,2019,"Henderson County Riverport, KY",9087044,437.5,EHR,10,,7.5,13.48,9.65
2019192N29274,BARRY,2019,"Hickman-Fulton County Port, KY",9087044,591.7,UCY,24.2,,10.2,0.25,0.25
2019192N29274,BARRY,2019,"Jackson-Union Port District, IL",9087044,478.1,MDH,15.4,,10.2,49.3,5.84
2019192N29274,BARRY,2019,"Lake Charles Harbor District, LA",8768094,19.6,LCH,21.8,0.535,,34.85,10.41
2019192N29274,BARRY,2019,"Lake Providence Port, LA",8761927,319.1,TVR,46.9,0.787,15.9,106.98,10.67
2019192N29274,BARRY,2019,"Manatee County Port, FL",8726384,27,SRQ,21.6,0.275,,3.05,1.52
2019192N29274,BARRY,2019,"Jefferson County Port, MO",9087044,462.5,SUS,45.2,,10.2,23.39,6.86
2019192N29274,BARRY,2019,"Memphis-Shelby County Port, TN",8737138,519.7,2M8,9.7,0.567,,,
2019192N29274,BARRY,2019,"Kaskaskia Regional Port, IL",9087044,440.9,SAR,22.3,,10.2,1.52,1.27
2019192N29274,BARRY,2019,"Mobile, AL",8736897,4.6,BFM,5.5,0.866,12.9,146.34,16.26
2019192N29274,BARRY,2019,"Massac-Metropolis Port, IL",9087044,511.8,M30,5.1,,10.2,22.86,3.81
2019192N29274,BARRY,2019,"Mid-America Port, IA, IL and MO",9087044,359,EOK,26.5,,7.5,0,0
2019192N29274,BARRY,2019,"New Orleans, LA",8761927,10.6,MSY,24.3,0.761,15.9,93.32,32.26
2019192N29274,BARRY,2019,"Orange County Nav District, TX",8770520,16.2,ORG,10.8,0.406,,36.83,16.76
2019192N29274,BARRY,2019,"New Bourbon Port Authority, MO",9087044,485.1,PCD,14.9,,10.2,0,0
2019192N29274,BARRY,2019,"Panama City Port Authority, FL",8729108,10.3,TDR,19.4,0.46,10.6,0,0
2019192N29274,BARRY,2019,"Pemiscot County Port, MO",8737138,624.2,TKX,22.6,0.48,,0.25,0.25
2019192N29274,BARRY,2019,"Plaquemines Port District, LA",8760721,31.2,MZM,60.9,0.447,,,
2019192N29274,BARRY,2019,"Port Arthur, TX",8770475,3.4,BPT,10.9,0.353,11.7,117.12,55.63
2019192N29274,BARRY,2019,"Port Freeport, TX",8772471,29.7,LBX,4.5,0.446,,6.1,3.81
2019192N29274,BARRY,2019,"Port of Greater Baton Rouge, LA",8764044,87.2,BTR,17.6,0.897,20.7,112.07,24.64
2019192N29274,BARRY,2019,"Port of Greenville, MS",8747437,377.1,GLH,12.5,1.009,,71.91,6.6
2019192N29274,BARRY,2019,"Port of Gulfport, MS",8747437,26.8,GPT,1.5,1.001,,59.22,14.48
2019192N29274,BARRY,2019,"Port of Iberia District, LA",8764227,53.1,ARA,34.9,1.83,16,23.47,5.59
2019192N29274,BARRY,2019,"Port of Pascagoula, MS",8741533,12.1,BIX,29.5,0.794,,76.47,7.87
2019192N29274,BARRY,2019,"Port of Rosedale, MS",8747437,412.7,RNV,12,1.009,,0,0
2019192N29274,BARRY,2019,"Port of Vicksburg, MS",8747437,268.4,VKS,15,1.023,,0,0
2019192N29274,BARRY,2019,"New Madrid County Port, MO",9087044,599.3,MAW,30.4,,10.2,33.53,7.62
2019192N29274,BARRY,2019,"Sabine Pass Port Authority, TX",8770475,25.1,BPT,28.3,0.353,11.7,117.12,55.63
2019192N29274,BARRY,2019,"South Louisiana, LA, Port of",8762482,27.1,APS,10.4,0.346,12.6,2.79,0.51
2019192N29274,BARRY,2019,"Paducah-McCracken Riverport, KY",9087044,529.9,PAH,5.6,,10.2,35.58,8.38
2019192N29274,BARRY,2019,"Shawneetown Regional Port, IL",9087044,452.8,TWT,28,,7.5,,
2019192N29274,BARRY,2019,"Southeast Missouri Port, MO",9087044,530,SIK,38.8,,10.2,0,0
2019192N29274,BARRY,2019,"Southwest Regional Port, IL",9087044,415.5,CPS,0.7,,10.2,21.62,4.57
2019192N29274,BARRY,2019,"Tampa Port Authority, FL",8726674,7.5,TPF,10.1,,,10.67,6.1
2019192N29274,BARRY,2019,"Terrebonne Parish Port, LA",8764227,50.1,HUM,30.7,1.83,16,31.24,9.91
2019192N29274,BARRY,2019,"Texas City, TX",8771013,4.3,GLS,20.6,0.37,11.5,7.88,1.78
2019192N29274,BARRY,2019,"Tulsa-Rogers County Port, OK",8767816,714.7,GCM,17.7,0.692,,0,0
2019192N29274,BARRY,2019,"Victoria, TX",8773259,39.3,VCT,8.2,0.077,9.2,2.29,2.29
2019192N29274,BARRY,2019,"West St. Mary Parish Port, LA",8764044,31.9,PTN,22.3,0.897,20.7,11.45,1.78
2019204N25283,UNNAMED,2019,"Canaveral Port District, FL",8721604,18.1,TIX,7.2,0.38,10,0,0
2019204N25283,UNNAMED,2019,"Jacksonville, FL",8720226,1.9,NIP,11.5,0.128,,0.76,0.51
2019204N25283,UNNAMED,2019,"Manatee County Port, FL",8726384,27,SRQ,21.6,0.259,,33.28,19.05
2019204N25283,UNNAMED,2019,"Port Everglades, FL",8722956,34.8,HWO,27.3,0.409,,17.03,15.49
2019204N25283,UNNAMED,2019,"Port of Brunswick, GA",8679598,41.1,SSI,9.3,,,0.01,0
2019204N25283,UNNAMED,2019,"Port of Charleston, SC",8665530,28.9,CHS,13.8,0.495,8.6,0,0
2019204N25283,UNNAMED,2019,"Port of Palm Beach District, FL",8722670,46.4,F45,31.9,0.377,12.5,8.13,8.13
2019192N29274,BARRY,2019,"St. Louis City Port, MO",9087044,410.3,CPS,10.3,,10.2,21.62,4.57
2019204N25283,UNNAMED,2019,"PortMiami, FL",8723214,36.4,TMB,7.4,0.348,,2.04,0.76
2019204N25283,UNNAMED,2019,"Port of Savannah, GA",8670870,21.9,SAV,8.3,0.722,18.9,0.01,0
2019204N25283,UNNAMED,2019,"Tampa Port Authority, FL",8726674,7.5,TPF,10.1,,,26.42,13.72
2019236N10314,DORIAN,2019,"Baltimore, MD",8574680,14.9,DMH,13.3,0.145,,0,0
2019236N10314,DORIAN,2019,"Boston, MA",8443970,6.8,BOS,4.4,1.58,,0.78,0.76
2019236N10314,DORIAN,2019,"Bridgeport, CT",8467150,1.6,DXR,31.3,1.413,8.6,5.59,2.29
2019236N10314,DORIAN,2019,"Canaveral Port District, FL",8721604,18.1,TIX,7.2,1.084,14.9,0,0
2019236N10314,DORIAN,2019,"Guaynabo, PR",9755371,12.8,TJIG,12.7,0.345,,0,0
2019236N10314,DORIAN,2019,"Jacksonville, FL",8720226,1.9,NIP,11.5,0.508,,41.23,9.65
2019236N10314,DORIAN,2019,"Manatee County Port, FL",8726384,27,SRQ,21.6,0.294,,0.77,0.76
2019236N10314,DORIAN,2019,"Morehead City, NC",8656483,6.2,MRH,7,0.734,26.8,121.94,56.13
2019192N29274,BARRY,2019,"St. Louis County, MO",9087044,422.9,SUS,18.5,,10.2,23.39,6.86
2019236N10314,DORIAN,2019,"New Haven, CT",8465705,3.3,MMK,23.5,1.273,11.8,1.28,0.76
2019236N10314,DORIAN,2019,"New York, NY & NJ",8518750,1.8,JRB,2.2,0.959,,3.58,1.52
2019236N10314,DORIAN,2019,"Philadelphia Regional Port, PA",8546252,8.8,PNE,4.1,0.988,,2.8,1.02
2019236N10314,DORIAN,2019,"Port Jefferson, NY",8467150,24.9,ISP,18.8,1.413,8.6,6.36,3.81
2019236N10314,DORIAN,2019,"Port Everglades, FL",8722956,34.8,HWO,27.3,0.82,,36.87,6.6
2019236N10314,DORIAN,2019,"Port of Charleston, SC",8665530,28.9,CHS,13.8,1.067,18.6,140.74,20.07
2019236N10314,DORIAN,2019,"Port of Brunswick, GA",8679598,41.1,SSI,9.3,,,35.83,7.11
2019236N10314,DORIAN,2019,"Port of Providence, RI",8454000,1.2,PVD,9.2,1.111,11.03,0.02,0
2019236N10314,DORIAN,2019,"Port of Palm Beach District, FL",8722670,46.4,F45,31.9,0.94,17.2,3.3,1.78
2019236N10314,DORIAN,2019,"Port of Savannah, GA",8670870,21.9,SAV,8.3,1.435,19.3,11.46,3.3
2019236N10314,DORIAN,2019,"PortMiami, FL",8723214,36.4,TMB,7.4,0.674,,17.29,6.35
2019236N10314,DORIAN,2019,"Guayama, PR",9755968,9.9,TJPS,45.3,,,,
2019236N10314,DORIAN,2019,"Portsmouth, NH",8419870,4.1,PSM,4,,,0.27,0.25
2019236N10314,DORIAN,2019,"Portland, ME",8418150,1.7,PWM,5.6,1.501,,0.01,0
2019236N10314,DORIAN,2019,"San Juan, PR",9755371,6.5,TJIG,5,0.345,,0,0
2019236N10314,DORIAN,2019,"South Jersey Port Corp, NJ",8545240,41.5,MIV,27.5,0.932,,0.27,0.25
2019236N10314,DORIAN,2019,"Searsport, ME",8413320,57.9,BGR,38,1.608,11.6,10.17,2.79
2019236N10314,DORIAN,2019,"Tampa Port Authority, FL",8726674,7.5,TPF,10.1,,,6.1,4.57
2019236N10314,DORIAN,2019,"Virginia, VA, Port of",8638610,5.7,NGU,6.2,1.091,,0.01,0
2019236N10314,DORIAN,2019,"Virgin Islands - St. Croix, VI",9751401,4.6,TISX,7.2,0.164,,17.8,4.32
2019236N10314,DORIAN,2019,"Wilmington, DE",8540433,13.2,ILG,9.3,1.004,,2.81,1.27
2019236N10314,DORIAN,2019,"Wilmington, NC",8658120,6.4,ILM,6.8,0.835,,255.28,56.64
2019239N32287,ERIN,2019,"Boston, MA",8443970,6.8,BOS,4.4,1.905,,17.79,8.64
2019239N32287,ERIN,2019,"Bridgeport, CT",8467150,1.6,DXR,31.3,1.387,7,0.51,0.25
2019239N32287,ERIN,2019,"New Haven, CT",8465705,3.3,MMK,23.5,1.276,9.1,0.26,0.25
2019239N32287,ERIN,2019,"Morehead City, NC",8656483,6.2,MRH,7,0.847,6.53,0,0
2019239N32287,ERIN,2019,"New York, NY & NJ",8518750,1.8,JRB,2.2,0.955,,0.26,0.25
2019239N32287,ERIN,2019,"Port Jefferson, NY",8467150,24.9,ISP,18.8,1.387,7,0.01,0
2019239N32287,ERIN,2019,"Port of Providence, RI",8454000,1.2,PVD,9.2,1.21,8.14,10.16,4.57
2019239N32287,ERIN,2019,"South Jersey Port Corp, NJ",8545240,41.5,MIV,27.5,1.091,,0,0
2019239N32287,ERIN,2019,"Virginia, VA, Port of",8638610,5.7,NGU,6.2,0.583,,0.52,0.25
2019239N32287,ERIN,2019,"Wilmington, NC",8658120,6.4,ILM,6.8,0.899,,0,0
2019246N24266,FERNAND,2019,"Brownsville, TX",8779770,20.5,BRO,12.1,0.357,12.3,67.59,26.42
2019246N24266,FERNAND,2019,"Calhoun Port Authority, TX",8773259,7.7,PKV,14.3,0.345,12.5,5.33,4.06
2019246N24266,FERNAND,2019,"Corpus Christi, TX",8775222,0.9,CRP,7.3,,,31.51,6.86
2019246N24266,FERNAND,2019,"Port of Harlingen Authority, TX",8779280,24.3,HRL,13.7,,,34.57,8.38
2019256N23286,HUMBERTO,2019,"Canaveral Port District, FL",8721604,18.1,TIX,7.2,0.659,10.2,0,0
2019246N24266,FERNAND,2019,"Victoria, TX",8773259,39.3,VCT,8.2,0.345,12.5,0,0
2019256N23286,HUMBERTO,2019,"Jacksonville, FL",8720226,1.9,NIP,11.5,0.288,,5.1,2.79
2019256N23286,HUMBERTO,2019,"Manatee County Port, FL",8726384,27,SRQ,21.6,0.296,,0,0
2019256N23286,HUMBERTO,2019,"Port Everglades, FL",8722956,34.8,HWO,27.3,0.439,7.9,4.59,2.54
2019256N23286,HUMBERTO,2019,"Port of Brunswick, GA",8679598,41.1,SSI,9.3,,,0.77,0.51
2019256N23286,HUMBERTO,2019,"Port of Charleston, SC",8665530,28.9,CHS,13.8,0.773,10.2,0,0
2019256N23286,HUMBERTO,2019,"Port of Palm Beach District, FL",8722670,46.4,F45,31.9,0.458,14.4,0,0
2019256N23286,HUMBERTO,2019,"Port of Savannah, GA",8670870,21.9,SAV,8.3,1.017,9.4,0,0
2019256N23286,HUMBERTO,2019,"PortMiami, FL",8723214,36.4,TMB,7.4,0.391,,7.13,2.54
2019256N23286,HUMBERTO,2019,"Tampa Port Authority, FL",8726674,7.5,TPF,10.1,,,8.89,6.35
2019256N23286,HUMBERTO,2019,"Wilmington, NC",8658120,6.4,ILM,6.8,0.597,,0,0
2019260N13317,JERRY,2019,"Guaynabo, PR",9755371,12.8,TJIG,12.7,0.22,,0,0
2019260N13317,JERRY,2019,"San Juan, PR",9755371,6.5,TJIG,5,0.22,,0,0
2019260N13317,JERRY,2019,"Virgin Islands - St. Croix, VI",9751401,4.6,TISX,7.2,0.087,,4.07,2.79
2019261N28264,IMELDA,2019,"Beaumont, TX",8770520,26.1,BMT,7.6,0.317,,0,0
2019261N28264,IMELDA,2019,"Brownsville, TX",8779770,20.5,BRO,12.1,0.203,10.6,0,0
2019261N28264,IMELDA,2019,"Calhoun Port Authority, TX",8773259,7.7,PKV,14.3,0.208,13.4,6.1,4.83
2019261N28264,IMELDA,2019,"Central Louisiana Regional, LA",8767816,126.9,AEX,15.3,0.287,,8.91,4.06
2019260N13317,JERRY,2019,"Guayama, PR",9755968,9.9,TJPS,45.3,,,,
2019261N28264,IMELDA,2019,"Corpus Christi, TX",8775222,0.9,CRP,7.3,,,0,0
2019261N28264,IMELDA,2019,"Greater Lafourche Port, LA",8762075,24.3,GAO,12.9,0.057,,1.52,1.52
2019261N28264,IMELDA,2019,"Galveston, TX",8771486,7.6,GLS,2.4,0.297,11.9,446.03,34.29
2019261N28264,IMELDA,2019,"Houston Port Authority, TX",8770777,19,MCJ,16,0.895,10.5,209.8,34.54
2019261N28264,IMELDA,2019,"Lake Providence Port, LA",8761927,319.1,TVR,46.9,-0.11,10.8,0,0
2019261N28264,IMELDA,2019,"Lake Charles Harbor District, LA",8768094,19.6,LCH,21.8,0.276,15.04,94.76,9.65
2019261N28264,IMELDA,2019,"New Orleans, LA",8761927,10.6,MSY,24.3,-0.11,10.8,0,0
2019261N28264,IMELDA,2019,"Orange County Nav District, TX",8770520,16.2,ORG,10.8,0.317,,225.3,17.02
2019261N28264,IMELDA,2019,"Port Arthur, TX",8770475,3.4,BPT,10.9,0.364,9.4,554.5,51.05
2019261N28264,IMELDA,2019,"Port Freeport, TX",8772471,29.7,LBX,4.5,0.263,17.9,305.07,77.98
2019261N28264,IMELDA,2019,"Port of Harlingen Authority, TX",8779280,24.3,HRL,13.7,,10.6,0,0
2019261N28264,IMELDA,2019,"Port of Greenville, MS",8747437,377.1,GLH,12.5,-0.016,10.8,6.35,6.35
2019261N28264,IMELDA,2019,"Port of Greater Baton Rouge, LA",8764044,87.2,BTR,17.6,0.131,7.8,48.52,23.88
2019261N28264,IMELDA,2019,"Port of Rosedale, MS",8747437,412.7,RNV,12,-0.002,10.8,0,0
2019261N28264,IMELDA,2019,"Port of Iberia District, LA",8764227,53.1,ARA,34.9,0.278,6.8,7.11,5.59
2019261N28264,IMELDA,2019,"Port of Vicksburg, MS",8747437,268.4,VKS,15,-0.016,10.8,0,0
2019261N28264,IMELDA,2019,"South Louisiana, LA, Port of",8762482,27.1,APS,10.4,0.047,,0.25,0.25
2019261N28264,IMELDA,2019,"Terrebonne Parish Port, LA",8764227,50.1,HUM,30.7,0.278,6.8,0,0
2019261N28264,IMELDA,2019,"Sabine Pass Port Authority, TX",8770475,25.1,BPT,28.3,0.364,9.4,554.5,51.05
2019261N28264,IMELDA,2019,"Texas City, TX",8771013,4.3,GLS,20.6,0.31,16,446.03,34.29
2019261N28264,IMELDA,2019,"Victoria, TX",8773259,39.3,VCT,8.2,0.208,13.4,0.26,0.25
2019261N28264,IMELDA,2019,"West St. Mary Parish Port, LA",8764044,31.9,PTN,22.3,0.131,7.8,2.03,1.02
2019265N12301,KAREN,2019,"San Juan, PR",9755371,6.5,TJIG,5,0.319,,0,0
2019265N12301,KAREN,2019,"Guaynabo, PR",9755371,12.8,TJIG,12.7,0.319,,0,0
2019265N12301,KAREN,2019,"Virgin Islands - St. Croix, VI",9751401,4.6,TISX,7.2,0.173,,30.3,6.86
2019282N35286,MELISSA,2019,"Boston, MA",8443970,6.8,BOS,4.4,1.493,,9.19,3.05
2019282N35286,MELISSA,2019,"Morehead City, NC",8656483,6.2,MRH,7,0.523,9.2,3.59,1.02
2019282N35286,MELISSA,2019,"Bridgeport, CT",8467150,1.6,DXR,31.3,1.469,9.3,0.27,0.25
2019265N12301,KAREN,2019,"Guayama, PR",9755968,9.9,TJPS,45.3,,,,
2019282N35286,MELISSA,2019,"New York, NY & NJ",8518750,1.8,JRB,2.2,1.247,,0,0
2019282N35286,MELISSA,2019,"New Haven, CT",8465705,3.3,MMK,23.5,1.353,11.2,0.52,0.25
2019282N35286,MELISSA,2019,"Philadelphia Regional Port, PA",8546252,8.8,PNE,4.1,0.846,,1.03,0.51
2019282N35286,MELISSA,2019,"Port of Providence, RI",8454000,1.2,PVD,9.2,0.995,12.1,28.27,3.81
2019282N35286,MELISSA,2019,"Port Jefferson, NY",8467150,24.9,ISP,18.8,1.489,9.3,13.25,3.56
2019282N35286,MELISSA,2019,"Portsmouth, NH",8419870,4.1,PSM,4,,,0,0
2019282N35286,MELISSA,2019,"Virginia, VA, Port of",8638610,5.7,NGU,6.2,0.558,,3.32,1.02
2019282N35286,MELISSA,2019,"South Jersey Port Corp, NJ",8545240,41.5,MIV,27.5,1.401,,0.52,0.51
2019282N35286,MELISSA,2019,"Wilmington, DE",8540433,13.2,ILG,9.3,0.694,,4.33,2.03
2019291N22264,NESTOR,2019,"Baltimore, MD",8574680,14.9,DMH,13.3,0.246,7.5,28.96,4.32
2019282N35286,MELISSA,2019,"Wilmington, NC",8658120,6.4,ILM,6.8,0.381,,0,0
2019291N22264,NESTOR,2019,"Bridgeport, CT",8467150,1.6,DXR,31.3,1.121,8.1,5.6,1.52
2019291N22264,NESTOR,2019,"Brownsville, TX",8779770,20.5,BRO,12.1,0.293,9.9,0.52,0.51
2019291N22264,NESTOR,2019,"Canaveral Port District, FL",8721604,18.1,TIX,7.2,0.533,10.1,0,0
2019291N22264,NESTOR,2019,"Chattanooga, TN",8670870,525.3,CHA,5.6,1.056,10.9,7.64,2.03
2019291N22264,NESTOR,2019,"Guntersville, AL",8737138,433.2,8A1,3.6,0.385,,,
2019291N22264,NESTOR,2019,"Greater Lafourche Port, LA",8762075,24.3,GAO,12.9,0.376,,0.51,0.25
2019291N22264,NESTOR,2019,"Jacksonville, FL",8720226,1.9,NIP,11.5,0.314,,9.18,3.81
2019291N22264,NESTOR,2019,"Manatee County Port, FL",8726384,27,SRQ,21.6,0.484,,70.11,26.42
2019291N22264,NESTOR,2019,"Mobile, AL",8736897,4.6,BFM,5.5,0.415,7.8,6.61,3.56
2019291N22264,NESTOR,2019,"Morehead City, NC",8656483,6.2,MRH,7,0.55,14,35.82,8.13
2019291N22264,NESTOR,2019,"New Haven, CT",8465705,3.3,MMK,23.5,1.027,7.7,3.82,0.76
2019291N22264,NESTOR,2019,"New Orleans, LA",8761927,10.6,MSY,24.3,0.315,11.1,0.01,0
2019291N22264,NESTOR,2019,"New York, NY & NJ",8518750,1.8,JRB,2.2,0.819,,2.03,1.02
2019291N22264,NESTOR,2019,"Philadelphia Regional Port, PA",8546252,8.8,PNE,4.1,1.197,,12.2,2.29
2019291N22264,NESTOR,2019,"Panama City Port Authority, FL",8729108,10.3,TDR,19.4,0.414,10.4,52.58,7.37
2019291N22264,NESTOR,2019,"Plaquemines Port District, LA",8760721,31.2,MZM,60.9,0.525,10.8,,
2019291N22264,NESTOR,2019,"Port Jefferson, NY",8467150,24.9,ISP,18.8,1.121,8.1,17.03,5.33
2019291N22264,NESTOR,2019,"Port of Brunswick, GA",8679598,41.1,SSI,9.3,,,49.03,32
2019291N22264,NESTOR,2019,"Port of Charleston, SC",8665530,28.9,CHS,13.8,0.611,13,13.46,10.16
2019291N22264,NESTOR,2019,"Port of Greater Baton Rouge, LA",8764044,87.2,BTR,17.6,0.132,6.4,0.01,0
2019291N22264,NESTOR,2019,"Port of Gulfport, MS",8747437,26.8,GPT,1.5,0.509,8.2,2.04,1.02
2019291N22264,NESTOR,2019,"Port of Harlingen Authority, TX",8779280,24.3,HRL,13.7,,11.7,0.01,0
2019291N22264,NESTOR,2019,"Port of Iberia District, LA",8764227,53.1,ARA,34.9,0.385,7.1,0.26,0.25
2019291N22264,NESTOR,2019,"Pittsburgh, PA Port of",9063053,184.9,AGC,16.3,,,0,0
2019291N22264,NESTOR,2019,"Port of Pascagoula, MS",8741533,12.1,BIX,29.5,0.457,,2.05,1.27
2019291N22264,NESTOR,2019,"Port of Savannah, GA",8670870,21.9,SAV,8.3,1.056,10.9,27.7,6.1
2019291N22264,NESTOR,2019,"South Louisiana, LA, Port of",8762482,27.1,APS,10.4,0.042,,0,0
2019291N22264,NESTOR,2019,"South Jersey Port Corp, NJ",8545240,41.5,MIV,27.5,1.162,,36.07,5.84
2019291N22264,NESTOR,2019,"Tampa Port Authority, FL",8726674,7.5,TPF,10.1,0.619,,61.21,13.97
2019291N22264,NESTOR,2019,"Terrebonne Parish Port, LA",8764227,50.1,HUM,30.7,0.385,7.1,0,0
2019291N22264,NESTOR,2019,"Virginia, VA, Port of",8638610,5.7,NGU,6.2,0.515,,43.47,14.99
2019291N22264,NESTOR,2019,"West St. Mary Parish Port, LA",8764044,31.9,PTN,22.3,0.132,6.4,0,0
2019291N22264,NESTOR,2019,"Wilmington, NC",8658120,6.4,ILM,6.8,0.518,,40.39,8.13
2019291N22264,NESTOR,2019,"Wilmington, DE",8540433,13.2,ILG,9.3,1.095,,13.73,2.29
2019299N25265,OLGA,2019,"Alexandria-Cairo Port, IL",9087044,527.7,CIR,17.6,,12.6,30.23,6.35
2019299N25265,OLGA,2019,"Beaumont, TX",8770520,26.1,BMT,7.6,0.221,,0,0
2019299N25265,OLGA,2019,"Brownsville, TX",8779770,20.5,BRO,12.1,0.362,14.4,0.01,0
2019299N25265,OLGA,2019,"Calhoun Port Authority, TX",8773259,7.7,PKV,14.3,0.199,13.9,3.3,1.27
2019299N25265,OLGA,2019,"Central Louisiana Regional, LA",8767816,126.9,AEX,15.3,0.1,,3.32,1.02
2019299N25265,OLGA,2019,"Chattanooga, TN",8670870,525.3,CHA,5.6,1.318,8.7,24.91,9.14
2019299N25265,OLGA,2019,"Alpena, MI",9075065,1.5,APN,9.8,,9.7,23.89,6.6
2019299N25265,OLGA,2019,"America's Central Port, IL",9087044,390.3,ALN,11.1,,12.6,0,0
2019299N25265,OLGA,2019,"Cincinnati, OH",9063085,296.7,LUK,8.6,,10.8,18.29,5.59
2019299N25265,OLGA,2019,"Clark Township, MI",9076024,29.1,CIU,25.9,,9,12.2,2.79
2019299N25265,OLGA,2019,"Corpus Christi, TX",8775222,0.9,CRP,7.3,,,10.68,5.59
2019299N25265,OLGA,2019,"Cleveland-Cuyahoga Port, OH",9063063,11.9,BKL,13.3,,13.8,7.11,1.52
2019299N25265,OLGA,2019,"Galveston, TX",8771486,7.6,GLS,2.4,0.448,15.3,69.6,13.97
2019299N25265,OLGA,2019,"Greater Lafourche Port, LA",8762075,24.3,GAO,12.9,0.327,,89.41,17.27
2019299N25265,OLGA,2019,"Conneaut, OH",9063038,47.8,HZY,19.7,,10.5,11.18,3.05
2019299N25265,OLGA,2019,"Guntersville, AL",8737138,433.2,8A1,3.6,0.604,,,
2019299N25265,OLGA,2019,"Detroit-Wayne County Port, MI",9044030,13.1,DTW,8.3,,,19.59,12.45
2019299N25265,OLGA,2019,"Green Bay, WI",9087077,7.2,OCQ,44.9,,,1.52,0.51
2019299N25265,OLGA,2019,"Havana Regional Port, IL",9087044,262.9,PIA,51.4,,12.6,40.65,7.11
2019299N25265,OLGA,2019,"Helena-West Helena Port, AR",8747437,478,CKM,34,0.802,16.3,71.12,10.41
2019299N25265,OLGA,2019,"Heart of Illinois Port, IL",9087044,221.2,PIA,7.4,,12.6,40.65,7.11
2019299N25265,OLGA,2019,"Heartland Port Authority, MO",9087044,507,JEF,18.6,,12.6,5.09,1.52
2019299N25265,OLGA,2019,"Houston Port Authority, TX",8770777,19,MCJ,16,0.409,8.1,0,0
2019299N25265,OLGA,2019,"Henderson County Riverport, KY",9087044,437.5,EHR,10,,12.6,44.46,6.1
2019299N25265,OLGA,2019,"Hickman-Fulton County Port, KY",9087044,591.7,UCY,24.2,,12.6,52.32,10.92
2019299N25265,OLGA,2019,"Illinois International Port, IL",9087044,17.3,ORD,24.3,,12.6,56.39,10.41
2019299N25265,OLGA,2019,"Illinois Valley Port, IL",9087044,149,VYS,10.1,,12.6,25.91,5.33
2019299N25265,OLGA,2019,"Jackson-Union Port District, IL",9087044,478.1,MDH,15.4,,12.6,93.99,12.95
2019299N25265,OLGA,2019,"Jefferson County Port, MO",9087044,462.5,SUS,45.2,,12.6,23.63,3.05
2019299N25265,OLGA,2019,"Lake Charles Harbor District, LA",8768094,19.6,LCH,21.8,0.36,11.1,45.74,12.7
2019299N25265,OLGA,2019,"Lake Providence Port, LA",8761927,319.1,TVR,46.9,0.394,11.7,34.56,6.1
2019299N25265,OLGA,2019,"Joliet Regional Port, IL",9087044,53.2,JOT,5,,12.6,69.09,14.22
2019299N25265,OLGA,2019,"Kaskaskia Regional Port, IL",9087044,440.9,SAR,22.3,,12.6,53.85,13.97
2019299N25265,OLGA,2019,"Louisville-Jefferson Port, KY",9087044,425.2,LOU,4.5,,12.6,31.77,7.37
2019299N25265,OLGA,2019,"Marblehead, OH",9063079,2.3,PCW,11.9,,8,4.57,3.81
2019299N25265,OLGA,2019,"Marine City, MI",9014070,10.5,PHN,22.1,,,0,0
2019299N25265,OLGA,2019,"Memphis-Shelby County Port, TN",8737138,519.7,2M8,9.7,0.604,,,
2019299N25265,OLGA,2019,"Marquette, MI",9099018,1.4,SAW,21.9,,6,0,0
2019299N25265,OLGA,2019,"Massac-Metropolis Port, IL",9087044,511.8,M30,5.1,,12.6,56.13,8.64
2019299N25265,OLGA,2019,"Mobile, AL",8736897,4.6,BFM,5.5,0.704,8,15.51,8.89
2019299N25265,OLGA,2019,"Mid-America Port, IA, IL and MO",9087044,359,EOK,26.5,,12.6,2.29,0.76
2019299N25265,OLGA,2019,"Milwaukee, WI",9087057,9.4,MWC,7.5,,,19.3,4.57
2019299N25265,OLGA,2019,"Monroe, MI",9063090,20.1,TTF,5.3,,,22.86,8.13
2019299N25265,OLGA,2019,"Nashville, TN",8737138,610.7,JWN,9.2,0.626,,32.26,8.64
2019299N25265,OLGA,2019,"Mueller Township, MI",9087096,10.2,ISQ,20.6,,11.7,4.32,2.54
2019299N25265,OLGA,2019,"Muskegon, MI",9087031,50.7,MKG,6.5,,16.1,32.01,17.02
2019299N25265,OLGA,2019,"New Orleans, LA",8761927,10.6,MSY,24.3,0.394,11.7,43.95,11.94
2019299N25265,OLGA,2019,"New Bourbon Port Authority, MO",9087044,485.1,PCD,14.9,,12.6,0,0
2019299N25265,OLGA,2019,"Orange County Nav District, TX",8770520,16.2,ORG,10.8,0.221,,41.4,12.95
2019299N25265,OLGA,2019,"New Madrid County Port, MO",9087044,599.3,MAW,30.4,,12.6,92.46,12.7
2019299N25265,OLGA,2019,"Northern Indiana District, IN",9087044,46.2,VPZ,7.9,,12.6,37.09,10.92
2019299N25265,OLGA,2019,"Panama City Port Authority, FL",8729108,10.3,TDR,19.4,0.334,10.3,9.91,3.3
2019299N25265,OLGA,2019,"Pemiscot County Port, MO",8737138,624.2,TKX,22.6,0.626,,0,0
2019299N25265,OLGA,2019,"Plaquemines Port District, LA",8760721,31.2,MZM,60.9,0.195,13.9,,
2019299N25265,OLGA,2019,"Port Arthur, TX",8770475,3.4,BPT,10.9,0.24,9.5,39.39,12.7
2019299N25265,OLGA,2019,"Port Freeport, TX",8772471,29.7,LBX,4.5,0.363,13.2,32.28,13.46
2019299N25265,OLGA,2019,"Port of Greater Baton Rouge, LA",8764044,87.2,BTR,17.6,0.142,8.5,44.73,10.67
2019299N25265,OLGA,2019,"Port of Greenville, MS",8747437,377.1,GLH,12.5,0.802,16.3,63,10.16
2019299N25265,OLGA,2019,"Port of Gulfport, MS",8747437,26.8,GPT,1.5,0.802,16.3,1.79,1.02
2019299N25265,OLGA,2019,"Port of Harlingen Authority, TX",8779280,24.3,HRL,13.7,,,2.03,1.78
2019299N25265,OLGA,2019,"Port of Iberia District, LA",8764227,53.1,ARA,34.9,0.387,14.2,34.31,5.33
2019299N25265,OLGA,2019,"Port of Pascagoula, MS",8741533,12.1,BIX,29.5,0.684,,3.56,3.05
2019299N25265,OLGA,2019,"Owensboro Riverport, KY",9087044,443.3,OWB,4.8,,12.6,31.01,8.64
2019299N25265,OLGA,2019,"Port of Rosedale, MS",8747437,412.7,RNV,12,0.802,16.3,0,0
2019299N25265,OLGA,2019,"Port of Vicksburg, MS",8747437,268.4,VKS,15,0.802,16.3,,
2019299N25265,OLGA,2019,"Paducah-McCracken Riverport, KY",9087044,529.9,PAH,5.6,,12.6,70.62,10.92
2019299N25265,OLGA,2019,"Sabine Pass Port Authority, TX",8770475,25.1,BPT,28.3,0.24,9.5,39.39,12.7
2019299N25265,OLGA,2019,"Presque Isle Township, MI",9075065,22.8,APN,23,,9.7,23.89,6.6
2019299N25265,OLGA,2019,"Rogers City, MI",9075065,49.5,PZQ,1.4,,9.7,0,0
2019299N25265,OLGA,2019,"South Louisiana, LA, Port of",8762482,27.1,APS,10.4,0.159,,0,0
2019299N25265,OLGA,2019,"Sandusky, OH",9063079,9.8,PCW,14.5,,8,4.57,3.81
2019299N25265,OLGA,2019,"Shawneetown Regional Port, IL",9087044,452.8,TWT,28,,12.6,,
2019299N25265,OLGA,2019,"Southeast Missouri Port, MO",9087044,530,SIK,38.8,,12.6,0,0
2019299N25265,OLGA,2019,"Southern Indiana District, IN",9087044,389.4,FRH,29.6,,12.6,0,0
2019299N25265,OLGA,2019,"Southwest Regional Port, IL",9087044,415.5,CPS,0.7,,12.6,30.49,4.57
2019299N25265,OLGA,2019,"Terrebonne Parish Port, LA",8764227,50.1,HUM,30.7,0.387,14.2,64.01,15.75
2019299N25265,OLGA,2019,"Texas City, TX",8771013,4.3,GLS,20.6,0.376,9.6,69.6,13.97
2019299N25265,OLGA,2019,"St. Louis City Port, MO",9087044,410.3,CPS,10.3,,12.6,30.49,4.57
2019299N25265,OLGA,2019,"Victoria, TX",8773259,39.3,VCT,8.2,0.199,13.9,14.99,6.1
2019299N25265,OLGA,2019,"West St. Mary Parish Port, LA",8764044,31.9,PTN,22.3,0.142,8.5,104.67,28.19
2019299N25265,OLGA,2019,"St. Louis County, MO",9087044,422.9,SUS,18.5,,12.6,23.63,3.05
2019323N19302,SEBASTIEN,2019,"Virgin Islands - St. Croix, VI",9751401,4.6,TISX,7.2,0.092,,0,0
2020138N28281,ARTHUR,2020,"Baltimore, MD",8574680,14.9,DMH,13.3,0.422,11.68,0,0
2020138N28281,ARTHUR,2020,"Canaveral Port District, FL",8721604,18.1,TIX,7.2,0.562,10.9,0,0
2020138N28281,ARTHUR,2020,"Jacksonville, FL",8720226,1.9,NIP,11.5,0.304,,0.01,0
2020138N28281,ARTHUR,2020,"Manatee County Port, FL",8726384,27,SRQ,21.6,0.172,,0.51,0.51
2020138N28281,ARTHUR,2020,"Morehead City, NC",8656483,6.2,MRH,7,0.693,10.61,85.87,20.57
2020138N28281,ARTHUR,2020,"New York, NY & NJ",8518750,1.8,JRB,2.2,0.998,,0,0
2020138N28281,ARTHUR,2020,"Philadelphia Regional Port, PA",8546252,8.8,PNE,4.1,1.049,,0,0
2020138N28281,ARTHUR,2020,"Port Everglades, FL",8722956,34.8,HWO,27.3,0.388,14.9,15.51,12.19
2020138N28281,ARTHUR,2020,"Port Jefferson, NY",8467150,24.9,ISP,18.8,1.103,9.6,0,0
2020138N28281,ARTHUR,2020,"Port of Brunswick, GA",8679598,41.1,SSI,9.3,,,0.01,0
2020138N28281,ARTHUR,2020,"Port of Charleston, SC",8665530,28.9,CHS,13.8,0.765,11.6,0.26,0.25
2020138N28281,ARTHUR,2020,"Port of Palm Beach District, FL",8722670,46.4,F45,31.9,0.416,10.1,4.32,1.27
2020138N28281,ARTHUR,2020,"Port of Savannah, GA",8670870,21.9,SAV,8.3,0.996,10.1,0.01,0
2020138N28281,ARTHUR,2020,"PortMiami, FL",8723214,36.4,TMB,7.4,0.316,14.8,0.52,0.51
2020138N28281,ARTHUR,2020,"South Jersey Port Corp, NJ",8545240,41.5,MIV,27.5,0.988,,0,0
2019299N25265,OLGA,2019,"Toledo-Lucas County Port, OH",9063085,1.1,TDZ,13.5,,10.8,6.36,6.35
2020138N28281,ARTHUR,2020,"Tampa Port Authority, FL",8726674,7.5,TPF,10.1,0.243,,0,0
2020138N28281,ARTHUR,2020,"Virginia, VA, Port of",8638610,5.7,NGU,6.2,0.974,,28.47,4.32
2020138N28281,ARTHUR,2020,"Wilmington, DE",8540433,13.2,ILG,9.3,0.921,,0,0
2020138N28281,ARTHUR,2020,"Wilmington, NC",8658120,6.4,ILM,6.8,0.651,,21.87,5.84
2020148N32281,BERTHA,2020,"Baltimore, MD",8574680,14.9,DMH,13.3,0.413,5.88,3.3,1.27
2020148N32281,BERTHA,2020,"Canaveral Port District, FL",8721604,18.1,TIX,7.2,0.75,11,0,0
2020148N32281,BERTHA,2020,"Chattanooga, TN",8670870,525.3,CHA,5.6,1.306,11,23.89,7.37
2019299N25265,OLGA,2019,"Winona Port Authority, MN",9087077,296.9,ONA,4.1,,,0,0
2020148N32281,BERTHA,2020,"Cincinnati, OH",9063085,296.7,LUK,8.6,,8.3,11.43,4.32
2020148N32281,BERTHA,2020,"Cleveland-Cuyahoga Port, OH",9063063,11.9,BKL,13.3,,9.2,4.08,2.03
2020148N32281,BERTHA,2020,"Jacksonville, FL",8720226,1.9,NIP,11.5,0.357,,14.74,13.46
2020148N32281,BERTHA,2020,"Conneaut, OH",9063038,47.8,HZY,19.7,,7.5,5.1,2.03
2020148N32281,BERTHA,2020,"Detroit-Wayne County Port, MI",9044030,13.1,DTW,8.3,,,4.07,3.05
2020148N32281,BERTHA,2020,"Louisville-Jefferson Port, KY",9087044,425.2,LOU,4.5,,7.1,4.58,2.29
2020148N32281,BERTHA,2020,"Marblehead, OH",9063079,2.3,PCW,11.9,,9.6,1.52,0.76
2020148N32281,BERTHA,2020,"Morehead City, NC",8656483,6.2,MRH,7,0.709,9.2,49.79,20.57
2020148N32281,BERTHA,2020,"Philadelphia Regional Port, PA",8546252,8.8,PNE,4.1,1.077,,1.27,0.51
2020148N32281,BERTHA,2020,"Marine City, MI",9014070,10.5,PHN,22.1,,,0,0
2020148N32281,BERTHA,2020,"Port of Brunswick, GA",8679598,41.1,SSI,9.3,,,0.52,0.51
2020148N32281,BERTHA,2020,"Port of Charleston, SC",8665530,28.9,CHS,13.8,1.039,9.6,54.12,21.34
2020148N32281,BERTHA,2020,"Port of Savannah, GA",8670870,21.9,SAV,8.3,1.306,11,0.76,0.51
2020148N32281,BERTHA,2020,"Monroe, MI",9063090,20.1,TTF,5.3,,,4.83,2.54
2020148N32281,BERTHA,2020,"South Jersey Port Corp, NJ",8545240,41.5,MIV,27.5,1.017,,0.52,0.51
2020148N32281,BERTHA,2020,"Pittsburgh, PA Port of",9063053,184.9,AGC,16.3,,,3.31,1.52
2020148N32281,BERTHA,2020,"Sandusky, OH",9063079,9.8,PCW,14.5,,9.6,1.52,0.76
2020148N32281,BERTHA,2020,"Virginia, VA, Port of",8638610,5.7,NGU,6.2,0.386,,10.68,3.05
2020148N32281,BERTHA,2020,"Wilmington, DE",8540433,13.2,ILG,9.3,0.982,,0.77,0.25
2020148N32281,BERTHA,2020,"Wilmington, NC",8658120,6.4,ILM,6.8,0.783,,8.91,7.11
2020148N32281,BERTHA,2020,"Southern Indiana District, IN",9087044,389.4,FRH,29.6,,7.1,0,0
2020148N32281,BERTHA,2020,"Toledo-Lucas County Port, OH",9063085,1.1,TDZ,13.5,,8.3,0.01,0
2020154N19269,CRISTOBAL,2020,"Alexandria-Cairo Port, IL",9087044,527.7,CIR,17.6,,15.5,0.51,0.25
2020154N19269,CRISTOBAL,2020,"Beaumont, TX",8770520,26.1,BMT,7.6,0.303,,0,0
2020154N19269,CRISTOBAL,2020,"Central Louisiana Regional, LA",8767816,126.9,AEX,15.3,0.385,,16.78,12.19
2020154N19269,CRISTOBAL,2020,"Alpena, MI",9075065,1.5,APN,9.8,,11.1,17.79,14.22
2020154N19269,CRISTOBAL,2020,"America's Central Port, IL",9087044,390.3,ALN,11.1,,15.5,0,0
2020154N19269,CRISTOBAL,2020,"Galveston, TX",8771486,7.6,GLS,2.4,0.431,9.3,4.83,2.54
2020154N19269,CRISTOBAL,2020,"Greater Lafourche Port, LA",8762075,24.3,GAO,12.9,0.644,,30.99,8.13
2020154N19269,CRISTOBAL,2020,"Clark Township, MI",9076024,29.1,CIU,25.9,,12.6,12.71,7.37
2020154N19269,CRISTOBAL,2020,"Duluth-Superior, MN and WI",9099064,3.8,DYT,6.3,,15.5,0,0
2020154N19269,CRISTOBAL,2020,"Green Bay, WI",9087077,7.2,OCQ,44.9,,,17.27,6.6
2020154N19269,CRISTOBAL,2020,"Havana Regional Port, IL",9087044,262.9,PIA,51.4,,15.5,9.42,3.05
2020154N19269,CRISTOBAL,2020,"Helena-West Helena Port, AR",8747437,478,CKM,34,1.357,14.4,10.67,3.56
2020154N19269,CRISTOBAL,2020,"Heart of Illinois Port, IL",9087044,221.2,PIA,7.4,,15.5,9.42,3.05
2020154N19269,CRISTOBAL,2020,"Heartland Port Authority, MO",9087044,507,JEF,18.6,,15.5,63.26,11.68
2020154N19269,CRISTOBAL,2020,"Houston Port Authority, TX",8770777,19,MCJ,16,0.378,5.5,,
2020154N19269,CRISTOBAL,2020,"Henderson County Riverport, KY",9087044,437.5,EHR,10,,15.5,2.55,1.52
2020154N19269,CRISTOBAL,2020,"Hickman-Fulton County Port, KY",9087044,591.7,UCY,24.2,,15.5,10.41,5.08
2020154N19269,CRISTOBAL,2020,"Illinois International Port, IL",9087044,17.3,ORD,24.3,,15.5,14.24,4.83
2020154N19269,CRISTOBAL,2020,"Illinois Valley Port, IL",9087044,149,VYS,10.1,,15.5,6.86,3.05
2020154N19269,CRISTOBAL,2020,"Jackson-Union Port District, IL",9087044,478.1,MDH,15.4,,15.5,8.9,2.29
2020154N19269,CRISTOBAL,2020,"Jefferson County Port, MO",9087044,462.5,SUS,45.2,,15.5,7.13,2.54
2020154N19269,CRISTOBAL,2020,"Lake Charles Harbor District, LA",8768094,19.6,LCH,21.8,0.46,12.7,2.04,1.78
2020154N19269,CRISTOBAL,2020,"Lake Providence Port, LA",8761927,319.1,TVR,46.9,1.01,17,42.97,16
2020154N19269,CRISTOBAL,2020,"Joliet Regional Port, IL",9087044,53.2,JOT,5,,15.5,5.84,4.57
2020154N19269,CRISTOBAL,2020,"Kaskaskia Regional Port, IL",9087044,440.9,SAR,22.3,,15.5,2.03,0.76
2020154N19269,CRISTOBAL,2020,"Memphis-Shelby County Port, TN",8737138,519.7,2M8,9.7,1.15,,,
2020154N19269,CRISTOBAL,2020,"Marquette, MI",9099018,1.4,SAW,21.9,,7.7,15.75,9.4
2020154N19269,CRISTOBAL,2020,"Massac-Metropolis Port, IL",9087044,511.8,M30,5.1,,15.5,10.16,5.84
2020154N19269,CRISTOBAL,2020,"Mobile, AL",8736897,4.6,BFM,5.5,1.175,15.3,12.95,6.86
2020154N19269,CRISTOBAL,2020,"Mid-America Port, IA, IL and MO",9087044,359,EOK,26.5,,15.5,21.84,7.11
2020154N19269,CRISTOBAL,2020,"Milwaukee, WI",9087057,9.4,MWC,7.5,,,2.54,1.02
2020154N19269,CRISTOBAL,2020,"Nashville, TN",8737138,610.7,JWN,9.2,0.818,,10.67,6.86
2020154N19269,CRISTOBAL,2020,"Mueller Township, MI",9087096,10.2,ISQ,20.6,,16.4,13.72,8.89
2020154N19269,CRISTOBAL,2020,"Muskegon, MI",9087031,50.7,MKG,6.5,,20.7,39.38,13.21
2020154N19269,CRISTOBAL,2020,"New Orleans, LA",8761927,10.6,MSY,24.3,0.999,17,65.29,7.87
2020154N19269,CRISTOBAL,2020,"New Bourbon Port Authority, MO",9087044,485.1,PCD,14.9,,15.5,2.54,0.76
2020154N19269,CRISTOBAL,2020,"Orange County Nav District, TX",8770520,16.2,ORG,10.8,0.303,,3.3,3.05
2020154N19269,CRISTOBAL,2020,"New Madrid County Port, MO",9087044,599.3,MAW,30.4,,15.5,7.11,2.03
2020154N19269,CRISTOBAL,2020,"Northern Indiana District, IN",9087044,46.2,VPZ,7.9,,15.5,3.07,0.76
2020154N19269,CRISTOBAL,2020,"Panama City Port Authority, FL",8729108,10.3,TDR,19.4,0.677,11.3,22.61,5.59
2020154N19269,CRISTOBAL,2020,"Pemiscot County Port, MO",8737138,624.2,TKX,22.6,1.15,,11.68,3.05
2020154N19269,CRISTOBAL,2020,"Plaquemines Port District, LA",8760721,31.2,MZM,60.9,0.676,14.6,,
2020154N19269,CRISTOBAL,2020,"Port Arthur, TX",8770475,3.4,BPT,10.9,0.346,8.9,7.39,4.06
2020154N19269,CRISTOBAL,2020,"Port Freeport, TX",8772471,29.7,LBX,4.5,0.399,10.8,0,0
2020154N19269,CRISTOBAL,2020,"Owensboro Riverport, KY",9087044,443.3,OWB,4.8,,15.5,2.81,2.03
2020154N19269,CRISTOBAL,2020,"Port of Greater Baton Rouge, LA",8764044,87.2,BTR,17.6,0.149,11.1,69.62,16.51
2020154N19269,CRISTOBAL,2020,"Port of Greenville, MS",8747437,377.1,GLH,12.5,1.768,18.5,46.49,9.14
2020154N19269,CRISTOBAL,2020,"Port of Gulfport, MS",8747437,26.8,GPT,1.5,1.76,18.5,182.39,43.18
2020154N19269,CRISTOBAL,2020,"Port of Iberia District, LA",8764227,53.1,ARA,34.9,0.571,7.7,14.52,2.79
2020154N19269,CRISTOBAL,2020,"Port of Pascagoula, MS",8741533,12.1,BIX,29.5,1.104,,204.73,36.07
2020154N19269,CRISTOBAL,2020,"Port of Rosedale, MS",8747437,412.7,RNV,12,1.357,14.4,0,0
2020154N19269,CRISTOBAL,2020,"Port of Vicksburg, MS",8747437,268.4,VKS,15,1.768,18.5,0,0
2020154N19269,CRISTOBAL,2020,"Paducah-McCracken Riverport, KY",9087044,529.9,PAH,5.6,,15.5,16.53,8.89
2020154N19269,CRISTOBAL,2020,"Sabine Pass Port Authority, TX",8770475,25.1,BPT,28.3,0.346,8.9,7.39,4.06
2020154N19269,CRISTOBAL,2020,"Presque Isle Township, MI",9075065,22.8,APN,23,,11.1,17.79,14.22
2020154N19269,CRISTOBAL,2020,"Rogers City, MI",9075065,49.5,PZQ,1.4,,11.1,0,0
2020154N19269,CRISTOBAL,2020,"South Louisiana, LA, Port of",8762482,27.1,APS,10.4,0.289,5.9,,
2020154N19269,CRISTOBAL,2020,"Shawneetown Regional Port, IL",9087044,452.8,TWT,28,,15.5,,
2020154N19269,CRISTOBAL,2020,"Silver Bay, MN",9099064,84.4,TWM,44.6,,15.5,0.25,0.25
2020154N19269,CRISTOBAL,2020,"Southeast Missouri Port, MO",9087044,530,SIK,38.8,,15.5,0,0
2020154N19269,CRISTOBAL,2020,"Southern Indiana District, IN",9087044,389.4,FRH,29.6,,15.5,0,0
2020154N19269,CRISTOBAL,2020,"Southwest Regional Port, IL",9087044,415.5,CPS,0.7,,15.5,3.57,0.76
2020154N19269,CRISTOBAL,2020,"St. Louis City Port, MO",9087044,410.3,CPS,10.3,,15.5,3.57,0.76
2020154N19269,CRISTOBAL,2020,"Terrebonne Parish Port, LA",8764227,50.1,HUM,30.7,0.569,8.3,9.14,3.81
2020154N19269,CRISTOBAL,2020,"Texas City, TX",8771013,4.3,GLS,20.6,0.437,10.9,4.83,2.54
2020154N19269,CRISTOBAL,2020,"Tulsa-Rogers County Port, OK",8767816,714.7,GCM,17.7,0.38,,0,0
2020154N19269,CRISTOBAL,2020,"St. Louis County, MO",9087044,422.9,SUS,18.5,,15.5,7.13,2.54
2020154N19269,CRISTOBAL,2020,"West St. Mary Parish Port, LA",8764044,31.9,PTN,22.3,0.147,11.1,86.38,31.5
2020154N19269,CRISTOBAL,2020,"St. Paul Port Authority, MN",9099064,217.8,SGS,11.5,,15.5,9.91,2.54
2020188N28271,FAY,2020,"Albany Port District, NY",8518979,34.5,SCH,23.8,,,0,0
2020188N28271,FAY,2020,"Baltimore, MD",8574680,14.9,DMH,13.3,0.342,8.56,,
2020188N28271,FAY,2020,"Boston, MA",8443970,6.8,BOS,4.4,1.408,,0.26,0.25
2020188N28271,FAY,2020,"Bridgeport, CT",8467150,1.6,DXR,31.3,1.099,12.3,32.28,8.13
2020188N28271,FAY,2020,"Canaveral Port District, FL",8721604,18.1,TIX,7.2,0.984,14.8,0,0
2020188N28271,FAY,2020,"Chattanooga, TN",8670870,525.3,CHA,5.6,1.316,9.3,0.52,0.25
2020188N28271,FAY,2020,"Greater Lafourche Port, LA",8762075,24.3,GAO,12.9,0.389,,0.51,0.25
2020154N19269,CRISTOBAL,2020,"Two Harbors, MN",9099064,42.4,TWM,5.7,,15.5,0.25,0.25
2020188N28271,FAY,2020,"Guntersville, AL",8737138,433.2,8A1,3.6,0.449,,,
2020188N28271,FAY,2020,"Jacksonville, FL",8720226,1.9,NIP,11.5,0.329,,19.32,7.37
2020188N28271,FAY,2020,"Manatee County Port, FL",8726384,27,SRQ,21.6,0.502,,12.2,7.87
2020188N28271,FAY,2020,"Mobile, AL",8736897,4.6,BFM,5.5,0.492,9,19.85,5.33
2020188N28271,FAY,2020,"Morehead City, NC",8656483,6.2,MRH,7,0.592,8.13,18.06,6.35
2020188N28271,FAY,2020,"Nashville, TN",8737138,610.7,JWN,9.2,0.403,,0,0
2020188N28271,FAY,2020,"New Haven, CT",8465705,3.3,MMK,23.5,0.985,10,4.84,1.52
2020188N28271,FAY,2020,"New Orleans, LA",8761927,10.6,MSY,24.3,0.218,9.2,53.85,24.89
2020188N28271,FAY,2020,"New York, NY & NJ",8518750,1.8,JRB,2.2,0.797,,1.02,0.76
2020188N28271,FAY,2020,"Panama City Port Authority, FL",8729108,10.3,TDR,19.4,0.437,12.5,22.1,4.32
2020188N28271,FAY,2020,"Philadelphia Regional Port, PA",8546252,8.8,PNE,4.1,1.143,,65.54,19.81
2020188N28271,FAY,2020,"Plaquemines Port District, LA",8760721,31.2,MZM,60.9,0.316,9.4,,
2020188N28271,FAY,2020,"Port Jefferson, NY",8467150,24.9,ISP,18.8,1.099,12.3,15.51,9.4
2020188N28271,FAY,2020,"Port of Brunswick, GA",8679598,41.1,SSI,9.3,,,8.14,3.81
2020188N28271,FAY,2020,"Port of Charleston, SC",8665530,28.9,CHS,13.8,1.054,7.5,45.75,16.51
2020188N28271,FAY,2020,"Port of Greater Baton Rouge, LA",8764044,87.2,BTR,17.6,0.063,6.6,55.63,50.29
2020188N28271,FAY,2020,"Port of Gulfport, MS",8747437,26.8,GPT,1.5,0.538,8.4,17.27,11.18
2020188N28271,FAY,2020,"Port of Iberia District, LA",8764227,53.1,ARA,34.9,0.315,8.9,0,0
2020154N19269,CRISTOBAL,2020,"Winona Port Authority, MN",9087077,296.9,ONA,4.1,,,0,0
2020188N28271,FAY,2020,"Port of Pascagoula, MS",8741533,12.1,BIX,29.5,0.464,,29.47,16.51
2020188N28271,FAY,2020,"Port of Providence, RI",8454000,1.2,PVD,9.2,0.706,10.8,0.53,0.51
2020188N28271,FAY,2020,"Port of Savannah, GA",8670870,21.9,SAV,8.3,1.326,9.3,18.57,5.08
2020188N28271,FAY,2020,"Portland, ME",8418150,1.7,PWM,5.6,1.327,,10.42,5.08
2020188N28271,FAY,2020,"Portsmouth, NH",8419870,4.1,PSM,4,1.236,,5.35,4.57
2020188N28271,FAY,2020,"Searsport, ME",8413320,57.9,BGR,38,1.473,7.6,14.49,5.08
2020188N28271,FAY,2020,"South Jersey Port Corp, NJ",8545240,41.5,MIV,27.5,1.068,,89.16,21.08
2020188N28271,FAY,2020,"South Louisiana, LA, Port of",8762482,27.1,APS,10.4,0.049,6.4,42.42,17.78
2020188N28271,FAY,2020,"Tampa Port Authority, FL",8726674,7.5,TPF,10.1,0.579,,11.94,9.4
2020188N28271,FAY,2020,"Terrebonne Parish Port, LA",8764227,50.1,HUM,30.7,0.359,8.9,2.79,2.79
2020188N28271,FAY,2020,"Virginia, VA, Port of",8638610,5.7,NGU,6.2,0.606,,3.56,2.79
2020188N28271,FAY,2020,"West St. Mary Parish Port, LA",8764044,31.9,PTN,22.3,0.063,6.6,2.29,1.27
2020188N28271,FAY,2020,"Wilmington, DE",8540433,13.2,ILG,9.3,1.009,,70.11,21.84
2020188N28271,FAY,2020,"Wilmington, NC",8658120,6.4,ILM,6.8,0.727,,42.73,16.51
2020205N26272,HANNA,2020,"Beaumont, TX",8770520,26.1,BMT,7.6,0.486,,0,0
2020205N26272,HANNA,2020,"Brownsville, TX",8779770,20.5,BRO,12.1,0.411,17.3,109.74,31.24
2020205N26272,HANNA,2020,"Calhoun Port Authority, TX",8773259,7.7,PKV,14.3,1.038,18,11.94,5.33
2020205N26272,HANNA,2020,"Central Louisiana Regional, LA",8767816,126.9,AEX,15.3,0.442,,27.44,8.89
2020205N26272,HANNA,2020,"Corpus Christi, TX",8775222,0.9,CRP,7.3,,,87.9,15.49
2020205N26272,HANNA,2020,"Galveston, TX",8771486,7.6,GLS,2.4,0.677,13.7,45.26,17.53
2020205N26272,HANNA,2020,"Greater Lafourche Port, LA",8762075,24.3,GAO,12.9,0.391,,32,12.7
2020205N26272,HANNA,2020,"Houston Port Authority, TX",8770777,19,MCJ,16,0.88,10,54.1,16.26
2020205N26272,HANNA,2020,"Lake Charles Harbor District, LA",8768094,19.6,LCH,21.8,0.565,12.7,15.5,9.14
2020205N26272,HANNA,2020,"New Orleans, LA",8761927,10.6,MSY,24.3,0.547,11.5,17.81,4.57
2020205N26272,HANNA,2020,"Orange County Nav District, TX",8770520,16.2,ORG,10.8,0.486,,25.15,11.94
2020205N26272,HANNA,2020,"Plaquemines Port District, LA",8760721,31.2,MZM,60.9,0.39,9.8,,
2020205N26272,HANNA,2020,"Port Arthur, TX",8770475,3.4,BPT,10.9,0.484,8,61.75,13.97
2020205N26272,HANNA,2020,"Port Freeport, TX",8772471,29.7,LBX,4.5,0.862,17.8,38.39,9.65
2020188N28271,FAY,2020,"Pittsburgh, PA Port of",9063053,184.9,AGC,16.3,,15.1,34.81,27.94
2020205N26272,HANNA,2020,"Port of Greater Baton Rouge, LA",8764044,87.2,BTR,17.6,0.318,10.1,14.5,9.4
2020205N26272,HANNA,2020,"Port of Harlingen Authority, TX",8779280,24.3,HRL,13.7,0.592,22.6,36.07,16.76
2020205N26272,HANNA,2020,"Port of Iberia District, LA",8764227,53.1,ARA,34.9,0.594,9.2,29.22,9.4
2020205N26272,HANNA,2020,"Sabine Pass Port Authority, TX",8770475,25.1,BPT,28.3,0.501,8,66.83,13.97
2020205N26272,HANNA,2020,"South Louisiana, LA, Port of",8762482,27.1,APS,10.4,0.179,7.3,6.86,2.79
2020205N26272,HANNA,2020,"Terrebonne Parish Port, LA",8764227,50.1,HUM,30.7,0.594,9.2,4.57,2.54
2020205N26272,HANNA,2020,"Texas City, TX",8771013,4.3,GLS,20.6,0.735,13.4,45.26,17.53
2020205N26272,HANNA,2020,"Victoria, TX",8773259,39.3,VCT,8.2,1.038,18,51.57,11.43
2020205N26272,HANNA,2020,"West St. Mary Parish Port, LA",8764044,31.9,PTN,22.3,0.318,10.1,5.86,1.52
2020211N13306,ISAIAS,2020,"Albany Port District, NY",8518979,34.5,SCH,23.8,,,0,0
2020211N13306,ISAIAS,2020,"Baltimore, MD",8574680,14.9,DMH,13.3,0.451,12.52,,
2020211N13306,ISAIAS,2020,"Boston, MA",8443970,6.8,BOS,4.4,1.687,,4.32,4.32
2020211N13306,ISAIAS,2020,"Bridgeport, CT",8467150,1.6,DXR,31.3,1.228,20,18.8,8.13
2020211N13306,ISAIAS,2020,"Canaveral Port District, FL",8721604,18.1,TIX,7.2,0.918,12.6,0,0
2020211N13306,ISAIAS,2020,"Guaynabo, PR",9755371,12.8,TJIG,12.7,0.312,,0,0
2020211N13306,ISAIAS,2020,"Jacksonville, FL",8720226,1.9,NIP,11.5,0.442,,18.05,9.4
2020211N13306,ISAIAS,2020,"Manatee County Port, FL",8726384,27,SRQ,21.6,0.517,,3.3,2.54
2020211N13306,ISAIAS,2020,"Morehead City, NC",8656483,6.2,MRH,7,0.798,21.79,32.01,13.46
2020211N13306,ISAIAS,2020,"New Haven, CT",8465705,3.3,MMK,23.5,1.108,19.1,2.8,1.27
2020211N13306,ISAIAS,2020,"New York, NY & NJ",8518750,1.8,JRB,2.2,1.046,,5.09,2.03
2020211N13306,ISAIAS,2020,"Philadelphia Regional Port, PA",8546252,8.8,PNE,4.1,1.537,,60.98,37.59
2020211N13306,ISAIAS,2020,"Conneaut, OH",9063038,47.8,HZY,19.7,,10.1,0.26,0.25
2020211N13306,ISAIAS,2020,"Port Everglades, FL",8722956,34.8,HWO,27.3,0.63,,23.71,15.75
2020211N13306,ISAIAS,2020,"Port Jefferson, NY",8467150,24.9,ISP,18.8,1.228,20,4.34,2.79
2020211N13306,ISAIAS,2020,"Port of Brunswick, GA",8679598,41.1,SSI,9.3,,,50.04,13.72
2020211N13306,ISAIAS,2020,"Port of Charleston, SC",8665530,28.9,CHS,13.8,1.136,15.6,28.96,4.06
2020211N13306,ISAIAS,2020,"Port of Palm Beach District, FL",8722670,46.4,F45,31.9,0.64,18.2,8.89,3.05
2020211N13306,ISAIAS,2020,"Port of Providence, RI",8454000,1.2,PVD,9.2,0.914,20.1,4.83,4.83
2020211N13306,ISAIAS,2020,"Port of Savannah, GA",8670870,21.9,SAV,8.3,1.428,14,7.63,4.06
2020211N13306,ISAIAS,2020,"PortMiami, FL",8723214,36.4,TMB,7.4,0.502,13.2,26.97,5.33
2020211N13306,ISAIAS,2020,"Portland, ME",8418150,1.7,PWM,5.6,1.666,,4.07,3.81
2020211N13306,ISAIAS,2020,"Portsmouth, NH",8419870,4.1,PSM,4,1.512,,2.29,2.29
2020211N13306,ISAIAS,2020,"San Juan, PR",9755371,6.5,TJIG,5,0.312,,0,0
2020211N13306,ISAIAS,2020,"Searsport, ME",8413320,57.9,BGR,38,1.979,9.3,9.4,4.83
2020211N13306,ISAIAS,2020,"South Jersey Port Corp, NJ",8545240,41.5,MIV,27.5,1.446,,44.46,24.89
2020211N13306,ISAIAS,2020,"Tampa Port Authority, FL",8726674,7.5,TPF,10.1,0.576,,1.27,1.27
2020211N13306,ISAIAS,2020,"Virgin Islands - St. Croix, VI",9751401,4.6,TISX,7.2,0.204,,16.01,10.41
2020211N13306,ISAIAS,2020,"Virginia, VA, Port of",8638610,5.7,NGU,6.2,0.458,,11.69,5.33
2020211N13306,ISAIAS,2020,"Wilmington, DE",8540433,13.2,ILG,9.3,1.372,,114.06,25.91
2020211N13306,ISAIAS,2020,"Guayama, PR",9755968,9.9,TJPS,45.3,,,,
2020211N13306,ISAIAS,2020,"Wilmington, NC",8658120,6.4,ILM,6.8,1.704,,58.43,12.95
2020224N11326,JOSEPHINE,2020,"Guaynabo, PR",9755371,12.8,TJIG,12.7,0.291,,0,0
2020224N11326,JOSEPHINE,2020,"San Juan, PR",9755371,6.5,TJIG,5,0.291,,0,0
2020224N11326,JOSEPHINE,2020,"Virgin Islands - St. Croix, VI",9751401,4.6,TISX,7.2,0.137,,0.01,0
2020228N37286,KYLE,2020,"Baltimore, MD",8574680,14.9,DMH,13.3,0.111,9.19,,
2020228N37286,KYLE,2020,"Boston, MA",8443970,6.8,BOS,4.4,1.266,,0.01,0
2020228N37286,KYLE,2020,"Bridgeport, CT",8467150,1.6,DXR,31.3,1.062,6.8,0,0
2020228N37286,KYLE,2020,"Morehead City, NC",8656483,6.2,MRH,7,0.526,9.02,0.76,0.76
2020228N37286,KYLE,2020,"New Haven, CT",8465705,3.3,MMK,23.5,0.989,6.1,0,0
2020228N37286,KYLE,2020,"New York, NY & NJ",8518750,1.8,JRB,2.2,0.875,,0,0
2020228N37286,KYLE,2020,"Philadelphia Regional Port, PA",8546252,8.8,PNE,4.1,1.046,,0,0
2020228N37286,KYLE,2020,"Port Jefferson, NY",8467150,24.9,ISP,18.8,1.062,6.8,0,0
2020228N37286,KYLE,2020,"Port of Providence, RI",8454000,1.2,PVD,9.2,0.751,9.3,0,0
2020228N37286,KYLE,2020,"South Jersey Port Corp, NJ",8545240,41.5,MIV,27.5,0.983,,0.01,0
2020228N37286,KYLE,2020,"Virginia, VA, Port of",8638610,5.7,NGU,6.2,0.604,,101.87,20.07
2020228N37286,KYLE,2020,"Wilmington, DE",8540433,13.2,ILG,9.3,0.918,,0.01,0
2020228N37286,KYLE,2020,"Wilmington, NC",8658120,6.4,ILM,6.8,0.535,,0,0
2020211N13306,ISAIAS,2020,"Pittsburgh, PA Port of",9063053,184.9,AGC,16.3,,11.4,4.07,1.78
2020224N11326,JOSEPHINE,2020,"Guayama, PR",9755968,9.9,TJPS,45.3,,,,
2020233N14313,LAURA,2020,"Beaumont, TX",8770520,26.1,BMT,7.6,0.498,,0,0
2020233N14313,LAURA,2020,"Calhoun Port Authority, TX",8773259,7.7,PKV,14.3,0.659,8.8,15.75,15.75
2020233N14313,LAURA,2020,"Central Louisiana Regional, LA",8767816,126.9,AEX,15.3,1.294,,142.77,43.43
2020233N14313,LAURA,2020,"Chattanooga, TN",8670870,525.3,CHA,5.6,1.027,7.9,5.61,1.78
2020233N14313,LAURA,2020,"Alexandria-Cairo Port, IL",9087044,527.7,CIR,17.6,,7.7,6.6,4.83
2020233N14313,LAURA,2020,"America's Central Port, IL",9087044,390.3,ALN,11.1,,7.7,0,0
2020233N14313,LAURA,2020,"Corpus Christi, TX",8775222,0.9,CRP,7.3,,,0.76,0.76
2020233N14313,LAURA,2020,"Cincinnati, OH",9063085,296.7,LUK,8.6,,9.3,7.63,3.56
2020233N14313,LAURA,2020,"Galveston, TX",8771486,7.6,GLS,2.4,0.948,13.5,5.09,2.54
2020233N14313,LAURA,2020,"Greater Lafourche Port, LA",8762075,24.3,GAO,12.9,0.716,,58.17,23.11
2020233N14313,LAURA,2020,"Cleveland-Cuyahoga Port, OH",9063063,11.9,BKL,13.3,,12.2,6.86,2.29
2020233N14313,LAURA,2020,"Guaynabo, PR",9755371,12.8,TJIG,12.7,0.359,,0,0
2020233N14313,LAURA,2020,"Guntersville, AL",8737138,433.2,8A1,3.6,0.37,,,
2020233N14313,LAURA,2020,"Detroit-Wayne County Port, MI",9044030,13.1,DTW,8.3,,,11.43,5.59
2020233N14313,LAURA,2020,"Guayama, PR",9755968,9.9,TJPS,45.3,,,,
2020233N14313,LAURA,2020,"Havana Regional Port, IL",9087044,262.9,PIA,51.4,,7.7,0,0
2020233N14313,LAURA,2020,"Helena-West Helena Port, AR",8747437,478,CKM,34,0.868,13.4,3.56,0.76
2020233N14313,LAURA,2020,"Heart of Illinois Port, IL",9087044,221.2,PIA,7.4,,7.7,0,0
2020233N14313,LAURA,2020,"Heartland Port Authority, MO",9087044,507,JEF,18.6,,7.7,6.86,6.6
2020233N14313,LAURA,2020,"Houston Port Authority, TX",8770777,19,MCJ,16,0.782,9.4,6.6,4.83
2020233N14313,LAURA,2020,"Henderson County Riverport, KY",9087044,437.5,EHR,10,,7.7,9.41,4.06
2020233N14313,LAURA,2020,"Hickman-Fulton County Port, KY",9087044,591.7,UCY,24.2,,7.7,23.37,7.87
2020233N14313,LAURA,2020,"Illinois International Port, IL",9087044,17.3,ORD,24.3,,7.4,0,0
2020233N14313,LAURA,2020,"Illinois Valley Port, IL",9087044,149,VYS,10.1,,7.7,0,0
2020233N14313,LAURA,2020,"Jackson-Union Port District, IL",9087044,478.1,MDH,15.4,,7.7,21.09,7.37
2020233N14313,LAURA,2020,"Jefferson County Port, MO",9087044,462.5,SUS,45.2,,7.7,0.01,0
2020233N14313,LAURA,2020,"Lake Charles Harbor District, LA",8768094,19.6,LCH,21.8,2.717,41.8,63.76,15.24
2020233N14313,LAURA,2020,"Lake Providence Port, LA",8761927,319.1,TVR,46.9,0.8,8.9,7.38,3.05
2020233N14313,LAURA,2020,"Joliet Regional Port, IL",9087044,53.2,JOT,5,,7.7,0,0
2020233N14313,LAURA,2020,"Kaskaskia Regional Port, IL",9087044,440.9,SAR,22.3,,7.7,0,0
2020233N14313,LAURA,2020,"Louisville-Jefferson Port, KY",9087044,425.2,LOU,4.5,,7.7,16.79,4.06
2020233N14313,LAURA,2020,"Memphis-Shelby County Port, TN",8737138,519.7,2M8,9.7,0.589,,,
2020233N14313,LAURA,2020,"Marblehead, OH",9063079,2.3,PCW,11.9,,11.9,9.4,6.6
2020233N14313,LAURA,2020,"Mobile, AL",8736897,4.6,BFM,5.5,0.627,7.8,7.12,4.32
2020233N14313,LAURA,2020,"Massac-Metropolis Port, IL",9087044,511.8,M30,5.1,,7.7,6.6,3.05
2020233N14313,LAURA,2020,"Nashville, TN",8737138,610.7,JWN,9.2,0.37,,18.03,7.37
2020233N14313,LAURA,2020,"Mid-America Port, IA, IL and MO",9087044,359,EOK,26.5,,7.7,0,0
2020233N14313,LAURA,2020,"Monroe, MI",9063090,20.1,TTF,5.3,,,8.38,6.35
2020233N14313,LAURA,2020,"New Orleans, LA",8761927,10.6,MSY,24.3,0.799,8.9,24.41,16.76
2020233N14313,LAURA,2020,"New Bourbon Port Authority, MO",9087044,485.1,PCD,14.9,,7.7,3.3,1.27
2020233N14313,LAURA,2020,"Orange County Nav District, TX",8770520,16.2,ORG,10.8,0.529,,28.45,11.18
2020233N14313,LAURA,2020,"New Madrid County Port, MO",9087044,599.3,MAW,30.4,,7.7,22.35,4.32
2020233N14313,LAURA,2020,"Northern Indiana District, IN",9087044,46.2,VPZ,7.9,,7.7,1.53,0.76
2020233N14313,LAURA,2020,"Pemiscot County Port, MO",8737138,624.2,TKX,22.6,0.589,,44.45,25.4
2020233N14313,LAURA,2020,"Owensboro Riverport, KY",9087044,443.3,OWB,4.8,,7.7,13.72,4.57
2020233N14313,LAURA,2020,"Plaquemines Port District, LA",8760721,31.2,MZM,60.9,0.537,11.3,,
2020233N14313,LAURA,2020,"Port Arthur, TX",8770475,3.4,BPT,10.9,0.651,19.6,25.91,4.06
2020233N14313,LAURA,2020,"Port Freeport, TX",8772471,29.7,LBX,4.5,1.188,13.5,0.26,0.25
2020233N14313,LAURA,2020,"Port of Greater Baton Rouge, LA",8764044,87.2,BTR,17.6,1.156,15.1,63.03,16.51
2020233N14313,LAURA,2020,"Port of Greenville, MS",8747437,377.1,GLH,12.5,0.854,13.4,11.19,3.3
2020233N14313,LAURA,2020,"Port of Gulfport, MS",8747437,26.8,GPT,1.5,0.854,13.4,12.96,9.4
2020233N14313,LAURA,2020,"Port of Iberia District, LA",8764227,53.1,ARA,34.9,1.403,12.3,115.83,38.86
2020233N14313,LAURA,2020,"Port of Pascagoula, MS",8741533,12.1,BIX,29.5,0.637,,14.23,11.94
2020233N14313,LAURA,2020,"Port of Rosedale, MS",8747437,412.7,RNV,12,0.868,13.4,0,0
2020233N14313,LAURA,2020,"Port of Vicksburg, MS",8747437,268.4,VKS,15,0.854,13.4,0,0
2020233N14313,LAURA,2020,"PortMiami, FL",8723214,36.4,TMB,7.4,0.488,10.8,0,0
2020233N14313,LAURA,2020,"Sabine Pass Port Authority, TX",8770475,25.1,BPT,28.3,0.651,19.6,25.91,4.06
2020233N14313,LAURA,2020,"Paducah-McCracken Riverport, KY",9087044,529.9,PAH,5.6,,7.7,11.44,3.56
2020233N14313,LAURA,2020,"San Juan, PR",9755371,6.5,TJIG,5,0.359,,0,0
2020233N14313,LAURA,2020,"Pittsburgh, PA Port of",9063053,184.9,AGC,16.3,,14.5,16.51,7.11
2020233N14313,LAURA,2020,"South Louisiana, LA, Port of",8762482,27.1,APS,10.4,0.332,10.3,30.99,8.89
2020233N14313,LAURA,2020,"Sandusky, OH",9063079,9.8,PCW,14.5,,11.9,9.4,6.6
2020233N14313,LAURA,2020,"Shawneetown Regional Port, IL",9087044,452.8,TWT,28,,7.7,,
2020233N14313,LAURA,2020,"Southeast Missouri Port, MO",9087044,530,SIK,38.8,,7.7,0,0
2020233N14313,LAURA,2020,"Southern Indiana District, IN",9087044,389.4,FRH,29.6,,7.7,0,0
2020233N14313,LAURA,2020,"Southwest Regional Port, IL",9087044,415.5,CPS,0.7,,7.7,1.53,1.27
2020233N14313,LAURA,2020,"Terrebonne Parish Port, LA",8764227,50.1,HUM,30.7,1.403,12.3,0.25,0.25
2020233N14313,LAURA,2020,"Texas City, TX",8771013,4.3,GLS,20.6,0.715,12.4,5.09,2.54
2020233N14313,LAURA,2020,"St. Louis City Port, MO",9087044,410.3,CPS,10.3,,7.7,1.53,1.27
2020233N14313,LAURA,2020,"Tulsa-Rogers County Port, OK",8767816,714.7,GCM,17.7,1.274,,0,0
2020233N14313,LAURA,2020,"Victoria, TX",8773259,39.3,VCT,8.2,0.659,8.8,5.59,2.03
2020233N14313,LAURA,2020,"Virgin Islands - St. Croix, VI",9751401,4.6,TISX,7.2,0.144,,61.76,15.49
2020233N14313,LAURA,2020,"West St. Mary Parish Port, LA",8764044,31.9,PTN,22.3,1.146,15.1,92.2,24.13
2020234N14280,MARCO,2020,"Beaumont, TX",8770520,26.1,BMT,7.6,0.109,,0,0
2020233N14313,LAURA,2020,"St. Louis County, MO",9087044,422.9,SUS,18.5,,7.7,0.01,0
2020234N14280,MARCO,2020,"Calhoun Port Authority, TX",8773259,7.7,PKV,14.3,0.13,7.7,0,0
2020234N14280,MARCO,2020,"Central Louisiana Regional, LA",8767816,126.9,AEX,15.3,0.124,,22.11,15.75
2020234N14280,MARCO,2020,"Galveston, TX",8771486,7.6,GLS,2.4,0.24,13.3,0,0
2020234N14280,MARCO,2020,"Greater Lafourche Port, LA",8762075,24.3,GAO,12.9,0.338,,11.94,7.11
2020234N14280,MARCO,2020,"Houston Port Authority, TX",8770777,19,MCJ,16,0.196,9.4,0,0
2020234N14280,MARCO,2020,"Lake Providence Port, LA",8761927,319.1,TVR,46.9,0.596,13.2,2.8,1.78
2020234N14280,MARCO,2020,"Lake Charles Harbor District, LA",8768094,19.6,LCH,21.8,0.207,11.3,0.51,0.51
2020234N14280,MARCO,2020,"New Orleans, LA",8761927,10.6,MSY,24.3,0.596,13.2,9.67,7.87
2020234N14280,MARCO,2020,"Mobile, AL",8736897,4.6,BFM,5.5,0.389,10.5,17.56,7.87
2020234N14280,MARCO,2020,"Orange County Nav District, TX",8770520,16.2,ORG,10.8,0.109,,0.76,0.76
2020234N14280,MARCO,2020,"Panama City Port Authority, FL",8729108,10.3,TDR,19.4,0.262,7.8,,
2020234N14280,MARCO,2020,"Port Arthur, TX",8770475,3.4,BPT,10.9,0.171,7.1,0.26,0.25
2020234N14280,MARCO,2020,"Plaquemines Port District, LA",8760721,31.2,MZM,60.9,0.378,10,,
2020234N14280,MARCO,2020,"Port Freeport, TX",8772471,29.7,LBX,4.5,0.265,13.5,0,0
2020234N14280,MARCO,2020,"Port of Greater Baton Rouge, LA",8764044,87.2,BTR,17.6,0.075,9.7,2.55,1.27
2020233N14313,LAURA,2020,"Toledo-Lucas County Port, OH",9063085,1.1,TDZ,13.5,,9.3,12.95,9.65
2020234N14280,MARCO,2020,"Port of Greenville, MS",8747437,377.1,GLH,12.5,0.525,11.5,4.58,3.05
2020234N14280,MARCO,2020,"Port of Gulfport, MS",8747437,26.8,GPT,1.5,0.565,11.5,5.6,2.03
2020234N14280,MARCO,2020,"Port of Iberia District, LA",8764227,53.1,ARA,34.9,0.167,12.1,5.85,5.59
2020234N14280,MARCO,2020,"Port of Pascagoula, MS",8741533,12.1,BIX,29.5,0.422,,3.32,1.27
2020234N14280,MARCO,2020,"Port of Vicksburg, MS",8747437,268.4,VKS,15,0.565,11.5,0,0
2020234N14280,MARCO,2020,"Sabine Pass Port Authority, TX",8770475,25.1,BPT,28.3,0.148,7.1,0.26,0.25
2020234N14280,MARCO,2020,"Terrebonne Parish Port, LA",8764227,50.1,HUM,30.7,0.167,12.1,0,0
2020234N14280,MARCO,2020,"South Louisiana, LA, Port of",8762482,27.1,APS,10.4,-0.04,8.7,6.6,2.29
2020234N14280,MARCO,2020,"Texas City, TX",8771013,4.3,GLS,20.6,0.255,12.1,0,0
2020234N14280,MARCO,2020,"West St. Mary Parish Port, LA",8764044,31.9,PTN,22.3,0.075,9.7,2.54,1.78
2020234N14280,MARCO,2020,"Victoria, TX",8773259,39.3,VCT,8.2,0.13,7.7,0,0
2020244N30279,OMAR,2020,"Canaveral Port District, FL",8721604,18.1,TIX,7.2,0.625,11.3,0,0
2020244N30279,OMAR,2020,"Jacksonville, FL",8720226,1.9,NIP,11.5,0.139,,13.49,7.62
2020244N30279,OMAR,2020,"Manatee County Port, FL",8726384,27,SRQ,21.6,0.355,,31,18.03
2020244N30279,OMAR,2020,"Morehead City, NC",8656483,6.2,MRH,7,0.639,9.41,1.79,1.78
2020244N30279,OMAR,2020,"Panama City Port Authority, FL",8729108,10.3,TDR,19.4,0.273,10.6,,
2020244N30279,OMAR,2020,"Port Everglades, FL",8722956,34.8,HWO,27.3,0.38,,19.81,19.81
2020244N30279,OMAR,2020,"Port of Brunswick, GA",8679598,41.1,SSI,9.3,,,0.02,0
2020244N30279,OMAR,2020,"Port of Charleston, SC",8665530,28.9,CHS,13.8,0.929,6.2,11.95,11.94
2020244N30279,OMAR,2020,"Port of Palm Beach District, FL",8722670,46.4,F45,31.9,0.43,15.6,11.43,5.59
2020244N30279,OMAR,2020,"Port of Savannah, GA",8670870,21.9,SAV,8.3,1.12,7.6,41.4,40.13
2020244N30279,OMAR,2020,"Tampa Port Authority, FL",8726674,7.5,TPF,10.1,0.442,,79.76,27.69
2020244N30279,OMAR,2020,"Virginia, VA, Port of",8638610,5.7,NGU,6.2,0.463,,0.01,0
2020244N30279,OMAR,2020,"Wilmington, NC",8658120,6.4,ILM,6.8,0.708,,1.52,1.52
2020256N11329,TEDDY,2020,"Searsport, ME",8413320,57.9,BGR,38,1.751,11.6,0,0
2020256N25281,SALLY,2020,"Canaveral Port District, FL",8721604,18.1,TIX,7.2,0.688,10.9,0,0
2020256N25281,SALLY,2020,"Central Louisiana Regional, LA",8767816,126.9,AEX,15.3,0.319,,0.02,0
2020256N25281,SALLY,2020,"Chattanooga, TN",8670870,525.3,CHA,5.6,1.344,10.5,7.64,2.54
2020256N25281,SALLY,2020,"Greater Lafourche Port, LA",8762075,24.3,GAO,12.9,0.686,,0.25,0.25
2020256N25281,SALLY,2020,"Guntersville, AL",8737138,433.2,8A1,3.6,0.191,,,
2020256N25281,SALLY,2020,"Helena-West Helena Port, AR",8747437,478,CKM,34,0.082,14.1,0,0
2020256N25281,SALLY,2020,"Jacksonville, FL",8720226,1.9,NIP,11.5,0.407,,26.2,4.57
2020256N25281,SALLY,2020,"Lake Providence Port, LA",8761927,319.1,TVR,46.9,0.736,13.5,0.01,0
2020256N25281,SALLY,2020,"Manatee County Port, FL",8726384,27,SRQ,21.6,0.407,,41.97,8.13
2020256N25281,SALLY,2020,"Memphis-Shelby County Port, TN",8737138,519.7,2M8,9.7,0.209,,,
2020256N25281,SALLY,2020,"Morehead City, NC",8656483,6.2,MRH,7,0.622,10.9,15.25,3.81
2020256N25281,SALLY,2020,"Mobile, AL",8736897,4.6,BFM,5.5,0.538,20.3,109.5,7.62
2020256N25281,SALLY,2020,"Nashville, TN",8737138,610.7,JWN,9.2,0.2,,0,0
2020256N25281,SALLY,2020,"New Orleans, LA",8761927,10.6,MSY,24.3,0.783,13.5,0.27,0.25
2020256N25281,SALLY,2020,"Panama City Port Authority, FL",8729108,10.3,TDR,19.4,0.913,14.2,,
2020256N25281,SALLY,2020,"Plaquemines Port District, LA",8760721,31.2,MZM,60.9,1.106,19.4,,
2020256N25281,SALLY,2020,"Port of Brunswick, GA",8679598,41.1,SSI,9.3,,,11.7,5.84
2020256N25281,SALLY,2020,"Port Everglades, FL",8722956,34.8,HWO,27.3,0.367,,0,0
2020256N25281,SALLY,2020,"Port of Charleston, SC",8665530,28.9,CHS,13.8,1.052,12.5,41.94,12.95
2020256N25281,SALLY,2020,"Port of Greater Baton Rouge, LA",8764044,87.2,BTR,17.6,0.29,8.2,0.01,0
2020256N25281,SALLY,2020,"Port of Greenville, MS",8747437,377.1,GLH,12.5,0.082,14.1,0,0
2020256N25281,SALLY,2020,"Port of Gulfport, MS",8747437,26.8,GPT,1.5,0.969,16.3,1.29,0.76
2020256N25281,SALLY,2020,"Port of Iberia District, LA",8764227,53.1,ARA,34.9,0.428,6,0.76,0.51
2020256N25281,SALLY,2020,"Port of Palm Beach District, FL",8722670,46.4,F45,31.9,0.372,16.4,43.18,9.65
2020256N25281,SALLY,2020,"Port of Pascagoula, MS",8741533,12.1,BIX,29.5,0.916,,6.62,2.29
2020256N25281,SALLY,2020,"Port of Rosedale, MS",8747437,412.7,RNV,12,0.082,14.1,0,0
2020256N25281,SALLY,2020,"Port of Savannah, GA",8670870,21.9,SAV,8.3,1.336,10,36.08,12.19
2020256N25281,SALLY,2020,"Port of Vicksburg, MS",8747437,268.4,VKS,15,0.918,16.3,0,0
2020256N25281,SALLY,2020,"PortMiami, FL",8723214,36.4,TMB,7.4,0.321,13.4,34.07,6.86
2020256N25281,SALLY,2020,"Tampa Port Authority, FL",8726674,7.5,TPF,10.1,0.473,,18.03,10.41
2020256N25281,SALLY,2020,"South Louisiana, LA, Port of",8762482,27.1,APS,10.4,0.029,5.8,5.33,5.33
2020256N25281,SALLY,2020,"Terrebonne Parish Port, LA",8764227,50.1,HUM,30.7,0.421,6,0,0
2020256N25281,SALLY,2020,"West St. Mary Parish Port, LA",8764044,31.9,PTN,22.3,0.29,8.2,0.51,0.25
2020256N25281,SALLY,2020,"Wilmington, NC",8658120,6.4,ILM,6.8,0.895,,117.11,26.42
2020261N21265,BETA,2020,"Beaumont, TX",8770520,26.1,BMT,7.6,0.644,,0,0
2020261N21265,BETA,2020,"Brownsville, TX",8779770,20.5,BRO,12.1,0.504,9.9,6.1,3.56
2020261N21265,BETA,2020,"Calhoun Port Authority, TX",8773259,7.7,PKV,14.3,0.591,14.7,60.2,9.65
2020261N21265,BETA,2020,"Central Louisiana Regional, LA",8767816,126.9,AEX,15.3,0.583,,92.27,19.81
2020261N21265,BETA,2020,"Chattanooga, TN",8670870,525.3,CHA,5.6,0.999,9.2,108.47,25.91
2020261N21265,BETA,2020,"Corpus Christi, TX",8775222,0.9,CRP,7.3,,,34.56,7.37
2020261N21265,BETA,2020,"Greater Lafourche Port, LA",8762075,24.3,GAO,12.9,0.495,,71.88,5.84
2020261N21265,BETA,2020,"Galveston, TX",8771486,7.6,GLS,2.4,0.878,16.1,88.95,18.03
2020261N21265,BETA,2020,"Guntersville, AL",8737138,433.2,8A1,3.6,0.623,,,
2020261N21265,BETA,2020,"Helena-West Helena Port, AR",8747437,478,CKM,34,0.677,13,3.56,0.51
2020261N21265,BETA,2020,"Alexandria-Cairo Port, IL",9087044,527.7,CIR,17.6,,8.7,2.03,0.76
2020261N21265,BETA,2020,"Houston Port Authority, TX",8770777,19,MCJ,16,1.331,8.1,241.3,24.13
2020261N21265,BETA,2020,"Henderson County Riverport, KY",9087044,437.5,EHR,10,,8.7,0.26,0.25
2020261N21265,BETA,2020,"Lake Charles Harbor District, LA",8768094,19.6,LCH,21.8,0.77,16.6,38.13,5.33
2020261N21265,BETA,2020,"Lake Providence Port, LA",8761927,319.1,TVR,46.9,0.583,7.9,64.55,7.37
2020261N21265,BETA,2020,"Hickman-Fulton County Port, KY",9087044,591.7,UCY,24.2,,8.7,1.78,1.02
2020261N21265,BETA,2020,"Jackson-Union Port District, IL",9087044,478.1,MDH,15.4,,8.7,0.26,0.25
2020261N21265,BETA,2020,"Memphis-Shelby County Port, TN",8737138,519.7,2M8,9.7,0.623,,,
2020261N21265,BETA,2020,"Mobile, AL",8736897,4.6,BFM,5.5,0.725,7.7,0.01,0
2020261N21265,BETA,2020,"Nashville, TN",8737138,610.7,JWN,9.2,0.623,,1.27,0.51
2020261N21265,BETA,2020,"Louisville-Jefferson Port, KY",9087044,425.2,LOU,4.5,,8.7,0,0
2020261N21265,BETA,2020,"New Orleans, LA",8761927,10.6,MSY,24.3,0.829,15.4,35.91,6.1
2020261N21265,BETA,2020,"Orange County Nav District, TX",8770520,16.2,ORG,10.8,0.644,,37.08,4.83
2020261N21265,BETA,2020,"Massac-Metropolis Port, IL",9087044,511.8,M30,5.1,,8.7,,
2020261N21265,BETA,2020,"New Madrid County Port, MO",9087044,599.3,MAW,30.4,,8.7,1.27,0.51
2020261N21265,BETA,2020,"Panama City Port Authority, FL",8729108,10.3,TDR,19.4,0.459,9.3,36.58,18.03
2020261N21265,BETA,2020,"Pemiscot County Port, MO",8737138,624.2,TKX,22.6,0.623,,0.76,0.25
2020261N21265,BETA,2020,"Plaquemines Port District, LA",8760721,31.2,MZM,60.9,0.524,11,,
2020261N21265,BETA,2020,"Port Arthur, TX",8770475,3.4,BPT,10.9,0.677,9.2,35.37,4.57
2020261N21265,BETA,2020,"Port Freeport, TX",8772471,29.7,LBX,4.5,0.835,19.2,110.82,23.62
2020261N21265,BETA,2020,"Port of Greater Baton Rouge, LA",8764044,87.2,BTR,17.6,0.422,11.6,34.9,6.86
2020261N21265,BETA,2020,"Owensboro Riverport, KY",9087044,443.3,OWB,4.8,,8.7,0,0
2020261N21265,BETA,2020,"Port of Greenville, MS",8747437,377.1,GLH,12.5,0.677,13,87.14,13.97
2020261N21265,BETA,2020,"Port of Gulfport, MS",8747437,26.8,GPT,1.5,0.834,13,39.41,8.64
2020261N21265,BETA,2020,"Port of Harlingen Authority, TX",8779280,24.3,HRL,13.7,0.397,10.3,0.01,0
2020261N21265,BETA,2020,"Port of Iberia District, LA",8764227,53.1,ARA,34.9,0.566,10,71.95,10.67
2020261N21265,BETA,2020,"Port of Pascagoula, MS",8741533,12.1,BIX,29.5,0.591,,8.38,3.81
2020261N21265,BETA,2020,"Port of Rosedale, MS",8747437,412.7,RNV,12,0.677,13,0,0
2020261N21265,BETA,2020,"Port of Vicksburg, MS",8747437,268.4,VKS,15,0.677,13,0,0
2020261N21265,BETA,2020,"Sabine Pass Port Authority, TX",8770475,25.1,BPT,28.3,0.677,9.2,35.37,4.57
2020261N21265,BETA,2020,"South Louisiana, LA, Port of",8762482,27.1,APS,10.4,0.365,8.4,25.4,5.08
2020261N21265,BETA,2020,"Paducah-McCracken Riverport, KY",9087044,529.9,PAH,5.6,,8.7,1.03,0.51
2020261N21265,BETA,2020,"Shawneetown Regional Port, IL",9087044,452.8,TWT,28,,8.7,,
2020261N21265,BETA,2020,"Terrebonne Parish Port, LA",8764227,50.1,HUM,30.7,0.566,10,22.35,3.05
2020261N21265,BETA,2020,"Texas City, TX",8771013,4.3,GLS,20.6,0.903,17.9,88.95,18.03
2020261N21265,BETA,2020,"Victoria, TX",8773259,39.3,VCT,8.2,0.571,14.7,92.47,14.48
2020261N21265,BETA,2020,"West St. Mary Parish Port, LA",8764044,31.9,PTN,22.3,0.411,11.6,59.76,13.72
2020261N21265,BETA,2020,"Southeast Missouri Port, MO",9087044,530,SIK,38.8,,8.7,0,0
2020279N16284,DELTA,2020,"Beaumont, TX",8770520,26.1,BMT,7.6,0.206,,0,0
2020279N16284,DELTA,2020,"Brownsville, TX",8779770,20.5,BRO,12.1,0.47,9.7,0.01,0
2020279N16284,DELTA,2020,"Calhoun Port Authority, TX",8773259,7.7,PKV,14.3,0.571,9.4,0,0
2020279N16284,DELTA,2020,"Central Louisiana Regional, LA",8767816,126.9,AEX,15.3,0.349,,250.21,43.18
2020261N21265,BETA,2020,"Southern Indiana District, IN",9087044,389.4,FRH,29.6,,8.7,0,0
2020279N16284,DELTA,2020,"Chattanooga, TN",8670870,525.3,CHA,5.6,0.845,5.4,73.44,8.13
2020279N16284,DELTA,2020,"Corpus Christi, TX",8775222,0.9,CRP,7.3,,,0.26,0.25
2020279N16284,DELTA,2020,"Galveston, TX",8771486,7.6,GLS,2.4,0.658,19.7,54.1,7.87
2020279N16284,DELTA,2020,"Greater Lafourche Port, LA",8762075,24.3,GAO,12.9,0.538,,9.91,3.81
2020279N16284,DELTA,2020,"Guntersville, AL",8737138,433.2,8A1,3.6,0.884,,,
2020279N16284,DELTA,2020,"Helena-West Helena Port, AR",8747437,478,CKM,34,1.066,19.6,1.02,0.25
2020279N16284,DELTA,2020,"Alexandria-Cairo Port, IL",9087044,527.7,CIR,17.6,,7.6,4.06,2.29
2020279N16284,DELTA,2020,"Cincinnati, OH",9063085,296.7,LUK,8.6,,10.1,0.52,0.25
2020279N16284,DELTA,2020,"Houston Port Authority, TX",8770777,19,MCJ,16,0.542,9.6,2.79,0.76
2020279N16284,DELTA,2020,"Henderson County Riverport, KY",9087044,437.5,EHR,10,,7.6,0.01,0
2020279N16284,DELTA,2020,"Hickman-Fulton County Port, KY",9087044,591.7,UCY,24.2,,7.6,1.78,0.51
2020279N16284,DELTA,2020,"Jackson-Union Port District, IL",9087044,478.1,MDH,15.4,,7.6,0,0
2020279N16284,DELTA,2020,"Lake Charles Harbor District, LA",8768094,19.6,LCH,21.8,1.551,32.7,232.16,49.02
2020279N16284,DELTA,2020,"Lake Providence Port, LA",8761927,319.1,TVR,46.9,0.501,12,87.4,13.72
2020279N16284,DELTA,2020,"Jefferson County Port, MO",9087044,462.5,SUS,45.2,,7.6,0,0
2020279N16284,DELTA,2020,"Kaskaskia Regional Port, IL",9087044,440.9,SAR,22.3,,7.6,0,0
2020279N16284,DELTA,2020,"Memphis-Shelby County Port, TN",8737138,519.7,2M8,9.7,0.884,,,
2020279N16284,DELTA,2020,"Mobile, AL",8736897,4.6,BFM,5.5,1.039,10.4,35.58,19.05
2020279N16284,DELTA,2020,"Nashville, TN",8737138,610.7,JWN,9.2,0.884,,30.99,4.57
2020279N16284,DELTA,2020,"Louisville-Jefferson Port, KY",9087044,425.2,LOU,4.5,,7.6,0.01,0
2020279N16284,DELTA,2020,"Massac-Metropolis Port, IL",9087044,511.8,M30,5.1,,7.6,,
2020279N16284,DELTA,2020,"New Orleans, LA",8761927,10.6,MSY,24.3,0.501,12,16.01,4.57
2020279N16284,DELTA,2020,"Orange County Nav District, TX",8770520,16.2,ORG,10.8,0.206,,93.22,16
2020279N16284,DELTA,2020,"New Bourbon Port Authority, MO",9087044,485.1,PCD,14.9,,7.6,0,0
2020279N16284,DELTA,2020,"New Madrid County Port, MO",9087044,599.3,MAW,30.4,,7.6,7.11,1.52
2020279N16284,DELTA,2020,"Pemiscot County Port, MO",8737138,624.2,TKX,22.6,0.884,,21.08,4.32
2020279N16284,DELTA,2020,"Plaquemines Port District, LA",8760721,31.2,MZM,60.9,0.436,14.5,,
2020279N16284,DELTA,2020,"Port Arthur, TX",8770475,3.4,BPT,10.9,0.279,26.3,120.92,20.07
2020279N16284,DELTA,2020,"Port Freeport, TX",8772471,29.7,LBX,4.5,0.624,15.3,3.82,1.27
2020279N16284,DELTA,2020,"Port of Greater Baton Rouge, LA",8764044,87.2,BTR,17.6,1.029,16.8,230.41,54.36
2020279N16284,DELTA,2020,"Port of Greenville, MS",8747437,377.1,GLH,12.5,1.084,19.6,142.77,52.83
2020279N16284,DELTA,2020,"Port of Gulfport, MS",8747437,26.8,GPT,1.5,1.084,19.6,8.13,4.06
2020279N16284,DELTA,2020,"Port of Harlingen Authority, TX",8779280,24.3,HRL,13.7,0.243,11.9,0,0
2020279N16284,DELTA,2020,"Port of Iberia District, LA",8764227,53.1,ARA,34.9,1.736,13.9,69.36,16.26
2020279N16284,DELTA,2020,"Port of Pascagoula, MS",8741533,12.1,BIX,29.5,0.961,,46.74,40.64
2020279N16284,DELTA,2020,"Port of Rosedale, MS",8747437,412.7,RNV,12,1.084,19.6,0,0
2020279N16284,DELTA,2020,"Port of Vicksburg, MS",8747437,268.4,VKS,15,1.084,19.6,0,0
2020279N16284,DELTA,2020,"Sabine Pass Port Authority, TX",8770475,25.1,BPT,28.3,0.279,26.3,120.92,20.07
2020279N16284,DELTA,2020,"Owensboro Riverport, KY",9087044,443.3,OWB,4.8,,7.6,0.01,0
2020279N16284,DELTA,2020,"South Louisiana, LA, Port of",8762482,27.1,APS,10.4,0.276,13.7,28.7,10.16
2020279N16284,DELTA,2020,"Paducah-McCracken Riverport, KY",9087044,529.9,PAH,5.6,,7.6,5.86,4.83
2020279N16284,DELTA,2020,"Shawneetown Regional Port, IL",9087044,452.8,TWT,28,,7.6,,
2020279N16284,DELTA,2020,"Southeast Missouri Port, MO",9087044,530,SIK,38.8,,7.6,0,0
2020279N16284,DELTA,2020,"Southern Indiana District, IN",9087044,389.4,FRH,29.6,,7.6,0,0
2020279N16284,DELTA,2020,"Southwest Regional Port, IL",9087044,415.5,CPS,0.7,,7.6,0,0
2020279N16284,DELTA,2020,"Terrebonne Parish Port, LA",8764227,50.1,HUM,30.7,1.736,13.9,4.57,4.06
2020279N16284,DELTA,2020,"Texas City, TX",8771013,4.3,GLS,20.6,0.583,16.4,54.1,7.87
2020279N16284,DELTA,2020,"Victoria, TX",8773259,39.3,VCT,8.2,0.571,9.4,0,0
2020279N16284,DELTA,2020,"West St. Mary Parish Port, LA",8764044,31.9,PTN,22.3,1.024,16.8,0,0
2020299N18277,ZETA,2020,"Albany Port District, NY",8518979,34.5,SCH,23.8,,,0,0
2020279N16284,DELTA,2020,"St. Louis City Port, MO",9087044,410.3,CPS,10.3,,7.6,0,0
2020299N18277,ZETA,2020,"Baltimore, MD",8574680,14.9,DMH,13.3,0.337,8.26,,
2020299N18277,ZETA,2020,"Beaumont, TX",8770520,26.1,BMT,7.6,0.178,,0,0
2020299N18277,ZETA,2020,"Boston, MA",8443970,6.8,BOS,4.4,1.807,,13.98,2.79
2020299N18277,ZETA,2020,"Bridgeport, CT",8467150,1.6,DXR,31.3,1.581,8.3,42.43,5.08
2020299N18277,ZETA,2020,"Central Louisiana Regional, LA",8767816,126.9,AEX,15.3,0.314,,18.8,9.65
2020299N18277,ZETA,2020,"Chattanooga, TN",8670870,525.3,CHA,5.6,0.987,13.1,46.49,16
2020279N16284,DELTA,2020,"St. Louis County, MO",9087044,422.9,SUS,18.5,,7.6,0,0
2020299N18277,ZETA,2020,"Galveston, TX",8771486,7.6,GLS,2.4,0.198,12.2,5.6,2.54
2020299N18277,ZETA,2020,"Greater Lafourche Port, LA",8762075,24.3,GAO,12.9,0.886,,18.54,6.1
2020299N18277,ZETA,2020,"Guntersville, AL",8737138,433.2,8A1,3.6,1.382,,,
2020299N18277,ZETA,2020,"Helena-West Helena Port, AR",8747437,478,CKM,34,2.5,35.8,1.02,0.25
2020299N18277,ZETA,2020,"Alexandria-Cairo Port, IL",9087044,527.7,CIR,17.6,,11.9,70.61,10.92
2020299N18277,ZETA,2020,"Cincinnati, OH",9063085,296.7,LUK,8.6,,6.8,50.81,6.6
2020299N18277,ZETA,2020,"Houston Port Authority, TX",8770777,19,MCJ,16,0.169,5.9,1.52,0.51
2020299N18277,ZETA,2020,"Lake Charles Harbor District, LA",8768094,19.6,LCH,21.8,0.42,13.5,7.89,4.57
2020299N18277,ZETA,2020,"Lake Providence Port, LA",8761927,319.1,TVR,46.9,1.219,30.3,5.36,2.29
2020299N18277,ZETA,2020,"Henderson County Riverport, KY",9087044,437.5,EHR,10,,11.9,94.24,13.46
2020299N18277,ZETA,2020,"Hickman-Fulton County Port, KY",9087044,591.7,UCY,24.2,,11.9,38.86,3.56
2020299N18277,ZETA,2020,"Memphis-Shelby County Port, TN",8737138,519.7,2M8,9.7,1.382,,,
2020299N18277,ZETA,2020,"Mobile, AL",8736897,4.6,BFM,5.5,1.65,20,29.99,17.78
2020299N18277,ZETA,2020,"Morehead City, NC",8656483,6.2,MRH,7,0.551,11.28,0.01,0
2020299N18277,ZETA,2020,"Nashville, TN",8737138,610.7,JWN,9.2,1.382,,4.83,2.54
2020299N18277,ZETA,2020,"New Haven, CT",8465705,3.3,MMK,23.5,1.431,6.1,46.23,4.32
2020299N18277,ZETA,2020,"Louisville-Jefferson Port, KY",9087044,425.2,LOU,4.5,,11.9,60.71,8.64
2020299N18277,ZETA,2020,"New Orleans, LA",8761927,10.6,MSY,24.3,1.219,30.3,74.44,27.94
2020299N18277,ZETA,2020,"New York, NY & NJ",8518750,1.8,JRB,2.2,1.358,,7.43,2.03
2020299N18277,ZETA,2020,"Orange County Nav District, TX",8770520,16.2,ORG,10.8,0.178,,16,10.67
2020299N18277,ZETA,2020,"Massac-Metropolis Port, IL",9087044,511.8,M30,5.1,,11.9,,
2020299N18277,ZETA,2020,"New Madrid County Port, MO",9087044,599.3,MAW,30.4,,11.9,84.07,18.54
2020299N18277,ZETA,2020,"Panama City Port Authority, FL",8729108,10.3,TDR,19.4,0.456,14.4,0.51,0.51
2020299N18277,ZETA,2020,"Pemiscot County Port, MO",8737138,624.2,TKX,22.6,1.382,,69.85,15.75
2020299N18277,ZETA,2020,"Philadelphia Regional Port, PA",8546252,8.8,PNE,4.1,1.204,,59.7,6.6
2020299N18277,ZETA,2020,"Owensboro Riverport, KY",9087044,443.3,OWB,4.8,,11.9,68.84,8.38
2020299N18277,ZETA,2020,"Plaquemines Port District, LA",8760721,31.2,MZM,60.9,0.601,23.5,,
2020299N18277,ZETA,2020,"Port Arthur, TX",8770475,3.4,BPT,10.9,0.216,11.3,10.18,3.3
2020299N18277,ZETA,2020,"Port Freeport, TX",8772471,29.7,LBX,4.5,0.264,13.9,3.06,2.03
2020299N18277,ZETA,2020,"Port Jefferson, NY",8467150,24.9,ISP,18.8,1.581,8.3,47.5,5.08
2020299N18277,ZETA,2020,"Port of Charleston, SC",8665530,28.9,CHS,13.8,0.768,10,5.6,3.56
2020299N18277,ZETA,2020,"Port of Greater Baton Rouge, LA",8764044,87.2,BTR,17.6,0.22,14.5,10.18,4.32
2020299N18277,ZETA,2020,"Port of Greenville, MS",8747437,377.1,GLH,12.5,2.508,35.8,15.27,5.08
2020299N18277,ZETA,2020,"Port of Gulfport, MS",8747437,26.8,GPT,1.5,2.508,35.8,50.56,20.83
2020299N18277,ZETA,2020,"Port of Iberia District, LA",8764227,53.1,ARA,34.9,0.341,11.9,16.53,14.48
2020299N18277,ZETA,2020,"Port of Pascagoula, MS",8741533,12.1,BIX,29.5,2.132,,68.33,31.24
2020299N18277,ZETA,2020,"Port of Providence, RI",8454000,1.2,PVD,9.2,1.079,9.5,46.75,4.57
2020299N18277,ZETA,2020,"Port of Rosedale, MS",8747437,412.7,RNV,12,2.5,35.8,0,0
2020299N18277,ZETA,2020,"Port of Savannah, GA",8670870,21.9,SAV,8.3,0.987,13.1,17.79,10.16
2020299N18277,ZETA,2020,"Port of Vicksburg, MS",8747437,268.4,VKS,15,2.508,35.8,0,0
2020299N18277,ZETA,2020,"Portland, ME",8418150,1.7,PWM,5.6,1.69,,3.06,1.02
2020299N18277,ZETA,2020,"Portsmouth, NH",8419870,4.1,PSM,4,1.582,,7.64,2.29
2020299N18277,ZETA,2020,"Sabine Pass Port Authority, TX",8770475,25.1,BPT,28.3,0.216,11.3,10.18,3.3
2020299N18277,ZETA,2020,"Paducah-McCracken Riverport, KY",9087044,529.9,PAH,5.6,,11.9,80.78,13.72
2020299N18277,ZETA,2020,"South Jersey Port Corp, NJ",8545240,41.5,MIV,27.5,1.157,,59.95,9.65
2020299N18277,ZETA,2020,"South Louisiana, LA, Port of",8762482,27.1,APS,10.4,0.406,16.6,49.28,15.75
2020299N18277,ZETA,2020,"Pittsburgh, PA Port of",9063053,184.9,AGC,16.3,,14.76,25.91,3.56
2020299N18277,ZETA,2020,"Shawneetown Regional Port, IL",9087044,452.8,TWT,28,,11.9,,
2020299N18277,ZETA,2020,"Terrebonne Parish Port, LA",8764227,50.1,HUM,30.7,0.341,11.9,0,0
2020299N18277,ZETA,2020,"Texas City, TX",8771013,4.3,GLS,20.6,0.157,8.7,5.6,2.54
2020299N18277,ZETA,2020,"Virginia, VA, Port of",8638610,5.7,NGU,6.2,0.704,,5.6,3.56
2020299N18277,ZETA,2020,"West St. Mary Parish Port, LA",8764044,31.9,PTN,22.3,0.22,14.5,23.12,9.65
2020299N18277,ZETA,2020,"Wilmington, DE",8540433,13.2,ILG,9.3,1.063,,57.43,9.91
2020299N18277,ZETA,2020,"Wilmington, NC",8658120,6.4,ILM,6.8,0.699,,0.01,0
2020306N15288,ETA,2020,"Canaveral Port District, FL",8721604,18.1,TIX,7.2,0.756,12,0,0
2020306N15288,ETA,2020,"Jacksonville, FL",8720226,1.9,NIP,11.5,0.384,,16.28,8.38
2020306N15288,ETA,2020,"Manatee County Port, FL",8726384,27,SRQ,21.6,1.063,,187.52,26.92
2020306N15288,ETA,2020,"Morehead City, NC",8656483,6.2,MRH,7,0.839,13.5,14.23,6.1
2020306N15288,ETA,2020,"Panama City Port Authority, FL",8729108,10.3,TDR,19.4,0.426,7.2,8.38,8.38
2020306N15288,ETA,2020,"Port Everglades, FL",8722956,34.8,HWO,27.3,0.586,24.4,228.14,23.62
2020306N15288,ETA,2020,"Port of Brunswick, GA",8679598,41.1,SSI,9.3,,,3.58,0.76
2020306N15288,ETA,2020,"Port of Charleston, SC",8665530,28.9,CHS,13.8,1.09,13.8,33.05,13.46
2020306N15288,ETA,2020,"Port of Palm Beach District, FL",8722670,46.4,F45,31.9,0.539,19.4,113.03,22.1
2020306N15288,ETA,2020,"Port of Savannah, GA",8670870,21.9,SAV,8.3,1.247,9.7,5.87,2.03
2020306N15288,ETA,2020,"PortMiami, FL",8723214,36.4,TMB,7.4,0.63,16.1,0,0
2020299N18277,ZETA,2020,"Southeast Missouri Port, MO",9087044,530,SIK,38.8,,11.9,0,0
2020306N15288,ETA,2020,"Tampa Port Authority, FL",8726674,7.5,TPF,10.1,1.409,,49.28,6.35
2020306N15288,ETA,2020,"Virginia, VA, Port of",8638610,5.7,NGU,6.2,0.784,,0,0
2020306N15288,ETA,2020,"Wilmington, NC",8658120,6.4,ILM,6.8,0.879,,104.91,21.34
2021165N32282,BILL,2021,"Canaveral Port District, FL",8721604,18.1,TIX,7.2,0.683,12.5,0,0
2021165N32282,BILL,2021,"Jacksonville, FL",8720226,1.9,NIP,11.5,0.373,,45.21,18.03
2021165N32282,BILL,2021,"Morehead City, NC",8656483,6.2,MRH,7,0.836,8.41,1.28,0.76
2021165N32282,BILL,2021,"Port of Brunswick, GA",8679598,41.1,SSI,9.3,,,23.63,12.7
2021165N32282,BILL,2021,"Port of Charleston, SC",8665530,28.9,CHS,13.8,1.132,6.5,40.66,14.48
2021165N32282,BILL,2021,"Port of Savannah, GA",8670870,21.9,SAV,8.3,1.37,,42.17,30.73
2021165N32282,BILL,2021,"Virginia, VA, Port of",8638610,5.7,NGU,6.2,0.486,,0,0
2021165N32282,BILL,2021,"Wilmington, NC",8658120,6.4,ILM,6.8,0.898,,71.38,35.31
2021169N23268,CLAUDETTE,2021,"Baltimore, MD",8574680,14.9,DMH,13.3,0.341,6.32,,
2021169N23268,CLAUDETTE,2021,"Beaumont, TX",8770520,26.1,BMT,7.6,0.141,,0,0
2021169N23268,CLAUDETTE,2021,"Boston, MA",8443970,6.8,BOS,4.4,1.771,,21.34,8.38
2021169N23268,CLAUDETTE,2021,"Bridgeport, CT",8467150,1.6,DXR,31.3,1.444,6.1,5.6,1.02
2021169N23268,CLAUDETTE,2021,"Central Louisiana Regional, LA",8767816,126.9,AEX,15.3,0.159,,0.01,0
2021169N23268,CLAUDETTE,2021,"Chattanooga, TN",8670870,525.3,CHA,5.6,1.064,,24.14,9.14
2021169N23268,CLAUDETTE,2021,"Galveston, TX",8771486,7.6,GLS,2.4,0.227,9.7,1.02,0.51
2021169N23268,CLAUDETTE,2021,"Greater Lafourche Port, LA",8762075,24.3,GAO,12.9,0.313,,5.59,0.51
2021169N23268,CLAUDETTE,2021,"Guntersville, AL",8737138,433.2,8A1,3.6,0.762,,,
2021169N23268,CLAUDETTE,2021,"Helena-West Helena Port, AR",8747437,478,CKM,34,1.403,17.2,0,0
2021169N23268,CLAUDETTE,2021,"Houston Port Authority, TX",8770777,19,MCJ,16,0.304,5.2,0,0
2021169N23268,CLAUDETTE,2021,"Jacksonville, FL",8720226,1.9,NIP,11.5,0.223,,52.34,24.89
2021169N23268,CLAUDETTE,2021,"Lake Charles Harbor District, LA",8768094,19.6,LCH,21.8,0.237,11.5,0,0
2021169N23268,CLAUDETTE,2021,"Lake Providence Port, LA",8761927,319.1,TVR,46.9,0.636,15,0,0
2020299N18277,ZETA,2020,"Southern Indiana District, IN",9087044,389.4,FRH,29.6,,11.9,0,0
2021169N23268,CLAUDETTE,2021,"Memphis-Shelby County Port, TN",8737138,519.7,2M8,9.7,0.766,,,
2021169N23268,CLAUDETTE,2021,"Mobile, AL",8736897,4.6,BFM,5.5,0.891,13.7,81.3,26.67
2021169N23268,CLAUDETTE,2021,"Morehead City, NC",8656483,6.2,MRH,7,0.618,12.82,6.1,4.06
2021169N23268,CLAUDETTE,2021,"Nashville, TN",8737138,610.7,JWN,9.2,0.766,,0,0
2021169N23268,CLAUDETTE,2021,"New Haven, CT",8465705,3.3,MMK,23.5,1.349,11.4,7.11,3.56
2021169N23268,CLAUDETTE,2021,"Hickman-Fulton County Port, KY",9087044,591.7,UCY,24.2,,7.5,0,0
2021169N23268,CLAUDETTE,2021,"New Orleans, LA",8761927,10.6,MSY,24.3,0.644,15,39.91,12.45
2021169N23268,CLAUDETTE,2021,"New York, NY & NJ",8518750,1.8,JRB,2.2,1.031,,0.53,0.25
2021169N23268,CLAUDETTE,2021,"Orange County Nav District, TX",8770520,16.2,ORG,10.8,0.141,,5.33,5.33
2021169N23268,CLAUDETTE,2021,"Massac-Metropolis Port, IL",9087044,511.8,M30,5.1,,7.5,,
2021169N23268,CLAUDETTE,2021,"Panama City Port Authority, FL",8729108,10.3,TDR,19.4,0.294,15,29.46,10.41
2021169N23268,CLAUDETTE,2021,"Pemiscot County Port, MO",8737138,624.2,TKX,22.6,0.766,,0,0
2021169N23268,CLAUDETTE,2021,"Philadelphia Regional Port, PA",8546252,8.8,PNE,4.1,1.225,,5.09,1.78
2021169N23268,CLAUDETTE,2021,"Plaquemines Port District, LA",8760721,31.2,MZM,60.9,0.362,17.9,,
2021169N23268,CLAUDETTE,2021,"Port Arthur, TX",8770475,3.4,BPT,10.9,0.173,5.7,0,0
2021169N23268,CLAUDETTE,2021,"Port Freeport, TX",8772471,29.7,LBX,4.5,0.33,12.3,0,0
2021169N23268,CLAUDETTE,2021,"Port Jefferson, NY",8467150,24.9,ISP,18.8,1.444,6.1,23.12,7.37
2021169N23268,CLAUDETTE,2021,"Port of Brunswick, GA",8679598,41.1,SSI,9.3,,,2.3,1.27
2021169N23268,CLAUDETTE,2021,"Port of Charleston, SC",8665530,28.9,CHS,13.8,0.71,11,22.88,9.91
2021169N23268,CLAUDETTE,2021,"Port of Greater Baton Rouge, LA",8764044,87.2,BTR,17.6,0.128,10.4,6.87,1.52
2021169N23268,CLAUDETTE,2021,"Port of Greenville, MS",8747437,377.1,GLH,12.5,1.403,17.2,0,0
2021169N23268,CLAUDETTE,2021,"Port of Gulfport, MS",8747437,26.8,GPT,1.5,1.424,17.2,145.06,23.37
2021169N23268,CLAUDETTE,2021,"Port of Iberia District, LA",8764227,53.1,ARA,34.9,0.465,8.1,0.27,0.25
2021169N23268,CLAUDETTE,2021,"Port of Pascagoula, MS",8741533,12.1,BIX,29.5,1.038,,148.86,36.32
2021169N23268,CLAUDETTE,2021,"Port of Providence, RI",8454000,1.2,PVD,9.2,1.153,11.1,25.15,15.24
2021169N23268,CLAUDETTE,2021,"Port of Rosedale, MS",8747437,412.7,RNV,12,1.403,17.2,,
2021169N23268,CLAUDETTE,2021,"New Madrid County Port, MO",9087044,599.3,MAW,30.4,,7.5,0,0
2021169N23268,CLAUDETTE,2021,"Port of Savannah, GA",8670870,21.9,SAV,8.3,1.045,,0.28,0.25
2021169N23268,CLAUDETTE,2021,"Port of Vicksburg, MS",8747437,268.4,VKS,15,1.403,17.2,0,0
2021169N23268,CLAUDETTE,2021,"Portland, ME",8418150,1.7,PWM,5.6,1.811,,2.04,1.02
2021169N23268,CLAUDETTE,2021,"Portsmouth, NH",8419870,4.1,PSM,4,1.626,,2.3,1.27
2021169N23268,CLAUDETTE,2021,"Sabine Pass Port Authority, TX",8770475,25.1,BPT,28.3,0.173,5.7,0,0
2021169N23268,CLAUDETTE,2021,"Searsport, ME",8413320,57.9,BGR,38,2.055,9,2.55,1.52
2021169N23268,CLAUDETTE,2021,"South Jersey Port Corp, NJ",8545240,41.5,MIV,27.5,1.151,,21.34,7.62
2021169N23268,CLAUDETTE,2021,"South Louisiana, LA, Port of",8762482,27.1,APS,10.4,0.132,7.7,35.56,3.81
2021169N23268,CLAUDETTE,2021,"Terrebonne Parish Port, LA",8764227,50.1,HUM,30.7,0.465,8.1,11.68,4.57
2021169N23268,CLAUDETTE,2021,"Texas City, TX",8771013,4.3,GLS,20.6,0.26,10.7,1.02,0.51
2021169N23268,CLAUDETTE,2021,"Virginia, VA, Port of",8638610,5.7,NGU,6.2,0.491,,0,0
2021169N23268,CLAUDETTE,2021,"West St. Mary Parish Port, LA",8764044,31.9,PTN,22.3,0.128,10.4,4.83,1.02
2021169N23268,CLAUDETTE,2021,"Wilmington, DE",8540433,13.2,ILG,9.3,1.105,,9.16,2.54
2021169N23268,CLAUDETTE,2021,"Wilmington, NC",8658120,6.4,ILM,6.8,0.672,,33.79,12.7
2021179N30287,DANNY,2021,"Canaveral Port District, FL",8721604,18.1,TIX,7.2,0.824,7.6,0,0
2021179N30287,DANNY,2021,"Jacksonville, FL",8720226,1.9,NIP,11.5,0.351,,2.55,1.02
2021179N30287,DANNY,2021,"Morehead City, NC",8656483,6.2,MRH,7,0.736,9.56,0.76,0.76
2021179N30287,DANNY,2021,"Port of Brunswick, GA",8679598,41.1,SSI,9.3,,,0.27,0.25
2021179N30287,DANNY,2021,"Port of Charleston, SC",8665530,28.9,CHS,13.8,1.102,11.8,6.37,2.03
2021179N30287,DANNY,2021,"Port of Savannah, GA",8670870,21.9,SAV,8.3,1.361,,20.84,7.87
2021179N30287,DANNY,2021,"Wilmington, NC",8658120,6.4,ILM,6.8,0.813,,1.78,1.52
2021182N09317,ELSA,2021,"Albany Port District, NY",8518979,34.5,SCH,23.8,,,0,0
2021182N09317,ELSA,2021,"Baltimore, MD",8574680,14.9,DMH,13.3,0.248,8,,
2021182N09317,ELSA,2021,"Boston, MA",8443970,6.8,BOS,4.4,1.436,,55.14,15.49
2021182N09317,ELSA,2021,"Bridgeport, CT",8467150,1.6,DXR,31.3,1.301,11.4,14.74,5.33
2021182N09317,ELSA,2021,"Canaveral Port District, FL",8721604,18.1,TIX,7.2,0.67,12.2,0,0
2021182N09317,ELSA,2021,"Chattanooga, TN",8670870,525.3,CHA,5.6,1.113,,0.01,0
2021169N23268,CLAUDETTE,2021,"Paducah-McCracken Riverport, KY",9087044,529.9,PAH,5.6,,7.5,0,0
2021182N09317,ELSA,2021,"Guaynabo, PR",9755371,12.8,TJIG,12.7,0.134,,0,0
2021182N09317,ELSA,2021,"Guntersville, AL",8737138,433.2,8A1,3.6,0.337,,,
2021182N09317,ELSA,2021,"Jacksonville, FL",8720226,1.9,NIP,11.5,0.456,,79.01,13.72
2021182N09317,ELSA,2021,"Manatee County Port, FL",8726384,27,SRQ,21.6,0.658,,47.02,10.67
2021182N09317,ELSA,2021,"Mobile, AL",8736897,4.6,BFM,5.5,0.368,7.5,0.52,0.25
2021182N09317,ELSA,2021,"Morehead City, NC",8656483,6.2,MRH,7,0.758,16.72,4.32,1.78
2021182N09317,ELSA,2021,"New Haven, CT",8465705,3.3,MMK,23.5,1.23,13.5,86.62,32.77
2021182N09317,ELSA,2021,"New York, NY & NJ",8518750,1.8,JRB,2.2,0.702,,0.01,0
2021182N09317,ELSA,2021,"Panama City Port Authority, FL",8729108,10.3,TDR,19.4,0.351,8,15.49,12.19
2021182N09317,ELSA,2021,"Philadelphia Regional Port, PA",8546252,8.8,PNE,4.1,1.039,,32.26,10.41
2021182N09317,ELSA,2021,"Port Everglades, FL",8722956,34.8,HWO,27.3,0.416,16,15.5,3.3
2021182N09317,ELSA,2021,"Port Jefferson, NY",8467150,24.9,ISP,18.8,1.301,11.4,54.36,20.83
2021182N09317,ELSA,2021,"Port of Brunswick, GA",8679598,41.1,SSI,9.3,,,112.54,48.01
2021182N09317,ELSA,2021,"Port of Charleston, SC",8665530,28.9,CHS,13.8,0.862,,104.66,44.2
2021182N09317,ELSA,2021,"Port of Palm Beach District, FL",8722670,46.4,F45,31.9,0.439,14.4,,
2021182N09317,ELSA,2021,"Port of Pascagoula, MS",8741533,12.1,BIX,29.5,0.351,,24.64,9.65
2021182N09317,ELSA,2021,"Port of Providence, RI",8454000,1.2,PVD,9.2,0.854,12.6,52.09,9.91
2021182N09317,ELSA,2021,"Port of Savannah, GA",8670870,21.9,SAV,8.3,1.147,,70.37,33.02
2021182N09317,ELSA,2021,"Guayama, PR",9755968,9.9,TJPS,45.3,,,,
2021182N09317,ELSA,2021,"PortMiami, FL",8723214,36.4,TMB,7.4,0.341,12.2,45.74,15.49
2021182N09317,ELSA,2021,"Portland, ME",8418150,1.7,PWM,5.6,1.465,,59.71,17.02
2021182N09317,ELSA,2021,"Portsmouth, NH",8419870,4.1,PSM,4,1.313,,74.19,17.02
2021182N09317,ELSA,2021,"San Juan, PR",9755371,6.5,TJIG,5,0.134,,0,0
2021182N09317,ELSA,2021,"Searsport, ME",8413320,57.9,BGR,38,1.71,14.5,88.41,27.43
2021182N09317,ELSA,2021,"South Jersey Port Corp, NJ",8545240,41.5,MIV,27.5,1.001,,63.25,12.19
2021182N09317,ELSA,2021,"Tampa Port Authority, FL",8726674,7.5,TPF,10.1,0.791,,25.4,5.08
2021182N09317,ELSA,2021,"Virgin Islands - St. Croix, VI",9751401,4.6,TISX,7.2,0.098,,0.01,0
2021182N09317,ELSA,2021,"Virginia, VA, Port of",8638610,5.7,NGU,6.2,0.438,,23.88,6.35
2021182N09317,ELSA,2021,"Wilmington, DE",8540433,13.2,ILG,9.3,0.974,,12.45,8.38
2021182N09317,ELSA,2021,"Wilmington, NC",8658120,6.4,ILM,6.8,0.754,,13.23,4.06
2021222N14301,FRED,2021,"Albany Port District, NY",8518979,34.5,SCH,23.8,,,0,0
2021222N14301,FRED,2021,"Baltimore, MD",8574680,14.9,DMH,13.3,0.525,5.4,,
2021222N14301,FRED,2021,"Boston, MA",8443970,6.8,BOS,4.4,1.76,,30.23,14.73
2021222N14301,FRED,2021,"Bridgeport, CT",8467150,1.6,DXR,31.3,1.247,9.6,45.99,17.02
2021222N14301,FRED,2021,"Canaveral Port District, FL",8721604,18.1,TIX,7.2,0.679,7.5,0,0
2021222N14301,FRED,2021,"Chattanooga, TN",8670870,525.3,CHA,5.6,1.259,,29.97,5.33
2021182N09317,ELSA,2021,"Pittsburgh, PA Port of",9063053,184.9,AGC,16.3,,8.4,0.51,0.25
2021222N14301,FRED,2021,"Cincinnati, OH",9063085,296.7,LUK,8.6,,5.4,0.26,0.25
2021222N14301,FRED,2021,"Cleveland-Cuyahoga Port, OH",9063063,11.9,BKL,13.3,,7.1,0.01,0
2021222N14301,FRED,2021,"Greater Lafourche Port, LA",8762075,24.3,GAO,12.9,0.499,,3.3,1.27
2021222N14301,FRED,2021,"Conneaut, OH",9063038,47.8,HZY,19.7,,8.2,0.03,0
2021222N14301,FRED,2021,"Guaynabo, PR",9755371,12.8,TJIG,12.7,0.331,,0,0
2021222N14301,FRED,2021,"Guntersville, AL",8737138,433.2,8A1,3.6,0.485,,,
2021222N14301,FRED,2021,"Detroit-Wayne County Port, MI",9044030,13.1,DTW,8.3,,,0.01,0
2021222N14301,FRED,2021,"Guayama, PR",9755968,9.9,TJPS,45.3,,,,
2021222N14301,FRED,2021,"Jacksonville, FL",8720226,1.9,NIP,11.5,0.3,,18.05,6.86
2021222N14301,FRED,2021,"Henderson County Riverport, KY",9087044,437.5,EHR,10,,4.9,0,0
2021222N14301,FRED,2021,"Manatee County Port, FL",8726384,27,SRQ,21.6,0.485,,4.86,1.78
2021222N14301,FRED,2021,"Hickman-Fulton County Port, KY",9087044,591.7,UCY,24.2,,4.9,0,0
2021222N14301,FRED,2021,"Louisville-Jefferson Port, KY",9087044,425.2,LOU,4.5,,4.9,5.84,5.84
2021222N14301,FRED,2021,"Marblehead, OH",9063079,2.3,PCW,11.9,,5.9,0,0
2021222N14301,FRED,2021,"Memphis-Shelby County Port, TN",8737138,519.7,2M8,9.7,0.447,,,
2021222N14301,FRED,2021,"Mobile, AL",8736897,4.6,BFM,5.5,0.5,6.7,0.25,0.25
2021222N14301,FRED,2021,"Marine City, MI",9014070,10.5,PHN,22.1,,,0,0
2021222N14301,FRED,2021,"Nashville, TN",8737138,610.7,JWN,9.2,0.477,,0,0
2021222N14301,FRED,2021,"New Haven, CT",8465705,3.3,MMK,23.5,1.159,11.1,32.27,17.78
2021222N14301,FRED,2021,"New Orleans, LA",8761927,10.6,MSY,24.3,0.326,6.6,0.26,0.25
2021222N14301,FRED,2021,"New York, NY & NJ",8518750,1.8,JRB,2.2,0.907,,1.53,0.51
2021222N14301,FRED,2021,"Massac-Metropolis Port, IL",9087044,511.8,M30,5.1,,4.9,0,0
2021222N14301,FRED,2021,"Monroe, MI",9063090,20.1,TTF,5.3,,,0,0
2021222N14301,FRED,2021,"Panama City Port Authority, FL",8729108,10.3,TDR,19.4,0.568,15.7,119.89,20.83
2021222N14301,FRED,2021,"Philadelphia Regional Port, PA",8546252,8.8,PNE,4.1,1.232,,43.19,29.46
2021222N14301,FRED,2021,"Owensboro Riverport, KY",9087044,443.3,OWB,4.8,,4.9,0,0
2021222N14301,FRED,2021,"Plaquemines Port District, LA",8760721,31.2,MZM,60.9,0.434,7.1,,
2021222N14301,FRED,2021,"Port Everglades, FL",8722956,34.8,HWO,27.3,0.451,19,40.69,14.99
2021222N14301,FRED,2021,"Port Jefferson, NY",8467150,24.9,ISP,18.8,1.247,9.6,0.01,0
2021222N14301,FRED,2021,"Port of Brunswick, GA",8679598,41.1,SSI,9.3,,,22.88,9.65
2021222N14301,FRED,2021,"Port of Charleston, SC",8665530,28.9,CHS,13.8,0.981,,68.09,22.1
2021222N14301,FRED,2021,"Port of Gulfport, MS",8747437,26.8,GPT,1.5,0.549,7.3,0.01,0
2021222N14301,FRED,2021,"Port of Palm Beach District, FL",8722670,46.4,F45,31.9,0.455,13.1,,
2021222N14301,FRED,2021,"Port of Pascagoula, MS",8741533,12.1,BIX,29.5,0.511,,2.29,2.29
2021222N14301,FRED,2021,"Port of Providence, RI",8454000,1.2,PVD,9.2,1.071,9.3,11.18,9.14
2021222N14301,FRED,2021,"Port of Savannah, GA",8670870,21.9,SAV,8.3,1.271,,32.28,7.37
2021222N14301,FRED,2021,"PortMiami, FL",8723214,36.4,TMB,7.4,0.407,13.5,25.2,7.87
2021222N14301,FRED,2021,"Portland, ME",8418150,1.7,PWM,5.6,1.727,,24.13,10.16
2021222N14301,FRED,2021,"Portsmouth, NH",8419870,4.1,PSM,4,1.546,,33.3,11.43
2021222N14301,FRED,2021,"San Juan, PR",9755371,6.5,TJIG,5,0.331,,0,0
2021222N14301,FRED,2021,"Paducah-McCracken Riverport, KY",9087044,529.9,PAH,5.6,,4.9,0,0
2021222N14301,FRED,2021,"Searsport, ME",8413320,57.9,BGR,38,1.954,5,1.04,0.51
2021222N14301,FRED,2021,"Pittsburgh, PA Port of",9063053,184.9,AGC,16.3,,7.4,28.97,5.33
2021222N14301,FRED,2021,"South Jersey Port Corp, NJ",8545240,41.5,MIV,27.5,1.183,,27.19,12.95
2021222N14301,FRED,2021,"South Louisiana, LA, Port of",8762482,27.1,APS,10.4,0.112,5.6,0,0
2021222N14301,FRED,2021,"Sandusky, OH",9063079,9.8,PCW,14.5,,5.9,0,0
2021222N14301,FRED,2021,"Tampa Port Authority, FL",8726674,7.5,TPF,10.1,0.547,,27.43,19.81
2021222N14301,FRED,2021,"Shawneetown Regional Port, IL",9087044,452.8,TWT,28,,4.9,0,0
2021222N14301,FRED,2021,"Virgin Islands - St. Croix, VI",9751401,4.6,TISX,7.2,0.17,,26.44,11.94
2021222N14301,FRED,2021,"Virginia, VA, Port of",8638610,5.7,NGU,6.2,0.394,,1.78,1.78
2021222N14301,FRED,2021,"Wilmington, DE",8540433,13.2,ILG,9.3,1.139,,6.62,3.3
2021222N14301,FRED,2021,"Southern Indiana District, IN",9087044,389.4,FRH,29.6,,4.9,,
2021225N15313,GRACE,2021,"Guaynabo, PR",9755371,12.8,TJIG,12.7,0.232,,0,0
2021225N15313,GRACE,2021,"San Juan, PR",9755371,6.5,TJIG,5,0.232,,0,0
2021225N15313,GRACE,2021,"Virgin Islands - St. Croix, VI",9751401,4.6,TISX,7.2,0.11,,26.43,10.41
2021227N36297,HENRI,2021,"Albany Port District, NY",8518979,34.5,SCH,23.8,,,0,0
2021227N36297,HENRI,2021,"Baltimore, MD",8574680,14.9,DMH,13.3,0.369,6.1,,
2021227N36297,HENRI,2021,"Boston, MA",8443970,6.8,BOS,4.4,2.012,,62.26,15.75
2021227N36297,HENRI,2021,"Bridgeport, CT",8467150,1.6,DXR,31.3,1.507,10.2,63.52,5.33
2021227N36297,HENRI,2021,"Morehead City, NC",8656483,6.2,MRH,7,0.75,8.83,14.49,7.11
2021227N36297,HENRI,2021,"New Haven, CT",8465705,3.3,MMK,23.5,1.383,13.1,92.98,18.54
2021227N36297,HENRI,2021,"New York, NY & NJ",8518750,1.8,JRB,2.2,1.017,,57.15,25.4
2021227N36297,HENRI,2021,"Philadelphia Regional Port, PA",8546252,8.8,PNE,4.1,1.4,,45.22,7.11
2021222N14301,FRED,2021,"Toledo-Lucas County Port, OH",9063085,1.1,TDZ,13.5,,5.4,4.32,1.52
2021227N36297,HENRI,2021,"Port Jefferson, NY",8467150,24.9,ISP,18.8,1.507,10.2,58.95,9.65
2021227N36297,HENRI,2021,"Port of Providence, RI",8454000,1.2,PVD,9.2,1.162,15,23.13,4.32
2021227N36297,HENRI,2021,"Portland, ME",8418150,1.7,PWM,5.6,1.929,,16.78,8.64
2021227N36297,HENRI,2021,"Portsmouth, NH",8419870,4.1,PSM,4,1.735,,37.1,8.13
2021227N36297,HENRI,2021,"Searsport, ME",8413320,57.9,BGR,38,2.148,7.3,24.4,5.08
2021227N36297,HENRI,2021,"South Jersey Port Corp, NJ",8545240,41.5,MIV,27.5,1.283,,5.1,3.05
2021227N36297,HENRI,2021,"Virginia, VA, Port of",8638610,5.7,NGU,6.2,0.563,,5.59,2.03
2021227N36297,HENRI,2021,"Wilmington, DE",8540433,13.2,ILG,9.3,1.141,,18.32,3.56
2021227N36297,HENRI,2021,"Wilmington, NC",8658120,6.4,ILM,6.8,0.829,,36.33,20.07
2021239N17281,IDA,2021,"Albany Port District, NY",8518979,34.5,SCH,23.8,,,0,0
2021225N15313,GRACE,2021,"Guayama, PR",9755968,9.9,TJPS,45.3,,,,
2021227N36297,HENRI,2021,"Pittsburgh, PA Port of",9063053,184.9,AGC,16.3,,8.3,0,0
2021239N17281,IDA,2021,"Baltimore, MD",8574680,14.9,DMH,13.3,0.466,11,,
2021239N17281,IDA,2021,"Beaumont, TX",8770520,26.1,BMT,7.6,0.307,,0,0
2021239N17281,IDA,2021,"Boston, MA",8443970,6.8,BOS,4.4,1.171,,96.53,27.18
2021239N17281,IDA,2021,"Bridgeport, CT",8467150,1.6,DXR,31.3,1.055,10.5,115.32,24.13
2021239N17281,IDA,2021,"Central Louisiana Regional, LA",8767816,126.9,AEX,15.3,0.277,,2.57,1.02
2021239N17281,IDA,2021,"Chattanooga, TN",8670870,525.3,CHA,5.6,0.851,,59.19,12.95
2021239N17281,IDA,2021,"Alexandria-Cairo Port, IL",9087044,527.7,CIR,17.6,,8.2,0,0
2021239N17281,IDA,2021,"America's Central Port, IL",9087044,390.3,ALN,11.1,,8.2,0.25,0.25
2021239N17281,IDA,2021,"Cincinnati, OH",9063085,296.7,LUK,8.6,,6.1,4.33,1.27
2021239N17281,IDA,2021,"Galveston, TX",8771486,7.6,GLS,2.4,0.399,7.6,0.51,0.25
2021239N17281,IDA,2021,"Greater Lafourche Port, LA",8762075,24.3,GAO,12.9,0.917,,16,13.46
2021239N17281,IDA,2021,"Guntersville, AL",8737138,433.2,8A1,3.6,1.02,,,
2021239N17281,IDA,2021,"Helena-West Helena Port, AR",8747437,478,CKM,34,2.083,24.3,20.83,5.33
2021239N17281,IDA,2021,"Cleveland-Cuyahoga Port, OH",9063063,11.9,BKL,13.3,,14.5,0.01,0
2021239N17281,IDA,2021,"Conneaut, OH",9063038,47.8,HZY,19.7,,12.5,0.01,0
2021239N17281,IDA,2021,"Houston Port Authority, TX",8770777,19,MCJ,16,0.511,7.6,0,0
2021239N17281,IDA,2021,"Henderson County Riverport, KY",9087044,437.5,EHR,10,,8.2,6.35,4.32
2021239N17281,IDA,2021,"Hickman-Fulton County Port, KY",9087044,591.7,UCY,24.2,,8.2,0,0
2021239N17281,IDA,2021,"Jackson-Union Port District, IL",9087044,478.1,MDH,15.4,,8.2,1.78,0.76
2021239N17281,IDA,2021,"Lake Charles Harbor District, LA",8768094,19.6,LCH,21.8,0.341,13.4,76.71,66.04
2021239N17281,IDA,2021,"Lake Providence Port, LA",8761927,319.1,TVR,46.9,1.44,22.4,10.69,2.03
2021239N17281,IDA,2021,"Jefferson County Port, MO",9087044,462.5,SUS,45.2,,8.2,0,0
2021239N17281,IDA,2021,"Manatee County Port, FL",8726384,27,SRQ,21.6,0.332,,5.34,2.79
2021239N17281,IDA,2021,"Kaskaskia Regional Port, IL",9087044,440.9,SAR,22.3,,8.2,16,13.21
2021239N17281,IDA,2021,"Louisville-Jefferson Port, KY",9087044,425.2,LOU,4.5,,8.2,13.74,3.3
2021239N17281,IDA,2021,"Memphis-Shelby County Port, TN",8737138,519.7,2M8,9.7,1.02,,,
2021239N17281,IDA,2021,"Mobile, AL",8736897,4.6,BFM,5.5,1.104,13.1,119.14,7.11
2021239N17281,IDA,2021,"Marblehead, OH",9063079,2.3,PCW,11.9,,10.8,0,0
2021239N17281,IDA,2021,"Nashville, TN",8737138,610.7,JWN,9.2,0.78,,52.83,12.45
2021239N17281,IDA,2021,"Massac-Metropolis Port, IL",9087044,511.8,M30,5.1,,8.2,3.05,1.78
2021239N17281,IDA,2021,"New Haven, CT",8465705,3.3,MMK,23.5,0.939,15.3,125.99,35.81
2021239N17281,IDA,2021,"Monroe, MI",9063090,20.1,TTF,5.3,,,0,0
2021239N17281,IDA,2021,"New Orleans, LA",8761927,10.6,MSY,24.3,1.44,22.4,98.31,23.88
2021239N17281,IDA,2021,"New York, NY & NJ",8518750,1.8,JRB,2.2,0.688,,67.07,34.04
2021239N17281,IDA,2021,"Orange County Nav District, TX",8770520,16.2,ORG,10.8,0.318,,0,0
2021239N17281,IDA,2021,"New Bourbon Port Authority, MO",9087044,485.1,PCD,14.9,,8.2,0,0
2021239N17281,IDA,2021,"New Madrid County Port, MO",9087044,599.3,MAW,30.4,,8.2,0.25,0.25
2021239N17281,IDA,2021,"Panama City Port Authority, FL",8729108,10.3,TDR,19.4,0.506,15,24.66,5.08
2021239N17281,IDA,2021,"Owensboro Riverport, KY",9087044,443.3,OWB,4.8,,8.2,29.47,12.7
2021239N17281,IDA,2021,"Philadelphia Regional Port, PA",8546252,8.8,PNE,4.1,1.621,,89.67,35.05
2021239N17281,IDA,2021,"Paducah-McCracken Riverport, KY",9087044,529.9,PAH,5.6,,8.2,0,0
2021239N17281,IDA,2021,"Plaquemines Port District, LA",8760721,31.2,MZM,60.9,1.41,28.4,,
2021239N17281,IDA,2021,"Port Arthur, TX",8770475,3.4,BPT,10.9,0.339,8.2,0,0
2021239N17281,IDA,2021,"Port Freeport, TX",8772471,29.7,LBX,4.5,0.413,9,0,0
2021239N17281,IDA,2021,"Port Jefferson, NY",8467150,24.9,ISP,18.8,1.055,10.5,66.82,24.38
2021239N17281,IDA,2021,"Port of Greater Baton Rouge, LA",8764044,87.2,BTR,17.6,0.394,13.2,33.8,13.72
2021239N17281,IDA,2021,"Port of Greenville, MS",8747437,377.1,GLH,12.5,2.111,24.3,0.02,0
2021239N17281,IDA,2021,"Port of Gulfport, MS",8747437,26.8,GPT,1.5,2.111,24.3,272.05,45.21
2021239N17281,IDA,2021,"Port of Iberia District, LA",8764227,53.1,ARA,34.9,0.511,18.9,1.04,0.25
2021239N17281,IDA,2021,"Pemiscot County Port, MO",8737138,624.2,TKX,22.6,1.02,,0,0
2021239N17281,IDA,2021,"Port of Pascagoula, MS",8741533,12.1,BIX,29.5,1.136,,255.02,25.91
2021239N17281,IDA,2021,"Port of Providence, RI",8454000,1.2,PVD,9.2,0.593,11.2,95.26,24.38
2021239N17281,IDA,2021,"Port of Rosedale, MS",8747437,412.7,RNV,12,2.111,24.3,,
2021239N17281,IDA,2021,"Port of Vicksburg, MS",8747437,268.4,VKS,15,2.111,24.3,0,0
2021239N17281,IDA,2021,"PortMiami, FL",8723214,36.4,TMB,7.4,0.401,8.2,0.01,0
2021239N17281,IDA,2021,"Portland, ME",8418150,1.7,PWM,5.6,1.153,,45.22,11.18
2021239N17281,IDA,2021,"Portsmouth, NH",8419870,4.1,PSM,4,1.054,,58.43,14.73
2021239N17281,IDA,2021,"Sabine Pass Port Authority, TX",8770475,25.1,BPT,28.3,0.339,8.2,0,0
2021239N17281,IDA,2021,"Searsport, ME",8413320,57.9,BGR,38,1.404,12.3,26.7,5.08
2021239N17281,IDA,2021,"Pittsburgh, PA Port of",9063053,184.9,AGC,16.3,,15.4,62.23,14.48
2021239N17281,IDA,2021,"South Jersey Port Corp, NJ",8545240,41.5,MIV,27.5,1.518,,31.76,10.16
2021239N17281,IDA,2021,"South Louisiana, LA, Port of",8762482,27.1,APS,10.4,0.777,31.7,224.79,86.61
2021239N17281,IDA,2021,"Sandusky, OH",9063079,9.8,PCW,14.5,,10.8,0,0
2021239N17281,IDA,2021,"Shawneetown Regional Port, IL",9087044,452.8,TWT,28,,8.2,0,0
2021239N17281,IDA,2021,"Southeast Missouri Port, MO",9087044,530,SIK,38.8,,8.2,0,0
2021239N17281,IDA,2021,"Southern Indiana District, IN",9087044,389.4,FRH,29.6,,8.2,,
2021239N17281,IDA,2021,"Southwest Regional Port, IL",9087044,415.5,CPS,0.7,,8.2,0,0
2021239N17281,IDA,2021,"Tampa Port Authority, FL",8726674,7.5,TPF,10.1,0.356,,0.25,0.25
2021239N17281,IDA,2021,"Terrebonne Parish Port, LA",8764227,50.1,HUM,30.7,0.511,18.9,,
2021239N17281,IDA,2021,"Texas City, TX",8771013,4.3,GLS,20.6,0.484,10,0.51,0.25
2021239N17281,IDA,2021,"St. Louis City Port, MO",9087044,410.3,CPS,10.3,,8.2,0,0
2021239N17281,IDA,2021,"Virginia, VA, Port of",8638610,5.7,NGU,6.2,0.466,,5.59,1.78
2021239N17281,IDA,2021,"West St. Mary Parish Port, LA",8764044,31.9,PTN,22.3,0.394,13.2,3.05,1.02
2021239N17281,IDA,2021,"Wilmington, DE",8540433,13.2,ILG,9.3,1.337,,28.98,6.1
2021252N28273,MINDY,2021,"Canaveral Port District, FL",8721604,18.1,TIX,7.2,0.653,9.1,0,0
2021252N28273,MINDY,2021,"Greater Lafourche Port, LA",8762075,24.3,GAO,12.9,,,0,0
2021252N28273,MINDY,2021,"Guntersville, AL",8737138,433.2,8A1,3.6,0.111,,,
2021252N28273,MINDY,2021,"Jacksonville, FL",8720226,1.9,NIP,11.5,0.297,,2.3,1.02
2021252N28273,MINDY,2021,"Manatee County Port, FL",8726384,27,SRQ,21.6,0.35,,3.32,3.05
2021239N17281,IDA,2021,"St. Louis County, MO",9087044,422.9,SUS,18.5,,8.2,0,0
2021252N28273,MINDY,2021,"Mobile, AL",8736897,4.6,BFM,5.5,0.149,5.5,31.76,26.67
2021252N28273,MINDY,2021,"Morehead City, NC",8656483,6.2,MRH,7,0.69,14.74,2.03,1.02
2021252N28273,MINDY,2021,"New Orleans, LA",8761927,10.6,MSY,24.3,,8.8,0,0
2021252N28273,MINDY,2021,"Panama City Port Authority, FL",8729108,10.3,TDR,19.4,0.161,12.3,57.92,10.92
2021252N28273,MINDY,2021,"Plaquemines Port District, LA",8760721,31.2,MZM,60.9,0.037,9,,
2021252N28273,MINDY,2021,"Port of Brunswick, GA",8679598,41.1,SSI,9.3,,,1.53,0.76
2021252N28273,MINDY,2021,"Port of Greater Baton Rouge, LA",8764044,87.2,BTR,17.6,0.052,4.5,0,0
2021252N28273,MINDY,2021,"Port of Charleston, SC",8665530,28.9,CHS,13.8,1.035,8.4,39.12,13.72
2021239N17281,IDA,2021,"Toledo-Lucas County Port, OH",9063085,1.1,TDZ,13.5,,6.1,0,0
2021252N28273,MINDY,2021,"Port of Gulfport, MS",8747437,26.8,GPT,1.5,0.1,9.1,0.02,0
2021252N28273,MINDY,2021,"Port of Pascagoula, MS",8741533,12.1,BIX,29.5,0.12,,16,11.18
2021252N28273,MINDY,2021,"Port of Savannah, GA",8670870,21.9,SAV,8.3,1.199,,14.74,9.91
2021252N28273,MINDY,2021,"Tampa Port Authority, FL",8726674,7.5,TPF,10.1,0.444,,19.3,12.19
2021252N28273,MINDY,2021,"South Louisiana, LA, Port of",8762482,27.1,APS,10.4,-0.064,,0,0
2021252N28273,MINDY,2021,"Terrebonne Parish Port, LA",8764227,50.1,HUM,30.7,0.144,3.5,0,0
2021252N28273,MINDY,2021,"Wilmington, NC",8658120,6.4,ILM,6.8,0.774,,8.39,2.54
2021252N28273,MINDY,2021,"West St. Mary Parish Port, LA",8764044,31.9,PTN,22.3,0.052,4.5,0,0
2021256N21265,NICHOLAS,2021,"Beaumont, TX",8770520,26.1,BMT,7.6,0.613,,0,0
2021256N21265,NICHOLAS,2021,"Brownsville, TX",8779770,20.5,BRO,12.1,0.409,,18.82,5.59
2021256N21265,NICHOLAS,2021,"Calhoun Port Authority, TX",8773259,7.7,PKV,14.3,0.66,16.5,10.92,2.54
2021256N21265,NICHOLAS,2021,"Central Louisiana Regional, LA",8767816,126.9,AEX,15.3,0.501,,71.92,5.59
2021256N21265,NICHOLAS,2021,"Corpus Christi, TX",8775222,0.9,CRP,7.3,0.655,9.9,60.47,21.84
2021256N21265,NICHOLAS,2021,"Galveston, TX",8771486,7.6,GLS,2.4,1.081,21,138.47,34.54
2021256N21265,NICHOLAS,2021,"Greater Lafourche Port, LA",8762075,24.3,GAO,12.9,,,10.16,3.81
2021256N21265,NICHOLAS,2021,"Helena-West Helena Port, AR",8747437,478,CKM,34,1.027,17,6.86,6.6
2021256N21265,NICHOLAS,2021,"Houston Port Authority, TX",8770777,19,MCJ,16,1.922,12.4,61.21,12.45
2021256N21265,NICHOLAS,2021,"Lake Charles Harbor District, LA",8768094,19.6,LCH,21.8,0.584,19.2,83.59,10.92
2021256N21265,NICHOLAS,2021,"Lake Providence Port, LA",8761927,319.1,TVR,46.9,0.423,11.2,10.45,2.54
2021256N21265,NICHOLAS,2021,"Mobile, AL",8736897,4.6,BFM,5.5,0.75,9.3,80.84,17.78
2021256N21265,NICHOLAS,2021,"New Orleans, LA",8761927,10.6,MSY,24.3,0.423,11.2,147.87,35.05
2021256N21265,NICHOLAS,2021,"Orange County Nav District, TX",8770520,16.2,ORG,10.8,0.613,,118.87,18.8
2021256N21265,NICHOLAS,2021,"Plaquemines Port District, LA",8760721,31.2,MZM,60.9,0.473,11.8,,
2021256N21265,NICHOLAS,2021,"Port Arthur, TX",8770475,3.4,BPT,10.9,0.675,12.2,174.55,27.18
2021256N21265,NICHOLAS,2021,"Port Freeport, TX",8772471,29.7,LBX,4.5,1.407,29.2,94.5,14.99
2021256N21265,NICHOLAS,2021,"Port of Greater Baton Rouge, LA",8764044,87.2,BTR,17.6,0.557,10.1,128.3,23.11
2021256N21265,NICHOLAS,2021,"Port of Greenville, MS",8747437,377.1,GLH,12.5,1.027,17,0.02,0
2021256N21265,NICHOLAS,2021,"Port of Gulfport, MS",8747437,26.8,GPT,1.5,1.027,17,96.28,17.53
2021256N21265,NICHOLAS,2021,"Port of Iberia District, LA",8764227,53.1,ARA,34.9,0.717,9.1,81.32,12.95
2021256N21265,NICHOLAS,2021,"Port of Harlingen Authority, TX",8779280,24.3,HRL,13.7,0.261,14.4,26.44,5.33
2021256N21265,NICHOLAS,2021,"Port of Pascagoula, MS",8741533,12.1,BIX,29.5,0.612,,204.24,45.47
2021256N21265,NICHOLAS,2021,"Port of Rosedale, MS",8747437,412.7,RNV,12,1.027,17,,
2021256N21265,NICHOLAS,2021,"Port of Vicksburg, MS",8747437,268.4,VKS,15,1.03,17,0,0
2021256N21265,NICHOLAS,2021,"South Louisiana, LA, Port of",8762482,27.1,APS,10.4,0.256,,2.03,0.51
2021256N21265,NICHOLAS,2021,"Sabine Pass Port Authority, TX",8770475,25.1,BPT,28.3,0.675,12.2,174.55,27.18
2021256N21265,NICHOLAS,2021,"Terrebonne Parish Port, LA",8764227,50.1,HUM,30.7,0.717,9.1,0,0
2021256N21265,NICHOLAS,2021,"Texas City, TX",8771013,4.3,GLS,20.6,1.281,20.8,138.47,34.54
2021256N21265,NICHOLAS,2021,"Victoria, TX",8773259,39.3,VCT,8.2,0.66,16.5,21.1,7.87
2021256N21265,NICHOLAS,2021,"West St. Mary Parish Port, LA",8764044,31.9,PTN,22.3,0.557,10.1,140.72,20.07
2021259N30286,ODETTE,2021,"Bridgeport, CT",8467150,1.6,DXR,31.3,1.207,6.9,0,0
2021259N30286,ODETTE,2021,"Morehead City, NC",8656483,6.2,MRH,7,0.637,7.35,24.65,10.92
2021259N30286,ODETTE,2021,"New Haven, CT",8465705,3.3,MMK,23.5,1.105,10,0.25,0.25
2021259N30286,ODETTE,2021,"New York, NY & NJ",8518750,1.8,JRB,2.2,0.879,,0.76,0.51
2021259N30286,ODETTE,2021,"Philadelphia Regional Port, PA",8546252,8.8,PNE,4.1,1.152,,0.26,0.25
2021259N30286,ODETTE,2021,"Port Jefferson, NY",8467150,24.9,ISP,18.8,1.207,6.9,0,0
2021259N30286,ODETTE,2021,"Port of Providence, RI",8454000,1.2,PVD,9.2,0.912,7.7,0,0
2021259N30286,ODETTE,2021,"Port of Charleston, SC",8665530,28.9,CHS,13.8,0.896,7.3,58.17,34.54
2021259N30286,ODETTE,2021,"South Jersey Port Corp, NJ",8545240,41.5,MIV,27.5,1.086,,0.01,0
2021259N30286,ODETTE,2021,"Virginia, VA, Port of",8638610,5.7,NGU,6.2,0.572,,0.77,0.25
2021259N30286,ODETTE,2021,"Wilmington, DE",8540433,13.2,ILG,9.3,1.014,,14.99,7.11
2021259N30286,ODETTE,2021,"Wilmington, NC",8658120,6.4,ILM,6.8,0.662,,0.01,0
2021262N16307,PETER,2021,"Guaynabo, PR",9755371,12.8,TJIG,12.7,0.288,,0,0
2021262N16307,PETER,2021,"San Juan, PR",9755371,6.5,TJIG,5,0.288,,0,0
2021262N16307,PETER,2021,"Virgin Islands - St. Croix, VI",9751401,4.6,TISX,7.2,0.131,,1.79,1.78
2021299N33284,WANDA,2021,"Albany Port District, NY",8518979,34.5,SCH,23.8,,,0,0
2021299N33284,WANDA,2021,"Boston, MA",8443970,6.8,BOS,4.4,1.692,,27.73,7.62
2021299N33284,WANDA,2021,"Bridgeport, CT",8467150,1.6,DXR,31.3,1.479,13.2,115.1,10.92
2021299N33284,WANDA,2021,"Morehead City, NC",8656483,6.2,MRH,7,0.412,7.9,15.75,10.41
2021299N33284,WANDA,2021,"New Haven, CT",8465705,3.3,MMK,23.5,1.344,15.3,70.12,10.92
2021299N33284,WANDA,2021,"New York, NY & NJ",8518750,1.8,JRB,2.2,0.816,,0.51,0.51
2021299N33284,WANDA,2021,"Philadelphia Regional Port, PA",8546252,8.8,PNE,4.1,1.289,,1.28,0.76
2021299N33284,WANDA,2021,"Port Jefferson, NY",8467150,24.9,ISP,18.8,1.479,13.2,130.83,13.21
2021299N33284,WANDA,2021,"Port of Charleston, SC",8665530,28.9,CHS,13.8,0.715,5.8,7.12,2.79
2021299N33284,WANDA,2021,"Port of Providence, RI",8454000,1.2,PVD,9.2,0.834,16.8,38.14,8.64
2021299N33284,WANDA,2021,"Port of Savannah, GA",8670870,21.9,SAV,8.3,0.931,,16.52,6.35
2021299N33284,WANDA,2021,"Portland, ME",8418150,1.7,PWM,5.6,1.42,,32.53,7.11
2021262N16307,PETER,2021,"Guayama, PR",9755968,9.9,TJPS,45.3,,,,
2021299N33284,WANDA,2021,"Portsmouth, NH",8419870,4.1,PSM,4,1.373,,33.82,2.79
2021299N33284,WANDA,2021,"South Jersey Port Corp, NJ",8545240,41.5,MIV,27.5,1.223,,0.01,0
2021299N33284,WANDA,2021,"Searsport, ME",8413320,57.9,BGR,38,1.499,13.8,5.86,1.27
2021299N33284,WANDA,2021,"Virginia, VA, Port of",8638610,5.7,NGU,6.2,0.239,,8.9,7.37
2021299N33284,WANDA,2021,"Wilmington, NC",8658120,6.4,ILM,6.8,0.511,,3.82,2.54
2021299N33284,WANDA,2021,"Wilmington, DE",8540433,13.2,ILG,9.3,1.023,,1.54,0.76
2022154N21273,ALEX,2022,"Canaveral Port District, FL",8721604,18.1,TIX,7.2,0.612,9.9,0,0
2022154N21273,ALEX,2022,"Manatee County Port, FL",8726384,27,SRQ,21.6,0.306,,1.53,0.51
2022154N21273,ALEX,2022,"Jacksonville, FL",8720226,1.9,NIP,11.5,0.256,,1.78,1.27
2022154N21273,ALEX,2022,"Port Everglades, FL",8722956,34.8,HWO,27.3,0.412,14.8,176.79,38.61
2022154N21273,ALEX,2022,"Port of Brunswick, GA",8679598,41.1,SSI,9.3,,,0.26,0.25
2022154N21273,ALEX,2022,"Port of Palm Beach District, FL",8722670,46.4,F45,31.9,0.497,15.6,87.12,4.32
2022154N21273,ALEX,2022,"PortMiami, FL",8723214,36.4,TMB,7.4,0.467,14.5,210.31,38.1
2022154N21273,ALEX,2022,"Tampa Port Authority, FL",8726674,7.5,TPF,10.1,0.382,,5.08,2.79
2022183N32280,COLIN,2022,"Canaveral Port District, FL",8721604,18.1,TIX,7.2,0.692,9.2,0,0
2022183N32280,COLIN,2022,"Jacksonville, FL",8720226,1.9,NIP,11.5,0.303,,16.01,6.86
2022183N32280,COLIN,2022,"Morehead City, NC",8656483,6.2,MRH,7,0.564,10.2,8.65,4.57
2022183N32280,COLIN,2022,"Port of Brunswick, GA",8679598,41.1,SSI,9.3,,,65.29,54.1
2022183N32280,COLIN,2022,"Port of Savannah, GA",8670870,21.9,SAV,8.3,1.143,7.8,10.93,3.81
2022183N32280,COLIN,2022,"Tampa Port Authority, FL",8726674,7.5,TPF,10.1,0.461,,,
2022183N32280,COLIN,2022,"Port of Charleston, SC",8665530,28.9,CHS,13.8,1.014,14,23.39,6.6
2022183N32280,COLIN,2022,"Virginia, VA, Port of",8638610,5.7,NGU,6.2,0.252,,0,0
2022183N32280,COLIN,2022,"Wilmington, NC",8658120,6.4,ILM,6.8,0.68,,33.56,13.97
2022232N20266,UNNAMED,2022,"Brownsville, TX",8779770,20.5,BRO,12.1,0.13,,1.54,0.76
2022232N20266,UNNAMED,2022,"Calhoun Port Authority, TX",8773259,7.7,PKV,14.3,0.149,10.1,1.27,0.76
2022232N20266,UNNAMED,2022,"Corpus Christi, TX",8775222,0.9,CRP,7.3,0.195,11.1,18.3,8.38
2022232N20266,UNNAMED,2022,"Port of Harlingen Authority, TX",8779280,24.3,HRL,13.7,0.057,11.8,0,0
2022232N20266,UNNAMED,2022,"Victoria, TX",8773259,39.3,VCT,8.2,0.149,10.1,1.03,1.02
2022246N18301,EARL,2022,"Guaynabo, PR",9755371,12.8,TJIG,12.7,0.282,,0,0
2022246N18301,EARL,2022,"San Juan, PR",9755371,6.5,TJIG,5,0.282,,0,0
2022246N18301,EARL,2022,"Virgin Islands - St. Croix, VI",9751401,4.6,TISX,7.2,0.125,12,2.56,2.54
2022257N16312,FIONA,2022,"Guaynabo, PR",9755371,12.8,TJIG,12.7,0.291,,0,0
2022257N16312,FIONA,2022,"San Juan, PR",9755371,6.5,TJIG,5,0.291,,0,0
2022257N16312,FIONA,2022,"Virgin Islands - St. Croix, VI",9751401,4.6,TISX,7.2,0.171,16.6,146.1,14.99
2022266N12294,IAN,2022,"Canaveral Port District, FL",8721604,18.1,TIX,7.2,1.011,17.1,0,0
2022266N12294,IAN,2022,"Jacksonville, FL",8720226,1.9,NIP,11.5,0.644,,40.91,4.57
2022266N12294,IAN,2022,"Manatee County Port, FL",8726384,27,SRQ,21.6,0.326,,190.52,20.07
2022246N18301,EARL,2022,"Guayama, PR",9755968,9.9,TJPS,45.3,,,,
2022266N12294,IAN,2022,"Morehead City, NC",8656483,6.2,MRH,7,1.083,14,126.5,42.67
2022266N12294,IAN,2022,"Port Everglades, FL",8722956,34.8,HWO,27.3,0.479,22.3,129.05,30.48
2022266N12294,IAN,2022,"Port of Brunswick, GA",8679598,41.1,SSI,9.3,1.607,,19.85,6.1
2022266N12294,IAN,2022,"Port of Palm Beach District, FL",8722670,46.4,F45,31.9,0.49,19.8,,
2022266N12294,IAN,2022,"Port of Charleston, SC",8665530,28.9,CHS,13.8,1.033,15.6,143.26,33.78
2022266N12294,IAN,2022,"Port of Savannah, GA",8670870,21.9,SAV,8.3,1.304,15.3,6.88,1.78
2022266N12294,IAN,2022,"PortMiami, FL",8723214,36.4,TMB,7.4,0.472,15,110.78,15.24
2022266N12294,IAN,2022,"Tampa Port Authority, FL",8726674,7.5,TPF,10.1,0.391,,,
2022266N12294,IAN,2022,"Virginia, VA, Port of",8638610,5.7,NGU,6.2,0.914,,67.07,9.14
2022266N12294,IAN,2022,"Wilmington, NC",8658120,6.4,ILM,6.8,1.261,,75.19,10.92
2022311N21293,NICOLE,2022,"Canaveral Port District, FL",8721604,18.1,TIX,7.2,1.406,18.2,0,0
2022311N21293,NICOLE,2022,"Chattanooga, TN",8670870,525.3,CHA,5.6,1.169,11.3,33.79,6.86
2022311N21293,NICOLE,2022,"Cincinnati, OH",9063085,296.7,LUK,8.6,,9.8,29.22,8.13
2022311N21293,NICOLE,2022,"Guaynabo, PR",9755371,12.8,TJIG,12.7,0.327,,0,0
2022311N21293,NICOLE,2022,"Guntersville, AL",8737138,433.2,8A1,3.6,0.248,,,
2022311N21293,NICOLE,2022,"Henderson County Riverport, KY",9087044,437.5,EHR,10,,6.2,0,0
2022311N21293,NICOLE,2022,"Guayama, PR",9755968,9.9,TJPS,45.3,,,,
2022311N21293,NICOLE,2022,"Jacksonville, FL",8720226,1.9,NIP,11.5,0.876,,74.47,14.22
2022311N21293,NICOLE,2022,"Hickman-Fulton County Port, KY",9087044,591.7,UCY,24.2,,6.2,0,0
2022311N21293,NICOLE,2022,"Manatee County Port, FL",8726384,27,SRQ,21.6,0.6,,56.17,10.16
2022311N21293,NICOLE,2022,"Louisville-Jefferson Port, KY",9087044,425.2,LOU,4.5,,6.2,13.72,6.35
2022311N21293,NICOLE,2022,"Mobile, AL",8736897,4.6,BFM,5.5,0.334,7.2,0,0
2022311N21293,NICOLE,2022,"Nashville, TN",8737138,610.7,JWN,9.2,0.248,,36.58,21.84
2022311N21293,NICOLE,2022,"Massac-Metropolis Port, IL",9087044,511.8,M30,5.1,,6.2,0.25,0.25
2022311N21293,NICOLE,2022,"Owensboro Riverport, KY",9087044,443.3,OWB,4.8,,6.2,0,0
2022311N21293,NICOLE,2022,"Panama City Port Authority, FL",8729108,10.3,TDR,19.4,0.194,9.4,20.33,7.37
2022311N21293,NICOLE,2022,"Port Everglades, FL",8722956,34.8,HWO,27.3,0.741,16,58.93,9.14
2022311N21293,NICOLE,2022,"Port of Brunswick, GA",8679598,41.1,SSI,9.3,1.861,,35.59,8.38
2022311N21293,NICOLE,2022,"Port of Charleston, SC",8665530,28.9,CHS,13.8,1.312,13.6,63.01,12.7
2022311N21293,NICOLE,2022,"Port of Gulfport, MS",8747437,26.8,GPT,1.5,0.219,10.7,0,0
2022311N21293,NICOLE,2022,"Port of Palm Beach District, FL",8722670,46.4,F45,31.9,0.893,22.3,0,0
2022311N21293,NICOLE,2022,"Port of Pascagoula, MS",8741533,12.1,BIX,29.5,0.242,,0,0
2022311N21293,NICOLE,2022,"Port of Savannah, GA",8670870,21.9,SAV,8.3,1.631,14,31.01,8.13
2022311N21293,NICOLE,2022,"PortMiami, FL",8723214,36.4,TMB,7.4,0.65,11.2,15.01,3.56
2022311N21293,NICOLE,2022,"San Juan, PR",9755371,6.5,TJIG,5,0.327,,0,0
2022311N21293,NICOLE,2022,"Paducah-McCracken Riverport, KY",9087044,529.9,PAH,5.6,,6.2,0,0
2022311N21293,NICOLE,2022,"Shawneetown Regional Port, IL",9087044,452.8,TWT,28,,6.2,0,0
2022311N21293,NICOLE,2022,"Tampa Port Authority, FL",8726674,7.5,TPF,10.1,0.739,,,
2022311N21293,NICOLE,2022,"Virgin Islands - St. Croix, VI",9751401,4.6,TISX,7.2,0.135,11.8,24.67,12.7
2023015N36289,UNNAMED,2023,"South Jersey Port Corp, NJ",8545240,41.5,MIV,27.5,0.649,,0,0
2023015N36289,UNNAMED,2023,"Virginia, VA, Port of",8638610,5.7,NGU,6.2,0.397,,0,0
2023152N26274,ARLENE,2023,"Greater Lafourche Port, LA",8762075,24.3,GAO,12.9,0.303,,0,0
2023152N26274,ARLENE,2023,"Manatee County Port, FL",8726384,27,SRQ,21.6,0.484,,53.59,37.85
2023152N26274,ARLENE,2023,"Mobile, AL",8736897,4.6,BFM,5.5,0.339,6.6,3.05,3.05
2023152N26274,ARLENE,2023,"New Orleans, LA",8761927,10.6,MSY,24.3,0.192,8.2,0.01,0
2023152N26274,ARLENE,2023,"Panama City Port Authority, FL",8729108,10.3,TDR,19.4,0.407,9.9,2.05,0.51
2023152N26274,ARLENE,2023,"Plaquemines Port District, LA",8760721,31.2,MZM,60.9,0.353,6.7,,
2023152N26274,ARLENE,2023,"Port Everglades, FL",8722956,34.8,HWO,27.3,0.568,18.4,20.08,14.48
2023152N26274,ARLENE,2023,"Port of Gulfport, MS",8747437,26.8,GPT,1.5,0.421,6,0,0
2023152N26274,ARLENE,2023,"Port of Palm Beach District, FL",8722670,46.4,F45,31.9,0.64,11,,
2022311N21293,NICOLE,2022,"Southern Indiana District, IN",9087044,389.4,FRH,29.6,,6.2,0,0
2023152N26274,ARLENE,2023,"Port of Pascagoula, MS",8741533,12.1,BIX,29.5,0.364,,0,0
2023152N26274,ARLENE,2023,"PortMiami, FL",8723214,36.4,TMB,7.4,0.458,7.2,56.14,28.7
2023152N26274,ARLENE,2023,"South Louisiana, LA, Port of",8762482,27.1,APS,10.4,0.042,,0.25,0.25
2023152N26274,ARLENE,2023,"Tampa Port Authority, FL",8726674,7.5,TPF,10.1,0.532,,25.91,15.24
2023152N26274,ARLENE,2023,"Terrebonne Parish Port, LA",8764227,50.1,HUM,30.7,0.267,5.1,0,0
2023231N15313,GERT,2023,"Virgin Islands - St. Croix, VI",9751401,4.6,TISX,7.2,0.057,7.7,1.02,1.02
2023232N13300,FRANKLIN,2023,"Guaynabo, PR",9755371,12.8,TJIG,12.7,0.372,,0,0
2023232N13300,FRANKLIN,2023,"San Juan, PR",9755371,6.5,TJIG,5,0.372,,0,0
2023232N13300,FRANKLIN,2023,"Virgin Islands - St. Croix, VI",9751401,4.6,TISX,7.2,0.099,8.6,14.5,3.3
2023234N25271,HAROLD,2023,"Beaumont, TX",8770520,26.1,BMT,7.6,0.418,,0,0
2023234N25271,HAROLD,2023,"Brownsville, TX",8779770,20.5,BRO,12.1,0.386,13.1,19.58,7.11
2023234N25271,HAROLD,2023,"Calhoun Port Authority, TX",8773259,7.7,PKV,14.3,0.676,14.6,5.33,3.05
2023234N25271,HAROLD,2023,"Corpus Christi, TX",8775222,0.9,CRP,7.3,0.795,17.1,128.04,27.94
2023234N25271,HAROLD,2023,"Galveston, TX",8771486,7.6,GLS,2.4,0.612,10.9,6.87,3.05
2023234N25271,HAROLD,2023,"Greater Lafourche Port, LA",8762075,24.3,GAO,12.9,0.226,,1.02,0.76
2023234N25271,HAROLD,2023,"Houston Port Authority, TX",8770777,19,MCJ,16,0.715,5.3,0.51,0.25
2023234N25271,HAROLD,2023,"Lake Charles Harbor District, LA",8768094,19.6,LCH,21.8,0.52,10.8,0,0
2023234N25271,HAROLD,2023,"Orange County Nav District, TX",8770520,16.2,ORG,10.8,0.418,,0,0
2023232N13300,FRANKLIN,2023,"Guayama, PR",9755968,9.9,TJPS,45.3,,,4.06,1.02
2023234N25271,HAROLD,2023,"Port Arthur, TX",8770475,3.4,BPT,10.9,0.471,6.5,0,0
2023234N25271,HAROLD,2023,"Port Freeport, TX",8772471,29.7,LBX,4.5,0.58,16,8.4,2.79
2023234N25271,HAROLD,2023,"Port of Harlingen Authority, TX",8779280,24.3,HRL,13.7,0.296,14,0.01,0
2023234N25271,HAROLD,2023,"Port of Iberia District, LA",8764227,53.1,ARA,34.9,0.35,6.6,0,0
2023234N25271,HAROLD,2023,"Sabine Pass Port Authority, TX",8770475,25.1,BPT,28.3,0.471,6.5,0,0
2023234N25271,HAROLD,2023,"Terrebonne Parish Port, LA",8764227,50.1,HUM,30.7,0.357,7.2,0.51,0.51
2023234N25271,HAROLD,2023,"Texas City, TX",8771013,4.3,GLS,20.6,0.655,11.3,6.87,3.05
2023234N25271,HAROLD,2023,"Victoria, TX",8773259,39.3,VCT,8.2,0.676,14.6,8.13,4.32
2023234N25271,HAROLD,2023,"West St. Mary Parish Port, LA",8764044,31.9,PTN,22.3,0.257,11.7,0.26,0.25
2023239N21274,IDALIA,2023,"Chattanooga, TN",8670870,525.3,CHA,5.6,1.341,16.9,0,0
2023239N21274,IDALIA,2023,"Canaveral Port District, FL",8721604,18.1,TIX,7.2,0.842,17.4,0,0
2023239N21274,IDALIA,2023,"Jacksonville, FL",8720226,1.9,NIP,11.5,0.55,,7.38,1.52
2023239N21274,IDALIA,2023,"Guntersville, AL",8737138,433.2,8A1,3.6,0.457,,,
2023239N21274,IDALIA,2023,"Manatee County Port, FL",8726384,27,SRQ,21.6,1.211,,97.8,21.59
2023239N21274,IDALIA,2023,"Mobile, AL",8736897,4.6,BFM,5.5,0.516,6.3,0,0
2023239N21274,IDALIA,2023,"Morehead City, NC",8656483,6.2,MRH,7,0.843,18.4,183.39,26.92
2023239N21274,IDALIA,2023,"Panama City Port Authority, FL",8729108,10.3,TDR,19.4,0.726,11.6,0.03,0
2023239N21274,IDALIA,2023,"Plaquemines Port District, LA",8760721,31.2,MZM,60.9,0.496,5.7,,
2023239N21274,IDALIA,2023,"Port Everglades, FL",8722956,34.8,HWO,27.3,0.493,13.7,7.37,5.84
2023239N21274,IDALIA,2023,"Port of Brunswick, GA",8679598,41.1,SSI,9.3,1.27,,23.39,13.72
2023239N21274,IDALIA,2023,"Port of Charleston, SC",8665530,28.9,CHS,13.8,1.599,19.3,70.63,22.86
2023239N21274,IDALIA,2023,"Port of Palm Beach District, FL",8722670,46.4,F45,31.9,0.564,14.7,,
2023239N21274,IDALIA,2023,"Port of Pascagoula, MS",8741533,12.1,BIX,29.5,0.573,,1.02,1.02
2023239N21274,IDALIA,2023,"Port of Savannah, GA",8670870,21.9,SAV,8.3,1.341,16.9,38.37,19.05
2023239N21274,IDALIA,2023,"PortMiami, FL",8723214,36.4,TMB,7.4,0.446,15.3,12.71,8.13
2023239N21274,IDALIA,2023,"Tampa Port Authority, FL",8726674,7.5,TPF,10.1,1.523,,0,0
2023239N21274,IDALIA,2023,"Virginia, VA, Port of",8638610,5.7,NGU,6.2,0.9,,12.96,2.03
2023239N21274,IDALIA,2023,"Wilmington, NC",8658120,6.4,ILM,6.8,0.972,,141.74,25.15
2023249N12320,LEE,2023,"Boston, MA",8443970,6.8,BOS,4.4,1.665,,1.79,0.76
2023249N12320,LEE,2023,"Port of Providence, RI",8454000,1.2,PVD,9.2,1.014,10.5,0.78,0.51
2023249N12320,LEE,2023,"Portland, ME",8418150,1.7,PWM,5.6,1.534,10.1,0.27,0.25
2023249N12320,LEE,2023,"Portsmouth, NH",8419870,4.1,PSM,4,1.46,,2.04,0.76
2023249N12320,LEE,2023,"Searsport, ME",8413320,57.9,BGR,38,1.78,16.7,47.25,7.37
2023265N29284,OPHELIA,2023,"Albany Port District, NY",8518979,34.5,SCH,23.8,,,0,0
2023265N29284,OPHELIA,2023,"Baltimore, MD",8574680,14.9,DMH,13.3,0.715,9.7,44.45,8.38
2023265N29284,OPHELIA,2023,"Bridgeport, CT",8467150,1.6,DXR,31.3,1.143,10.1,5.86,1.27
2023265N29284,OPHELIA,2023,"Canaveral Port District, FL",8721604,18.1,TIX,7.2,0.579,7.8,0,0
2023265N29284,OPHELIA,2023,"Morehead City, NC",8656483,6.2,MRH,7,0.766,20.5,92.73,14.22
2023265N29284,OPHELIA,2023,"New Haven, CT",8465705,3.3,MMK,23.5,1.034,8.1,12.2,3.05
2023265N29284,OPHELIA,2023,"New York, NY & NJ",8518750,1.8,JRB,2.2,0.845,,0,0
2023265N29284,OPHELIA,2023,"Philadelphia Regional Port, PA",8546252,8.8,PNE,4.1,0.98,,32.53,4.06
2023265N29284,OPHELIA,2023,"Conneaut, OH",9063038,47.8,HZY,19.7,,11.3,0,0
2023265N29284,OPHELIA,2023,"Port Jefferson, NY",8467150,24.9,ISP,18.8,1.143,10.1,17.55,4.32
2023265N29284,OPHELIA,2023,"Port of Charleston, SC",8665530,28.9,CHS,13.8,0.699,14.4,0.01,0
2023265N29284,OPHELIA,2023,"Port of Palm Beach District, FL",8722670,46.4,F45,31.9,0.388,9.7,,
2023265N29284,OPHELIA,2023,"Port of Savannah, GA",8670870,21.9,SAV,8.3,0.905,9.1,0,0
2023265N29284,OPHELIA,2023,"South Jersey Port Corp, NJ",8545240,41.5,MIV,27.5,0.946,,43.71,7.37
2023265N29284,OPHELIA,2023,"Virginia, VA, Port of",8638610,5.7,NGU,6.2,0.943,,57.43,13.72
2023265N29284,OPHELIA,2023,"Wilmington, DE",8540433,13.2,ILG,9.3,1.031,,38.9,10.67
2023265N29284,OPHELIA,2023,"Wilmington, NC",8658120,6.4,ILM,6.8,0.588,,49.03,5.59
2023265N29284,OPHELIA,2023,"Pittsburgh, PA Port of",9063053,184.9,AGC,16.3,,13.9,11.71,2.29
2023266N16323,PHILIPPE,2023,"Guaynabo, PR",9755371,12.8,TJIG,12.7,0.439,,0,0
2023266N16323,PHILIPPE,2023,"San Juan, PR",9755371,6.5,TJIG,5,0.439,,0,0
2023266N16323,PHILIPPE,2023,"Virgin Islands - St. Croix, VI",9751401,4.6,TISX,7.2,0.161,18.1,2.82,0.51
2023266N16323,PHILIPPE,2023,"Guayama, PR",9755968,9.9,TJPS,45.3,,,0.25,0.25
2023292N13309,TAMMY,2023,"Guaynabo, PR",9755371,12.8,TJIG,12.7,0.313,,0,0
2023292N13309,TAMMY,2023,"San Juan, PR",9755371,6.5,TJIG,5,0.313,,0,0
2023292N13309,TAMMY,2023,"Virgin Islands - St. Croix, VI",9751401,4.6,TISX,7.2,0.132,7.5,0,0
2023292N13309,TAMMY,2023,"Guayama, PR",9755968,9.9,TJPS,45.3,,,0,0
2022257N16312,FIONA,2022,"Guayama, PR",9755968,9.9,TJPS,45.3,,,,
