SID,name,season,port,exposure_start,exposure_end,exposure_hours,min_dist_km,closest_time,wind_at_closest_kt,pres_at_closest_mb,sshs_at_closest,sshs_max_in_window,sshs_storm_lifetime,wind_max_in_window_kt,near_land_in_window,landfall_in_window
2015126N27281,ANA,2015,"Albany Port District, NY",2015-05-12 03:00:00,2015-05-12 15:00:00,12,329.5,2015-05-12 12:00:00,25,1009,-3,-3,0,28,0,0
2015126N27281,ANA,2015,"Baltimore, MD",2015-05-11 06:00:00,2015-05-12 09:00:00,27,194.6,2015-05-12 00:00:00,30,1012,-3,-1,0,30,1,1
2015126N27281,ANA,2015,"Boston, MA",2015-05-12 03:00:00,2015-05-12 18:00:00,15,172,2015-05-12 12:00:00,25,1009,-3,-3,0,28,0,0
2015126N27281,ANA,2015,"Bridgeport, CT",2015-05-11 21:00:00,2015-05-12 15:00:00,18,166.2,2015-05-12 09:00:00,25,1010,-3,-1,0,30,1,1
2015126N27281,ANA,2015,"Canaveral Port District, FL",2015-05-06 06:00:00,2015-05-09 00:00:00,66,212.7,2015-05-06 09:00:00,25,1016,-3,-2,0,50,0,0
2015126N27281,ANA,2015,"Jacksonville, FL",2015-05-06 06:00:00,2015-05-10 15:00:00,105,372,2015-05-07 06:00:00,35,1010,-3,0,0,50,1,1
2015126N27281,ANA,2015,"Manatee County Port, FL",2015-05-06 06:00:00,2015-05-06 15:00:00,9,321.4,2015-05-06 06:00:00,25,1016,-3,-3,0,25,0,0
2015126N27281,ANA,2015,"Morehead City, NC",2015-05-06 21:00:00,2015-05-12 03:00:00,126,143.3,2015-05-11 06:00:00,30,1010,-1,0,0,50,1,1
2015126N27281,ANA,2015,"New Haven, CT",2015-05-11 21:00:00,2015-05-12 15:00:00,18,165.3,2015-05-12 09:00:00,25,1010,-3,-1,0,30,1,1
2015126N27281,ANA,2015,"New York, NY & NJ",2015-05-11 18:00:00,2015-05-12 15:00:00,21,175.3,2015-05-12 06:00:00,25,1011,-3,-1,0,30,1,1
2015126N27281,ANA,2015,"Philadelphia Regional Port, PA",2015-05-11 12:00:00,2015-05-12 12:00:00,24,164.9,2015-05-12 03:00:00,28,1012,-3,-1,0,30,1,1
2015126N27281,ANA,2015,"Pittsburgh, PA Port of",2015-05-11 18:00:00,2015-05-12 00:00:00,6,482.9,2015-05-11 21:00:00,30,1012,-1,-1,0,30,1,1
2015126N27281,ANA,2015,"Port Everglades, FL",2015-05-06 06:00:00,2015-05-06 18:00:00,12,144.3,2015-05-06 06:00:00,25,1016,-3,-3,0,25,0,0
2015126N27281,ANA,2015,"Port Jefferson, NY",2015-05-11 21:00:00,2015-05-12 15:00:00,18,141.4,2015-05-12 09:00:00,25,1010,-3,-1,0,30,1,1
2015126N27281,ANA,2015,"Port of Brunswick, GA",2015-05-06 09:00:00,2015-05-11 00:00:00,111,355.4,2015-05-07 06:00:00,35,1010,-3,0,0,50,1,1
2015126N27281,ANA,2015,"Port of Charleston, SC",2015-05-06 15:00:00,2015-05-11 15:00:00,120,137.3,2015-05-10 09:00:00,40,1002,0,0,0,50,1,1
2015126N27281,ANA,2015,"Port of Palm Beach District, FL",2015-05-06 06:00:00,2015-05-06 21:00:00,15,129,2015-05-06 06:00:00,25,1016,-3,-3,0,28,0,0
2015126N27281,ANA,2015,"Port of Providence, RI",2015-05-12 03:00:00,2015-05-12 18:00:00,15,125.2,2015-05-12 12:00:00,25,1009,-3,-3,0,28,0,0
2015126N27281,ANA,2015,"Port of Savannah, GA",2015-05-06 15:00:00,2015-05-11 06:00:00,111,279.5,2015-05-10 03:00:00,43,1002,0,0,0,50,1,1
2015126N27281,ANA,2015,"PortMiami, FL",2015-05-06 06:00:00,2015-05-06 15:00:00,9,185.2,2015-05-06 06:00:00,25,1016,-3,-3,0,25,0,0
2015126N27281,ANA,2015,"Portland, ME",2015-05-12 09:00:00,2015-05-12 18:00:00,9,228.6,2015-05-12 15:00:00,25,1007,-3,-3,0,25,0,0
2015126N27281,ANA,2015,"Portsmouth, NH",2015-05-12 06:00:00,2015-05-12 18:00:00,12,202.4,2015-05-12 15:00:00,25,1007,-3,-3,0,25,0,0
2015126N27281,ANA,2015,"Searsport, ME",2015-05-12 12:00:00,2015-05-12 18:00:00,6,225.2,2015-05-12 18:00:00,25,1005,-3,-3,0,25,0,0
2015126N27281,ANA,2015,"South Jersey Port Corp, NJ",2015-05-11 09:00:00,2015-05-12 12:00:00,27,118.2,2015-05-12 03:00:00,28,1012,-3,-1,0,30,1,1
2015126N27281,ANA,2015,"Tampa Port Authority, FL",2015-05-06 06:00:00,2015-05-06 18:00:00,12,334.3,2015-05-06 06:00:00,25,1016,-3,-3,0,25,0,0
2015126N27281,ANA,2015,"Virginia, VA, Port of",2015-05-09 15:00:00,2015-05-12 06:00:00,63,12.4,2015-05-11 18:00:00,30,1012,-1,0,0,48,1,1
2015126N27281,ANA,2015,"Wilmington, DE",2015-05-11 09:00:00,2015-05-12 12:00:00,27,162.3,2015-05-12 03:00:00,28,1012,-3,-1,0,30,1,1
2015126N27281,ANA,2015,"Wilmington, NC",2015-05-06 21:00:00,2015-05-12 00:00:00,123,73,2015-05-10 21:00:00,30,1008,-1,0,0,50,1,1
2015167N27266,BILL,2015,"Alexandria-Cairo Port, IL",2015-06-19 00:00:00,2015-06-20 15:00:00,39,23.8,2015-06-20 00:00:00,20,1004,-3,-3,0,20,1,1
2015167N27266,BILL,2015,"America's Central Port, IL",2015-06-19 03:00:00,2015-06-20 15:00:00,36,173.8,2015-06-20 00:00:00,20,1004,-3,-3,0,20,1,1
2015167N27266,BILL,2015,"Baltimore, MD",2015-06-21 00:00:00,2015-06-21 00:00:00,0,408.7,2015-06-21 00:00:00,15,1006,-3,-3,0,15,0,1
2015167N27266,BILL,2015,"Beaumont, TX",2015-06-16 00:00:00,2015-06-18 00:00:00,48,278.8,2015-06-17 03:00:00,35,999,0,0,0,50,1,1
2015167N27266,BILL,2015,"Brownsville, TX",2015-06-16 00:00:00,2015-06-17 06:00:00,30,252.2,2015-06-16 16:45:00,50,997,0,0,0,50,1,1
2015167N27266,BILL,2015,"Calhoun Port Authority, TX",2015-06-16 00:00:00,2015-06-17 18:00:00,42,26.5,2015-06-16 21:00:00,45,998,0,0,0,50,1,1
2015167N27266,BILL,2015,"Central Louisiana Regional, LA",2015-06-16 00:00:00,2015-06-17 18:00:00,42,447.7,2015-06-17 06:00:00,30,999,-1,0,0,50,1,1
2015167N27266,BILL,2015,"Chattanooga, TN",2015-06-20 00:00:00,2015-06-20 21:00:00,21,351.7,2015-06-20 12:00:00,15,1001,-3,-3,0,20,1,1
2015167N27266,BILL,2015,"Cincinnati, OH",2015-06-20 00:00:00,2015-06-21 00:00:00,24,97.2,2015-06-20 15:00:00,15,1002,-3,-3,0,20,1,1
2015167N27266,BILL,2015,"Cleveland-Cuyahoga Port, OH",2015-06-20 15:00:00,2015-06-21 00:00:00,9,306.1,2015-06-21 00:00:00,15,1006,-3,-3,0,15,1,1
2015167N27266,BILL,2015,"Conneaut, OH",2015-06-20 18:00:00,2015-06-21 00:00:00,6,342.3,2015-06-21 00:00:00,15,1006,-3,-3,0,15,1,1
2015167N27266,BILL,2015,"Corpus Christi, TX",2015-06-16 00:00:00,2015-06-17 15:00:00,39,89.7,2015-06-16 16:45:00,50,997,0,0,0,50,1,1
2015167N27266,BILL,2015,"Detroit-Wayne County Port, MI",2015-06-20 15:00:00,2015-06-21 00:00:00,9,403.8,2015-06-20 21:00:00,15,1005,-3,-3,0,15,1,1
2015167N27266,BILL,2015,"Galveston, TX",2015-06-16 00:00:00,2015-06-17 21:00:00,45,176.2,2015-06-16 09:00:00,48,999,0,0,0,50,1,1
2015167N27266,BILL,2015,"Greater Lafourche Port, LA",2015-06-16 00:00:00,2015-06-16 00:00:00,0,474.9,2015-06-16 00:00:00,45,1005,0,0,0,45,0,0
2015167N27266,BILL,2015,"Guntersville, AL",2015-06-19 21:00:00,2015-06-20 15:00:00,18,405.9,2015-06-20 06:00:00,15,1002,-3,-3,0,20,1,1
2015167N27266,BILL,2015,"Havana Regional Port, IL",2015-06-19 12:00:00,2015-06-20 15:00:00,27,321.8,2015-06-20 03:00:00,18,1003,-3,-3,0,20,1,1
2015167N27266,BILL,2015,"Heart of Illinois Port, IL",2015-06-19 15:00:00,2015-06-20 15:00:00,24,348,2015-06-20 03:00:00,18,1003,-3,-3,0,20,1,1
2015167N27266,BILL,2015,"Heartland Port Authority, MO",2015-06-18 18:00:00,2015-06-20 09:00:00,39,226.9,2015-06-19 18:00:00,20,1005,-3,-3,0,20,1,1
2015167N27266,BILL,2015,"Helena-West Helena Port, AR",2015-06-18 15:00:00,2015-06-20 06:00:00,39,246.2,2015-06-19 12:00:00,15,1006,-3,-1,0,20,1,1
2015167N27266,BILL,2015,"Henderson County Riverport, KY",2015-06-19 12:00:00,2015-06-20 21:00:00,33,20,2015-06-20 06:00:00,15,1002,-3,-3,0,20,1,1
2015167N27266,BILL,2015,"Hickman-Fulton County Port, KY",2015-06-19 00:00:00,2015-06-20 15:00:00,39,96.6,2015-06-20 00:00:00,20,1004,-3,-3,0,20,1,1
2015167N27266,BILL,2015,"Houston Port Authority, TX",2015-06-16 00:00:00,2015-06-18 03:00:00,51,156.1,2015-06-17 03:00:00,35,999,0,0,0,50,1,1
2015167N27266,BILL,2015,"Illinois International Port, IL",2015-06-20 03:00:00,2015-06-20 15:00:00,12,433.5,2015-06-20 09:00:00,15,1002,-3,-3,0,18,1,1
2015167N27266,BILL,2015,"Illinois Valley Port, IL",2015-06-19 21:00:00,2015-06-20 12:00:00,15,405.6,2015-06-20 06:00:00,15,1002,-3,-3,0,20,1,1
2015167N27266,BILL,2015,"Jackson-Union Port District, IL",2015-06-19 03:00:00,2015-06-20 15:00:00,36,29.2,2015-06-20 00:00:00,20,1004,-3,-3,0,20,1,1
2015167N27266,BILL,2015,"Jefferson County Port, MO",2015-06-19 00:00:00,2015-06-20 12:00:00,36,121.7,2015-06-19 21:00:00,20,1005,-3,-3,0,20,1,1
2015167N27266,BILL,2015,"Joliet Regional Port, IL",2015-06-20 00:00:00,2015-06-20 15:00:00,15,410.2,2015-06-20 09:00:00,15,1002,-3,-3,0,20,1,1
2015167N27266,BILL,2015,"Kaskaskia Regional Port, IL",2015-06-19 00:00:00,2015-06-20 15:00:00,39,102.5,2015-06-20 00:00:00,20,1004,-3,-3,0,20,1,1
2015167N27266,BILL,2015,"Lake Charles Harbor District, LA",2015-06-16 00:00:00,2015-06-17 18:00:00,42,319.1,2015-06-16 06:00:00,45,1001,0,0,0,50,1,1
2015167N27266,BILL,2015,"Lake Providence Port, LA",2015-06-18 15:00:00,2015-06-19 18:00:00,27,404.3,2015-06-19 09:00:00,15,1006,-3,-1,0,20,1,1
2015167N27266,BILL,2015,"Louisville-Jefferson Port, KY",2015-06-19 18:00:00,2015-06-21 00:00:00,30,12.4,2015-06-20 12:00:00,15,1001,-3,-3,0,20,1,1
2015167N27266,BILL,2015,"Marblehead, OH",2015-06-20 12:00:00,2015-06-21 00:00:00,12,314.6,2015-06-20 21:00:00,15,1005,-3,-3,0,15,1,1
2015167N27266,BILL,2015,"Marine City, MI",2015-06-20 18:00:00,2015-06-21 00:00:00,6,435.9,2015-06-21 00:00:00,15,1006,-3,-3,0,15,1,1
2015167N27266,BILL,2015,"Massac-Metropolis Port, IL",2015-06-19 06:00:00,2015-06-20 18:00:00,36,43.7,2015-06-20 03:00:00,18,1003,-3,-3,0,20,1,1
2015167N27266,BILL,2015,"Memphis-Shelby County Port, TN",2015-06-18 21:00:00,2015-06-20 12:00:00,39,209.4,2015-06-19 18:00:00,20,1005,-3,-3,0,20,1,1
2015167N27266,BILL,2015,"Mid-America Port, IA, IL and MO",2015-06-19 09:00:00,2015-06-20 09:00:00,24,351.5,2015-06-19 21:00:00,20,1005,-3,-3,0,20,1,1
2015167N27266,BILL,2015,"Monroe, MI",2015-06-20 12:00:00,2015-06-21 00:00:00,12,368,2015-06-20 21:00:00,15,1005,-3,-3,0,15,1,1
2015167N27266,BILL,2015,"Nashville, TN",2015-06-19 12:00:00,2015-06-20 21:00:00,33,202.6,2015-06-20 06:00:00,15,1002,-3,-3,0,20,1,1
2015167N27266,BILL,2015,"New Bourbon Port Authority, MO",2015-06-19 00:00:00,2015-06-20 15:00:00,39,69.1,2015-06-19 21:00:00,20,1005,-3,-3,0,20,1,1
2015167N27266,BILL,2015,"New Madrid County Port, MO",2015-06-18 21:00:00,2015-06-20 15:00:00,42,83.1,2015-06-19 21:00:00,20,1005,-3,-3,0,20,1,1
2015167N27266,BILL,2015,"Northern Indiana District, IN",2015-06-20 00:00:00,2015-06-20 21:00:00,21,383.6,2015-06-20 12:00:00,15,1001,-3,-3,0,20,1,1
2015167N27266,BILL,2015,"Orange County Nav District, TX",2015-06-16 00:00:00,2015-06-18 00:00:00,48,303,2015-06-17 03:00:00,35,999,0,0,0,50,1,1
2015167N27266,BILL,2015,"Owensboro Riverport, KY",2015-06-19 12:00:00,2015-06-20 21:00:00,33,38.9,2015-06-20 09:00:00,15,1002,-3,-3,0,20,1,1
2015167N27266,BILL,2015,"Paducah-McCracken Riverport, KY",2015-06-19 03:00:00,2015-06-20 18:00:00,39,61.8,2015-06-20 03:00:00,18,1003,-3,-3,0,20,1,1
2015167N27266,BILL,2015,"Pemiscot County Port, MO",2015-06-18 21:00:00,2015-06-20 15:00:00,42,115.9,2015-06-19 21:00:00,20,1005,-3,-3,0,20,1,1
2015167N27266,BILL,2015,"Pittsburgh, PA Port of",2015-06-20 15:00:00,2015-06-21 00:00:00,9,215.9,2015-06-21 00:00:00,15,1006,-3,-3,0,15,1,1
2015167N27266,BILL,2015,"Port Arthur, TX",2015-06-16 00:00:00,2015-06-17 21:00:00,45,283.8,2015-06-16 06:00:00,45,1001,0,0,0,50,1,1
2015167N27266,BILL,2015,"Port Freeport, TX",2015-06-16 00:00:00,2015-06-17 21:00:00,45,135.6,2015-06-16 12:00:00,50,997,0,0,0,50,1,1
2015167N27266,BILL,2015,"Port of Greater Baton Rouge, LA",2015-06-16 00:00:00,2015-06-16 06:00:00,6,482.4,2015-06-16 00:00:00,45,1005,0,0,0,45,0,0
2015167N27266,BILL,2015,"Port of Greenville, MS",2015-06-18 15:00:00,2015-06-20 00:00:00,33,343.6,2015-06-19 12:00:00,15,1006,-3,-1,0,20,1,1
2015167N27266,BILL,2015,"Port of Harlingen Authority, TX",2015-06-16 00:00:00,2015-06-17 06:00:00,30,229,2015-06-16 16:45:00,50,997,0,0,0,50,1,1
2015167N27266,BILL,2015,"Port of Iberia District, LA",2015-06-16 00:00:00,2015-06-16 15:00:00,15,390.6,2015-06-16 00:00:00,45,1005,0,0,0,50,0,0
2015167N27266,BILL,2015,"Port of Rosedale, MS",2015-06-18 15:00:00,2015-06-20 03:00:00,36,307,2015-06-19 12:00:00,15,1006,-3,-1,0,20,1,1
2015167N27266,BILL,2015,"Port of Vicksburg, MS",2015-06-19 00:00:00,2015-06-19 15:00:00,15,456.7,2015-06-19 09:00:00,15,1006,-3,-3,0,18,1,1
2015167N27266,BILL,2015,"Sabine Pass Port Authority, TX",2015-06-16 00:00:00,2015-06-17 21:00:00,45,256.9,2015-06-16 09:00:00,48,999,0,0,0,50,1,1
2015167N27266,BILL,2015,"Sandusky, OH",2015-06-20 12:00:00,2015-06-21 00:00:00,12,307,2015-06-20 21:00:00,15,1005,-3,-3,0,15,1,1
2015167N27266,BILL,2015,"Shawneetown Regional Port, IL",2015-06-19 09:00:00,2015-06-20 18:00:00,33,36,2015-06-20 03:00:00,18,1003,-3,-3,0,20,1,1
2015167N27266,BILL,2015,"Southeast Missouri Port, MO",2015-06-19 00:00:00,2015-06-20 15:00:00,39,27,2015-06-20 00:00:00,20,1004,-3,-3,0,20,1,1
2015167N27266,BILL,2015,"Southern Indiana District, IN",2015-06-19 18:00:00,2015-06-21 00:00:00,30,52,2015-06-20 12:00:00,15,1001,-3,-3,0,20,1,1
2015167N27266,BILL,2015,"Southwest Regional Port, IL",2015-06-19 03:00:00,2015-06-20 15:00:00,36,145.6,2015-06-20 00:00:00,20,1004,-3,-3,0,20,1,1
2015167N27266,BILL,2015,"St. Louis City Port, MO",2015-06-19 03:00:00,2015-06-20 15:00:00,36,156.4,2015-06-20 00:00:00,20,1004,-3,-3,0,20,1,1
2015167N27266,BILL,2015,"St. Louis County, MO",2015-06-19 00:00:00,2015-06-20 15:00:00,39,161.6,2015-06-19 21:00:00,20,1005,-3,-3,0,20,1,1
2015167N27266,BILL,2015,"Terrebonne Parish Port, LA",2015-06-16 00:00:00,2015-06-16 09:00:00,9,427.5,2015-06-16 00:00:00,45,1005,0,0,0,48,0,0
2015167N27266,BILL,2015,"Texas City, TX",2015-06-16 00:00:00,2015-06-17 21:00:00,45,193.7,2015-06-16 12:00:00,50,997,0,0,0,50,1,1
2015167N27266,BILL,2015,"Toledo-Lucas County Port, OH",2015-06-20 09:00:00,2015-06-21 00:00:00,15,341.9,2015-06-20 21:00:00,15,1005,-3,-3,0,15,1,1
2015167N27266,BILL,2015,"Tulsa-Rogers County Port, OK",2015-06-17 15:00:00,2015-06-19 21:00:00,54,118.6,2015-06-18 21:00:00,15,1005,-3,-1,0,28,1,1
2015167N27266,BILL,2015,"Victoria, TX",2015-06-16 00:00:00,2015-06-17 21:00:00,45,34.4,2015-06-17 00:00:00,40,998,0,0,0,50,1,1
2015167N27266,BILL,2015,"Virginia, VA, Port of",2015-06-21 00:00:00,2015-06-21 00:00:00,0,490,2015-06-21 00:00:00,15,1006,-3,-3,0,15,0,1
2015167N27266,BILL,2015,"West St. Mary Parish Port, LA",2015-06-16 00:00:00,2015-06-16 12:00:00,12,400.6,2015-06-16 00:00:00,45,1005,0,0,0,50,0,0
2015193N35285,CLAUDETTE,2015,"Baltimore, MD",2015-07-12 00:00:00,2015-07-12 06:00:00,6,457.2,2015-07-12 00:00:00,25,1010,-3,-3,0,25,0,0
2015193N35285,CLAUDETTE,2015,"Morehead City, NC",2015-07-12 00:00:00,2015-07-13 03:00:00,27,142.7,2015-07-12 00:00:00,25,1010,-3,-3,0,28,0,0
2015193N35285,CLAUDETTE,2015,"South Jersey Port Corp, NJ",2015-07-12 00:00:00,2015-07-12 09:00:00,9,466.1,2015-07-12 03:00:00,25,1010,-3,-3,0,25,0,0
2015193N35285,CLAUDETTE,2015,"Virginia, VA, Port of",2015-07-12 00:00:00,2015-07-13 06:00:00,30,185.6,2015-07-12 00:00:00,25,1010,-3,-1,0,30,0,0
2015193N35285,CLAUDETTE,2015,"Wilmington, DE",2015-07-12 00:00:00,2015-07-12 06:00:00,6,482.2,2015-07-12 00:00:00,25,1010,-3,-3,0,25,0,0
2015193N35285,CLAUDETTE,2015,"Wilmington, NC",2015-07-12 00:00:00,2015-07-12 18:00:00,18,262.8,2015-07-12 00:00:00,25,1010,-3,-3,0,25,0,0
2015229N10331,DANNY,2015,"Virgin Islands - St. Croix, VI",2015-08-24 09:00:00,2015-08-24 12:00:00,3,425.5,2015-08-24 12:00:00,30,1009,-1,-1,3,33,0,0
2015237N14315,ERIKA,2015,"Guayama, PR",2015-08-27 12:00:00,2015-08-28 12:00:00,24,68.5,2015-08-28 03:00:00,45,1006,0,0,0,45,0,0
2015237N14315,ERIKA,2015,"Guaynabo, PR",2015-08-27 12:00:00,2015-08-28 12:00:00,24,107.4,2015-08-28 03:00:00,45,1006,0,0,0,45,0,0
2015237N14315,ERIKA,2015,"San Juan, PR",2015-08-27 12:00:00,2015-08-28 12:00:00,24,115.1,2015-08-28 03:00:00,45,1006,0,0,0,45,0,0
2015237N14315,ERIKA,2015,"Virgin Islands - St. Croix, VI",2015-08-27 06:00:00,2015-08-28 12:00:00,30,70.3,2015-08-28 00:00:00,45,1006,0,0,0,45,0,0
2015313N22289,KATE,2015,"Canaveral Port District, FL",2015-11-10 03:00:00,2015-11-10 09:00:00,6,447.2,2015-11-10 06:00:00,55,1003,0,0,1,58,0,0
2015313N22289,KATE,2015,"Morehead City, NC",2015-11-10 18:00:00,2015-11-10 21:00:00,3,467.9,2015-11-10 21:00:00,63,992,0,0,1,63,0,0
2015313N22289,KATE,2015,"Port Everglades, FL",2015-11-09 18:00:00,2015-11-10 06:00:00,12,425.2,2015-11-10 00:00:00,50,1006,0,0,1,55,0,0
2015313N22289,KATE,2015,"Port of Palm Beach District, FL",2015-11-09 21:00:00,2015-11-10 06:00:00,9,419.4,2015-11-10 03:00:00,53,1005,0,0,1,55,0,0
2015313N22289,KATE,2015,"PortMiami, FL",2015-11-09 18:00:00,2015-11-10 03:00:00,9,438.5,2015-11-10 00:00:00,50,1006,0,0,1,53,0,0
2015313N22289,KATE,2015,"Wilmington, NC",2015-11-10 18:00:00,2015-11-10 18:00:00,0,494.2,2015-11-10 18:00:00,60,993,0,0,1,60,0,0
2016148N27288,BONNIE,2016,"Baltimore, MD",2016-06-02 12:00:00,2016-06-03 06:00:00,18,461.4,2016-06-03 00:00:00,30,1006,-1,-1,0,30,0,0
2016148N27288,BONNIE,2016,"Canaveral Port District, FL",2016-05-28 03:00:00,2016-05-30 03:00:00,48,287.8,2016-05-28 21:00:00,40,1008,0,0,0,40,1,1
2016148N27288,BONNIE,2016,"Jacksonville, FL",2016-05-28 06:00:00,2016-05-31 21:00:00,87,228.4,2016-05-29 00:00:00,40,1007,0,0,0,40,1,1
2016148N27288,BONNIE,2016,"Manatee County Port, FL",2016-05-28 15:00:00,2016-05-29 00:00:00,9,473.9,2016-05-28 21:00:00,40,1008,0,0,0,40,0,0
2016148N27288,BONNIE,2016,"Morehead City, NC",2016-05-28 18:00:00,2016-06-03 15:00:00,141,93.3,2016-06-02 03:00:00,23,1010,-1,0,0,40,1,1
2016148N27288,BONNIE,2016,"Philadelphia Regional Port, PA",2016-06-03 00:00:00,2016-06-03 09:00:00,9,496,2016-06-03 00:00:00,30,1006,-1,-1,0,33,0,0
2016148N27288,BONNIE,2016,"Port Everglades, FL",2016-05-28 09:00:00,2016-05-28 12:00:00,3,491,2016-05-28 12:00:00,35,1008,0,0,0,35,0,0
2016148N27288,BONNIE,2016,"Port of Brunswick, GA",2016-05-28 06:00:00,2016-06-01 12:00:00,102,199.3,2016-05-29 03:00:00,38,1007,0,0,0,40,1,1
2016148N27288,BONNIE,2016,"Port of Charleston, SC",2016-05-28 09:00:00,2016-06-02 12:00:00,123,9.2,2016-05-30 06:00:00,25,1011,-1,0,0,40,1,1
2016148N27288,BONNIE,2016,"Port of Palm Beach District, FL",2016-05-28 06:00:00,2016-05-29 00:00:00,18,441.5,2016-05-28 12:00:00,35,1008,0,0,0,40,0,0
2016148N27288,BONNIE,2016,"Port of Savannah, GA",2016-05-28 09:00:00,2016-06-01 21:00:00,108,102.2,2016-05-30 00:00:00,25,1011,-1,0,0,40,1,1
2016148N27288,BONNIE,2016,"South Jersey Port Corp, NJ",2016-06-02 15:00:00,2016-06-03 15:00:00,24,445.6,2016-06-03 00:00:00,30,1006,-1,0,0,35,0,0
2016148N27288,BONNIE,2016,"Tampa Port Authority, FL",2016-05-28 12:00:00,2016-05-29 03:00:00,15,436.7,2016-05-28 21:00:00,40,1008,0,0,0,40,0,0
2016148N27288,BONNIE,2016,"Virginia, VA, Port of",2016-05-30 15:00:00,2016-06-03 18:00:00,99,203.9,2016-06-02 15:00:00,28,1009,-1,0,0,35,1,1
2016148N27288,BONNIE,2016,"Wilmington, DE",2016-06-02 15:00:00,2016-06-03 12:00:00,21,468.6,2016-06-03 00:00:00,30,1006,-1,0,0,35,0,0
2016148N27288,BONNIE,2016,"Wilmington, NC",2016-05-28 12:00:00,2016-06-03 09:00:00,141,90.1,2016-05-31 21:00:00,23,1008,-3,0,0,40,1,1
2016158N22272,COLIN,2016,"Baltimore, MD",2016-06-07 18:00:00,2016-06-07 21:00:00,3,474.6,2016-06-07 21:00:00,50,995,-4,-4,0,50,0,0
2016158N22272,COLIN,2016,"Boston, MA",2016-06-08 00:00:00,2016-06-08 03:00:00,3,463.5,2016-06-08 03:00:00,50,993,-4,-4,0,50,0,0
2016158N22272,COLIN,2016,"Bridgeport, CT",2016-06-07 21:00:00,2016-06-08 00:00:00,3,447.8,2016-06-08 00:00:00,50,994,-4,-4,0,50,0,0
2016158N22272,COLIN,2016,"Canaveral Port District, FL",2016-06-06 21:00:00,2016-06-07 09:00:00,12,275.5,2016-06-07 06:00:00,45,1003,0,0,0,45,1,1
2016158N22272,COLIN,2016,"Greater Lafourche Port, LA",2016-06-06 12:00:00,2016-06-06 21:00:00,9,405.3,2016-06-06 15:00:00,45,1004,0,0,0,45,0,0
2016158N22272,COLIN,2016,"Jacksonville, FL",2016-06-06 18:00:00,2016-06-07 12:00:00,18,58.3,2016-06-07 06:00:00,45,1003,0,0,0,45,1,1
2016158N22272,COLIN,2016,"Manatee County Port, FL",2016-06-06 15:00:00,2016-06-07 06:00:00,15,285.3,2016-06-07 02:00:00,45,1001,0,0,0,45,1,1
2016158N22272,COLIN,2016,"Mobile, AL",2016-06-06 12:00:00,2016-06-07 03:00:00,15,341,2016-06-06 21:00:00,45,1002,0,0,0,45,1,1
2016158N22272,COLIN,2016,"Morehead City, NC",2016-06-07 09:00:00,2016-06-07 21:00:00,12,52.4,2016-06-07 15:00:00,48,998,-4,0,0,50,0,0
2016158N22272,COLIN,2016,"New Haven, CT",2016-06-08 00:00:00,2016-06-08 00:00:00,0,445.1,2016-06-08 00:00:00,50,994,-4,-4,0,50,0,0
2016158N22272,COLIN,2016,"New Orleans, LA",2016-06-06 12:00:00,2016-06-06 21:00:00,9,438.2,2016-06-06 18:00:00,45,1003,0,0,0,45,0,0
2016158N22272,COLIN,2016,"New York, NY & NJ",2016-06-07 21:00:00,2016-06-08 00:00:00,3,459,2016-06-08 00:00:00,50,994,-4,-4,0,50,0,0
2016158N22272,COLIN,2016,"Panama City Port Authority, FL",2016-06-06 12:00:00,2016-06-07 06:00:00,18,158.8,2016-06-07 00:00:00,45,1001,0,0,0,45,1,1
2016158N22272,COLIN,2016,"Philadelphia Regional Port, PA",2016-06-07 21:00:00,2016-06-08 00:00:00,3,431.1,2016-06-07 21:00:00,50,995,-4,-4,0,50,0,0
2016158N22272,COLIN,2016,"Plaquemines Port District, LA",2016-06-06 09:00:00,2016-06-06 21:00:00,12,349.9,2016-06-06 15:00:00,45,1004,0,0,0,45,0,0
2016158N22272,COLIN,2016,"Port Jefferson, NY",2016-06-07 21:00:00,2016-06-08 00:00:00,3,423,2016-06-08 00:00:00,50,994,-4,-4,0,50,0,0
2016158N22272,COLIN,2016,"Port of Brunswick, GA",2016-06-06 21:00:00,2016-06-07 12:00:00,15,76.6,2016-06-07 06:00:00,45,1003,0,0,0,45,1,1
2016158N22272,COLIN,2016,"Port of Charleston, SC",2016-06-07 02:00:00,2016-06-07 15:00:00,13,132.2,2016-06-07 09:00:00,45,1002,0,0,0,48,1,1
2016158N22272,COLIN,2016,"Port of Gulfport, MS",2016-06-06 12:00:00,2016-06-07 00:00:00,12,386.7,2016-06-06 18:00:00,45,1003,0,0,0,45,1,0
2016158N22272,COLIN,2016,"Port of Palm Beach District, FL",2016-06-07 00:00:00,2016-06-07 06:00:00,6,459.2,2016-06-07 03:00:00,45,1001,0,0,0,45,1,1
2016158N22272,COLIN,2016,"Port of Pascagoula, MS",2016-06-06 12:00:00,2016-06-07 02:00:00,14,359,2016-06-06 18:00:00,45,1003,0,0,0,45,1,1
2016158N22272,COLIN,2016,"Port of Providence, RI",2016-06-08 00:00:00,2016-06-08 03:00:00,3,438.8,2016-06-08 00:00:00,50,994,-4,-4,0,50,0,0
2016158N22272,COLIN,2016,"Port of Savannah, GA",2016-06-07 00:00:00,2016-06-07 15:00:00,15,62.8,2016-06-07 09:00:00,45,1002,0,0,0,48,1,1
2016158N22272,COLIN,2016,"South Jersey Port Corp, NJ",2016-06-07 18:00:00,2016-06-08 00:00:00,6,387,2016-06-07 21:00:00,50,995,-4,-4,0,50,0,0
2016158N22272,COLIN,2016,"South Louisiana, LA, Port of",2016-06-06 15:00:00,2016-06-06 18:00:00,3,471.5,2016-06-06 15:00:00,45,1004,0,0,0,45,0,0
2016158N22272,COLIN,2016,"Tampa Port Authority, FL",2016-06-06 15:00:00,2016-06-07 09:00:00,18,243.3,2016-06-07 02:00:00,45,1001,0,0,0,45,1,1
2016158N22272,COLIN,2016,"Terrebonne Parish Port, LA",2016-06-06 12:00:00,2016-06-06 18:00:00,6,455.5,2016-06-06 15:00:00,45,1004,0,0,0,45,0,0
2016158N22272,COLIN,2016,"Virginia, VA, Port of",2016-06-07 12:00:00,2016-06-07 21:00:00,9,232.1,2016-06-07 18:00:00,50,996,-4,-4,0,50,0,0
2016158N22272,COLIN,2016,"Wilmington, DE",2016-06-07 18:00:00,2016-06-07 21:00:00,3,431.1,2016-06-07 21:00:00,50,995,-4,-4,0,50,0,0
2016158N22272,COLIN,2016,"Wilmington, NC",2016-06-07 09:00:00,2016-06-07 18:00:00,9,125.8,2016-06-07 12:00:00,45,1000,-4,0,0,50,0,0
2016240N31295,UNNAMED,2016,"Morehead City, NC",2016-08-29 06:00:00,2016-08-31 21:00:00,63,166.1,2016-08-30 15:00:00,30,1011,-1,-1,-1,30,0,0
2016240N31295,UNNAMED,2016,"New York, NY & NJ",2016-09-01 00:00:00,2016-09-01 00:00:00,0,498.8,2016-09-01 00:00:00,30,1010,-1,-1,-1,30,0,0
2016240N31295,UNNAMED,2016,"Philadelphia Regional Port, PA",2016-08-31 21:00:00,2016-09-01 00:00:00,3,490.2,2016-09-01 00:00:00,30,1010,-1,-1,-1,30,0,0
2016240N31295,UNNAMED,2016,"Port Jefferson, NY",2016-09-01 00:00:00,2016-09-01 00:00:00,0,491,2016-09-01 00:00:00,30,1010,-1,-1,-1,30,0,0
2016240N31295,UNNAMED,2016,"Port of Charleston, SC",2016-08-30 03:00:00,2016-08-30 18:00:00,15,477.2,2016-08-30 06:00:00,30,1011,-1,-1,-1,30,0,0
2016240N31295,UNNAMED,2016,"South Jersey Port Corp, NJ",2016-08-31 12:00:00,2016-09-01 00:00:00,12,447.9,2016-08-31 21:00:00,30,1010,-1,-1,-1,30,0,0
2016240N31295,UNNAMED,2016,"Virginia, VA, Port of",2016-08-29 15:00:00,2016-09-01 00:00:00,57,284.5,2016-08-31 09:00:00,30,1011,-1,-1,-1,30,0,0
2016240N31295,UNNAMED,2016,"Wilmington, DE",2016-08-31 18:00:00,2016-09-01 00:00:00,6,491.2,2016-08-31 21:00:00,30,1010,-1,-1,-1,30,0,0
2016240N31295,UNNAMED,2016,"Wilmington, NC",2016-08-29 09:00:00,2016-08-31 15:00:00,54,265.5,2016-08-30 12:00:00,30,1011,-1,-1,-1,30,0,0
2016242N24279,HERMINE,2016,"Albany Port District, NY",2016-09-05 21:00:00,2016-09-08 18:00:00,69,330,2016-09-08 15:00:00,23,1010,-4,-4,1,55,1,1
2016242N24279,HERMINE,2016,"Baltimore, MD",2016-09-03 09:00:00,2016-09-08 09:00:00,120,353.8,2016-09-07 00:00:00,35,1000,-4,0,1,60,1,1
2016242N24279,HERMINE,2016,"Boston, MA",2016-09-05 12:00:00,2016-09-08 18:00:00,78,106.8,2016-09-08 18:00:00,20,1010,-4,-4,1,55,1,1
2016242N24279,HERMINE,2016,"Bridgeport, CT",2016-09-05 12:00:00,2016-09-08 18:00:00,78,202.4,2016-09-06 18:00:00,40,998,-4,-4,1,55,1,1
2016242N24279,HERMINE,2016,"Canaveral Port District, FL",2016-09-01 18:00:00,2016-09-02 21:00:00,27,370.7,2016-09-02 05:30:00,70,981,1,1,1,70,1,1
2016242N24279,HERMINE,2016,"Chattanooga, TN",2016-09-02 09:00:00,2016-09-02 18:00:00,9,463.6,2016-09-02 15:00:00,50,990,0,0,1,58,1,1
2016242N24279,HERMINE,2016,"Greater Lafourche Port, LA",2016-09-01 09:00:00,2016-09-01 18:00:00,9,475.7,2016-09-01 15:00:00,63,990,0,1,1,65,0,0
2016242N24279,HERMINE,2016,"Guntersville, AL",2016-09-02 06:00:00,2016-09-02 15:00:00,9,462,2016-09-02 12:00:00,50,989,0,1,1,65,1,1
2016242N24279,HERMINE,2016,"Jacksonville, FL",2016-09-01 18:00:00,2016-09-03 00:00:00,30,160.6,2016-09-02 12:00:00,50,989,0,1,1,70,1,1
2016242N24279,HERMINE,2016,"Manatee County Port, FL",2016-08-28 18:00:00,2016-09-02 15:00:00,117,293.1,2016-09-02 00:00:00,70,983,1,1,1,70,1,1
2016242N24279,HERMINE,2016,"Mobile, AL",2016-09-01 09:00:00,2016-09-02 09:00:00,24,368.4,2016-09-02 00:00:00,70,983,1,1,1,70,1,1
2016242N24279,HERMINE,2016,"Morehead City, NC",2016-09-02 18:00:00,2016-09-04 03:00:00,33,46.4,2016-09-03 06:00:00,55,993,0,0,1,60,1,1
2016242N24279,HERMINE,2016,"New Haven, CT",2016-09-05 12:00:00,2016-09-08 18:00:00,78,202.8,2016-09-08 12:00:00,25,1010,-4,-4,1,55,1,1
2016242N24279,HERMINE,2016,"New Orleans, LA",2016-09-01 15:00:00,2016-09-01 15:00:00,0,498.2,2016-09-01 15:00:00,63,990,0,0,1,63,0,0
2016242N24279,HERMINE,2016,"New York, NY & NJ",2016-09-05 15:00:00,2016-09-08 18:00:00,75,199.2,2016-09-06 18:00:00,40,998,-4,-4,1,55,1,1
2016242N24279,HERMINE,2016,"Panama City Port Authority, FL",2016-09-01 06:00:00,2016-09-02 18:00:00,36,143.6,2016-09-02 03:00:00,70,982,1,1,1,70,1,1
2016242N24279,HERMINE,2016,"Philadelphia Regional Port, PA",2016-09-03 12:00:00,2016-09-08 18:00:00,126,234.8,2016-09-06 21:00:00,38,999,-4,-4,1,60,1,1
2016242N24279,HERMINE,2016,"Plaquemines Port District, LA",2016-08-31 21:00:00,2016-09-02 03:00:00,30,413.9,2016-09-01 15:00:00,63,990,0,1,1,70,1,0
2016242N24279,HERMINE,2016,"Port Everglades, FL",2016-08-28 18:00:00,2016-08-29 18:00:00,24,278.3,2016-08-28 18:00:00,30,1009,-1,-1,1,30,0,0
2016242N24279,HERMINE,2016,"Port Jefferson, NY",2016-09-04 06:00:00,2016-09-08 18:00:00,108,176,2016-09-06 18:00:00,40,998,-4,-4,1,60,1,1
2016242N24279,HERMINE,2016,"Port of Brunswick, GA",2016-09-01 21:00:00,2016-09-03 03:00:00,30,96.7,2016-09-02 15:00:00,50,990,0,1,1,70,1,1
2016242N24279,HERMINE,2016,"Port of Charleston, SC",2016-09-02 06:00:00,2016-09-03 09:00:00,27,15.5,2016-09-02 21:00:00,50,991,0,1,1,65,1,1
2016242N24279,HERMINE,2016,"Port of Gulfport, MS",2016-09-01 12:00:00,2016-09-02 06:00:00,18,437,2016-09-01 21:00:00,68,986,1,1,1,70,1,1
2016242N24279,HERMINE,2016,"Port of Palm Beach District, FL",2016-08-28 18:00:00,2016-09-02 03:00:00,105,334.1,2016-08-28 18:00:00,30,1009,-1,1,1,70,1,0
2016242N24279,HERMINE,2016,"Port of Pascagoula, MS",2016-09-01 09:00:00,2016-09-02 09:00:00,24,403.1,2016-09-01 21:00:00,68,986,1,1,1,70,1,1
2016242N24279,HERMINE,2016,"Port of Providence, RI",2016-09-05 09:00:00,2016-09-08 18:00:00,81,113.4,2016-09-08 15:00:00,23,1010,-4,-4,1,58,1,1
2016242N24279,HERMINE,2016,"Port of Savannah, GA",2016-09-02 00:00:00,2016-09-03 06:00:00,30,34.3,2016-09-02 18:00:00,50,990,0,1,1,70,1,1
2016242N24279,HERMINE,2016,"PortMiami, FL",2016-08-28 18:00:00,2016-08-29 21:00:00,27,220.9,2016-08-28 18:00:00,30,1009,-1,-1,1,30,0,0
2016242N24279,HERMINE,2016,"Portland, ME",2016-09-05 21:00:00,2016-09-08 18:00:00,69,217.1,2016-09-08 18:00:00,20,1010,-4,-4,1,55,1,1
2016242N24279,HERMINE,2016,"Portsmouth, NH",2016-09-05 15:00:00,2016-09-08 18:00:00,75,164.1,2016-09-08 18:00:00,20,1010,-4,-4,1,55,1,1
2016242N24279,HERMINE,2016,"Searsport, ME",2016-09-08 12:00:00,2016-09-08 18:00:00,6,320.4,2016-09-08 18:00:00,20,1010,-4,-4,1,25,1,1
2016242N24279,HERMINE,2016,"South Jersey Port Corp, NJ",2016-09-03 09:00:00,2016-09-08 18:00:00,129,214.6,2016-09-07 00:00:00,35,1000,-4,0,1,60,1,1
2016242N24279,HERMINE,2016,"Tampa Port Authority, FL",2016-08-28 18:00:00,2016-09-02 15:00:00,117,267.8,2016-09-02 03:00:00,70,982,1,1,1,70,1,1
2016242N24279,HERMINE,2016,"Virginia, VA, Port of",2016-09-03 00:00:00,2016-09-08 00:00:00,120,142.2,2016-09-03 12:00:00,60,995,-4,0,1,60,1,1
2016242N24279,HERMINE,2016,"Wilmington, DE",2016-09-03 09:00:00,2016-09-08 15:00:00,126,266.6,2016-09-07 00:00:00,35,1000,-4,0,1,60,1,1
2016242N24279,HERMINE,2016,"Wilmington, NC",2016-09-02 15:00:00,2016-09-03 21:00:00,30,30.5,2016-09-03 03:00:00,53,992,0,0,1,60,1,1
2016257N27280,JULIA,2016,"Baltimore, MD",2016-09-20 12:00:00,2016-09-21 06:00:00,18,422.4,2016-09-20 21:00:00,25,1011,-4,-4,0,25,1,1
2016257N27280,JULIA,2016,"Canaveral Port District, FL",2016-09-13 06:00:00,2016-09-19 06:00:00,144,26.8,2016-09-13 15:00:00,40,1010,0,0,0,45,1,1
2016257N27280,JULIA,2016,"Jacksonville, FL",2016-09-13 06:00:00,2016-09-19 12:00:00,150,18.5,2016-09-14 06:00:00,40,1011,0,0,0,45,1,1
2016257N27280,JULIA,2016,"Manatee County Port, FL",2016-09-13 06:00:00,2016-09-14 15:00:00,33,173.2,2016-09-13 12:00:00,35,1010,0,0,0,45,1,1
2016257N27280,JULIA,2016,"Morehead City, NC",2016-09-14 18:00:00,2016-09-21 06:00:00,156,67.4,2016-09-20 09:00:00,28,1011,-4,0,0,40,1,1
2016257N27280,JULIA,2016,"Panama City Port Authority, FL",2016-09-13 15:00:00,2016-09-14 15:00:00,24,378.4,2016-09-14 06:00:00,40,1011,0,0,0,45,1,1
2016257N27280,JULIA,2016,"Port Everglades, FL",2016-09-13 06:00:00,2016-09-14 06:00:00,24,130.2,2016-09-13 06:00:00,30,1010,-1,0,0,45,1,1
2016257N27280,JULIA,2016,"Port of Brunswick, GA",2016-09-13 06:00:00,2016-09-19 18:00:00,156,17,2016-09-14 12:00:00,40,1011,0,0,0,45,1,1
2016257N27280,JULIA,2016,"Port of Charleston, SC",2016-09-13 18:00:00,2016-09-21 06:00:00,180,125,2016-09-15 00:00:00,40,1007,0,0,0,45,1,1
2016257N27280,JULIA,2016,"Port of Palm Beach District, FL",2016-09-13 06:00:00,2016-09-14 09:00:00,27,73.7,2016-09-13 06:00:00,30,1010,-1,0,0,45,1,1
2016257N27280,JULIA,2016,"Port of Savannah, GA",2016-09-13 12:00:00,2016-09-20 03:00:00,159,51.9,2016-09-14 18:00:00,40,1009,0,0,0,45,1,1
2016257N27280,JULIA,2016,"PortMiami, FL",2016-09-13 06:00:00,2016-09-14 00:00:00,18,190.3,2016-09-13 06:00:00,30,1010,-1,0,0,45,1,1
2016257N27280,JULIA,2016,"South Jersey Port Corp, NJ",2016-09-20 15:00:00,2016-09-21 03:00:00,12,467.1,2016-09-20 21:00:00,25,1011,-4,-4,0,25,1,1
2016257N27280,JULIA,2016,"Tampa Port Authority, FL",2016-09-13 06:00:00,2016-09-15 00:00:00,42,147.6,2016-09-13 15:00:00,40,1010,0,0,0,45,1,1
2016257N27280,JULIA,2016,"Virginia, VA, Port of",2016-09-19 12:00:00,2016-09-21 06:00:00,42,145.6,2016-09-20 21:00:00,25,1011,-4,-3,0,30,1,1
2016257N27280,JULIA,2016,"Wilmington, DE",2016-09-20 15:00:00,2016-09-21 03:00:00,12,469.4,2016-09-20 21:00:00,25,1011,-4,-4,0,25,1,1
2016257N27280,JULIA,2016,"Wilmington, NC",2016-09-14 12:00:00,2016-09-21 06:00:00,162,139.1,2016-09-19 18:00:00,30,1011,-3,0,0,40,1,1
2016273N13300,MATTHEW,2016,"Canaveral Port District, FL",2016-10-06 15:00:00,2016-10-08 12:00:00,45,58.7,2016-10-07 12:00:00,105,944,3,4,5,120,1,0
2016273N13300,MATTHEW,2016,"Guayama, PR",2016-09-29 06:00:00,2016-09-30 00:00:00,18,419.6,2016-09-29 15:00:00,63,994,0,1,5,70,0,0
2016273N13300,MATTHEW,2016,"Guaynabo, PR",2016-09-29 12:00:00,2016-09-29 21:00:00,9,460.9,2016-09-29 15:00:00,63,994,0,1,5,68,0,0
2016273N13300,MATTHEW,2016,"Jacksonville, FL",2016-10-07 00:00:00,2016-10-08 21:00:00,45,93.5,2016-10-07 21:00:00,98,948,3,4,5,115,1,1
2016273N13300,MATTHEW,2016,"Manatee County Port, FL",2016-10-06 18:00:00,2016-10-08 06:00:00,36,249.1,2016-10-07 09:00:00,108,942,3,4,5,120,0,0
2016273N13300,MATTHEW,2016,"Morehead City, NC",2016-10-08 09:00:00,2016-10-09 21:00:00,36,49.3,2016-10-09 03:00:00,70,982,1,2,5,85,1,1
2016273N13300,MATTHEW,2016,"Panama City Port Authority, FL",2016-10-07 15:00:00,2016-10-08 03:00:00,12,473.9,2016-10-07 21:00:00,98,948,3,3,5,103,0,0
2016273N13300,MATTHEW,2016,"Port Everglades, FL",2016-10-06 06:00:00,2016-10-07 21:00:00,39,156.8,2016-10-07 03:00:00,113,938,4,4,5,120,0,0
2016273N13300,MATTHEW,2016,"Port of Brunswick, GA",2016-10-07 03:00:00,2016-10-09 00:00:00,45,84.8,2016-10-08 03:00:00,90,951,2,4,5,113,1,1
2016273N13300,MATTHEW,2016,"Port of Charleston, SC",2016-10-07 12:00:00,2016-10-09 09:00:00,45,50.1,2016-10-08 15:00:00,75,967,1,3,5,105,1,1
2016273N13300,MATTHEW,2016,"Port of Palm Beach District, FL",2016-10-06 06:00:00,2016-10-08 03:00:00,45,122.2,2016-10-07 03:00:00,113,938,4,4,5,120,0,0
2016273N13300,MATTHEW,2016,"Port of Savannah, GA",2016-10-07 09:00:00,2016-10-09 03:00:00,42,58.7,2016-10-08 09:00:00,85,957,2,3,5,108,1,1
2016273N13300,MATTHEW,2016,"PortMiami, FL",2016-10-06 03:00:00,2016-10-07 18:00:00,39,191.5,2016-10-06 21:00:00,118,937,4,4,5,120,0,0
2016273N13300,MATTHEW,2016,"San Juan, PR",2016-09-29 12:00:00,2016-09-29 21:00:00,9,469.7,2016-09-29 15:00:00,63,994,0,1,5,68,0,0
2016273N13300,MATTHEW,2016,"Tampa Port Authority, FL",2016-10-06 18:00:00,2016-10-08 09:00:00,39,228.7,2016-10-07 12:00:00,105,944,3,4,5,120,0,0
2016273N13300,MATTHEW,2016,"Virgin Islands - St. Croix, VI",2016-09-29 00:00:00,2016-09-29 21:00:00,21,412.2,2016-09-29 12:00:00,60,995,0,1,5,68,0,0
2016273N13300,MATTHEW,2016,"Virginia, VA, Port of",2016-10-08 18:00:00,2016-10-09 21:00:00,27,240,2016-10-09 09:00:00,68,984,1,1,5,70,0,0
2016273N13300,MATTHEW,2016,"Wilmington, NC",2016-10-08 00:00:00,2016-10-09 18:00:00,42,63.6,2016-10-08 21:00:00,70,977,1,2,5,95,1,1
2017171N24271,CINDY,2017,"Alexandria-Cairo Port, IL",2017-06-23 06:00:00,2017-06-24 00:00:00,18,122.8,2017-06-23 18:00:00,25,1002,-3,-1,0,30,1,1
2017171N24271,CINDY,2017,"America's Central Port, IL",2017-06-23 09:00:00,2017-06-23 21:00:00,12,299.3,2017-06-23 18:00:00,25,1002,-3,-1,0,30,1,1
2017171N24271,CINDY,2017,"Baltimore, MD",2017-06-24 03:00:00,2017-06-24 06:00:00,3,172.6,2017-06-24 06:00:00,25,1003,-3,-3,0,25,1,1
2017171N24271,CINDY,2017,"Beaumont, TX",2017-06-21 03:00:00,2017-06-23 06:00:00,51,42.3,2017-06-22 09:00:00,43,992,0,0,0,50,1,1
2017171N24271,CINDY,2017,"Brownsville, TX",2017-06-21 15:00:00,2017-06-22 03:00:00,12,477.1,2017-06-21 21:00:00,45,993,0,0,0,48,0,0
2017171N24271,CINDY,2017,"Calhoun Port Authority, TX",2017-06-21 09:00:00,2017-06-22 21:00:00,36,297.9,2017-06-22 03:00:00,45,992,0,0,0,50,1,1
2017171N24271,CINDY,2017,"Central Louisiana Regional, LA",2017-06-21 06:00:00,2017-06-23 09:00:00,51,122.6,2017-06-22 15:00:00,38,995,0,0,0,50,1,1
2017171N24271,CINDY,2017,"Chattanooga, TN",2017-06-23 15:00:00,2017-06-24 03:00:00,12,262.3,2017-06-23 21:00:00,25,1003,-3,-1,0,28,1,1
2017171N24271,CINDY,2017,"Cincinnati, OH",2017-06-23 18:00:00,2017-06-24 03:00:00,9,160.7,2017-06-24 00:00:00,25,1003,-3,-3,0,25,1,1
2017171N24271,CINDY,2017,"Cleveland-Cuyahoga Port, OH",2017-06-24 00:00:00,2017-06-24 06:00:00,6,370.9,2017-06-24 03:00:00,25,1003,-3,-3,0,25,1,1
2017171N24271,CINDY,2017,"Conneaut, OH",2017-06-24 03:00:00,2017-06-24 06:00:00,3,379.5,2017-06-24 06:00:00,25,1003,-3,-3,0,25,1,1
2017171N24271,CINDY,2017,"Corpus Christi, TX",2017-06-21 15:00:00,2017-06-22 12:00:00,21,404.9,2017-06-22 03:00:00,45,992,0,0,0,48,1,1
2017171N24271,CINDY,2017,"Detroit-Wayne County Port, MI",2017-06-24 03:00:00,2017-06-24 03:00:00,0,462.4,2017-06-24 03:00:00,25,1003,-3,-3,0,25,1,1
2017171N24271,CINDY,2017,"Galveston, TX",2017-06-21 03:00:00,2017-06-23 03:00:00,48,123.1,2017-06-22 06:00:00,45,991,0,0,0,50,1,1
2017171N24271,CINDY,2017,"Greater Lafourche Port, LA",2017-06-20 12:00:00,2017-06-22 21:00:00,57,296.6,2017-06-21 09:00:00,50,994,0,0,0,50,1,1
2017171N24271,CINDY,2017,"Guntersville, AL",2017-06-23 12:00:00,2017-06-24 00:00:00,12,308,2017-06-23 18:00:00,25,1002,-3,-1,0,30,1,1
2017171N24271,CINDY,2017,"Havana Regional Port, IL",2017-06-23 15:00:00,2017-06-23 21:00:00,6,431.2,2017-06-23 18:00:00,25,1002,-3,-1,0,28,1,1
2017171N24271,CINDY,2017,"Heart of Illinois Port, IL",2017-06-23 18:00:00,2017-06-23 21:00:00,3,456.6,2017-06-23 18:00:00,25,1002,-3,-3,0,25,1,1
2017171N24271,CINDY,2017,"Heartland Port Authority, MO",2017-06-23 09:00:00,2017-06-23 18:00:00,9,363.3,2017-06-23 15:00:00,28,1002,-1,-1,0,30,1,1
2017171N24271,CINDY,2017,"Helena-West Helena Port, AR",2017-06-22 15:00:00,2017-06-23 21:00:00,30,109.6,2017-06-23 09:00:00,30,1001,-1,0,0,38,1,1
2017171N24271,CINDY,2017,"Henderson County Riverport, KY",2017-06-23 12:00:00,2017-06-24 00:00:00,12,115.5,2017-06-23 21:00:00,25,1003,-3,-1,0,30,1,1
2017171N24271,CINDY,2017,"Hickman-Fulton County Port, KY",2017-06-23 06:00:00,2017-06-24 00:00:00,18,65.1,2017-06-23 15:00:00,28,1002,-1,-1,0,30,1,1
2017171N24271,CINDY,2017,"Houston Port Authority, TX",2017-06-21 09:00:00,2017-06-23 03:00:00,42,160.9,2017-06-22 09:00:00,43,992,0,0,0,50,1,1
2017171N24271,CINDY,2017,"Jackson-Union Port District, IL",2017-06-23 06:00:00,2017-06-24 00:00:00,18,152.3,2017-06-23 18:00:00,25,1002,-3,-1,0,30,1,1
2017171N24271,CINDY,2017,"Jefferson County Port, MO",2017-06-23 06:00:00,2017-06-23 21:00:00,15,254.3,2017-06-23 15:00:00,28,1002,-1,-1,0,30,1,1
2017171N24271,CINDY,2017,"Kaskaskia Regional Port, IL",2017-06-23 09:00:00,2017-06-24 00:00:00,15,234.2,2017-06-23 18:00:00,25,1002,-3,-1,0,30,1,1
2017171N24271,CINDY,2017,"Lake Charles Harbor District, LA",2017-06-21 00:00:00,2017-06-23 06:00:00,54,41.1,2017-06-22 07:00:00,45,991,0,0,0,50,1,1
2017171N24271,CINDY,2017,"Lake Providence Port, LA",2017-06-22 03:00:00,2017-06-23 15:00:00,36,210.4,2017-06-23 03:00:00,30,1000,-1,0,0,45,1,1
2017171N24271,CINDY,2017,"Louisville-Jefferson Port, KY",2017-06-23 15:00:00,2017-06-24 03:00:00,12,123,2017-06-24 00:00:00,25,1003,-3,-1,0,28,1,1
2017171N24271,CINDY,2017,"Marblehead, OH",2017-06-24 00:00:00,2017-06-24 06:00:00,6,369,2017-06-24 03:00:00,25,1003,-3,-3,0,25,1,1
2017171N24271,CINDY,2017,"Marine City, MI",2017-06-24 03:00:00,2017-06-24 03:00:00,0,495.4,2017-06-24 03:00:00,25,1003,-3,-3,0,25,1,1
2017171N24271,CINDY,2017,"Massac-Metropolis Port, IL",2017-06-23 06:00:00,2017-06-24 00:00:00,18,78.8,2017-06-23 18:00:00,25,1002,-3,-1,0,30,1,1
2017171N24271,CINDY,2017,"Memphis-Shelby County Port, TN",2017-06-22 21:00:00,2017-06-23 21:00:00,24,87,2017-06-23 12:00:00,30,1001,-1,-1,0,33,1,1
2017171N24271,CINDY,2017,"Mid-America Port, IA, IL and MO",2017-06-23 15:00:00,2017-06-23 18:00:00,3,483.3,2017-06-23 18:00:00,25,1002,-3,-1,0,28,1,1
2017171N24271,CINDY,2017,"Monroe, MI",2017-06-24 00:00:00,2017-06-24 03:00:00,3,430.6,2017-06-24 03:00:00,25,1003,-3,-3,0,25,1,1
2017171N24271,CINDY,2017,"Morehead City, NC",2017-06-24 06:00:00,2017-06-24 06:00:00,0,489.6,2017-06-24 06:00:00,25,1003,-3,-3,0,25,0,1
2017171N24271,CINDY,2017,"Nashville, TN",2017-06-23 09:00:00,2017-06-24 00:00:00,15,117.6,2017-06-23 21:00:00,25,1003,-3,-1,0,30,1,1
2017171N24271,CINDY,2017,"New Bourbon Port Authority, MO",2017-06-23 06:00:00,2017-06-24 00:00:00,18,192.9,2017-06-23 15:00:00,28,1002,-1,-1,0,30,1,1
2017171N24271,CINDY,2017,"New Madrid County Port, MO",2017-06-23 03:00:00,2017-06-24 00:00:00,21,55.2,2017-06-23 15:00:00,28,1002,-1,-1,0,30,1,1
2017171N24271,CINDY,2017,"New Orleans, LA",2017-06-20 18:00:00,2017-06-23 03:00:00,57,354.3,2017-06-22 06:00:00,45,991,0,0,0,50,1,1
2017171N24271,CINDY,2017,"New York, NY & NJ",2017-06-24 06:00:00,2017-06-24 06:00:00,0,430.9,2017-06-24 06:00:00,25,1003,-3,-3,0,25,0,1
2017171N24271,CINDY,2017,"Northern Indiana District, IN",2017-06-23 21:00:00,2017-06-24 00:00:00,3,481.3,2017-06-24 00:00:00,25,1003,-3,-3,0,25,1,1
2017171N24271,CINDY,2017,"Orange County Nav District, TX",2017-06-21 03:00:00,2017-06-23 06:00:00,51,21.4,2017-06-22 09:00:00,43,992,0,0,0,50,1,1
2017171N24271,CINDY,2017,"Owensboro Riverport, KY",2017-06-23 12:00:00,2017-06-24 03:00:00,15,82.4,2017-06-23 21:00:00,25,1003,-3,-1,0,30,1,1
2017171N24271,CINDY,2017,"Paducah-McCracken Riverport, KY",2017-06-23 06:00:00,2017-06-24 00:00:00,18,67,2017-06-23 18:00:00,25,1002,-3,-1,0,30,1,1
2017171N24271,CINDY,2017,"Pemiscot County Port, MO",2017-06-23 03:00:00,2017-06-23 21:00:00,18,20.8,2017-06-23 15:00:00,28,1002,-1,-1,0,30,1,1
2017171N24271,CINDY,2017,"Philadelphia Regional Port, PA",2017-06-24 06:00:00,2017-06-24 06:00:00,0,324.9,2017-06-24 06:00:00,25,1003,-3,-3,0,25,0,1
2017171N24271,CINDY,2017,"Pittsburgh, PA Port of",2017-06-24 03:00:00,2017-06-24 06:00:00,3,211.4,2017-06-24 06:00:00,25,1003,-3,-3,0,25,1,1
2017171N24271,CINDY,2017,"Plaquemines Port District, LA",2017-06-20 12:00:00,2017-06-22 18:00:00,54,347,2017-06-21 09:00:00,50,994,0,0,0,50,1,1
2017171N24271,CINDY,2017,"Port Arthur, TX",2017-06-21 03:00:00,2017-06-23 06:00:00,51,24.9,2017-06-22 07:00:00,45,991,0,0,0,50,1,1
2017171N24271,CINDY,2017,"Port Freeport, TX",2017-06-21 06:00:00,2017-06-23 00:00:00,42,186.2,2017-06-22 06:00:00,45,991,0,0,0,50,1,1
2017171N24271,CINDY,2017,"Port of Greater Baton Rouge, LA",2017-06-21 00:00:00,2017-06-23 09:00:00,57,239.6,2017-06-22 12:00:00,40,993,0,0,0,50,1,1
2017171N24271,CINDY,2017,"Port of Greenville, MS",2017-06-22 07:00:00,2017-06-23 18:00:00,35,185.3,2017-06-23 06:00:00,30,1000,-1,0,0,45,1,1
2017171N24271,CINDY,2017,"Port of Gulfport, MS",2017-06-21 03:00:00,2017-06-22 21:00:00,42,450.7,2017-06-22 07:00:00,45,991,0,0,0,50,1,1
2017171N24271,CINDY,2017,"Port of Harlingen Authority, TX",2017-06-21 15:00:00,2017-06-22 03:00:00,12,473.6,2017-06-21 21:00:00,45,993,0,0,0,48,0,0
2017171N24271,CINDY,2017,"Port of Iberia District, LA",2017-06-20 18:00:00,2017-06-23 03:00:00,57,179.4,2017-06-22 06:00:00,45,991,0,0,0,50,1,1
2017171N24271,CINDY,2017,"Port of Pascagoula, MS",2017-06-21 06:00:00,2017-06-22 15:00:00,33,491.7,2017-06-21 09:00:00,50,994,0,0,0,50,1,1
2017171N24271,CINDY,2017,"Port of Rosedale, MS",2017-06-22 09:00:00,2017-06-23 18:00:00,33,154.4,2017-06-23 09:00:00,30,1001,-1,0,0,43,1,1
2017171N24271,CINDY,2017,"Port of Vicksburg, MS",2017-06-22 00:00:00,2017-06-23 15:00:00,39,261.4,2017-06-23 03:00:00,30,1000,-1,0,0,45,1,1
2017171N24271,CINDY,2017,"Sabine Pass Port Authority, TX",2017-06-21 03:00:00,2017-06-23 03:00:00,48,41.4,2017-06-22 07:00:00,45,991,0,0,0,50,1,1
2017171N24271,CINDY,2017,"Sandusky, OH",2017-06-24 00:00:00,2017-06-24 06:00:00,6,361.5,2017-06-24 03:00:00,25,1003,-3,-3,0,25,1,1
2017171N24271,CINDY,2017,"Shawneetown Regional Port, IL",2017-06-23 09:00:00,2017-06-24 00:00:00,15,110.5,2017-06-23 18:00:00,25,1002,-3,-1,0,30,1,1
2017171N24271,CINDY,2017,"South Jersey Port Corp, NJ",2017-06-24 06:00:00,2017-06-24 06:00:00,0,315.5,2017-06-24 06:00:00,25,1003,-3,-3,0,25,0,1
2017171N24271,CINDY,2017,"South Louisiana, LA, Port of",2017-06-20 18:00:00,2017-06-23 03:00:00,57,306.5,2017-06-22 06:00:00,45,991,0,0,0,50,1,1
2017171N24271,CINDY,2017,"Southeast Missouri Port, MO",2017-06-23 06:00:00,2017-06-24 00:00:00,18,127.5,2017-06-23 15:00:00,28,1002,-1,-1,0,30,1,1
2017171N24271,CINDY,2017,"Southern Indiana District, IN",2017-06-23 15:00:00,2017-06-24 03:00:00,12,127.8,2017-06-23 21:00:00,25,1003,-3,-1,0,28,1,1
2017171N24271,CINDY,2017,"Southwest Regional Port, IL",2017-06-23 09:00:00,2017-06-23 21:00:00,12,275.2,2017-06-23 18:00:00,25,1002,-3,-1,0,30,1,1
2017171N24271,CINDY,2017,"St. Louis City Port, MO",2017-06-23 09:00:00,2017-06-23 21:00:00,12,285.7,2017-06-23 18:00:00,25,1002,-3,-1,0,30,1,1
2017171N24271,CINDY,2017,"St. Louis County, MO",2017-06-23 09:00:00,2017-06-23 21:00:00,12,292.2,2017-06-23 15:00:00,28,1002,-1,-1,0,30,1,1
2017171N24271,CINDY,2017,"Terrebonne Parish Port, LA",2017-06-20 12:00:00,2017-06-23 00:00:00,60,266.2,2017-06-22 00:00:00,45,992,0,0,0,50,1,1
2017171N24271,CINDY,2017,"Texas City, TX",2017-06-21 03:00:00,2017-06-23 03:00:00,48,121.9,2017-06-22 07:00:00,45,991,0,0,0,50,1,1
2017171N24271,CINDY,2017,"Toledo-Lucas County Port, OH",2017-06-24 00:00:00,2017-06-24 03:00:00,3,405.3,2017-06-24 03:00:00,25,1003,-3,-3,0,25,1,1
2017171N24271,CINDY,2017,"Tulsa-Rogers County Port, OK",2017-06-22 21:00:00,2017-06-23 12:00:00,15,351.4,2017-06-23 06:00:00,30,1000,-1,-1,0,33,1,1
2017171N24271,CINDY,2017,"Victoria, TX",2017-06-21 12:00:00,2017-06-22 21:00:00,33,334.4,2017-06-22 06:00:00,45,991,0,0,0,50,1,1
2017171N24271,CINDY,2017,"Virginia, VA, Port of",2017-06-24 03:00:00,2017-06-24 06:00:00,3,293.6,2017-06-24 06:00:00,25,1003,-3,-3,0,25,1,1
2017171N24271,CINDY,2017,"West St. Mary Parish Port, LA",2017-06-20 15:00:00,2017-06-23 03:00:00,60,199.1,2017-06-22 06:00:00,45,991,0,0,0,50,1,1
2017171N24271,CINDY,2017,"Wilmington, DE",2017-06-24 06:00:00,2017-06-24 06:00:00,0,272,2017-06-24 06:00:00,25,1003,-3,-3,0,25,0,1
2017212N28275,EMILY,2017,"Canaveral Port District, FL",2017-07-30 18:00:00,2017-08-02 00:00:00,54,80,2017-08-01 09:00:00,30,1009,-1,0,0,50,1,1
2017212N28275,EMILY,2017,"Greater Lafourche Port, LA",2017-07-30 18:00:00,2017-07-30 18:00:00,0,482.5,2017-07-30 18:00:00,30,1009,-1,-1,0,30,0,0
2017212N28275,EMILY,2017,"Jacksonville, FL",2017-07-30 18:00:00,2017-08-02 00:00:00,54,277.2,2017-08-01 12:00:00,30,1010,-1,0,0,50,1,1
2017212N28275,EMILY,2017,"Manatee County Port, FL",2017-07-30 18:00:00,2017-08-01 21:00:00,51,15.7,2017-07-31 18:00:00,35,1005,0,0,0,50,1,1
2017212N28275,EMILY,2017,"Mobile, AL",2017-07-30 18:00:00,2017-07-31 03:00:00,9,363.1,2017-07-30 18:00:00,30,1009,-1,0,0,38,0,0
2017212N28275,EMILY,2017,"Morehead City, NC",2017-08-02 00:00:00,2017-08-02 00:00:00,0,465.8,2017-08-02 00:00:00,30,1011,-3,-3,0,30,0,0
2017212N28275,EMILY,2017,"New Orleans, LA",2017-07-30 18:00:00,2017-07-30 18:00:00,0,484,2017-07-30 18:00:00,30,1009,-1,-1,0,30,0,0
2017212N28275,EMILY,2017,"Panama City Port Authority, FL",2017-07-30 18:00:00,2017-07-31 21:00:00,27,205.6,2017-07-30 18:00:00,30,1009,-1,0,0,50,1,1
2017212N28275,EMILY,2017,"Plaquemines Port District, LA",2017-07-30 18:00:00,2017-07-30 21:00:00,3,412.1,2017-07-30 18:00:00,30,1009,-1,-1,0,33,0,0
2017212N28275,EMILY,2017,"Port Everglades, FL",2017-07-31 00:00:00,2017-08-01 21:00:00,45,164.6,2017-08-01 03:00:00,30,1007,-1,0,0,50,1,1
2017212N28275,EMILY,2017,"Port of Brunswick, GA",2017-07-30 18:00:00,2017-08-02 00:00:00,54,320.3,2017-08-01 18:00:00,30,1010,-1,0,0,50,1,1
2017212N28275,EMILY,2017,"Port of Charleston, SC",2017-08-01 12:00:00,2017-08-02 00:00:00,12,316.5,2017-08-02 00:00:00,30,1011,-3,-1,0,30,0,0
2017212N28275,EMILY,2017,"Port of Gulfport, MS",2017-07-30 18:00:00,2017-07-30 21:00:00,3,420.5,2017-07-30 18:00:00,30,1009,-1,-1,0,33,0,0
2017212N28275,EMILY,2017,"Port of Palm Beach District, FL",2017-07-30 21:00:00,2017-08-01 21:00:00,48,105.6,2017-08-01 03:00:00,30,1007,-1,0,0,50,1,1
2017212N28275,EMILY,2017,"Port of Pascagoula, MS",2017-07-30 18:00:00,2017-07-31 00:00:00,6,387.3,2017-07-30 18:00:00,30,1009,-1,0,0,35,0,0
2017212N28275,EMILY,2017,"Port of Savannah, GA",2017-08-01 06:00:00,2017-08-02 00:00:00,18,326.3,2017-08-02 00:00:00,30,1011,-3,-1,0,30,0,0
2017212N28275,EMILY,2017,"PortMiami, FL",2017-07-31 00:00:00,2017-08-01 18:00:00,42,223.3,2017-08-01 03:00:00,30,1007,-1,0,0,50,1,1
2017212N28275,EMILY,2017,"Tampa Port Authority, FL",2017-07-30 18:00:00,2017-08-01 21:00:00,51,47.5,2017-07-31 18:00:00,35,1005,0,0,0,50,1,1
2017212N28275,EMILY,2017,"Wilmington, NC",2017-08-01 21:00:00,2017-08-02 00:00:00,3,390.8,2017-08-02 00:00:00,30,1011,-3,-1,0,30,0,0
2017224N22293,GERT,2017,"Guayama, PR",2017-08-12 00:00:00,2017-08-12 00:00:00,0,497.1,2017-08-12 00:00:00,25,1013,-3,-3,2,25,0,0
2017224N22293,GERT,2017,"Guaynabo, PR",2017-08-12 00:00:00,2017-08-12 03:00:00,3,456.7,2017-08-12 00:00:00,25,1013,-3,-3,2,25,0,0
2017224N22293,GERT,2017,"Morehead City, NC",2017-08-15 15:00:00,2017-08-15 21:00:00,6,485.9,2017-08-15 18:00:00,70,980,1,1,2,73,0,0
2017224N22293,GERT,2017,"San Juan, PR",2017-08-12 00:00:00,2017-08-12 03:00:00,3,448.8,2017-08-12 00:00:00,25,1013,-3,-3,2,25,0,0
2017228N14314,HARVEY,2017,"Alexandria-Cairo Port, IL",2017-08-31 18:00:00,2017-09-02 12:00:00,42,239.7,2017-09-01 12:00:00,25,1002,-4,-1,4,30,1,1
2017228N14314,HARVEY,2017,"America's Central Port, IL",2017-09-01 03:00:00,2017-09-02 12:00:00,33,415.9,2017-09-01 15:00:00,23,1003,-4,-1,4,30,1,1
2017228N14314,HARVEY,2017,"Beaumont, TX",2017-08-25 09:00:00,2017-08-31 18:00:00,153,63.9,2017-08-30 09:00:00,40,991,0,4,4,115,1,1
2017228N14314,HARVEY,2017,"Brownsville, TX",2017-08-24 15:00:00,2017-08-30 00:00:00,129,151.2,2017-08-25 15:00:00,100,946,3,4,4,115,1,1
2017228N14314,HARVEY,2017,"Calhoun Port Authority, TX",2017-08-25 00:00:00,2017-08-31 00:00:00,144,5,2017-08-28 06:00:00,40,997,0,4,4,115,1,1
2017228N14314,HARVEY,2017,"Central Louisiana Regional, LA",2017-08-28 00:00:00,2017-09-01 03:00:00,99,12.9,2017-08-31 00:00:00,30,998,-1,0,4,45,1,1
2017228N14314,HARVEY,2017,"Chattanooga, TN",2017-08-31 21:00:00,2017-09-02 12:00:00,39,189.5,2017-09-01 15:00:00,23,1003,-4,-1,4,30,1,1
2017228N14314,HARVEY,2017,"Cincinnati, OH",2017-09-01 09:00:00,2017-09-02 12:00:00,27,106.2,2017-09-02 12:00:00,15,1013,-4,-4,4,28,1,1
2017228N14314,HARVEY,2017,"Cleveland-Cuyahoga Port, OH",2017-09-02 06:00:00,2017-09-02 12:00:00,6,459.7,2017-09-02 12:00:00,15,1013,-4,-4,4,20,1,1
2017228N14314,HARVEY,2017,"Corpus Christi, TX",2017-08-24 21:00:00,2017-08-30 15:00:00,138,57.3,2017-08-26 06:00:00,105,948,3,4,4,115,1,1
2017228N14314,HARVEY,2017,"Detroit-Wayne County Port, MI",2017-09-02 09:00:00,2017-09-02 12:00:00,3,470.3,2017-09-02 12:00:00,15,1013,-4,-4,4,18,1,1
2017228N14314,HARVEY,2017,"Galveston, TX",2017-08-25 00:00:00,2017-08-31 12:00:00,156,103,2017-08-29 21:00:00,45,994,0,4,4,115,1,1
2017228N14314,HARVEY,2017,"Greater Lafourche Port, LA",2017-08-29 06:00:00,2017-08-31 21:00:00,63,309.6,2017-08-30 18:00:00,35,996,0,0,4,45,1,1
2017228N14314,HARVEY,2017,"Guayama, PR",2017-08-19 06:00:00,2017-08-19 12:00:00,6,488.8,2017-08-19 09:00:00,33,1006,-1,0,4,35,0,0
2017228N14314,HARVEY,2017,"Guntersville, AL",2017-08-31 18:00:00,2017-09-02 12:00:00,42,175.2,2017-09-01 09:00:00,28,1002,-4,-1,4,30,1,1
2017228N14314,HARVEY,2017,"Helena-West Helena Port, AR",2017-08-30 18:00:00,2017-09-01 18:00:00,48,86.2,2017-08-31 21:00:00,28,1001,-1,0,4,35,1,1
2017228N14314,HARVEY,2017,"Henderson County Riverport, KY",2017-09-01 00:00:00,2017-09-02 12:00:00,36,177.7,2017-09-01 18:00:00,20,1004,-4,-1,4,30,1,1
2017228N14314,HARVEY,2017,"Hickman-Fulton County Port, KY",2017-08-31 15:00:00,2017-09-02 12:00:00,45,181.8,2017-09-01 09:00:00,28,1002,-4,-1,4,30,1,1
2017228N14314,HARVEY,2017,"Houston Port Authority, TX",2017-08-25 06:00:00,2017-08-31 12:00:00,150,165.9,2017-08-28 15:00:00,40,997,0,4,4,115,1,1
2017228N14314,HARVEY,2017,"Illinois International Port, IL",2017-09-02 06:00:00,2017-09-02 12:00:00,6,477.8,2017-09-02 12:00:00,15,1013,-4,-4,4,20,1,1
2017228N14314,HARVEY,2017,"Jackson-Union Port District, IL",2017-08-31 18:00:00,2017-09-02 12:00:00,42,270.8,2017-09-01 12:00:00,25,1002,-4,-1,4,30,1,1
2017228N14314,HARVEY,2017,"Jefferson County Port, MO",2017-08-31 21:00:00,2017-09-02 06:00:00,33,395.1,2017-09-01 12:00:00,25,1002,-4,-1,4,30,1,1
2017228N14314,HARVEY,2017,"Joliet Regional Port, IL",2017-09-02 06:00:00,2017-09-02 12:00:00,6,473.1,2017-09-02 12:00:00,15,1013,-4,-4,4,20,1,1
2017228N14314,HARVEY,2017,"Kaskaskia Regional Port, IL",2017-08-31 21:00:00,2017-09-02 12:00:00,39,352.4,2017-09-01 12:00:00,25,1002,-4,-1,4,30,1,1
2017228N14314,HARVEY,2017,"Lake Charles Harbor District, LA",2017-08-25 09:00:00,2017-08-31 18:00:00,153,19.2,2017-08-30 09:00:00,40,991,0,4,4,115,1,1
2017228N14314,HARVEY,2017,"Lake Providence Port, LA",2017-08-30 00:00:00,2017-09-01 09:00:00,57,24.1,2017-08-31 15:00:00,23,1001,-1,0,4,45,1,1
2017228N14314,HARVEY,2017,"Louisville-Jefferson Port, KY",2017-09-01 06:00:00,2017-09-02 12:00:00,30,73.8,2017-09-02 06:00:00,20,1009,-4,-4,4,30,1,1
2017228N14314,HARVEY,2017,"Marblehead, OH",2017-09-02 03:00:00,2017-09-02 12:00:00,9,406.1,2017-09-02 12:00:00,15,1013,-4,-4,4,20,1,1
2017228N14314,HARVEY,2017,"Massac-Metropolis Port, IL",2017-08-31 18:00:00,2017-09-02 12:00:00,42,197.2,2017-09-01 12:00:00,25,1002,-4,-1,4,30,1,1
2017228N14314,HARVEY,2017,"Memphis-Shelby County Port, TN",2017-08-31 00:00:00,2017-09-02 03:00:00,51,120.6,2017-09-01 03:00:00,30,1001,-1,-1,4,30,1,1
2017228N14314,HARVEY,2017,"Mobile, AL",2017-08-30 15:00:00,2017-09-01 06:00:00,39,397.1,2017-08-31 12:00:00,20,1001,-1,0,4,38,1,1
2017228N14314,HARVEY,2017,"Monroe, MI",2017-09-02 06:00:00,2017-09-02 12:00:00,6,426.3,2017-09-02 12:00:00,15,1013,-4,-4,4,20,1,1
2017228N14314,HARVEY,2017,"Nashville, TN",2017-08-31 18:00:00,2017-09-02 12:00:00,42,16.6,2017-09-01 15:00:00,23,1003,-4,-1,4,30,1,1
2017228N14314,HARVEY,2017,"New Bourbon Port Authority, MO",2017-08-31 18:00:00,2017-09-02 12:00:00,42,327.6,2017-09-01 12:00:00,25,1002,-4,-1,4,30,1,1
2017228N14314,HARVEY,2017,"New Madrid County Port, MO",2017-08-31 12:00:00,2017-09-02 12:00:00,48,221,2017-09-01 09:00:00,28,1002,-4,-1,4,30,1,1
2017228N14314,HARVEY,2017,"New Orleans, LA",2017-08-29 12:00:00,2017-09-01 00:00:00,60,283.3,2017-08-31 00:00:00,30,998,-1,0,4,45,1,1
2017228N14314,HARVEY,2017,"Northern Indiana District, IN",2017-09-02 00:00:00,2017-09-02 12:00:00,12,419.8,2017-09-02 12:00:00,15,1013,-4,-4,4,20,1,1
2017228N14314,HARVEY,2017,"Orange County Nav District, TX",2017-08-25 09:00:00,2017-08-31 18:00:00,153,45.6,2017-08-30 09:00:00,40,991,0,4,4,115,1,1
2017228N14314,HARVEY,2017,"Owensboro Riverport, KY",2017-09-01 00:00:00,2017-09-02 12:00:00,36,145.1,2017-09-01 21:00:00,20,1006,-4,-1,4,30,1,1
2017228N14314,HARVEY,2017,"Paducah-McCracken Riverport, KY",2017-08-31 18:00:00,2017-09-02 12:00:00,42,185.5,2017-09-01 12:00:00,25,1002,-4,-1,4,30,1,1
2017228N14314,HARVEY,2017,"Pemiscot County Port, MO",2017-08-31 09:00:00,2017-09-02 09:00:00,48,204.5,2017-09-01 06:00:00,30,1002,-4,-1,4,30,1,1
2017228N14314,HARVEY,2017,"Pittsburgh, PA Port of",2017-09-02 12:00:00,2017-09-02 12:00:00,0,488.4,2017-09-02 12:00:00,15,1013,-4,-4,4,15,0,1
2017228N14314,HARVEY,2017,"Plaquemines Port District, LA",2017-08-29 15:00:00,2017-08-31 21:00:00,54,367.4,2017-08-31 00:00:00,30,998,-1,0,4,45,1,1
2017228N14314,HARVEY,2017,"Port Arthur, TX",2017-08-25 06:00:00,2017-08-31 18:00:00,156,41.7,2017-08-30 09:00:00,40,991,0,4,4,115,1,1
2017228N14314,HARVEY,2017,"Port Freeport, TX",2017-08-25 00:00:00,2017-08-31 09:00:00,153,90.9,2017-08-28 18:00:00,40,997,0,4,4,115,1,1
2017228N14314,HARVEY,2017,"Port of Greater Baton Rouge, LA",2017-08-28 21:00:00,2017-09-01 00:00:00,75,156,2017-08-31 00:00:00,30,998,-1,0,4,45,1,1
2017228N14314,HARVEY,2017,"Port of Greenville, MS",2017-08-30 08:00:00,2017-09-01 12:00:00,52,14.2,2017-08-31 18:00:00,25,1001,-1,0,4,40,1,1
2017228N14314,HARVEY,2017,"Port of Gulfport, MS",2017-08-30 00:00:00,2017-09-01 03:00:00,51,340.1,2017-08-31 12:00:00,20,1001,-1,0,4,45,1,1
2017228N14314,HARVEY,2017,"Port of Harlingen Authority, TX",2017-08-24 15:00:00,2017-08-30 03:00:00,132,149.7,2017-08-25 15:00:00,100,946,3,4,4,115,1,1
2017228N14314,HARVEY,2017,"Port of Iberia District, LA",2017-08-28 00:00:00,2017-08-31 21:00:00,93,159.2,2017-08-30 15:00:00,38,994,0,0,4,45,1,1
2017228N14314,HARVEY,2017,"Port of Pascagoula, MS",2017-08-30 06:00:00,2017-09-01 06:00:00,48,369.3,2017-08-31 12:00:00,20,1001,-1,0,4,40,1,1
2017228N14314,HARVEY,2017,"Port of Rosedale, MS",2017-08-30 09:00:00,2017-09-01 15:00:00,54,44.1,2017-08-31 18:00:00,25,1001,-1,0,4,40,1,1
2017228N14314,HARVEY,2017,"Port of Vicksburg, MS",2017-08-30 00:00:00,2017-09-01 09:00:00,57,79.2,2017-08-31 15:00:00,23,1001,-1,0,4,45,1,1
2017228N14314,HARVEY,2017,"Sabine Pass Port Authority, TX",2017-08-25 03:00:00,2017-08-31 15:00:00,156,60.3,2017-08-30 08:00:00,40,991,0,4,4,115,1,1
2017228N14314,HARVEY,2017,"Sandusky, OH",2017-09-02 03:00:00,2017-09-02 12:00:00,9,399.8,2017-09-02 12:00:00,15,1013,-4,-4,4,20,1,1
2017228N14314,HARVEY,2017,"Shawneetown Regional Port, IL",2017-08-31 21:00:00,2017-09-02 12:00:00,39,204.5,2017-09-01 15:00:00,23,1003,-4,-1,4,30,1,1
2017228N14314,HARVEY,2017,"South Louisiana, LA, Port of",2017-08-29 06:00:00,2017-09-01 00:00:00,66,245.6,2017-08-31 00:00:00,30,998,-1,0,4,45,1,1
2017228N14314,HARVEY,2017,"Southeast Missouri Port, MO",2017-08-31 18:00:00,2017-09-02 12:00:00,42,265.3,2017-09-01 12:00:00,25,1002,-4,-1,4,30,1,1
2017228N14314,HARVEY,2017,"Southern Indiana District, IN",2017-09-01 03:00:00,2017-09-02 12:00:00,33,131.6,2017-09-02 03:00:00,20,1008,-4,-1,4,30,1,1
2017228N14314,HARVEY,2017,"Southwest Regional Port, IL",2017-09-01 00:00:00,2017-09-02 12:00:00,36,392.8,2017-09-01 12:00:00,25,1002,-4,-1,4,30,1,1
2017228N14314,HARVEY,2017,"St. Louis City Port, MO",2017-09-01 03:00:00,2017-09-02 12:00:00,33,403.2,2017-09-01 12:00:00,25,1002,-4,-1,4,30,1,1
2017228N14314,HARVEY,2017,"St. Louis County, MO",2017-09-01 03:00:00,2017-09-02 09:00:00,30,416.6,2017-09-01 12:00:00,25,1002,-4,-1,4,30,1,1
2017228N14314,HARVEY,2017,"Terrebonne Parish Port, LA",2017-08-28 21:00:00,2017-08-31 21:00:00,72,259.2,2017-08-30 18:00:00,35,996,0,0,4,45,1,1
2017228N14314,HARVEY,2017,"Texas City, TX",2017-08-25 00:00:00,2017-08-31 12:00:00,156,120.3,2017-08-29 21:00:00,45,994,0,4,4,115,1,1
2017228N14314,HARVEY,2017,"Toledo-Lucas County Port, OH",2017-09-02 03:00:00,2017-09-02 12:00:00,9,401.4,2017-09-02 12:00:00,15,1013,-4,-4,4,20,1,1
2017228N14314,HARVEY,2017,"Victoria, TX",2017-08-25 00:00:00,2017-08-30 21:00:00,141,11.8,2017-08-27 21:00:00,35,998,0,4,4,115,1,1
2017228N14314,HARVEY,2017,"Virgin Islands - St. Croix, VI",2017-08-19 00:00:00,2017-08-19 06:00:00,6,481.9,2017-08-19 06:00:00,35,1005,0,0,4,35,0,0
2017228N14314,HARVEY,2017,"West St. Mary Parish Port, LA",2017-08-28 06:00:00,2017-08-31 21:00:00,87,179.3,2017-08-30 18:00:00,35,996,0,0,4,45,1,1
2017240N31279,UNNAMED,2017,"Baltimore, MD",2017-08-29 18:00:00,2017-08-29 18:00:00,0,455.2,2017-08-29 18:00:00,40,1004,-4,-4,-3,40,0,0
2017240N31279,UNNAMED,2017,"Canaveral Port District, FL",2017-08-27 18:00:00,2017-08-29 03:00:00,33,241.5,2017-08-27 18:00:00,30,1009,-3,-3,-3,35,0,0
2017240N31279,UNNAMED,2017,"Jacksonville, FL",2017-08-27 18:00:00,2017-08-29 09:00:00,39,100.5,2017-08-27 18:00:00,30,1009,-3,-3,-3,35,1,0
2017240N31279,UNNAMED,2017,"Manatee County Port, FL",2017-08-27 18:00:00,2017-08-28 15:00:00,21,392.8,2017-08-27 18:00:00,30,1009,-3,-3,-3,35,0,0
2017240N31279,UNNAMED,2017,"Morehead City, NC",2017-08-28 15:00:00,2017-08-29 18:00:00,27,6.6,2017-08-29 15:00:00,38,1005,-3,-3,-3,40,1,1
2017240N31279,UNNAMED,2017,"Panama City Port Authority, FL",2017-08-27 18:00:00,2017-08-28 06:00:00,12,475.5,2017-08-27 18:00:00,30,1009,-3,-3,-3,35,0,0
2017240N31279,UNNAMED,2017,"Port of Brunswick, GA",2017-08-27 18:00:00,2017-08-29 12:00:00,42,90.2,2017-08-27 18:00:00,30,1009,-3,-3,-3,35,1,0
2017240N31279,UNNAMED,2017,"Port of Charleston, SC",2017-08-27 18:00:00,2017-08-29 18:00:00,48,68.7,2017-08-29 03:00:00,35,1006,-3,-3,-3,40,1,1
2017240N31279,UNNAMED,2017,"Port of Palm Beach District, FL",2017-08-27 18:00:00,2017-08-28 09:00:00,15,446.3,2017-08-27 18:00:00,30,1009,-3,-3,-3,35,0,0
2017240N31279,UNNAMED,2017,"Port of Savannah, GA",2017-08-27 18:00:00,2017-08-29 15:00:00,45,93.2,2017-08-28 18:00:00,35,1006,-3,-3,-3,38,1,1
2017240N31279,UNNAMED,2017,"South Jersey Port Corp, NJ",2017-08-29 18:00:00,2017-08-29 18:00:00,0,468.6,2017-08-29 18:00:00,40,1004,-4,-4,-3,40,0,0
2017240N31279,UNNAMED,2017,"Tampa Port Authority, FL",2017-08-27 18:00:00,2017-08-28 18:00:00,24,349.2,2017-08-27 18:00:00,30,1009,-3,-3,-3,35,0,0
2017240N31279,UNNAMED,2017,"Virginia, VA, Port of",2017-08-29 06:00:00,2017-08-29 18:00:00,12,181.8,2017-08-29 18:00:00,40,1004,-4,-3,-3,40,1,1
2017240N31279,UNNAMED,2017,"Wilmington, DE",2017-08-29 18:00:00,2017-08-29 18:00:00,0,482,2017-08-29 18:00:00,40,1004,-4,-4,-3,40,0,0
2017240N31279,UNNAMED,2017,"Wilmington, NC",2017-08-27 18:00:00,2017-08-29 18:00:00,48,24.7,2017-08-29 12:00:00,35,1006,-3,-3,-3,40,1,1
2017242N16333,IRMA,2017,"Alexandria-Cairo Port, IL",2017-09-12 12:00:00,2017-09-13 12:00:00,24,80.5,2017-09-13 12:00:00,15,1005,-3,-3,5,20,1,1
2017242N16333,IRMA,2017,"America's Central Port, IL",2017-09-12 18:00:00,2017-09-13 12:00:00,18,227.4,2017-09-13 12:00:00,15,1005,-3,-3,5,15,1,1
2017242N16333,IRMA,2017,"Canaveral Port District, FL",2017-09-10 12:00:00,2017-09-11 21:00:00,33,148.7,2017-09-11 06:00:00,65,961,1,4,5,115,1,1
2017242N16333,IRMA,2017,"Chattanooga, TN",2017-09-11 18:00:00,2017-09-13 12:00:00,42,206.8,2017-09-12 12:00:00,20,1000,-3,0,5,45,1,1
2017242N16333,IRMA,2017,"Guayama, PR",2017-09-06 05:45:00,2017-09-07 15:00:00,33.25,129,2017-09-06 21:00:00,150,916,5,5,5,155,0,0
2017242N16333,IRMA,2017,"Guaynabo, PR",2017-09-06 05:45:00,2017-09-07 15:00:00,33.25,95.6,2017-09-07 00:00:00,150,916,5,5,5,155,0,0
2017242N16333,IRMA,2017,"Guntersville, AL",2017-09-11 18:00:00,2017-09-13 12:00:00,42,86.1,2017-09-12 12:00:00,20,1000,-3,0,5,45,1,1
2017242N16333,IRMA,2017,"Havana Regional Port, IL",2017-09-13 03:00:00,2017-09-13 12:00:00,9,386.8,2017-09-13 12:00:00,15,1005,-3,-3,5,15,1,1
2017242N16333,IRMA,2017,"Heart of Illinois Port, IL",2017-09-13 06:00:00,2017-09-13 12:00:00,6,424.6,2017-09-13 12:00:00,15,1005,-3,-3,5,15,1,1
2017242N16333,IRMA,2017,"Heartland Port Authority, MO",2017-09-13 00:00:00,2017-09-13 12:00:00,12,274.1,2017-09-13 12:00:00,15,1005,-3,-3,5,15,1,1
2017242N16333,IRMA,2017,"Helena-West Helena Port, AR",2017-09-12 09:00:00,2017-09-13 12:00:00,27,220.1,2017-09-13 00:00:00,15,1004,-3,-3,5,23,1,1
2017242N16333,IRMA,2017,"Henderson County Riverport, KY",2017-09-12 12:00:00,2017-09-13 12:00:00,24,244.4,2017-09-13 09:00:00,15,1005,-3,-3,5,20,1,1
2017242N16333,IRMA,2017,"Hickman-Fulton County Port, KY",2017-09-12 09:00:00,2017-09-13 12:00:00,27,50.8,2017-09-13 06:00:00,15,1004,-3,-3,5,23,1,1
2017242N16333,IRMA,2017,"Jackson-Union Port District, IL",2017-09-12 12:00:00,2017-09-13 12:00:00,24,117.1,2017-09-13 12:00:00,15,1005,-3,-3,5,20,1,1
2017242N16333,IRMA,2017,"Jacksonville, FL",2017-09-10 19:30:00,2017-09-12 06:00:00,34.5,129.4,2017-09-11 12:00:00,50,970,0,3,5,100,1,1
2017242N16333,IRMA,2017,"Jefferson County Port, MO",2017-09-12 18:00:00,2017-09-13 12:00:00,18,167,2017-09-13 12:00:00,15,1005,-3,-3,5,15,1,1
2017242N16333,IRMA,2017,"Kaskaskia Regional Port, IL",2017-09-12 15:00:00,2017-09-13 12:00:00,21,158.2,2017-09-13 12:00:00,15,1005,-3,-3,5,18,1,1
2017242N16333,IRMA,2017,"Lake Providence Port, LA",2017-09-12 09:00:00,2017-09-13 12:00:00,27,369.8,2017-09-12 18:00:00,15,1003,-3,-3,5,23,1,1
2017242N16333,IRMA,2017,"Louisville-Jefferson Port, KY",2017-09-12 15:00:00,2017-09-13 12:00:00,21,404.2,2017-09-13 03:00:00,15,1004,-3,-3,5,18,1,1
2017242N16333,IRMA,2017,"Manatee County Port, FL",2017-09-09 21:00:00,2017-09-11 21:00:00,48,45.2,2017-09-11 03:00:00,73,952,1,4,5,115,1,1
2017242N16333,IRMA,2017,"Massac-Metropolis Port, IL",2017-09-12 09:00:00,2017-09-13 12:00:00,27,125.7,2017-09-13 09:00:00,15,1005,-3,-3,5,23,1,1
2017242N16333,IRMA,2017,"Memphis-Shelby County Port, TN",2017-09-12 06:00:00,2017-09-13 12:00:00,30,102,2017-09-13 03:00:00,15,1004,-3,-3,5,25,1,1
2017242N16333,IRMA,2017,"Mid-America Port, IA, IL and MO",2017-09-13 06:00:00,2017-09-13 12:00:00,6,396.7,2017-09-13 12:00:00,15,1005,-3,-3,5,15,1,1
2017242N16333,IRMA,2017,"Mobile, AL",2017-09-11 15:00:00,2017-09-12 18:00:00,27,338.4,2017-09-12 09:00:00,23,999,-3,0,5,48,1,1
2017242N16333,IRMA,2017,"Nashville, TN",2017-09-12 03:00:00,2017-09-13 12:00:00,33,188.6,2017-09-12 21:00:00,15,1004,-3,-1,5,30,1,1
2017242N16333,IRMA,2017,"New Bourbon Port Authority, MO",2017-09-12 15:00:00,2017-09-13 12:00:00,21,111.8,2017-09-13 12:00:00,15,1005,-3,-3,5,18,1,1
2017242N16333,IRMA,2017,"New Madrid County Port, MO",2017-09-12 09:00:00,2017-09-13 12:00:00,27,16.9,2017-09-13 09:00:00,15,1005,-3,-3,5,23,1,1
2017242N16333,IRMA,2017,"Owensboro Riverport, KY",2017-09-12 12:00:00,2017-09-13 12:00:00,24,273.4,2017-09-13 06:00:00,15,1004,-3,-3,5,20,1,1
2017242N16333,IRMA,2017,"Paducah-McCracken Riverport, KY",2017-09-12 09:00:00,2017-09-13 12:00:00,27,114.7,2017-09-13 09:00:00,15,1005,-3,-3,5,23,1,1
2017242N16333,IRMA,2017,"Panama City Port Authority, FL",2017-09-11 03:00:00,2017-09-12 15:00:00,36,209.9,2017-09-11 21:00:00,40,983,0,1,5,73,1,1
2017242N16333,IRMA,2017,"Pemiscot County Port, MO",2017-09-12 09:00:00,2017-09-13 12:00:00,27,25.6,2017-09-13 06:00:00,15,1004,-3,-3,5,23,1,1
2017242N16333,IRMA,2017,"Port Everglades, FL",2017-09-09 06:00:00,2017-09-11 12:00:00,54,124.3,2017-09-10 21:00:00,93,938,2,4,5,130,1,1
2017242N16333,IRMA,2017,"Port of Brunswick, GA",2017-09-11 00:00:00,2017-09-12 06:00:00,30,180.5,2017-09-11 15:00:00,48,975,0,1,5,80,1,1
2017242N16333,IRMA,2017,"Port of Charleston, SC",2017-09-11 12:00:00,2017-09-12 03:00:00,15,403.1,2017-09-11 18:00:00,45,980,0,0,5,50,1,1
2017242N16333,IRMA,2017,"Port of Greenville, MS",2017-09-12 09:00:00,2017-09-13 12:00:00,27,309.3,2017-09-12 21:00:00,15,1004,-3,-3,5,23,1,1
2017242N16333,IRMA,2017,"Port of Gulfport, MS",2017-09-12 00:00:00,2017-09-12 18:00:00,18,413.3,2017-09-12 09:00:00,23,999,-3,0,5,35,1,1
2017242N16333,IRMA,2017,"Port of Palm Beach District, FL",2017-09-09 09:00:00,2017-09-11 15:00:00,54,120.5,2017-09-11 00:00:00,80,942,1,4,5,120,1,1
2017242N16333,IRMA,2017,"Port of Pascagoula, MS",2017-09-11 18:00:00,2017-09-12 18:00:00,24,384.2,2017-09-12 09:00:00,23,999,-3,0,5,45,1,1
2017242N16333,IRMA,2017,"Port of Rosedale, MS",2017-09-12 09:00:00,2017-09-13 12:00:00,27,268.2,2017-09-12 21:00:00,15,1004,-3,-3,5,23,1,1
2017242N16333,IRMA,2017,"Port of Savannah, GA",2017-09-11 06:00:00,2017-09-12 06:00:00,24,261.8,2017-09-11 18:00:00,45,980,0,1,5,65,1,1
2017242N16333,IRMA,2017,"Port of Vicksburg, MS",2017-09-12 06:00:00,2017-09-13 12:00:00,30,372.5,2017-09-12 18:00:00,15,1003,-3,-3,5,25,1,1
2017242N16333,IRMA,2017,"PortMiami, FL",2017-09-09 03:00:00,2017-09-11 12:00:00,57,120.5,2017-09-10 18:00:00,100,936,3,5,5,145,1,1
2017242N16333,IRMA,2017,"San Juan, PR",2017-09-06 05:45:00,2017-09-07 15:00:00,33.25,87.6,2017-09-07 00:00:00,150,916,5,5,5,155,0,0
2017242N16333,IRMA,2017,"Shawneetown Regional Port, IL",2017-09-12 12:00:00,2017-09-13 12:00:00,24,193.6,2017-09-13 09:00:00,15,1005,-3,-3,5,20,1,1
2017242N16333,IRMA,2017,"Southeast Missouri Port, MO",2017-09-12 12:00:00,2017-09-13 12:00:00,24,64.5,2017-09-13 12:00:00,15,1005,-3,-3,5,20,1,1
2017242N16333,IRMA,2017,"Southern Indiana District, IN",2017-09-12 15:00:00,2017-09-13 12:00:00,21,365.6,2017-09-13 06:00:00,15,1004,-3,-3,5,18,1,1
2017242N16333,IRMA,2017,"Southwest Regional Port, IL",2017-09-12 18:00:00,2017-09-13 12:00:00,18,196.8,2017-09-13 12:00:00,15,1005,-3,-3,5,15,1,1
2017242N16333,IRMA,2017,"St. Louis City Port, MO",2017-09-12 18:00:00,2017-09-13 12:00:00,18,206.4,2017-09-13 12:00:00,15,1005,-3,-3,5,15,1,1
2017242N16333,IRMA,2017,"St. Louis County, MO",2017-09-12 18:00:00,2017-09-13 12:00:00,18,206.9,2017-09-13 12:00:00,15,1005,-3,-3,5,15,1,1
2017242N16333,IRMA,2017,"Tampa Port Authority, FL",2017-09-10 06:00:00,2017-09-12 00:00:00,42,35.7,2017-09-11 06:00:00,65,961,1,4,5,115,1,1
2017242N16333,IRMA,2017,"Virgin Islands - St. Croix, VI",2017-09-06 00:00:00,2017-09-07 09:00:00,33,92.6,2017-09-06 16:30:00,155,915,5,5,5,155,0,0
2017247N09327,JOSE,2017,"Albany Port District, NY",2017-09-23 00:00:00,2017-09-23 06:00:00,6,494.9,2017-09-23 03:00:00,35,1001,-3,-3,4,35,0,0
2017247N09327,JOSE,2017,"Boston, MA",2017-09-20 06:00:00,2017-09-25 06:00:00,120,324.7,2017-09-23 00:00:00,35,999,-3,0,4,60,0,0
2017247N09327,JOSE,2017,"Bridgeport, CT",2017-09-19 18:00:00,2017-09-25 06:00:00,132,357.8,2017-09-23 06:00:00,35,1002,-3,0,4,60,0,0
2017247N09327,JOSE,2017,"Guayama, PR",2017-09-09 18:00:00,2017-09-10 18:00:00,24,342.5,2017-09-10 06:00:00,115,945,4,4,4,120,0,0
2017247N09327,JOSE,2017,"Guaynabo, PR",2017-09-09 18:00:00,2017-09-10 21:00:00,27,306.3,2017-09-10 09:00:00,115,947,4,4,4,120,0,0
2017247N09327,JOSE,2017,"Morehead City, NC",2017-09-18 21:00:00,2017-09-19 12:00:00,15,475.1,2017-09-19 09:00:00,63,972,0,1,4,65,0,0
2017247N09327,JOSE,2017,"New Haven, CT",2017-09-19 18:00:00,2017-09-25 06:00:00,132,346,2017-09-23 06:00:00,35,1002,-3,0,4,60,0,0
2017247N09327,JOSE,2017,"New York, NY & NJ",2017-09-19 15:00:00,2017-09-25 06:00:00,135,396.5,2017-09-20 12:00:00,60,976,0,0,4,60,0,0
2017247N09327,JOSE,2017,"Philadelphia Regional Port, PA",2017-09-19 15:00:00,2017-09-23 15:00:00,96,423.1,2017-09-20 06:00:00,60,975,0,0,4,60,0,0
2017247N09327,JOSE,2017,"Port Jefferson, NY",2017-09-19 15:00:00,2017-09-25 06:00:00,135,338.1,2017-09-23 06:00:00,35,1002,-3,0,4,60,0,0
2017247N09327,JOSE,2017,"Port of Providence, RI",2017-09-20 00:00:00,2017-09-25 06:00:00,126,291.9,2017-09-23 03:00:00,35,1001,-3,0,4,60,0,0
2017247N09327,JOSE,2017,"Portland, ME",2017-09-20 18:00:00,2017-09-23 09:00:00,63,445.5,2017-09-23 00:00:00,35,999,-3,0,4,60,0,0
2017247N09327,JOSE,2017,"Portsmouth, NH",2017-09-20 12:00:00,2017-09-23 15:00:00,75,393.3,2017-09-23 00:00:00,35,999,-3,0,4,60,0,0
2017247N09327,JOSE,2017,"San Juan, PR",2017-09-09 18:00:00,2017-09-10 21:00:00,27,296.3,2017-09-10 09:00:00,115,947,4,4,4,120,0,0
2017247N09327,JOSE,2017,"South Jersey Port Corp, NJ",2017-09-19 09:00:00,2017-09-23 15:00:00,102,393.7,2017-09-20 00:00:00,60,973,0,0,4,63,0,0
2017247N09327,JOSE,2017,"Virgin Islands - St. Croix, VI",2017-09-09 09:00:00,2017-09-10 15:00:00,30,268.7,2017-09-10 00:00:00,115,943,4,4,4,128,0,0
2017247N09327,JOSE,2017,"Virginia, VA, Port of",2017-09-19 00:00:00,2017-09-20 03:00:00,27,418.4,2017-09-19 12:00:00,60,973,0,1,4,65,0,0
2017247N09327,JOSE,2017,"Wilmington, DE",2017-09-19 15:00:00,2017-09-20 15:00:00,24,444.4,2017-09-20 00:00:00,60,973,0,0,4,60,0,0
2017249N22263,KATIA,2017,"Brownsville, TX",2017-09-05 12:00:00,2017-09-06 15:00:00,27,405.1,2017-09-05 18:00:00,30,1008,-1,0,2,55,0,0
2017249N22263,KATIA,2017,"Port of Harlingen Authority, TX",2017-09-05 12:00:00,2017-09-06 09:00:00,21,434.4,2017-09-05 18:00:00,30,1008,-1,0,2,40,0,0
2017260N12310,MARIA,2017,"Baltimore, MD",2017-09-27 21:00:00,2017-09-28 00:00:00,3,495.7,2017-09-28 00:00:00,65,979,1,1,5,65,0,0
2017260N12310,MARIA,2017,"Guayama, PR",2017-09-19 09:00:00,2017-09-21 21:00:00,60,25.2,2017-09-20 10:15:00,135,920,4,5,5,150,1,1
2017260N12310,MARIA,2017,"Guaynabo, PR",2017-09-19 09:00:00,2017-09-22 00:00:00,63,18.4,2017-09-20 12:00:00,115,935,4,5,5,150,1,1
2017260N12310,MARIA,2017,"Morehead City, NC",2017-09-25 21:00:00,2017-09-28 03:00:00,54,338.5,2017-09-26 21:00:00,65,975,1,1,5,70,0,0
2017260N12310,MARIA,2017,"New York, NY & NJ",2017-09-28 00:00:00,2017-09-28 03:00:00,3,483.3,2017-09-28 00:00:00,65,979,1,1,5,65,0,0
2017260N12310,MARIA,2017,"Philadelphia Regional Port, PA",2017-09-27 18:00:00,2017-09-28 06:00:00,12,454.7,2017-09-28 00:00:00,65,979,1,1,5,65,0,0
2017260N12310,MARIA,2017,"Port Jefferson, NY",2017-09-28 00:00:00,2017-09-28 06:00:00,6,487,2017-09-28 03:00:00,63,981,0,1,5,65,0,0
2017260N12310,MARIA,2017,"San Juan, PR",2017-09-19 09:00:00,2017-09-22 00:00:00,63,28.4,2017-09-20 12:00:00,115,935,4,5,5,150,1,1
2017260N12310,MARIA,2017,"South Jersey Port Corp, NJ",2017-09-27 15:00:00,2017-09-28 09:00:00,18,410.3,2017-09-28 00:00:00,65,979,1,1,5,65,0,0
2017260N12310,MARIA,2017,"Virgin Islands - St. Croix, VI",2017-09-19 00:00:00,2017-09-21 12:00:00,60,40.2,2017-09-20 06:00:00,140,913,5,5,5,150,1,1
2017260N12310,MARIA,2017,"Virginia, VA, Port of",2017-09-26 12:00:00,2017-09-28 06:00:00,42,347.9,2017-09-27 18:00:00,65,979,1,1,5,65,0,0
2017260N12310,MARIA,2017,"Wilmington, DE",2017-09-27 18:00:00,2017-09-28 03:00:00,9,454,2017-09-28 00:00:00,65,979,1,1,5,65,0,0
2017260N12310,MARIA,2017,"Wilmington, NC",2017-09-26 03:00:00,2017-09-27 12:00:00,33,440.2,2017-09-26 21:00:00,65,975,1,1,5,68,0,0
2017277N11279,NATE,2017,"Albany Port District, NY",2017-10-09 15:00:00,2017-10-10 03:00:00,12,120,2017-10-09 21:00:00,25,1006,-4,-4,1,25,1,1
2017277N11279,NATE,2017,"Alexandria-Cairo Port, IL",2017-10-08 15:00:00,2017-10-09 03:00:00,12,342.5,2017-10-09 00:00:00,20,999,-3,-1,1,30,1,1
2017277N11279,NATE,2017,"Alpena, MI",2017-10-09 12:00:00,2017-10-09 15:00:00,3,463.1,2017-10-09 12:00:00,25,1005,-4,-4,1,25,1,1
2017277N11279,NATE,2017,"America's Central Port, IL",2017-10-09 00:00:00,2017-10-09 03:00:00,3,490.9,2017-10-09 00:00:00,20,999,-3,-3,1,20,1,1
2017277N11279,NATE,2017,"Baltimore, MD",2017-10-09 09:00:00,2017-10-09 18:00:00,9,369.7,2017-10-09 15:00:00,25,1005,-4,-4,1,25,1,1
2017277N11279,NATE,2017,"Beaumont, TX",2017-10-08 00:00:00,2017-10-08 05:20:00,5.33333,475.9,2017-10-08 03:00:00,69,984,1,1,1,75,1,1
2017277N11279,NATE,2017,"Boston, MA",2017-10-09 18:00:00,2017-10-10 06:00:00,12,223.6,2017-10-10 00:00:00,25,1006,-4,-4,1,25,1,1
2017277N11279,NATE,2017,"Bridgeport, CT",2017-10-09 15:00:00,2017-10-10 03:00:00,12,291.3,2017-10-09 21:00:00,25,1006,-4,-4,1,25,1,1
2017277N11279,NATE,2017,"Central Louisiana Regional, LA",2017-10-07 21:00:00,2017-10-08 12:00:00,15,348.9,2017-10-08 05:20:00,65,984,1,1,1,78,1,1
2017277N11279,NATE,2017,"Chattanooga, TN",2017-10-08 12:00:00,2017-10-09 06:00:00,18,113.8,2017-10-08 21:00:00,23,998,-1,0,1,35,1,1
2017277N11279,NATE,2017,"Cincinnati, OH",2017-10-08 21:00:00,2017-10-09 12:00:00,15,95.3,2017-10-09 06:00:00,20,1004,-4,-1,1,25,1,1
2017277N11279,NATE,2017,"Cleveland-Cuyahoga Port, OH",2017-10-09 06:00:00,2017-10-09 18:00:00,12,101,2017-10-09 12:00:00,25,1005,-4,-4,1,25,1,1
2017277N11279,NATE,2017,"Conneaut, OH",2017-10-09 06:00:00,2017-10-09 18:00:00,12,47.9,2017-10-09 12:00:00,25,1005,-4,-4,1,25,1,1
2017277N11279,NATE,2017,"Detroit-Wayne County Port, MI",2017-10-09 06:00:00,2017-10-09 15:00:00,9,230.9,2017-10-09 09:00:00,23,1005,-4,-4,1,25,1,1
2017277N11279,NATE,2017,"Greater Lafourche Port, LA",2017-10-07 12:00:00,2017-10-08 15:00:00,27,104.1,2017-10-08 00:00:00,75,983,1,1,1,80,1,1
2017277N11279,NATE,2017,"Guntersville, AL",2017-10-08 06:00:00,2017-10-09 03:00:00,21,82.4,2017-10-08 18:00:00,25,996,-1,0,1,60,1,1
2017277N11279,NATE,2017,"Helena-West Helena Port, AR",2017-10-08 05:20:00,2017-10-08 21:00:00,15.6667,334.6,2017-10-08 15:00:00,30,995,-1,1,1,65,1,1
2017277N11279,NATE,2017,"Henderson County Riverport, KY",2017-10-08 18:00:00,2017-10-09 06:00:00,12,243.2,2017-10-09 00:00:00,20,999,-3,-1,1,25,1,1
2017277N11279,NATE,2017,"Hickman-Fulton County Port, KY",2017-10-08 12:00:00,2017-10-09 03:00:00,15,288.1,2017-10-08 21:00:00,23,998,-1,0,1,35,1,1
2017277N11279,NATE,2017,"Illinois International Port, IL",2017-10-09 06:00:00,2017-10-09 09:00:00,3,473.4,2017-10-09 06:00:00,20,1004,-4,-4,1,23,1,1
2017277N11279,NATE,2017,"Jackson-Union Port District, IL",2017-10-08 18:00:00,2017-10-09 03:00:00,9,361,2017-10-09 00:00:00,20,999,-3,-1,1,25,1,1
2017277N11279,NATE,2017,"Jefferson County Port, MO",2017-10-09 00:00:00,2017-10-09 00:00:00,0,485.7,2017-10-09 00:00:00,20,999,-3,-3,1,20,1,1
2017277N11279,NATE,2017,"Joliet Regional Port, IL",2017-10-09 06:00:00,2017-10-09 06:00:00,0,484.2,2017-10-09 06:00:00,20,1004,-4,-4,1,20,1,1
2017277N11279,NATE,2017,"Kaskaskia Regional Port, IL",2017-10-08 21:00:00,2017-10-09 03:00:00,6,437.3,2017-10-09 00:00:00,20,999,-3,-1,1,23,1,1
2017277N11279,NATE,2017,"Lake Charles Harbor District, LA",2017-10-07 21:00:00,2017-10-08 09:00:00,12,395.8,2017-10-08 03:00:00,69,984,1,1,1,78,1,1
2017277N11279,NATE,2017,"Lake Providence Port, LA",2017-10-08 00:00:00,2017-10-08 18:00:00,18,309.2,2017-10-08 09:00:00,48,989,0,1,1,75,1,1
2017277N11279,NATE,2017,"Louisville-Jefferson Port, KY",2017-10-08 18:00:00,2017-10-09 09:00:00,15,106.5,2017-10-09 03:00:00,20,1002,-3,-1,1,25,1,1
2017277N11279,NATE,2017,"Marblehead, OH",2017-10-09 03:00:00,2017-10-09 15:00:00,12,135.5,2017-10-09 09:00:00,23,1005,-4,-3,1,25,1,1
2017277N11279,NATE,2017,"Marine City, MI",2017-10-09 06:00:00,2017-10-09 15:00:00,9,213.2,2017-10-09 12:00:00,25,1005,-4,-4,1,25,1,1
2017277N11279,NATE,2017,"Massac-Metropolis Port, IL",2017-10-08 15:00:00,2017-10-09 03:00:00,12,290.9,2017-10-09 00:00:00,20,999,-3,-1,1,30,1,1
2017277N11279,NATE,2017,"Memphis-Shelby County Port, TN",2017-10-08 09:00:00,2017-10-09 00:00:00,15,284.9,2017-10-08 18:00:00,25,996,-1,0,1,48,1,1
2017277N11279,NATE,2017,"Mobile, AL",2017-10-07 15:00:00,2017-10-08 18:00:00,27,70.4,2017-10-08 09:00:00,48,989,0,1,1,80,1,1
2017277N11279,NATE,2017,"Monroe, MI",2017-10-09 03:00:00,2017-10-09 15:00:00,12,205.5,2017-10-09 09:00:00,23,1005,-4,-3,1,25,1,1
2017277N11279,NATE,2017,"Muskegon, MI",2017-10-09 09:00:00,2017-10-09 09:00:00,0,466.3,2017-10-09 09:00:00,23,1005,-4,-4,1,23,1,1
2017277N11279,NATE,2017,"Nashville, TN",2017-10-08 12:00:00,2017-10-09 06:00:00,18,97.5,2017-10-09 00:00:00,20,999,-3,0,1,35,1,1
2017277N11279,NATE,2017,"New Bourbon Port Authority, MO",2017-10-08 18:00:00,2017-10-09 03:00:00,9,422.5,2017-10-09 00:00:00,20,999,-3,-1,1,25,1,1
2017277N11279,NATE,2017,"New Haven, CT",2017-10-09 15:00:00,2017-10-10 03:00:00,12,285.5,2017-10-09 21:00:00,25,1006,-4,-4,1,25,1,1
2017277N11279,NATE,2017,"New Madrid County Port, MO",2017-10-08 15:00:00,2017-10-09 03:00:00,12,329.1,2017-10-08 21:00:00,23,998,-1,-1,1,30,1,1
2017277N11279,NATE,2017,"New Orleans, LA",2017-10-07 15:00:00,2017-10-08 15:00:00,24,80.1,2017-10-08 03:00:00,69,984,1,1,1,80,1,1
2017277N11279,NATE,2017,"New York, NY & NJ",2017-10-09 15:00:00,2017-10-10 00:00:00,9,325.7,2017-10-09 18:00:00,25,1005,-4,-4,1,25,1,1
2017277N11279,NATE,2017,"Northern Indiana District, IN",2017-10-09 03:00:00,2017-10-09 09:00:00,6,410.4,2017-10-09 06:00:00,20,1004,-4,-3,1,23,1,1
2017277N11279,NATE,2017,"Orange County Nav District, TX",2017-10-08 00:00:00,2017-10-08 06:00:00,6,452.7,2017-10-08 03:00:00,69,984,1,1,1,75,1,1
2017277N11279,NATE,2017,"Owensboro Riverport, KY",2017-10-08 18:00:00,2017-10-09 06:00:00,12,213.4,2017-10-09 03:00:00,20,1002,-3,-1,1,25,1,1
2017277N11279,NATE,2017,"Paducah-McCracken Riverport, KY",2017-10-08 15:00:00,2017-10-09 03:00:00,12,285,2017-10-09 00:00:00,20,999,-3,-1,1,30,1,1
2017277N11279,NATE,2017,"Panama City Port Authority, FL",2017-10-07 15:00:00,2017-10-08 18:00:00,27,294.2,2017-10-08 09:00:00,48,989,0,1,1,80,1,1
2017277N11279,NATE,2017,"Pemiscot County Port, MO",2017-10-08 12:00:00,2017-10-09 03:00:00,15,321.5,2017-10-08 21:00:00,23,998,-1,0,1,35,1,1
2017277N11279,NATE,2017,"Philadelphia Regional Port, PA",2017-10-09 12:00:00,2017-10-09 21:00:00,9,356.4,2017-10-09 18:00:00,25,1005,-4,-4,1,25,1,1
2017277N11279,NATE,2017,"Pittsburgh, PA Port of",2017-10-09 06:00:00,2017-10-09 18:00:00,12,124.6,2017-10-09 12:00:00,25,1005,-4,-4,1,25,1,1
2017277N11279,NATE,2017,"Plaquemines Port District, LA",2017-10-07 12:00:00,2017-10-08 15:00:00,27,41.6,2017-10-08 00:00:00,75,983,1,1,1,80,1,1
2017277N11279,NATE,2017,"Port Arthur, TX",2017-10-07 21:00:00,2017-10-08 06:00:00,9,456.1,2017-10-08 03:00:00,69,984,1,1,1,78,1,1
2017277N11279,NATE,2017,"Port Jefferson, NY",2017-10-09 15:00:00,2017-10-10 00:00:00,9,317.7,2017-10-09 21:00:00,25,1006,-4,-4,1,25,1,1
2017277N11279,NATE,2017,"Port of Greater Baton Rouge, LA",2017-10-07 15:00:00,2017-10-08 15:00:00,24,210.9,2017-10-08 03:00:00,69,984,1,1,1,80,1,1
2017277N11279,NATE,2017,"Port of Greenville, MS",2017-10-08 03:00:00,2017-10-08 21:00:00,18,314.2,2017-10-08 12:00:00,35,993,0,1,1,69,1,1
2017277N11279,NATE,2017,"Port of Gulfport, MS",2017-10-07 15:00:00,2017-10-08 18:00:00,27,7,2017-10-08 05:20:00,65,984,1,1,1,80,1,1
2017277N11279,NATE,2017,"Port of Iberia District, LA",2017-10-07 15:00:00,2017-10-08 12:00:00,21,250,2017-10-08 03:00:00,69,984,1,1,1,80,1,1
2017277N11279,NATE,2017,"Port of Pascagoula, MS",2017-10-07 15:00:00,2017-10-08 18:00:00,27,26.9,2017-10-08 06:00:00,60,984,0,1,1,80,1,1
2017277N11279,NATE,2017,"Port of Providence, RI",2017-10-09 18:00:00,2017-10-10 03:00:00,9,271.5,2017-10-10 00:00:00,25,1006,-4,-4,1,25,1,1
2017277N11279,NATE,2017,"Port of Rosedale, MS",2017-10-08 03:00:00,2017-10-08 21:00:00,18,314,2017-10-08 15:00:00,30,995,-1,1,1,69,1,1
2017277N11279,NATE,2017,"Port of Vicksburg, MS",2017-10-07 21:00:00,2017-10-08 18:00:00,21,256.9,2017-10-08 09:00:00,48,989,0,1,1,78,1,1
2017277N11279,NATE,2017,"Portland, ME",2017-10-09 18:00:00,2017-10-10 09:00:00,15,143.8,2017-10-10 03:00:00,25,1006,-4,-4,1,25,1,1
2017277N11279,NATE,2017,"Portsmouth, NH",2017-10-09 18:00:00,2017-10-10 06:00:00,12,160.4,2017-10-10 00:00:00,25,1006,-4,-4,1,25,1,1
2017277N11279,NATE,2017,"Presque Isle Township, MI",2017-10-09 12:00:00,2017-10-09 12:00:00,0,482.4,2017-10-09 12:00:00,25,1005,-4,-4,1,25,1,1
2017277N11279,NATE,2017,"Sabine Pass Port Authority, TX",2017-10-08 00:00:00,2017-10-08 05:20:00,5.33333,474.8,2017-10-08 03:00:00,69,984,1,1,1,75,1,1
2017277N11279,NATE,2017,"Sandusky, OH",2017-10-09 03:00:00,2017-10-09 15:00:00,12,128.3,2017-10-09 09:00:00,23,1005,-4,-3,1,25,1,1
2017277N11279,NATE,2017,"Searsport, ME",2017-10-09 21:00:00,2017-10-10 12:00:00,15,83.9,2017-10-10 03:00:00,25,1006,-4,-4,1,25,1,1
2017277N11279,NATE,2017,"Shawneetown Regional Port, IL",2017-10-08 18:00:00,2017-10-09 06:00:00,12,277.7,2017-10-09 00:00:00,20,999,-3,-1,1,25,1,1
2017277N11279,NATE,2017,"South Jersey Port Corp, NJ",2017-10-09 15:00:00,2017-10-09 21:00:00,6,406.1,2017-10-09 18:00:00,25,1005,-4,-4,1,25,1,1
2017277N11279,NATE,2017,"South Louisiana, LA, Port of",2017-10-07 15:00:00,2017-10-08 15:00:00,24,126.7,2017-10-08 03:00:00,69,984,1,1,1,80,1,1
2017277N11279,NATE,2017,"Southeast Missouri Port, MO",2017-10-08 15:00:00,2017-10-09 03:00:00,12,369,2017-10-08 21:00:00,23,998,-1,-1,1,30,1,1
2017277N11279,NATE,2017,"Southern Indiana District, IN",2017-10-08 18:00:00,2017-10-09 09:00:00,15,167.9,2017-10-09 03:00:00,20,1002,-3,-1,1,25,1,1
2017277N11279,NATE,2017,"Southwest Regional Port, IL",2017-10-09 00:00:00,2017-10-09 03:00:00,3,473,2017-10-09 00:00:00,20,999,-3,-3,1,20,1,1
2017277N11279,NATE,2017,"St. Louis City Port, MO",2017-10-09 00:00:00,2017-10-09 03:00:00,3,482.5,2017-10-09 00:00:00,20,999,-3,-3,1,20,1,1
2017277N11279,NATE,2017,"St. Louis County, MO",2017-10-09 00:00:00,2017-10-09 00:00:00,0,499,2017-10-09 00:00:00,20,999,-3,-3,1,20,1,1
2017277N11279,NATE,2017,"Terrebonne Parish Port, LA",2017-10-07 12:00:00,2017-10-08 12:00:00,24,161.1,2017-10-08 00:00:00,75,983,1,1,1,80,1,1
2017277N11279,NATE,2017,"Toledo-Lucas County Port, OH",2017-10-09 03:00:00,2017-10-09 15:00:00,12,183.2,2017-10-09 09:00:00,23,1005,-4,-3,1,25,1,1
2017277N11279,NATE,2017,"West St. Mary Parish Port, LA",2017-10-07 15:00:00,2017-10-08 12:00:00,21,229.7,2017-10-08 03:00:00,69,984,1,1,1,80,1,1
2017277N11279,NATE,2017,"Wilmington, DE",2017-10-09 12:00:00,2017-10-09 21:00:00,9,379.7,2017-10-09 18:00:00,25,1005,-4,-4,1,25,1,1
2017301N18276,PHILIPPE,2017,"Port Everglades, FL",2017-10-28 21:00:00,2017-10-29 00:00:00,3,391.2,2017-10-29 00:00:00,30,1003,-1,0,0,35,1,1
2017301N18276,PHILIPPE,2017,"Port of Palm Beach District, FL",2017-10-29 00:00:00,2017-10-29 00:00:00,0,449.5,2017-10-29 00:00:00,30,1003,-1,-1,0,30,0,1
2017301N18276,PHILIPPE,2017,"PortMiami, FL",2017-10-28 21:00:00,2017-10-29 00:00:00,3,331.3,2017-10-29 00:00:00,30,1003,-1,0,0,35,1,1
2018146N19273,ALBERTO,2018,"Alexandria-Cairo Port, IL",2018-05-29 15:00:00,2018-05-30 21:00:00,30,129.3,2018-05-30 09:00:00,30,998,-1,-1,0,30,1,1
2018146N19273,ALBERTO,2018,"Alpena, MI",2018-05-31 00:00:00,2018-05-31 12:00:00,12,55.2,2018-05-31 09:00:00,30,995,-3,-1,0,30,1,1
2018146N19273,ALBERTO,2018,"America's Central Port, IL",2018-05-30 00:00:00,2018-05-31 00:00:00,24,225.6,2018-05-30 12:00:00,30,998,-1,-1,0,30,1,1
2018146N19273,ALBERTO,2018,"Canaveral Port District, FL",2018-05-27 09:00:00,2018-05-28 00:00:00,15,408.3,2018-05-27 15:00:00,43,994,-2,0,0,55,0,0
2018146N19273,ALBERTO,2018,"Chattanooga, TN",2018-05-29 00:00:00,2018-05-30 15:00:00,39,207.2,2018-05-29 21:00:00,30,998,-1,-1,0,30,1,1
2018146N19273,ALBERTO,2018,"Cincinnati, OH",2018-05-30 00:00:00,2018-05-31 06:00:00,30,230.1,2018-05-30 18:00:00,30,998,-1,-1,0,30,1,1
2018146N19273,ALBERTO,2018,"Clark Township, MI",2018-05-31 03:00:00,2018-05-31 12:00:00,9,81.9,2018-05-31 12:00:00,30,995,-3,-1,0,30,1,1
2018146N19273,ALBERTO,2018,"Cleveland-Cuyahoga Port, OH",2018-05-30 18:00:00,2018-05-31 09:00:00,15,309.2,2018-05-31 03:00:00,30,996,-1,-1,0,30,1,1
2018146N19273,ALBERTO,2018,"Conneaut, OH",2018-05-31 00:00:00,2018-05-31 09:00:00,9,372.8,2018-05-31 06:00:00,30,995,-3,-1,0,30,1,1
2018146N19273,ALBERTO,2018,"Detroit-Wayne County Port, MI",2018-05-30 18:00:00,2018-05-31 12:00:00,18,168.1,2018-05-31 03:00:00,30,996,-1,-1,0,30,1,1
2018146N19273,ALBERTO,2018,"Greater Lafourche Port, LA",2018-05-27 21:00:00,2018-05-29 09:00:00,36,416.2,2018-05-28 09:00:00,53,991,0,0,0,55,1,1
2018146N19273,ALBERTO,2018,"Green Bay, WI",2018-05-30 21:00:00,2018-05-31 12:00:00,15,292.3,2018-05-31 06:00:00,30,995,-3,-1,0,30,1,1
2018146N19273,ALBERTO,2018,"Guntersville, AL",2018-05-28 21:00:00,2018-05-30 12:00:00,39,97,2018-05-29 18:00:00,30,997,-1,0,0,40,1,1
2018146N19273,ALBERTO,2018,"Havana Regional Port, IL",2018-05-30 06:00:00,2018-05-31 03:00:00,21,259.5,2018-05-30 18:00:00,30,998,-1,-1,0,30,1,1
2018146N19273,ALBERTO,2018,"Heart of Illinois Port, IL",2018-05-30 06:00:00,2018-05-31 03:00:00,21,243.8,2018-05-30 18:00:00,30,998,-1,-1,0,30,1,1
2018146N19273,ALBERTO,2018,"Heartland Port Authority, MO",2018-05-30 03:00:00,2018-05-30 18:00:00,15,382.3,2018-05-30 12:00:00,30,998,-1,-1,0,30,1,1
2018146N19273,ALBERTO,2018,"Helena-West Helena Port, AR",2018-05-29 06:00:00,2018-05-30 09:00:00,27,309.1,2018-05-29 21:00:00,30,998,-1,-1,0,30,1,1
2018146N19273,ALBERTO,2018,"Henderson County Riverport, KY",2018-05-29 15:00:00,2018-05-31 00:00:00,33,46.3,2018-05-30 12:00:00,30,998,-1,-1,0,30,1,1
2018146N19273,ALBERTO,2018,"Hickman-Fulton County Port, KY",2018-05-29 12:00:00,2018-05-30 18:00:00,30,112.2,2018-05-30 06:00:00,30,998,-1,-1,0,30,1,1
2018146N19273,ALBERTO,2018,"Illinois International Port, IL",2018-05-30 09:00:00,2018-05-31 09:00:00,24,145.1,2018-05-31 00:00:00,30,997,-1,-1,0,30,1,1
2018146N19273,ALBERTO,2018,"Illinois Valley Port, IL",2018-05-30 09:00:00,2018-05-31 06:00:00,21,237.5,2018-05-30 21:00:00,30,998,-1,-1,0,30,1,1
2018146N19273,ALBERTO,2018,"Jackson-Union Port District, IL",2018-05-29 15:00:00,2018-05-30 21:00:00,30,129.3,2018-05-30 09:00:00,30,998,-1,-1,0,30,1,1
2018146N19273,ALBERTO,2018,"Jacksonville, FL",2018-05-27 12:00:00,2018-05-29 03:00:00,39,412.3,2018-05-28 18:00:00,45,991,0,0,0,55,1,1
2018146N19273,ALBERTO,2018,"Jefferson County Port, MO",2018-05-29 21:00:00,2018-05-30 21:00:00,24,247.9,2018-05-30 12:00:00,30,998,-1,-1,0,30,1,1
2018146N19273,ALBERTO,2018,"Joliet Regional Port, IL",2018-05-30 09:00:00,2018-05-31 09:00:00,24,165.6,2018-05-30 21:00:00,30,998,-1,-1,0,30,1,1
2018146N19273,ALBERTO,2018,"Kaskaskia Regional Port, IL",2018-05-29 21:00:00,2018-05-31 00:00:00,27,195.7,2018-05-30 12:00:00,30,998,-1,-1,0,30,1,1
2018146N19273,ALBERTO,2018,"Lake Providence Port, LA",2018-05-29 03:00:00,2018-05-30 03:00:00,24,387.7,2018-05-29 15:00:00,30,997,-1,-1,0,30,1,1
2018146N19273,ALBERTO,2018,"Louisville-Jefferson Port, KY",2018-05-29 18:00:00,2018-05-31 03:00:00,33,176.2,2018-05-30 15:00:00,30,998,-1,-1,0,30,1,1
2018146N19273,ALBERTO,2018,"Manatee County Port, FL",2018-05-27 00:00:00,2018-05-28 21:00:00,45,223.6,2018-05-27 15:00:00,43,994,-2,0,0,55,1,1
2018146N19273,ALBERTO,2018,"Marblehead, OH",2018-05-30 15:00:00,2018-05-31 12:00:00,21,234,2018-05-31 03:00:00,30,996,-1,-1,0,30,1,1
2018146N19273,ALBERTO,2018,"Marine City, MI",2018-05-30 18:00:00,2018-05-31 12:00:00,18,191.5,2018-05-31 06:00:00,30,995,-3,-1,0,30,1,1
2018146N19273,ALBERTO,2018,"Marquette, MI",2018-05-31 03:00:00,2018-05-31 12:00:00,9,320.7,2018-05-31 12:00:00,30,995,-3,-1,0,30,1,1
2018146N19273,ALBERTO,2018,"Massac-Metropolis Port, IL",2018-05-29 12:00:00,2018-05-30 21:00:00,33,74.3,2018-05-30 09:00:00,30,998,-1,-1,0,30,1,1
2018146N19273,ALBERTO,2018,"Memphis-Shelby County Port, TN",2018-05-29 06:00:00,2018-05-30 15:00:00,33,211.5,2018-05-30 03:00:00,30,998,-1,-1,0,30,1,1
2018146N19273,ALBERTO,2018,"Mid-America Port, IA, IL and MO",2018-05-30 06:00:00,2018-05-31 00:00:00,18,363.6,2018-05-30 15:00:00,30,998,-1,-1,0,30,1,1
2018146N19273,ALBERTO,2018,"Milwaukee, WI",2018-05-30 15:00:00,2018-05-31 12:00:00,21,230,2018-05-31 03:00:00,30,996,-1,-1,0,30,1,1
2018146N19273,ALBERTO,2018,"Mobile, AL",2018-05-27 18:00:00,2018-05-29 21:00:00,51,190,2018-05-29 03:00:00,30,994,-1,0,0,55,1,1
2018146N19273,ALBERTO,2018,"Monroe, MI",2018-05-30 15:00:00,2018-05-31 12:00:00,21,158.1,2018-05-31 03:00:00,30,996,-1,-1,0,30,1,1
2018146N19273,ALBERTO,2018,"Mueller Township, MI",2018-05-31 03:00:00,2018-05-31 12:00:00,9,203.1,2018-05-31 12:00:00,30,995,-3,-1,0,30,1,1
2018146N19273,ALBERTO,2018,"Muskegon, MI",2018-05-30 15:00:00,2018-05-31 12:00:00,21,120.7,2018-05-31 03:00:00,30,996,-1,-1,0,30,1,1
2018146N19273,ALBERTO,2018,"Nashville, TN",2018-05-29 06:00:00,2018-05-30 18:00:00,36,93,2018-05-30 03:00:00,30,998,-1,-1,0,30,1,1
2018146N19273,ALBERTO,2018,"New Bourbon Port Authority, MO",2018-05-29 18:00:00,2018-05-30 21:00:00,27,191.6,2018-05-30 09:00:00,30,998,-1,-1,0,30,1,1
2018146N19273,ALBERTO,2018,"New Madrid County Port, MO",2018-05-29 12:00:00,2018-05-30 18:00:00,30,156.7,2018-05-30 06:00:00,30,998,-1,-1,0,30,1,1
2018146N19273,ALBERTO,2018,"New Orleans, LA",2018-05-28 00:00:00,2018-05-29 15:00:00,39,384,2018-05-29 06:00:00,30,994,-1,0,0,55,1,1
2018146N19273,ALBERTO,2018,"Northern Indiana District, IN",2018-05-30 09:00:00,2018-05-31 09:00:00,24,88.7,2018-05-31 00:00:00,30,997,-1,-1,0,30,1,1
2018146N19273,ALBERTO,2018,"Owensboro Riverport, KY",2018-05-29 15:00:00,2018-05-31 00:00:00,33,71.1,2018-05-30 12:00:00,30,998,-1,-1,0,30,1,1
2018146N19273,ALBERTO,2018,"Paducah-McCracken Riverport, KY",2018-05-29 12:00:00,2018-05-30 21:00:00,33,81.7,2018-05-30 09:00:00,30,998,-1,-1,0,30,1,1
2018146N19273,ALBERTO,2018,"Panama City Port Authority, FL",2018-05-27 12:00:00,2018-05-29 18:00:00,54,35.9,2018-05-28 21:00:00,40,992,0,0,0,55,1,1
2018146N19273,ALBERTO,2018,"Pemiscot County Port, MO",2018-05-29 12:00:00,2018-05-30 18:00:00,30,177.1,2018-05-30 06:00:00,30,998,-1,-1,0,30,1,1
2018146N19273,ALBERTO,2018,"Plaquemines Port District, LA",2018-05-27 18:00:00,2018-05-29 12:00:00,42,344.5,2018-05-28 09:00:00,53,991,0,0,0,55,1,1
2018146N19273,ALBERTO,2018,"Port Everglades, FL",2018-05-27 03:00:00,2018-05-27 18:00:00,15,386.2,2018-05-27 09:00:00,38,997,-2,-2,0,45,0,0
2018146N19273,ALBERTO,2018,"Port of Brunswick, GA",2018-05-28 12:00:00,2018-05-29 06:00:00,18,440.2,2018-05-29 00:00:00,30,993,-1,0,0,50,1,1
2018146N19273,ALBERTO,2018,"Port of Greater Baton Rouge, LA",2018-05-29 00:00:00,2018-05-29 12:00:00,12,475.3,2018-05-29 06:00:00,30,994,-1,-1,0,30,1,1
2018146N19273,ALBERTO,2018,"Port of Greenville, MS",2018-05-29 03:00:00,2018-05-30 06:00:00,27,357.9,2018-05-29 15:00:00,30,997,-1,-1,0,30,1,1
2018146N19273,ALBERTO,2018,"Port of Gulfport, MS",2018-05-27 21:00:00,2018-05-29 18:00:00,45,285.7,2018-05-29 03:00:00,30,994,-1,0,0,55,1,1
2018146N19273,ALBERTO,2018,"Port of Palm Beach District, FL",2018-05-27 03:00:00,2018-05-27 18:00:00,15,388.4,2018-05-27 12:00:00,40,995,-2,-2,0,45,0,0
2018146N19273,ALBERTO,2018,"Port of Pascagoula, MS",2018-05-27 18:00:00,2018-05-29 21:00:00,51,244.8,2018-05-29 03:00:00,30,994,-1,0,0,55,1,1
2018146N19273,ALBERTO,2018,"Port of Rosedale, MS",2018-05-29 06:00:00,2018-05-30 09:00:00,27,330,2018-05-29 21:00:00,30,998,-1,-1,0,30,1,1
2018146N19273,ALBERTO,2018,"Port of Savannah, GA",2018-05-29 00:00:00,2018-05-29 03:00:00,3,490.2,2018-05-29 00:00:00,30,993,-1,-1,0,30,1,1
2018146N19273,ALBERTO,2018,"Port of Vicksburg, MS",2018-05-29 00:00:00,2018-05-30 03:00:00,27,367.5,2018-05-29 12:00:00,30,996,-1,-1,0,30,1,1
2018146N19273,ALBERTO,2018,"PortMiami, FL",2018-05-27 00:00:00,2018-05-27 18:00:00,18,381.4,2018-05-27 09:00:00,38,997,-2,-2,0,45,0,0
2018146N19273,ALBERTO,2018,"Presque Isle Township, MI",2018-05-31 00:00:00,2018-05-31 12:00:00,12,71.7,2018-05-31 09:00:00,30,995,-3,-1,0,30,1,1
2018146N19273,ALBERTO,2018,"Rogers City, MI",2018-05-31 00:00:00,2018-05-31 12:00:00,12,75.6,2018-05-31 12:00:00,30,995,-3,-1,0,30,1,1
2018146N19273,ALBERTO,2018,"Sandusky, OH",2018-05-30 15:00:00,2018-05-31 09:00:00,18,238.3,2018-05-31 03:00:00,30,996,-1,-1,0,30,1,1
2018146N19273,ALBERTO,2018,"Shawneetown Regional Port, IL",2018-05-29 15:00:00,2018-05-31 00:00:00,33,42.2,2018-05-30 09:00:00,30,998,-1,-1,0,30,1,1
2018146N19273,ALBERTO,2018,"South Louisiana, LA, Port of",2018-05-28 03:00:00,2018-05-29 12:00:00,33,427.2,2018-05-29 06:00:00,30,994,-1,0,0,55,1,1
2018146N19273,ALBERTO,2018,"Southeast Missouri Port, MO",2018-05-29 15:00:00,2018-05-30 21:00:00,30,154.4,2018-05-30 09:00:00,30,998,-1,-1,0,30,1,1
2018146N19273,ALBERTO,2018,"Southern Indiana District, IN",2018-05-29 18:00:00,2018-05-31 03:00:00,33,115.6,2018-05-30 15:00:00,30,998,-1,-1,0,30,1,1
2018146N19273,ALBERTO,2018,"Southwest Regional Port, IL",2018-05-29 21:00:00,2018-05-31 00:00:00,27,217.3,2018-05-30 12:00:00,30,998,-1,-1,0,30,1,1
2018146N19273,ALBERTO,2018,"St. Louis City Port, MO",2018-05-29 21:00:00,2018-05-31 00:00:00,27,224.2,2018-05-30 12:00:00,30,998,-1,-1,0,30,1,1
2018146N19273,ALBERTO,2018,"St. Louis County, MO",2018-05-30 00:00:00,2018-05-31 00:00:00,24,244,2018-05-30 12:00:00,30,998,-1,-1,0,30,1,1
2018146N19273,ALBERTO,2018,"Tampa Port Authority, FL",2018-05-27 03:00:00,2018-05-29 00:00:00,45,235.6,2018-05-27 15:00:00,43,994,-2,0,0,55,1,1
2018146N19273,ALBERTO,2018,"Terrebonne Parish Port, LA",2018-05-28 03:00:00,2018-05-29 06:00:00,27,473.9,2018-05-28 09:00:00,53,991,0,0,0,55,1,1
2018146N19273,ALBERTO,2018,"Toledo-Lucas County Port, OH",2018-05-30 15:00:00,2018-05-31 12:00:00,21,170.9,2018-05-31 03:00:00,30,996,-1,-1,0,30,1,1
2018186N10325,BERYL,2018,"Guayama, PR",2018-07-09 03:00:00,2018-07-10 06:00:00,27,130.7,2018-07-09 15:00:00,35,1013,-3,-3,1,35,1,0
2018186N10325,BERYL,2018,"Guaynabo, PR",2018-07-09 03:00:00,2018-07-10 06:00:00,27,171.9,2018-07-09 15:00:00,35,1013,-3,-3,1,35,1,0
2018186N10325,BERYL,2018,"San Juan, PR",2018-07-09 03:00:00,2018-07-10 06:00:00,27,180.9,2018-07-09 15:00:00,35,1013,-3,-3,1,35,1,0
2018186N10325,BERYL,2018,"Virgin Islands - St. Croix, VI",2018-07-09 00:00:00,2018-07-10 00:00:00,24,139.2,2018-07-09 12:00:00,35,1013,-3,-3,1,35,0,0
2018186N31292,CHRIS,2018,"Morehead City, NC",2018-07-06 12:00:00,2018-07-11 03:00:00,111,219.2,2018-07-08 06:00:00,35,1010,0,2,2,90,0,0
2018186N31292,CHRIS,2018,"Port of Charleston, SC",2018-07-07 09:00:00,2018-07-08 21:00:00,36,432.1,2018-07-08 06:00:00,35,1010,0,0,2,43,0,0
2018186N31292,CHRIS,2018,"Virginia, VA, Port of",2018-07-07 09:00:00,2018-07-08 21:00:00,36,430,2018-07-08 06:00:00,35,1010,0,0,2,43,0,0
2018186N31292,CHRIS,2018,"Wilmington, NC",2018-07-06 18:00:00,2018-07-10 18:00:00,96,261.2,2018-07-08 06:00:00,35,1010,0,1,2,75,0,0
2018242N13343,FLORENCE,2018,"Albany Port District, NY",2018-09-18 03:00:00,2018-09-18 12:00:00,9,65.3,2018-09-18 12:00:00,25,1006,-4,-4,4,25,1,1
2018242N13343,FLORENCE,2018,"Baltimore, MD",2018-09-17 15:00:00,2018-09-18 12:00:00,21,212,2018-09-18 06:00:00,25,1007,-4,-4,4,25,1,1
2018242N13343,FLORENCE,2018,"Boston, MA",2018-09-18 06:00:00,2018-09-18 12:00:00,6,192.1,2018-09-18 12:00:00,25,1006,-4,-4,4,25,1,1
2018242N13343,FLORENCE,2018,"Bridgeport, CT",2018-09-18 03:00:00,2018-09-18 12:00:00,9,112.9,2018-09-18 12:00:00,25,1006,-4,-4,4,25,1,1
2018242N13343,FLORENCE,2018,"Chattanooga, TN",2018-09-16 00:00:00,2018-09-17 15:00:00,39,267.8,2018-09-17 03:00:00,25,1008,-1,0,4,45,1,1
2018242N13343,FLORENCE,2018,"Cincinnati, OH",2018-09-17 03:00:00,2018-09-18 00:00:00,21,216.1,2018-09-17 15:00:00,25,1008,-4,-1,4,25,1,1
2018242N13343,FLORENCE,2018,"Cleveland-Cuyahoga Port, OH",2018-09-17 12:00:00,2018-09-18 06:00:00,18,258.2,2018-09-18 00:00:00,25,1008,-4,-4,4,25,1,1
2018242N13343,FLORENCE,2018,"Conneaut, OH",2018-09-17 12:00:00,2018-09-18 09:00:00,21,225.3,2018-09-18 03:00:00,25,1008,-4,-4,4,25,1,1
2018242N13343,FLORENCE,2018,"Detroit-Wayne County Port, MI",2018-09-17 15:00:00,2018-09-18 03:00:00,12,384,2018-09-17 21:00:00,25,1008,-4,-4,4,25,1,1
2018242N13343,FLORENCE,2018,"Guntersville, AL",2018-09-16 09:00:00,2018-09-17 09:00:00,24,372.9,2018-09-16 21:00:00,28,1007,-1,0,4,38,1,1
2018242N13343,FLORENCE,2018,"Henderson County Riverport, KY",2018-09-17 06:00:00,2018-09-17 18:00:00,12,463.1,2018-09-17 09:00:00,25,1008,-1,-1,4,25,1,1
2018242N13343,FLORENCE,2018,"Jacksonville, FL",2018-09-14 21:00:00,2018-09-16 21:00:00,48,363.1,2018-09-16 12:00:00,35,1002,0,0,4,63,1,1
2018242N13343,FLORENCE,2018,"Louisville-Jefferson Port, KY",2018-09-17 00:00:00,2018-09-18 00:00:00,24,302.8,2018-09-17 15:00:00,25,1008,-4,-1,4,25,1,1
2018242N13343,FLORENCE,2018,"Marblehead, OH",2018-09-17 09:00:00,2018-09-18 06:00:00,21,288.8,2018-09-17 21:00:00,25,1008,-4,-1,4,25,1,1
2018242N13343,FLORENCE,2018,"Marine City, MI",2018-09-17 15:00:00,2018-09-18 06:00:00,15,394.7,2018-09-18 00:00:00,25,1008,-4,-4,4,25,1,1
2018242N13343,FLORENCE,2018,"Monroe, MI",2018-09-17 12:00:00,2018-09-18 03:00:00,15,356.1,2018-09-17 21:00:00,25,1008,-4,-4,4,25,1,1
2018242N13343,FLORENCE,2018,"Morehead City, NC",2018-09-13 00:00:00,2018-09-17 00:00:00,96,70.2,2018-09-14 03:00:00,88,952,2,3,4,105,1,1
2018242N13343,FLORENCE,2018,"Nashville, TN",2018-09-16 18:00:00,2018-09-17 15:00:00,21,376,2018-09-17 06:00:00,25,1008,-1,-1,4,30,1,1
2018242N13343,FLORENCE,2018,"New Haven, CT",2018-09-18 06:00:00,2018-09-18 12:00:00,6,103.7,2018-09-18 12:00:00,25,1006,-4,-4,4,25,1,1
2018242N13343,FLORENCE,2018,"New York, NY & NJ",2018-09-18 03:00:00,2018-09-18 12:00:00,9,155.5,2018-09-18 09:00:00,25,1007,-4,-4,4,25,1,1
2018242N13343,FLORENCE,2018,"Owensboro Riverport, KY",2018-09-17 03:00:00,2018-09-17 18:00:00,15,422.8,2018-09-17 09:00:00,25,1008,-1,-1,4,25,1,1
2018242N13343,FLORENCE,2018,"Philadelphia Regional Port, PA",2018-09-18 00:00:00,2018-09-18 12:00:00,12,205.5,2018-09-18 06:00:00,25,1007,-4,-4,4,25,1,1
2018242N13343,FLORENCE,2018,"Pittsburgh, PA Port of",2018-09-17 09:00:00,2018-09-18 09:00:00,24,89.7,2018-09-18 03:00:00,25,1008,-4,-1,4,25,1,1
2018242N13343,FLORENCE,2018,"Port Jefferson, NY",2018-09-18 03:00:00,2018-09-18 12:00:00,9,138.7,2018-09-18 12:00:00,25,1006,-4,-4,4,25,1,1
2018242N13343,FLORENCE,2018,"Port of Brunswick, GA",2018-09-14 11:15:00,2018-09-17 00:00:00,60.75,272.7,2018-09-16 12:00:00,35,1002,0,1,4,80,1,1
2018242N13343,FLORENCE,2018,"Port of Charleston, SC",2018-09-13 09:00:00,2018-09-17 06:00:00,93,64.3,2018-09-15 21:00:00,48,998,0,3,4,98,1,1
2018242N13343,FLORENCE,2018,"Port of Providence, RI",2018-09-18 06:00:00,2018-09-18 12:00:00,6,163.9,2018-09-18 12:00:00,25,1006,-4,-4,4,25,1,1
2018242N13343,FLORENCE,2018,"Port of Savannah, GA",2018-09-13 21:00:00,2018-09-17 06:00:00,81,167.2,2018-09-16 09:00:00,38,1001,0,2,4,90,1,1
2018242N13343,FLORENCE,2018,"Portland, ME",2018-09-18 09:00:00,2018-09-18 12:00:00,3,296.8,2018-09-18 12:00:00,25,1006,-4,-4,4,25,1,1
2018242N13343,FLORENCE,2018,"Portsmouth, NH",2018-09-18 09:00:00,2018-09-18 12:00:00,3,227,2018-09-18 12:00:00,25,1006,-4,-4,4,25,1,1
2018242N13343,FLORENCE,2018,"Sandusky, OH",2018-09-17 09:00:00,2018-09-18 06:00:00,21,281.5,2018-09-17 21:00:00,25,1008,-4,-1,4,25,1,1
2018242N13343,FLORENCE,2018,"Searsport, ME",2018-09-18 12:00:00,2018-09-18 12:00:00,0,434.7,2018-09-18 12:00:00,25,1006,-4,-4,4,25,0,1
2018242N13343,FLORENCE,2018,"South Jersey Port Corp, NJ",2018-09-18 00:00:00,2018-09-18 12:00:00,12,246.3,2018-09-18 06:00:00,25,1007,-4,-4,4,25,1,1
2018242N13343,FLORENCE,2018,"Southern Indiana District, IN",2018-09-17 03:00:00,2018-09-17 21:00:00,18,363.3,2018-09-17 15:00:00,25,1008,-4,-1,4,25,1,1
2018242N13343,FLORENCE,2018,"Toledo-Lucas County Port, OH",2018-09-17 12:00:00,2018-09-18 03:00:00,15,332.2,2018-09-17 21:00:00,25,1008,-4,-4,4,25,1,1
2018242N13343,FLORENCE,2018,"Virginia, VA, Port of",2018-09-13 09:00:00,2018-09-18 06:00:00,117,307,2018-09-14 09:00:00,82,954,1,3,4,98,1,1
2018242N13343,FLORENCE,2018,"Wilmington, DE",2018-09-18 00:00:00,2018-09-18 12:00:00,12,204.5,2018-09-18 06:00:00,25,1007,-4,-4,4,25,1,1
2018242N13343,FLORENCE,2018,"Wilmington, NC",2018-09-13 03:00:00,2018-09-17 06:00:00,99,8.1,2018-09-14 11:15:00,80,956,1,3,4,103,1,1
2018246N22283,GORDON,2018,"Alexandria-Cairo Port, IL",2018-09-06 00:00:00,2018-09-07 18:00:00,42,325.2,2018-09-07 18:00:00,15,1014,-3,-1,0,20,1,1
2018246N22283,GORDON,2018,"America's Central Port, IL",2018-09-07 09:00:00,2018-09-07 18:00:00,9,417.4,2018-09-07 18:00:00,15,1014,-3,-3,0,15,1,1
2018246N22283,GORDON,2018,"Beaumont, TX",2018-09-05 09:00:00,2018-09-06 12:00:00,27,446.6,2018-09-05 21:00:00,23,1013,-1,0,0,38,1,1
2018246N22283,GORDON,2018,"Canaveral Port District, FL",2018-09-03 06:00:00,2018-09-04 09:00:00,27,318.2,2018-09-03 21:00:00,53,1004,0,0,0,55,1,1
2018246N22283,GORDON,2018,"Central Louisiana Regional, LA",2018-09-05 00:00:00,2018-09-07 18:00:00,66,248,2018-09-05 18:00:00,25,1012,-1,0,0,60,1,1
2018246N22283,GORDON,2018,"Greater Lafourche Port, LA",2018-09-04 09:00:00,2018-09-06 06:00:00,45,205.7,2018-09-05 03:00:00,60,996,0,0,0,60,1,1
2018246N22283,GORDON,2018,"Guntersville, AL",2018-09-05 03:00:00,2018-09-06 09:00:00,30,428.5,2018-09-05 12:00:00,30,1007,-1,0,0,60,1,1
2018246N22283,GORDON,2018,"Heartland Port Authority, MO",2018-09-06 21:00:00,2018-09-07 18:00:00,21,360,2018-09-07 18:00:00,15,1014,-3,-3,0,15,1,1
2018246N22283,GORDON,2018,"Helena-West Helena Port, AR",2018-09-05 03:00:00,2018-09-07 18:00:00,63,94.8,2018-09-06 15:00:00,15,1014,-1,0,0,60,1,1
2018246N22283,GORDON,2018,"Henderson County Riverport, KY",2018-09-07 18:00:00,2018-09-07 18:00:00,0,492.9,2018-09-07 18:00:00,15,1014,-3,-3,0,15,0,1
2018246N22283,GORDON,2018,"Hickman-Fulton County Port, KY",2018-09-05 15:00:00,2018-09-07 18:00:00,51,307.1,2018-09-07 18:00:00,15,1014,-3,-1,0,28,1,1
2018246N22283,GORDON,2018,"Jackson-Union Port District, IL",2018-09-06 06:00:00,2018-09-07 18:00:00,36,357.5,2018-09-07 18:00:00,15,1014,-3,-1,0,20,1,1
2018246N22283,GORDON,2018,"Jacksonville, FL",2018-09-03 21:00:00,2018-09-04 09:00:00,12,445.3,2018-09-04 00:00:00,55,1003,0,0,0,55,0,0
2018246N22283,GORDON,2018,"Jefferson County Port, MO",2018-09-06 12:00:00,2018-09-07 18:00:00,30,344.7,2018-09-07 18:00:00,15,1014,-3,-1,0,15,1,1
2018246N22283,GORDON,2018,"Kaskaskia Regional Port, IL",2018-09-06 15:00:00,2018-09-07 18:00:00,27,367.9,2018-09-07 18:00:00,15,1014,-3,-1,0,15,1,1
2018246N22283,GORDON,2018,"Lake Charles Harbor District, LA",2018-09-05 03:00:00,2018-09-06 18:00:00,39,395.4,2018-09-05 15:00:00,28,1010,-1,0,0,60,1,1
2018246N22283,GORDON,2018,"Lake Providence Port, LA",2018-09-05 00:00:00,2018-09-07 18:00:00,66,43.1,2018-09-06 00:00:00,20,1013,-1,0,0,60,1,1
2018246N22283,GORDON,2018,"Manatee County Port, FL",2018-09-03 06:00:00,2018-09-04 15:00:00,33,135,2018-09-04 00:00:00,55,1003,0,0,0,58,1,1
2018246N22283,GORDON,2018,"Massac-Metropolis Port, IL",2018-09-06 03:00:00,2018-09-07 18:00:00,39,374,2018-09-07 18:00:00,15,1014,-3,-1,0,20,1,1
2018246N22283,GORDON,2018,"Memphis-Shelby County Port, TN",2018-09-05 06:00:00,2018-09-07 18:00:00,60,207.4,2018-09-07 15:00:00,15,1014,-3,0,0,45,1,1
2018246N22283,GORDON,2018,"Mobile, AL",2018-09-04 06:00:00,2018-09-06 12:00:00,54,48.4,2018-09-05 03:00:00,60,996,0,0,0,60,1,1
2018246N22283,GORDON,2018,"New Bourbon Port Authority, MO",2018-09-06 06:00:00,2018-09-07 18:00:00,36,327.4,2018-09-07 18:00:00,15,1014,-3,-1,0,20,1,1
2018246N22283,GORDON,2018,"New Madrid County Port, MO",2018-09-05 15:00:00,2018-09-07 18:00:00,51,267.4,2018-09-07 18:00:00,15,1014,-3,-1,0,28,1,1
2018246N22283,GORDON,2018,"New Orleans, LA",2018-09-04 12:00:00,2018-09-06 18:00:00,54,141.5,2018-09-05 06:00:00,45,1002,0,0,0,60,1,1
2018246N22283,GORDON,2018,"Orange County Nav District, TX",2018-09-05 06:00:00,2018-09-06 21:00:00,39,424.2,2018-09-05 18:00:00,25,1012,-1,0,0,45,1,1
2018246N22283,GORDON,2018,"Paducah-McCracken Riverport, KY",2018-09-06 00:00:00,2018-09-07 18:00:00,42,364.9,2018-09-07 18:00:00,15,1014,-3,-1,0,20,1,1
2018246N22283,GORDON,2018,"Panama City Port Authority, FL",2018-09-04 00:00:00,2018-09-05 15:00:00,39,212.4,2018-09-04 18:00:00,60,1000,0,0,0,60,1,1
2018246N22283,GORDON,2018,"Pemiscot County Port, MO",2018-09-05 12:00:00,2018-09-07 18:00:00,54,240,2018-09-07 18:00:00,15,1014,-3,-1,0,30,1,1
2018246N22283,GORDON,2018,"Plaquemines Port District, LA",2018-09-04 09:00:00,2018-09-06 06:00:00,45,147.6,2018-09-05 03:00:00,60,996,0,0,0,60,1,1
2018246N22283,GORDON,2018,"Port Arthur, TX",2018-09-05 06:00:00,2018-09-06 12:00:00,30,443.4,2018-09-05 18:00:00,25,1012,-1,0,0,45,1,1
2018246N22283,GORDON,2018,"Port Everglades, FL",2018-09-02 21:00:00,2018-09-04 06:00:00,33,112,2018-09-03 15:00:00,47,1005,0,0,0,55,1,1
2018246N22283,GORDON,2018,"Port of Greater Baton Rouge, LA",2018-09-04 15:00:00,2018-09-07 09:00:00,66,209.8,2018-09-05 09:00:00,38,1005,0,0,0,60,1,1
2018246N22283,GORDON,2018,"Port of Greenville, MS",2018-09-05 00:00:00,2018-09-07 18:00:00,66,16.7,2018-09-06 03:00:00,20,1014,-1,0,0,60,1,1
2018246N22283,GORDON,2018,"Port of Gulfport, MS",2018-09-04 09:00:00,2018-09-06 18:00:00,57,54.6,2018-09-05 03:00:00,60,996,0,0,0,60,1,1
2018246N22283,GORDON,2018,"Port of Iberia District, LA",2018-09-04 18:00:00,2018-09-06 18:00:00,48,294.4,2018-09-05 09:00:00,38,1005,0,0,0,60,1,1
2018246N22283,GORDON,2018,"Port of Palm Beach District, FL",2018-09-03 00:00:00,2018-09-04 06:00:00,30,160,2018-09-03 15:00:00,47,1005,0,0,0,55,1,1
2018246N22283,GORDON,2018,"Port of Pascagoula, MS",2018-09-04 09:00:00,2018-09-06 12:00:00,51,13.7,2018-09-05 03:00:00,60,996,0,0,0,60,1,1
2018246N22283,GORDON,2018,"Port of Rosedale, MS",2018-09-05 03:00:00,2018-09-07 18:00:00,63,58.3,2018-09-06 06:00:00,20,1014,-1,0,0,60,1,1
2018246N22283,GORDON,2018,"Port of Vicksburg, MS",2018-09-04 21:00:00,2018-09-07 18:00:00,69,45.3,2018-09-05 18:00:00,25,1012,-1,0,0,60,1,1
2018246N22283,GORDON,2018,"PortMiami, FL",2018-09-02 21:00:00,2018-09-04 06:00:00,33,60.2,2018-09-03 12:00:00,45,1006,0,0,0,55,1,1
2018246N22283,GORDON,2018,"Sabine Pass Port Authority, TX",2018-09-05 09:00:00,2018-09-06 06:00:00,21,470.5,2018-09-05 18:00:00,25,1012,-1,0,0,38,1,1
2018246N22283,GORDON,2018,"Shawneetown Regional Port, IL",2018-09-07 03:00:00,2018-09-07 18:00:00,15,439,2018-09-07 18:00:00,15,1014,-3,-3,0,15,1,1
2018246N22283,GORDON,2018,"South Louisiana, LA, Port of",2018-09-04 12:00:00,2018-09-06 21:00:00,57,182.5,2018-09-05 06:00:00,45,1002,0,0,0,60,1,1
2018246N22283,GORDON,2018,"Southeast Missouri Port, MO",2018-09-06 00:00:00,2018-09-07 18:00:00,42,307.5,2018-09-07 18:00:00,15,1014,-3,-1,0,20,1,1
2018246N22283,GORDON,2018,"Southwest Regional Port, IL",2018-09-07 00:00:00,2018-09-07 18:00:00,18,391.1,2018-09-07 18:00:00,15,1014,-3,-3,0,15,1,1
2018246N22283,GORDON,2018,"St. Louis City Port, MO",2018-09-07 00:00:00,2018-09-07 18:00:00,18,396.8,2018-09-07 18:00:00,15,1014,-3,-3,0,15,1,1
2018246N22283,GORDON,2018,"St. Louis County, MO",2018-09-07 00:00:00,2018-09-07 18:00:00,18,386.1,2018-09-07 18:00:00,15,1014,-3,-3,0,15,1,1
2018246N22283,GORDON,2018,"Tampa Port Authority, FL",2018-09-03 09:00:00,2018-09-04 18:00:00,33,173.2,2018-09-04 00:00:00,55,1003,0,0,0,60,1,1
2018246N22283,GORDON,2018,"Terrebonne Parish Port, LA",2018-09-04 12:00:00,2018-09-06 09:00:00,45,254.5,2018-09-05 03:00:00,60,996,0,0,0,60,1,1
2018246N22283,GORDON,2018,"Tulsa-Rogers County Port, OK",2018-09-06 06:00:00,2018-09-07 18:00:00,36,317.1,2018-09-07 18:00:00,15,1014,-3,-1,0,20,1,1
2018246N22283,GORDON,2018,"West St. Mary Parish Port, LA",2018-09-04 15:00:00,2018-09-06 15:00:00,48,282.1,2018-09-05 09:00:00,38,1005,0,0,0,60,1,1
2018251N13325,ISAAC,2018,"Guayama, PR",2018-09-13 21:00:00,2018-09-15 00:00:00,27,308.2,2018-09-14 15:00:00,35,1004,0,0,1,35,0,0
2018251N13325,ISAAC,2018,"Guaynabo, PR",2018-09-14 00:00:00,2018-09-15 00:00:00,24,348.6,2018-09-14 15:00:00,35,1004,0,0,1,35,0,0
2018251N13325,ISAAC,2018,"San Juan, PR",2018-09-14 00:00:00,2018-09-15 00:00:00,24,358.3,2018-09-14 15:00:00,35,1004,0,0,1,35,0,0
2018251N13325,ISAAC,2018,"Virgin Islands - St. Croix, VI",2018-09-13 15:00:00,2018-09-14 21:00:00,30,303.8,2018-09-14 09:00:00,35,1004,0,0,1,38,0,0
2018265N08338,KIRK,2018,"Guayama, PR",2018-09-28 18:00:00,2018-09-28 18:00:00,0,447.9,2018-09-28 18:00:00,35,1007,0,0,0,35,0,0
2018265N08338,KIRK,2018,"Guaynabo, PR",2018-09-28 18:00:00,2018-09-28 18:00:00,0,483.7,2018-09-28 18:00:00,35,1007,0,0,0,35,0,0
2018265N08338,KIRK,2018,"San Juan, PR",2018-09-28 18:00:00,2018-09-28 18:00:00,0,489.6,2018-09-28 18:00:00,35,1007,0,0,0,35,0,0
2018265N08338,KIRK,2018,"Virgin Islands - St. Croix, VI",2018-09-28 12:00:00,2018-09-28 18:00:00,6,375.5,2018-09-28 18:00:00,35,1007,0,0,0,40,0,0
2018280N18273,MICHAEL,2018,"Albany Port District, NY",2018-10-12 12:00:00,2018-10-12 12:00:00,0,478.3,2018-10-12 12:00:00,60,980,-4,-4,5,60,0,0
2018280N18273,MICHAEL,2018,"Baltimore, MD",2018-10-11 21:00:00,2018-10-12 09:00:00,12,272.1,2018-10-12 06:00:00,60,983,-4,0,5,60,1,1
2018280N18273,MICHAEL,2018,"Boston, MA",2018-10-12 09:00:00,2018-10-12 18:00:00,9,328.5,2018-10-12 15:00:00,60,979,-4,-4,5,60,0,0
2018280N18273,MICHAEL,2018,"Bridgeport, CT",2018-10-12 06:00:00,2018-10-12 15:00:00,9,320.2,2018-10-12 12:00:00,60,980,-4,-4,5,60,0,0
2018280N18273,MICHAEL,2018,"Canaveral Port District, FL",2018-10-10 17:30:00,2018-10-11 00:00:00,6.5,487.5,2018-10-10 21:00:00,108,939,3,5,5,140,1,1
2018280N18273,MICHAEL,2018,"Chattanooga, TN",2018-10-10 21:00:00,2018-10-11 18:00:00,21,313.5,2018-10-11 09:00:00,48,983,0,3,5,108,1,1
2018280N18273,MICHAEL,2018,"Greater Lafourche Port, LA",2018-10-10 00:00:00,2018-10-10 18:00:00,18,378.5,2018-10-10 09:00:00,123,940,4,5,5,140,1,1
2018280N18273,MICHAEL,2018,"Guntersville, AL",2018-10-10 17:30:00,2018-10-11 15:00:00,21.5,333,2018-10-11 06:00:00,50,979,0,5,5,140,1,1
2018280N18273,MICHAEL,2018,"Jacksonville, FL",2018-10-10 12:00:00,2018-10-11 12:00:00,24,289.4,2018-10-11 03:00:00,65,968,1,5,5,140,1,1
2018280N18273,MICHAEL,2018,"Manatee County Port, FL",2018-10-09 12:00:00,2018-10-11 00:00:00,36,407,2018-10-10 15:00:00,133,926,4,5,5,140,1,1
2018280N18273,MICHAEL,2018,"Mobile, AL",2018-10-10 00:00:00,2018-10-11 03:00:00,27,254.1,2018-10-10 12:00:00,125,934,4,5,5,140,1,1
2018280N18273,MICHAEL,2018,"Morehead City, NC",2018-10-11 12:00:00,2018-10-12 06:00:00,18,215.3,2018-10-12 00:00:00,50,988,-4,0,5,60,1,1
2018280N18273,MICHAEL,2018,"Nashville, TN",2018-10-11 06:00:00,2018-10-11 09:00:00,3,497.8,2018-10-11 09:00:00,48,983,0,0,5,50,1,1
2018280N18273,MICHAEL,2018,"New Haven, CT",2018-10-12 06:00:00,2018-10-12 15:00:00,9,315.2,2018-10-12 12:00:00,60,980,-4,-4,5,60,0,0
2018280N18273,MICHAEL,2018,"New Orleans, LA",2018-10-10 03:00:00,2018-10-10 18:00:00,15,377.9,2018-10-10 12:00:00,125,934,4,5,5,140,1,1
2018280N18273,MICHAEL,2018,"New York, NY & NJ",2018-10-12 03:00:00,2018-10-12 15:00:00,12,305.5,2018-10-12 09:00:00,60,982,-4,-4,5,60,1,1
2018280N18273,MICHAEL,2018,"Panama City Port Authority, FL",2018-10-09 21:00:00,2018-10-11 09:00:00,36,22.8,2018-10-10 18:00:00,135,920,4,5,5,140,1,1
2018280N18273,MICHAEL,2018,"Philadelphia Regional Port, PA",2018-10-12 00:00:00,2018-10-12 12:00:00,12,282.8,2018-10-12 09:00:00,60,982,-4,-4,5,60,1,1
2018280N18273,MICHAEL,2018,"Pittsburgh, PA Port of",2018-10-11 21:00:00,2018-10-12 00:00:00,3,481.7,2018-10-12 00:00:00,50,988,-4,0,5,50,1,1
2018280N18273,MICHAEL,2018,"Plaquemines Port District, LA",2018-10-09 21:00:00,2018-10-10 21:00:00,24,310.2,2018-10-10 09:00:00,123,940,4,5,5,140,1,1
2018280N18273,MICHAEL,2018,"Port Jefferson, NY",2018-10-12 06:00:00,2018-10-12 15:00:00,9,296.5,2018-10-12 12:00:00,60,980,-4,-4,5,60,0,0
2018280N18273,MICHAEL,2018,"Port of Brunswick, GA",2018-10-10 15:00:00,2018-10-11 15:00:00,24,244.6,2018-10-11 06:00:00,50,979,0,5,5,140,1,1
2018280N18273,MICHAEL,2018,"Port of Charleston, SC",2018-10-11 00:00:00,2018-10-12 00:00:00,24,195.2,2018-10-11 12:00:00,45,987,0,1,5,80,1,1
2018280N18273,MICHAEL,2018,"Port of Gulfport, MS",2018-10-10 00:00:00,2018-10-11 00:00:00,24,310.6,2018-10-10 12:00:00,125,934,4,5,5,140,1,1
2018280N18273,MICHAEL,2018,"Port of Pascagoula, MS",2018-10-10 00:00:00,2018-10-11 03:00:00,27,277.1,2018-10-10 12:00:00,125,934,4,5,5,140,1,1
2018280N18273,MICHAEL,2018,"Port of Providence, RI",2018-10-12 09:00:00,2018-10-12 18:00:00,9,307.5,2018-10-12 12:00:00,60,980,-4,-4,5,60,0,0
2018280N18273,MICHAEL,2018,"Port of Savannah, GA",2018-10-10 17:30:00,2018-10-11 21:00:00,27.5,193.7,2018-10-11 09:00:00,48,983,0,5,5,140,1,1
2018280N18273,MICHAEL,2018,"Portland, ME",2018-10-12 15:00:00,2018-10-12 18:00:00,3,422.4,2018-10-12 15:00:00,60,979,-4,-4,5,60,0,0
2018280N18273,MICHAEL,2018,"Portsmouth, NH",2018-10-12 12:00:00,2018-10-12 18:00:00,6,384,2018-10-12 15:00:00,60,979,-4,-4,5,60,0,0
2018280N18273,MICHAEL,2018,"Searsport, ME",2018-10-12 15:00:00,2018-10-12 21:00:00,6,440.2,2018-10-12 18:00:00,60,977,-4,-4,5,63,0,0
2018280N18273,MICHAEL,2018,"South Jersey Port Corp, NJ",2018-10-12 00:00:00,2018-10-12 12:00:00,12,242.7,2018-10-12 09:00:00,60,982,-4,-4,5,60,1,1
2018280N18273,MICHAEL,2018,"South Louisiana, LA, Port of",2018-10-10 06:00:00,2018-10-10 18:00:00,12,422.7,2018-10-10 12:00:00,125,934,4,5,5,140,1,1
2018280N18273,MICHAEL,2018,"Tampa Port Authority, FL",2018-10-09 18:00:00,2018-10-11 03:00:00,33,384.4,2018-10-10 15:00:00,133,926,4,5,5,140,1,1
2018280N18273,MICHAEL,2018,"Terrebonne Parish Port, LA",2018-10-10 03:00:00,2018-10-10 15:00:00,12,435,2018-10-10 09:00:00,123,940,4,4,5,133,1,0
2018280N18273,MICHAEL,2018,"Virginia, VA, Port of",2018-10-11 15:00:00,2018-10-12 09:00:00,18,18.3,2018-10-12 03:00:00,55,986,-4,0,5,60,1,1
2018280N18273,MICHAEL,2018,"Wilmington, DE",2018-10-12 00:00:00,2018-10-12 12:00:00,12,274.6,2018-10-12 06:00:00,60,983,-4,-4,5,60,1,1
2018280N18273,MICHAEL,2018,"Wilmington, NC",2018-10-11 09:00:00,2018-10-12 06:00:00,21,229.5,2018-10-11 21:00:00,48,990,0,0,5,60,1,1
2019192N29274,BARRY,2019,"Alexandria-Cairo Port, IL",2019-07-15 12:00:00,2019-07-16 06:00:00,18,315.5,2019-07-16 06:00:00,15,1010,-3,-3,1,20,1,1
2019192N29274,BARRY,2019,"America's Central Port, IL",2019-07-15 18:00:00,2019-07-16 06:00:00,12,301.7,2019-07-16 06:00:00,15,1010,-3,-3,1,20,1,1
2019192N29274,BARRY,2019,"Beaumont, TX",2019-07-12 06:00:00,2019-07-15 09:00:00,75,130.5,2019-07-14 03:00:00,45,1001,0,1,1,65,1,1
2019192N29274,BARRY,2019,"Calhoun Port Authority, TX",2019-07-13 06:00:00,2019-07-14 18:00:00,36,414.7,2019-07-14 00:00:00,50,999,0,1,1,65,1,1
2019192N29274,BARRY,2019,"Central Louisiana Regional, LA",2019-07-12 00:00:00,2019-07-15 18:00:00,90,67.2,2019-07-14 06:00:00,40,1003,0,1,1,65,1,1
2019192N29274,BARRY,2019,"Galveston, TX",2019-07-12 09:00:00,2019-07-15 03:00:00,66,236.4,2019-07-14 00:00:00,50,999,0,1,1,65,1,1
2019192N29274,BARRY,2019,"Greater Lafourche Port, LA",2019-07-10 12:00:00,2019-07-14 21:00:00,105,112.5,2019-07-12 21:00:00,58,993,0,1,1,65,1,1
2019192N29274,BARRY,2019,"Havana Regional Port, IL",2019-07-16 03:00:00,2019-07-16 06:00:00,3,424.1,2019-07-16 06:00:00,15,1010,-3,-3,1,15,1,1
2019192N29274,BARRY,2019,"Heart of Illinois Port, IL",2019-07-16 06:00:00,2019-07-16 06:00:00,0,468.2,2019-07-16 06:00:00,15,1010,-3,-3,1,15,0,1
2019192N29274,BARRY,2019,"Heartland Port Authority, MO",2019-07-15 12:00:00,2019-07-16 06:00:00,18,186.2,2019-07-16 06:00:00,15,1010,-3,-3,1,20,1,1
2019192N29274,BARRY,2019,"Helena-West Helena Port, AR",2019-07-13 21:00:00,2019-07-16 06:00:00,57,253,2019-07-15 09:00:00,23,1008,-1,0,1,55,1,1
2019192N29274,BARRY,2019,"Henderson County Riverport, KY",2019-07-16 06:00:00,2019-07-16 06:00:00,0,474.5,2019-07-16 06:00:00,15,1010,-3,-3,1,15,0,1
2019192N29274,BARRY,2019,"Hickman-Fulton County Port, KY",2019-07-15 09:00:00,2019-07-16 06:00:00,21,341.6,2019-07-16 06:00:00,15,1010,-3,-1,1,23,1,1
2019192N29274,BARRY,2019,"Houston Port Authority, TX",2019-07-12 18:00:00,2019-07-15 06:00:00,60,245.6,2019-07-14 06:00:00,40,1003,0,1,1,65,1,1
2019192N29274,BARRY,2019,"Jackson-Union Port District, IL",2019-07-15 15:00:00,2019-07-16 06:00:00,15,319.3,2019-07-16 06:00:00,15,1010,-3,-3,1,20,1,1
2019192N29274,BARRY,2019,"Jefferson County Port, MO",2019-07-15 12:00:00,2019-07-16 06:00:00,18,238.9,2019-07-16 06:00:00,15,1010,-3,-3,1,20,1,1
2019192N29274,BARRY,2019,"Kaskaskia Regional Port, IL",2019-07-15 15:00:00,2019-07-16 06:00:00,15,283.9,2019-07-16 06:00:00,15,1010,-3,-3,1,20,1,1
2019192N29274,BARRY,2019,"Lake Charles Harbor District, LA",2019-07-11 21:00:00,2019-07-15 09:00:00,84,70.5,2019-07-14 00:00:00,50,999,0,1,1,65,1,1
2019192N29274,BARRY,2019,"Lake Providence Port, LA",2019-07-12 18:00:00,2019-07-16 03:00:00,81,221.9,2019-07-14 21:00:00,30,1008,-1,1,1,65,1,1
2019192N29274,BARRY,2019,"Manatee County Port, FL",2019-07-10 12:00:00,2019-07-10 21:00:00,9,422.3,2019-07-10 12:00:00,25,1009,-3,-3,1,30,0,0
2019192N29274,BARRY,2019,"Massac-Metropolis Port, IL",2019-07-15 15:00:00,2019-07-16 06:00:00,15,371.3,2019-07-16 06:00:00,15,1010,-3,-3,1,20,1,1
2019192N29274,BARRY,2019,"Memphis-Shelby County Port, TN",2019-07-14 18:00:00,2019-07-16 06:00:00,36,324.7,2019-07-15 21:00:00,18,1009,-3,0,1,35,1,1
2019192N29274,BARRY,2019,"Mid-America Port, IA, IL and MO",2019-07-16 00:00:00,2019-07-16 06:00:00,6,363.9,2019-07-16 06:00:00,15,1010,-3,-3,1,15,1,1
2019192N29274,BARRY,2019,"Mobile, AL",2019-07-10 12:00:00,2019-07-14 06:00:00,90,286.4,2019-07-10 12:00:00,25,1009,-3,1,1,65,1,1
2019192N29274,BARRY,2019,"New Bourbon Port Authority, MO",2019-07-15 12:00:00,2019-07-16 06:00:00,18,263.3,2019-07-16 06:00:00,15,1010,-3,-3,1,20,1,1
2019192N29274,BARRY,2019,"New Madrid County Port, MO",2019-07-15 06:00:00,2019-07-16 06:00:00,24,296.6,2019-07-16 06:00:00,15,1010,-3,-1,1,25,1,1
2019192N29274,BARRY,2019,"New Orleans, LA",2019-07-10 12:00:00,2019-07-15 00:00:00,108,193.6,2019-07-13 06:00:00,60,993,0,1,1,65,1,1
2019192N29274,BARRY,2019,"Orange County Nav District, TX",2019-07-12 06:00:00,2019-07-15 09:00:00,75,107,2019-07-14 03:00:00,45,1001,0,1,1,65,1,1
2019192N29274,BARRY,2019,"Paducah-McCracken Riverport, KY",2019-07-15 15:00:00,2019-07-16 06:00:00,15,371.6,2019-07-16 06:00:00,15,1010,-3,-3,1,20,1,1
2019192N29274,BARRY,2019,"Panama City Port Authority, FL",2019-07-10 12:00:00,2019-07-12 09:00:00,45,210.7,2019-07-10 12:00:00,25,1009,-3,0,1,48,0,0
2019192N29274,BARRY,2019,"Pemiscot County Port, MO",2019-07-15 00:00:00,2019-07-16 06:00:00,30,298.6,2019-07-16 06:00:00,15,1010,-3,-1,1,25,1,1
2019192N29274,BARRY,2019,"Plaquemines Port District, LA",2019-07-10 12:00:00,2019-07-14 15:00:00,99,158.7,2019-07-12 12:00:00,50,998,0,1,1,65,1,1
2019192N29274,BARRY,2019,"Port Arthur, TX",2019-07-12 03:00:00,2019-07-15 09:00:00,78,122.4,2019-07-14 00:00:00,50,999,0,1,1,65,1,1
2019192N29274,BARRY,2019,"Port Freeport, TX",2019-07-12 15:00:00,2019-07-15 00:00:00,57,295.7,2019-07-14 00:00:00,50,999,0,1,1,65,1,1
2019192N29274,BARRY,2019,"Port of Greater Baton Rouge, LA",2019-07-10 15:00:00,2019-07-15 09:00:00,114,122.2,2019-07-13 18:00:00,60,996,0,1,1,65,1,1
2019192N29274,BARRY,2019,"Port of Greenville, MS",2019-07-13 09:00:00,2019-07-16 06:00:00,69,236.6,2019-07-15 03:00:00,25,1008,-1,1,1,65,1,1
2019192N29274,BARRY,2019,"Port of Gulfport, MS",2019-07-10 12:00:00,2019-07-14 21:00:00,105,274.7,2019-07-12 18:00:00,55,993,0,1,1,65,1,1
2019192N29274,BARRY,2019,"Port of Iberia District, LA",2019-07-10 18:00:00,2019-07-15 06:00:00,108,42.6,2019-07-13 15:00:00,65,993,1,1,1,65,1,1
2019192N29274,BARRY,2019,"Port of Pascagoula, MS",2019-07-10 12:00:00,2019-07-14 15:00:00,99,298.4,2019-07-10 15:00:00,28,1009,-3,1,1,65,1,1
2019192N29274,BARRY,2019,"Port of Rosedale, MS",2019-07-13 15:00:00,2019-07-16 06:00:00,63,251.4,2019-07-15 06:00:00,25,1008,-1,1,1,65,1,1
2019192N29274,BARRY,2019,"Port of Vicksburg, MS",2019-07-12 09:00:00,2019-07-16 00:00:00,87,258.3,2019-07-14 18:00:00,35,1007,0,1,1,65,1,1
2019192N29274,BARRY,2019,"Sabine Pass Port Authority, TX",2019-07-12 06:00:00,2019-07-15 06:00:00,72,148.1,2019-07-14 00:00:00,50,999,0,1,1,65,1,1
2019192N29274,BARRY,2019,"Shawneetown Regional Port, IL",2019-07-16 00:00:00,2019-07-16 06:00:00,6,417.8,2019-07-16 06:00:00,15,1010,-3,-3,1,15,1,1
2019192N29274,BARRY,2019,"South Louisiana, LA, Port of",2019-07-10 12:00:00,2019-07-15 03:00:00,111,154.2,2019-07-13 09:00:00,63,993,0,1,1,65,1,1
2019192N29274,BARRY,2019,"Southeast Missouri Port, MO",2019-07-15 09:00:00,2019-07-16 06:00:00,21,289,2019-07-16 06:00:00,15,1010,-3,-1,1,23,1,1
2019192N29274,BARRY,2019,"Southwest Regional Port, IL",2019-07-15 15:00:00,2019-07-16 06:00:00,15,285.5,2019-07-16 06:00:00,15,1010,-3,-3,1,20,1,1
2019192N29274,BARRY,2019,"St. Louis City Port, MO",2019-07-15 15:00:00,2019-07-16 06:00:00,15,286.2,2019-07-16 06:00:00,15,1010,-3,-3,1,20,1,1
2019192N29274,BARRY,2019,"St. Louis County, MO",2019-07-15 15:00:00,2019-07-16 06:00:00,15,268.5,2019-07-16 06:00:00,15,1010,-3,-3,1,20,1,1
2019192N29274,BARRY,2019,"Tampa Port Authority, FL",2019-07-10 12:00:00,2019-07-10 21:00:00,9,412.3,2019-07-10 12:00:00,25,1009,-3,-3,1,30,0,0
2019192N29274,BARRY,2019,"Terrebonne Parish Port, LA",2019-07-10 12:00:00,2019-07-15 00:00:00,108,80.7,2019-07-13 06:00:00,60,993,0,1,1,65,1,1
2019192N29274,BARRY,2019,"Texas City, TX",2019-07-12 12:00:00,2019-07-15 03:00:00,63,228,2019-07-14 00:00:00,50,999,0,1,1,65,1,1
2019192N29274,BARRY,2019,"Tulsa-Rogers County Port, OK",2019-07-14 18:00:00,2019-07-16 06:00:00,36,209.5,2019-07-15 21:00:00,18,1009,-3,0,1,35,1,1
2019192N29274,BARRY,2019,"Victoria, TX",2019-07-13 12:00:00,2019-07-14 15:00:00,27,437.9,2019-07-14 03:00:00,45,1001,0,1,1,65,1,1
2019192N29274,BARRY,2019,"West St. Mary Parish Port, LA",2019-07-10 15:00:00,2019-07-15 03:00:00,108,53.3,2019-07-13 12:00:00,65,993,1,1,1,65,1,1
2019204N25283,UNNAMED,2019,"Canaveral Port District, FL",2019-07-22 18:00:00,2019-07-23 12:00:00,18,71.5,2019-07-23 12:00:00,30,1014,-1,-1,-1,30,0,0
2019204N25283,UNNAMED,2019,"Jacksonville, FL",2019-07-23 06:00:00,2019-07-23 12:00:00,6,251.3,2019-07-23 12:00:00,30,1014,-1,-1,-1,30,0,0
2019204N25283,UNNAMED,2019,"Manatee County Port, FL",2019-07-22 18:00:00,2019-07-23 12:00:00,18,253.3,2019-07-23 09:00:00,30,1014,-1,-1,-1,30,0,0
2019204N25283,UNNAMED,2019,"Port Everglades, FL",2019-07-22 12:00:00,2019-07-23 12:00:00,24,95.5,2019-07-23 03:00:00,28,1013,-1,-1,-1,30,1,1
2019204N25283,UNNAMED,2019,"Port of Brunswick, GA",2019-07-23 09:00:00,2019-07-23 12:00:00,3,317.6,2019-07-23 12:00:00,30,1014,-1,-1,-1,30,0,0
2019204N25283,UNNAMED,2019,"Port of Charleston, SC",2019-07-23 12:00:00,2019-07-23 12:00:00,0,491.8,2019-07-23 12:00:00,30,1014,-1,-1,-1,30,0,0
2019204N25283,UNNAMED,2019,"Port of Palm Beach District, FL",2019-07-22 12:00:00,2019-07-23 12:00:00,24,91.6,2019-07-23 06:00:00,30,1013,-1,-1,-1,30,1,1
2019204N25283,UNNAMED,2019,"Port of Savannah, GA",2019-07-23 12:00:00,2019-07-23 12:00:00,0,403.6,2019-07-23 12:00:00,30,1014,-1,-1,-1,30,0,0
2019204N25283,UNNAMED,2019,"PortMiami, FL",2019-07-22 12:00:00,2019-07-23 12:00:00,24,119.5,2019-07-23 03:00:00,28,1013,-1,-1,-1,30,1,1
2019204N25283,UNNAMED,2019,"Tampa Port Authority, FL",2019-07-22 21:00:00,2019-07-23 12:00:00,15,242.5,2019-07-23 12:00:00,30,1014,-1,-1,-1,30,0,0
2019236N10314,DORIAN,2019,"Baltimore, MD",2019-09-06 12:00:00,2019-09-06 21:00:00,9,437.7,2019-09-06 18:00:00,85,956,2,2,5,85,0,0
2019236N10314,DORIAN,2019,"Boston, MA",2019-09-07 03:00:00,2019-09-07 15:00:00,12,379.2,2019-09-07 12:00:00,85,954,2,2,5,85,0,0
2019236N10314,DORIAN,2019,"Bridgeport, CT",2019-09-06 21:00:00,2019-09-07 09:00:00,12,438.9,2019-09-07 03:00:00,85,956,2,2,5,85,0,0
2019236N10314,DORIAN,2019,"Canaveral Port District, FL",2019-09-01 12:00:00,2019-09-05 18:00:00,102,149.3,2019-09-04 09:00:00,90,964,2,5,5,160,0,0
2019236N10314,DORIAN,2019,"Guayama, PR",2019-08-27 21:00:00,2019-08-29 18:00:00,45,119.3,2019-08-28 18:00:00,70,993,1,1,5,75,0,0
2019236N10314,DORIAN,2019,"Guaynabo, PR",2019-08-28 00:00:00,2019-08-29 21:00:00,45,89.5,2019-08-28 21:00:00,73,991,1,1,5,78,0,0
2019236N10314,DORIAN,2019,"Jacksonville, FL",2019-09-02 21:00:00,2019-09-06 00:00:00,75,188.2,2019-09-04 21:00:00,98,958,3,4,5,120,0,0
2019236N10314,DORIAN,2019,"Manatee County Port, FL",2019-09-02 00:00:00,2019-09-05 03:00:00,75,342.7,2019-09-04 06:00:00,90,964,2,5,5,155,0,0
2019236N10314,DORIAN,2019,"Morehead City, NC",2019-09-05 03:00:00,2019-09-06 21:00:00,42,42.4,2019-09-06 09:00:00,88,956,2,3,5,100,0,0
2019236N10314,DORIAN,2019,"New Haven, CT",2019-09-07 00:00:00,2019-09-07 09:00:00,9,434.6,2019-09-07 06:00:00,85,955,2,2,5,85,0,0
2019236N10314,DORIAN,2019,"New York, NY & NJ",2019-09-06 21:00:00,2019-09-07 06:00:00,9,441.4,2019-09-07 00:00:00,85,956,2,2,5,85,0,0
2019236N10314,DORIAN,2019,"Philadelphia Regional Port, PA",2019-09-06 15:00:00,2019-09-07 03:00:00,12,421.8,2019-09-06 21:00:00,85,956,2,2,5,85,0,0
2019236N10314,DORIAN,2019,"Port Everglades, FL",2019-09-01 06:00:00,2019-09-04 21:00:00,87,211.6,2019-09-02 21:00:00,120,941,4,5,5,160,0,0
2019236N10314,DORIAN,2019,"Port Jefferson, NY",2019-09-06 21:00:00,2019-09-07 09:00:00,12,414.3,2019-09-07 03:00:00,85,956,2,2,5,85,0,0
2019236N10314,DORIAN,2019,"Port of Brunswick, GA",2019-09-03 18:00:00,2019-09-06 03:00:00,57,171.2,2019-09-05 03:00:00,100,957,3,3,5,100,0,0
2019236N10314,DORIAN,2019,"Port of Charleston, SC",2019-09-04 06:00:00,2019-09-06 12:30:00,54.5,111.7,2019-09-05 15:00:00,98,958,3,3,5,100,0,0
2019236N10314,DORIAN,2019,"Port of Palm Beach District, FL",2019-09-01 06:00:00,2019-09-05 03:00:00,93,199.2,2019-09-02 21:00:00,120,941,4,5,5,160,0,0
2019236N10314,DORIAN,2019,"Port of Providence, RI",2019-09-07 00:00:00,2019-09-07 15:00:00,15,368.4,2019-09-07 09:00:00,85,955,2,2,5,85,0,0
2019236N10314,DORIAN,2019,"Port of Savannah, GA",2019-09-04 00:00:00,2019-09-06 06:00:00,54,163.6,2019-09-05 06:00:00,100,958,3,3,5,100,0,0
2019236N10314,DORIAN,2019,"PortMiami, FL",2019-09-01 06:00:00,2019-09-04 15:00:00,81,242,2019-09-02 15:00:00,130,933,4,5,5,160,0,0
2019236N10314,DORIAN,2019,"Portland, ME",2019-09-07 09:00:00,2019-09-07 18:00:00,9,418.8,2019-09-07 12:00:00,85,954,2,2,5,85,0,0
2019236N10314,DORIAN,2019,"Portsmouth, NH",2019-09-07 06:00:00,2019-09-07 15:00:00,9,407.6,2019-09-07 12:00:00,85,954,2,2,5,85,0,0
2019236N10314,DORIAN,2019,"San Juan, PR",2019-08-28 00:00:00,2019-08-29 21:00:00,45,80,2019-08-28 21:00:00,73,991,1,1,5,78,0,0
2019236N10314,DORIAN,2019,"Searsport, ME",2019-09-07 12:00:00,2019-09-08 00:00:00,12,394.6,2019-09-07 18:00:00,80,954,-3,2,5,85,1,1
2019236N10314,DORIAN,2019,"South Jersey Port Corp, NJ",2019-09-06 12:30:00,2019-09-07 03:00:00,14.5,376.9,2019-09-06 21:00:00,85,956,2,2,5,85,0,0
2019236N10314,DORIAN,2019,"Tampa Port Authority, FL",2019-09-02 00:00:00,2019-09-05 06:00:00,78,321.2,2019-09-04 12:00:00,90,963,2,5,5,155,0,0
2019236N10314,DORIAN,2019,"Virgin Islands - St. Croix, VI",2019-08-27 15:00:00,2019-08-29 15:00:00,48,17.2,2019-08-28 15:30:00,65,995,1,1,5,75,0,0
2019236N10314,DORIAN,2019,"Virginia, VA, Port of",2019-09-05 21:00:00,2019-09-07 00:00:00,27,184.2,2019-09-06 15:00:00,85,956,2,2,5,93,0,0
2019236N10314,DORIAN,2019,"Wilmington, DE",2019-09-06 15:00:00,2019-09-07 00:00:00,9,419.9,2019-09-06 21:00:00,85,956,2,2,5,85,0,0
2019236N10314,DORIAN,2019,"Wilmington, NC",2019-09-04 18:00:00,2019-09-06 18:00:00,48,72.3,2019-09-06 03:00:00,90,956,2,3,5,100,0,0
2019239N32287,ERIN,2019,"Boston, MA",2019-08-29 18:00:00,2019-08-29 18:00:00,0,474.8,2019-08-29 18:00:00,35,1002,-4,-4,0,35,0,0
2019239N32287,ERIN,2019,"Bridgeport, CT",2019-08-29 15:00:00,2019-08-29 18:00:00,3,485.1,2019-08-29 15:00:00,35,1002,-4,-4,0,35,0,0
2019239N32287,ERIN,2019,"Morehead City, NC",2019-08-28 06:00:00,2019-08-29 09:00:00,27,355.3,2019-08-28 18:00:00,30,1003,-1,0,0,35,0,0
2019239N32287,ERIN,2019,"New Haven, CT",2019-08-29 15:00:00,2019-08-29 18:00:00,3,482.6,2019-08-29 15:00:00,35,1002,-4,-4,0,35,0,0
2019239N32287,ERIN,2019,"New York, NY & NJ",2019-08-29 15:00:00,2019-08-29 15:00:00,0,494.6,2019-08-29 15:00:00,35,1002,-4,-4,0,35,0,0
2019239N32287,ERIN,2019,"Port Jefferson, NY",2019-08-29 12:00:00,2019-08-29 18:00:00,6,460.2,2019-08-29 15:00:00,35,1002,-4,-4,0,35,0,0
2019239N32287,ERIN,2019,"Port of Providence, RI",2019-08-29 15:00:00,2019-08-29 18:00:00,3,441.4,2019-08-29 18:00:00,35,1002,-4,-4,0,35,0,0
2019239N32287,ERIN,2019,"South Jersey Port Corp, NJ",2019-08-29 09:00:00,2019-08-29 15:00:00,6,463,2019-08-29 12:00:00,35,1002,-4,-1,0,35,0,0
2019239N32287,ERIN,2019,"Virginia, VA, Port of",2019-08-28 15:00:00,2019-08-29 12:00:00,21,400.1,2019-08-29 03:00:00,30,1003,-1,-1,0,35,0,0
2019239N32287,ERIN,2019,"Wilmington, NC",2019-08-28 12:00:00,2019-08-29 00:00:00,12,451.5,2019-08-28 18:00:00,30,1003,-1,0,0,35,0,0
2019246N24266,FERNAND,2019,"Brownsville, TX",2019-09-03 06:00:00,2019-09-05 00:00:00,42,189.2,2019-09-05 00:00:00,25,1007,-1,0,0,45,1,1
2019246N24266,FERNAND,2019,"Calhoun Port Authority, TX",2019-09-04 15:00:00,2019-09-05 00:00:00,9,478.6,2019-09-05 00:00:00,25,1007,-1,0,0,40,1,1
2019246N24266,FERNAND,2019,"Corpus Christi, TX",2019-09-04 06:00:00,2019-09-05 00:00:00,18,365.4,2019-09-05 00:00:00,25,1007,-1,0,0,45,1,1
2019246N24266,FERNAND,2019,"Port of Harlingen Authority, TX",2019-09-03 06:00:00,2019-09-05 00:00:00,42,205.7,2019-09-05 00:00:00,25,1007,-1,0,0,45,1,1
2019246N24266,FERNAND,2019,"Victoria, TX",2019-09-04 21:00:00,2019-09-05 00:00:00,3,483.4,2019-09-05 00:00:00,25,1007,-1,-1,0,28,1,1
2019256N23286,HUMBERTO,2019,"Canaveral Port District, FL",2019-09-14 12:00:00,2019-09-16 18:00:00,54,263.7,2019-09-15 18:00:00,60,993,0,1,3,75,0,0
2019256N23286,HUMBERTO,2019,"Jacksonville, FL",2019-09-15 03:00:00,2019-09-16 12:00:00,33,370.3,2019-09-15 18:00:00,60,993,0,1,3,75,0,0
2019256N23286,HUMBERTO,2019,"Manatee County Port, FL",2019-09-15 00:00:00,2019-09-16 00:00:00,24,454.2,2019-09-15 18:00:00,60,993,0,1,3,65,0,0
2019256N23286,HUMBERTO,2019,"Port Everglades, FL",2019-09-14 03:00:00,2019-09-16 06:00:00,51,339.8,2019-09-15 03:00:00,50,998,0,1,3,70,0,0
2019256N23286,HUMBERTO,2019,"Port of Brunswick, GA",2019-09-15 09:00:00,2019-09-16 12:00:00,27,397.5,2019-09-15 18:00:00,60,993,0,1,3,75,0,0
2019256N23286,HUMBERTO,2019,"Port of Charleston, SC",2019-09-15 15:00:00,2019-09-16 18:00:00,27,467.2,2019-09-15 21:00:00,63,990,0,1,3,75,0,0
2019256N23286,HUMBERTO,2019,"Port of Palm Beach District, FL",2019-09-14 06:00:00,2019-09-16 09:00:00,51,316.6,2019-09-15 03:00:00,50,998,0,1,3,73,0,0
2019256N23286,HUMBERTO,2019,"Port of Savannah, GA",2019-09-15 12:00:00,2019-09-16 12:00:00,24,439.4,2019-09-15 21:00:00,63,990,0,1,3,75,0,0
2019256N23286,HUMBERTO,2019,"PortMiami, FL",2019-09-14 06:00:00,2019-09-16 00:00:00,42,373.1,2019-09-14 21:00:00,48,1001,0,1,3,65,0,0
2019256N23286,HUMBERTO,2019,"Tampa Port Authority, FL",2019-09-15 00:00:00,2019-09-16 03:00:00,27,435.7,2019-09-15 18:00:00,60,993,0,1,3,68,0,0
2019256N23286,HUMBERTO,2019,"Wilmington, NC",2019-09-16 15:00:00,2019-09-17 03:00:00,12,486.9,2019-09-16 18:00:00,75,975,1,2,3,83,0,0
2019260N13317,JERRY,2019,"Guayama, PR",2019-09-20 21:00:00,2019-09-21 15:00:00,18,435.4,2019-09-21 06:00:00,55,995,0,0,2,63,0,0
2019260N13317,JERRY,2019,"Guaynabo, PR",2019-09-20 21:00:00,2019-09-21 18:00:00,21,402.6,2019-09-21 06:00:00,55,995,0,0,2,63,0,0
2019260N13317,JERRY,2019,"San Juan, PR",2019-09-20 21:00:00,2019-09-21 18:00:00,21,393,2019-09-21 06:00:00,55,995,0,0,2,63,0,0
2019260N13317,JERRY,2019,"Virgin Islands - St. Croix, VI",2019-09-20 15:00:00,2019-09-21 15:00:00,24,360.7,2019-09-21 00:00:00,60,993,0,1,2,70,0,0
2019261N28264,IMELDA,2019,"Beaumont, TX",2019-09-17 12:00:00,2019-09-19 00:00:00,36,102.5,2019-09-18 18:00:00,30,1007,-1,0,0,40,1,1
2019261N28264,IMELDA,2019,"Brownsville, TX",2019-09-17 12:00:00,2019-09-18 09:00:00,21,304.8,2019-09-17 12:00:00,30,1008,-1,0,0,40,1,1
2019261N28264,IMELDA,2019,"Calhoun Port Authority, TX",2019-09-17 12:00:00,2019-09-19 00:00:00,36,89.4,2019-09-17 12:00:00,30,1008,-1,0,0,40,1,1
2019261N28264,IMELDA,2019,"Central Louisiana Regional, LA",2019-09-17 12:00:00,2019-09-19 00:00:00,36,216,2019-09-19 00:00:00,25,1009,-1,0,0,40,1,1
2019261N28264,IMELDA,2019,"Corpus Christi, TX",2019-09-17 12:00:00,2019-09-19 00:00:00,36,185.5,2019-09-17 12:00:00,30,1008,-1,0,0,40,1,1
2019261N28264,IMELDA,2019,"Galveston, TX",2019-09-17 12:00:00,2019-09-19 00:00:00,36,59.3,2019-09-17 18:00:00,40,1003,0,0,0,40,1,1
2019261N28264,IMELDA,2019,"Greater Lafourche Port, LA",2019-09-18 18:00:00,2019-09-19 00:00:00,6,477.3,2019-09-18 21:00:00,28,1008,-1,-1,0,30,1,1
2019261N28264,IMELDA,2019,"Houston Port Authority, TX",2019-09-17 12:00:00,2019-09-19 00:00:00,36,20.6,2019-09-18 06:00:00,30,1007,-1,0,0,40,1,1
2019261N28264,IMELDA,2019,"Lake Charles Harbor District, LA",2019-09-17 12:00:00,2019-09-19 00:00:00,36,178.4,2019-09-18 18:00:00,30,1007,-1,0,0,40,1,1
2019261N28264,IMELDA,2019,"Lake Providence Port, LA",2019-09-18 12:00:00,2019-09-19 00:00:00,12,382.3,2019-09-19 00:00:00,25,1009,-1,-1,0,30,1,1
2019261N28264,IMELDA,2019,"New Orleans, LA",2019-09-18 18:00:00,2019-09-19 00:00:00,6,472.7,2019-09-19 00:00:00,25,1009,-1,-1,0,30,1,1
2019261N28264,IMELDA,2019,"Orange County Nav District, TX",2019-09-17 12:00:00,2019-09-19 00:00:00,36,118.4,2019-09-18 18:00:00,30,1007,-1,0,0,40,1,1
2019261N28264,IMELDA,2019,"Port Arthur, TX",2019-09-17 12:00:00,2019-09-19 00:00:00,36,128.9,2019-09-18 18:00:00,30,1007,-1,0,0,40,1,1
2019261N28264,IMELDA,2019,"Port Freeport, TX",2019-09-17 12:00:00,2019-09-19 00:00:00,36,17.8,2019-09-17 18:00:00,40,1003,0,0,0,40,1,1
2019261N28264,IMELDA,2019,"Port of Greater Baton Rouge, LA",2019-09-17 12:00:00,2019-09-19 00:00:00,36,342.1,2019-09-19 00:00:00,25,1009,-1,0,0,40,1,1
2019261N28264,IMELDA,2019,"Port of Greenville, MS",2019-09-18 18:00:00,2019-09-19 00:00:00,6,434.5,2019-09-19 00:00:00,25,1009,-1,-1,0,30,1,1
2019261N28264,IMELDA,2019,"Port of Harlingen Authority, TX",2019-09-17 12:00:00,2019-09-18 12:00:00,24,288.5,2019-09-17 12:00:00,30,1008,-1,0,0,40,1,1
2019261N28264,IMELDA,2019,"Port of Iberia District, LA",2019-09-17 12:00:00,2019-09-19 00:00:00,36,322.1,2019-09-18 21:00:00,28,1008,-1,0,0,40,1,1
2019261N28264,IMELDA,2019,"Port of Rosedale, MS",2019-09-19 00:00:00,2019-09-19 00:00:00,0,474.4,2019-09-19 00:00:00,25,1009,-1,-1,0,25,0,1
2019261N28264,IMELDA,2019,"Port of Vicksburg, MS",2019-09-18 12:00:00,2019-09-19 00:00:00,12,398.7,2019-09-19 00:00:00,25,1009,-1,-1,0,30,1,1
2019261N28264,IMELDA,2019,"Sabine Pass Port Authority, TX",2019-09-17 12:00:00,2019-09-19 00:00:00,36,126.3,2019-09-17 21:00:00,35,1005,0,0,0,40,1,1
2019261N28264,IMELDA,2019,"South Louisiana, LA, Port of",2019-09-17 17:45:00,2019-09-19 00:00:00,30.25,428.1,2019-09-19 00:00:00,25,1009,-1,0,0,40,1,1
2019261N28264,IMELDA,2019,"Terrebonne Parish Port, LA",2019-09-17 12:00:00,2019-09-19 00:00:00,36,423.3,2019-09-18 21:00:00,28,1008,-1,0,0,40,1,1
2019261N28264,IMELDA,2019,"Texas City, TX",2019-09-17 12:00:00,2019-09-19 00:00:00,36,49.2,2019-09-17 21:00:00,35,1005,0,0,0,40,1,1
2019261N28264,IMELDA,2019,"Victoria, TX",2019-09-17 12:00:00,2019-09-19 00:00:00,36,135.9,2019-09-17 12:00:00,30,1008,-1,0,0,40,1,1
2019261N28264,IMELDA,2019,"West St. Mary Parish Port, LA",2019-09-17 12:00:00,2019-09-19 00:00:00,36,343.4,2019-09-18 21:00:00,28,1008,-1,0,0,40,1,1
2019265N12301,KAREN,2019,"Guayama, PR",2019-09-23 09:00:00,2019-09-25 15:00:00,54,64.4,2019-09-24 18:00:00,40,1004,0,0,0,40,0,0
2019265N12301,KAREN,2019,"Guaynabo, PR",2019-09-23 12:00:00,2019-09-25 18:00:00,54,75.3,2019-09-24 21:00:00,40,1004,0,0,0,40,0,0
2019265N12301,KAREN,2019,"San Juan, PR",2019-09-23 12:00:00,2019-09-25 18:00:00,54,76.2,2019-09-24 21:00:00,40,1004,0,0,0,40,0,0
2019265N12301,KAREN,2019,"Virgin Islands - St. Croix, VI",2019-09-23 06:00:00,2019-09-25 15:00:00,57,80,2019-09-24 22:00:00,40,1004,0,0,0,40,0,0
2019282N35286,MELISSA,2019,"Boston, MA",2019-10-09 21:00:00,2019-10-11 21:00:00,48,426.7,2019-10-10 09:00:00,55,1001,-4,-2,0,55,0,0
2019282N35286,MELISSA,2019,"Bridgeport, CT",2019-10-10 00:00:00,2019-10-11 21:00:00,45,433.1,2019-10-11 12:00:00,50,995,-2,-2,0,55,0,0
2019282N35286,MELISSA,2019,"Morehead City, NC",2019-10-08 18:00:00,2019-10-09 00:00:00,6,242.4,2019-10-08 18:00:00,40,1009,-4,-4,0,40,0,0
2019282N35286,MELISSA,2019,"New Haven, CT",2019-10-10 00:00:00,2019-10-11 21:00:00,45,425.4,2019-10-11 12:00:00,50,995,-2,-2,0,55,0,0
2019282N35286,MELISSA,2019,"New York, NY & NJ",2019-10-10 06:00:00,2019-10-11 21:00:00,39,458.4,2019-10-11 15:00:00,50,996,-2,-2,0,55,0,0
2019282N35286,MELISSA,2019,"Philadelphia Regional Port, PA",2019-10-09 00:00:00,2019-10-09 03:00:00,3,494.5,2019-10-09 00:00:00,40,1009,-4,-4,0,43,0,0
2019282N35286,MELISSA,2019,"Port Jefferson, NY",2019-10-09 06:00:00,2019-10-12 00:00:00,66,410.5,2019-10-11 12:00:00,50,995,-2,-2,0,55,0,0
2019282N35286,MELISSA,2019,"Port of Providence, RI",2019-10-09 15:00:00,2019-10-12 03:00:00,60,390.2,2019-10-10 09:00:00,55,1001,-4,-2,0,55,0,0
2019282N35286,MELISSA,2019,"Portsmouth, NH",2019-10-10 03:00:00,2019-10-10 09:00:00,6,493.5,2019-10-10 03:00:00,55,1003,-4,-4,0,55,0,0
2019282N35286,MELISSA,2019,"South Jersey Port Corp, NJ",2019-10-08 21:00:00,2019-10-11 18:00:00,69,448,2019-10-09 00:00:00,40,1009,-4,-2,0,50,0,0
2019282N35286,MELISSA,2019,"Virginia, VA, Port of",2019-10-08 18:00:00,2019-10-09 03:00:00,9,290.6,2019-10-08 18:00:00,40,1009,-4,-4,0,43,0,0
2019282N35286,MELISSA,2019,"Wilmington, DE",2019-10-08 21:00:00,2019-10-09 00:00:00,3,488.5,2019-10-09 00:00:00,40,1009,-4,-4,0,40,0,0
2019282N35286,MELISSA,2019,"Wilmington, NC",2019-10-08 18:00:00,2019-10-08 21:00:00,3,357.5,2019-10-08 18:00:00,40,1009,-4,-4,0,40,0,0
2019291N22264,NESTOR,2019,"Baltimore, MD",2019-10-20 15:00:00,2019-10-21 00:00:00,9,238.9,2019-10-20 21:00:00,40,1002,-4,-4,0,40,1,1
2019291N22264,NESTOR,2019,"Bridgeport, CT",2019-10-20 21:00:00,2019-10-21 00:00:00,3,425.1,2019-10-21 00:00:00,40,1001,-4,-4,0,40,0,0
2019291N22264,NESTOR,2019,"Brownsville, TX",2019-10-17 12:00:00,2019-10-18 06:00:00,18,430.7,2019-10-18 00:00:00,40,1003,-3,-3,0,45,0,0
2019291N22264,NESTOR,2019,"Canaveral Port District, FL",2019-10-19 18:00:00,2019-10-20 03:00:00,9,447.6,2019-10-20 00:00:00,35,1000,-4,-4,0,40,1,1
2019291N22264,NESTOR,2019,"Chattanooga, TN",2019-10-19 21:00:00,2019-10-20 09:00:00,12,385.4,2019-10-20 03:00:00,38,1001,-4,-4,0,40,1,1
2019291N22264,NESTOR,2019,"Greater Lafourche Port, LA",2019-10-18 12:00:00,2019-10-19 18:00:00,30,292.7,2019-10-19 00:00:00,50,996,0,0,0,50,1,1
2019291N22264,NESTOR,2019,"Guntersville, AL",2019-10-19 18:00:00,2019-10-20 06:00:00,12,387.4,2019-10-20 03:00:00,38,1001,-4,-4,0,40,1,1
2019291N22264,NESTOR,2019,"Jacksonville, FL",2019-10-19 12:00:00,2019-10-20 09:00:00,21,239.1,2019-10-20 03:00:00,38,1001,-4,-4,0,40,1,1
2019291N22264,NESTOR,2019,"Manatee County Port, FL",2019-10-19 06:00:00,2019-10-20 00:00:00,18,423.6,2019-10-19 18:00:00,40,999,-4,0,0,50,1,1
2019291N22264,NESTOR,2019,"Mobile, AL",2019-10-18 18:00:00,2019-10-20 00:00:00,30,223.5,2019-10-19 12:00:00,40,996,-4,0,0,50,1,1
2019291N22264,NESTOR,2019,"Morehead City, NC",2019-10-20 06:00:00,2019-10-21 00:00:00,18,194.5,2019-10-20 15:00:00,40,1002,-4,-4,0,40,1,1
2019291N22264,NESTOR,2019,"New Haven, CT",2019-10-20 21:00:00,2019-10-21 00:00:00,3,444.8,2019-10-21 00:00:00,40,1001,-4,-4,0,40,0,0
2019291N22264,NESTOR,2019,"New Orleans, LA",2019-10-18 15:00:00,2019-10-19 21:00:00,30,320.3,2019-10-19 03:00:00,50,996,0,0,0,50,1,1
2019291N22264,NESTOR,2019,"New York, NY & NJ",2019-10-20 18:00:00,2019-10-21 00:00:00,6,358.5,2019-10-21 00:00:00,40,1001,-4,-4,0,40,1,1
2019291N22264,NESTOR,2019,"Panama City Port Authority, FL",2019-10-18 21:00:00,2019-10-20 06:00:00,33,22.8,2019-10-19 18:00:00,40,999,-4,0,0,50,1,1
2019291N22264,NESTOR,2019,"Philadelphia Regional Port, PA",2019-10-20 15:00:00,2019-10-21 00:00:00,9,286.2,2019-10-21 00:00:00,40,1001,-4,-4,0,40,1,1
2019291N22264,NESTOR,2019,"Pittsburgh, PA Port of",2019-10-20 18:00:00,2019-10-20 18:00:00,0,474.8,2019-10-20 18:00:00,40,1002,-4,-4,0,40,1,1
2019291N22264,NESTOR,2019,"Plaquemines Port District, LA",2019-10-18 12:00:00,2019-10-19 21:00:00,33,235.8,2019-10-19 03:00:00,50,996,0,0,0,50,1,1
2019291N22264,NESTOR,2019,"Port Jefferson, NY",2019-10-20 21:00:00,2019-10-21 00:00:00,3,403.7,2019-10-21 00:00:00,40,1001,-4,-4,0,40,0,0
2019291N22264,NESTOR,2019,"Port of Brunswick, GA",2019-10-19 15:00:00,2019-10-20 12:00:00,21,185.7,2019-10-20 03:00:00,38,1001,-4,-4,0,40,1,1
2019291N22264,NESTOR,2019,"Port of Charleston, SC",2019-10-20 00:00:00,2019-10-20 15:00:00,15,124.4,2019-10-20 09:00:00,40,1002,-4,-4,0,40,1,1
2019291N22264,NESTOR,2019,"Port of Greater Baton Rouge, LA",2019-10-18 18:00:00,2019-10-19 12:00:00,18,447.1,2019-10-19 03:00:00,50,996,0,0,0,50,0,0
2019291N22264,NESTOR,2019,"Port of Gulfport, MS",2019-10-18 18:00:00,2019-10-20 00:00:00,30,276.9,2019-10-19 09:00:00,45,996,0,0,0,50,1,1
2019291N22264,NESTOR,2019,"Port of Harlingen Authority, TX",2019-10-17 12:00:00,2019-10-18 03:00:00,15,458.9,2019-10-18 00:00:00,40,1003,-3,-3,0,43,0,0
2019291N22264,NESTOR,2019,"Port of Iberia District, LA",2019-10-18 15:00:00,2019-10-19 09:00:00,18,434.1,2019-10-18 21:00:00,50,998,0,0,0,50,0,0
2019291N22264,NESTOR,2019,"Port of Pascagoula, MS",2019-10-18 18:00:00,2019-10-20 00:00:00,30,247.4,2019-10-19 09:00:00,45,996,0,0,0,50,1,1
2019291N22264,NESTOR,2019,"Port of Savannah, GA",2019-10-19 18:00:00,2019-10-20 12:00:00,18,123.8,2019-10-20 06:00:00,40,1002,-4,-4,0,40,1,1
2019291N22264,NESTOR,2019,"South Jersey Port Corp, NJ",2019-10-20 15:00:00,2019-10-21 00:00:00,9,235.8,2019-10-21 00:00:00,40,1001,-4,-4,0,40,1,1
2019291N22264,NESTOR,2019,"South Louisiana, LA, Port of",2019-10-18 15:00:00,2019-10-19 18:00:00,27,357.3,2019-10-19 03:00:00,50,996,0,0,0,50,1,1
2019291N22264,NESTOR,2019,"Tampa Port Authority, FL",2019-10-19 03:00:00,2019-10-20 03:00:00,24,388.6,2019-10-19 21:00:00,38,1000,-4,0,0,50,1,1
2019291N22264,NESTOR,2019,"Terrebonne Parish Port, LA",2019-10-18 12:00:00,2019-10-19 15:00:00,27,338.2,2019-10-18 21:00:00,50,998,0,0,0,50,1,0
2019291N22264,NESTOR,2019,"Virginia, VA, Port of",2019-10-20 09:00:00,2019-10-21 00:00:00,15,35.1,2019-10-20 18:00:00,40,1002,-4,-4,0,40,1,1
2019291N22264,NESTOR,2019,"West St. Mary Parish Port, LA",2019-10-18 12:00:00,2019-10-19 09:00:00,21,415.2,2019-10-18 21:00:00,50,998,0,0,0,50,0,0
2019291N22264,NESTOR,2019,"Wilmington, DE",2019-10-20 15:00:00,2019-10-21 00:00:00,9,259.7,2019-10-20 21:00:00,40,1002,-4,-4,0,40,1,1
2019291N22264,NESTOR,2019,"Wilmington, NC",2019-10-20 06:00:00,2019-10-21 00:00:00,18,148.7,2019-10-20 12:00:00,40,1002,-4,-4,0,40,1,1
2019299N25265,OLGA,2019,"Alexandria-Cairo Port, IL",2019-10-26 15:00:00,2019-10-27 03:00:00,12,110.3,2019-10-26 18:00:00,40,993,-4,-4,0,43,1,1
2019299N25265,OLGA,2019,"Alpena, MI",2019-10-27 06:00:00,2019-10-27 18:00:00,12,63.2,2019-10-27 15:00:00,30,996,-4,-4,0,30,1,1
2019299N25265,OLGA,2019,"America's Central Port, IL",2019-10-26 18:00:00,2019-10-27 06:00:00,12,140.6,2019-10-26 21:00:00,35,993,-4,-4,0,40,1,1
2019299N25265,OLGA,2019,"Beaumont, TX",2019-10-25 18:00:00,2019-10-26 12:00:00,18,317,2019-10-26 06:00:00,45,994,-4,0,0,45,1,1
2019299N25265,OLGA,2019,"Brownsville, TX",2019-10-25 12:00:00,2019-10-25 21:00:00,9,301.3,2019-10-25 12:00:00,35,1004,0,0,0,43,0,0
2019299N25265,OLGA,2019,"Calhoun Port Authority, TX",2019-10-25 12:00:00,2019-10-26 03:00:00,15,418.2,2019-10-25 18:00:00,40,998,0,0,0,45,0,0
2019299N25265,OLGA,2019,"Central Louisiana Regional, LA",2019-10-26 00:00:00,2019-10-26 15:00:00,15,228,2019-10-26 09:00:00,45,994,-4,-4,0,45,1,1
2019299N25265,OLGA,2019,"Chattanooga, TN",2019-10-26 15:00:00,2019-10-26 21:00:00,6,387,2019-10-26 18:00:00,40,993,-4,-4,0,43,1,1
2019299N25265,OLGA,2019,"Cincinnati, OH",2019-10-26 21:00:00,2019-10-27 06:00:00,9,317.8,2019-10-27 00:00:00,30,992,-4,-4,0,35,1,1
2019299N25265,OLGA,2019,"Clark Township, MI",2019-10-27 06:00:00,2019-10-27 18:00:00,12,152.4,2019-10-27 15:00:00,30,996,-4,-4,0,30,1,1
2019299N25265,OLGA,2019,"Cleveland-Cuyahoga Port, OH",2019-10-27 03:00:00,2019-10-27 18:00:00,15,400.9,2019-10-27 12:00:00,30,994,-4,-4,0,30,1,1
2019299N25265,OLGA,2019,"Conneaut, OH",2019-10-27 09:00:00,2019-10-27 18:00:00,9,412.3,2019-10-27 15:00:00,30,996,-4,-4,0,30,1,1
2019299N25265,OLGA,2019,"Corpus Christi, TX",2019-10-25 12:00:00,2019-10-25 21:00:00,9,434.2,2019-10-25 15:00:00,38,1001,0,0,0,43,0,0
2019299N25265,OLGA,2019,"Detroit-Wayne County Port, MI",2019-10-27 00:00:00,2019-10-27 18:00:00,18,272.3,2019-10-27 12:00:00,30,994,-4,-4,0,30,1,1
2019299N25265,OLGA,2019,"Galveston, TX",2019-10-25 15:00:00,2019-10-26 09:00:00,18,330.5,2019-10-26 03:00:00,45,995,-4,0,0,45,1,1
2019299N25265,OLGA,2019,"Greater Lafourche Port, LA",2019-10-25 21:00:00,2019-10-26 12:00:00,15,82.2,2019-10-26 09:00:00,45,994,-4,0,0,45,1,1
2019299N25265,OLGA,2019,"Green Bay, WI",2019-10-27 00:00:00,2019-10-27 15:00:00,15,179.9,2019-10-27 09:00:00,30,993,-4,-4,0,30,1,1
2019299N25265,OLGA,2019,"Guntersville, AL",2019-10-26 12:00:00,2019-10-26 21:00:00,9,320.5,2019-10-26 15:00:00,43,993,-4,-4,0,45,1,1
2019299N25265,OLGA,2019,"Havana Regional Port, IL",2019-10-26 18:00:00,2019-10-27 09:00:00,15,171.9,2019-10-27 00:00:00,30,992,-4,-4,0,40,1,1
2019299N25265,OLGA,2019,"Heart of Illinois Port, IL",2019-10-26 18:00:00,2019-10-27 09:00:00,15,156.2,2019-10-27 00:00:00,30,992,-4,-4,0,40,1,1
2019299N25265,OLGA,2019,"Heartland Port Authority, MO",2019-10-26 18:00:00,2019-10-27 03:00:00,9,294.4,2019-10-26 21:00:00,35,993,-4,-4,0,40,1,1
2019299N25265,OLGA,2019,"Helena-West Helena Port, AR",2019-10-26 09:00:00,2019-10-26 21:00:00,12,120.9,2019-10-26 15:00:00,43,993,-4,-4,0,45,1,1
2019299N25265,OLGA,2019,"Henderson County Riverport, KY",2019-10-26 15:00:00,2019-10-27 03:00:00,12,113.5,2019-10-26 21:00:00,35,993,-4,-4,0,43,1,1
2019299N25265,OLGA,2019,"Hickman-Fulton County Port, KY",2019-10-26 15:00:00,2019-10-27 00:00:00,9,42,2019-10-26 18:00:00,40,993,-4,-4,0,43,1,1
2019299N25265,OLGA,2019,"Houston Port Authority, TX",2019-10-25 18:00:00,2019-10-26 09:00:00,15,410,2019-10-26 03:00:00,45,995,-4,0,0,45,1,1
2019299N25265,OLGA,2019,"Illinois International Port, IL",2019-10-26 21:00:00,2019-10-27 12:00:00,15,49.3,2019-10-27 03:00:00,30,992,-4,-4,0,35,1,1
2019299N25265,OLGA,2019,"Illinois Valley Port, IL",2019-10-26 21:00:00,2019-10-27 09:00:00,12,136.2,2019-10-27 03:00:00,30,992,-4,-4,0,35,1,1
2019299N25265,OLGA,2019,"Jackson-Union Port District, IL",2019-10-26 15:00:00,2019-10-27 03:00:00,12,90.4,2019-10-26 21:00:00,35,993,-4,-4,0,43,1,1
2019299N25265,OLGA,2019,"Jefferson County Port, MO",2019-10-26 15:00:00,2019-10-27 03:00:00,12,160.5,2019-10-26 21:00:00,35,993,-4,-4,0,43,1,1
2019299N25265,OLGA,2019,"Joliet Regional Port, IL",2019-10-26 21:00:00,2019-10-27 12:00:00,15,46.9,2019-10-27 03:00:00,30,992,-4,-4,0,35,1,1
2019299N25265,OLGA,2019,"Kaskaskia Regional Port, IL",2019-10-26 15:00:00,2019-10-27 03:00:00,12,108.7,2019-10-26 21:00:00,35,993,-4,-4,0,43,1,1
2019299N25265,OLGA,2019,"Lake Charles Harbor District, LA",2019-10-25 18:00:00,2019-10-26 12:00:00,18,240.3,2019-10-26 06:00:00,45,994,-4,0,0,45,1,1
2019299N25265,OLGA,2019,"Lake Providence Port, LA",2019-10-26 06:00:00,2019-10-26 18:00:00,12,163.4,2019-10-26 12:00:00,45,993,-4,-4,0,45,1,1
2019299N25265,OLGA,2019,"Louisville-Jefferson Port, KY",2019-10-26 18:00:00,2019-10-27 06:00:00,12,265.8,2019-10-26 21:00:00,35,993,-4,-4,0,40,1,1
2019299N25265,OLGA,2019,"Marblehead, OH",2019-10-27 00:00:00,2019-10-27 15:00:00,15,360,2019-10-27 09:00:00,30,993,-4,-4,0,30,1,1
2019299N25265,OLGA,2019,"Marine City, MI",2019-10-27 03:00:00,2019-10-27 18:00:00,15,266.1,2019-10-27 12:00:00,30,994,-4,-4,0,30,1,1
2019299N25265,OLGA,2019,"Marquette, MI",2019-10-27 06:00:00,2019-10-27 15:00:00,9,310,2019-10-27 12:00:00,30,994,-4,-4,0,30,1,1
2019299N25265,OLGA,2019,"Massac-Metropolis Port, IL",2019-10-26 15:00:00,2019-10-27 03:00:00,12,120.5,2019-10-26 21:00:00,35,993,-4,-4,0,43,1,1
2019299N25265,OLGA,2019,"Memphis-Shelby County Port, TN",2019-10-26 12:00:00,2019-10-26 21:00:00,9,125.1,2019-10-26 18:00:00,40,993,-4,-4,0,45,1,1
2019299N25265,OLGA,2019,"Mid-America Port, IA, IL and MO",2019-10-26 18:00:00,2019-10-27 06:00:00,12,283.4,2019-10-27 00:00:00,30,992,-4,-4,0,40,1,1
2019299N25265,OLGA,2019,"Milwaukee, WI",2019-10-27 00:00:00,2019-10-27 15:00:00,15,100.8,2019-10-27 06:00:00,30,992,-4,-4,0,30,1,1
2019299N25265,OLGA,2019,"Mobile, AL",2019-10-26 03:00:00,2019-10-26 15:00:00,12,214,2019-10-26 12:00:00,45,993,-4,-4,0,45,1,1
2019299N25265,OLGA,2019,"Monroe, MI",2019-10-27 00:00:00,2019-10-27 15:00:00,15,283,2019-10-27 09:00:00,30,993,-4,-4,0,30,1,1
2019299N25265,OLGA,2019,"Mueller Township, MI",2019-10-27 06:00:00,2019-10-27 18:00:00,12,197.6,2019-10-27 12:00:00,30,994,-4,-4,0,30,1,1
2019299N25265,OLGA,2019,"Muskegon, MI",2019-10-27 00:00:00,2019-10-27 15:00:00,15,43.2,2019-10-27 09:00:00,30,993,-4,-4,0,30,1,1
2019299N25265,OLGA,2019,"Nashville, TN",2019-10-26 15:00:00,2019-10-27 00:00:00,9,225.7,2019-10-26 18:00:00,40,993,-4,-4,0,43,1,1
2019299N25265,OLGA,2019,"New Bourbon Port Authority, MO",2019-10-26 15:00:00,2019-10-27 03:00:00,12,127.6,2019-10-26 21:00:00,35,993,-4,-4,0,43,1,1
2019299N25265,OLGA,2019,"New Madrid County Port, MO",2019-10-26 15:00:00,2019-10-27 00:00:00,9,54,2019-10-26 18:00:00,40,993,-4,-4,0,43,1,1
2019299N25265,OLGA,2019,"New Orleans, LA",2019-10-26 00:00:00,2019-10-26 15:00:00,15,57.1,2019-10-26 09:00:00,45,994,-4,-4,0,45,1,1
2019299N25265,OLGA,2019,"Northern Indiana District, IN",2019-10-26 21:00:00,2019-10-27 12:00:00,15,46.2,2019-10-27 03:00:00,30,992,-4,-4,0,35,1,1
2019299N25265,OLGA,2019,"Orange County Nav District, TX",2019-10-25 18:00:00,2019-10-26 12:00:00,18,299.7,2019-10-26 06:00:00,45,994,-4,0,0,45,1,1
2019299N25265,OLGA,2019,"Owensboro Riverport, KY",2019-10-26 15:00:00,2019-10-27 03:00:00,12,151.3,2019-10-26 21:00:00,35,993,-4,-4,0,43,1,1
2019299N25265,OLGA,2019,"Paducah-McCracken Riverport, KY",2019-10-26 15:00:00,2019-10-27 03:00:00,12,108.2,2019-10-26 18:00:00,40,993,-4,-4,0,43,1,1
2019299N25265,OLGA,2019,"Panama City Port Authority, FL",2019-10-26 09:00:00,2019-10-26 12:00:00,3,447,2019-10-26 12:00:00,45,993,-4,-4,0,45,1,1
2019299N25265,OLGA,2019,"Pemiscot County Port, MO",2019-10-26 15:00:00,2019-10-27 00:00:00,9,43.6,2019-10-26 18:00:00,40,993,-4,-4,0,43,1,1
2019299N25265,OLGA,2019,"Plaquemines Port District, LA",2019-10-25 21:00:00,2019-10-26 12:00:00,15,128,2019-10-26 09:00:00,45,994,-4,0,0,45,1,1
2019299N25265,OLGA,2019,"Port Arthur, TX",2019-10-25 18:00:00,2019-10-26 12:00:00,18,291.6,2019-10-26 06:00:00,45,994,-4,0,0,45,1,1
2019299N25265,OLGA,2019,"Port Freeport, TX",2019-10-25 12:00:00,2019-10-26 09:00:00,21,377.9,2019-10-26 00:00:00,45,996,-4,0,0,45,1,1
2019299N25265,OLGA,2019,"Port of Greater Baton Rouge, LA",2019-10-25 21:00:00,2019-10-26 15:00:00,18,83.8,2019-10-26 09:00:00,45,994,-4,0,0,45,1,1
2019299N25265,OLGA,2019,"Port of Greenville, MS",2019-10-26 09:00:00,2019-10-26 18:00:00,9,137.6,2019-10-26 15:00:00,43,993,-4,-4,0,45,1,1
2019299N25265,OLGA,2019,"Port of Gulfport, MS",2019-10-26 03:00:00,2019-10-26 15:00:00,12,154.4,2019-10-26 09:00:00,45,994,-4,-4,0,45,1,1
2019299N25265,OLGA,2019,"Port of Harlingen Authority, TX",2019-10-25 12:00:00,2019-10-25 21:00:00,9,325.2,2019-10-25 12:00:00,35,1004,0,0,0,43,0,0
2019299N25265,OLGA,2019,"Port of Iberia District, LA",2019-10-25 18:00:00,2019-10-26 12:00:00,18,117.7,2019-10-26 06:00:00,45,994,-4,0,0,45,1,1
2019299N25265,OLGA,2019,"Port of Pascagoula, MS",2019-10-26 03:00:00,2019-10-26 15:00:00,12,190,2019-10-26 12:00:00,45,993,-4,-4,0,45,1,1
2019299N25265,OLGA,2019,"Port of Rosedale, MS",2019-10-26 09:00:00,2019-10-26 18:00:00,9,109.6,2019-10-26 15:00:00,43,993,-4,-4,0,45,1,1
2019299N25265,OLGA,2019,"Port of Vicksburg, MS",2019-10-26 06:00:00,2019-10-26 18:00:00,12,108.6,2019-10-26 12:00:00,45,993,-4,-4,0,45,1,1
2019299N25265,OLGA,2019,"Presque Isle Township, MI",2019-10-27 06:00:00,2019-10-27 18:00:00,12,60,2019-10-27 15:00:00,30,996,-4,-4,0,30,1,1
2019299N25265,OLGA,2019,"Rogers City, MI",2019-10-27 06:00:00,2019-10-27 18:00:00,12,87.6,2019-10-27 15:00:00,30,996,-4,-4,0,30,1,1
2019299N25265,OLGA,2019,"Sabine Pass Port Authority, TX",2019-10-25 15:00:00,2019-10-26 12:00:00,21,300.4,2019-10-26 06:00:00,45,994,-4,0,0,45,1,1
2019299N25265,OLGA,2019,"Sandusky, OH",2019-10-27 00:00:00,2019-10-27 15:00:00,15,365.7,2019-10-27 09:00:00,30,993,-4,-4,0,30,1,1
2019299N25265,OLGA,2019,"Shawneetown Regional Port, IL",2019-10-26 15:00:00,2019-10-27 03:00:00,12,80.3,2019-10-26 21:00:00,35,993,-4,-4,0,43,1,1
2019299N25265,OLGA,2019,"South Louisiana, LA, Port of",2019-10-25 21:00:00,2019-10-26 15:00:00,18,9.2,2019-10-26 09:00:00,45,994,-4,0,0,45,1,1
2019299N25265,OLGA,2019,"Southeast Missouri Port, MO",2019-10-26 15:00:00,2019-10-27 03:00:00,12,120.1,2019-10-26 18:00:00,40,993,-4,-4,0,43,1,1
2019299N25265,OLGA,2019,"Southern Indiana District, IN",2019-10-26 18:00:00,2019-10-27 06:00:00,12,203.6,2019-10-26 21:00:00,35,993,-4,-4,0,40,1,1
2019299N25265,OLGA,2019,"Southwest Regional Port, IL",2019-10-26 18:00:00,2019-10-27 03:00:00,9,129.6,2019-10-26 21:00:00,35,993,-4,-4,0,40,1,1
2019299N25265,OLGA,2019,"St. Louis City Port, MO",2019-10-26 18:00:00,2019-10-27 03:00:00,9,137,2019-10-26 21:00:00,35,993,-4,-4,0,40,1,1
2019299N25265,OLGA,2019,"St. Louis County, MO",2019-10-26 18:00:00,2019-10-27 03:00:00,9,156.4,2019-10-26 21:00:00,35,993,-4,-4,0,40,1,1
2019299N25265,OLGA,2019,"Terrebonne Parish Port, LA",2019-10-25 18:00:00,2019-10-26 12:00:00,18,69.4,2019-10-26 06:00:00,45,994,-4,0,0,45,1,1
2019299N25265,OLGA,2019,"Texas City, TX",2019-10-25 15:00:00,2019-10-26 09:00:00,18,345,2019-10-26 03:00:00,45,995,-4,0,0,45,1,1
2019299N25265,OLGA,2019,"Toledo-Lucas County Port, OH",2019-10-27 00:00:00,2019-10-27 15:00:00,15,302.8,2019-10-27 09:00:00,30,993,-4,-4,0,30,1,1
2019299N25265,OLGA,2019,"Victoria, TX",2019-10-25 15:00:00,2019-10-26 00:00:00,9,463.2,2019-10-25 18:00:00,40,998,0,0,0,45,0,0
2019299N25265,OLGA,2019,"West St. Mary Parish Port, LA",2019-10-25 18:00:00,2019-10-26 12:00:00,18,99.8,2019-10-26 09:00:00,45,994,-4,0,0,45,1,1
2019299N25265,OLGA,2019,"Winona Port Authority, MN",2019-10-27 03:00:00,2019-10-27 09:00:00,6,415.5,2019-10-27 06:00:00,30,992,-4,-4,0,30,1,1
2019323N19302,SEBASTIEN,2019,"Virgin Islands - St. Croix, VI",2019-11-20 06:00:00,2019-11-20 15:00:00,9,467.4,2019-11-20 12:00:00,45,999,0,0,0,45,0,0
2020138N28281,ARTHUR,2020,"Baltimore, MD",2020-05-18 18:00:00,2020-05-19 03:00:00,9,456.1,2020-05-18 21:00:00,48,992,0,0,0,50,0,0
2020138N28281,ARTHUR,2020,"Canaveral Port District, FL",2020-05-16 18:00:00,2020-05-17 21:00:00,27,207.1,2020-05-16 18:00:00,30,1008,-1,0,0,40,0,0
2020138N28281,ARTHUR,2020,"Jacksonville, FL",2020-05-16 18:00:00,2020-05-18 00:00:00,30,384.3,2020-05-16 21:00:00,33,1007,-1,0,0,40,0,0
2020138N28281,ARTHUR,2020,"Manatee County Port, FL",2020-05-16 18:00:00,2020-05-17 03:00:00,9,364.6,2020-05-16 18:00:00,30,1008,-1,0,0,35,0,0
2020138N28281,ARTHUR,2020,"Morehead City, NC",2020-05-17 12:00:00,2020-05-19 03:00:00,39,84.9,2020-05-18 12:00:00,45,1000,0,0,0,50,0,0
2020138N28281,ARTHUR,2020,"New York, NY & NJ",2020-05-19 03:00:00,2020-05-19 06:00:00,3,490.5,2020-05-19 06:00:00,50,990,0,0,0,50,0,0
2020138N28281,ARTHUR,2020,"Philadelphia Regional Port, PA",2020-05-18 21:00:00,2020-05-19 06:00:00,9,458.9,2020-05-19 00:00:00,50,991,0,0,0,50,0,0
2020138N28281,ARTHUR,2020,"Port Everglades, FL",2020-05-16 18:00:00,2020-05-17 06:00:00,12,269.2,2020-05-16 18:00:00,30,1008,-1,0,0,35,0,0
2020138N28281,ARTHUR,2020,"Port Jefferson, NY",2020-05-19 06:00:00,2020-05-19 09:00:00,3,485.5,2020-05-19 06:00:00,50,990,0,0,0,53,0,0
2020138N28281,ARTHUR,2020,"Port of Brunswick, GA",2020-05-16 18:00:00,2020-05-18 03:00:00,33,392.7,2020-05-17 12:00:00,35,1003,0,0,0,40,0,0
2020138N28281,ARTHUR,2020,"Port of Charleston, SC",2020-05-17 00:00:00,2020-05-18 15:00:00,39,299,2020-05-18 03:00:00,40,1003,0,0,0,45,0,0
2020138N28281,ARTHUR,2020,"Port of Palm Beach District, FL",2020-05-16 18:00:00,2020-05-17 12:00:00,18,229.2,2020-05-16 18:00:00,30,1008,-1,0,0,35,0,0
2020138N28281,ARTHUR,2020,"Port of Savannah, GA",2020-05-16 21:00:00,2020-05-18 09:00:00,36,379,2020-05-17 21:00:00,40,1003,0,0,0,43,0,0
2020138N28281,ARTHUR,2020,"PortMiami, FL",2020-05-16 18:00:00,2020-05-17 03:00:00,9,320.2,2020-05-16 18:00:00,30,1008,-1,0,0,35,0,0
2020138N28281,ARTHUR,2020,"South Jersey Port Corp, NJ",2020-05-18 18:00:00,2020-05-19 09:00:00,15,410.4,2020-05-19 00:00:00,50,991,0,0,0,53,0,0
2020138N28281,ARTHUR,2020,"Tampa Port Authority, FL",2020-05-16 18:00:00,2020-05-17 06:00:00,12,358.3,2020-05-16 18:00:00,30,1008,-1,0,0,35,0,0
2020138N28281,ARTHUR,2020,"Virginia, VA, Port of",2020-05-18 03:00:00,2020-05-19 06:00:00,27,212.8,2020-05-18 18:00:00,45,993,0,0,0,50,0,0
2020138N28281,ARTHUR,2020,"Wilmington, DE",2020-05-18 18:00:00,2020-05-19 06:00:00,12,447,2020-05-19 00:00:00,50,991,0,0,0,50,0,0
2020138N28281,ARTHUR,2020,"Wilmington, NC",2020-05-17 09:00:00,2020-05-19 00:00:00,39,144.4,2020-05-18 09:00:00,43,1001,0,0,0,50,0,0
2020148N32281,BERTHA,2020,"Baltimore, MD",2020-05-28 06:00:00,2020-05-28 12:00:00,6,346.6,2020-05-28 12:00:00,20,1011,-4,-4,0,20,1,1
2020148N32281,BERTHA,2020,"Canaveral Port District, FL",2020-05-27 06:00:00,2020-05-27 13:30:00,7.5,378.9,2020-05-27 06:00:00,40,1006,0,0,0,45,1,1
2020148N32281,BERTHA,2020,"Chattanooga, TN",2020-05-27 18:00:00,2020-05-28 06:00:00,12,395.8,2020-05-28 03:00:00,23,1010,-1,-1,0,30,1,1
2020148N32281,BERTHA,2020,"Cincinnati, OH",2020-05-28 03:00:00,2020-05-28 12:00:00,9,320.2,2020-05-28 09:00:00,20,1011,-4,-1,0,23,1,1
2020148N32281,BERTHA,2020,"Cleveland-Cuyahoga Port, OH",2020-05-28 09:00:00,2020-05-28 12:00:00,3,214.1,2020-05-28 12:00:00,20,1011,-4,-4,0,20,1,1
2020148N32281,BERTHA,2020,"Conneaut, OH",2020-05-28 09:00:00,2020-05-28 12:00:00,3,225.5,2020-05-28 12:00:00,20,1011,-4,-4,0,20,1,1
2020148N32281,BERTHA,2020,"Detroit-Wayne County Port, MI",2020-05-28 09:00:00,2020-05-28 12:00:00,3,346.5,2020-05-28 12:00:00,20,1011,-4,-4,0,20,1,1
2020148N32281,BERTHA,2020,"Jacksonville, FL",2020-05-27 06:00:00,2020-05-27 21:00:00,15,302,2020-05-27 06:00:00,40,1006,0,0,0,45,1,1
2020148N32281,BERTHA,2020,"Louisville-Jefferson Port, KY",2020-05-28 03:00:00,2020-05-28 12:00:00,9,416.5,2020-05-28 09:00:00,20,1011,-4,-1,0,23,1,1
2020148N32281,BERTHA,2020,"Marblehead, OH",2020-05-28 09:00:00,2020-05-28 12:00:00,3,254.4,2020-05-28 12:00:00,20,1011,-4,-4,0,20,1,1
2020148N32281,BERTHA,2020,"Marine City, MI",2020-05-28 09:00:00,2020-05-28 12:00:00,3,350.8,2020-05-28 12:00:00,20,1011,-4,-4,0,20,1,1
2020148N32281,BERTHA,2020,"Monroe, MI",2020-05-28 09:00:00,2020-05-28 12:00:00,3,331.1,2020-05-28 12:00:00,20,1011,-4,-4,0,20,1,1
2020148N32281,BERTHA,2020,"Morehead City, NC",2020-05-27 06:00:00,2020-05-28 06:00:00,24,329.7,2020-05-27 18:00:00,30,1007,-1,0,0,45,1,1
2020148N32281,BERTHA,2020,"Philadelphia Regional Port, PA",2020-05-28 12:00:00,2020-05-28 12:00:00,0,476.1,2020-05-28 12:00:00,20,1011,-4,-4,0,20,0,1
2020148N32281,BERTHA,2020,"Pittsburgh, PA Port of",2020-05-28 06:00:00,2020-05-28 12:00:00,6,91.4,2020-05-28 12:00:00,20,1011,-4,-4,0,20,1,1
2020148N32281,BERTHA,2020,"Port of Brunswick, GA",2020-05-27 06:00:00,2020-05-28 00:00:00,18,245.3,2020-05-27 09:00:00,43,1006,0,0,0,45,1,1
2020148N32281,BERTHA,2020,"Port of Charleston, SC",2020-05-27 06:00:00,2020-05-28 06:00:00,24,23.4,2020-05-27 15:00:00,40,1006,0,0,0,45,1,1
2020148N32281,BERTHA,2020,"Port of Savannah, GA",2020-05-27 06:00:00,2020-05-28 03:00:00,21,160.5,2020-05-27 13:30:00,45,1005,0,0,0,45,1,1
2020148N32281,BERTHA,2020,"Sandusky, OH",2020-05-28 09:00:00,2020-05-28 12:00:00,3,248.5,2020-05-28 12:00:00,20,1011,-4,-4,0,20,1,1
2020148N32281,BERTHA,2020,"South Jersey Port Corp, NJ",2020-05-28 12:00:00,2020-05-28 12:00:00,0,484.5,2020-05-28 12:00:00,20,1011,-4,-4,0,20,0,1
2020148N32281,BERTHA,2020,"Southern Indiana District, IN",2020-05-28 06:00:00,2020-05-28 09:00:00,3,476.5,2020-05-28 09:00:00,20,1011,-4,-4,0,20,1,1
2020148N32281,BERTHA,2020,"Toledo-Lucas County Port, OH",2020-05-28 09:00:00,2020-05-28 12:00:00,3,312.5,2020-05-28 12:00:00,20,1011,-4,-4,0,20,1,1
2020148N32281,BERTHA,2020,"Virginia, VA, Port of",2020-05-27 18:00:00,2020-05-28 09:00:00,15,424.3,2020-05-28 06:00:00,20,1011,-4,-1,0,30,1,1
2020148N32281,BERTHA,2020,"Wilmington, DE",2020-05-28 09:00:00,2020-05-28 12:00:00,3,433.5,2020-05-28 12:00:00,20,1011,-4,-4,0,20,1,1
2020148N32281,BERTHA,2020,"Wilmington, NC",2020-05-27 06:00:00,2020-05-28 06:00:00,24,211.8,2020-05-27 18:00:00,30,1007,-1,0,0,45,1,1
2020154N19269,CRISTOBAL,2020,"Alexandria-Cairo Port, IL",2020-06-08 21:00:00,2020-06-09 21:00:00,24,257.9,2020-06-09 09:00:00,25,992,-1,-1,0,30,1,1
2020154N19269,CRISTOBAL,2020,"Alpena, MI",2020-06-10 06:00:00,2020-06-10 15:00:00,9,406.6,2020-06-10 12:00:00,35,982,-4,-4,0,35,1,1
2020154N19269,CRISTOBAL,2020,"America's Central Port, IL",2020-06-09 03:00:00,2020-06-10 00:00:00,21,161.6,2020-06-09 15:00:00,28,990,-1,-1,0,30,1,1
2020154N19269,CRISTOBAL,2020,"Beaumont, TX",2020-06-07 12:00:00,2020-06-09 00:00:00,36,311.1,2020-06-08 12:00:00,30,993,-1,0,0,45,1,1
2020154N19269,CRISTOBAL,2020,"Central Louisiana Regional, LA",2020-06-07 09:00:00,2020-06-09 03:00:00,42,112.7,2020-06-08 12:00:00,30,993,-1,0,0,45,1,1
2020154N19269,CRISTOBAL,2020,"Clark Township, MI",2020-06-10 06:00:00,2020-06-10 18:00:00,12,283.4,2020-06-10 12:00:00,35,982,-4,-4,0,35,1,1
2020154N19269,CRISTOBAL,2020,"Duluth-Superior, MN and WI",2020-06-10 00:00:00,2020-06-10 15:00:00,15,288.8,2020-06-10 09:00:00,35,983,-4,-4,0,35,1,1
2020154N19269,CRISTOBAL,2020,"Galveston, TX",2020-06-07 15:00:00,2020-06-08 18:00:00,27,415.9,2020-06-08 09:00:00,33,992,-1,0,0,45,1,1
2020154N19269,CRISTOBAL,2020,"Greater Lafourche Port, LA",2020-06-06 21:00:00,2020-06-08 21:00:00,48,42.8,2020-06-07 22:00:00,45,990,0,0,0,45,1,1
2020154N19269,CRISTOBAL,2020,"Green Bay, WI",2020-06-09 21:00:00,2020-06-10 15:00:00,18,118.6,2020-06-10 06:00:00,35,983,-4,-1,0,35,1,1
2020154N19269,CRISTOBAL,2020,"Havana Regional Port, IL",2020-06-09 09:00:00,2020-06-10 03:00:00,18,143.3,2020-06-09 18:00:00,30,988,-1,-1,0,33,1,1
2020154N19269,CRISTOBAL,2020,"Heart of Illinois Port, IL",2020-06-09 09:00:00,2020-06-10 06:00:00,21,159.2,2020-06-09 21:00:00,30,987,-1,-1,0,35,1,1
2020154N19269,CRISTOBAL,2020,"Heartland Port Authority, MO",2020-06-09 03:00:00,2020-06-10 00:00:00,21,41.2,2020-06-09 15:00:00,28,990,-1,-1,0,30,1,1
2020154N19269,CRISTOBAL,2020,"Helena-West Helena Port, AR",2020-06-08 03:00:00,2020-06-09 12:00:00,33,117.8,2020-06-09 00:00:00,25,994,-1,0,0,40,1,1
2020154N19269,CRISTOBAL,2020,"Henderson County Riverport, KY",2020-06-09 06:00:00,2020-06-09 18:00:00,12,397.8,2020-06-09 12:00:00,25,991,-1,-1,0,30,1,1
2020154N19269,CRISTOBAL,2020,"Hickman-Fulton County Port, KY",2020-06-08 18:00:00,2020-06-09 18:00:00,24,273.9,2020-06-09 09:00:00,25,992,-1,-1,0,30,1,1
2020154N19269,CRISTOBAL,2020,"Houston Port Authority, TX",2020-06-08 06:00:00,2020-06-08 18:00:00,12,424.5,2020-06-08 12:00:00,30,993,-1,0,0,35,1,1
2020154N19269,CRISTOBAL,2020,"Illinois International Port, IL",2020-06-09 15:00:00,2020-06-10 09:00:00,18,270,2020-06-10 00:00:00,30,986,-4,-1,0,35,1,1
2020154N19269,CRISTOBAL,2020,"Illinois Valley Port, IL",2020-06-09 12:00:00,2020-06-10 06:00:00,18,173.9,2020-06-09 21:00:00,30,987,-1,-1,0,35,1,1
2020154N19269,CRISTOBAL,2020,"Jackson-Union Port District, IL",2020-06-09 00:00:00,2020-06-09 21:00:00,21,246.2,2020-06-09 12:00:00,25,991,-1,-1,0,30,1,1
2020154N19269,CRISTOBAL,2020,"Jefferson County Port, MO",2020-06-09 00:00:00,2020-06-10 00:00:00,24,139.7,2020-06-09 12:00:00,25,991,-1,-1,0,30,1,1
2020154N19269,CRISTOBAL,2020,"Joliet Regional Port, IL",2020-06-09 15:00:00,2020-06-10 06:00:00,15,249.8,2020-06-10 00:00:00,30,986,-4,-1,0,35,1,1
2020154N19269,CRISTOBAL,2020,"Kaskaskia Regional Port, IL",2020-06-09 00:00:00,2020-06-10 00:00:00,24,190.5,2020-06-09 12:00:00,25,991,-1,-1,0,30,1,1
2020154N19269,CRISTOBAL,2020,"Lake Charles Harbor District, LA",2020-06-07 06:00:00,2020-06-09 00:00:00,42,247.5,2020-06-08 09:00:00,33,992,-1,0,0,45,1,1
2020154N19269,CRISTOBAL,2020,"Lake Providence Port, LA",2020-06-07 15:00:00,2020-06-09 09:00:00,42,71.6,2020-06-08 15:00:00,30,994,-1,0,0,45,1,1
2020154N19269,CRISTOBAL,2020,"Marquette, MI",2020-06-10 03:00:00,2020-06-10 18:00:00,15,81.9,2020-06-10 09:00:00,35,983,-4,-4,0,35,1,1
2020154N19269,CRISTOBAL,2020,"Massac-Metropolis Port, IL",2020-06-09 00:00:00,2020-06-09 18:00:00,18,311.2,2020-06-09 12:00:00,25,991,-1,-1,0,30,1,1
2020154N19269,CRISTOBAL,2020,"Memphis-Shelby County Port, TN",2020-06-08 09:00:00,2020-06-09 15:00:00,30,210.3,2020-06-09 03:00:00,25,994,-1,-1,0,33,1,1
2020154N19269,CRISTOBAL,2020,"Mid-America Port, IA, IL and MO",2020-06-09 06:00:00,2020-06-10 03:00:00,21,32.2,2020-06-09 18:00:00,30,988,-1,-1,0,33,1,1
2020154N19269,CRISTOBAL,2020,"Milwaukee, WI",2020-06-09 18:00:00,2020-06-10 12:00:00,18,190.7,2020-06-10 03:00:00,33,985,-4,-1,0,35,1,1
2020154N19269,CRISTOBAL,2020,"Mobile, AL",2020-06-07 06:00:00,2020-06-08 21:00:00,39,197.9,2020-06-08 00:00:00,45,990,0,0,0,45,1,1
2020154N19269,CRISTOBAL,2020,"Mueller Township, MI",2020-06-10 03:00:00,2020-06-10 18:00:00,15,192.2,2020-06-10 09:00:00,35,983,-4,-4,0,35,1,1
2020154N19269,CRISTOBAL,2020,"Muskegon, MI",2020-06-09 21:00:00,2020-06-10 12:00:00,15,312.8,2020-06-10 06:00:00,35,983,-4,-1,0,35,1,1
2020154N19269,CRISTOBAL,2020,"Nashville, TN",2020-06-09 06:00:00,2020-06-09 09:00:00,3,488.8,2020-06-09 06:00:00,25,993,-1,-1,0,25,1,1
2020154N19269,CRISTOBAL,2020,"New Bourbon Port Authority, MO",2020-06-09 00:00:00,2020-06-09 21:00:00,21,184.3,2020-06-09 12:00:00,25,991,-1,-1,0,30,1,1
2020154N19269,CRISTOBAL,2020,"New Madrid County Port, MO",2020-06-08 18:00:00,2020-06-09 18:00:00,24,228.3,2020-06-09 09:00:00,25,992,-1,-1,0,30,1,1
2020154N19269,CRISTOBAL,2020,"New Orleans, LA",2020-06-07 00:00:00,2020-06-08 21:00:00,45,31,2020-06-08 00:00:00,45,990,0,0,0,45,1,1
2020154N19269,CRISTOBAL,2020,"Northern Indiana District, IN",2020-06-09 15:00:00,2020-06-10 06:00:00,15,331.2,2020-06-10 00:00:00,30,986,-4,-1,0,35,1,1
2020154N19269,CRISTOBAL,2020,"Orange County Nav District, TX",2020-06-07 09:00:00,2020-06-09 00:00:00,39,287.8,2020-06-08 12:00:00,30,993,-1,0,0,45,1,1
2020154N19269,CRISTOBAL,2020,"Owensboro Riverport, KY",2020-06-09 09:00:00,2020-06-09 18:00:00,9,438.2,2020-06-09 12:00:00,25,991,-1,-1,0,30,1,1
2020154N19269,CRISTOBAL,2020,"Paducah-McCracken Riverport, KY",2020-06-09 00:00:00,2020-06-09 18:00:00,18,311.3,2020-06-09 09:00:00,25,992,-1,-1,0,30,1,1
2020154N19269,CRISTOBAL,2020,"Panama City Port Authority, FL",2020-06-07 12:00:00,2020-06-08 06:00:00,18,413.7,2020-06-08 00:00:00,45,990,0,0,0,45,1,1
2020154N19269,CRISTOBAL,2020,"Pemiscot County Port, MO",2020-06-08 15:00:00,2020-06-09 18:00:00,27,222,2020-06-09 06:00:00,25,993,-1,-1,0,30,1,1
2020154N19269,CRISTOBAL,2020,"Plaquemines Port District, LA",2020-06-06 21:00:00,2020-06-08 18:00:00,45,32.1,2020-06-07 22:00:00,45,990,0,0,0,45,1,1
2020154N19269,CRISTOBAL,2020,"Port Arthur, TX",2020-06-07 09:00:00,2020-06-08 21:00:00,36,302.5,2020-06-08 09:00:00,33,992,-1,0,0,45,1,1
2020154N19269,CRISTOBAL,2020,"Port Freeport, TX",2020-06-08 06:00:00,2020-06-08 15:00:00,9,475.8,2020-06-08 09:00:00,33,992,-1,0,0,35,1,1
2020154N19269,CRISTOBAL,2020,"Port of Greater Baton Rouge, LA",2020-06-07 03:00:00,2020-06-09 00:00:00,45,69.1,2020-06-08 06:00:00,35,991,0,0,0,45,1,1
2020154N19269,CRISTOBAL,2020,"Port of Greenville, MS",2020-06-07 21:00:00,2020-06-09 09:00:00,36,98.1,2020-06-08 21:00:00,28,994,-1,0,0,45,1,1
2020154N19269,CRISTOBAL,2020,"Port of Gulfport, MS",2020-06-07 03:00:00,2020-06-08 21:00:00,42,105.6,2020-06-08 00:00:00,45,990,0,0,0,45,1,1
2020154N19269,CRISTOBAL,2020,"Port of Iberia District, LA",2020-06-07 00:00:00,2020-06-09 00:00:00,48,149.5,2020-06-08 06:00:00,35,991,0,0,0,45,1,1
2020154N19269,CRISTOBAL,2020,"Port of Pascagoula, MS",2020-06-07 03:00:00,2020-06-08 21:00:00,42,143.3,2020-06-08 00:00:00,45,990,0,0,0,45,1,1
2020154N19269,CRISTOBAL,2020,"Port of Rosedale, MS",2020-06-08 00:00:00,2020-06-09 12:00:00,36,117.6,2020-06-08 21:00:00,28,994,-1,0,0,45,1,1
2020154N19269,CRISTOBAL,2020,"Port of Vicksburg, MS",2020-06-07 12:00:00,2020-06-09 06:00:00,42,89.3,2020-06-08 15:00:00,30,994,-1,0,0,45,1,1
2020154N19269,CRISTOBAL,2020,"Presque Isle Township, MI",2020-06-10 06:00:00,2020-06-10 15:00:00,9,390.8,2020-06-10 12:00:00,35,982,-4,-4,0,35,1,1
2020154N19269,CRISTOBAL,2020,"Rogers City, MI",2020-06-10 06:00:00,2020-06-10 18:00:00,12,359.4,2020-06-10 12:00:00,35,982,-4,-4,0,35,1,1
2020154N19269,CRISTOBAL,2020,"Sabine Pass Port Authority, TX",2020-06-07 09:00:00,2020-06-08 21:00:00,36,328,2020-06-08 09:00:00,33,992,-1,0,0,45,1,1
2020154N19269,CRISTOBAL,2020,"Shawneetown Regional Port, IL",2020-06-09 03:00:00,2020-06-09 21:00:00,18,343.5,2020-06-09 12:00:00,25,991,-1,-1,0,30,1,1
2020154N19269,CRISTOBAL,2020,"Silver Bay, MN",2020-06-10 03:00:00,2020-06-10 15:00:00,12,245.3,2020-06-10 09:00:00,35,983,-4,-4,0,35,1,1
2020154N19269,CRISTOBAL,2020,"South Louisiana, LA, Port of",2020-06-07 00:00:00,2020-06-09 00:00:00,48,42.9,2020-06-08 03:00:00,40,991,0,0,0,45,1,1
2020154N19269,CRISTOBAL,2020,"Southeast Missouri Port, MO",2020-06-08 21:00:00,2020-06-09 21:00:00,24,232.6,2020-06-09 12:00:00,25,991,-1,-1,0,30,1,1
2020154N19269,CRISTOBAL,2020,"Southern Indiana District, IN",2020-06-09 15:00:00,2020-06-09 15:00:00,0,495.8,2020-06-09 15:00:00,28,990,-1,-1,0,28,1,1
2020154N19269,CRISTOBAL,2020,"Southwest Regional Port, IL",2020-06-09 03:00:00,2020-06-10 00:00:00,21,170.9,2020-06-09 15:00:00,28,990,-1,-1,0,30,1,1
2020154N19269,CRISTOBAL,2020,"St. Louis City Port, MO",2020-06-09 03:00:00,2020-06-10 00:00:00,21,162.9,2020-06-09 15:00:00,28,990,-1,-1,0,30,1,1
2020154N19269,CRISTOBAL,2020,"St. Louis County, MO",2020-06-09 03:00:00,2020-06-10 00:00:00,21,144.1,2020-06-09 15:00:00,28,990,-1,-1,0,30,1,1
2020154N19269,CRISTOBAL,2020,"St. Paul Port Authority, MN",2020-06-09 21:00:00,2020-06-10 09:00:00,12,270.7,2020-06-10 03:00:00,33,985,-4,-1,0,35,1,1
2020154N19269,CRISTOBAL,2020,"Terrebonne Parish Port, LA",2020-06-06 21:00:00,2020-06-08 21:00:00,48,100.7,2020-06-07 22:00:00,45,990,0,0,0,45,1,1
2020154N19269,CRISTOBAL,2020,"Texas City, TX",2020-06-07 18:00:00,2020-06-08 18:00:00,24,408.1,2020-06-08 09:00:00,33,992,-1,0,0,45,1,1
2020154N19269,CRISTOBAL,2020,"Tulsa-Rogers County Port, OK",2020-06-08 21:00:00,2020-06-09 15:00:00,18,314.9,2020-06-09 09:00:00,25,992,-1,-1,0,28,1,1
2020154N19269,CRISTOBAL,2020,"Two Harbors, MN",2020-06-10 00:00:00,2020-06-10 15:00:00,15,262.7,2020-06-10 09:00:00,35,983,-4,-4,0,35,1,1
2020154N19269,CRISTOBAL,2020,"West St. Mary Parish Port, LA",2020-06-07 00:00:00,2020-06-08 21:00:00,45,138.1,2020-06-08 06:00:00,35,991,0,0,0,45,1,1
2020154N19269,CRISTOBAL,2020,"Winona Port Authority, MN",2020-06-09 18:00:00,2020-06-10 09:00:00,15,128.8,2020-06-10 03:00:00,33,985,-4,-1,0,35,1,1
2020188N28271,FAY,2020,"Albany Port District, NY",2020-07-10 15:00:00,2020-07-11 18:00:00,27,38.8,2020-07-11 09:00:00,28,1001,-3,0,0,50,1,1
2020188N28271,FAY,2020,"Baltimore, MD",2020-07-09 18:00:00,2020-07-11 12:00:00,42,189.4,2020-07-10 20:00:00,45,999,0,0,0,50,1,1
2020188N28271,FAY,2020,"Boston, MA",2020-07-10 18:00:00,2020-07-11 18:00:00,24,257.1,2020-07-11 09:00:00,28,1001,-3,0,0,50,1,1
2020188N28271,FAY,2020,"Bridgeport, CT",2020-07-10 09:00:00,2020-07-11 18:00:00,33,90.8,2020-07-11 06:00:00,30,1001,-3,0,0,50,1,1
2020188N28271,FAY,2020,"Canaveral Port District, FL",2020-07-06 03:00:00,2020-07-06 18:00:00,15,478.4,2020-07-06 06:00:00,30,1008,-3,-3,0,30,1,1
2020188N28271,FAY,2020,"Chattanooga, TN",2020-07-06 12:00:00,2020-07-08 06:00:00,42,271.8,2020-07-07 09:00:00,20,1014,-3,-3,0,20,1,1
2020188N28271,FAY,2020,"Greater Lafourche Port, LA",2020-07-05 12:00:00,2020-07-06 06:00:00,18,229.4,2020-07-05 12:00:00,20,1012,-3,-3,0,30,1,1
2020188N28271,FAY,2020,"Guntersville, AL",2020-07-06 09:00:00,2020-07-08 03:00:00,42,291.8,2020-07-07 09:00:00,20,1014,-3,-3,0,25,1,1
2020188N28271,FAY,2020,"Jacksonville, FL",2020-07-06 00:00:00,2020-07-08 15:00:00,63,308.7,2020-07-06 18:00:00,20,1013,-3,-3,0,30,1,1
2020188N28271,FAY,2020,"Manatee County Port, FL",2020-07-05 21:00:00,2020-07-06 18:00:00,21,390.5,2020-07-06 03:00:00,30,1008,-3,-3,0,30,1,1
2020188N28271,FAY,2020,"Mobile, AL",2020-07-05 12:00:00,2020-07-07 06:00:00,42,267.5,2020-07-05 21:00:00,28,1009,-3,-3,0,30,1,1
2020188N28271,FAY,2020,"Morehead City, NC",2020-07-08 00:00:00,2020-07-10 15:00:00,63,70.2,2020-07-09 06:00:00,25,1008,-3,0,0,50,1,1
2020188N28271,FAY,2020,"Nashville, TN",2020-07-07 03:00:00,2020-07-07 15:00:00,12,454.6,2020-07-07 09:00:00,20,1014,-3,-3,0,20,1,1
2020188N28271,FAY,2020,"New Haven, CT",2020-07-10 09:00:00,2020-07-11 18:00:00,33,108.5,2020-07-11 06:00:00,30,1001,-3,0,0,50,1,1
2020188N28271,FAY,2020,"New Orleans, LA",2020-07-05 12:00:00,2020-07-06 12:00:00,24,287.9,2020-07-05 12:00:00,20,1012,-3,-3,0,30,1,1
2020188N28271,FAY,2020,"New York, NY & NJ",2020-07-10 03:00:00,2020-07-11 15:00:00,36,24.7,2020-07-11 03:00:00,33,1001,-1,0,0,50,1,1
2020188N28271,FAY,2020,"Panama City Port Authority, FL",2020-07-05 12:00:00,2020-07-07 21:00:00,57,43.7,2020-07-06 06:00:00,30,1008,-3,-3,0,30,1,1
2020188N28271,FAY,2020,"Philadelphia Regional Port, PA",2020-07-09 21:00:00,2020-07-11 15:00:00,42,63.3,2020-07-11 00:00:00,35,1000,0,0,0,50,1,1
2020188N28271,FAY,2020,"Pittsburgh, PA Port of",2020-07-10 18:00:00,2020-07-11 06:00:00,12,469.7,2020-07-11 03:00:00,33,1001,-1,0,0,50,1,1
2020188N28271,FAY,2020,"Plaquemines Port District, LA",2020-07-05 12:00:00,2020-07-06 15:00:00,27,198.5,2020-07-05 12:00:00,20,1012,-3,-3,0,30,1,1
2020188N28271,FAY,2020,"Port Jefferson, NY",2020-07-10 06:00:00,2020-07-11 18:00:00,36,103.1,2020-07-11 03:00:00,33,1001,-1,0,0,50,1,1
2020188N28271,FAY,2020,"Port of Brunswick, GA",2020-07-06 03:00:00,2020-07-08 21:00:00,66,239.6,2020-07-08 00:00:00,20,1013,-3,-3,0,30,1,1
2020188N28271,FAY,2020,"Port of Charleston, SC",2020-07-06 15:00:00,2020-07-09 15:00:00,72,33.3,2020-07-08 09:00:00,20,1012,-3,-3,0,35,1,1
2020188N28271,FAY,2020,"Port of Greater Baton Rouge, LA",2020-07-05 12:00:00,2020-07-05 21:00:00,9,390.5,2020-07-05 12:00:00,20,1012,-3,-3,0,28,0,0
2020188N28271,FAY,2020,"Port of Gulfport, MS",2020-07-05 12:00:00,2020-07-06 21:00:00,33,290.1,2020-07-05 15:00:00,23,1011,-3,-3,0,30,1,1
2020188N28271,FAY,2020,"Port of Iberia District, LA",2020-07-05 12:00:00,2020-07-05 21:00:00,9,368.1,2020-07-05 12:00:00,20,1012,-3,-3,0,28,0,0
2020188N28271,FAY,2020,"Port of Pascagoula, MS",2020-07-05 12:00:00,2020-07-07 03:00:00,39,274.7,2020-07-05 21:00:00,28,1009,-3,-3,0,30,1,1
2020188N28271,FAY,2020,"Port of Providence, RI",2020-07-10 15:00:00,2020-07-11 18:00:00,27,233.3,2020-07-11 09:00:00,28,1001,-3,0,0,50,1,1
2020188N28271,FAY,2020,"Port of Savannah, GA",2020-07-06 06:00:00,2020-07-09 12:00:00,78,133.7,2020-07-08 03:00:00,20,1013,-3,-3,0,30,1,1
2020188N28271,FAY,2020,"Portland, ME",2020-07-11 03:00:00,2020-07-11 18:00:00,15,304.8,2020-07-11 12:00:00,25,1001,-3,-1,0,33,1,1
2020188N28271,FAY,2020,"Portsmouth, NH",2020-07-10 21:00:00,2020-07-11 18:00:00,21,263.4,2020-07-11 12:00:00,25,1001,-3,0,0,43,1,1
2020188N28271,FAY,2020,"Searsport, ME",2020-07-11 09:00:00,2020-07-11 18:00:00,9,395,2020-07-11 15:00:00,23,1000,-3,-3,0,28,1,1
2020188N28271,FAY,2020,"South Jersey Port Corp, NJ",2020-07-09 18:00:00,2020-07-11 12:00:00,42,46.8,2020-07-10 21:00:00,43,999,0,0,0,50,1,1
2020188N28271,FAY,2020,"South Louisiana, LA, Port of",2020-07-05 12:00:00,2020-07-06 06:00:00,18,306.9,2020-07-05 12:00:00,20,1012,-3,-3,0,30,1,1
2020188N28271,FAY,2020,"Tampa Port Authority, FL",2020-07-05 21:00:00,2020-07-06 21:00:00,24,366.9,2020-07-06 03:00:00,30,1008,-3,-3,0,30,1,1
2020188N28271,FAY,2020,"Terrebonne Parish Port, LA",2020-07-05 12:00:00,2020-07-06 03:00:00,15,269.8,2020-07-05 12:00:00,20,1012,-3,-3,0,30,1,0
2020188N28271,FAY,2020,"Virginia, VA, Port of",2020-07-08 12:00:00,2020-07-11 03:00:00,63,136.4,2020-07-10 06:00:00,45,1004,0,0,0,50,1,1
2020188N28271,FAY,2020,"West St. Mary Parish Port, LA",2020-07-05 12:00:00,2020-07-05 21:00:00,9,348.4,2020-07-05 12:00:00,20,1012,-3,-3,0,28,0,0
2020188N28271,FAY,2020,"Wilmington, DE",2020-07-09 18:00:00,2020-07-11 12:00:00,42,97.7,2020-07-10 21:00:00,43,999,0,0,0,50,1,1
2020188N28271,FAY,2020,"Wilmington, NC",2020-07-07 15:00:00,2020-07-10 12:00:00,69,56.7,2020-07-08 18:00:00,25,1010,-3,0,0,50,1,1
2020205N26272,HANNA,2020,"Beaumont, TX",2020-07-24 03:00:00,2020-07-25 23:15:00,44.25,317.6,2020-07-24 21:00:00,53,995,0,1,1,80,1,1
2020205N26272,HANNA,2020,"Brownsville, TX",2020-07-24 12:00:00,2020-07-26 18:00:00,54,75.7,2020-07-25 23:15:00,80,974,1,1,1,80,1,1
2020205N26272,HANNA,2020,"Calhoun Port Authority, TX",2020-07-24 09:00:00,2020-07-26 18:00:00,57,174.8,2020-07-25 12:00:00,70,981,1,1,1,80,1,1
2020205N26272,HANNA,2020,"Central Louisiana Regional, LA",2020-07-24 09:00:00,2020-07-25 00:00:00,15,450.9,2020-07-24 15:00:00,48,999,0,0,1,55,0,0
2020205N26272,HANNA,2020,"Corpus Christi, TX",2020-07-24 12:00:00,2020-07-26 18:00:00,54,117.5,2020-07-25 22:00:00,80,973,1,1,1,80,1,1
2020205N26272,HANNA,2020,"Galveston, TX",2020-07-24 03:00:00,2020-07-26 06:00:00,51,238.4,2020-07-25 03:00:00,58,991,0,1,1,80,1,1
2020205N26272,HANNA,2020,"Greater Lafourche Port, LA",2020-07-23 00:00:00,2020-07-25 00:00:00,48,343.3,2020-07-24 09:00:00,43,1001,0,0,1,55,0,0
2020205N26272,HANNA,2020,"Houston Port Authority, TX",2020-07-24 06:00:00,2020-07-26 06:00:00,48,306.8,2020-07-25 06:00:00,60,988,0,1,1,80,1,1
2020205N26272,HANNA,2020,"Lake Charles Harbor District, LA",2020-07-23 21:00:00,2020-07-25 18:00:00,45,304.8,2020-07-24 15:00:00,48,999,0,1,1,80,0,0
2020205N26272,HANNA,2020,"New Orleans, LA",2020-07-23 03:00:00,2020-07-24 18:00:00,39,422,2020-07-24 09:00:00,43,1001,0,0,1,50,0,0
2020205N26272,HANNA,2020,"Orange County Nav District, TX",2020-07-24 03:00:00,2020-07-25 22:00:00,43,325.9,2020-07-24 18:00:00,50,997,0,1,1,80,1,0
2020205N26272,HANNA,2020,"Plaquemines Port District, LA",2020-07-23 00:00:00,2020-07-24 18:00:00,42,384,2020-07-23 21:00:00,33,1004,-1,0,1,50,0,0
2020205N26272,HANNA,2020,"Port Arthur, TX",2020-07-24 00:00:00,2020-07-25 23:15:00,47.25,300.4,2020-07-24 21:00:00,53,995,0,1,1,80,1,1
2020205N26272,HANNA,2020,"Port Freeport, TX",2020-07-24 03:00:00,2020-07-26 12:00:00,57,226.7,2020-07-25 09:00:00,65,985,1,1,1,80,1,1
2020205N26272,HANNA,2020,"Port of Greater Baton Rouge, LA",2020-07-23 21:00:00,2020-07-25 00:00:00,27,400.2,2020-07-24 12:00:00,45,1000,0,0,1,55,0,0
2020205N26272,HANNA,2020,"Port of Harlingen Authority, TX",2020-07-24 12:00:00,2020-07-26 18:00:00,54,47.1,2020-07-25 23:15:00,80,974,1,1,1,80,1,1
2020205N26272,HANNA,2020,"Port of Iberia District, LA",2020-07-23 09:00:00,2020-07-25 09:00:00,48,308.6,2020-07-24 12:00:00,45,1000,0,1,1,65,0,0
2020205N26272,HANNA,2020,"Sabine Pass Port Authority, TX",2020-07-24 00:00:00,2020-07-26 00:00:00,48,279,2020-07-24 21:00:00,53,995,0,1,1,80,1,1
2020205N26272,HANNA,2020,"South Louisiana, LA, Port of",2020-07-23 06:00:00,2020-07-24 21:00:00,39,393.2,2020-07-24 09:00:00,43,1001,0,0,1,53,0,0
2020205N26272,HANNA,2020,"Terrebonne Parish Port, LA",2020-07-23 00:00:00,2020-07-25 03:00:00,51,311.4,2020-07-24 09:00:00,43,1001,0,0,1,58,0,0
2020205N26272,HANNA,2020,"Texas City, TX",2020-07-24 03:00:00,2020-07-26 06:00:00,51,261.1,2020-07-25 03:00:00,58,991,0,1,1,80,1,1
2020205N26272,HANNA,2020,"Victoria, TX",2020-07-24 09:00:00,2020-07-26 18:00:00,57,207.5,2020-07-25 15:00:00,75,977,1,1,1,80,1,1
2020205N26272,HANNA,2020,"West St. Mary Parish Port, LA",2020-07-23 09:00:00,2020-07-25 09:00:00,48,311.4,2020-07-24 12:00:00,45,1000,0,1,1,65,0,0
2020211N13306,ISAIAS,2020,"Albany Port District, NY",2020-08-04 15:00:00,2020-08-05 06:00:00,15,31.2,2020-08-04 21:00:00,50,996,0,0,1,58,1,1
2020211N13306,ISAIAS,2020,"Baltimore, MD",2020-08-04 09:00:00,2020-08-04 21:00:00,12,53.1,2020-08-04 15:00:00,58,994,0,0,1,60,1,1
2020211N13306,ISAIAS,2020,"Boston, MA",2020-08-04 18:00:00,2020-08-05 06:00:00,12,253.2,2020-08-05 00:00:00,45,998,-4,0,1,55,1,1
2020211N13306,ISAIAS,2020,"Bridgeport, CT",2020-08-04 12:00:00,2020-08-05 03:00:00,15,162.9,2020-08-04 18:00:00,55,994,0,0,1,60,1,1
2020211N13306,ISAIAS,2020,"Canaveral Port District, FL",2020-08-01 18:00:00,2020-08-04 00:00:00,54,90.9,2020-08-03 03:00:00,60,995,0,1,1,80,1,1
2020211N13306,ISAIAS,2020,"Conneaut, OH",2020-08-04 15:00:00,2020-08-04 18:00:00,3,470,2020-08-04 18:00:00,55,994,0,0,1,58,1,1
2020211N13306,ISAIAS,2020,"Guayama, PR",2020-07-29 15:00:00,2020-07-30 21:00:00,30,181.1,2020-07-30 06:00:00,50,1003,0,0,1,63,1,1
2020211N13306,ISAIAS,2020,"Guaynabo, PR",2020-07-29 15:00:00,2020-07-30 21:00:00,30,216,2020-07-30 06:00:00,50,1003,0,0,1,63,1,1
2020211N13306,ISAIAS,2020,"Jacksonville, FL",2020-08-02 12:00:00,2020-08-04 03:10:00,39.1667,161.7,2020-08-03 12:00:00,60,995,0,1,1,80,1,1
2020211N13306,ISAIAS,2020,"Manatee County Port, FL",2020-08-01 21:00:00,2020-08-03 18:00:00,45,272.3,2020-08-02 18:00:00,60,995,0,1,1,65,0,0
2020211N13306,ISAIAS,2020,"Morehead City, NC",2020-08-03 18:00:00,2020-08-04 12:00:00,18,128,2020-08-04 06:00:00,60,992,0,1,1,80,1,1
2020211N13306,ISAIAS,2020,"New Haven, CT",2020-08-04 15:00:00,2020-08-05 03:00:00,12,164.2,2020-08-04 21:00:00,50,996,0,0,1,58,1,1
2020211N13306,ISAIAS,2020,"New York, NY & NJ",2020-08-04 12:00:00,2020-08-05 00:00:00,12,92.2,2020-08-04 18:00:00,55,994,0,0,1,60,1,1
2020211N13306,ISAIAS,2020,"Philadelphia Regional Port, PA",2020-08-04 09:00:00,2020-08-05 00:00:00,15,95.7,2020-08-04 18:00:00,55,994,0,0,1,60,1,1
2020211N13306,ISAIAS,2020,"Pittsburgh, PA Port of",2020-08-04 12:00:00,2020-08-04 18:00:00,6,354.4,2020-08-04 15:00:00,58,994,0,0,1,60,1,1
2020211N13306,ISAIAS,2020,"Port Everglades, FL",2020-08-01 06:00:00,2020-08-03 15:00:00,57,105.5,2020-08-02 09:00:00,55,996,0,1,1,75,1,1
2020211N13306,ISAIAS,2020,"Port Jefferson, NY",2020-08-04 12:00:00,2020-08-05 03:00:00,15,168.8,2020-08-04 18:00:00,55,994,0,0,1,60,1,1
2020211N13306,ISAIAS,2020,"Port of Brunswick, GA",2020-08-02 15:00:00,2020-08-04 03:10:00,36.1667,163.4,2020-08-03 15:00:00,63,993,0,1,1,80,1,1
2020211N13306,ISAIAS,2020,"Port of Charleston, SC",2020-08-03 03:00:00,2020-08-04 09:00:00,30,90.8,2020-08-04 00:00:00,80,986,1,1,1,80,1,1
2020211N13306,ISAIAS,2020,"Port of Palm Beach District, FL",2020-08-01 09:00:00,2020-08-03 15:00:00,54,95,2020-08-02 15:00:00,58,995,0,1,1,73,1,1
2020211N13306,ISAIAS,2020,"Port of Providence, RI",2020-08-04 15:00:00,2020-08-05 03:00:00,12,236.5,2020-08-04 21:00:00,50,996,0,0,1,58,1,1
2020211N13306,ISAIAS,2020,"Port of Savannah, GA",2020-08-02 21:00:00,2020-08-04 06:00:00,33,154.6,2020-08-03 21:00:00,73,989,1,1,1,80,1,1
2020211N13306,ISAIAS,2020,"PortMiami, FL",2020-08-01 03:00:00,2020-08-03 09:00:00,54,128,2020-08-02 09:00:00,55,996,0,1,1,75,1,1
2020211N13306,ISAIAS,2020,"Portland, ME",2020-08-04 21:00:00,2020-08-05 06:00:00,9,233.2,2020-08-05 00:00:00,45,998,-4,0,1,50,1,1
2020211N13306,ISAIAS,2020,"Portsmouth, NH",2020-08-04 18:00:00,2020-08-05 06:00:00,12,214.2,2020-08-05 00:00:00,45,998,-4,0,1,55,1,1
2020211N13306,ISAIAS,2020,"San Juan, PR",2020-07-29 15:00:00,2020-07-30 21:00:00,30,226,2020-07-30 06:00:00,50,1003,0,0,1,63,1,1
2020211N13306,ISAIAS,2020,"Searsport, ME",2020-08-04 21:00:00,2020-08-05 06:00:00,9,292.3,2020-08-05 03:00:00,40,999,-4,0,1,50,1,1
2020211N13306,ISAIAS,2020,"South Jersey Port Corp, NJ",2020-08-04 09:00:00,2020-08-04 21:00:00,12,96.1,2020-08-04 15:00:00,58,994,0,0,1,60,1,1
2020211N13306,ISAIAS,2020,"Tampa Port Authority, FL",2020-08-01 21:00:00,2020-08-03 18:00:00,45,261.1,2020-08-03 03:00:00,60,995,0,1,1,65,0,0
2020211N13306,ISAIAS,2020,"Virgin Islands - St. Croix, VI",2020-07-29 09:00:00,2020-07-30 16:15:00,31.25,237.9,2020-07-30 00:00:00,45,1004,0,0,1,55,1,0
2020211N13306,ISAIAS,2020,"Virginia, VA, Port of",2020-08-04 03:00:00,2020-08-04 18:00:00,15,99.1,2020-08-04 12:00:00,60,993,0,1,1,80,1,1
2020211N13306,ISAIAS,2020,"Wilmington, DE",2020-08-04 09:00:00,2020-08-04 21:00:00,12,63.1,2020-08-04 15:00:00,58,994,0,0,1,60,1,1
2020211N13306,ISAIAS,2020,"Wilmington, NC",2020-08-03 12:00:00,2020-08-04 12:00:00,24,66.2,2020-08-04 03:10:00,80,986,1,1,1,80,1,1
2020224N11326,JOSEPHINE,2020,"Guayama, PR",2020-08-16 00:00:00,2020-08-16 12:00:00,12,301.4,2020-08-16 12:00:00,30,1010,-1,0,0,35,0,0
2020224N11326,JOSEPHINE,2020,"Guaynabo, PR",2020-08-16 00:00:00,2020-08-16 12:00:00,12,267,2020-08-16 12:00:00,30,1010,-1,0,0,35,0,0
2020224N11326,JOSEPHINE,2020,"San Juan, PR",2020-08-16 00:00:00,2020-08-16 12:00:00,12,257.2,2020-08-16 12:00:00,30,1010,-1,0,0,35,0,0
2020224N11326,JOSEPHINE,2020,"Virgin Islands - St. Croix, VI",2020-08-15 15:00:00,2020-08-16 12:00:00,21,274.4,2020-08-16 09:00:00,30,1010,-1,0,0,35,0,0
2020228N37286,KYLE,2020,"Baltimore, MD",2020-08-14 12:00:00,2020-08-14 21:00:00,9,375.8,2020-08-14 12:00:00,35,1008,0,0,0,38,0,0
2020228N37286,KYLE,2020,"Boston, MA",2020-08-15 00:00:00,2020-08-15 09:00:00,9,465.2,2020-08-15 06:00:00,45,1003,0,0,0,45,0,0
2020228N37286,KYLE,2020,"Bridgeport, CT",2020-08-14 15:00:00,2020-08-15 06:00:00,15,401.2,2020-08-15 00:00:00,40,1005,0,0,0,45,0,0
2020228N37286,KYLE,2020,"Morehead City, NC",2020-08-14 12:00:00,2020-08-14 18:00:00,6,309.5,2020-08-14 12:00:00,35,1008,0,0,0,35,0,0
2020228N37286,KYLE,2020,"New Haven, CT",2020-08-14 15:00:00,2020-08-15 06:00:00,15,403.3,2020-08-15 00:00:00,40,1005,0,0,0,45,0,0
2020228N37286,KYLE,2020,"New York, NY & NJ",2020-08-14 12:00:00,2020-08-15 06:00:00,18,385.5,2020-08-14 21:00:00,38,1006,0,0,0,45,0,0
2020228N37286,KYLE,2020,"Philadelphia Regional Port, PA",2020-08-14 12:00:00,2020-08-15 03:00:00,15,360.8,2020-08-14 18:00:00,35,1007,0,0,0,43,0,0
2020228N37286,KYLE,2020,"Port Jefferson, NY",2020-08-14 12:00:00,2020-08-15 06:00:00,18,375.2,2020-08-15 00:00:00,40,1005,0,0,0,45,0,0
2020228N37286,KYLE,2020,"Port of Providence, RI",2020-08-14 18:00:00,2020-08-15 09:00:00,15,415,2020-08-15 03:00:00,43,1004,0,0,0,45,0,0
2020228N37286,KYLE,2020,"South Jersey Port Corp, NJ",2020-08-14 12:00:00,2020-08-15 03:00:00,15,317.9,2020-08-14 18:00:00,35,1007,0,0,0,43,0,0
2020228N37286,KYLE,2020,"Virginia, VA, Port of",2020-08-14 12:00:00,2020-08-15 00:00:00,12,192.4,2020-08-14 12:00:00,35,1008,0,0,0,40,0,0
2020228N37286,KYLE,2020,"Wilmington, DE",2020-08-14 12:00:00,2020-08-15 03:00:00,15,356.2,2020-08-14 15:00:00,35,1008,0,0,0,43,0,0
2020228N37286,KYLE,2020,"Wilmington, NC",2020-08-14 12:00:00,2020-08-14 12:00:00,0,426.9,2020-08-14 12:00:00,35,1008,0,0,0,35,0,0
2020233N14313,LAURA,2020,"Alexandria-Cairo Port, IL",2020-08-28 00:00:00,2020-08-29 06:00:00,30,24.2,2020-08-28 21:00:00,25,1004,-1,0,4,35,1,1
2020233N14313,LAURA,2020,"America's Central Port, IL",2020-08-28 03:00:00,2020-08-29 06:00:00,27,195.1,2020-08-28 21:00:00,25,1004,-1,-1,4,30,1,1
2020233N14313,LAURA,2020,"Beaumont, TX",2020-08-26 12:00:00,2020-08-27 21:00:00,33,85.6,2020-08-27 06:00:00,130,939,4,4,4,130,1,1
2020233N14313,LAURA,2020,"Calhoun Port Authority, TX",2020-08-26 15:00:00,2020-08-27 12:00:00,21,331.1,2020-08-27 03:00:00,130,938,4,4,4,130,1,1
2020233N14313,LAURA,2020,"Central Louisiana Regional, LA",2020-08-26 15:00:00,2020-08-28 06:00:00,39,72.9,2020-08-27 12:00:00,85,970,2,4,4,130,1,1
2020233N14313,LAURA,2020,"Chattanooga, TN",2020-08-28 18:00:00,2020-08-29 06:00:00,12,334.1,2020-08-29 03:00:00,23,1004,-1,-1,4,25,1,1
2020233N14313,LAURA,2020,"Cincinnati, OH",2020-08-28 21:00:00,2020-08-29 06:00:00,9,97.2,2020-08-29 06:00:00,20,1004,-3,-1,4,25,1,1
2020233N14313,LAURA,2020,"Cleveland-Cuyahoga Port, OH",2020-08-29 06:00:00,2020-08-29 06:00:00,0,455.3,2020-08-29 06:00:00,20,1004,-3,-3,4,20,0,1
2020233N14313,LAURA,2020,"Corpus Christi, TX",2020-08-26 18:00:00,2020-08-27 09:00:00,15,444.6,2020-08-27 03:00:00,130,938,4,4,4,130,1,1
2020233N14313,LAURA,2020,"Detroit-Wayne County Port, MI",2020-08-29 06:00:00,2020-08-29 06:00:00,0,461.9,2020-08-29 06:00:00,20,1004,-3,-3,4,20,0,1
2020233N14313,LAURA,2020,"Galveston, TX",2020-08-26 12:00:00,2020-08-27 18:00:00,30,161.7,2020-08-27 03:00:00,130,938,4,4,4,130,1,1
2020233N14313,LAURA,2020,"Greater Lafourche Port, LA",2020-08-26 03:00:00,2020-08-27 18:00:00,39,284.1,2020-08-27 00:00:00,130,937,4,4,4,130,1,1
2020233N14313,LAURA,2020,"Guayama, PR",2020-08-21 20:30:00,2020-08-23 06:00:00,33.5,39.4,2020-08-22 12:00:00,45,1006,0,0,4,45,1,1
2020233N14313,LAURA,2020,"Guaynabo, PR",2020-08-21 20:30:00,2020-08-23 06:00:00,33.5,75.1,2020-08-22 12:00:00,45,1006,0,0,4,45,1,1
2020233N14313,LAURA,2020,"Guntersville, AL",2020-08-28 12:00:00,2020-08-29 06:00:00,18,381.8,2020-08-29 00:00:00,25,1004,-1,-1,4,25,1,1
2020233N14313,LAURA,2020,"Havana Regional Port, IL",2020-08-28 12:00:00,2020-08-29 06:00:00,18,340.4,2020-08-28 21:00:00,25,1004,-1,-1,4,25,1,1
2020233N14313,LAURA,2020,"Heart of Illinois Port, IL",2020-08-28 15:00:00,2020-08-29 06:00:00,15,371.6,2020-08-28 21:00:00,25,1004,-1,-1,4,25,1,1
2020233N14313,LAURA,2020,"Heartland Port Authority, MO",2020-08-28 00:00:00,2020-08-29 03:00:00,27,262.8,2020-08-28 18:00:00,25,1003,-1,0,4,35,1,1
2020233N14313,LAURA,2020,"Helena-West Helena Port, AR",2020-08-27 09:00:00,2020-08-29 00:00:00,39,147.1,2020-08-28 03:00:00,30,996,-1,3,4,108,1,1
2020233N14313,LAURA,2020,"Henderson County Riverport, KY",2020-08-28 06:00:00,2020-08-29 06:00:00,24,49.9,2020-08-29 00:00:00,25,1004,-1,-1,4,25,1,1
2020233N14313,LAURA,2020,"Hickman-Fulton County Port, KY",2020-08-27 21:00:00,2020-08-29 06:00:00,33,82.8,2020-08-28 21:00:00,25,1004,-1,0,4,45,1,1
2020233N14313,LAURA,2020,"Houston Port Authority, TX",2020-08-26 15:00:00,2020-08-27 21:00:00,30,201.9,2020-08-27 06:00:00,130,939,4,4,4,130,1,1
2020233N14313,LAURA,2020,"Illinois International Port, IL",2020-08-29 00:00:00,2020-08-29 06:00:00,6,449.5,2020-08-29 03:00:00,23,1004,-1,-1,4,25,1,1
2020233N14313,LAURA,2020,"Illinois Valley Port, IL",2020-08-28 18:00:00,2020-08-29 03:00:00,9,433.1,2020-08-29 00:00:00,25,1004,-1,-1,4,25,1,1
2020233N14313,LAURA,2020,"Jackson-Union Port District, IL",2020-08-28 00:00:00,2020-08-29 06:00:00,30,44.6,2020-08-28 21:00:00,25,1004,-1,0,4,35,1,1
2020233N14313,LAURA,2020,"Jefferson County Port, MO",2020-08-28 00:00:00,2020-08-29 03:00:00,27,148,2020-08-28 18:00:00,25,1003,-1,0,4,35,1,1
2020233N14313,LAURA,2020,"Joliet Regional Port, IL",2020-08-28 21:00:00,2020-08-29 06:00:00,9,428.5,2020-08-29 03:00:00,23,1004,-1,-1,4,25,1,1
2020233N14313,LAURA,2020,"Kaskaskia Regional Port, IL",2020-08-28 00:00:00,2020-08-29 06:00:00,30,125.9,2020-08-28 21:00:00,25,1004,-1,0,4,35,1,1
2020233N14313,LAURA,2020,"Lake Charles Harbor District, LA",2020-08-26 12:00:00,2020-08-27 21:00:00,33,15.7,2020-08-27 06:00:00,130,939,4,4,4,130,1,1
2020233N14313,LAURA,2020,"Lake Providence Port, LA",2020-08-27 03:00:00,2020-08-28 18:00:00,39,155.9,2020-08-27 18:00:00,55,988,0,4,4,130,1,1
2020233N14313,LAURA,2020,"Louisville-Jefferson Port, KY",2020-08-28 15:00:00,2020-08-29 06:00:00,15,76.1,2020-08-29 06:00:00,20,1004,-3,-1,4,25,1,1
2020233N14313,LAURA,2020,"Marblehead, OH",2020-08-29 06:00:00,2020-08-29 06:00:00,0,399.7,2020-08-29 06:00:00,20,1004,-3,-3,4,20,0,1
2020233N14313,LAURA,2020,"Massac-Metropolis Port, IL",2020-08-28 00:00:00,2020-08-29 06:00:00,30,35.9,2020-08-28 21:00:00,25,1004,-1,0,4,35,1,1
2020233N14313,LAURA,2020,"Memphis-Shelby County Port, TN",2020-08-27 15:00:00,2020-08-29 03:00:00,36,153.6,2020-08-28 12:00:00,25,1000,-1,1,4,70,1,1
2020233N14313,LAURA,2020,"Mid-America Port, IA, IL and MO",2020-08-28 09:00:00,2020-08-29 03:00:00,18,377.9,2020-08-28 18:00:00,25,1003,-1,-1,4,25,1,1
2020233N14313,LAURA,2020,"Mobile, AL",2020-08-27 12:00:00,2020-08-27 15:00:00,3,497.3,2020-08-27 15:00:00,70,979,1,2,4,85,1,1
2020233N14313,LAURA,2020,"Monroe, MI",2020-08-29 06:00:00,2020-08-29 06:00:00,0,417.7,2020-08-29 06:00:00,20,1004,-3,-3,4,20,0,1
2020233N14313,LAURA,2020,"Nashville, TN",2020-08-28 06:00:00,2020-08-29 06:00:00,24,183.4,2020-08-29 00:00:00,25,1004,-1,-1,4,25,1,1
2020233N14313,LAURA,2020,"New Bourbon Port Authority, MO",2020-08-28 00:00:00,2020-08-29 06:00:00,30,89.3,2020-08-28 18:00:00,25,1003,-1,0,4,35,1,1
2020233N14313,LAURA,2020,"New Madrid County Port, MO",2020-08-27 21:00:00,2020-08-29 06:00:00,33,54.7,2020-08-28 18:00:00,25,1003,-1,0,4,45,1,1
2020233N14313,LAURA,2020,"New Orleans, LA",2020-08-26 06:00:00,2020-08-27 21:00:00,39,318.3,2020-08-27 06:00:00,130,939,4,4,4,130,1,1
2020233N14313,LAURA,2020,"Northern Indiana District, IN",2020-08-28 21:00:00,2020-08-29 06:00:00,9,404.4,2020-08-29 03:00:00,23,1004,-1,-1,4,25,1,1
2020233N14313,LAURA,2020,"Orange County Nav District, TX",2020-08-26 12:00:00,2020-08-28 00:00:00,36,63.2,2020-08-27 09:00:00,108,955,3,4,4,130,1,1
2020233N14313,LAURA,2020,"Owensboro Riverport, KY",2020-08-28 09:00:00,2020-08-29 06:00:00,21,56.5,2020-08-29 03:00:00,23,1004,-1,-1,4,25,1,1
2020233N14313,LAURA,2020,"Paducah-McCracken Riverport, KY",2020-08-28 00:00:00,2020-08-29 06:00:00,30,44.1,2020-08-28 21:00:00,25,1004,-1,0,4,35,1,1
2020233N14313,LAURA,2020,"Pemiscot County Port, MO",2020-08-27 18:00:00,2020-08-29 06:00:00,36,89.7,2020-08-28 18:00:00,25,1003,-1,0,4,55,1,1
2020233N14313,LAURA,2020,"Pittsburgh, PA Port of",2020-08-29 06:00:00,2020-08-29 06:00:00,0,489.9,2020-08-29 06:00:00,20,1004,-3,-3,4,20,0,1
2020233N14313,LAURA,2020,"Plaquemines Port District, LA",2020-08-26 03:00:00,2020-08-27 15:00:00,36,356,2020-08-27 00:00:00,130,937,4,4,4,130,1,1
2020233N14313,LAURA,2020,"Port Arthur, TX",2020-08-26 12:00:00,2020-08-27 21:00:00,33,61.9,2020-08-27 06:00:00,130,939,4,4,4,130,1,1
2020233N14313,LAURA,2020,"Port Freeport, TX",2020-08-26 15:00:00,2020-08-27 18:00:00,27,223.1,2020-08-27 03:00:00,130,938,4,4,4,130,1,1
2020233N14313,LAURA,2020,"Port of Greater Baton Rouge, LA",2020-08-26 09:00:00,2020-08-28 00:00:00,39,201.3,2020-08-27 09:00:00,108,955,3,4,4,130,1,1
2020233N14313,LAURA,2020,"Port of Greenville, MS",2020-08-27 06:00:00,2020-08-28 21:00:00,39,154.7,2020-08-27 21:00:00,45,991,0,4,4,130,1,1
2020233N14313,LAURA,2020,"Port of Gulfport, MS",2020-08-26 15:00:00,2020-08-27 21:00:00,30,412.8,2020-08-27 06:00:00,130,939,4,4,4,130,1,1
2020233N14313,LAURA,2020,"Port of Iberia District, LA",2020-08-26 06:00:00,2020-08-27 21:00:00,39,146.6,2020-08-27 06:00:00,130,939,4,4,4,130,1,1
2020233N14313,LAURA,2020,"Port of Pascagoula, MS",2020-08-26 21:00:00,2020-08-27 18:00:00,21,454,2020-08-27 12:00:00,85,970,2,4,4,130,1,1
2020233N14313,LAURA,2020,"Port of Rosedale, MS",2020-08-27 06:00:00,2020-08-29 00:00:00,42,163.6,2020-08-28 00:00:00,35,993,0,4,4,130,1,1
2020233N14313,LAURA,2020,"Port of Vicksburg, MS",2020-08-27 00:00:00,2020-08-28 15:00:00,39,198.1,2020-08-27 18:00:00,55,988,0,4,4,130,1,1
2020233N14313,LAURA,2020,"PortMiami, FL",2020-08-24 18:00:00,2020-08-25 03:00:00,9,455.6,2020-08-24 21:00:00,53,1000,0,0,4,58,1,1
2020233N14313,LAURA,2020,"Sabine Pass Port Authority, TX",2020-08-26 12:00:00,2020-08-27 21:00:00,33,79.5,2020-08-27 06:00:00,130,939,4,4,4,130,1,1
2020233N14313,LAURA,2020,"San Juan, PR",2020-08-21 20:30:00,2020-08-23 06:00:00,33.5,82.3,2020-08-22 12:00:00,45,1006,0,0,4,45,1,1
2020233N14313,LAURA,2020,"Sandusky, OH",2020-08-29 06:00:00,2020-08-29 06:00:00,0,393.5,2020-08-29 06:00:00,20,1004,-3,-3,4,20,0,1
2020233N14313,LAURA,2020,"Shawneetown Regional Port, IL",2020-08-28 03:00:00,2020-08-29 06:00:00,27,28,2020-08-29 00:00:00,25,1004,-1,-1,4,30,1,1
2020233N14313,LAURA,2020,"South Louisiana, LA, Port of",2020-08-26 06:00:00,2020-08-27 21:00:00,39,270.2,2020-08-27 06:00:00,130,939,4,4,4,130,1,1
2020233N14313,LAURA,2020,"Southeast Missouri Port, MO",2020-08-27 21:00:00,2020-08-29 06:00:00,33,42.3,2020-08-28 18:00:00,25,1003,-1,0,4,45,1,1
2020233N14313,LAURA,2020,"Southern Indiana District, IN",2020-08-28 12:00:00,2020-08-29 06:00:00,18,50.8,2020-08-29 03:00:00,23,1004,-1,-1,4,25,1,1
2020233N14313,LAURA,2020,"Southwest Regional Port, IL",2020-08-28 03:00:00,2020-08-29 06:00:00,27,168.4,2020-08-28 21:00:00,25,1004,-1,-1,4,30,1,1
2020233N14313,LAURA,2020,"St. Louis City Port, MO",2020-08-28 03:00:00,2020-08-29 06:00:00,27,179.2,2020-08-28 21:00:00,25,1004,-1,-1,4,30,1,1
2020233N14313,LAURA,2020,"St. Louis County, MO",2020-08-28 03:00:00,2020-08-29 06:00:00,27,186.6,2020-08-28 18:00:00,25,1003,-1,-1,4,30,1,1
2020233N14313,LAURA,2020,"Terrebonne Parish Port, LA",2020-08-26 03:00:00,2020-08-27 18:00:00,39,230.1,2020-08-27 00:00:00,130,937,4,4,4,130,1,1
2020233N14313,LAURA,2020,"Texas City, TX",2020-08-26 12:00:00,2020-08-27 18:00:00,30,159,2020-08-27 06:00:00,130,939,4,4,4,130,1,1
2020233N14313,LAURA,2020,"Toledo-Lucas County Port, OH",2020-08-29 03:00:00,2020-08-29 06:00:00,3,393.1,2020-08-29 06:00:00,20,1004,-3,-1,4,23,1,1
2020233N14313,LAURA,2020,"Tulsa-Rogers County Port, OK",2020-08-27 18:00:00,2020-08-28 15:00:00,21,338.1,2020-08-28 03:00:00,30,996,-1,0,4,55,1,1
2020233N14313,LAURA,2020,"Victoria, TX",2020-08-26 18:00:00,2020-08-27 12:00:00,18,368.5,2020-08-27 03:00:00,130,938,4,4,4,130,1,1
2020233N14313,LAURA,2020,"Virgin Islands - St. Croix, VI",2020-08-21 15:00:00,2020-08-23 00:00:00,33,50.2,2020-08-22 09:00:00,43,1007,0,0,4,45,1,1
2020233N14313,LAURA,2020,"West St. Mary Parish Port, LA",2020-08-26 06:00:00,2020-08-27 21:00:00,39,167.8,2020-08-27 06:00:00,130,939,4,4,4,130,1,1
2020234N14280,MARCO,2020,"Beaumont, TX",2020-08-25 00:00:00,2020-08-25 18:00:00,18,207.1,2020-08-25 18:00:00,20,1009,-3,0,1,35,1,0
2020234N14280,MARCO,2020,"Calhoun Port Authority, TX",2020-08-25 15:00:00,2020-08-25 18:00:00,3,417.8,2020-08-25 18:00:00,20,1009,-3,-3,1,20,0,0
2020234N14280,MARCO,2020,"Central Louisiana Regional, LA",2020-08-24 18:00:00,2020-08-25 18:00:00,24,234.5,2020-08-25 18:00:00,20,1009,-3,0,1,40,1,0
2020234N14280,MARCO,2020,"Galveston, TX",2020-08-25 03:00:00,2020-08-25 18:00:00,15,248.8,2020-08-25 18:00:00,20,1009,-3,-1,1,30,0,0
2020234N14280,MARCO,2020,"Greater Lafourche Port, LA",2020-08-23 21:00:00,2020-08-25 18:00:00,45,67.5,2020-08-25 03:00:00,30,1007,-1,0,1,60,1,0
2020234N14280,MARCO,2020,"Houston Port Authority, TX",2020-08-25 06:00:00,2020-08-25 18:00:00,12,311,2020-08-25 18:00:00,20,1009,-3,-3,1,25,0,0
2020234N14280,MARCO,2020,"Lake Charles Harbor District, LA",2020-08-24 18:00:00,2020-08-25 18:00:00,24,135,2020-08-25 18:00:00,20,1009,-3,0,1,40,1,0
2020234N14280,MARCO,2020,"Lake Providence Port, LA",2020-08-24 21:00:00,2020-08-25 18:00:00,21,416.5,2020-08-25 18:00:00,20,1009,-3,0,1,38,1,0
2020234N14280,MARCO,2020,"Mobile, AL",2020-08-24 00:00:00,2020-08-25 18:00:00,42,211.1,2020-08-24 21:00:00,38,1007,0,0,1,55,1,0
2020234N14280,MARCO,2020,"New Orleans, LA",2020-08-24 00:00:00,2020-08-25 18:00:00,42,140.7,2020-08-25 03:00:00,30,1007,-1,0,1,55,1,0
2020234N14280,MARCO,2020,"Orange County Nav District, TX",2020-08-25 00:00:00,2020-08-25 18:00:00,18,191.8,2020-08-25 18:00:00,20,1009,-3,0,1,35,1,0
2020234N14280,MARCO,2020,"Panama City Port Authority, FL",2020-08-24 00:00:00,2020-08-25 03:00:00,27,334.3,2020-08-24 18:00:00,40,1007,0,0,1,55,1,0
2020234N14280,MARCO,2020,"Plaquemines Port District, LA",2020-08-23 18:00:00,2020-08-25 18:00:00,48,56.4,2020-08-25 00:00:00,35,1006,0,1,1,65,1,0
2020234N14280,MARCO,2020,"Port Arthur, TX",2020-08-24 21:00:00,2020-08-25 18:00:00,21,181.1,2020-08-25 18:00:00,20,1009,-3,0,1,38,1,0
2020234N14280,MARCO,2020,"Port Freeport, TX",2020-08-25 06:00:00,2020-08-25 18:00:00,12,310.5,2020-08-25 18:00:00,20,1009,-3,-3,1,25,0,0
2020234N14280,MARCO,2020,"Port of Greater Baton Rouge, LA",2020-08-24 06:00:00,2020-08-25 18:00:00,36,178.5,2020-08-25 18:00:00,20,1009,-3,0,1,50,1,0
2020234N14280,MARCO,2020,"Port of Greenville, MS",2020-08-25 18:00:00,2020-08-25 18:00:00,0,491,2020-08-25 18:00:00,20,1009,-3,-3,1,20,0,0
2020234N14280,MARCO,2020,"Port of Gulfport, MS",2020-08-24 00:00:00,2020-08-25 18:00:00,42,169.9,2020-08-24 21:00:00,38,1007,0,0,1,55,1,0
2020234N14280,MARCO,2020,"Port of Iberia District, LA",2020-08-24 06:00:00,2020-08-25 18:00:00,36,85.9,2020-08-25 18:00:00,20,1009,-3,0,1,50,1,0
2020234N14280,MARCO,2020,"Port of Pascagoula, MS",2020-08-24 00:00:00,2020-08-25 18:00:00,42,175.9,2020-08-24 21:00:00,38,1007,0,0,1,55,1,0
2020234N14280,MARCO,2020,"Port of Vicksburg, MS",2020-08-24 15:00:00,2020-08-25 18:00:00,27,387.8,2020-08-25 18:00:00,20,1009,-3,0,1,43,1,0
2020234N14280,MARCO,2020,"Sabine Pass Port Authority, TX",2020-08-25 00:00:00,2020-08-25 18:00:00,18,188.6,2020-08-25 18:00:00,20,1009,-3,0,1,35,1,0
2020234N14280,MARCO,2020,"South Louisiana, LA, Port of",2020-08-24 00:00:00,2020-08-25 18:00:00,42,146.8,2020-08-25 06:00:00,25,1008,-3,0,1,55,1,0
2020234N14280,MARCO,2020,"Terrebonne Parish Port, LA",2020-08-24 00:00:00,2020-08-25 18:00:00,42,78.1,2020-08-25 06:00:00,25,1008,-3,0,1,55,1,0
2020234N14280,MARCO,2020,"Texas City, TX",2020-08-25 03:00:00,2020-08-25 18:00:00,15,254.6,2020-08-25 18:00:00,20,1009,-3,-1,1,30,0,0
2020234N14280,MARCO,2020,"Victoria, TX",2020-08-25 18:00:00,2020-08-25 18:00:00,0,455.8,2020-08-25 18:00:00,20,1009,-3,-3,1,20,0,0
2020234N14280,MARCO,2020,"West St. Mary Parish Port, LA",2020-08-24 03:00:00,2020-08-25 18:00:00,39,96.1,2020-08-25 18:00:00,20,1009,-3,0,1,53,1,0
2020244N30279,OMAR,2020,"Canaveral Port District, FL",2020-08-30 18:00:00,2020-08-31 12:00:00,18,185.9,2020-08-30 18:00:00,25,1011,-3,-1,0,30,0,0
2020244N30279,OMAR,2020,"Jacksonville, FL",2020-08-30 18:00:00,2020-08-31 18:00:00,24,93.5,2020-08-30 18:00:00,25,1011,-3,-1,0,30,0,0
2020244N30279,OMAR,2020,"Manatee County Port, FL",2020-08-30 18:00:00,2020-08-31 03:00:00,9,343.1,2020-08-30 18:00:00,25,1011,-3,-3,0,28,0,0
2020244N30279,OMAR,2020,"Morehead City, NC",2020-08-31 06:00:00,2020-09-01 21:00:00,39,190.1,2020-09-01 06:00:00,30,1005,-1,0,0,35,0,0
2020244N30279,OMAR,2020,"Panama City Port Authority, FL",2020-08-30 18:00:00,2020-08-30 18:00:00,0,473.9,2020-08-30 18:00:00,25,1011,-3,-3,0,25,0,0
2020244N30279,OMAR,2020,"Port Everglades, FL",2020-08-30 18:00:00,2020-08-31 03:00:00,9,450.8,2020-08-30 18:00:00,25,1011,-3,-3,0,28,0,0
2020244N30279,OMAR,2020,"Port of Brunswick, GA",2020-08-30 18:00:00,2020-08-31 21:00:00,27,129.6,2020-08-30 18:00:00,25,1011,-3,-1,0,30,0,0
2020244N30279,OMAR,2020,"Port of Charleston, SC",2020-08-30 18:00:00,2020-09-01 06:00:00,36,300.2,2020-08-31 12:00:00,30,1009,-1,-1,0,30,0,0
2020244N30279,OMAR,2020,"Port of Palm Beach District, FL",2020-08-30 18:00:00,2020-08-31 06:00:00,12,390.7,2020-08-30 18:00:00,25,1011,-3,-1,0,30,0,0
2020244N30279,OMAR,2020,"Port of Savannah, GA",2020-08-30 18:00:00,2020-09-01 00:00:00,30,214.9,2020-08-30 18:00:00,25,1011,-3,-1,0,30,0,0
2020244N30279,OMAR,2020,"Tampa Port Authority, FL",2020-08-30 18:00:00,2020-08-31 03:00:00,9,301.1,2020-08-30 18:00:00,25,1011,-3,-3,0,28,0,0
2020244N30279,OMAR,2020,"Virginia, VA, Port of",2020-08-31 21:00:00,2020-09-01 21:00:00,24,346.4,2020-09-01 09:00:00,33,1004,-1,0,0,35,0,0
2020244N30279,OMAR,2020,"Wilmington, NC",2020-08-30 21:00:00,2020-09-01 15:00:00,42,213.7,2020-09-01 00:00:00,30,1007,-1,0,0,35,0,0
2020256N11329,TEDDY,2020,"Searsport, ME",2020-09-23 00:00:00,2020-09-23 09:00:00,9,467.9,2020-09-23 03:00:00,63,956,0,1,4,65,0,0
2020256N25281,SALLY,2020,"Canaveral Port District, FL",2020-09-11 18:00:00,2020-09-13 21:00:00,51,328.5,2020-09-12 21:00:00,35,1003,0,0,2,50,1,1
2020256N25281,SALLY,2020,"Central Louisiana Regional, LA",2020-09-15 09:00:00,2020-09-16 15:00:00,30,465.4,2020-09-16 03:00:00,85,971,2,2,2,95,1,1
2020256N25281,SALLY,2020,"Chattanooga, TN",2020-09-16 18:00:00,2020-09-18 06:00:00,36,246.9,2020-09-17 18:00:00,30,1004,-4,0,2,60,1,1
2020256N25281,SALLY,2020,"Greater Lafourche Port, LA",2020-09-13 21:00:00,2020-09-17 03:00:00,78,207.5,2020-09-15 18:00:00,70,981,1,2,2,95,1,1
2020256N25281,SALLY,2020,"Guntersville, AL",2020-09-16 09:00:00,2020-09-18 03:00:00,42,219.9,2020-09-17 12:00:00,30,1003,-4,2,2,95,1,1
2020256N25281,SALLY,2020,"Helena-West Helena Port, AR",2020-09-16 21:00:00,2020-09-17 00:00:00,3,492.3,2020-09-16 21:00:00,48,988,0,0,2,48,1,1
2020256N25281,SALLY,2020,"Jacksonville, FL",2020-09-13 00:00:00,2020-09-18 06:00:00,126,377,2020-09-17 21:00:00,30,1004,-4,0,2,50,1,1
2020256N25281,SALLY,2020,"Lake Providence Port, LA",2020-09-15 18:00:00,2020-09-17 06:00:00,36,421.4,2020-09-16 15:00:00,73,975,1,2,2,95,1,1
2020256N25281,SALLY,2020,"Manatee County Port, FL",2020-09-11 18:00:00,2020-09-14 15:00:00,69,142.4,2020-09-13 06:00:00,45,1001,0,1,2,70,1,1
2020256N25281,SALLY,2020,"Memphis-Shelby County Port, TN",2020-09-17 00:00:00,2020-09-17 06:00:00,6,493,2020-09-17 06:00:00,30,1000,-1,0,2,35,1,1
2020256N25281,SALLY,2020,"Mobile, AL",2020-09-13 15:00:00,2020-09-17 18:00:00,99,51.5,2020-09-16 12:00:00,85,967,2,2,2,95,1,1
2020256N25281,SALLY,2020,"Morehead City, NC",2020-09-18 03:00:00,2020-09-18 06:00:00,3,379.2,2020-09-18 06:00:00,30,1005,-4,-4,2,30,1,1
2020256N25281,SALLY,2020,"Nashville, TN",2020-09-17 03:00:00,2020-09-18 00:00:00,21,419.3,2020-09-17 15:00:00,30,1004,-4,-1,2,33,1,1
2020256N25281,SALLY,2020,"New Orleans, LA",2020-09-13 21:00:00,2020-09-17 09:00:00,84,194.7,2020-09-15 21:00:00,73,978,1,2,2,95,1,1
2020256N25281,SALLY,2020,"Panama City Port Authority, FL",2020-09-13 06:00:00,2020-09-18 00:00:00,114,177.9,2020-09-16 18:00:00,60,982,0,2,2,95,1,1
2020256N25281,SALLY,2020,"Plaquemines Port District, LA",2020-09-13 15:00:00,2020-09-17 09:00:00,90,134.3,2020-09-15 18:00:00,70,981,1,2,2,95,1,1
2020256N25281,SALLY,2020,"Port Everglades, FL",2020-09-11 18:00:00,2020-09-13 15:00:00,45,66.5,2020-09-12 06:00:00,30,1003,-1,0,2,50,1,1
2020256N25281,SALLY,2020,"Port of Brunswick, GA",2020-09-17 00:00:00,2020-09-18 06:00:00,30,293.9,2020-09-18 00:00:00,30,1004,-4,0,2,35,1,1
2020256N25281,SALLY,2020,"Port of Charleston, SC",2020-09-17 12:00:00,2020-09-18 06:00:00,18,139.1,2020-09-18 06:00:00,30,1005,-4,-4,2,30,1,1
2020256N25281,SALLY,2020,"Port of Greater Baton Rouge, LA",2020-09-14 12:00:00,2020-09-17 03:00:00,63,325.8,2020-09-15 21:00:00,73,978,1,2,2,95,1,1
2020256N25281,SALLY,2020,"Port of Greenville, MS",2020-09-16 06:00:00,2020-09-17 06:00:00,24,439.7,2020-09-16 21:00:00,48,988,0,2,2,95,1,1
2020256N25281,SALLY,2020,"Port of Gulfport, MS",2020-09-13 18:00:00,2020-09-17 12:00:00,90,126.5,2020-09-16 06:00:00,95,967,2,2,2,95,1,1
2020256N25281,SALLY,2020,"Port of Iberia District, LA",2020-09-14 12:00:00,2020-09-16 21:00:00,57,357,2020-09-15 21:00:00,73,978,1,2,2,95,1,1
2020256N25281,SALLY,2020,"Port of Palm Beach District, FL",2020-09-11 18:00:00,2020-09-13 18:00:00,48,124.8,2020-09-12 06:00:00,30,1003,-1,0,2,50,1,1
2020256N25281,SALLY,2020,"Port of Pascagoula, MS",2020-09-13 15:00:00,2020-09-17 15:00:00,96,90.4,2020-09-16 09:45:00,95,965,2,2,2,95,1,1
2020256N25281,SALLY,2020,"Port of Rosedale, MS",2020-09-16 09:00:00,2020-09-17 06:00:00,21,450.6,2020-09-16 21:00:00,48,988,0,2,2,95,1,1
2020256N25281,SALLY,2020,"Port of Savannah, GA",2020-09-17 03:00:00,2020-09-18 06:00:00,27,203.4,2020-09-18 03:00:00,30,1005,-4,-1,2,33,1,1
2020256N25281,SALLY,2020,"Port of Vicksburg, MS",2020-09-15 03:00:00,2020-09-17 09:00:00,54,370,2020-09-16 15:00:00,73,975,1,2,2,95,1,1
2020256N25281,SALLY,2020,"PortMiami, FL",2020-09-11 18:00:00,2020-09-13 15:00:00,45,12.2,2020-09-12 09:00:00,33,1003,-1,0,2,50,1,1
2020256N25281,SALLY,2020,"South Louisiana, LA, Port of",2020-09-14 00:00:00,2020-09-17 06:00:00,78,239.5,2020-09-15 21:00:00,73,978,1,2,2,95,1,1
2020256N25281,SALLY,2020,"Tampa Port Authority, FL",2020-09-11 18:00:00,2020-09-14 18:00:00,72,176,2020-09-13 06:00:00,45,1001,0,1,2,75,1,1
2020256N25281,SALLY,2020,"Terrebonne Parish Port, LA",2020-09-14 00:00:00,2020-09-17 00:00:00,72,265.4,2020-09-15 18:00:00,70,981,1,2,2,95,1,1
2020256N25281,SALLY,2020,"West St. Mary Parish Port, LA",2020-09-14 09:00:00,2020-09-16 21:00:00,60,335.8,2020-09-15 21:00:00,73,978,1,2,2,95,1,1
2020256N25281,SALLY,2020,"Wilmington, NC",2020-09-17 21:00:00,2020-09-18 06:00:00,9,268.3,2020-09-18 06:00:00,30,1005,-4,-4,2,30,1,1
2020261N21265,BETA,2020,"Alexandria-Cairo Port, IL",2020-09-24 18:00:00,2020-09-25 06:00:00,12,422.7,2020-09-25 03:00:00,18,1010,-4,-4,0,20,1,1
2020261N21265,BETA,2020,"Beaumont, TX",2020-09-19 09:00:00,2020-09-24 15:00:00,126,17.1,2020-09-23 15:00:00,25,1007,-4,0,0,55,1,1
2020261N21265,BETA,2020,"Brownsville, TX",2020-09-18 09:00:00,2020-09-23 09:00:00,120,263,2020-09-21 15:00:00,43,998,0,0,0,55,1,1
2020261N21265,BETA,2020,"Calhoun Port Authority, TX",2020-09-19 09:00:00,2020-09-24 00:00:00,111,4.8,2020-09-22 06:00:00,40,999,0,0,0,55,1,1
2020261N21265,BETA,2020,"Central Louisiana Regional, LA",2020-09-20 00:00:00,2020-09-24 21:00:00,117,46.1,2020-09-24 00:00:00,25,1005,-4,0,0,55,1,1
2020261N21265,BETA,2020,"Chattanooga, TN",2020-09-24 18:00:00,2020-09-25 06:00:00,12,157.1,2020-09-25 06:00:00,15,1010,-4,-4,0,20,1,1
2020261N21265,BETA,2020,"Corpus Christi, TX",2020-09-20 09:00:00,2020-09-23 18:00:00,81,118.7,2020-09-22 09:00:00,38,1001,0,0,0,55,1,1
2020261N21265,BETA,2020,"Galveston, TX",2020-09-19 03:00:00,2020-09-24 09:00:00,126,52.6,2020-09-23 09:00:00,25,1007,-4,0,0,55,1,1
2020261N21265,BETA,2020,"Greater Lafourche Port, LA",2020-09-19 03:00:00,2020-09-24 21:00:00,138,262,2020-09-24 03:00:00,25,1005,-4,0,0,55,1,1
2020261N21265,BETA,2020,"Guntersville, AL",2020-09-24 12:00:00,2020-09-25 06:00:00,18,36.8,2020-09-25 06:00:00,15,1010,-4,-4,0,25,1,1
2020261N21265,BETA,2020,"Helena-West Helena Port, AR",2020-09-23 21:00:00,2020-09-25 06:00:00,33,211.3,2020-09-24 15:00:00,23,1006,-4,-4,0,25,1,1
2020261N21265,BETA,2020,"Henderson County Riverport, KY",2020-09-25 00:00:00,2020-09-25 06:00:00,6,422.1,2020-09-25 06:00:00,15,1010,-4,-4,0,20,1,1
2020261N21265,BETA,2020,"Hickman-Fulton County Port, KY",2020-09-24 12:00:00,2020-09-25 06:00:00,18,353.7,2020-09-25 03:00:00,18,1010,-4,-4,0,25,1,1
2020261N21265,BETA,2020,"Houston Port Authority, TX",2020-09-19 12:00:00,2020-09-24 09:00:00,117,41.7,2020-09-23 09:00:00,25,1007,-4,0,0,55,1,1
2020261N21265,BETA,2020,"Jackson-Union Port District, IL",2020-09-24 21:00:00,2020-09-25 06:00:00,9,467.6,2020-09-25 03:00:00,18,1010,-4,-4,0,20,1,1
2020261N21265,BETA,2020,"Lake Charles Harbor District, LA",2020-09-19 06:00:00,2020-09-24 15:00:00,129,62,2020-09-23 18:00:00,25,1006,-4,0,0,55,1,1
2020261N21265,BETA,2020,"Lake Providence Port, LA",2020-09-23 09:00:00,2020-09-25 06:00:00,45,70.1,2020-09-24 12:00:00,25,1003,-4,-4,0,25,1,1
2020261N21265,BETA,2020,"Louisville-Jefferson Port, KY",2020-09-25 03:00:00,2020-09-25 06:00:00,3,460.7,2020-09-25 06:00:00,15,1010,-4,-4,0,18,1,1
2020261N21265,BETA,2020,"Massac-Metropolis Port, IL",2020-09-24 18:00:00,2020-09-25 06:00:00,12,399.8,2020-09-25 03:00:00,18,1010,-4,-4,0,20,1,1
2020261N21265,BETA,2020,"Memphis-Shelby County Port, TN",2020-09-24 03:00:00,2020-09-25 06:00:00,27,255.2,2020-09-24 18:00:00,20,1008,-4,-4,0,25,1,1
2020261N21265,BETA,2020,"Mobile, AL",2020-09-23 21:00:00,2020-09-25 06:00:00,33,276,2020-09-24 18:00:00,20,1008,-4,-4,0,25,1,1
2020261N21265,BETA,2020,"Nashville, TN",2020-09-24 15:00:00,2020-09-25 06:00:00,15,231.4,2020-09-25 06:00:00,15,1010,-4,-4,0,23,1,1
2020261N21265,BETA,2020,"New Madrid County Port, MO",2020-09-24 12:00:00,2020-09-25 06:00:00,18,381.7,2020-09-25 00:00:00,20,1009,-4,-4,0,25,1,1
2020261N21265,BETA,2020,"New Orleans, LA",2020-09-19 09:00:00,2020-09-25 00:00:00,135,220.7,2020-09-24 03:00:00,25,1005,-4,0,0,55,1,1
2020261N21265,BETA,2020,"Orange County Nav District, TX",2020-09-19 09:00:00,2020-09-24 15:00:00,126,21.4,2020-09-23 18:00:00,25,1006,-4,0,0,55,1,1
2020261N21265,BETA,2020,"Owensboro Riverport, KY",2020-09-25 00:00:00,2020-09-25 06:00:00,6,410.3,2020-09-25 06:00:00,15,1010,-4,-4,0,20,1,1
2020261N21265,BETA,2020,"Paducah-McCracken Riverport, KY",2020-09-24 15:00:00,2020-09-25 06:00:00,15,383.2,2020-09-25 03:00:00,18,1010,-4,-4,0,23,1,1
2020261N21265,BETA,2020,"Panama City Port Authority, FL",2020-09-24 15:00:00,2020-09-25 06:00:00,15,417.4,2020-09-25 00:00:00,20,1009,-4,-4,0,23,1,1
2020261N21265,BETA,2020,"Pemiscot County Port, MO",2020-09-24 09:00:00,2020-09-25 06:00:00,21,351,2020-09-24 21:00:00,20,1009,-4,-4,0,25,1,1
2020261N21265,BETA,2020,"Plaquemines Port District, LA",2020-09-19 06:00:00,2020-09-24 21:00:00,135,307.8,2020-09-24 03:00:00,25,1005,-4,0,0,55,1,1
2020261N21265,BETA,2020,"Port Arthur, TX",2020-09-19 06:00:00,2020-09-24 15:00:00,129,42.4,2020-09-23 15:00:00,25,1007,-4,0,0,55,1,1
2020261N21265,BETA,2020,"Port Freeport, TX",2020-09-19 06:00:00,2020-09-24 06:00:00,120,12.3,2020-09-23 03:00:00,25,1007,-4,0,0,55,1,1
2020261N21265,BETA,2020,"Port of Greater Baton Rouge, LA",2020-09-19 09:00:00,2020-09-25 00:00:00,135,101.2,2020-09-24 03:00:00,25,1005,-4,0,0,55,1,1
2020261N21265,BETA,2020,"Port of Greenville, MS",2020-09-23 15:00:00,2020-09-25 06:00:00,39,117.4,2020-09-24 12:00:00,25,1003,-4,-4,0,25,1,1
2020261N21265,BETA,2020,"Port of Gulfport, MS",2020-09-20 00:00:00,2020-09-25 06:00:00,126,261,2020-09-24 09:00:00,25,1004,-4,0,0,50,1,1
2020261N21265,BETA,2020,"Port of Harlingen Authority, TX",2020-09-20 09:00:00,2020-09-23 09:00:00,72,248.7,2020-09-21 15:00:00,43,998,0,0,0,55,1,1
2020261N21265,BETA,2020,"Port of Iberia District, LA",2020-09-19 03:00:00,2020-09-24 18:00:00,135,133.1,2020-09-24 00:00:00,25,1005,-4,0,0,55,1,1
2020261N21265,BETA,2020,"Port of Pascagoula, MS",2020-09-23 18:00:00,2020-09-25 06:00:00,36,276.6,2020-09-24 15:00:00,23,1006,-4,-4,0,25,1,1
2020261N21265,BETA,2020,"Port of Rosedale, MS",2020-09-23 18:00:00,2020-09-25 06:00:00,36,152.2,2020-09-24 15:00:00,23,1006,-4,-4,0,25,1,1
2020261N21265,BETA,2020,"Port of Vicksburg, MS",2020-09-23 09:00:00,2020-09-25 06:00:00,45,24.1,2020-09-24 12:00:00,25,1003,-4,-4,0,25,1,1
2020261N21265,BETA,2020,"Sabine Pass Port Authority, TX",2020-09-19 06:00:00,2020-09-24 12:00:00,126,55.1,2020-09-23 15:00:00,25,1007,-4,0,0,55,1,1
2020261N21265,BETA,2020,"Shawneetown Regional Port, IL",2020-09-24 21:00:00,2020-09-25 06:00:00,9,427.8,2020-09-25 06:00:00,15,1010,-4,-4,0,20,1,1
2020261N21265,BETA,2020,"South Louisiana, LA, Port of",2020-09-19 09:00:00,2020-09-25 00:00:00,135,187,2020-09-24 03:00:00,25,1005,-4,0,0,55,1,1
2020261N21265,BETA,2020,"Southeast Missouri Port, MO",2020-09-24 18:00:00,2020-09-25 06:00:00,12,441.8,2020-09-25 03:00:00,18,1010,-4,-4,0,20,1,1
2020261N21265,BETA,2020,"Southern Indiana District, IN",2020-09-25 03:00:00,2020-09-25 06:00:00,3,472.1,2020-09-25 06:00:00,15,1010,-4,-4,0,18,1,1
2020261N21265,BETA,2020,"Terrebonne Parish Port, LA",2020-09-19 00:00:00,2020-09-24 18:00:00,138,221.4,2020-09-24 00:00:00,25,1005,-4,0,0,55,1,1
2020261N21265,BETA,2020,"Texas City, TX",2020-09-19 06:00:00,2020-09-24 09:00:00,123,29.8,2020-09-23 09:00:00,25,1007,-4,0,0,55,1,1
2020261N21265,BETA,2020,"Victoria, TX",2020-09-20 06:00:00,2020-09-24 00:00:00,90,16.7,2020-09-22 12:00:00,35,1002,0,0,0,55,1,1
2020261N21265,BETA,2020,"West St. Mary Parish Port, LA",2020-09-19 03:00:00,2020-09-24 18:00:00,135,147.8,2020-09-24 00:00:00,25,1005,-4,0,0,55,1,1
2020279N16284,DELTA,2020,"Alexandria-Cairo Port, IL",2020-10-10 18:00:00,2020-10-11 18:00:00,24,309,2020-10-11 09:00:00,23,1005,-4,-4,4,25,1,1
2020279N16284,DELTA,2020,"Beaumont, TX",2020-10-09 03:00:00,2020-10-10 18:00:00,39,104,2020-10-09 23:00:00,85,970,2,3,4,105,1,1
2020279N16284,DELTA,2020,"Brownsville, TX",2020-10-08 18:00:00,2020-10-09 18:00:00,24,372.2,2020-10-09 06:00:00,105,953,3,3,4,105,0,0
2020279N16284,DELTA,2020,"Calhoun Port Authority, TX",2020-10-09 00:00:00,2020-10-10 03:00:00,27,274.8,2020-10-09 15:00:00,95,962,2,3,4,105,1,1
2020279N16284,DELTA,2020,"Central Louisiana Regional, LA",2020-10-09 09:00:00,2020-10-11 03:00:00,42,38.7,2020-10-10 06:00:00,50,985,0,3,4,103,1,1
2020279N16284,DELTA,2020,"Chattanooga, TN",2020-10-10 21:00:00,2020-10-11 18:00:00,21,95.6,2020-10-11 18:00:00,20,1007,-4,-4,4,25,1,1
2020279N16284,DELTA,2020,"Cincinnati, OH",2020-10-11 18:00:00,2020-10-11 18:00:00,0,476.9,2020-10-11 18:00:00,20,1007,-4,-4,4,20,0,1
2020279N16284,DELTA,2020,"Corpus Christi, TX",2020-10-09 00:00:00,2020-10-09 23:00:00,23,366.2,2020-10-09 15:00:00,95,962,2,3,4,105,1,1
2020279N16284,DELTA,2020,"Galveston, TX",2020-10-09 00:00:00,2020-10-10 12:00:00,36,136.4,2020-10-09 18:00:00,90,966,2,3,4,105,1,1
2020279N16284,DELTA,2020,"Greater Lafourche Port, LA",2020-10-09 06:00:00,2020-10-10 21:00:00,39,270.8,2020-10-10 00:00:00,75,971,1,3,4,105,1,1
2020279N16284,DELTA,2020,"Guntersville, AL",2020-10-10 15:00:00,2020-10-11 18:00:00,27,81.5,2020-10-11 18:00:00,20,1007,-4,-1,4,30,1,1
2020279N16284,DELTA,2020,"Helena-West Helena Port, AR",2020-10-10 03:00:00,2020-10-11 18:00:00,39,115.1,2020-10-10 21:00:00,25,1000,-4,0,4,63,1,1
2020279N16284,DELTA,2020,"Henderson County Riverport, KY",2020-10-11 00:00:00,2020-10-11 18:00:00,18,316.6,2020-10-11 15:00:00,20,1006,-4,-4,4,25,1,1
2020279N16284,DELTA,2020,"Hickman-Fulton County Port, KY",2020-10-10 12:00:00,2020-10-11 18:00:00,30,237.1,2020-10-11 09:00:00,23,1005,-4,0,4,35,1,1
2020279N16284,DELTA,2020,"Houston Port Authority, TX",2020-10-09 03:00:00,2020-10-10 12:00:00,33,202.4,2020-10-09 21:00:00,87,968,2,3,4,105,1,1
2020279N16284,DELTA,2020,"Jackson-Union Port District, IL",2020-10-10 18:00:00,2020-10-11 18:00:00,24,357.4,2020-10-11 09:00:00,23,1005,-4,-4,4,25,1,1
2020279N16284,DELTA,2020,"Jefferson County Port, MO",2020-10-11 00:00:00,2020-10-11 15:00:00,15,461.8,2020-10-11 09:00:00,23,1005,-4,-4,4,25,1,1
2020279N16284,DELTA,2020,"Kaskaskia Regional Port, IL",2020-10-11 00:00:00,2020-10-11 18:00:00,18,434.6,2020-10-11 09:00:00,23,1005,-4,-4,4,25,1,1
2020279N16284,DELTA,2020,"Lake Charles Harbor District, LA",2020-10-09 03:00:00,2020-10-10 18:00:00,39,25.4,2020-10-09 23:00:00,85,970,2,3,4,105,1,1
2020279N16284,DELTA,2020,"Lake Providence Port, LA",2020-10-09 21:00:00,2020-10-11 15:00:00,42,28.8,2020-10-10 15:00:00,30,996,-1,2,4,87,1,1
2020279N16284,DELTA,2020,"Louisville-Jefferson Port, KY",2020-10-11 06:00:00,2020-10-11 18:00:00,12,348,2020-10-11 18:00:00,20,1007,-4,-4,4,25,1,1
2020279N16284,DELTA,2020,"Massac-Metropolis Port, IL",2020-10-10 18:00:00,2020-10-11 18:00:00,24,289.8,2020-10-11 12:00:00,20,1005,-4,-4,4,25,1,1
2020279N16284,DELTA,2020,"Memphis-Shelby County Port, TN",2020-10-10 06:00:00,2020-10-11 18:00:00,36,133.3,2020-10-11 03:00:00,25,1003,-4,0,4,50,1,1
2020279N16284,DELTA,2020,"Mobile, AL",2020-10-09 23:00:00,2020-10-11 15:00:00,40,369.7,2020-10-10 15:00:00,30,996,-1,2,4,85,1,1
2020279N16284,DELTA,2020,"Nashville, TN",2020-10-10 18:00:00,2020-10-11 18:00:00,24,126.6,2020-10-11 18:00:00,20,1007,-4,-4,4,25,1,1
2020279N16284,DELTA,2020,"New Bourbon Port Authority, MO",2020-10-10 21:00:00,2020-10-11 18:00:00,21,395.4,2020-10-11 09:00:00,23,1005,-4,-4,4,25,1,1
2020279N16284,DELTA,2020,"New Madrid County Port, MO",2020-10-10 12:00:00,2020-10-11 18:00:00,30,262,2020-10-11 06:00:00,25,1004,-4,0,4,35,1,1
2020279N16284,DELTA,2020,"New Orleans, LA",2020-10-09 12:00:00,2020-10-11 03:00:00,39,252.4,2020-10-10 03:00:00,63,978,0,3,4,100,1,1
2020279N16284,DELTA,2020,"Orange County Nav District, TX",2020-10-09 03:00:00,2020-10-10 18:00:00,39,84.7,2020-10-09 23:00:00,85,970,2,3,4,105,1,1
2020279N16284,DELTA,2020,"Owensboro Riverport, KY",2020-10-11 00:00:00,2020-10-11 18:00:00,18,304.2,2020-10-11 18:00:00,20,1007,-4,-4,4,25,1,1
2020279N16284,DELTA,2020,"Paducah-McCracken Riverport, KY",2020-10-10 18:00:00,2020-10-11 18:00:00,24,273.1,2020-10-11 12:00:00,20,1005,-4,-4,4,25,1,1
2020279N16284,DELTA,2020,"Pemiscot County Port, MO",2020-10-10 12:00:00,2020-10-11 18:00:00,30,228.4,2020-10-11 06:00:00,25,1004,-4,0,4,35,1,1
2020279N16284,DELTA,2020,"Plaquemines Port District, LA",2020-10-09 12:00:00,2020-10-10 21:00:00,33,330.4,2020-10-10 03:00:00,63,978,0,3,4,100,1,1
2020279N16284,DELTA,2020,"Port Arthur, TX",2020-10-09 03:00:00,2020-10-10 18:00:00,39,81,2020-10-09 23:00:00,85,970,2,3,4,105,1,1
2020279N16284,DELTA,2020,"Port Freeport, TX",2020-10-09 00:00:00,2020-10-10 09:00:00,33,190.8,2020-10-09 18:00:00,90,966,2,3,4,105,1,1
2020279N16284,DELTA,2020,"Port of Greater Baton Rouge, LA",2020-10-09 09:00:00,2020-10-11 03:00:00,42,121.2,2020-10-10 03:00:00,63,978,0,3,4,103,1,1
2020279N16284,DELTA,2020,"Port of Greenville, MS",2020-10-09 23:00:00,2020-10-11 18:00:00,43,43,2020-10-10 18:00:00,25,998,-4,2,4,85,1,1
2020279N16284,DELTA,2020,"Port of Gulfport, MS",2020-10-09 18:00:00,2020-10-11 09:00:00,39,313.5,2020-10-10 09:00:00,43,989,0,2,4,90,1,1
2020279N16284,DELTA,2020,"Port of Harlingen Authority, TX",2020-10-08 18:00:00,2020-10-09 18:00:00,24,377.1,2020-10-09 09:00:00,103,956,3,3,4,105,0,0
2020279N16284,DELTA,2020,"Port of Iberia District, LA",2020-10-09 03:00:00,2020-10-10 21:00:00,42,115.3,2020-10-10 00:00:00,75,971,1,3,4,105,1,1
2020279N16284,DELTA,2020,"Port of Pascagoula, MS",2020-10-09 21:00:00,2020-10-11 12:00:00,39,347,2020-10-10 09:00:00,43,989,0,2,4,87,1,1
2020279N16284,DELTA,2020,"Port of Rosedale, MS",2020-10-09 23:00:00,2020-10-11 18:00:00,43,61,2020-10-10 18:00:00,25,998,-4,2,4,85,1,1
2020279N16284,DELTA,2020,"Port of Vicksburg, MS",2020-10-09 18:00:00,2020-10-11 15:00:00,45,53.8,2020-10-10 12:00:00,35,993,0,2,4,90,1,1
2020279N16284,DELTA,2020,"Sabine Pass Port Authority, TX",2020-10-09 00:00:00,2020-10-10 15:00:00,39,82.9,2020-10-09 21:00:00,87,968,2,3,4,105,1,1
2020279N16284,DELTA,2020,"Shawneetown Regional Port, IL",2020-10-10 21:00:00,2020-10-11 18:00:00,21,321.3,2020-10-11 15:00:00,20,1006,-4,-4,4,25,1,1
2020279N16284,DELTA,2020,"South Louisiana, LA, Port of",2020-10-09 09:00:00,2020-10-11 03:00:00,42,209.8,2020-10-10 03:00:00,63,978,0,3,4,103,1,1
2020279N16284,DELTA,2020,"Southeast Missouri Port, MO",2020-10-10 15:00:00,2020-10-11 18:00:00,27,325.1,2020-10-11 09:00:00,23,1005,-4,-1,4,30,1,1
2020279N16284,DELTA,2020,"Southern Indiana District, IN",2020-10-11 06:00:00,2020-10-11 18:00:00,12,360.8,2020-10-11 18:00:00,20,1007,-4,-4,4,25,1,1
2020279N16284,DELTA,2020,"Southwest Regional Port, IL",2020-10-11 03:00:00,2020-10-11 15:00:00,12,477.7,2020-10-11 09:00:00,23,1005,-4,-4,4,25,1,1
2020279N16284,DELTA,2020,"St. Louis City Port, MO",2020-10-11 06:00:00,2020-10-11 12:00:00,6,488.4,2020-10-11 09:00:00,23,1005,-4,-4,4,25,1,1
2020279N16284,DELTA,2020,"St. Louis County, MO",2020-10-11 06:00:00,2020-10-11 09:00:00,3,495.6,2020-10-11 09:00:00,23,1005,-4,-4,4,25,1,1
2020279N16284,DELTA,2020,"Terrebonne Parish Port, LA",2020-10-09 03:00:00,2020-10-10 21:00:00,42,216.4,2020-10-10 00:00:00,75,971,1,3,4,105,1,1
2020279N16284,DELTA,2020,"Texas City, TX",2020-10-09 00:00:00,2020-10-10 12:00:00,36,145.8,2020-10-09 21:00:00,87,968,2,3,4,105,1,1
2020279N16284,DELTA,2020,"Victoria, TX",2020-10-09 03:00:00,2020-10-10 03:00:00,24,319.6,2020-10-09 15:00:00,95,962,2,3,4,105,1,1
2020279N16284,DELTA,2020,"West St. Mary Parish Port, LA",2020-10-09 03:00:00,2020-10-10 21:00:00,42,136.6,2020-10-10 00:00:00,75,971,1,3,4,105,1,1
2020299N18277,ZETA,2020,"Albany Port District, NY",2020-10-29 21:00:00,2020-10-30 00:00:00,3,392.9,2020-10-30 00:00:00,45,993,-4,-4,3,45,0,0
2020299N18277,ZETA,2020,"Alexandria-Cairo Port, IL",2020-10-29 09:00:00,2020-10-29 09:00:00,0,469.4,2020-10-29 09:00:00,53,988,0,0,3,53,1,1
2020299N18277,ZETA,2020,"Baltimore, MD",2020-10-29 18:00:00,2020-10-30 00:00:00,6,158.8,2020-10-29 21:00:00,45,993,-4,-4,3,45,1,1
2020299N18277,ZETA,2020,"Beaumont, TX",2020-10-28 15:00:00,2020-10-29 00:00:00,9,354.9,2020-10-28 21:00:00,100,970,3,3,3,100,1,1
2020299N18277,ZETA,2020,"Boston, MA",2020-10-30 00:00:00,2020-10-30 00:00:00,0,320.9,2020-10-30 00:00:00,45,993,-4,-4,3,45,0,0
2020299N18277,ZETA,2020,"Bridgeport, CT",2020-10-29 21:00:00,2020-10-30 00:00:00,3,226.4,2020-10-30 00:00:00,45,993,-4,-4,3,45,0,0
2020299N18277,ZETA,2020,"Central Louisiana Regional, LA",2020-10-28 15:00:00,2020-10-29 03:00:00,12,275.2,2020-10-29 00:00:00,85,973,2,3,3,100,1,1
2020299N18277,ZETA,2020,"Chattanooga, TN",2020-10-29 06:00:00,2020-10-29 15:00:00,9,118.8,2020-10-29 09:00:00,53,988,0,0,3,60,1,1
2020299N18277,ZETA,2020,"Cincinnati, OH",2020-10-29 12:00:00,2020-10-29 15:00:00,3,411.3,2020-10-29 15:00:00,45,991,0,0,3,45,1,1
2020299N18277,ZETA,2020,"Galveston, TX",2020-10-28 12:00:00,2020-10-29 00:00:00,12,391.9,2020-10-28 18:00:00,95,973,2,3,3,100,1,1
2020299N18277,ZETA,2020,"Greater Lafourche Port, LA",2020-10-28 09:00:00,2020-10-29 06:00:00,21,37.8,2020-10-28 21:00:00,100,970,3,3,3,100,1,1
2020299N18277,ZETA,2020,"Guntersville, AL",2020-10-29 03:00:00,2020-10-29 12:00:00,9,52,2020-10-29 09:00:00,53,988,0,1,3,73,1,1
2020299N18277,ZETA,2020,"Helena-West Helena Port, AR",2020-10-29 00:00:00,2020-10-29 09:00:00,9,359,2020-10-29 06:00:00,60,986,0,2,3,85,1,1
2020299N18277,ZETA,2020,"Henderson County Riverport, KY",2020-10-29 09:00:00,2020-10-29 12:00:00,3,440.8,2020-10-29 09:00:00,53,988,0,0,3,53,1,1
2020299N18277,ZETA,2020,"Hickman-Fulton County Port, KY",2020-10-29 06:00:00,2020-10-29 09:00:00,3,408.1,2020-10-29 09:00:00,53,988,0,0,3,60,1,1
2020299N18277,ZETA,2020,"Houston Port Authority, TX",2020-10-28 18:00:00,2020-10-28 21:00:00,3,466,2020-10-28 18:00:00,95,973,2,3,3,100,1,1
2020299N18277,ZETA,2020,"Lake Charles Harbor District, LA",2020-10-28 12:00:00,2020-10-29 03:00:00,15,274.4,2020-10-28 21:00:00,100,970,3,3,3,100,1,1
2020299N18277,ZETA,2020,"Lake Providence Port, LA",2020-10-28 21:00:00,2020-10-29 06:00:00,9,265.3,2020-10-29 03:00:00,73,980,1,3,3,100,1,1
2020299N18277,ZETA,2020,"Louisville-Jefferson Port, KY",2020-10-29 09:00:00,2020-10-29 15:00:00,6,369.8,2020-10-29 12:00:00,45,990,0,0,3,53,1,1
2020299N18277,ZETA,2020,"Massac-Metropolis Port, IL",2020-10-29 09:00:00,2020-10-29 09:00:00,0,434.8,2020-10-29 09:00:00,53,988,0,0,3,53,1,1
2020299N18277,ZETA,2020,"Memphis-Shelby County Port, TN",2020-10-29 03:00:00,2020-10-29 09:00:00,6,347,2020-10-29 06:00:00,60,986,0,1,3,73,1,1
2020299N18277,ZETA,2020,"Mobile, AL",2020-10-28 18:00:00,2020-10-29 09:00:00,15,111.5,2020-10-29 03:00:00,73,980,1,3,3,100,1,1
2020299N18277,ZETA,2020,"Morehead City, NC",2020-10-29 15:00:00,2020-10-29 21:00:00,6,365.8,2020-10-29 18:00:00,45,992,-4,0,3,45,1,1
2020299N18277,ZETA,2020,"Nashville, TN",2020-10-29 06:00:00,2020-10-29 12:00:00,6,246.8,2020-10-29 09:00:00,53,988,0,0,3,60,1,1
2020299N18277,ZETA,2020,"New Haven, CT",2020-10-29 21:00:00,2020-10-30 00:00:00,3,226.4,2020-10-30 00:00:00,45,993,-4,-4,3,45,0,0
2020299N18277,ZETA,2020,"New Madrid County Port, MO",2020-10-29 06:00:00,2020-10-29 09:00:00,3,446,2020-10-29 09:00:00,53,988,0,0,3,60,1,1
2020299N18277,ZETA,2020,"New Orleans, LA",2020-10-28 12:00:00,2020-10-29 06:00:00,18,18.7,2020-10-29 00:00:00,85,973,2,3,3,100,1,1
2020299N18277,ZETA,2020,"New York, NY & NJ",2020-10-29 18:00:00,2020-10-30 00:00:00,6,237.6,2020-10-29 21:00:00,45,993,-4,-4,3,45,1,1
2020299N18277,ZETA,2020,"Orange County Nav District, TX",2020-10-28 15:00:00,2020-10-29 03:00:00,12,334.6,2020-10-28 21:00:00,100,970,3,3,3,100,1,1
2020299N18277,ZETA,2020,"Owensboro Riverport, KY",2020-10-29 09:00:00,2020-10-29 12:00:00,3,416.2,2020-10-29 12:00:00,45,990,0,0,3,53,1,1
2020299N18277,ZETA,2020,"Paducah-McCracken Riverport, KY",2020-10-29 06:00:00,2020-10-29 12:00:00,6,420.7,2020-10-29 09:00:00,53,988,0,0,3,60,1,1
2020299N18277,ZETA,2020,"Panama City Port Authority, FL",2020-10-28 21:00:00,2020-10-29 09:00:00,12,335.4,2020-10-29 06:00:00,60,986,0,3,3,100,1,1
2020299N18277,ZETA,2020,"Pemiscot County Port, MO",2020-10-29 06:00:00,2020-10-29 09:00:00,3,431.7,2020-10-29 09:00:00,53,988,0,0,3,60,1,1
2020299N18277,ZETA,2020,"Philadelphia Regional Port, PA",2020-10-29 18:00:00,2020-10-30 00:00:00,6,149.2,2020-10-29 21:00:00,45,993,-4,-4,3,45,1,1
2020299N18277,ZETA,2020,"Pittsburgh, PA Port of",2020-10-29 15:00:00,2020-10-29 21:00:00,6,331.5,2020-10-29 18:00:00,45,992,-4,0,3,45,1,1
2020299N18277,ZETA,2020,"Plaquemines Port District, LA",2020-10-28 12:00:00,2020-10-29 06:00:00,18,99.6,2020-10-29 00:00:00,85,973,2,3,3,100,1,1
2020299N18277,ZETA,2020,"Port Arthur, TX",2020-10-28 12:00:00,2020-10-29 00:00:00,12,331.5,2020-10-28 21:00:00,100,970,3,3,3,100,1,1
2020299N18277,ZETA,2020,"Port Freeport, TX",2020-10-28 15:00:00,2020-10-28 21:00:00,6,447.5,2020-10-28 18:00:00,95,973,2,3,3,100,1,1
2020299N18277,ZETA,2020,"Port Jefferson, NY",2020-10-29 21:00:00,2020-10-30 00:00:00,3,201.1,2020-10-30 00:00:00,45,993,-4,-4,3,45,0,0
2020299N18277,ZETA,2020,"Port of Charleston, SC",2020-10-29 12:00:00,2020-10-29 15:00:00,3,409.4,2020-10-29 15:00:00,45,991,0,0,3,45,1,1
2020299N18277,ZETA,2020,"Port of Greater Baton Rouge, LA",2020-10-28 12:00:00,2020-10-29 06:00:00,18,137.2,2020-10-29 00:00:00,85,973,2,3,3,100,1,1
2020299N18277,ZETA,2020,"Port of Greenville, MS",2020-10-28 21:00:00,2020-10-29 09:00:00,12,299.2,2020-10-29 03:00:00,73,980,1,3,3,100,1,1
2020299N18277,ZETA,2020,"Port of Gulfport, MS",2020-10-28 15:00:00,2020-10-29 06:00:00,15,83.5,2020-10-29 00:00:00,85,973,2,3,3,100,1,1
2020299N18277,ZETA,2020,"Port of Iberia District, LA",2020-10-28 12:00:00,2020-10-29 03:00:00,15,128.8,2020-10-28 21:00:00,100,970,3,3,3,100,1,1
2020299N18277,ZETA,2020,"Port of Pascagoula, MS",2020-10-28 15:00:00,2020-10-29 09:00:00,18,107.5,2020-10-29 03:00:00,73,980,1,3,3,100,1,1
2020299N18277,ZETA,2020,"Port of Providence, RI",2020-10-29 21:00:00,2020-10-30 00:00:00,3,257,2020-10-30 00:00:00,45,993,-4,-4,3,45,0,0
2020299N18277,ZETA,2020,"Port of Rosedale, MS",2020-10-29 00:00:00,2020-10-29 09:00:00,9,324.6,2020-10-29 03:00:00,73,980,1,2,3,85,1,1
2020299N18277,ZETA,2020,"Port of Savannah, GA",2020-10-29 09:00:00,2020-10-29 12:00:00,3,423.4,2020-10-29 12:00:00,45,990,0,0,3,53,1,1
2020299N18277,ZETA,2020,"Port of Vicksburg, MS",2020-10-28 18:00:00,2020-10-29 06:00:00,12,212.8,2020-10-29 03:00:00,73,980,1,3,3,100,1,1
2020299N18277,ZETA,2020,"Portland, ME",2020-10-30 00:00:00,2020-10-30 00:00:00,0,476.7,2020-10-30 00:00:00,45,993,-4,-4,3,45,0,0
2020299N18277,ZETA,2020,"Portsmouth, NH",2020-10-30 00:00:00,2020-10-30 00:00:00,0,403,2020-10-30 00:00:00,45,993,-4,-4,3,45,0,0
2020299N18277,ZETA,2020,"Sabine Pass Port Authority, TX",2020-10-28 12:00:00,2020-10-29 00:00:00,12,345.1,2020-10-28 21:00:00,100,970,3,3,3,100,1,1
2020299N18277,ZETA,2020,"Shawneetown Regional Port, IL",2020-10-29 09:00:00,2020-10-29 12:00:00,3,454.3,2020-10-29 09:00:00,53,988,0,0,3,53,1,1
2020299N18277,ZETA,2020,"South Jersey Port Corp, NJ",2020-10-29 18:00:00,2020-10-30 00:00:00,6,99.3,2020-10-29 21:00:00,45,993,-4,-4,3,45,1,1
2020299N18277,ZETA,2020,"South Louisiana, LA, Port of",2020-10-28 12:00:00,2020-10-29 06:00:00,18,61.8,2020-10-29 00:00:00,85,973,2,3,3,100,1,1
2020299N18277,ZETA,2020,"Southeast Missouri Port, MO",2020-10-29 09:00:00,2020-10-29 09:00:00,0,492.3,2020-10-29 09:00:00,53,988,0,0,3,53,1,1
2020299N18277,ZETA,2020,"Southern Indiana District, IN",2020-10-29 09:00:00,2020-10-29 12:00:00,3,418.6,2020-10-29 12:00:00,45,990,0,0,3,53,1,1
2020299N18277,ZETA,2020,"Terrebonne Parish Port, LA",2020-10-28 09:00:00,2020-10-29 06:00:00,21,27.7,2020-10-28 21:00:00,100,970,3,3,3,100,1,1
2020299N18277,ZETA,2020,"Texas City, TX",2020-10-28 12:00:00,2020-10-29 00:00:00,12,403.5,2020-10-28 18:00:00,95,973,2,3,3,100,1,1
2020299N18277,ZETA,2020,"Virginia, VA, Port of",2020-10-29 15:00:00,2020-10-30 00:00:00,9,193.8,2020-10-29 18:00:00,45,992,-4,0,3,45,1,1
2020299N18277,ZETA,2020,"West St. Mary Parish Port, LA",2020-10-28 12:00:00,2020-10-29 03:00:00,15,107.9,2020-10-28 21:00:00,100,970,3,3,3,100,1,1
2020299N18277,ZETA,2020,"Wilmington, DE",2020-10-29 18:00:00,2020-10-30 00:00:00,6,123.8,2020-10-29 21:00:00,45,993,-4,-4,3,45,1,1
2020299N18277,ZETA,2020,"Wilmington, NC",2020-10-29 15:00:00,2020-10-29 18:00:00,3,394.2,2020-10-29 15:00:00,45,991,0,0,3,45,1,1
2020306N15288,ETA,2020,"Canaveral Port District, FL",2020-11-09 00:00:00,2020-11-13 03:00:00,99,215.9,2020-11-12 12:00:00,40,1001,0,1,4,65,1,1
2020306N15288,ETA,2020,"Jacksonville, FL",2020-11-11 15:00:00,2020-11-13 06:00:00,39,23.3,2020-11-12 15:00:00,38,1002,0,0,4,63,1,1
2020306N15288,ETA,2020,"Manatee County Port, FL",2020-11-08 21:00:00,2020-11-12 21:00:00,96,121.9,2020-11-12 00:00:00,55,992,0,1,4,65,1,1
2020306N15288,ETA,2020,"Morehead City, NC",2020-11-13 00:00:00,2020-11-13 18:00:00,18,154.8,2020-11-13 12:00:00,40,1004,-4,0,4,40,0,0
2020306N15288,ETA,2020,"Panama City Port Authority, FL",2020-11-11 15:00:00,2020-11-12 21:00:00,30,288,2020-11-12 09:20:00,45,996,0,0,4,63,1,1
2020306N15288,ETA,2020,"Port Everglades, FL",2020-11-08 12:00:00,2020-11-12 15:00:00,99,141.4,2020-11-09 04:00:00,55,993,0,1,4,65,1,1
2020306N15288,ETA,2020,"Port of Brunswick, GA",2020-11-11 21:00:00,2020-11-13 06:00:00,33,32.9,2020-11-12 18:00:00,35,1003,0,0,4,58,1,1
2020306N15288,ETA,2020,"Port of Charleston, SC",2020-11-12 12:00:00,2020-11-13 12:00:00,24,125.5,2020-11-13 00:00:00,40,1004,0,0,4,40,1,1
2020306N15288,ETA,2020,"Port of Palm Beach District, FL",2020-11-08 15:00:00,2020-11-12 18:00:00,99,200.2,2020-11-09 04:00:00,55,993,0,1,4,65,1,1
2020306N15288,ETA,2020,"Port of Savannah, GA",2020-11-12 03:00:00,2020-11-13 09:00:00,30,87.3,2020-11-12 21:00:00,38,1004,0,0,4,53,1,1
2020306N15288,ETA,2020,"PortMiami, FL",2020-11-08 08:55:00,2020-11-12 12:00:00,99.0833,81.5,2020-11-09 04:00:00,55,993,0,1,4,65,1,1
2020306N15288,ETA,2020,"Tampa Port Authority, FL",2020-11-09 00:00:00,2020-11-12 21:00:00,93,112.2,2020-11-12 03:00:00,53,993,0,1,4,65,1,1
2020306N15288,ETA,2020,"Virginia, VA, Port of",2020-11-13 06:00:00,2020-11-13 18:00:00,12,334.7,2020-11-13 12:00:00,40,1004,-4,0,4,40,0,0
2020306N15288,ETA,2020,"Wilmington, NC",2020-11-12 18:00:00,2020-11-13 15:00:00,21,149.3,2020-11-13 09:00:00,40,1004,0,0,4,40,0,0
2021165N32282,BILL,2021,"Canaveral Port District, FL",2021-06-13 18:00:00,2021-06-13 18:00:00,0,451.9,2021-06-13 18:00:00,20,1008,-3,-3,0,20,0,0
2021165N32282,BILL,2021,"Jacksonville, FL",2021-06-13 18:00:00,2021-06-14 00:00:00,6,380.9,2021-06-13 18:00:00,20,1008,-3,-3,0,20,0,0
2021165N32282,BILL,2021,"Morehead City, NC",2021-06-13 18:00:00,2021-06-14 21:00:00,27,186.7,2021-06-14 06:00:00,25,1006,-1,0,0,38,0,0
2021165N32282,BILL,2021,"Port of Brunswick, GA",2021-06-13 18:00:00,2021-06-14 00:00:00,6,331.9,2021-06-13 18:00:00,20,1008,-3,-3,0,20,0,0
2021165N32282,BILL,2021,"Port of Charleston, SC",2021-06-13 18:00:00,2021-06-14 09:00:00,15,220.4,2021-06-13 18:00:00,20,1008,-3,-1,0,28,0,0
2021165N32282,BILL,2021,"Port of Savannah, GA",2021-06-13 18:00:00,2021-06-14 03:00:00,9,285.9,2021-06-13 18:00:00,20,1008,-3,-3,0,23,0,0
2021165N32282,BILL,2021,"Virginia, VA, Port of",2021-06-14 00:00:00,2021-06-14 21:00:00,21,361.7,2021-06-14 12:00:00,30,1005,-1,0,0,38,0,0
2021165N32282,BILL,2021,"Wilmington, NC",2021-06-13 18:00:00,2021-06-14 18:00:00,24,202.8,2021-06-14 03:00:00,23,1007,-3,0,0,35,0,0
2021169N23268,CLAUDETTE,2021,"Baltimore, MD",2021-06-21 09:00:00,2021-06-21 21:00:00,12,351.7,2021-06-21 15:00:00,40,1005,0,0,0,40,1,1
2021169N23268,CLAUDETTE,2021,"Beaumont, TX",2021-06-18 15:00:00,2021-06-19 15:00:00,24,317.9,2021-06-19 04:30:00,40,1003,0,0,0,40,1,1
2021169N23268,CLAUDETTE,2021,"Boston, MA",2021-06-22 00:00:00,2021-06-22 12:00:00,12,395.6,2021-06-22 06:00:00,40,1004,-4,0,0,40,0,0
2021169N23268,CLAUDETTE,2021,"Bridgeport, CT",2021-06-21 18:00:00,2021-06-22 06:00:00,12,376.1,2021-06-22 00:00:00,40,1004,0,0,0,40,0,0
2021169N23268,CLAUDETTE,2021,"Central Louisiana Regional, LA",2021-06-18 18:00:00,2021-06-20 00:00:00,30,237.8,2021-06-19 09:00:00,38,1004,0,0,0,40,1,1
2021169N23268,CLAUDETTE,2021,"Chattanooga, TN",2021-06-19 21:00:00,2021-06-21 03:00:00,30,179.2,2021-06-20 12:00:00,25,1007,-1,0,0,35,1,1
2021169N23268,CLAUDETTE,2021,"Galveston, TX",2021-06-18 15:00:00,2021-06-19 09:00:00,18,367.1,2021-06-19 03:00:00,40,1004,0,0,0,40,1,1
2021169N23268,CLAUDETTE,2021,"Greater Lafourche Port, LA",2021-06-18 09:00:00,2021-06-20 03:00:00,42,57.5,2021-06-19 06:00:00,40,1003,0,0,0,40,1,1
2021169N23268,CLAUDETTE,2021,"Guntersville, AL",2021-06-19 15:00:00,2021-06-21 00:00:00,33,129.6,2021-06-20 09:00:00,25,1007,-1,-1,0,33,1,1
2021169N23268,CLAUDETTE,2021,"Helena-West Helena Port, AR",2021-06-19 09:00:00,2021-06-20 09:00:00,24,359.3,2021-06-19 21:00:00,28,1005,-1,0,0,38,1,1
2021169N23268,CLAUDETTE,2021,"Hickman-Fulton County Port, KY",2021-06-20 00:00:00,2021-06-20 09:00:00,9,453.7,2021-06-20 06:00:00,25,1006,-1,-1,0,25,1,1
2021169N23268,CLAUDETTE,2021,"Houston Port Authority, TX",2021-06-18 21:00:00,2021-06-19 09:00:00,12,429.3,2021-06-19 03:00:00,40,1004,0,0,0,40,1,1
2021169N23268,CLAUDETTE,2021,"Jacksonville, FL",2021-06-20 12:00:00,2021-06-21 03:00:00,15,408.2,2021-06-20 18:00:00,25,1008,-1,0,0,35,1,1
2021169N23268,CLAUDETTE,2021,"Lake Charles Harbor District, LA",2021-06-18 12:00:00,2021-06-19 18:00:00,30,237.8,2021-06-19 04:30:00,40,1003,0,0,0,40,1,1
2021169N23268,CLAUDETTE,2021,"Lake Providence Port, LA",2021-06-19 00:00:00,2021-06-20 06:00:00,30,250.9,2021-06-19 15:00:00,33,1005,-1,0,0,40,1,1
2021169N23268,CLAUDETTE,2021,"Massac-Metropolis Port, IL",2021-06-20 06:00:00,2021-06-20 06:00:00,0,499.8,2021-06-20 06:00:00,25,1006,-1,-1,0,25,1,1
2021169N23268,CLAUDETTE,2021,"Memphis-Shelby County Port, TN",2021-06-19 15:00:00,2021-06-20 09:00:00,18,365.4,2021-06-20 03:00:00,25,1006,-1,-1,0,33,1,1
2021169N23268,CLAUDETTE,2021,"Mobile, AL",2021-06-18 18:00:00,2021-06-20 12:00:00,42,114,2021-06-19 18:00:00,30,1005,-1,0,0,40,1,1
2021169N23268,CLAUDETTE,2021,"Morehead City, NC",2021-06-21 00:00:00,2021-06-21 18:00:00,18,136.2,2021-06-21 09:00:00,40,1006,0,0,0,40,1,1
2021169N23268,CLAUDETTE,2021,"Nashville, TN",2021-06-19 21:00:00,2021-06-20 21:00:00,24,334,2021-06-20 09:00:00,25,1007,-1,-1,0,28,1,1
2021169N23268,CLAUDETTE,2021,"New Haven, CT",2021-06-21 18:00:00,2021-06-22 06:00:00,12,375.2,2021-06-22 00:00:00,40,1004,0,0,0,40,0,0
2021169N23268,CLAUDETTE,2021,"New Madrid County Port, MO",2021-06-20 00:00:00,2021-06-20 06:00:00,6,477.8,2021-06-20 03:00:00,25,1006,-1,-1,0,25,1,1
2021169N23268,CLAUDETTE,2021,"New Orleans, LA",2021-06-18 12:00:00,2021-06-20 06:00:00,42,37.7,2021-06-19 09:00:00,38,1004,0,0,0,40,1,1
2021169N23268,CLAUDETTE,2021,"New York, NY & NJ",2021-06-21 15:00:00,2021-06-22 03:00:00,12,373.3,2021-06-21 21:00:00,40,1004,0,0,0,40,0,0
2021169N23268,CLAUDETTE,2021,"Orange County Nav District, TX",2021-06-18 15:00:00,2021-06-19 15:00:00,24,298,2021-06-19 04:30:00,40,1003,0,0,0,40,1,1
2021169N23268,CLAUDETTE,2021,"Paducah-McCracken Riverport, KY",2021-06-20 03:00:00,2021-06-20 09:00:00,6,483.3,2021-06-20 06:00:00,25,1006,-1,-1,0,25,1,1
2021169N23268,CLAUDETTE,2021,"Panama City Port Authority, FL",2021-06-19 09:00:00,2021-06-20 18:00:00,33,316.5,2021-06-20 00:00:00,25,1005,-1,0,0,38,1,1
2021169N23268,CLAUDETTE,2021,"Pemiscot County Port, MO",2021-06-19 21:00:00,2021-06-20 09:00:00,12,447.2,2021-06-20 03:00:00,25,1006,-1,-1,0,28,1,1
2021169N23268,CLAUDETTE,2021,"Philadelphia Regional Port, PA",2021-06-21 12:00:00,2021-06-22 00:00:00,12,362.6,2021-06-21 21:00:00,40,1004,0,0,0,40,1,1
2021169N23268,CLAUDETTE,2021,"Plaquemines Port District, LA",2021-06-18 09:00:00,2021-06-20 03:00:00,42,119.3,2021-06-19 09:00:00,38,1004,0,0,0,40,1,1
2021169N23268,CLAUDETTE,2021,"Port Arthur, TX",2021-06-18 15:00:00,2021-06-19 15:00:00,24,294,2021-06-19 04:30:00,40,1003,0,0,0,40,1,1
2021169N23268,CLAUDETTE,2021,"Port Freeport, TX",2021-06-18 18:00:00,2021-06-19 06:00:00,12,426.6,2021-06-19 00:00:00,40,1005,0,0,0,40,1,1
2021169N23268,CLAUDETTE,2021,"Port Jefferson, NY",2021-06-21 18:00:00,2021-06-22 06:00:00,12,350.9,2021-06-22 00:00:00,40,1004,0,0,0,40,0,0
2021169N23268,CLAUDETTE,2021,"Port of Brunswick, GA",2021-06-20 09:00:00,2021-06-21 06:00:00,21,324.1,2021-06-20 21:00:00,28,1008,-1,0,0,40,1,1
2021169N23268,CLAUDETTE,2021,"Port of Charleston, SC",2021-06-20 12:00:00,2021-06-21 12:00:00,24,169.5,2021-06-21 00:00:00,30,1007,-1,0,0,40,1,1
2021169N23268,CLAUDETTE,2021,"Port of Greater Baton Rouge, LA",2021-06-18 15:00:00,2021-06-20 03:00:00,36,94.8,2021-06-19 09:00:00,38,1004,0,0,0,40,1,1
2021169N23268,CLAUDETTE,2021,"Port of Greenville, MS",2021-06-19 03:00:00,2021-06-20 09:00:00,30,297.6,2021-06-19 18:00:00,30,1005,-1,0,0,40,1,1
2021169N23268,CLAUDETTE,2021,"Port of Gulfport, MS",2021-06-18 15:00:00,2021-06-20 09:00:00,42,81.8,2021-06-19 15:00:00,33,1005,-1,0,0,40,1,1
2021169N23268,CLAUDETTE,2021,"Port of Iberia District, LA",2021-06-18 12:00:00,2021-06-20 00:00:00,36,95.9,2021-06-19 04:30:00,40,1003,0,0,0,40,1,1
2021169N23268,CLAUDETTE,2021,"Port of Pascagoula, MS",2021-06-18 15:00:00,2021-06-20 12:00:00,45,102.6,2021-06-19 15:00:00,33,1005,-1,0,0,40,1,1
2021169N23268,CLAUDETTE,2021,"Port of Providence, RI",2021-06-21 21:00:00,2021-06-22 09:00:00,12,362.3,2021-06-22 03:00:00,40,1004,0,0,0,40,0,0
2021169N23268,CLAUDETTE,2021,"Port of Rosedale, MS",2021-06-19 06:00:00,2021-06-20 09:00:00,27,312.9,2021-06-19 21:00:00,28,1005,-1,0,0,40,1,1
2021169N23268,CLAUDETTE,2021,"Port of Savannah, GA",2021-06-20 09:00:00,2021-06-21 09:00:00,24,233.8,2021-06-21 00:00:00,30,1007,-1,0,0,40,1,1
2021169N23268,CLAUDETTE,2021,"Port of Vicksburg, MS",2021-06-19 00:00:00,2021-06-20 09:00:00,33,196,2021-06-19 15:00:00,33,1005,-1,0,0,40,1,1
2021169N23268,CLAUDETTE,2021,"Portland, ME",2021-06-22 06:00:00,2021-06-22 12:00:00,6,474.6,2021-06-22 09:00:00,40,1004,-4,-4,0,40,0,0
2021169N23268,CLAUDETTE,2021,"Portsmouth, NH",2021-06-22 03:00:00,2021-06-22 09:00:00,6,448.7,2021-06-22 06:00:00,40,1004,-4,0,0,40,0,0
2021169N23268,CLAUDETTE,2021,"Sabine Pass Port Authority, TX",2021-06-18 15:00:00,2021-06-19 15:00:00,24,306,2021-06-19 03:00:00,40,1004,0,0,0,40,1,1
2021169N23268,CLAUDETTE,2021,"Searsport, ME",2021-06-22 09:00:00,2021-06-22 12:00:00,3,473.9,2021-06-22 12:00:00,40,1004,-4,-4,0,40,0,0
2021169N23268,CLAUDETTE,2021,"South Jersey Port Corp, NJ",2021-06-21 12:00:00,2021-06-22 03:00:00,15,314.6,2021-06-21 18:00:00,40,1004,0,0,0,40,1,1
2021169N23268,CLAUDETTE,2021,"South Louisiana, LA, Port of",2021-06-18 12:00:00,2021-06-20 03:00:00,39,13.6,2021-06-19 09:00:00,38,1004,0,0,0,40,1,1
2021169N23268,CLAUDETTE,2021,"Terrebonne Parish Port, LA",2021-06-18 09:00:00,2021-06-20 00:00:00,39,18.4,2021-06-19 06:00:00,40,1003,0,0,0,40,1,1
2021169N23268,CLAUDETTE,2021,"Texas City, TX",2021-06-18 15:00:00,2021-06-19 12:00:00,21,373.4,2021-06-19 03:00:00,40,1004,0,0,0,40,1,1
2021169N23268,CLAUDETTE,2021,"Virginia, VA, Port of",2021-06-21 03:00:00,2021-06-21 21:00:00,18,100.3,2021-06-21 12:00:00,40,1005,0,0,0,40,1,1
2021169N23268,CLAUDETTE,2021,"West St. Mary Parish Port, LA",2021-06-18 09:00:00,2021-06-20 00:00:00,39,76.8,2021-06-19 04:30:00,40,1003,0,0,0,40,1,1
2021169N23268,CLAUDETTE,2021,"Wilmington, DE",2021-06-21 12:00:00,2021-06-22 00:00:00,12,351.8,2021-06-21 18:00:00,40,1004,0,0,0,40,1,1
2021169N23268,CLAUDETTE,2021,"Wilmington, NC",2021-06-20 18:00:00,2021-06-21 15:00:00,21,141.6,2021-06-21 06:00:00,40,1006,0,0,0,40,1,1
2021179N30287,DANNY,2021,"Canaveral Port District, FL",2021-06-28 09:00:00,2021-06-29 00:00:00,15,403.2,2021-06-28 21:00:00,37,1010,0,0,0,40,1,1
2021179N30287,DANNY,2021,"Jacksonville, FL",2021-06-28 09:00:00,2021-06-29 00:00:00,15,244.5,2021-06-28 23:20:00,35,1010,0,0,0,40,1,1
2021179N30287,DANNY,2021,"Morehead City, NC",2021-06-28 03:00:00,2021-06-29 00:00:00,21,368,2021-06-28 12:00:00,35,1011,0,0,0,40,1,1
2021179N30287,DANNY,2021,"Port of Brunswick, GA",2021-06-28 09:00:00,2021-06-29 00:00:00,15,158,2021-06-29 00:00:00,30,1011,-1,0,0,40,1,1
2021179N30287,DANNY,2021,"Port of Charleston, SC",2021-06-28 06:00:00,2021-06-29 00:00:00,18,91.4,2021-06-28 23:20:00,35,1010,0,0,0,40,1,1
2021179N30287,DANNY,2021,"Port of Savannah, GA",2021-06-28 09:00:00,2021-06-29 00:00:00,15,52.1,2021-06-29 00:00:00,30,1011,-1,0,0,40,1,1
2021179N30287,DANNY,2021,"Wilmington, NC",2021-06-28 03:00:00,2021-06-29 00:00:00,21,276.1,2021-06-28 15:00:00,38,1010,0,0,0,40,1,1
2021182N09317,ELSA,2021,"Albany Port District, NY",2021-07-09 06:00:00,2021-07-10 00:00:00,18,222.5,2021-07-09 16:30:00,50,999,0,0,1,50,1,1
2021182N09317,ELSA,2021,"Baltimore, MD",2021-07-08 18:00:00,2021-07-09 16:30:00,22.5,146.5,2021-07-09 06:00:00,50,1001,0,0,1,50,1,1
2021182N09317,ELSA,2021,"Boston, MA",2021-07-09 09:00:00,2021-07-10 03:00:00,18,37.1,2021-07-09 18:00:00,45,999,-4,0,1,50,1,1
2021182N09317,ELSA,2021,"Bridgeport, CT",2021-07-09 03:00:00,2021-07-09 21:00:00,18,81.6,2021-07-09 15:00:00,50,999,0,0,1,50,1,1
2021182N09317,ELSA,2021,"Canaveral Port District, FL",2021-07-06 12:00:00,2021-07-08 06:00:00,42,281.2,2021-07-07 09:00:00,55,999,0,1,1,65,1,1
2021182N09317,ELSA,2021,"Chattanooga, TN",2021-07-08 00:00:00,2021-07-08 15:00:00,15,406,2021-07-08 06:00:00,40,1006,0,0,1,45,1,1
2021182N09317,ELSA,2021,"Guayama, PR",2021-07-02 21:00:00,2021-07-03 12:00:00,15,310.8,2021-07-03 03:00:00,68,997,1,1,1,73,0,0
2021182N09317,ELSA,2021,"Guaynabo, PR",2021-07-03 00:00:00,2021-07-03 12:00:00,12,350,2021-07-03 06:00:00,65,998,1,1,1,70,0,0
2021182N09317,ELSA,2021,"Guntersville, AL",2021-07-07 21:00:00,2021-07-08 09:00:00,12,446.5,2021-07-08 03:00:00,43,1006,0,0,1,45,1,1
2021182N09317,ELSA,2021,"Jacksonville, FL",2021-07-06 21:00:00,2021-07-08 12:00:00,39,151.3,2021-07-07 21:00:00,45,1004,0,1,1,65,1,1
2021182N09317,ELSA,2021,"Manatee County Port, FL",2021-07-06 03:00:00,2021-07-08 00:00:00,45,107.5,2021-07-07 03:00:00,60,997,0,1,1,65,1,1
2021182N09317,ELSA,2021,"Mobile, AL",2021-07-07 12:00:00,2021-07-07 21:00:00,9,449.9,2021-07-07 15:00:00,54,1000,0,0,1,55,1,1
2021182N09317,ELSA,2021,"Morehead City, NC",2021-07-08 09:00:00,2021-07-09 06:00:00,21,202,2021-07-08 21:00:00,45,1004,0,0,1,50,1,1
2021182N09317,ELSA,2021,"New Haven, CT",2021-07-09 06:00:00,2021-07-10 00:00:00,18,69.4,2021-07-09 15:00:00,50,999,0,0,1,50,1,1
2021182N09317,ELSA,2021,"New York, NY & NJ",2021-07-09 03:00:00,2021-07-09 21:00:00,18,90.9,2021-07-09 12:00:00,50,999,0,0,1,50,1,1
2021182N09317,ELSA,2021,"Panama City Port Authority, FL",2021-07-07 00:00:00,2021-07-08 06:00:00,30,208.6,2021-07-07 15:00:00,54,1000,0,1,1,65,1,1
2021182N09317,ELSA,2021,"Philadelphia Regional Port, PA",2021-07-09 00:00:00,2021-07-09 18:00:00,18,94,2021-07-09 09:00:00,50,1000,0,0,1,50,1,1
2021182N09317,ELSA,2021,"Pittsburgh, PA Port of",2021-07-09 00:00:00,2021-07-09 09:00:00,9,432.6,2021-07-09 03:00:00,48,1002,0,0,1,50,1,1
2021182N09317,ELSA,2021,"Port Everglades, FL",2021-07-05 18:00:00,2021-07-07 12:00:00,42,254.7,2021-07-06 21:00:00,63,997,0,1,1,65,1,1
2021182N09317,ELSA,2021,"Port Jefferson, NY",2021-07-09 03:00:00,2021-07-09 21:00:00,18,67,2021-07-09 15:00:00,50,999,0,0,1,50,1,1
2021182N09317,ELSA,2021,"Port of Brunswick, GA",2021-07-07 03:00:00,2021-07-08 15:00:00,36,121.5,2021-07-08 00:00:00,45,1005,0,0,1,60,1,1
2021182N09317,ELSA,2021,"Port of Charleston, SC",2021-07-07 14:30:00,2021-07-09 00:00:00,33.5,120.5,2021-07-08 09:00:00,40,1006,0,0,1,55,1,1
2021182N09317,ELSA,2021,"Port of Palm Beach District, FL",2021-07-05 21:00:00,2021-07-07 18:00:00,45,261.4,2021-07-06 21:00:00,63,997,0,1,1,65,1,1
2021182N09317,ELSA,2021,"Port of Pascagoula, MS",2021-07-07 14:30:00,2021-07-07 15:00:00,0.5,496.3,2021-07-07 15:00:00,54,1000,0,0,1,55,1,1
2021182N09317,ELSA,2021,"Port of Providence, RI",2021-07-09 09:00:00,2021-07-10 00:00:00,15,39.3,2021-07-09 18:00:00,45,999,-4,0,1,50,1,1
2021182N09317,ELSA,2021,"Port of Savannah, GA",2021-07-07 09:00:00,2021-07-08 18:00:00,33,100.6,2021-07-08 06:00:00,40,1006,0,0,1,55,1,1
2021182N09317,ELSA,2021,"PortMiami, FL",2021-07-05 12:00:00,2021-07-07 12:00:00,48,241.1,2021-07-06 15:00:00,58,1000,0,1,1,65,1,1
2021182N09317,ELSA,2021,"Portland, ME",2021-07-09 12:00:00,2021-07-10 03:00:00,15,83.7,2021-07-09 21:00:00,43,998,-4,0,1,50,1,1
2021182N09317,ELSA,2021,"Portsmouth, NH",2021-07-09 12:00:00,2021-07-10 03:00:00,15,88.2,2021-07-09 21:00:00,43,998,-4,0,1,50,1,1
2021182N09317,ELSA,2021,"San Juan, PR",2021-07-03 00:00:00,2021-07-03 12:00:00,12,359.9,2021-07-03 06:00:00,65,998,1,1,1,70,0,0
2021182N09317,ELSA,2021,"Searsport, ME",2021-07-09 15:00:00,2021-07-10 06:00:00,15,72.4,2021-07-10 00:00:00,40,997,-4,0,1,50,1,1
2021182N09317,ELSA,2021,"South Jersey Port Corp, NJ",2021-07-08 21:00:00,2021-07-09 18:00:00,21,59.4,2021-07-09 09:00:00,50,1000,0,0,1,50,1,1
2021182N09317,ELSA,2021,"Tampa Port Authority, FL",2021-07-06 06:00:00,2021-07-08 03:00:00,45,114,2021-07-07 06:00:00,55,998,0,1,1,65,1,1
2021182N09317,ELSA,2021,"Virgin Islands - St. Croix, VI",2021-07-02 21:00:00,2021-07-03 09:00:00,12,338.2,2021-07-03 03:00:00,68,997,1,1,1,73,0,0
2021182N09317,ELSA,2021,"Virginia, VA, Port of",2021-07-08 12:00:00,2021-07-09 12:00:00,24,80.2,2021-07-09 03:00:00,48,1002,0,0,1,50,1,1
2021182N09317,ELSA,2021,"Wilmington, DE",2021-07-08 21:00:00,2021-07-09 18:00:00,21,111.7,2021-07-09 09:00:00,50,1000,0,0,1,50,1,1
2021182N09317,ELSA,2021,"Wilmington, NC",2021-07-08 03:00:00,2021-07-09 03:00:00,24,175.8,2021-07-08 18:00:00,45,1004,0,0,1,48,1,1
2021222N14301,FRED,2021,"Albany Port District, NY",2021-08-18 21:00:00,2021-08-20 06:00:00,33,24,2021-08-19 18:00:00,25,1010,-4,-3,0,25,1,1
2021222N14301,FRED,2021,"Baltimore, MD",2021-08-18 09:00:00,2021-08-19 21:00:00,36,241.7,2021-08-19 00:00:00,20,1012,-4,-3,0,25,1,1
2021222N14301,FRED,2021,"Boston, MA",2021-08-19 06:00:00,2021-08-20 06:00:00,24,29.7,2021-08-20 06:00:00,25,1008,-4,-4,0,25,1,1
2021222N14301,FRED,2021,"Bridgeport, CT",2021-08-18 21:00:00,2021-08-20 06:00:00,33,170.1,2021-08-19 18:00:00,25,1010,-4,-3,0,25,1,1
2021222N14301,FRED,2021,"Canaveral Port District, FL",2021-08-15 15:00:00,2021-08-16 21:00:00,30,467,2021-08-16 18:00:00,55,991,0,0,0,55,1,1
2021222N14301,FRED,2021,"Chattanooga, TN",2021-08-17 00:00:00,2021-08-18 09:00:00,33,97.5,2021-08-17 21:00:00,25,1009,-1,0,0,45,1,1
2021222N14301,FRED,2021,"Cincinnati, OH",2021-08-17 21:00:00,2021-08-18 18:00:00,21,250.2,2021-08-18 06:00:00,20,1010,-3,-1,0,25,1,1
2021222N14301,FRED,2021,"Cleveland-Cuyahoga Port, OH",2021-08-18 06:00:00,2021-08-19 09:00:00,27,216.9,2021-08-18 18:00:00,20,1013,-3,-3,0,20,1,1
2021222N14301,FRED,2021,"Conneaut, OH",2021-08-18 06:00:00,2021-08-19 12:00:00,30,181.3,2021-08-18 21:00:00,20,1013,-3,-3,0,20,1,1
2021222N14301,FRED,2021,"Detroit-Wayne County Port, MI",2021-08-18 09:00:00,2021-08-19 03:00:00,18,357.5,2021-08-18 15:00:00,20,1012,-3,-3,0,20,1,1
2021222N14301,FRED,2021,"Greater Lafourche Port, LA",2021-08-16 03:00:00,2021-08-17 00:00:00,21,446.9,2021-08-16 12:00:00,50,993,0,0,0,55,1,1
2021222N14301,FRED,2021,"Guayama, PR",2021-08-10 09:00:00,2021-08-11 18:00:00,33,75,2021-08-11 00:00:00,35,1009,0,0,0,40,1,1
2021222N14301,FRED,2021,"Guaynabo, PR",2021-08-10 09:00:00,2021-08-11 18:00:00,33,116.1,2021-08-11 00:00:00,35,1009,0,0,0,40,1,1
2021222N14301,FRED,2021,"Guntersville, AL",2021-08-16 21:00:00,2021-08-18 03:00:00,30,149.5,2021-08-17 18:00:00,25,1008,-1,0,0,51,1,1
2021222N14301,FRED,2021,"Henderson County Riverport, KY",2021-08-17 18:00:00,2021-08-18 06:00:00,12,411.5,2021-08-18 00:00:00,25,1009,-3,-1,0,25,1,1
2021222N14301,FRED,2021,"Hickman-Fulton County Port, KY",2021-08-17 18:00:00,2021-08-17 21:00:00,3,482.7,2021-08-17 21:00:00,25,1009,-1,-1,0,25,1,1
2021222N14301,FRED,2021,"Jacksonville, FL",2021-08-16 06:00:00,2021-08-17 18:00:00,36,359.5,2021-08-17 00:00:00,45,998,0,0,0,55,1,1
2021222N14301,FRED,2021,"Louisville-Jefferson Port, KY",2021-08-17 18:00:00,2021-08-18 15:00:00,21,280.8,2021-08-18 03:00:00,23,1010,-3,-1,0,25,1,1
2021222N14301,FRED,2021,"Manatee County Port, FL",2021-08-14 15:00:00,2021-08-17 03:00:00,60,295.2,2021-08-15 15:00:00,38,1007,0,0,0,55,1,1
2021222N14301,FRED,2021,"Marblehead, OH",2021-08-18 06:00:00,2021-08-19 03:00:00,21,266.5,2021-08-18 15:00:00,20,1012,-3,-3,0,20,1,1
2021222N14301,FRED,2021,"Marine City, MI",2021-08-18 09:00:00,2021-08-19 06:00:00,21,347.1,2021-08-18 18:00:00,20,1013,-3,-3,0,20,1,1
2021222N14301,FRED,2021,"Massac-Metropolis Port, IL",2021-08-17 21:00:00,2021-08-18 00:00:00,3,479,2021-08-18 00:00:00,25,1009,-3,-1,0,25,1,1
2021222N14301,FRED,2021,"Memphis-Shelby County Port, TN",2021-08-17 15:00:00,2021-08-17 18:00:00,3,495.6,2021-08-17 18:00:00,25,1008,-1,-1,0,25,1,1
2021222N14301,FRED,2021,"Mobile, AL",2021-08-16 00:00:00,2021-08-17 18:00:00,42,258.5,2021-08-17 00:00:00,45,998,0,0,0,55,1,1
2021222N14301,FRED,2021,"Monroe, MI",2021-08-18 06:00:00,2021-08-19 03:00:00,21,343.7,2021-08-18 15:00:00,20,1012,-3,-3,0,20,1,1
2021222N14301,FRED,2021,"Nashville, TN",2021-08-17 09:00:00,2021-08-18 06:00:00,21,273.1,2021-08-17 21:00:00,25,1009,-1,-1,0,30,1,1
2021222N14301,FRED,2021,"New Haven, CT",2021-08-19 00:00:00,2021-08-20 06:00:00,30,154.9,2021-08-19 21:00:00,25,1010,-4,-4,0,25,1,1
2021222N14301,FRED,2021,"New Orleans, LA",2021-08-16 03:00:00,2021-08-17 06:00:00,27,443.6,2021-08-16 21:00:00,51,994,0,0,0,55,1,1
2021222N14301,FRED,2021,"New York, NY & NJ",2021-08-18 18:00:00,2021-08-20 06:00:00,36,208.4,2021-08-19 12:00:00,20,1011,-4,-3,0,25,1,1
2021222N14301,FRED,2021,"Owensboro Riverport, KY",2021-08-17 18:00:00,2021-08-18 09:00:00,15,374.9,2021-08-18 00:00:00,25,1009,-3,-1,0,25,1,1
2021222N14301,FRED,2021,"Paducah-McCracken Riverport, KY",2021-08-17 18:00:00,2021-08-18 00:00:00,6,471.2,2021-08-17 21:00:00,25,1009,-1,-1,0,25,1,1
2021222N14301,FRED,2021,"Panama City Port Authority, FL",2021-08-15 15:00:00,2021-08-17 18:00:00,51,27.1,2021-08-16 21:00:00,51,994,0,0,0,55,1,1
2021222N14301,FRED,2021,"Philadelphia Regional Port, PA",2021-08-18 15:00:00,2021-08-20 06:00:00,39,250.4,2021-08-19 06:00:00,20,1011,-4,-3,0,25,1,1
2021222N14301,FRED,2021,"Pittsburgh, PA Port of",2021-08-18 03:00:00,2021-08-19 12:00:00,33,16.5,2021-08-18 18:00:00,20,1013,-3,-3,0,23,1,1
2021222N14301,FRED,2021,"Plaquemines Port District, LA",2021-08-15 21:00:00,2021-08-17 06:00:00,33,375.4,2021-08-16 12:00:00,50,993,0,0,0,55,1,1
2021222N14301,FRED,2021,"Port Everglades, FL",2021-08-13 15:00:00,2021-08-15 18:00:00,51,393.2,2021-08-14 06:00:00,30,1012,-3,0,0,40,1,1
2021222N14301,FRED,2021,"Port Jefferson, NY",2021-08-18 21:00:00,2021-08-20 06:00:00,33,194.7,2021-08-19 21:00:00,25,1010,-4,-3,0,25,1,1
2021222N14301,FRED,2021,"Port of Brunswick, GA",2021-08-16 12:00:00,2021-08-17 21:00:00,33,372.3,2021-08-17 03:00:00,40,1001,0,0,0,55,1,1
2021222N14301,FRED,2021,"Port of Charleston, SC",2021-08-17 12:00:00,2021-08-18 03:00:00,15,437,2021-08-17 21:00:00,25,1009,-1,-1,0,25,1,1
2021222N14301,FRED,2021,"Port of Gulfport, MS",2021-08-16 00:00:00,2021-08-17 12:00:00,36,352.1,2021-08-17 00:00:00,45,998,0,0,0,55,1,1
2021222N14301,FRED,2021,"Port of Palm Beach District, FL",2021-08-13 21:00:00,2021-08-15 21:00:00,48,425.2,2021-08-15 09:00:00,35,1009,-3,0,0,45,1,1
2021222N14301,FRED,2021,"Port of Pascagoula, MS",2021-08-16 00:00:00,2021-08-17 15:00:00,39,309,2021-08-17 00:00:00,45,998,0,0,0,55,1,1
2021222N14301,FRED,2021,"Port of Providence, RI",2021-08-19 06:00:00,2021-08-20 06:00:00,24,94.7,2021-08-20 06:00:00,25,1008,-4,-4,0,25,1,1
2021222N14301,FRED,2021,"Port of Savannah, GA",2021-08-16 19:00:00,2021-08-18 00:00:00,29,386.6,2021-08-17 15:00:00,25,1007,-1,0,0,55,1,1
2021222N14301,FRED,2021,"PortMiami, FL",2021-08-13 12:00:00,2021-08-15 18:00:00,54,333.6,2021-08-14 06:00:00,30,1012,-3,0,0,40,1,1
2021222N14301,FRED,2021,"Portland, ME",2021-08-19 09:00:00,2021-08-20 06:00:00,21,131.7,2021-08-20 06:00:00,25,1008,-4,-4,0,25,1,1
2021222N14301,FRED,2021,"Portsmouth, NH",2021-08-19 09:00:00,2021-08-20 06:00:00,21,53.9,2021-08-20 06:00:00,25,1008,-4,-4,0,25,1,1
2021222N14301,FRED,2021,"San Juan, PR",2021-08-10 12:00:00,2021-08-11 18:00:00,30,124.8,2021-08-11 00:00:00,35,1009,0,0,0,40,1,1
2021222N14301,FRED,2021,"Sandusky, OH",2021-08-18 06:00:00,2021-08-19 03:00:00,21,260.8,2021-08-18 15:00:00,20,1012,-3,-3,0,20,1,1
2021222N14301,FRED,2021,"Searsport, ME",2021-08-19 15:00:00,2021-08-20 06:00:00,15,267.1,2021-08-20 06:00:00,25,1008,-4,-4,0,25,1,1
2021222N14301,FRED,2021,"Shawneetown Regional Port, IL",2021-08-17 21:00:00,2021-08-18 03:00:00,6,456,2021-08-18 00:00:00,25,1009,-3,-1,0,25,1,1
2021222N14301,FRED,2021,"South Jersey Port Corp, NJ",2021-08-18 15:00:00,2021-08-20 06:00:00,39,296.1,2021-08-19 06:00:00,20,1011,-4,-3,0,25,1,1
2021222N14301,FRED,2021,"South Louisiana, LA, Port of",2021-08-16 12:00:00,2021-08-17 00:00:00,12,488.5,2021-08-16 12:00:00,50,993,0,0,0,55,1,1
2021222N14301,FRED,2021,"Southern Indiana District, IN",2021-08-17 21:00:00,2021-08-18 12:00:00,15,342.8,2021-08-18 03:00:00,23,1010,-3,-1,0,25,1,1
2021222N14301,FRED,2021,"Tampa Port Authority, FL",2021-08-14 21:00:00,2021-08-17 03:00:00,54,323,2021-08-15 15:00:00,38,1007,0,0,0,55,1,1
2021222N14301,FRED,2021,"Toledo-Lucas County Port, OH",2021-08-18 06:00:00,2021-08-19 03:00:00,21,325.7,2021-08-18 15:00:00,20,1012,-3,-3,0,20,1,1
2021222N14301,FRED,2021,"Virgin Islands - St. Croix, VI",2021-08-10 06:00:00,2021-08-11 12:00:00,30,107.1,2021-08-10 21:00:00,33,1010,-3,0,0,40,0,0
2021222N14301,FRED,2021,"Virginia, VA, Port of",2021-08-18 12:00:00,2021-08-18 21:00:00,9,487.5,2021-08-18 15:00:00,20,1012,-3,-3,0,20,1,1
2021222N14301,FRED,2021,"Wilmington, DE",2021-08-18 12:00:00,2021-08-20 06:00:00,42,260.1,2021-08-19 06:00:00,20,1011,-4,-3,0,25,1,1
2021225N15313,GRACE,2021,"Guayama, PR",2021-08-15 00:00:00,2021-08-16 12:00:00,36,108.3,2021-08-15 15:00:00,30,1011,-1,0,3,35,0,0
2021225N15313,GRACE,2021,"Guaynabo, PR",2021-08-15 03:00:00,2021-08-16 09:00:00,30,149.4,2021-08-15 15:00:00,30,1011,-1,-1,3,33,0,0
2021225N15313,GRACE,2021,"San Juan, PR",2021-08-15 03:00:00,2021-08-16 09:00:00,30,158.2,2021-08-15 15:00:00,30,1011,-1,-1,3,33,0,0
2021225N15313,GRACE,2021,"Virgin Islands - St. Croix, VI",2021-08-14 21:00:00,2021-08-16 03:00:00,30,105.2,2021-08-15 09:00:00,30,1010,-1,-1,3,33,0,0
2021227N36297,HENRI,2021,"Albany Port District, NY",2021-08-22 06:00:00,2021-08-24 15:00:00,57,96,2021-08-23 03:00:00,28,1003,-1,1,1,65,1,1
2021227N36297,HENRI,2021,"Baltimore, MD",2021-08-22 06:00:00,2021-08-24 03:00:00,45,307.6,2021-08-23 09:00:00,25,1005,-1,1,1,65,1,1
2021227N36297,HENRI,2021,"Boston, MA",2021-08-22 03:00:00,2021-08-24 18:00:00,63,46.7,2021-08-24 09:00:00,20,1007,-3,1,1,65,1,1
2021227N36297,HENRI,2021,"Bridgeport, CT",2021-08-22 00:00:00,2021-08-24 15:00:00,63,25.2,2021-08-23 21:00:00,23,1006,-3,1,1,65,1,1
2021227N36297,HENRI,2021,"Morehead City, NC",2021-08-20 21:00:00,2021-08-21 18:00:00,21,386.9,2021-08-21 09:00:00,63,992,0,1,1,65,0,0
2021227N36297,HENRI,2021,"New Haven, CT",2021-08-22 00:00:00,2021-08-24 18:00:00,66,21.2,2021-08-24 00:00:00,20,1006,-3,1,1,65,1,1
2021227N36297,HENRI,2021,"New York, NY & NJ",2021-08-22 00:00:00,2021-08-24 15:00:00,63,88.7,2021-08-23 15:00:00,25,1005,-1,1,1,65,1,1
2021227N36297,HENRI,2021,"Philadelphia Regional Port, PA",2021-08-22 00:00:00,2021-08-24 09:00:00,57,179.5,2021-08-23 15:00:00,25,1005,-1,1,1,65,1,1
2021227N36297,HENRI,2021,"Pittsburgh, PA Port of",2021-08-23 06:00:00,2021-08-23 15:00:00,9,473.5,2021-08-23 09:00:00,25,1005,-1,-1,1,25,1,1
2021227N36297,HENRI,2021,"Port Jefferson, NY",2021-08-22 00:00:00,2021-08-24 15:00:00,63,51.6,2021-08-23 21:00:00,23,1006,-3,1,1,65,1,1
2021227N36297,HENRI,2021,"Port of Providence, RI",2021-08-22 00:00:00,2021-08-24 18:00:00,66,19.4,2021-08-24 06:00:00,20,1006,-3,1,1,65,1,1
2021227N36297,HENRI,2021,"Portland, ME",2021-08-22 06:00:00,2021-08-24 18:00:00,60,168.8,2021-08-24 12:00:00,20,1007,-3,1,1,65,1,1
2021227N36297,HENRI,2021,"Portsmouth, NH",2021-08-22 03:00:00,2021-08-24 18:00:00,63,109,2021-08-24 09:00:00,20,1007,-3,1,1,65,1,1
2021227N36297,HENRI,2021,"Searsport, ME",2021-08-22 12:00:00,2021-08-24 18:00:00,54,244,2021-08-24 15:00:00,23,1008,-3,0,1,55,1,1
2021227N36297,HENRI,2021,"South Jersey Port Corp, NJ",2021-08-21 21:00:00,2021-08-24 09:00:00,60,223.9,2021-08-23 15:00:00,25,1005,-1,1,1,65,1,1
2021227N36297,HENRI,2021,"Virginia, VA, Port of",2021-08-21 12:00:00,2021-08-22 00:00:00,12,439.1,2021-08-21 18:00:00,65,990,1,1,1,65,0,0
2021227N36297,HENRI,2021,"Wilmington, DE",2021-08-22 00:00:00,2021-08-24 09:00:00,57,228.2,2021-08-23 09:00:00,25,1005,-1,1,1,65,1,1
2021227N36297,HENRI,2021,"Wilmington, NC",2021-08-21 00:00:00,2021-08-21 12:00:00,12,458,2021-08-21 06:00:00,60,993,0,1,1,65,0,0
2021239N17281,IDA,2021,"Albany Port District, NY",2021-09-01 21:00:00,2021-09-02 15:00:00,18,243.7,2021-09-02 06:00:00,40,997,-4,-4,4,40,1,1
2021239N17281,IDA,2021,"Alexandria-Cairo Port, IL",2021-08-31 00:00:00,2021-09-01 03:00:00,27,307.3,2021-08-31 18:00:00,20,999,-1,-1,4,30,1,1
2021239N17281,IDA,2021,"America's Central Port, IL",2021-08-31 18:00:00,2021-08-31 18:00:00,0,497.1,2021-08-31 18:00:00,20,999,-1,-1,4,20,1,1
2021239N17281,IDA,2021,"Baltimore, MD",2021-09-01 12:00:00,2021-09-02 09:00:00,21,34,2021-09-01 21:00:00,33,998,-4,-4,4,40,1,1
2021239N17281,IDA,2021,"Beaumont, TX",2021-08-29 12:00:00,2021-08-30 21:00:00,33,326,2021-08-30 06:00:00,65,978,1,4,4,130,1,1
2021239N17281,IDA,2021,"Boston, MA",2021-09-02 00:00:00,2021-09-02 21:00:00,21,147.8,2021-09-02 12:00:00,40,997,-4,-4,4,40,1,1
2021239N17281,IDA,2021,"Bridgeport, CT",2021-09-01 21:00:00,2021-09-02 15:00:00,18,73.3,2021-09-02 06:00:00,40,997,-4,-4,4,40,1,1
2021239N17281,IDA,2021,"Central Louisiana Regional, LA",2021-08-29 09:00:00,2021-08-31 09:00:00,48,157.1,2021-08-30 09:00:00,53,985,0,4,4,130,1,1
2021239N17281,IDA,2021,"Chattanooga, TN",2021-08-31 00:00:00,2021-09-01 12:00:00,36,84.5,2021-09-01 00:00:00,20,1000,-1,-1,4,30,1,1
2021239N17281,IDA,2021,"Cincinnati, OH",2021-08-31 21:00:00,2021-09-01 15:00:00,18,272.7,2021-09-01 09:00:00,23,1000,-1,-1,4,28,1,1
2021239N17281,IDA,2021,"Cleveland-Cuyahoga Port, OH",2021-09-01 09:00:00,2021-09-01 21:00:00,12,384.7,2021-09-01 15:00:00,28,1000,-4,-1,4,33,1,1
2021239N17281,IDA,2021,"Conneaut, OH",2021-09-01 12:00:00,2021-09-02 00:00:00,12,369.6,2021-09-01 18:00:00,30,999,-4,-4,4,35,1,1
2021239N17281,IDA,2021,"Galveston, TX",2021-08-29 15:00:00,2021-08-30 15:00:00,24,413.5,2021-08-29 21:00:00,115,938,4,4,4,130,1,1
2021239N17281,IDA,2021,"Greater Lafourche Port, LA",2021-08-28 21:00:00,2021-08-31 03:00:00,54,21.2,2021-08-29 18:00:00,125,932,4,4,4,130,1,1
2021239N17281,IDA,2021,"Guntersville, AL",2021-08-30 15:00:00,2021-09-01 09:00:00,42,111.7,2021-08-31 18:00:00,20,999,-1,0,4,38,1,1
2021239N17281,IDA,2021,"Helena-West Helena Port, AR",2021-08-30 03:00:00,2021-08-31 21:00:00,42,150.5,2021-08-31 06:00:00,25,996,-1,2,4,85,1,1
2021239N17281,IDA,2021,"Henderson County Riverport, KY",2021-08-31 06:00:00,2021-09-01 09:00:00,27,288.6,2021-09-01 00:00:00,20,1000,-1,-1,4,25,1,1
2021239N17281,IDA,2021,"Hickman-Fulton County Port, KY",2021-08-30 21:00:00,2021-09-01 06:00:00,33,239.5,2021-08-31 15:00:00,23,998,-1,-1,4,33,1,1
2021239N17281,IDA,2021,"Houston Port Authority, TX",2021-08-29 18:00:00,2021-08-30 12:00:00,18,448.8,2021-08-30 06:00:00,65,978,1,4,4,125,1,1
2021239N17281,IDA,2021,"Jackson-Union Port District, IL",2021-08-31 03:00:00,2021-09-01 03:00:00,24,347.4,2021-08-31 18:00:00,20,999,-1,-1,4,28,1,1
2021239N17281,IDA,2021,"Jefferson County Port, MO",2021-08-31 09:00:00,2021-08-31 21:00:00,12,465.5,2021-08-31 15:00:00,23,998,-1,-1,4,25,1,1
2021239N17281,IDA,2021,"Kaskaskia Regional Port, IL",2021-08-31 06:00:00,2021-09-01 00:00:00,18,429.3,2021-08-31 18:00:00,20,999,-1,-1,4,25,1,1
2021239N17281,IDA,2021,"Lake Charles Harbor District, LA",2021-08-29 09:00:00,2021-08-31 00:00:00,39,251.6,2021-08-30 06:00:00,65,978,1,4,4,130,1,1
2021239N17281,IDA,2021,"Lake Providence Port, LA",2021-08-29 12:00:00,2021-08-31 18:00:00,54,88.8,2021-08-30 21:00:00,33,996,-1,4,4,130,1,1
2021239N17281,IDA,2021,"Louisville-Jefferson Port, KY",2021-08-31 12:00:00,2021-09-01 15:00:00,27,240.1,2021-09-01 03:00:00,20,1000,-1,-1,4,28,1,1
2021239N17281,IDA,2021,"Manatee County Port, FL",2021-08-28 09:00:00,2021-08-28 21:00:00,12,470.8,2021-08-28 18:00:00,80,976,1,2,4,85,0,0
2021239N17281,IDA,2021,"Marblehead, OH",2021-09-01 09:00:00,2021-09-01 18:00:00,9,413.2,2021-09-01 15:00:00,28,1000,-4,-1,4,30,1,1
2021239N17281,IDA,2021,"Massac-Metropolis Port, IL",2021-08-31 00:00:00,2021-09-01 06:00:00,30,276.1,2021-08-31 18:00:00,20,999,-1,-1,4,30,1,1
2021239N17281,IDA,2021,"Memphis-Shelby County Port, TN",2021-08-30 09:00:00,2021-09-01 03:00:00,42,147.7,2021-08-31 09:00:00,25,996,-1,0,4,53,1,1
2021239N17281,IDA,2021,"Mobile, AL",2021-08-29 00:00:00,2021-08-31 15:00:00,63,254.5,2021-08-30 03:00:00,85,961,2,4,4,130,1,1
2021239N17281,IDA,2021,"Monroe, MI",2021-09-01 12:00:00,2021-09-01 15:00:00,3,486.3,2021-09-01 15:00:00,28,1000,-4,-4,4,28,1,1
2021239N17281,IDA,2021,"Nashville, TN",2021-08-31 00:00:00,2021-09-01 12:00:00,36,96,2021-08-31 21:00:00,20,1000,-1,-1,4,30,1,1
2021239N17281,IDA,2021,"New Bourbon Port Authority, MO",2021-08-31 03:00:00,2021-09-01 00:00:00,21,397.8,2021-08-31 18:00:00,20,999,-1,-1,4,28,1,1
2021239N17281,IDA,2021,"New Haven, CT",2021-09-01 21:00:00,2021-09-02 15:00:00,18,79.7,2021-09-02 06:00:00,40,997,-4,-4,4,40,1,1
2021239N17281,IDA,2021,"New Madrid County Port, MO",2021-08-30 18:00:00,2021-09-01 03:00:00,33,269,2021-08-31 15:00:00,23,998,-1,0,4,35,1,1
2021239N17281,IDA,2021,"New Orleans, LA",2021-08-29 00:00:00,2021-08-31 09:00:00,57,59.5,2021-08-30 00:00:00,105,944,3,4,4,130,1,1
2021239N17281,IDA,2021,"New York, NY & NJ",2021-09-01 18:00:00,2021-09-02 15:00:00,21,57.8,2021-09-02 03:00:00,38,997,-4,-4,4,40,1,1
2021239N17281,IDA,2021,"Orange County Nav District, TX",2021-08-29 12:00:00,2021-08-31 00:00:00,36,301.6,2021-08-30 06:00:00,65,978,1,4,4,130,1,1
2021239N17281,IDA,2021,"Owensboro Riverport, KY",2021-08-31 06:00:00,2021-09-01 12:00:00,30,260.8,2021-09-01 00:00:00,20,1000,-1,-1,4,25,1,1
2021239N17281,IDA,2021,"Paducah-McCracken Riverport, KY",2021-08-31 00:00:00,2021-09-01 06:00:00,30,260.9,2021-08-31 18:00:00,20,999,-1,-1,4,30,1,1
2021239N17281,IDA,2021,"Panama City Port Authority, FL",2021-08-28 21:00:00,2021-08-30 06:00:00,33,418.5,2021-08-29 06:00:00,115,950,4,4,4,130,1,1
2021239N17281,IDA,2021,"Pemiscot County Port, MO",2021-08-30 15:00:00,2021-09-01 03:00:00,36,237.5,2021-08-31 12:00:00,25,996,-1,0,4,38,1,1
2021239N17281,IDA,2021,"Philadelphia Regional Port, PA",2021-09-01 15:00:00,2021-09-02 12:00:00,21,56.7,2021-09-02 00:00:00,35,997,-4,-4,4,40,1,1
2021239N17281,IDA,2021,"Pittsburgh, PA Port of",2021-09-01 09:00:00,2021-09-02 03:00:00,18,202.2,2021-09-01 18:00:00,30,999,-4,-1,4,38,1,1
2021239N17281,IDA,2021,"Plaquemines Port District, LA",2021-08-28 21:00:00,2021-08-31 06:00:00,57,67.2,2021-08-29 15:00:00,130,930,4,4,4,130,1,1
2021239N17281,IDA,2021,"Port Arthur, TX",2021-08-29 12:00:00,2021-08-30 21:00:00,33,310.8,2021-08-30 06:00:00,65,978,1,4,4,130,1,1
2021239N17281,IDA,2021,"Port Freeport, TX",2021-08-29 18:00:00,2021-08-30 09:00:00,15,476.4,2021-08-29 21:00:00,115,938,4,4,4,125,1,1
2021239N17281,IDA,2021,"Port Jefferson, NY",2021-09-01 21:00:00,2021-09-02 15:00:00,18,47.3,2021-09-02 06:00:00,40,997,-4,-4,4,40,1,1
2021239N17281,IDA,2021,"Port of Greater Baton Rouge, LA",2021-08-29 03:00:00,2021-08-31 09:00:00,54,50.7,2021-08-30 06:00:00,65,978,1,4,4,130,1,1
2021239N17281,IDA,2021,"Port of Greenville, MS",2021-08-29 16:55:00,2021-08-31 21:00:00,52.0833,106.8,2021-08-31 00:00:00,30,996,-1,4,4,130,1,1
2021239N17281,IDA,2021,"Port of Gulfport, MS",2021-08-29 00:00:00,2021-08-31 15:00:00,63,158.2,2021-08-30 00:00:00,105,944,3,4,4,130,1,1
2021239N17281,IDA,2021,"Port of Iberia District, LA",2021-08-29 03:00:00,2021-08-31 03:00:00,48,115.8,2021-08-30 00:00:00,105,944,3,4,4,130,1,1
2021239N17281,IDA,2021,"Port of Pascagoula, MS",2021-08-28 21:00:00,2021-08-31 15:00:00,66,200.1,2021-08-30 00:00:00,105,944,3,4,4,130,1,1
2021239N17281,IDA,2021,"Port of Providence, RI",2021-09-02 00:00:00,2021-09-02 18:00:00,18,101.2,2021-09-02 09:00:00,40,997,-4,-4,4,40,1,1
2021239N17281,IDA,2021,"Port of Rosedale, MS",2021-08-29 21:00:00,2021-08-31 21:00:00,48,117.9,2021-08-31 03:00:00,28,996,-1,4,4,115,1,1
2021239N17281,IDA,2021,"Port of Vicksburg, MS",2021-08-29 09:00:00,2021-08-31 18:00:00,57,37.4,2021-08-30 18:00:00,35,996,0,4,4,130,1,1
2021239N17281,IDA,2021,"PortMiami, FL",2021-08-27 21:00:00,2021-08-28 06:00:00,9,450.1,2021-08-27 23:25:00,70,988,1,1,4,70,1,1
2021239N17281,IDA,2021,"Portland, ME",2021-09-02 06:00:00,2021-09-03 00:00:00,18,219.4,2021-09-02 15:00:00,40,997,-4,-4,4,40,1,1
2021239N17281,IDA,2021,"Portsmouth, NH",2021-09-02 03:00:00,2021-09-02 21:00:00,18,204.8,2021-09-02 12:00:00,40,997,-4,-4,4,40,1,1
2021239N17281,IDA,2021,"Sabine Pass Port Authority, TX",2021-08-29 12:00:00,2021-08-30 21:00:00,33,333.6,2021-08-30 03:00:00,85,961,2,4,4,130,1,1
2021239N17281,IDA,2021,"Sandusky, OH",2021-09-01 09:00:00,2021-09-01 18:00:00,9,406.4,2021-09-01 15:00:00,28,1000,-4,-1,4,30,1,1
2021239N17281,IDA,2021,"Searsport, ME",2021-09-02 09:00:00,2021-09-04 18:00:00,57,190,2021-09-02 18:00:00,40,996,-4,-4,4,45,1,1
2021239N17281,IDA,2021,"Shawneetown Regional Port, IL",2021-08-31 03:00:00,2021-09-01 09:00:00,30,304.6,2021-08-31 18:00:00,20,999,-1,-1,4,28,1,1
2021239N17281,IDA,2021,"South Jersey Port Corp, NJ",2021-09-01 15:00:00,2021-09-02 12:00:00,21,60.6,2021-09-02 00:00:00,35,997,-4,-4,4,40,1,1
2021239N17281,IDA,2021,"South Louisiana, LA, Port of",2021-08-29 00:00:00,2021-08-31 09:00:00,57,16.1,2021-08-30 00:00:00,105,944,3,4,4,130,1,1
2021239N17281,IDA,2021,"Southeast Missouri Port, MO",2021-08-31 00:00:00,2021-09-01 03:00:00,27,327.8,2021-08-31 15:00:00,23,998,-1,-1,4,30,1,1
2021239N17281,IDA,2021,"Southern Indiana District, IN",2021-08-31 12:00:00,2021-09-01 12:00:00,24,285.1,2021-09-01 03:00:00,20,1000,-1,-1,4,25,1,1
2021239N17281,IDA,2021,"Southwest Regional Port, IL",2021-08-31 12:00:00,2021-08-31 21:00:00,9,471.5,2021-08-31 18:00:00,20,999,-1,-1,4,25,1,1
2021239N17281,IDA,2021,"St. Louis City Port, MO",2021-08-31 12:00:00,2021-08-31 18:00:00,6,482.2,2021-08-31 18:00:00,20,999,-1,-1,4,25,1,1
2021239N17281,IDA,2021,"St. Louis County, MO",2021-08-31 15:00:00,2021-08-31 18:00:00,3,493.3,2021-08-31 18:00:00,20,999,-1,-1,4,23,1,1
2021239N17281,IDA,2021,"Tampa Port Authority, FL",2021-08-28 18:00:00,2021-08-28 18:00:00,0,494,2021-08-28 18:00:00,80,976,1,1,4,80,0,0
2021239N17281,IDA,2021,"Terrebonne Parish Port, LA",2021-08-29 00:00:00,2021-08-31 03:00:00,51,29.2,2021-08-29 21:00:00,115,938,4,4,4,130,1,1
2021239N17281,IDA,2021,"Texas City, TX",2021-08-29 15:00:00,2021-08-30 15:00:00,24,413.2,2021-08-30 03:00:00,85,961,2,4,4,130,1,1
2021239N17281,IDA,2021,"Toledo-Lucas County Port, OH",2021-09-01 12:00:00,2021-09-01 15:00:00,3,464.2,2021-09-01 15:00:00,28,1000,-4,-4,4,28,1,1
2021239N17281,IDA,2021,"Virginia, VA, Port of",2021-09-01 12:00:00,2021-09-02 03:00:00,15,285.1,2021-09-01 21:00:00,33,998,-4,-4,4,38,1,1
2021239N17281,IDA,2021,"West St. Mary Parish Port, LA",2021-08-29 03:00:00,2021-08-31 03:00:00,48,95.7,2021-08-29 21:00:00,115,938,4,4,4,130,1,1
2021239N17281,IDA,2021,"Wilmington, DE",2021-09-01 15:00:00,2021-09-02 09:00:00,18,9.5,2021-09-02 00:00:00,35,997,-4,-4,4,40,1,1
2021252N28273,MINDY,2021,"Canaveral Port District, FL",2021-09-09 00:00:00,2021-09-09 21:00:00,21,314.6,2021-09-09 12:00:00,30,1005,-1,0,0,50,1,1
2021252N28273,MINDY,2021,"Greater Lafourche Port, LA",2021-09-08 18:00:00,2021-09-09 01:15:00,7.25,350.5,2021-09-08 18:00:00,35,1006,0,0,0,50,1,1
2021252N28273,MINDY,2021,"Guntersville, AL",2021-09-09 06:00:00,2021-09-09 09:00:00,3,483.8,2021-09-09 06:00:00,35,1001,0,0,0,35,1,1
2021252N28273,MINDY,2021,"Jacksonville, FL",2021-09-08 21:00:00,2021-09-09 21:00:00,24,96.9,2021-09-09 12:00:00,30,1005,-1,0,0,50,1,1
2021252N28273,MINDY,2021,"Manatee County Port, FL",2021-09-08 18:00:00,2021-09-09 15:00:00,21,361.7,2021-09-09 03:00:00,44,1000,0,0,0,50,1,1
2021252N28273,MINDY,2021,"Mobile, AL",2021-09-08 18:00:00,2021-09-09 09:00:00,15,267.6,2021-09-08 21:00:00,40,1004,0,0,0,50,1,1
2021252N28273,MINDY,2021,"Morehead City, NC",2021-09-09 18:00:00,2021-09-10 12:00:00,18,292.4,2021-09-10 00:00:00,30,1005,-3,-1,0,30,0,0
2021252N28273,MINDY,2021,"New Orleans, LA",2021-09-08 18:00:00,2021-09-09 01:15:00,7.25,362.2,2021-09-08 18:00:00,35,1006,0,0,0,50,1,1
2021252N28273,MINDY,2021,"Panama City Port Authority, FL",2021-09-08 18:00:00,2021-09-09 12:00:00,18,78.8,2021-09-09 01:15:00,50,1000,0,0,0,50,1,1
2021252N28273,MINDY,2021,"Plaquemines Port District, LA",2021-09-08 18:00:00,2021-09-09 03:00:00,9,283,2021-09-08 18:00:00,35,1006,0,0,0,50,1,1
2021252N28273,MINDY,2021,"Port of Brunswick, GA",2021-09-09 00:00:00,2021-09-10 00:00:00,24,30.2,2021-09-09 12:00:00,30,1005,-1,0,0,50,1,1
2021252N28273,MINDY,2021,"Port of Charleston, SC",2021-09-09 06:00:00,2021-09-10 03:00:00,21,158.8,2021-09-09 18:00:00,30,1005,-1,0,0,35,1,1
2021252N28273,MINDY,2021,"Port of Greater Baton Rouge, LA",2021-09-08 18:00:00,2021-09-08 18:00:00,0,491.8,2021-09-08 18:00:00,35,1006,0,0,0,35,0,0
2021252N28273,MINDY,2021,"Port of Gulfport, MS",2021-09-08 18:00:00,2021-09-09 06:00:00,12,314.3,2021-09-08 18:00:00,35,1006,0,0,0,50,1,1
2021252N28273,MINDY,2021,"Port of Pascagoula, MS",2021-09-08 18:00:00,2021-09-09 06:00:00,12,289.5,2021-09-08 18:00:00,35,1006,0,0,0,50,1,1
2021252N28273,MINDY,2021,"Port of Savannah, GA",2021-09-09 01:15:00,2021-09-10 00:00:00,22.75,82.9,2021-09-09 15:00:00,30,1005,-1,0,0,50,1,1
2021252N28273,MINDY,2021,"South Louisiana, LA, Port of",2021-09-08 18:00:00,2021-09-09 00:00:00,6,402.4,2021-09-08 18:00:00,35,1006,0,0,0,45,1,0
2021252N28273,MINDY,2021,"Tampa Port Authority, FL",2021-09-08 18:00:00,2021-09-09 15:00:00,21,325.4,2021-09-09 06:00:00,35,1001,0,0,0,50,1,1
2021252N28273,MINDY,2021,"Terrebonne Parish Port, LA",2021-09-08 18:00:00,2021-09-08 21:00:00,3,406.7,2021-09-08 18:00:00,35,1006,0,0,0,40,0,0
2021252N28273,MINDY,2021,"West St. Mary Parish Port, LA",2021-09-08 18:00:00,2021-09-08 18:00:00,0,484.8,2021-09-08 18:00:00,35,1006,0,0,0,35,0,0
2021252N28273,MINDY,2021,"Wilmington, NC",2021-09-09 12:00:00,2021-09-10 09:00:00,21,255.5,2021-09-10 00:00:00,30,1005,-3,-1,0,30,1,1
2021256N21265,NICHOLAS,2021,"Beaumont, TX",2021-09-13 15:00:00,2021-09-17 06:00:00,87,6.1,2021-09-15 03:00:00,30,1004,-1,1,1,65,1,1
2021256N21265,NICHOLAS,2021,"Brownsville, TX",2021-09-12 18:00:00,2021-09-14 21:00:00,51,72.9,2021-09-13 12:00:00,50,1000,0,1,1,65,1,1
2021256N21265,NICHOLAS,2021,"Calhoun Port Authority, TX",2021-09-13 03:00:00,2021-09-17 06:00:00,99,71.6,2021-09-14 03:00:00,65,990,1,1,1,65,1,1
2021256N21265,NICHOLAS,2021,"Central Louisiana Regional, LA",2021-09-14 03:00:00,2021-09-17 06:00:00,75,62.8,2021-09-17 06:00:00,15,1010,-3,1,1,65,1,1
2021256N21265,NICHOLAS,2021,"Corpus Christi, TX",2021-09-13 00:00:00,2021-09-15 09:00:00,57,116.3,2021-09-13 21:00:00,60,993,0,1,1,65,1,1
2021256N21265,NICHOLAS,2021,"Galveston, TX",2021-09-13 09:00:00,2021-09-17 06:00:00,93,39.8,2021-09-14 18:00:00,35,1003,0,1,1,65,1,1
2021256N21265,NICHOLAS,2021,"Greater Lafourche Port, LA",2021-09-14 15:00:00,2021-09-17 06:00:00,63,131.9,2021-09-16 06:00:00,20,1007,-3,0,1,43,1,1
2021256N21265,NICHOLAS,2021,"Helena-West Helena Port, AR",2021-09-15 15:00:00,2021-09-17 06:00:00,39,451,2021-09-17 06:00:00,15,1010,-3,-1,1,25,1,1
2021256N21265,NICHOLAS,2021,"Houston Port Authority, TX",2021-09-13 12:00:00,2021-09-17 06:00:00,90,43.9,2021-09-14 15:00:00,43,1001,0,1,1,65,1,1
2021256N21265,NICHOLAS,2021,"Lake Charles Harbor District, LA",2021-09-13 18:00:00,2021-09-17 06:00:00,84,44,2021-09-15 09:00:00,28,1005,-1,1,1,65,1,1
2021256N21265,NICHOLAS,2021,"Lake Providence Port, LA",2021-09-14 18:00:00,2021-09-17 06:00:00,60,272.1,2021-09-17 06:00:00,15,1010,-3,0,1,35,1,1
2021256N21265,NICHOLAS,2021,"Mobile, AL",2021-09-15 12:00:00,2021-09-17 06:00:00,42,360.8,2021-09-16 03:00:00,23,1007,-3,-1,1,25,1,1
2021256N21265,NICHOLAS,2021,"New Orleans, LA",2021-09-14 18:00:00,2021-09-17 06:00:00,60,165.6,2021-09-16 03:00:00,23,1007,-3,0,1,35,1,1
2021256N21265,NICHOLAS,2021,"Orange County Nav District, TX",2021-09-13 15:00:00,2021-09-17 06:00:00,87,12.3,2021-09-15 06:00:00,30,1004,-1,1,1,65,1,1
2021256N21265,NICHOLAS,2021,"Plaquemines Port District, LA",2021-09-15 00:00:00,2021-09-17 06:00:00,54,205.2,2021-09-16 09:00:00,20,1007,-3,-1,1,30,1,1
2021256N21265,NICHOLAS,2021,"Port Arthur, TX",2021-09-13 15:00:00,2021-09-17 06:00:00,87,27.7,2021-09-15 03:00:00,30,1004,-1,1,1,65,1,1
2021256N21265,NICHOLAS,2021,"Port Freeport, TX",2021-09-13 06:00:00,2021-09-17 06:00:00,96,12.3,2021-09-14 09:00:00,58,995,0,1,1,65,1,1
2021256N21265,NICHOLAS,2021,"Port of Greater Baton Rouge, LA",2021-09-14 05:30:00,2021-09-17 06:00:00,72.5,77.8,2021-09-16 00:00:00,25,1006,-3,1,1,65,1,1
2021256N21265,NICHOLAS,2021,"Port of Greenville, MS",2021-09-15 03:00:00,2021-09-17 06:00:00,51,341,2021-09-17 06:00:00,15,1010,-3,-1,1,30,1,1
2021256N21265,NICHOLAS,2021,"Port of Gulfport, MS",2021-09-15 03:00:00,2021-09-17 06:00:00,51,264.4,2021-09-16 03:00:00,23,1007,-3,-1,1,30,1,1
2021256N21265,NICHOLAS,2021,"Port of Harlingen Authority, TX",2021-09-12 18:00:00,2021-09-14 21:00:00,51,86.1,2021-09-13 15:00:00,53,999,0,1,1,65,1,1
2021256N21265,NICHOLAS,2021,"Port of Iberia District, LA",2021-09-14 00:00:00,2021-09-17 06:00:00,78,8.7,2021-09-16 12:00:00,20,1007,-3,1,1,65,1,1
2021256N21265,NICHOLAS,2021,"Port of Pascagoula, MS",2021-09-15 06:00:00,2021-09-17 06:00:00,48,306.1,2021-09-16 03:00:00,23,1007,-3,-1,1,30,1,1
2021256N21265,NICHOLAS,2021,"Port of Rosedale, MS",2021-09-15 06:00:00,2021-09-17 06:00:00,48,388.1,2021-09-17 06:00:00,15,1010,-3,-1,1,30,1,1
2021256N21265,NICHOLAS,2021,"Port of Vicksburg, MS",2021-09-14 18:00:00,2021-09-17 06:00:00,60,267.2,2021-09-17 06:00:00,15,1010,-3,0,1,35,1,1
2021256N21265,NICHOLAS,2021,"Sabine Pass Port Authority, TX",2021-09-13 12:00:00,2021-09-17 06:00:00,90,34.6,2021-09-15 00:00:00,30,1003,-1,1,1,65,1,1
2021256N21265,NICHOLAS,2021,"South Louisiana, LA, Port of",2021-09-14 12:00:00,2021-09-17 06:00:00,66,120.3,2021-09-16 03:00:00,23,1007,-3,0,1,50,1,1
2021256N21265,NICHOLAS,2021,"Terrebonne Parish Port, LA",2021-09-14 05:30:00,2021-09-17 06:00:00,72.5,74,2021-09-16 06:00:00,20,1007,-3,1,1,65,1,1
2021256N21265,NICHOLAS,2021,"Texas City, TX",2021-09-13 09:00:00,2021-09-17 06:00:00,93,16.9,2021-09-14 18:00:00,35,1003,0,1,1,65,1,1
2021256N21265,NICHOLAS,2021,"Victoria, TX",2021-09-13 06:00:00,2021-09-17 06:00:00,96,116.4,2021-09-14 00:00:00,65,988,1,1,1,65,1,1
2021256N21265,NICHOLAS,2021,"West St. Mary Parish Port, LA",2021-09-14 00:00:00,2021-09-17 06:00:00,78,13,2021-09-16 12:00:00,20,1007,-3,1,1,65,1,1
2021259N30286,ODETTE,2021,"Bridgeport, CT",2021-09-18 03:00:00,2021-09-18 09:00:00,6,479.4,2021-09-18 06:00:00,40,1005,0,0,0,40,0,0
2021259N30286,ODETTE,2021,"Morehead City, NC",2021-09-16 09:00:00,2021-09-17 21:00:00,36,181.8,2021-09-17 03:00:00,30,1011,-3,0,0,38,0,0
2021259N30286,ODETTE,2021,"New Haven, CT",2021-09-18 03:00:00,2021-09-18 09:00:00,6,478.5,2021-09-18 06:00:00,40,1005,0,0,0,40,0,0
2021259N30286,ODETTE,2021,"New York, NY & NJ",2021-09-18 00:00:00,2021-09-18 06:00:00,6,479.6,2021-09-18 03:00:00,40,1007,0,0,0,40,0,0
2021259N30286,ODETTE,2021,"Philadelphia Regional Port, PA",2021-09-17 21:00:00,2021-09-18 03:00:00,6,478.3,2021-09-17 21:00:00,38,1009,0,0,0,40,0,0
2021259N30286,ODETTE,2021,"Port Jefferson, NY",2021-09-18 00:00:00,2021-09-18 09:00:00,9,454,2021-09-18 06:00:00,40,1005,0,0,0,40,0,0
2021259N30286,ODETTE,2021,"Port of Charleston, SC",2021-09-16 15:00:00,2021-09-17 06:00:00,15,441.9,2021-09-17 00:00:00,30,1011,-3,-3,0,30,0,0
2021259N30286,ODETTE,2021,"Port of Providence, RI",2021-09-18 06:00:00,2021-09-18 12:00:00,6,458.5,2021-09-18 09:00:00,40,1004,0,0,0,40,0,0
2021259N30286,ODETTE,2021,"South Jersey Port Corp, NJ",2021-09-17 15:00:00,2021-09-18 06:00:00,15,433.7,2021-09-17 21:00:00,38,1009,0,0,0,40,0,0
2021259N30286,ODETTE,2021,"Virginia, VA, Port of",2021-09-16 21:00:00,2021-09-18 03:00:00,30,303.3,2021-09-17 12:00:00,30,1011,-3,0,0,40,0,0
2021259N30286,ODETTE,2021,"Wilmington, DE",2021-09-17 18:00:00,2021-09-18 03:00:00,9,477,2021-09-17 21:00:00,38,1009,0,0,0,40,0,0
2021259N30286,ODETTE,2021,"Wilmington, NC",2021-09-16 09:00:00,2021-09-17 15:00:00,30,254.2,2021-09-17 03:00:00,30,1011,-3,-3,0,33,0,0
2021262N16307,PETER,2021,"Guayama, PR",2021-09-20 21:00:00,2021-09-22 18:00:00,45,295.6,2021-09-21 18:00:00,30,1008,-1,0,0,45,0,0
2021262N16307,PETER,2021,"Guaynabo, PR",2021-09-20 21:00:00,2021-09-22 18:00:00,45,260.5,2021-09-21 18:00:00,30,1008,-1,0,0,45,0,0
2021262N16307,PETER,2021,"San Juan, PR",2021-09-20 21:00:00,2021-09-22 18:00:00,45,250.6,2021-09-21 18:00:00,30,1008,-1,0,0,45,0,0
2021262N16307,PETER,2021,"Virgin Islands - St. Croix, VI",2021-09-20 15:00:00,2021-09-22 18:00:00,51,242.7,2021-09-21 12:00:00,35,1008,0,0,0,45,0,0
2021299N33284,WANDA,2021,"Albany Port District, NY",2021-10-27 03:00:00,2021-10-27 12:00:00,9,376.5,2021-10-27 09:00:00,58,975,-4,-4,0,60,0,0
2021299N33284,WANDA,2021,"Boston, MA",2021-10-26 15:00:00,2021-10-27 18:00:00,27,166.5,2021-10-27 06:00:00,60,973,-4,-4,0,60,0,0
2021299N33284,WANDA,2021,"Bridgeport, CT",2021-10-26 15:00:00,2021-10-27 18:00:00,27,271.6,2021-10-27 09:00:00,58,975,-4,-4,0,60,0,0
2021299N33284,WANDA,2021,"Morehead City, NC",2021-10-25 18:00:00,2021-10-26 03:00:00,9,198.4,2021-10-25 21:00:00,40,1004,-4,-4,0,45,0,0
2021299N33284,WANDA,2021,"New Haven, CT",2021-10-26 15:00:00,2021-10-27 18:00:00,27,251.7,2021-10-27 09:00:00,58,975,-4,-4,0,60,0,0
2021299N33284,WANDA,2021,"New York, NY & NJ",2021-10-27 03:00:00,2021-10-27 15:00:00,12,340,2021-10-27 09:00:00,58,975,-4,-4,0,60,0,0
2021299N33284,WANDA,2021,"Philadelphia Regional Port, PA",2021-10-27 06:00:00,2021-10-27 15:00:00,9,419.1,2021-10-27 12:00:00,55,976,-4,-4,0,60,0,0
2021299N33284,WANDA,2021,"Port Jefferson, NY",2021-10-26 12:00:00,2021-10-27 18:00:00,30,260.6,2021-10-27 09:00:00,58,975,-4,-4,0,60,0,0
2021299N33284,WANDA,2021,"Port of Charleston, SC",2021-10-25 18:00:00,2021-10-25 21:00:00,3,354.1,2021-10-25 18:00:00,35,1006,-4,-4,0,40,0,0
2021299N33284,WANDA,2021,"Port of Providence, RI",2021-10-26 12:00:00,2021-10-27 21:00:00,33,160.7,2021-10-27 09:00:00,58,975,-4,-4,0,60,0,0
2021299N33284,WANDA,2021,"Port of Savannah, GA",2021-10-25 18:00:00,2021-10-25 18:00:00,0,455.5,2021-10-25 18:00:00,35,1006,-4,-4,0,35,0,0
2021299N33284,WANDA,2021,"Portland, ME",2021-10-26 18:00:00,2021-10-27 15:00:00,21,258.8,2021-10-27 06:00:00,60,973,-4,-4,0,60,0,0
2021299N33284,WANDA,2021,"Portsmouth, NH",2021-10-26 18:00:00,2021-10-27 15:00:00,21,216.7,2021-10-27 06:00:00,60,973,-4,-4,0,60,0,0
2021299N33284,WANDA,2021,"Searsport, ME",2021-10-26 21:00:00,2021-10-27 09:00:00,12,343.9,2021-10-27 06:00:00,60,973,-4,-4,0,60,0,0
2021299N33284,WANDA,2021,"South Jersey Port Corp, NJ",2021-10-27 09:00:00,2021-10-27 15:00:00,6,415.7,2021-10-27 12:00:00,55,976,-4,-4,0,58,0,0
2021299N33284,WANDA,2021,"Virginia, VA, Port of",2021-10-25 18:00:00,2021-10-26 06:00:00,12,360.8,2021-10-26 00:00:00,45,1002,-4,-4,0,45,0,0
2021299N33284,WANDA,2021,"Wilmington, DE",2021-10-27 09:00:00,2021-10-27 12:00:00,3,463.9,2021-10-27 12:00:00,55,976,-4,-4,0,58,0,0
2021299N33284,WANDA,2021,"Wilmington, NC",2021-10-25 18:00:00,2021-10-26 03:00:00,9,240.6,2021-10-25 18:00:00,35,1006,-4,-4,0,45,0,0
2022154N21273,ALEX,2022,"Canaveral Port District, FL",2022-06-04 06:00:00,2022-06-05 09:00:00,27,151.2,2022-06-04 18:00:00,40,1001,-3,0,0,48,1,1
2022154N21273,ALEX,2022,"Jacksonville, FL",2022-06-04 12:00:00,2022-06-05 06:00:00,18,364.4,2022-06-04 21:00:00,40,1000,-3,0,0,45,1,1
2022154N21273,ALEX,2022,"Manatee County Port, FL",2022-06-04 00:00:00,2022-06-05 03:00:00,27,143.6,2022-06-04 15:00:00,38,1002,-3,0,0,43,1,1
2022154N21273,ALEX,2022,"Port Everglades, FL",2022-06-04 03:00:00,2022-06-05 06:00:00,27,95.9,2022-06-04 15:00:00,38,1002,-3,0,0,45,1,1
2022154N21273,ALEX,2022,"Port of Brunswick, GA",2022-06-04 15:00:00,2022-06-05 06:00:00,15,434.8,2022-06-04 21:00:00,40,1000,-3,0,0,45,1,1
2022154N21273,ALEX,2022,"Port of Palm Beach District, FL",2022-06-04 03:00:00,2022-06-05 06:00:00,27,57.4,2022-06-04 18:00:00,40,1001,-3,0,0,45,1,1
2022154N21273,ALEX,2022,"PortMiami, FL",2022-06-04 03:00:00,2022-06-05 06:00:00,27,140,2022-06-04 15:00:00,38,1002,-3,0,0,45,1,1
2022154N21273,ALEX,2022,"Tampa Port Authority, FL",2022-06-04 03:00:00,2022-06-05 03:00:00,24,175.6,2022-06-04 15:00:00,38,1002,-3,0,0,43,1,1
2022183N32280,COLIN,2022,"Canaveral Port District, FL",2022-07-01 18:00:00,2022-07-02 03:00:00,9,364.4,2022-07-01 18:00:00,30,1014,-1,0,0,35,1,1
2022183N32280,COLIN,2022,"Jacksonville, FL",2022-07-01 18:00:00,2022-07-02 18:00:00,24,196.7,2022-07-01 18:00:00,30,1014,-1,0,0,35,1,1
2022183N32280,COLIN,2022,"Morehead City, NC",2022-07-01 18:00:00,2022-07-02 18:00:00,24,224,2022-07-02 18:00:00,30,1015,-1,0,0,35,1,1
2022183N32280,COLIN,2022,"Port of Brunswick, GA",2022-07-01 18:00:00,2022-07-02 18:00:00,24,118.6,2022-07-01 18:00:00,30,1014,-1,0,0,35,1,1
2022183N32280,COLIN,2022,"Port of Charleston, SC",2022-07-01 18:00:00,2022-07-02 18:00:00,24,13,2022-07-02 06:00:00,35,1011,0,0,0,35,1,1
2022183N32280,COLIN,2022,"Port of Savannah, GA",2022-07-01 18:00:00,2022-07-02 18:00:00,24,41.3,2022-07-01 21:00:00,33,1012,-1,0,0,35,1,1
2022183N32280,COLIN,2022,"Tampa Port Authority, FL",2022-07-01 18:00:00,2022-07-01 21:00:00,3,468.1,2022-07-01 18:00:00,30,1014,-1,-1,0,33,1,0
2022183N32280,COLIN,2022,"Virginia, VA, Port of",2022-07-02 12:00:00,2022-07-02 18:00:00,6,415.3,2022-07-02 18:00:00,30,1015,-1,0,0,35,1,1
2022183N32280,COLIN,2022,"Wilmington, NC",2022-07-01 18:00:00,2022-07-02 18:00:00,24,103.9,2022-07-02 18:00:00,30,1015,-1,0,0,35,1,1
2022232N20266,UNNAMED,2022,"Brownsville, TX",2022-08-20 06:00:00,2022-08-21 00:00:00,18,137.3,2022-08-21 00:00:00,30,1010,-3,-3,-3,30,0,0
2022232N20266,UNNAMED,2022,"Calhoun Port Authority, TX",2022-08-20 21:00:00,2022-08-21 00:00:00,3,434.7,2022-08-21 00:00:00,30,1010,-3,-3,-3,30,0,0
2022232N20266,UNNAMED,2022,"Corpus Christi, TX",2022-08-20 15:00:00,2022-08-21 00:00:00,9,338,2022-08-21 00:00:00,30,1010,-3,-3,-3,30,0,0
2022232N20266,UNNAMED,2022,"Port of Harlingen Authority, TX",2022-08-20 06:00:00,2022-08-21 00:00:00,18,164.4,2022-08-21 00:00:00,30,1010,-3,-3,-3,30,0,0
2022232N20266,UNNAMED,2022,"Victoria, TX",2022-08-20 21:00:00,2022-08-21 00:00:00,3,448.8,2022-08-21 00:00:00,30,1010,-3,-3,-3,30,0,0
2022246N18301,EARL,2022,"Guayama, PR",2022-09-03 12:00:00,2022-09-05 21:00:00,57,255.1,2022-09-04 18:00:00,50,998,0,0,2,60,0,0
2022246N18301,EARL,2022,"Guaynabo, PR",2022-09-03 09:00:00,2022-09-06 00:00:00,63,217.6,2022-09-04 21:00:00,50,998,0,0,2,60,0,0
2022246N18301,EARL,2022,"San Juan, PR",2022-09-03 09:00:00,2022-09-06 03:00:00,66,207.6,2022-09-04 21:00:00,50,998,0,0,2,60,0,0
2022246N18301,EARL,2022,"Virgin Islands - St. Croix, VI",2022-09-03 03:00:00,2022-09-05 21:00:00,66,205.5,2022-09-04 03:00:00,45,999,0,0,2,60,0,0
2022257N16312,FIONA,2022,"Guayama, PR",2022-09-17 03:00:00,2022-09-20 00:00:00,69,74.5,2022-09-18 15:00:00,70,988,1,2,4,95,1,1
2022257N16312,FIONA,2022,"Guaynabo, PR",2022-09-17 03:00:00,2022-09-20 00:00:00,69,102.8,2022-09-18 18:00:00,75,986,1,2,4,95,1,1
2022257N16312,FIONA,2022,"San Juan, PR",2022-09-17 03:00:00,2022-09-20 00:00:00,69,111.9,2022-09-18 18:00:00,75,986,1,2,4,95,1,1
2022257N16312,FIONA,2022,"Virgin Islands - St. Croix, VI",2022-09-16 18:00:00,2022-09-19 15:00:00,69,121.1,2022-09-18 03:00:00,53,996,0,1,4,80,1,1
2022266N12294,IAN,2022,"Canaveral Port District, FL",2022-09-28 02:00:00,2022-09-30 15:00:00,61,18.9,2022-09-29 12:00:00,60,987,0,5,5,140,1,1
2022266N12294,IAN,2022,"Jacksonville, FL",2022-09-28 12:00:00,2022-09-30 21:00:00,57,219.8,2022-09-29 18:00:00,65,986,1,5,5,140,1,1
2022266N12294,IAN,2022,"Manatee County Port, FL",2022-09-27 18:00:00,2022-09-30 09:00:00,63,71.9,2022-09-29 00:00:00,100,960,3,5,5,140,1,1
2022266N12294,IAN,2022,"Morehead City, NC",2022-09-30 09:00:00,2022-10-01 06:00:00,21,237.5,2022-10-01 00:00:00,50,990,-4,1,5,75,1,1
2022266N12294,IAN,2022,"Port Everglades, FL",2022-09-27 15:00:00,2022-09-30 06:00:00,63,169.7,2022-09-28 20:35:00,125,945,4,5,5,140,1,1
2022266N12294,IAN,2022,"Port of Brunswick, GA",2022-09-28 19:05:00,2022-10-01 06:00:00,58.9167,239.6,2022-09-30 12:00:00,75,980,1,4,5,130,1,1
2022266N12294,IAN,2022,"Port of Charleston, SC",2022-09-29 15:00:00,2022-10-01 06:00:00,39,83.7,2022-09-30 18:00:00,70,978,1,1,5,75,1,1
2022266N12294,IAN,2022,"Port of Palm Beach District, FL",2022-09-27 18:00:00,2022-09-30 09:00:00,63,127.1,2022-09-29 03:00:00,83,973,2,5,5,140,1,1
2022266N12294,IAN,2022,"Port of Savannah, GA",2022-09-29 06:00:00,2022-10-01 06:00:00,48,201.4,2022-09-30 15:00:00,73,979,1,1,5,75,1,1
2022266N12294,IAN,2022,"PortMiami, FL",2022-09-27 08:30:00,2022-09-30 03:00:00,66.5,199.9,2022-09-28 20:35:00,125,945,4,5,5,140,1,1
2022266N12294,IAN,2022,"Tampa Port Authority, FL",2022-09-27 18:00:00,2022-09-30 09:00:00,63,101.2,2022-09-29 00:00:00,100,960,3,5,5,140,1,1
2022266N12294,IAN,2022,"Virginia, VA, Port of",2022-09-30 18:00:00,2022-10-01 06:00:00,12,350.8,2022-10-01 06:00:00,30,999,-4,1,5,70,1,1
2022266N12294,IAN,2022,"Wilmington, NC",2022-09-30 03:00:00,2022-10-01 06:00:00,27,131.5,2022-10-01 00:00:00,50,990,-4,1,5,75,1,1
2022311N21293,NICOLE,2022,"Canaveral Port District, FL",2022-11-09 15:00:00,2022-11-11 06:00:00,39,92.2,2022-11-10 09:00:00,62,981,0,1,1,65,1,1
2022311N21293,NICOLE,2022,"Chattanooga, TN",2022-11-11 06:00:00,2022-11-11 18:00:00,12,121.8,2022-11-11 15:00:00,25,1000,-1,-1,1,30,1,1
2022311N21293,NICOLE,2022,"Cincinnati, OH",2022-11-11 18:00:00,2022-11-11 18:00:00,0,420.8,2022-11-11 18:00:00,25,1000,-3,-3,1,25,0,1
2022311N21293,NICOLE,2022,"Guayama, PR",2022-11-06 12:00:00,2022-11-06 18:00:00,6,300.3,2022-11-06 12:00:00,30,1005,-3,-3,1,35,0,0
2022311N21293,NICOLE,2022,"Guaynabo, PR",2022-11-06 12:00:00,2022-11-06 18:00:00,6,261,2022-11-06 12:00:00,30,1005,-3,-3,1,35,0,0
2022311N21293,NICOLE,2022,"Guntersville, AL",2022-11-11 03:00:00,2022-11-11 18:00:00,15,180.5,2022-11-11 15:00:00,25,1000,-1,-1,1,33,1,1
2022311N21293,NICOLE,2022,"Henderson County Riverport, KY",2022-11-11 15:00:00,2022-11-11 18:00:00,3,429.4,2022-11-11 18:00:00,25,1000,-3,-1,1,25,1,1
2022311N21293,NICOLE,2022,"Hickman-Fulton County Port, KY",2022-11-11 18:00:00,2022-11-11 18:00:00,0,497.7,2022-11-11 18:00:00,25,1000,-3,-3,1,25,0,1
2022311N21293,NICOLE,2022,"Jacksonville, FL",2022-11-10 03:00:00,2022-11-11 12:00:00,33,180.8,2022-11-10 19:00:00,40,989,0,1,1,65,1,1
2022311N21293,NICOLE,2022,"Louisville-Jefferson Port, KY",2022-11-11 15:00:00,2022-11-11 18:00:00,3,351.4,2022-11-11 18:00:00,25,1000,-3,-1,1,25,1,1
2022311N21293,NICOLE,2022,"Manatee County Port, FL",2022-11-09 21:00:00,2022-11-11 06:00:00,33,94.5,2022-11-10 12:00:00,55,984,0,1,1,65,1,1
2022311N21293,NICOLE,2022,"Massac-Metropolis Port, IL",2022-11-11 18:00:00,2022-11-11 18:00:00,0,483.8,2022-11-11 18:00:00,25,1000,-3,-3,1,25,0,1
2022311N21293,NICOLE,2022,"Mobile, AL",2022-11-10 21:00:00,2022-11-11 12:00:00,15,339.1,2022-11-11 06:00:00,30,996,-1,0,1,38,1,1
2022311N21293,NICOLE,2022,"Nashville, TN",2022-11-11 09:00:00,2022-11-11 18:00:00,9,282.5,2022-11-11 18:00:00,25,1000,-3,-1,1,28,1,1
2022311N21293,NICOLE,2022,"Owensboro Riverport, KY",2022-11-11 15:00:00,2022-11-11 18:00:00,3,395.3,2022-11-11 18:00:00,25,1000,-3,-1,1,25,1,1
2022311N21293,NICOLE,2022,"Paducah-McCracken Riverport, KY",2022-11-11 18:00:00,2022-11-11 18:00:00,0,477.3,2022-11-11 18:00:00,25,1000,-3,-3,1,25,0,1
2022311N21293,NICOLE,2022,"Panama City Port Authority, FL",2022-11-10 12:00:00,2022-11-11 15:00:00,27,124.9,2022-11-11 03:00:00,33,994,-1,0,1,55,1,1
2022311N21293,NICOLE,2022,"Port Everglades, FL",2022-11-09 09:00:00,2022-11-10 21:00:00,36,143.3,2022-11-10 06:00:00,65,980,1,1,1,65,1,1
2022311N21293,NICOLE,2022,"Port of Brunswick, GA",2022-11-10 06:00:00,2022-11-11 15:00:00,33,251.4,2022-11-10 21:00:00,38,990,0,1,1,65,1,1
2022311N21293,NICOLE,2022,"Port of Charleston, SC",2022-11-10 21:00:00,2022-11-11 18:00:00,21,419.3,2022-11-11 15:00:00,25,1000,-1,0,1,38,1,1
2022311N21293,NICOLE,2022,"Port of Gulfport, MS",2022-11-11 00:00:00,2022-11-11 09:00:00,9,435.5,2022-11-11 06:00:00,30,996,-1,0,1,35,1,1
2022311N21293,NICOLE,2022,"Port of Palm Beach District, FL",2022-11-09 09:00:00,2022-11-10 21:00:00,36,96.5,2022-11-10 06:00:00,65,980,1,1,1,65,1,1
2022311N21293,NICOLE,2022,"Port of Pascagoula, MS",2022-11-11 00:00:00,2022-11-11 12:00:00,12,392.7,2022-11-11 06:00:00,30,996,-1,0,1,35,1,1
2022311N21293,NICOLE,2022,"Port of Savannah, GA",2022-11-10 09:00:00,2022-11-11 18:00:00,33,336.9,2022-11-11 09:00:00,28,998,-1,0,1,62,1,1
2022311N21293,NICOLE,2022,"PortMiami, FL",2022-11-09 09:00:00,2022-11-10 19:00:00,34,200.4,2022-11-10 06:00:00,65,980,1,1,1,65,1,1
2022311N21293,NICOLE,2022,"San Juan, PR",2022-11-06 12:00:00,2022-11-06 18:00:00,6,254,2022-11-06 12:00:00,30,1005,-3,-3,1,35,0,0
2022311N21293,NICOLE,2022,"Shawneetown Regional Port, IL",2022-11-11 18:00:00,2022-11-11 18:00:00,0,468.9,2022-11-11 18:00:00,25,1000,-3,-3,1,25,0,1
2022311N21293,NICOLE,2022,"Southern Indiana District, IN",2022-11-11 15:00:00,2022-11-11 18:00:00,3,399.1,2022-11-11 18:00:00,25,1000,-3,-1,1,25,1,1
2022311N21293,NICOLE,2022,"Tampa Port Authority, FL",2022-11-09 21:00:00,2022-11-11 06:00:00,33,56.7,2022-11-10 15:00:00,48,987,0,1,1,65,1,1
2022311N21293,NICOLE,2022,"Virgin Islands - St. Croix, VI",2022-11-06 12:00:00,2022-11-06 15:00:00,3,384.6,2022-11-06 12:00:00,30,1005,-3,-3,1,33,0,0
2023015N36289,UNNAMED,2023,"South Jersey Port Corp, NJ",2023-01-15 00:00:00,2023-01-15 06:00:00,6,477.4,2023-01-15 00:00:00,45,989,-4,-4,-2,45,0,0
2023015N36289,UNNAMED,2023,"Virginia, VA, Port of",2023-01-15 00:00:00,2023-01-15 03:00:00,3,451.9,2023-01-15 00:00:00,45,989,-4,-4,-2,45,0,0
2023152N26274,ARLENE,2023,"Greater Lafourche Port, LA",2023-06-01 06:00:00,2023-06-02 15:00:00,33,393.7,2023-06-01 18:00:00,30,1007,-1,0,0,35,0,0
2023152N26274,ARLENE,2023,"Manatee County Port, FL",2023-05-31 18:00:00,2023-06-04 06:00:00,84,336.8,2023-06-01 03:00:00,23,1008,-3,0,0,35,0,0
2023152N26274,ARLENE,2023,"Mobile, AL",2023-06-01 00:00:00,2023-06-02 18:00:00,42,334.7,2023-06-01 18:00:00,30,1007,-1,0,0,35,0,0
2023152N26274,ARLENE,2023,"New Orleans, LA",2023-06-01 09:00:00,2023-06-02 12:00:00,27,411.1,2023-06-01 18:00:00,30,1007,-1,0,0,35,0,0
2023152N26274,ARLENE,2023,"Panama City Port Authority, FL",2023-05-31 18:00:00,2023-06-03 00:00:00,54,262.7,2023-06-01 18:00:00,30,1007,-1,0,0,35,0,0
2023152N26274,ARLENE,2023,"Plaquemines Port District, LA",2023-05-31 18:00:00,2023-06-02 21:00:00,51,328.9,2023-06-01 18:00:00,30,1007,-1,0,0,35,0,0
2023152N26274,ARLENE,2023,"Port Everglades, FL",2023-06-03 21:00:00,2023-06-04 06:00:00,9,408.1,2023-06-04 06:00:00,25,1002,-3,-3,0,25,0,0
2023152N26274,ARLENE,2023,"Port of Gulfport, MS",2023-06-01 06:00:00,2023-06-02 15:00:00,33,366.9,2023-06-01 18:00:00,30,1007,-1,0,0,35,0,0
2023152N26274,ARLENE,2023,"Port of Palm Beach District, FL",2023-06-04 03:00:00,2023-06-04 06:00:00,3,453.8,2023-06-04 06:00:00,25,1002,-3,-3,0,25,0,0
2023152N26274,ARLENE,2023,"Port of Pascagoula, MS",2023-06-01 03:00:00,2023-06-02 18:00:00,39,342.7,2023-06-01 18:00:00,30,1007,-1,0,0,35,0,0
2023152N26274,ARLENE,2023,"PortMiami, FL",2023-06-03 18:00:00,2023-06-04 06:00:00,12,360.6,2023-06-04 06:00:00,25,1002,-3,-3,0,25,0,0
2023152N26274,ARLENE,2023,"South Louisiana, LA, Port of",2023-06-01 12:00:00,2023-06-02 03:00:00,15,449.8,2023-06-01 18:00:00,30,1007,-1,-1,0,33,0,0
2023152N26274,ARLENE,2023,"Tampa Port Authority, FL",2023-05-31 18:00:00,2023-06-03 12:00:00,66,349.4,2023-06-01 06:00:00,25,1008,-3,0,0,35,0,0
2023152N26274,ARLENE,2023,"Terrebonne Parish Port, LA",2023-06-01 12:00:00,2023-06-02 06:00:00,18,448.5,2023-06-01 18:00:00,30,1007,-1,0,0,35,0,0
2023231N15313,GERT,2023,"Virgin Islands - St. Croix, VI",2023-08-22 18:00:00,2023-08-23 00:00:00,6,481.8,2023-08-22 21:00:00,25,1008,-3,-3,0,25,0,0
2023232N13300,FRANKLIN,2023,"Guayama, PR",2023-08-20 12:00:00,2023-08-26 03:00:00,135,384.6,2023-08-20 21:00:00,43,1000,0,0,4,53,0,0
2023232N13300,FRANKLIN,2023,"Guaynabo, PR",2023-08-20 12:00:00,2023-08-26 06:00:00,138,403.8,2023-08-25 18:00:00,45,1003,0,0,4,55,0,0
2023232N13300,FRANKLIN,2023,"San Juan, PR",2023-08-20 15:00:00,2023-08-26 09:00:00,138,397,2023-08-25 18:00:00,45,1003,0,0,4,60,0,0
2023232N13300,FRANKLIN,2023,"Virgin Islands - St. Croix, VI",2023-08-20 06:00:00,2023-08-21 00:00:00,18,401.4,2023-08-20 15:00:00,38,1002,0,0,4,45,0,0
2023234N25271,HAROLD,2023,"Beaumont, TX",2023-08-22 06:00:00,2023-08-22 15:00:00,9,424.3,2023-08-22 12:00:00,50,996,0,0,0,50,1,0
2023234N25271,HAROLD,2023,"Brownsville, TX",2023-08-22 03:00:00,2023-08-23 03:00:00,24,119.7,2023-08-22 15:00:00,50,995,0,0,0,50,1,1
2023234N25271,HAROLD,2023,"Calhoun Port Authority, TX",2023-08-22 03:00:00,2023-08-23 03:00:00,24,186,2023-08-22 15:00:00,50,995,0,0,0,50,1,1
2023234N25271,HAROLD,2023,"Corpus Christi, TX",2023-08-22 03:00:00,2023-08-23 06:00:00,27,83,2023-08-22 15:00:00,50,995,0,0,0,50,1,1
2023234N25271,HAROLD,2023,"Galveston, TX",2023-08-22 00:00:00,2023-08-22 21:00:00,21,311.1,2023-08-22 12:00:00,50,996,0,0,0,50,1,1
2023234N25271,HAROLD,2023,"Greater Lafourche Port, LA",2023-08-21 18:00:00,2023-08-22 00:00:00,6,478.5,2023-08-21 21:00:00,30,1008,-1,-1,0,30,0,0
2023234N25271,HAROLD,2023,"Houston Port Authority, TX",2023-08-22 06:00:00,2023-08-22 21:00:00,15,354,2023-08-22 12:00:00,50,996,0,0,0,50,1,1
2023234N25271,HAROLD,2023,"Lake Charles Harbor District, LA",2023-08-22 03:00:00,2023-08-22 12:00:00,9,449.6,2023-08-22 09:00:00,45,1000,0,0,0,50,0,0
2023234N25271,HAROLD,2023,"Orange County Nav District, TX",2023-08-22 06:00:00,2023-08-22 15:00:00,9,443.5,2023-08-22 12:00:00,50,996,0,0,0,50,1,0
2023234N25271,HAROLD,2023,"Port Arthur, TX",2023-08-22 03:00:00,2023-08-22 15:00:00,12,420.6,2023-08-22 12:00:00,50,996,0,0,0,50,1,0
2023234N25271,HAROLD,2023,"Port Freeport, TX",2023-08-22 03:00:00,2023-08-23 00:00:00,21,274.5,2023-08-22 12:00:00,50,996,0,0,0,50,1,1
2023234N25271,HAROLD,2023,"Port of Harlingen Authority, TX",2023-08-22 03:00:00,2023-08-23 06:00:00,27,92.4,2023-08-22 15:00:00,50,995,0,0,0,50,1,1
2023234N25271,HAROLD,2023,"Port of Iberia District, LA",2023-08-22 00:00:00,2023-08-22 03:00:00,3,482.6,2023-08-22 03:00:00,35,1006,0,0,0,35,0,0
2023234N25271,HAROLD,2023,"Sabine Pass Port Authority, TX",2023-08-22 03:00:00,2023-08-22 18:00:00,15,393.3,2023-08-22 12:00:00,50,996,0,0,0,50,1,1
2023234N25271,HAROLD,2023,"Terrebonne Parish Port, LA",2023-08-21 18:00:00,2023-08-22 03:00:00,9,464.2,2023-08-22 00:00:00,30,1008,-1,0,0,35,0,0
2023234N25271,HAROLD,2023,"Texas City, TX",2023-08-22 03:00:00,2023-08-22 21:00:00,18,329.3,2023-08-22 12:00:00,50,996,0,0,0,50,1,1
2023234N25271,HAROLD,2023,"Victoria, TX",2023-08-22 06:00:00,2023-08-23 06:00:00,24,193.3,2023-08-22 15:00:00,50,995,0,0,0,50,1,1
2023234N25271,HAROLD,2023,"West St. Mary Parish Port, LA",2023-08-21 21:00:00,2023-08-22 03:00:00,6,483.2,2023-08-22 00:00:00,30,1008,-1,0,0,35,0,0
2023239N21274,IDALIA,2023,"Canaveral Port District, FL",2023-08-29 21:00:00,2023-08-31 00:00:00,27,314.8,2023-08-30 12:00:00,100,954,3,4,4,115,1,1
2023239N21274,IDALIA,2023,"Chattanooga, TN",2023-08-30 18:00:00,2023-08-31 00:00:00,6,451.3,2023-08-30 21:00:00,55,983,0,0,4,60,1,1
2023239N21274,IDALIA,2023,"Guntersville, AL",2023-08-30 18:00:00,2023-08-30 21:00:00,3,474.3,2023-08-30 18:00:00,60,981,0,0,4,60,1,1
2023239N21274,IDALIA,2023,"Jacksonville, FL",2023-08-30 00:00:00,2023-08-31 06:00:00,30,125.7,2023-08-30 15:00:00,80,968,1,4,4,115,1,1
2023239N21274,IDALIA,2023,"Manatee County Port, FL",2023-08-29 12:00:00,2023-08-30 18:00:00,30,229.5,2023-08-30 06:00:00,105,945,3,4,4,115,1,1
2023239N21274,IDALIA,2023,"Mobile, AL",2023-08-30 03:00:00,2023-08-30 12:00:00,9,423.3,2023-08-30 09:00:00,115,942,4,4,4,115,1,1
2023239N21274,IDALIA,2023,"Morehead City, NC",2023-08-31 00:00:00,2023-09-01 00:00:00,24,117,2023-08-31 12:00:00,55,990,-4,0,4,55,1,1
2023239N21274,IDALIA,2023,"Panama City Port Authority, FL",2023-08-29 21:00:00,2023-08-30 21:00:00,24,194.8,2023-08-30 09:00:00,115,942,4,4,4,115,1,1
2023239N21274,IDALIA,2023,"Plaquemines Port District, LA",2023-08-30 06:00:00,2023-08-30 06:00:00,0,499.9,2023-08-30 06:00:00,105,945,3,3,4,105,0,0
2023239N21274,IDALIA,2023,"Port Everglades, FL",2023-08-29 15:00:00,2023-08-30 09:00:00,18,430.3,2023-08-30 00:00:00,90,965,2,4,4,115,1,0
2023239N21274,IDALIA,2023,"Port of Brunswick, GA",2023-08-30 06:00:00,2023-08-31 09:00:00,27,103.7,2023-08-30 18:00:00,60,981,0,4,4,115,1,1
2023239N21274,IDALIA,2023,"Port of Charleston, SC",2023-08-30 11:45:00,2023-08-31 15:00:00,27.25,23.4,2023-08-31 03:00:00,50,988,0,3,4,100,1,1
2023239N21274,IDALIA,2023,"Port of Palm Beach District, FL",2023-08-29 15:00:00,2023-08-30 12:00:00,21,418.2,2023-08-30 00:00:00,90,965,2,4,4,115,1,1
2023239N21274,IDALIA,2023,"Port of Pascagoula, MS",2023-08-30 03:00:00,2023-08-30 12:00:00,9,462,2023-08-30 09:00:00,115,942,4,4,4,115,1,1
2023239N21274,IDALIA,2023,"Port of Savannah, GA",2023-08-30 09:00:00,2023-08-31 12:00:00,27,64.7,2023-08-30 21:00:00,55,983,0,4,4,115,1,1
2023239N21274,IDALIA,2023,"PortMiami, FL",2023-08-29 12:00:00,2023-08-30 06:00:00,18,433.2,2023-08-29 18:00:00,80,973,1,3,4,105,0,0
2023239N21274,IDALIA,2023,"Tampa Port Authority, FL",2023-08-29 15:00:00,2023-08-30 21:00:00,30,215.7,2023-08-30 06:00:00,105,945,3,4,4,115,1,1
2023239N21274,IDALIA,2023,"Virginia, VA, Port of",2023-08-31 06:00:00,2023-08-31 21:00:00,15,358.1,2023-08-31 15:00:00,55,992,-4,0,4,55,0,0
2023239N21274,IDALIA,2023,"Wilmington, NC",2023-08-30 21:00:00,2023-08-31 21:00:00,24,57.6,2023-08-31 09:00:00,53,990,0,0,4,55,1,1
2023249N12320,LEE,2023,"Boston, MA",2023-09-16 06:00:00,2023-09-17 00:00:00,18,385,2023-09-16 12:00:00,65,965,-4,-4,5,70,0,0
2023249N12320,LEE,2023,"Port of Providence, RI",2023-09-16 06:00:00,2023-09-16 20:00:00,14,430.8,2023-09-16 12:00:00,65,965,-4,-4,5,70,0,0
2023249N12320,LEE,2023,"Portland, ME",2023-09-16 06:00:00,2023-09-17 06:00:00,24,308.6,2023-09-16 18:00:00,55,968,-4,-4,5,70,1,1
2023249N12320,LEE,2023,"Portsmouth, NH",2023-09-16 06:00:00,2023-09-17 03:00:00,21,356,2023-09-16 15:00:00,60,967,-4,-4,5,70,1,0
2023249N12320,LEE,2023,"Searsport, ME",2023-09-16 06:00:00,2023-09-17 09:00:00,27,208.6,2023-09-16 21:00:00,55,972,-4,-4,5,70,1,1
2023265N29284,OPHELIA,2023,"Albany Port District, NY",2023-09-24 18:00:00,2023-09-24 18:00:00,0,493.6,2023-09-24 18:00:00,20,1010,-4,-4,0,20,0,1
2023265N29284,OPHELIA,2023,"Baltimore, MD",2023-09-23 12:00:00,2023-09-24 18:00:00,30,61.1,2023-09-24 18:00:00,20,1010,-4,0,0,50,1,1
2023265N29284,OPHELIA,2023,"Bridgeport, CT",2023-09-24 15:00:00,2023-09-24 18:00:00,3,405.1,2023-09-24 18:00:00,20,1010,-4,-4,0,20,1,1
2023265N29284,OPHELIA,2023,"Canaveral Port District, FL",2023-09-21 12:00:00,2023-09-21 15:00:00,3,461.9,2023-09-21 12:00:00,30,1012,-4,-4,0,30,0,0
2023265N29284,OPHELIA,2023,"Conneaut, OH",2023-09-24 15:00:00,2023-09-24 18:00:00,3,458,2023-09-24 18:00:00,20,1010,-4,-4,0,20,1,1
2023265N29284,OPHELIA,2023,"Morehead City, NC",2023-09-22 09:00:00,2023-09-24 18:00:00,57,33.4,2023-09-23 10:15:00,60,981,0,0,0,60,1,1
2023265N29284,OPHELIA,2023,"New Haven, CT",2023-09-24 15:00:00,2023-09-24 18:00:00,3,431.4,2023-09-24 18:00:00,20,1010,-4,-4,0,20,1,1
2023265N29284,OPHELIA,2023,"New York, NY & NJ",2023-09-24 06:00:00,2023-09-24 18:00:00,12,316.4,2023-09-24 18:00:00,20,1010,-4,-4,0,25,1,1
2023265N29284,OPHELIA,2023,"Philadelphia Regional Port, PA",2023-09-23 18:00:00,2023-09-24 18:00:00,24,205.7,2023-09-24 18:00:00,20,1010,-4,0,0,40,1,1
2023265N29284,OPHELIA,2023,"Pittsburgh, PA Port of",2023-09-23 21:00:00,2023-09-24 18:00:00,21,308.4,2023-09-24 18:00:00,20,1010,-4,0,0,35,1,1
2023265N29284,OPHELIA,2023,"Port Jefferson, NY",2023-09-24 15:00:00,2023-09-24 18:00:00,3,397.4,2023-09-24 18:00:00,20,1010,-4,-4,0,20,1,1
2023265N29284,OPHELIA,2023,"Port of Charleston, SC",2023-09-22 12:00:00,2023-09-24 03:00:00,39,285.9,2023-09-23 06:00:00,60,981,0,0,0,60,1,1
2023265N29284,OPHELIA,2023,"Port of Palm Beach District, FL",2023-09-21 12:00:00,2023-09-21 12:00:00,0,486.3,2023-09-21 12:00:00,30,1012,-4,-4,0,30,0,0
2023265N29284,OPHELIA,2023,"Port of Savannah, GA",2023-09-22 18:00:00,2023-09-23 10:15:00,16.25,420.4,2023-09-23 06:00:00,60,981,0,0,0,60,1,1
2023265N29284,OPHELIA,2023,"South Jersey Port Corp, NJ",2023-09-23 15:00:00,2023-09-24 18:00:00,27,185,2023-09-24 18:00:00,20,1010,-4,0,0,45,1,1
2023265N29284,OPHELIA,2023,"Virginia, VA, Port of",2023-09-22 18:00:00,2023-09-24 18:00:00,48,113.6,2023-09-24 00:00:00,30,1002,-4,0,0,60,1,1
2023265N29284,OPHELIA,2023,"Wilmington, DE",2023-09-23 15:00:00,2023-09-24 18:00:00,27,150.2,2023-09-24 18:00:00,20,1010,-4,0,0,45,1,1
2023265N29284,OPHELIA,2023,"Wilmington, NC",2023-09-22 09:00:00,2023-09-24 15:00:00,54,75.3,2023-09-23 09:00:00,60,981,0,0,0,60,1,1
2023266N16323,PHILIPPE,2023,"Guayama, PR",2023-10-02 21:00:00,2023-10-04 18:00:00,45,196.3,2023-10-04 00:00:00,40,1004,0,0,0,45,0,0
2023266N16323,PHILIPPE,2023,"Guaynabo, PR",2023-10-02 21:00:00,2023-10-04 21:00:00,48,160.5,2023-10-04 00:00:00,40,1004,0,0,0,45,0,0
2023266N16323,PHILIPPE,2023,"San Juan, PR",2023-10-02 21:00:00,2023-10-04 21:00:00,48,150.7,2023-10-04 00:00:00,40,1004,0,0,0,45,0,0
2023266N16323,PHILIPPE,2023,"Virgin Islands - St. Croix, VI",2023-10-02 12:00:00,2023-10-04 15:00:00,51,146.4,2023-10-03 15:00:00,40,1004,0,0,0,45,0,0
2023292N13309,TAMMY,2023,"Guayama, PR",2023-10-22 00:00:00,2023-10-23 15:00:00,39,327,2023-10-22 21:00:00,75,991,1,1,2,80,0,0
2023292N13309,TAMMY,2023,"Guaynabo, PR",2023-10-22 00:00:00,2023-10-23 18:00:00,42,301,2023-10-22 21:00:00,75,991,1,1,2,80,0,0
2023292N13309,TAMMY,2023,"San Juan, PR",2023-10-22 00:00:00,2023-10-23 21:00:00,45,292.2,2023-10-22 21:00:00,75,991,1,1,2,80,0,0
2023292N13309,TAMMY,2023,"Virgin Islands - St. Croix, VI",2023-10-21 15:00:00,2023-10-23 18:00:00,51,223.6,2023-10-22 15:00:00,75,990,1,1,2,80,0,0
