port,SID,name,season,min_dist_km,sshs_max,sshs_storm_lifetime,wind_max_kt,k_days,n_ref_days,N_obs,N_ref,co2_obs_t,co2_ref_t,r_N,r_H,r_I,r_CO2,discard_win,discard_ref,gap_adj,r_CO2_gapadj,co2_shortfall_t,co2_shortfall_naive_t
"Baltimore, MD",2015126N27281,ANA,2015,194.6,-1,0,30,2,70,22.5,18.3429,1.06888,0.427798,1.22664,1.05069,1.93865,2.49857,0.0213001,0.0216197,0.999673,2.49775,-0.641083,-0.0969542
"Jacksonville, FL",2015126N27281,ANA,2015,372,0,0,50,5,70,12.6,12.6143,0.586994,0.722973,0.998867,0.91368,0.88963,0.811917,0.0678311,0.0460903,1.02332,0.830853,0.135979,0.000818769
"New York, NY & NJ",2015126N27281,ANA,2015,175.3,-1,0,30,2,70,32.5,37.4857,1.07024,1.32868,0.866997,0.963981,0.963773,0.805491,0.0239053,0.0367954,0.986794,0.794854,0.25844,0.176718
"Philadelphia Regional Port, PA",2015126N27281,ANA,2015,164.9,-1,0,30,2,70,10,13.9714,0.313535,0.457178,0.715746,1.20596,0.794526,0.685806,0,0.0153833,0.984617,0.675256,0.143643,0.129954
"Port Everglades, FL",2015126N27281,ANA,2015,144.3,-3,0,25,1,70,21,18.3714,0.12245,0.164899,1.14308,0.889938,0.72997,0.742576,0.0149196,0.0208785,0.993951,0.738084,0.0424491,-0.0235937
"Port of Charleston, SC",2015126N27281,ANA,2015,137.3,0,0,50,6,70,16.5,16.2714,1.1717,1.20362,1.01405,0.966427,0.993341,0.973477,0.039482,0.0515538,0.987432,0.961242,0.0319237,-0.0169078
"Port of Palm Beach District, FL",2015126N27281,ANA,2015,129,-3,0,28,1,70,7,5.02857,0.0146097,0.0251227,1.39205,0.982043,0.425392,0.581531,0.0279851,0.0242033,1.00389,0.583794,0.0105131,-0.00984926
"Port of Savannah, GA",2015126N27281,ANA,2015,279.5,0,0,50,6,70,15.1667,15.8714,0.925976,1.18549,0.955596,1.00795,0.810935,0.78109,0.0166903,0.0269325,0.989584,0.772954,0.259517,0.0526411
"PortMiami, FL",2015126N27281,ANA,2015,185.2,-3,0,25,1,70,20,18.7857,0.0687732,0.0600591,1.06464,1.169,0.920075,1.14509,0.0106569,0.00963009,1.00104,1.14628,-0.00871412,-0.00388215
"South Jersey Port Corp, NJ",2015126N27281,ANA,2015,118.2,-1,0,30,2,70,7.5,13.7714,0.293501,0.336455,0.544606,1.16024,1.38055,0.872332,0.136616,0.0964641,1.04651,0.912901,0.0429545,0.15322
"Tampa Port Authority, FL",2015126N27281,ANA,2015,334.3,-3,0,25,1,70,10,10.8143,0.0641678,0.103239,0.924703,0.945965,0.71055,0.621544,0,0.0101936,0.989806,0.615208,0.0390716,0.00777364
"Virginia, VA, Port of",2015126N27281,ANA,2015,12.4,0,0,48,4,70,22.75,23.7857,0.662465,1.06906,0.956456,0.920272,0.704011,0.619671,0.0315071,0.0319266,0.999567,0.619402,0.406595,0.0465506
"Baltimore, MD",2015167N27266,BILL,2015,408.7,-3,0,15,1,70,24,17.0286,0.641801,0.249129,1.4094,0.943628,1.93706,2.57618,0.0100435,0.0291216,0.980728,2.52654,-0.392672,-0.101992
"Beaumont, TX",2015167N27266,BILL,2015,278.8,0,0,50,3,70,10,12.7714,0.939034,1.74675,0.782998,1.30785,0.524969,0.53759,0,0.00875993,0.99124,0.532881,0.807713,0.379048
"Corpus Christi, TX",2015167N27266,BILL,2015,89.7,0,0,50,2,70,15,17.8143,0.45878,0.767723,0.842021,1.00862,0.70364,0.597585,0,0.0193748,0.980625,0.586007,0.308943,0.121284
"Galveston, TX",2015167N27266,BILL,2015,176.2,0,0,50,2,70,12,10.1857,0.37636,0.463142,1.17812,0.996697,0.692049,0.812625,0.00717074,0.0540031,0.952829,0.774293,0.0867814,-0.0824951
"Houston Port Authority, TX",2015167N27266,BILL,2015,156.1,0,0,50,3,70,61,72.8857,3.57878,3.70526,0.836927,1.1346,1.01715,0.965865,0.00853387,0.00579851,1.00276,0.96853,0.126479,0.604229
"Lake Charles Harbor District, LA",2015167N27266,BILL,2015,319.1,0,0,50,2,70,6.5,8.45714,0.113968,0.325369,0.768581,1.00303,0.45436,0.350273,0.0378079,0.0410012,0.996681,0.34911,0.211401,0.0752966
"Port Arthur, TX",2015167N27266,BILL,2015,283.8,0,0,50,2,70,6,7.1,0.182687,0.31582,0.84507,1.36685,0.500786,0.578453,0,0.00320232,0.996798,0.5766,0.133133,0.0489298
"Port Freeport, TX",2015167N27266,BILL,2015,135.6,0,0,50,2,70,1,3.57143,0.00468575,0.0879027,0.28,0.314898,0.604572,0.0533061,0.508493,0.187499,1.65308,0.0881193,0.0832169,0.0632899
"Port of Greater Baton Rouge, LA",2015167N27266,BILL,2015,482.4,0,0,45,1,70,14,9.41429,0.220947,0.144974,1.4871,0.917973,1.11642,1.52405,0,0.0162582,0.983742,1.49927,-0.0759733,-0.0706172
"Texas City, TX",2015167N27266,BILL,2015,193.7,0,0,50,2,70,3,8.21429,0.130295,0.459687,0.365217,0.549728,1.41178,0.283443,0,0.00704694,0.992953,0.281445,0.329392,0.291802
"Virginia, VA, Port of",2015167N27266,BILL,2015,490,-3,0,15,1,70,25,23.0143,0.186292,0.249093,1.08628,0.882109,0.78049,0.74788,0,0.0317423,0.968258,0.724141,0.0628013,-0.0214922
"Baltimore, MD",2015193N35285,CLAUDETTE,2015,457.2,-3,0,25,1,70,22,17.0143,0.520559,0.227247,1.29303,0.902445,1.96309,2.29072,0.0460007,0.0214351,1.02575,2.3497,-0.293312,-0.0665905
"South Jersey Port Corp, NJ",2015193N35285,CLAUDETTE,2015,466.1,-3,0,25,1,70,10,12.9857,0.0916034,0.172157,0.770077,1.13603,0.60822,0.532091,0.0903613,0.098949,0.990559,0.527068,0.0805539,0.0395829
"Virginia, VA, Port of",2015193N35285,CLAUDETTE,2015,185.6,-1,0,30,2,70,21,23.9429,0.48734,0.510618,0.877088,0.877536,1.24002,0.954412,0.0589903,0.0255936,1.03549,0.988284,0.023278,0.0627609
"San Juan, PR",2015237N14315,ERIKA,2015,115.1,0,0,45,2,70,7,9.14286,0.0591878,0.098472,0.765625,0.401591,1.95488,0.601062,0,0.0381909,0.961809,0.578107,0.0392842,0.0230794
"Port Everglades, FL",2015313N22289,KATE,2015,425.2,0,1,55,2,70,11.5,17.3571,0.185549,0.294127,0.662551,1.15399,0.82509,0.630846,0.00195977,0.0152533,0.98668,0.622444,0.108578,0.0992526
"Port of Palm Beach District, FL",2015313N22289,KATE,2015,419.4,0,1,55,2,70,6.5,5.14286,0.0492993,0.101497,1.26389,1.49929,0.256326,0.485722,0.023528,0.0165831,1.00711,0.489177,0.0521976,-0.0267839
"PortMiami, FL",2015313N22289,KATE,2015,438.5,0,1,53,2,70,11,15.4714,0.0605596,0.102764,0.710988,0.976427,0.84887,0.589309,0.00429232,0.0122841,0.991974,0.584579,0.0422041,0.0296999
"Baltimore, MD",2016148N27288,BONNIE,2016,461.4,-1,0,30,2,70,17,16.4714,1.11949,0.611426,1.03209,0.898411,1.97462,1.83095,0.0260698,0.0244726,1.00164,1.83395,-0.508064,-0.0196208
"Jacksonville, FL",2016148N27288,BONNIE,2016,228.4,0,0,40,4,70,12.5,12.6143,0.96079,0.912157,0.99094,1.10858,0.958836,1.05332,0.0413772,0.0407253,1.00068,1.05403,-0.0486327,0.00826416
"Philadelphia Regional Port, PA",2016148N27288,BONNIE,2016,496,-1,0,33,1,70,11,13.1714,0.501293,0.314923,0.835141,1.05551,1.80579,1.5918,0.0133949,0.00638823,1.0071,1.6031,-0.18637,0.0519179
"Port Everglades, FL",2016148N27288,BONNIE,2016,491,0,0,35,1,70,22,22.7714,0.231508,0.177036,0.966123,0.960815,1.40875,1.30769,0.0138893,0.0197564,0.99405,1.29991,-0.0544724,0.00599746
"Port of Charleston, SC",2016148N27288,BONNIE,2016,9.2,0,0,40,6,70,14.6667,14.9571,0.949058,1.01083,0.980579,0.966708,0.99046,0.93889,0.036346,0.036762,0.999568,0.938485,0.0617716,0.0196309
"Port of Palm Beach District, FL",2016148N27288,BONNIE,2016,441.5,0,0,40,2,70,3,5.41429,0.0783985,0.053324,0.55409,0.746699,3.55353,1.47023,0,0.0177091,0.982291,1.44419,-0.0250745,0.0237777
"Port of Savannah, GA",2016148N27288,BONNIE,2016,102.2,0,0,40,5,70,16.8,16.4714,1.20634,0.969242,1.01995,1.02647,1.18882,1.24463,0.0282254,0.0338853,0.994176,1.23738,-0.237103,-0.0193344
"South Jersey Port Corp, NJ",2016148N27288,BONNIE,2016,445.6,0,0,35,2,70,13.5,13.8,0.484669,0.393981,0.978261,1.12723,1.11559,1.23019,0.172259,0.0846795,1.1058,1.36035,-0.0906888,0.00856479
"Tampa Port Authority, FL",2016148N27288,BONNIE,2016,436.7,0,0,40,2,70,6.5,9.47143,0.0776514,0.200386,0.686275,0.633686,0.891064,0.387509,0.0813903,0.0482237,1.03611,0.4015,0.122735,0.0628663
"Virginia, VA, Port of",2016148N27288,BONNIE,2016,203.9,0,0,35,5,70,25.4,21.7714,1.4888,1.32423,1.16667,1.04429,0.922793,1.12428,0.0302849,0.0248856,1.00557,1.13054,-0.164574,-0.220705
"Baltimore, MD",2016158N22272,COLIN,2016,474.6,-4,0,50,1,70,23,16.9714,0.224411,0.328036,1.35522,0.944954,0.534198,0.684104,0.0168695,0.0238082,0.992942,0.679276,0.103625,-0.116525
"Jacksonville, FL",2016158N22272,COLIN,2016,58.3,0,0,45,2,70,11,12.4857,0.843979,0.41983,0.881007,1.24166,1.83771,2.01029,0.0300933,0.0399249,0.989863,1.98991,-0.424149,0.0499568
"Mobile, AL",2016158N22272,COLIN,2016,341,0,0,45,2,70,15,13.2,0.372956,0.419906,1.13636,0.968153,0.807315,0.888188,0.0173524,0.0093453,1.00815,0.895425,0.0469507,-0.05726
"New Orleans, LA",2016158N22272,COLIN,2016,438.2,0,0,45,1,70,37,37.0857,0.426202,0.467556,0.997689,0.885252,1.0321,0.911554,0,0.00355749,0.996443,0.908311,0.0413536,0.00108064
"New York, NY & NJ",2016158N22272,COLIN,2016,459,-4,0,50,2,70,44,38.7,1.48888,1.58303,1.13695,0.930349,0.889169,0.940528,0.00928686,0.0299951,0.979098,0.920869,0.0941456,-0.216797
"Philadelphia Regional Port, PA",2016158N22272,COLIN,2016,431.1,-4,0,50,2,70,15.5,13.5143,0.415726,0.650602,1.14693,1.00202,0.556005,0.638987,0,0.00608958,0.99391,0.635095,0.234876,-0.0955959
"Plaquemines Port District, LA",2016158N22272,COLIN,2016,349.9,0,0,45,1,70,63,56.9286,0.955375,0.827633,1.10665,0.940046,1.10963,1.15435,0.0135468,0.0433382,0.969799,1.11948,-0.127742,-0.088267
"Port of Charleston, SC",2016158N22272,COLIN,2016,132.2,0,0,48,1,70,14,14.6571,0.162703,0.168084,0.955166,1.16903,0.866892,0.967984,0,0.0356979,0.964302,0.933429,0.00538142,0.00753593
"Port of Palm Beach District, FL",2016158N22272,COLIN,2016,459.2,0,0,45,1,70,7,5.34286,0.0170074,0.0324578,1.31016,0.828001,0.483019,0.523986,0.0289573,0.0184507,1.01082,0.529655,0.0154504,-0.0100671
"Port of Savannah, GA",2016158N22272,COLIN,2016,62.8,0,0,48,1,70,19,16.8286,0.171816,0.21399,1.12903,0.973933,0.730188,0.802916,0,0.0302601,0.96974,0.77862,0.042174,-0.0276117
"South Jersey Port Corp, NJ",2016158N22272,COLIN,2016,387,-4,0,50,2,70,17,13.9857,0.409178,0.382599,1.21553,1.08604,0.810141,1.06947,0.161899,0.0824306,1.09482,1.17088,-0.0265792,-0.0824599
"South Louisiana, LA, Port of",2016158N22272,COLIN,2016,471.5,0,0,45,1,70,42,38.4571,0.549528,0.612329,1.09212,0.902287,0.910727,0.89744,0,0.00123374,0.998766,0.896333,0.0628006,-0.0564107
"Tampa Port Authority, FL",2016158N22272,COLIN,2016,243.3,0,0,45,2,70,8,9.55714,0.175168,0.212855,0.83707,1.32864,0.739947,0.822943,0,0.038973,0.961027,0.790871,0.0376874,0.0346804
"Virginia, VA, Port of",2016158N22272,COLIN,2016,232.1,-4,0,50,1,70,23,22.0429,0.235516,0.269287,1.04342,0.967028,0.866776,0.874592,0.037345,0.0252395,1.01258,0.885591,0.0337706,-0.0116929
"New York, NY & NJ",2016240N31295,UNNAMED,2016,498.8,-1,-1,30,1,70,39,39.6143,0.92288,0.783953,0.984493,1.10865,1.07857,1.17721,0.0199396,0.0326901,0.98699,1.1619,-0.138927,0.0121565
"Philadelphia Regional Port, PA",2016240N31295,UNNAMED,2016,490.2,-1,-1,30,2,70,9,13.8,0.391938,0.671046,0.652174,1.0226,0.875779,0.584071,0.0047631,0.00447624,1.00029,0.584239,0.279107,0.233407
"Port of Charleston, SC",2016240N31295,UNNAMED,2016,477.2,-1,-1,30,1,70,21,15.3429,0.320021,0.20091,1.36872,1.02466,1.13576,1.59286,0.0274754,0.0186541,1.00907,1.60731,-0.119111,-0.0740786
"South Jersey Port Corp, NJ",2016240N31295,UNNAMED,2016,447.9,-1,-1,30,2,70,13.5,13.6857,0.19162,0.367603,0.98643,1.00313,0.526789,0.521268,0.037299,0.083789,0.951709,0.496095,0.175983,0.00498835
"Virginia, VA, Port of",2016240N31295,UNNAMED,2016,284.5,-1,-1,30,4,70,17.25,21.1,0.896988,0.982814,0.817536,1.24976,0.893268,0.912673,0.017177,0.0229575,0.994118,0.907305,0.0858259,0.179329
"Baltimore, MD",2016242N24279,HERMINE,2016,353.8,0,1,60,6,70,13.8333,17.9286,1.29719,2.6063,0.77158,1.11259,0.579779,0.497713,0.0318964,0.0210163,1.01124,0.503306,1.30911,0.59533
"Jacksonville, FL",2016242N24279,HERMINE,2016,160.6,1,1,70,3,70,8.66667,12.0143,0.236939,0.683583,0.721363,0.842431,0.570371,0.346614,0.00291277,0.0319064,0.970922,0.336535,0.446643,0.190471
"Mobile, AL",2016242N24279,HERMINE,2016,368.4,1,1,70,2,70,11,12.8857,0.164367,0.300556,0.853659,0.982711,0.651899,0.546878,0.00628264,0.00742536,0.99885,0.546249,0.136188,0.0439838
"New Orleans, LA",2016242N24279,HERMINE,2016,498.2,0,1,63,1,70,27,39.7286,0.357282,0.502779,0.679612,1.157,0.903731,0.710615,0.00757292,0.00255859,1.00505,0.714205,0.145497,0.161084
"New York, NY & NJ",2016242N24279,HERMINE,2016,199.2,-4,1,55,4,70,31.75,40.1,2.30386,3.25952,0.791771,0.893079,0.999568,0.706808,0.0639423,0.0335704,1.03245,0.729742,0.955665,0.678728
"Philadelphia Regional Port, PA",2016242N24279,HERMINE,2016,234.8,-4,1,60,6,70,11.1667,12.8143,0.721413,1.92412,0.871423,0.9111,0.472232,0.374931,0.0224989,0.00571917,1.01717,0.381367,1.20271,0.247397
"Plaquemines Port District, LA",2016242N24279,HERMINE,2016,413.9,1,1,70,3,70,62.6667,67.6143,3.88905,3.01789,0.926826,0.952677,1.45948,1.28867,0.0287886,0.037868,0.990651,1.27662,-0.871169,0.220831
"Port Everglades, FL",2016242N24279,HERMINE,2016,278.3,-1,1,30,2,70,16.5,20.2714,0.24935,0.276609,0.813953,0.923358,1.19943,0.901454,0.018565,0.0203124,0.99822,0.899849,0.0272588,0.0514621
"Port of Charleston, SC",2016242N24279,HERMINE,2016,15.5,1,1,65,2,70,13.5,15.3571,0.533036,0.401939,0.87907,1.15368,1.30765,1.32616,0.0247363,0.0180083,1.0069,1.33531,-0.131098,0.0486065
"Port of Palm Beach District, FL",2016242N24279,HERMINE,2016,334.1,1,1,70,6,70,6,5.44286,0.0990993,0.130207,1.10236,1.06425,0.648735,0.761091,0.0204546,0.0214182,0.999016,0.760342,0.0311077,-0.0133283
"Port of Savannah, GA",2016242N24279,HERMINE,2016,34.3,1,1,70,2,70,10,15.7143,0.148588,0.460582,0.636364,0.764065,0.663501,0.32261,0.0239999,0.0188075,1.00532,0.324326,0.311994,0.167484
"PortMiami, FL",2016242N24279,HERMINE,2016,220.9,-1,1,30,2,70,16.5,16.3286,0.117079,0.102899,1.0105,1.15766,0.972634,1.13781,0.021692,0.0108797,1.01105,1.15038,-0.01418,-0.0010803
"South Jersey Port Corp, NJ",2016242N24279,HERMINE,2016,214.6,0,1,60,6,70,13.1667,13.2571,0.965941,1.06094,0.993175,0.989629,0.926318,0.910455,0.0574973,0.0903096,0.965186,0.878758,0.0950023,0.00724063
"Tampa Port Authority, FL",2016242N24279,HERMINE,2016,267.8,1,1,70,6,70,8.66667,10.4571,0.491842,0.795604,0.82878,1.16299,0.641379,0.6182,0,0.00571547,0.994285,0.614666,0.303762,0.136224
"Virginia, VA, Port of",2016242N24279,HERMINE,2016,142.2,0,1,60,6,70,17.3333,21.1714,1.41271,1.49169,0.818713,1.05293,1.09861,0.947054,0.0411287,0.0217708,1.02019,0.966173,0.0789792,0.270423
"Baltimore, MD",2016257N27280,JULIA,2016,422.4,-4,0,25,2,70,20,17.1429,1.12874,0.820442,1.16667,0.955011,1.23479,1.37577,0.0317107,0.019096,1.01303,1.3937,-0.308301,-0.13674
"Jacksonville, FL",2016257N27280,JULIA,2016,18.5,0,0,45,7,70,12,12,1.48912,1.70186,1,0.909155,0.962426,0.874995,0.0218241,0.0356251,0.985891,0.86265,0.212742,0
"Port Everglades, FL",2016257N27280,JULIA,2016,130.2,0,0,45,2,70,19.5,21.0429,0.228772,0.355978,0.92668,0.797431,0.869677,0.642659,0.0300871,0.0178426,1.01262,0.650772,0.127205,0.0261002
"Port of Charleston, SC",2016257N27280,JULIA,2016,125,0,0,45,9,70,16.5556,15.7429,1.97195,2.08118,1.05162,1.01881,0.884365,0.947515,0.0141119,0.0193392,0.994698,0.942491,0.10923,-0.107438
"Port of Palm Beach District, FL",2016257N27280,JULIA,2016,73.7,0,0,45,2,70,6.5,5.82857,0.0302523,0.0452286,1.1152,0.939852,0.638167,0.668875,0.0523593,0.016489,1.03785,0.694194,0.0149763,-0.00521016
"Port of Savannah, GA",2016257N27280,JULIA,2016,51.9,0,0,45,8,70,17.25,16.2857,1.98035,1.81321,1.05921,0.942036,1.09457,1.09218,0.026614,0.0159255,1.01098,1.10417,-0.167138,-0.107361
"PortMiami, FL",2016257N27280,JULIA,2016,190.3,0,0,45,2,70,18.5,16.6857,0.136965,0.125593,1.10873,1.04391,0.94223,1.09055,0.00593287,0.0112276,0.994674,1.08474,-0.0113726,-0.0136561
"South Jersey Port Corp, NJ",2016257N27280,JULIA,2016,467.1,-4,0,25,2,70,21,12.8714,0.64458,0.344507,1.63152,1.05875,1.08316,1.87102,0.102918,0.0784881,1.02723,1.92198,-0.300073,-0.217563
"Tampa Port Authority, FL",2016257N27280,JULIA,2016,147.6,0,0,45,3,70,12.6667,10.0857,0.3808,0.390243,1.2559,0.959254,0.809976,0.975801,0.00880049,0.00459802,1.00424,0.979939,0.00944334,-0.0998638
"Virginia, VA, Port of",2016257N27280,JULIA,2016,145.6,-3,0,30,3,70,20,19.7,0.631324,0.694676,1.01523,1.01449,0.882384,0.908804,0.0154844,0.0229229,0.992445,0.901938,0.0633515,-0.0105788
"Jacksonville, FL",2016273N13300,MATTHEW,2016,93.5,4,5,115,2,70,3,12.3143,0.028509,0.500925,0.243619,1.11429,0.209651,0.0569128,0,0.0432391,0.956761,0.0544519,0.472416,0.37889
"Port Everglades, FL",2016273N13300,MATTHEW,2016,156.8,4,5,120,2,70,6.5,19.5857,0.0655401,0.306331,0.331875,0.673952,0.956562,0.213952,0.00265487,0.0221211,0.980482,0.209776,0.240791,0.204667
"Port of Charleston, SC",2016273N13300,MATTHEW,2016,50.1,3,5,105,3,70,3.33333,16.2571,0.280592,0.759561,0.205038,1.55042,1.16206,0.369413,0.00597219,0.0280101,0.97783,0.361223,0.478969,0.603822
"Port of Palm Beach District, FL",2016273N13300,MATTHEW,2016,122.2,4,5,120,3,70,2,6.44286,0.0134133,0.0788374,0.310421,1.17873,0.464982,0.170138,0.00653067,0.0126709,0.993819,0.169087,0.0654241,0.0543646
"Port of Savannah, GA",2016273N13300,MATTHEW,2016,58.7,3,5,108,3,70,1,16.6429,0,0.659207,0.0600858,0,,0,0,0.0210719,0.978928,0,0.659207,0.619598
"PortMiami, FL",2016273N13300,MATTHEW,2016,191.5,4,5,120,2,70,10,18.5714,0.0771749,0.136597,0.538462,1.00331,1.04579,0.564983,0,0.016674,0.983326,0.555563,0.0594219,0.0630447
"San Juan, PR",2016273N13300,MATTHEW,2016,469.7,1,5,68,1,70,7,8.97143,0.0740972,0.0428336,0.780255,0.965274,2.29684,1.72989,0.0321197,0.0201242,1.01239,1.75133,-0.0312636,0.00941247
"Tampa Port Authority, FL",2016273N13300,MATTHEW,2016,228.7,4,5,120,3,70,9,10.9571,0.278839,0.396851,0.821382,1.07435,0.796219,0.702628,0,0.00677303,0.993227,0.697869,0.118013,0.0708848
"Virginia, VA, Port of",2016273N13300,MATTHEW,2016,240,1,5,70,2,70,15,19.7571,0.568053,0.42914,0.759219,1.23873,1.40749,1.3237,0.0140302,0.0238089,0.990082,1.31057,-0.138913,0.103329
"Baltimore, MD",2017171N24271,CINDY,2017,172.6,-3,0,25,1,70,11,15.9857,0.348999,0.379494,0.688114,0.814811,1.64022,0.919643,0,0.0188859,0.981114,0.902275,0.0304949,0.118359
"Beaumont, TX",2017171N24271,CINDY,2017,42.3,0,0,50,3,70,10.6667,14.7571,0.95973,1.04467,0.722814,1.08437,1.1721,0.918688,0,0.000715055,0.999285,0.918032,0.0849441,0.289569
"Corpus Christi, TX",2017171N24271,CINDY,2017,404.9,0,0,48,2,70,14,18.6143,0.634732,0.825598,0.752111,1.03038,0.992072,0.768814,0.0234604,0.0225587,1.00092,0.769524,0.190867,0.204657
"Galveston, TX",2017171N24271,CINDY,2017,123.1,0,0,50,3,70,7.33333,11.2143,0.434778,0.745108,0.653928,1.06674,0.836492,0.583511,0.0170022,0.059757,0.956506,0.558131,0.31033,0.257861
"Houston Port Authority, TX",2017171N24271,CINDY,2017,160.9,0,0,50,3,70,62.6667,72,3.09877,4.09035,0.87037,0.960679,0.90604,0.757582,0.00293185,0.00127213,1.00166,0.758843,0.991572,0.53023
"Lake Charles Harbor District, LA",2017171N24271,CINDY,2017,41.1,0,0,50,3,70,7.33333,8.98571,0.447727,0.456756,0.81611,1.0528,1.14086,0.980232,0.0140233,0.0459477,0.967621,0.948494,0.00902909,0.0839927
"New Orleans, LA",2017171N24271,CINDY,2017,354.3,0,0,50,4,70,41,43.6429,1.97329,2.13382,0.939444,1.0165,0.9684,0.924772,0.00337652,0.000564251,1.00282,0.927381,0.160524,0.129216
"New York, NY & NJ",2017171N24271,CINDY,2017,430.9,-3,0,25,1,70,25,36.9571,0.441398,0.812667,0.676459,0.880464,0.911936,0.543147,0.015529,0.0255407,0.98983,0.537623,0.371269,0.262931
"Philadelphia Regional Port, PA",2017171N24271,CINDY,2017,324.9,-3,0,25,1,70,8,12.1143,0.152176,0.316066,0.660377,0.695706,1.04797,0.481468,0,0.0072363,0.992764,0.477984,0.16389,0.107343
"Plaquemines Port District, LA",2017171N24271,CINDY,2017,347,0,0,50,3,70,50,65.3571,2.55084,2.78962,0.765027,1.33523,0.895172,0.914405,0.0188998,0.0427303,0.97571,0.892194,0.238778,0.655484
"Port Arthur, TX",2017171N24271,CINDY,2017,24.9,0,0,50,3,70,7.33333,7.32857,0.374138,0.494493,1.00065,1.00239,0.754313,0.75661,0,0.00356858,0.996431,0.75391,0.120355,-0.000321308
"Port Freeport, TX",2017171N24271,CINDY,2017,186.2,0,0,50,3,70,3.66667,5.91429,0.190706,0.551379,0.619968,1.14891,0.485576,0.345871,0,0.0130013,0.986999,0.341374,0.360673,0.209542
"Port of Greater Baton Rouge, LA",2017171N24271,CINDY,2017,239.6,0,0,50,3,70,15.6667,12.8857,0.536291,0.625151,1.21582,0.907571,0.77744,0.857859,0.00927224,0.000400558,1.00895,0.86554,0.0888598,-0.134918
"South Jersey Port Corp, NJ",2017171N24271,CINDY,2017,315.5,-3,0,25,1,70,7,13.3571,0.0699146,0.204132,0.524064,0.608727,1.07362,0.342497,0,0.0766584,0.923342,0.316242,0.134217,0.0971537
"South Louisiana, LA, Port of",2017171N24271,CINDY,2017,306.5,0,0,50,4,70,51.25,45.8,2.95554,2.99549,1.119,1.01716,0.866866,0.986661,0.00361153,0.00161752,1.002,0.988636,0.0399556,-0.356451
"Texas City, TX",2017171N24271,CINDY,2017,121.9,0,0,50,3,70,7.33333,7.28571,0.611353,0.68351,1.00654,0.936722,0.948653,0.894432,0,0.0149255,0.985074,0.881082,0.0721566,-0.00446738
"Virginia, VA, Port of",2017171N24271,CINDY,2017,293.6,-3,0,25,1,70,25,25.7143,0.182189,0.348849,0.972222,0.617915,0.869341,0.522257,0.0171173,0.0211842,0.995862,0.520096,0.16666,0.00969025
"Jacksonville, FL",2017212N28275,EMILY,2017,277.2,0,0,50,4,68,9.75,10.2353,0.337197,0.88017,0.952586,0.87303,0.460664,0.383105,0.0245471,0.0343828,0.989917,0.379242,0.542973,0.0417322
"Mobile, AL",2017212N28275,EMILY,2017,363.1,0,0,38,2,68,12,12.1912,0.196388,0.231447,0.984318,0.98678,0.873588,0.848521,0,0.0117422,0.988258,0.838558,0.0350594,0.00362945
"New Orleans, LA",2017212N28275,EMILY,2017,484,-1,0,30,1,68,44,41.1029,0.496208,0.520255,1.07048,1.06789,0.834334,0.953778,0,0.00253259,0.997467,0.951363,0.0240472,-0.0366692
"Plaquemines Port District, LA",2017212N28275,EMILY,2017,412.1,-1,0,33,1,68,75,62.5882,1.03315,0.937721,1.19831,1.10706,0.830516,1.10176,0.0459588,0.0473449,0.998547,1.10016,-0.0954245,-0.185958
"Port Everglades, FL",2017212N28275,EMILY,2017,164.6,0,0,50,2,68,13.5,18.3676,0.218877,0.235099,0.734988,1.07392,1.17949,0.931001,0,0.0140559,0.985944,0.917915,0.0162216,0.062304
"Port of Charleston, SC",2017212N28275,EMILY,2017,316.5,-1,0,30,2,68,15,14.6471,0.655377,0.387287,1.0241,1.02983,1.60455,1.69223,0.0356064,0.0278076,1.00809,1.70591,-0.268091,-0.00933221
"Port of Palm Beach District, FL",2017212N28275,EMILY,2017,105.6,0,0,50,3,68,5.66667,4.5,0.0715855,0.0857775,1.25926,1.5013,0.441439,0.834549,0.0177637,0.0214612,0.996236,0.831408,0.0141919,-0.0222386
"Port of Savannah, GA",2017212N28275,EMILY,2017,326.3,-1,0,30,2,68,16,14.8235,0.329573,0.475611,1.07937,0.916775,0.700275,0.692947,0,0.0217913,0.978209,0.677846,0.146038,-0.0377469
"PortMiami, FL",2017212N28275,EMILY,2017,223.3,0,0,50,2,68,12,16.2353,0.064762,0.12842,0.73913,1.09208,0.624756,0.504297,0.0111553,0.0154019,0.995705,0.502131,0.0636585,0.033501
"Tampa Port Authority, FL",2017212N28275,EMILY,2017,47.5,0,0,50,3,68,11.6667,10,0.364234,0.45587,1.16667,1.1325,0.604717,0.798986,0,0.00691355,0.993086,0.793462,0.0916365,-0.0759783
"San Juan, PR",2017224N22293,GERT,2017,448.8,-3,2,25,1,70,11,5.8,0.0797039,0.0373977,1.89655,0.567863,1.97891,2.13125,0,0.154803,0.845197,1.80133,-0.0423063,-0.033529
"Beaumont, TX",2017228N14314,HARVEY,2017,63.9,4,4,115,7,70,12.4286,15.7857,2.56885,3.00108,0.78733,1.2335,0.88138,0.855974,0,0.00305412,0.996946,0.85336,0.432233,0.638239
"Corpus Christi, TX",2017228N14314,HARVEY,2017,57.3,4,4,115,7,70,1.28571,17.9714,0.138485,3.01978,0.0715421,1.06022,0.604603,0.0458593,0.0285823,0.0148574,1.01413,0.0465073,2.8813,2.80374
"Galveston, TX",2017228N14314,HARVEY,2017,103,4,4,115,7,70,2,11.3286,0.314931,1.88064,0.176545,1.60179,0.592177,0.16746,0.0190881,0.0531565,0.965269,0.161644,1.56571,1.54862
"Houston Port Authority, TX",2017228N14314,HARVEY,2017,165.9,4,4,115,7,70,12.4286,77.8,1.1931,11.4424,0.15975,0.806818,0.808991,0.10427,0.0227003,0.000882862,1.02232,0.106598,10.2493,9.61444
"Lake Charles Harbor District, LA",2017228N14314,HARVEY,2017,19.2,4,4,115,7,70,5.42857,10.2,0.326686,1.24639,0.532213,0.60395,0.815436,0.262106,0.0291912,0.0454531,0.983249,0.257715,0.919705,0.583046
"Mobile, AL",2017228N14314,HARVEY,2017,397.1,0,4,38,3,70,13,12.9857,0.741387,0.461577,1.0011,1.02948,1.5585,1.6062,0.0157076,0.00949277,1.00631,1.61635,-0.27981,-0.000507786
"New Orleans, LA",2017228N14314,HARVEY,2017,283.3,0,4,45,4,70,34.75,40.8714,2.15007,2.38731,0.850227,0.960522,1.10281,0.900624,0.00481289,0.00169272,1.00314,0.903448,0.237242,0.357555
"Plaquemines Port District, LA",2017228N14314,HARVEY,2017,367.4,0,4,45,3,70,63,72.7143,2.39547,3.0042,0.866405,0.888267,1.03609,0.797373,0.0275332,0.0349598,0.992363,0.791284,0.608732,0.401347
"Port Arthur, TX",2017228N14314,HARVEY,2017,41.7,4,4,115,7,70,5.57143,7.24286,1.38478,1.21447,0.769231,1.14092,1.29922,1.14023,0,0.00309826,0.996902,1.1367,-0.17031,0.280263
"Port Freeport, TX",2017228N14314,HARVEY,2017,90.9,4,4,115,7,70,0.571429,6,0.266208,0.859024,0.0952381,0.213075,15.2712,0.309897,0.116291,0.0306448,1.09692,0.339931,0.592815,0.777212
"Port of Greater Baton Rouge, LA",2017228N14314,HARVEY,2017,156,0,4,45,5,70,16.2,15.1714,1.16705,1.33404,1.0678,0.918482,0.892,0.874831,0.00391273,0.000590549,1.00334,0.877748,0.16698,-0.0904431
"South Louisiana, LA, Port of",2017228N14314,HARVEY,2017,245.6,0,4,45,4,70,53.5,51.4429,2.65351,3.36405,1.03999,1.02161,0.742409,0.788784,0.00371654,0.00335439,1.00036,0.78907,0.710543,-0.134525
"Texas City, TX",2017228N14314,HARVEY,2017,120.3,4,4,115,7,70,1.14286,7.6,0.19128,1.69422,0.150376,0.667481,1.12482,0.112902,0,0.0204028,0.979597,0.110598,1.50294,1.43945
"Baltimore, MD",2017240N31279,UNNAMED,2017,455.2,-4,-3,40,1,70,21,16.9857,0.492944,0.429489,1.23633,0.877054,1.05848,1.14774,0,0.0187354,0.981265,1.12624,-0.0634548,-0.101503
"Jacksonville, FL",2017240N31279,UNNAMED,2017,100.5,-3,-3,35,3,70,9,10.6857,0.479902,0.688778,0.842246,0.961508,0.860362,0.696744,0.0121,0.0294475,0.98244,0.684509,0.208876,0.108657
"Port of Charleston, SC",2017240N31279,UNNAMED,2017,68.7,-3,-3,40,3,70,12,14.6714,0.680984,0.561887,0.817916,0.927906,1.59689,1.21196,0.0256394,0.022746,1.00297,1.21556,-0.119097,0.102311
"Port of Palm Beach District, FL",2017240N31279,UNNAMED,2017,446.3,-3,-3,35,2,70,4,5,0.0273931,0.0589534,0.8,0.996989,0.582575,0.464657,0.0104132,0.0291644,0.981052,0.455852,0.0315603,0.0117907
"Port of Savannah, GA",2017240N31279,UNNAMED,2017,93.2,-3,-3,38,3,70,12.3333,15.9571,0.780124,0.630186,0.772904,1.06784,1.4999,1.23793,0.0170666,0.0215119,0.995478,1.23233,-0.149938,0.143113
"South Jersey Port Corp, NJ",2017240N31279,UNNAMED,2017,468.6,-4,-3,40,1,70,19,13.2286,0.163646,0.194686,1.43629,0.783932,0.746539,0.840565,0,0.0653919,0.934608,0.785599,0.0310398,-0.0849387
"Tampa Port Authority, FL",2017240N31279,UNNAMED,2017,349.2,-3,-3,35,2,70,9,10.9,0.444935,0.313049,0.825688,1.12725,1.52703,1.42129,0.142714,0.0105869,1.15412,1.64035,-0.131885,0.0545682
"Virginia, VA, Port of",2017240N31279,UNNAMED,2017,181.8,-3,-3,40,1,70,29,27.8429,0.361386,0.34174,1.04156,1.04845,0.968381,1.05749,0,0.0195069,0.980493,1.03686,-0.0196464,-0.0142026
"Jacksonville, FL",2017242N16333,IRMA,2017,129.4,3,5,100,3,70,2,9.95714,0.00265659,0.664819,0.200861,0.980166,0.0202967,0.00399596,0,0.0354884,0.964512,0.00385415,0.662162,0.531283
"Mobile, AL",2017242N16333,IRMA,2017,338.4,0,5,48,2,70,9.5,12.7857,0.26028,0.320723,0.743017,1.15207,0.948055,0.81154,0,0.00791791,0.992082,0.805115,0.0604434,0.0824205
"Port Everglades, FL",2017242N16333,IRMA,2017,124.3,4,5,130,3,70,0.333333,20.0714,0.00184323,0.476361,0.0166074,0.445672,0.52279,0.0038694,0,0.016161,0.983839,0.00380687,0.474517,0.46845
"Port of Charleston, SC",2017242N16333,IRMA,2017,403.1,0,5,50,2,70,6,14.6143,0.130116,0.348316,0.410557,1.1018,0.825811,0.373556,0.0132591,0.0257748,0.987316,0.368818,0.2182,0.205312
"Port of Palm Beach District, FL",2017242N16333,IRMA,2017,120.5,4,5,120,3,70,0,5.31429,0,0.138847,0,,,0,0,0.0254707,0.974529,0,0.138847,0.138847
"Port of Savannah, GA",2017242N16333,IRMA,2017,261.8,1,5,65,2,70,0.5,15.9286,0.00253895,0.430748,0.0313901,0.152189,1.23383,0.00589429,0,0.0211141,0.978886,0.00576984,0.428209,0.417226
"PortMiami, FL",2017242N16333,IRMA,2017,120.5,5,5,145,3,70,9.33333,17.2143,0.130558,0.175268,0.542185,1.21238,1.13323,0.744908,0,0.0174642,0.982536,0.731899,0.0447093,0.0802402
"San Juan, PR",2017242N16333,IRMA,2017,87.6,5,5,155,2,70,1,5.37143,0,0.073583,0.18617,0,,0,0.521838,0.355972,1.34688,0,0.073583,0.0598841
"Tampa Port Authority, FL",2017242N16333,IRMA,2017,35.7,4,5,115,3,70,2,9.81429,0.0411457,0.437806,0.203785,0.255594,1.80435,0.0939815,0,0.0164834,0.983517,0.0924324,0.396661,0.348588
"New York, NY & NJ",2017247N09327,JOSE,2017,396.5,0,4,60,7,70,37.1429,35.2857,6.36934,5.55074,1.05263,1.02655,1.0619,1.14747,0.0143708,0.0221929,0.992064,1.13837,-0.818595,-0.292144
"Philadelphia Regional Port, PA",2017247N09327,JOSE,2017,423.1,0,4,60,5,70,11.6,12.0714,0.74243,1.536,0.960947,1.09316,0.46013,0.483353,0,0.00391382,0.996086,0.481461,0.793569,0.0599858
"San Juan, PR",2017247N09327,JOSE,2017,296.3,4,4,120,2,70,6,5.41429,0.0274425,0.0777353,1.10818,0.367354,0.867182,0.353025,0.646252,0.364281,1.7971,0.63442,0.0502928,-0.00840936
"South Jersey Port Corp, NJ",2017247N09327,JOSE,2017,393.7,0,4,63,5,70,13.2,13.0429,0.724457,0.987074,1.01205,0.949316,0.763925,0.733944,0.0719897,0.0685713,1.00368,0.736648,0.262617,-0.0118925
"Virginia, VA, Port of",2017247N09327,JOSE,2017,418.4,1,4,65,2,70,29,27.2143,0.671457,0.670871,1.06562,0.99164,0.947162,1.00087,0.00981734,0.0247408,0.984929,0.985789,-0.000585769,-0.0440204
"Baltimore, MD",2017260N12310,MARIA,2017,495.7,1,5,65,2,70,14,16.5286,0.911924,0.819016,0.847018,1.17783,1.11607,1.11344,0.0149963,0.0173591,0.997601,1.11077,-0.0929083,0.125295
"New York, NY & NJ",2017260N12310,MARIA,2017,483.3,1,5,65,1,70,42,35.6,0.792926,0.827821,1.17978,1.00975,0.804048,0.957848,0.0110546,0.0230493,0.987871,0.94623,0.0348943,-0.148822
"Philadelphia Regional Port, PA",2017260N12310,MARIA,2017,454.7,1,5,65,2,70,15.5,12.1714,0.883256,0.567444,1.27347,0.833997,1.46558,1.55655,0,0.00266679,0.997333,1.5524,-0.315812,-0.155181
"San Juan, PR",2017260N12310,MARIA,2017,28.4,5,5,150,4,70,1.25,6.07143,0.0100778,0.157327,0.205882,0.448063,0.69439,0.0640563,0.361968,0.478699,0.817046,0.0523369,0.147249,0.124936
"South Jersey Port Corp, NJ",2017260N12310,MARIA,2017,410.3,1,5,65,2,70,12.5,12.9714,0.19454,0.380516,0.963656,0.920954,0.57607,0.511253,0.071616,0.0756236,0.995683,0.509046,0.185976,0.0138293
"Virginia, VA, Port of",2017260N12310,MARIA,2017,347.9,1,5,65,3,70,31.3333,26.9143,1.18582,0.986558,1.16419,1.01234,1.01988,1.20198,0.0135245,0.0232165,0.990175,1.19017,-0.199263,-0.161983
"Baltimore, MD",2017277N11279,NATE,2017,369.7,-4,1,25,1,70,21,16.7429,0.45395,0.430034,1.25427,0.973073,0.864909,1.05562,0.0216571,0.0189035,1.00281,1.05859,-0.0239164,-0.109343
"Beaumont, TX",2017277N11279,NATE,2017,475.9,1,1,75,1,70,16,15.3,0.47239,0.430705,1.04575,0.825847,1.26997,1.09678,0.14004,0.000580425,1.16217,1.27465,-0.041685,-0.0197054
"Lake Charles Harbor District, LA",2017277N11279,NATE,2017,395.8,1,1,78,2,70,10.5,12.0143,0.217103,0.381301,0.87396,0.783503,0.831506,0.569373,0.083717,0.0424333,1.04506,0.595027,0.164198,0.0480593
"Mobile, AL",2017277N11279,NATE,2017,70.4,1,1,80,2,70,4,12.7429,0.219931,0.295182,0.313901,1.40557,1.68869,0.745069,0,0.0079353,0.992065,0.739156,0.0752511,0.202524
"New Orleans, LA",2017277N11279,NATE,2017,80.1,1,1,80,2,70,29.5,36.1429,0.58762,1.09451,0.816206,1.14069,0.576646,0.536878,0,0.00220505,0.997795,0.535694,0.506892,0.201165
"New York, NY & NJ",2017277N11279,NATE,2017,325.7,-4,1,25,2,70,33,36.3857,0.999899,1.69551,0.906949,0.941073,0.690956,0.589735,0.0206403,0.0230066,0.997584,0.58831,0.695607,0.157768
"Philadelphia Regional Port, PA",2017277N11279,NATE,2017,356.4,-4,1,25,1,70,16,11.6143,0.311426,0.261774,1.37761,1.07281,0.804972,1.18968,0,0.00288321,0.997117,1.18625,-0.0496527,-0.0988494
"Plaquemines Port District, LA",2017277N11279,NATE,2017,41.6,1,1,80,2,70,42,71.7571,1.21966,2.06684,0.585308,1.59627,0.631601,0.590111,0.0046694,0.0372701,0.967246,0.570782,0.847175,0.857102
"Port Arthur, TX",2017277N11279,NATE,2017,456.1,1,1,78,2,70,8.5,7.55714,0.500656,0.383915,1.12476,1.0723,1.08125,1.30408,0.0179789,0.00223681,1.01603,1.32499,-0.116742,-0.0478986
"Port of Greater Baton Rouge, LA",2017277N11279,NATE,2017,210.9,1,1,80,2,70,15,15.5714,0.487266,0.596486,0.963303,1.27047,0.667479,0.816894,0,0.0026016,0.997398,0.814769,0.10922,0.0218894
"South Jersey Port Corp, NJ",2017277N11279,NATE,2017,406.1,-4,1,25,1,70,13,11.8714,0.156763,0.180241,1.09507,1.31035,0.606125,0.869738,0.030877,0.0908465,0.93812,0.815918,0.0234786,-0.0171349
"South Louisiana, LA, Port of",2017277N11279,NATE,2017,126.7,1,1,80,2,70,47.5,54.8714,1.3481,1.58788,0.86566,1.25275,0.782878,0.848998,0,0.00210334,0.997897,0.847212,0.239772,0.213315
"Port Everglades, FL",2017301N18276,PHILIPPE,2017,391.2,0,0,35,2,70,20.5,21.2429,0.323282,0.359384,0.96503,1.01348,0.919741,0.899545,0.0131567,0.00932935,1.00388,0.903034,0.0361019,0.0125675
"Port of Palm Beach District, FL",2017301N18276,PHILIPPE,2017,449.5,-1,0,30,1,70,3,5.88571,0.0100154,0.0399239,0.509709,1.63061,0.301831,0.250863,0.00958821,0.0154448,0.994087,0.24938,0.0299084,0.0195743
"PortMiami, FL",2017301N18276,PHILIPPE,2017,331.3,0,0,35,2,70,18,18.8143,0.149506,0.12812,0.95672,1.06196,1.14855,1.16693,0,0.0084604,0.99154,1.15706,-0.0213869,0.00554504
"Jacksonville, FL",2018146N19273,ALBERTO,2018,412.3,0,0,55,3,70,11.6667,11.0714,1.21966,0.924655,1.05376,0.994476,1.2587,1.31904,0.0320977,0.0295858,1.0026,1.32246,-0.295004,-0.0497126
"Mobile, AL",2018146N19273,ALBERTO,2018,190,0,0,55,3,70,7.33333,11.1286,0.336677,0.291932,0.658964,0.98085,1.7843,1.15327,0,0.010517,0.989483,1.14114,-0.0447449,0.0995593
"New Orleans, LA",2018146N19273,ALBERTO,2018,384,0,0,55,2,70,33.5,38.0286,0.935885,0.940165,0.880917,1.06864,1.05743,0.995448,0.00465398,0.00122944,1.00344,0.998872,0.0042801,0.111958
"Plaquemines Port District, LA",2018146N19273,ALBERTO,2018,344.5,0,0,55,3,70,53,64.3143,1.95794,2.74311,0.824078,0.886571,0.976956,0.713767,0.0208458,0.0385124,0.981957,0.700889,0.785166,0.482572
"Port Everglades, FL",2018146N19273,ALBERTO,2018,386.2,-2,0,45,1,70,16,22.1286,0.142952,0.172803,0.723047,0.978935,1.16874,0.827253,0.011324,0.0137552,0.997541,0.825219,0.0298511,0.0478583
"Port of Greater Baton Rouge, LA",2018146N19273,ALBERTO,2018,475.3,-1,0,30,1,70,13,14.6571,0.215991,0.207041,0.88694,0.922294,1.27531,1.04323,0,0.00847981,0.99152,1.03438,-0.00894959,0.0234082
"Port of Palm Beach District, FL",2018146N19273,ALBERTO,2018,388.4,-2,0,45,1,70,4,5.7,0.00643998,0.0257592,0.701754,0.971123,0.366854,0.250007,0,0.0179014,0.982099,0.245532,0.0193192,0.00768257
"Port of Savannah, GA",2018146N19273,ALBERTO,2018,490.2,-1,0,30,1,70,22,15.0286,0.337233,0.206483,1.46388,0.944156,1.18167,1.63322,0,0.0155557,0.984444,1.60782,-0.13075,-0.095783
"PortMiami, FL",2018146N19273,ALBERTO,2018,381.4,-2,0,45,1,70,14,15.4,0.042923,0.0574515,0.909091,1.07933,0.761424,0.747118,0,0.0142237,0.985776,0.736491,0.0145284,0.00522286
"South Louisiana, LA, Port of",2018146N19273,ALBERTO,2018,427.2,0,0,55,2,70,43.5,50.7,1.45439,1.58598,0.857988,1.01011,1.05812,0.917026,0.00184437,0.00128171,1.00056,0.917543,0.131595,0.225228
"Tampa Port Authority, FL",2018146N19273,ALBERTO,2018,235.6,0,0,55,3,70,13.3333,10.5857,1.20243,0.406236,1.25956,1.18743,1.97904,2.95993,0.00477524,0.0133399,0.991394,2.93445,-0.796192,-0.105442
"San Juan, PR",2018186N10325,BERYL,2018,180.9,-3,1,35,2,70,7.5,7.01429,0.0922858,0.106108,1.06925,0.849542,0.957472,0.869738,0,0.0579896,0.94201,0.819302,0.0138218,-0.00734757
"Port of Charleston, SC",2018186N31292,CHRIS,2018,432.1,0,2,43,2,70,17,17.6714,0.329361,0.461661,0.962005,0.887569,0.835545,0.713427,0.0185733,0.0186252,0.999947,0.713389,0.1323,0.0175409
"Virginia, VA, Port of",2018186N31292,CHRIS,2018,430,0,2,43,2,70,32.5,28.1714,0.626321,0.745307,1.15365,0.95839,0.760055,0.840353,0.0137426,0.0185281,0.995148,0.836276,0.118986,-0.114517
"Baltimore, MD",2018242N13343,FLORENCE,2018,212,-4,4,25,2,70,22.5,17.1857,1.85765,0.862899,1.30923,0.981389,1.67551,2.1528,0.0250407,0.0161267,1.00914,2.17248,-0.994747,-0.266832
"Jacksonville, FL",2018242N13343,FLORENCE,2018,363.1,0,4,63,3,70,11.6667,12.9714,0.275502,1.03796,0.899413,1.06857,0.276173,0.265427,0.00849352,0.0267298,0.981607,0.260545,0.762456,0.104405
"New York, NY & NJ",2018242N13343,FLORENCE,2018,155.5,-4,4,25,1,70,37,37.0429,0.762479,0.903977,0.998843,0.856281,0.986182,0.843472,0.0206452,0.0267421,0.993775,0.838221,0.141498,0.00104587
"Philadelphia Regional Port, PA",2018242N13343,FLORENCE,2018,205.5,-4,4,25,1,70,12,11.8286,0.254597,1.09895,1.01449,1.06116,0.215203,0.231674,0,0.00782651,0.992173,0.229861,0.844349,-0.0159268
"Port of Charleston, SC",2018242N13343,FLORENCE,2018,64.3,3,4,98,5,70,9.4,18.3714,0.605572,0.988309,0.511664,1.13056,1.05924,0.612735,0,0.0205092,0.979491,0.600169,0.382737,0.482627
"Port of Savannah, GA",2018242N13343,FLORENCE,2018,167.2,2,4,90,5,70,13,14.6571,0.662665,0.970574,0.88694,1.02922,0.747936,0.682755,0.0142321,0.0189133,0.995251,0.679513,0.30791,0.109734
"South Jersey Port Corp, NJ",2018242N13343,FLORENCE,2018,246.3,-4,4,25,1,70,12,12.2429,0.130299,0.207243,0.980163,1.04337,0.614784,0.628723,0.125458,0.087548,1.04335,0.655977,0.0769447,0.00411101
"Virginia, VA, Port of",2018242N13343,FLORENCE,2018,307,3,4,98,6,70,21.8333,27.5714,1.23685,2.30677,0.791883,0.900122,0.752229,0.536182,0.0157515,0.0175751,0.998147,0.535189,1.06992,0.48008
"Beaumont, TX",2018246N22283,GORDON,2018,446.6,0,0,38,2,70,14,15.2571,0.793542,0.870657,0.917603,1.33233,0.745516,0.911429,0,0.000905961,0.999094,0.910603,0.0771148,0.0717395
"Jacksonville, FL",2018246N22283,GORDON,2018,445.3,0,0,55,2,70,12,13.2143,0.966525,0.637498,0.908108,1.10232,1.51457,1.51612,0.0180702,0.0248806,0.993064,1.50561,-0.329028,0.0585809
"Lake Charles Harbor District, LA",2018246N22283,GORDON,2018,395.4,0,0,60,2,70,12.5,10.5857,0.341143,0.335728,1.18084,0.942984,0.912547,1.01613,0.0179174,0.0370464,0.980522,0.996337,-0.00541504,-0.0607119
"Mobile, AL",2018246N22283,GORDON,2018,48.4,0,0,60,3,70,6,10.8714,0.0977234,0.355976,0.551905,0.933681,0.532739,0.274522,0.0357782,0.0205587,1.01578,0.278856,0.258253,0.159511
"New Orleans, LA",2018246N22283,GORDON,2018,141.5,0,0,60,3,70,37.6667,31.6429,1.22666,1.17201,1.19037,1.01575,0.865612,1.04663,0.00993173,0.00221133,1.0078,1.05479,-0.0546503,-0.223114
"Plaquemines Port District, LA",2018246N22283,GORDON,2018,147.6,0,0,60,3,70,56.3333,59.7571,2.43989,2.33965,0.942705,1.06884,1.03497,1.04284,0.0230834,0.0434691,0.979133,1.02108,-0.100235,0.134051
"Port Arthur, TX",2018246N22283,GORDON,2018,443.4,0,0,45,2,70,6.5,6.77143,0.364512,0.326059,0.959916,1.22129,0.953592,1.11793,0,0.00168925,0.998311,1.11604,-0.0384526,0.0130699
"Port Everglades, FL",2018246N22283,GORDON,2018,112,0,0,55,3,70,16,21.1571,0.314503,0.450682,0.756246,0.920002,1.00301,0.697839,0.021006,0.0156244,1.0055,0.701675,0.136179,0.109856
"Port of Greater Baton Rouge, LA",2018246N22283,GORDON,2018,209.8,0,0,60,4,70,14,12.9571,0.946462,0.895635,1.08049,1.01555,0.963057,1.05675,0,0.00771966,0.99228,1.04859,-0.0508269,-0.0720853
"Port of Palm Beach District, FL",2018246N22283,GORDON,2018,160,0,0,55,2,70,3.5,5.27143,0.0210097,0.0642575,0.663957,1.21229,0.406209,0.326962,0,0.0170427,0.982957,0.321389,0.0432478,0.0215933
"PortMiami, FL",2018246N22283,GORDON,2018,60.2,0,0,55,3,70,9.33333,14.0286,0.0944684,0.187474,0.665309,1.13953,0.664652,0.5039,0.0115025,0.00827291,1.00327,0.505547,0.093006,0.062746
"South Louisiana, LA, Port of",2018246N22283,GORDON,2018,182.5,0,0,60,3,70,51.3333,48.4286,2.27599,2.32762,1.05998,0.95159,0.969418,0.977819,0.00529755,0.00147902,1.00384,0.981573,0.0516293,-0.139612
"Tampa Port Authority, FL",2018246N22283,GORDON,2018,173.2,0,0,60,2,70,6,8.95714,0.201883,0.218619,0.669856,0.937809,1.46999,0.923446,0,0.0167974,0.983203,0.907935,0.0167361,0.0721758
"San Juan, PR",2018251N13325,ISAAC,2018,358.3,0,1,35,2,70,6.5,6.82857,0.225918,0.0999627,0.951883,1.13219,2.09706,2.26002,0,0.0149654,0.985035,2.2262,-0.125955,0.00480992
"San Juan, PR",2018265N08338,KIRK,2018,489.6,0,0,35,1,70,4,6.27143,0.0263476,0.0427258,0.637813,0.953656,1.01383,0.616668,0,0.0140757,0.985924,0.607988,0.0163781,0.0154747
"Baltimore, MD",2018280N18273,MICHAEL,2018,272.1,0,5,60,2,70,13,17.9429,0.183209,0.99275,0.724522,0.852811,0.298678,0.184547,0.023411,0.0181532,1.00538,0.185541,0.80954,0.27348
"Jacksonville, FL",2018280N18273,MICHAEL,2018,289.4,5,5,140,2,70,14,12.1857,0.426214,0.513692,1.14889,1.10901,0.651196,0.829707,0.035106,0.0324901,1.00271,0.831956,0.0874783,-0.0764817
"Mobile, AL",2018280N18273,MICHAEL,2018,254.1,5,5,140,2,70,12,10.6714,0.173564,0.177953,1.1245,0.998766,0.868425,0.975337,0.0373059,0.0336047,1.00384,0.979087,0.00438888,-0.0221548
"New Orleans, LA",2018280N18273,MICHAEL,2018,377.9,5,5,140,1,70,29,34.2,0.347952,0.423182,0.847953,0.915122,1.0596,0.822228,0,0.00479888,0.995201,0.818282,0.07523,0.0643434
"New York, NY & NJ",2018280N18273,MICHAEL,2018,305.5,-4,5,60,1,70,37,35.0857,0.763799,0.838891,1.05456,1.10702,0.779913,0.910487,0.0141319,0.0264394,0.987516,0.89912,0.0750919,-0.0457701
"Philadelphia Regional Port, PA",2018280N18273,MICHAEL,2018,282.8,-4,5,60,1,70,11,12.3143,1.8291,0.685025,0.893271,0.909518,3.28652,2.67012,0,0.00838211,0.991618,2.64774,-1.14407,0.0731117
"Plaquemines Port District, LA",2018280N18273,MICHAEL,2018,310.2,5,5,140,2,70,58.5,60.8,1.60693,1.68615,0.962171,1.09508,0.904479,0.953012,0.005657,0.0435209,0.961921,0.916722,0.0792297,0.0637855
"Port of Charleston, SC",2018280N18273,MICHAEL,2018,195.2,1,5,80,2,70,19.5,17.6571,0.411191,0.394329,1.10437,0.943777,1.00047,1.04276,0.018366,0.0184263,0.999939,1.0427,-0.0168625,-0.0411557
"Port of Savannah, GA",2018280N18273,MICHAEL,2018,193.7,5,5,140,2,70,12.5,14.6571,0.875574,0.442449,0.852827,0.945591,2.45395,1.97893,0.040328,0.017777,1.0235,2.02543,-0.433126,0.0651167
"South Jersey Port Corp, NJ",2018280N18273,MICHAEL,2018,242.7,-4,5,60,1,70,11,12.2429,0.0918956,0.185803,0.898483,0.909353,0.60534,0.494586,0.0520995,0.0785491,0.972097,0.480786,0.0939074,0.0188622
"South Louisiana, LA, Port of",2018280N18273,MICHAEL,2018,422.7,5,5,140,1,70,43,49.1857,0.553505,0.747655,0.874238,1.05898,0.799656,0.740321,0,0.00539014,0.99461,0.736331,0.19415,0.0940268
"Tampa Port Authority, FL",2018280N18273,MICHAEL,2018,384.4,5,5,140,3,70,6.66667,8.35714,0.281936,0.307325,0.797721,1.00633,1.14278,0.917386,0,0.0150265,0.984974,0.903601,0.0253892,0.0621655
"Virginia, VA, Port of",2018280N18273,MICHAEL,2018,18.3,0,5,60,2,70,20.5,26.2286,0.675048,0.670824,0.78159,1.0702,1.20304,1.0063,0,0.0206192,0.979381,0.985549,-0.00422455,0.146514
"Beaumont, TX",2019192N29274,BARRY,2019,130.5,1,1,65,4,70,10.25,14.6571,1.31622,2.1948,0.699318,1.05444,0.813274,0.5997,0,0.0019374,0.998063,0.598538,0.878577,0.659936
"Galveston, TX",2019192N29274,BARRY,2019,236.4,1,1,65,4,70,9.5,11.1571,1.20874,1.34733,0.851472,1.10014,0.957728,0.897142,0.0356067,0.0431325,0.992196,0.890141,0.138583,0.200115
"Houston Port Authority, TX",2019192N29274,BARRY,2019,245.6,1,1,65,4,70,64.5,66.3143,12.7098,8.60665,0.972641,0.961703,1.57873,1.47674,0.00323728,0.00242646,1.00081,1.47794,-4.1031,0.235469
"Lake Charles Harbor District, LA",2019192N29274,BARRY,2019,70.5,1,1,65,5,70,8,9.48571,0.662261,0.73386,0.843373,1.03298,1.03587,0.902435,0.0154449,0.0435692,0.971435,0.876657,0.0715989,0.114942
"Mobile, AL",2019192N29274,BARRY,2019,286.4,1,1,65,5,70,10.8,10.0286,0.593464,0.698576,1.07692,1.10193,0.715886,0.849534,0.0176321,0.0180075,0.999618,0.84921,0.105112,-0.0537366
"New Orleans, LA",2019192N29274,BARRY,2019,193.6,1,1,65,6,70,26.5,34.1857,2.25643,2.79226,0.775178,1.20194,0.867329,0.808103,0.00238169,0.00188728,1.0005,0.808504,0.535825,0.627762
"Plaquemines Port District, LA",2019192N29274,BARRY,2019,158.7,1,1,65,5,70,51.4,69.7,3.86363,4.91645,0.737446,1.29988,0.819806,0.785857,0.0196789,0.0397179,0.979559,0.769793,1.05283,1.29083
"Port Arthur, TX",2019192N29274,BARRY,2019,122.4,1,1,65,4,70,2.75,6.74286,0.122312,0.64432,0.407839,1.11325,0.418104,0.18983,0,0.00455759,0.995442,0.188965,0.522009,0.381541
"Port Freeport, TX",2019192N29274,BARRY,2019,295.7,1,1,65,4,70,8,7.44286,1.55024,0.971799,1.07486,0.980967,1.51293,1.59523,0.0058305,0.022851,0.98288,1.56792,-0.578443,-0.0727451
"Port of Greater Baton Rouge, LA",2019192N29274,BARRY,2019,122.2,1,1,65,6,70,5.33333,11.5,1.0737,1.71733,0.463768,1.18081,1.14169,0.625214,0,0.00246372,0.997536,0.623674,0.643633,0.92089
"South Louisiana, LA, Port of",2019192N29274,BARRY,2019,154.2,1,1,65,6,70,27.3333,32.8857,2.46645,3.63761,0.831161,1.10157,0.740555,0.67804,0,0.00111487,0.998885,0.677284,1.17117,0.61417
"Tampa Port Authority, FL",2019192N29274,BARRY,2019,412.3,-3,1,30,1,70,8,10.2,0.0914636,0.133345,0.784314,0.837673,1.04401,0.685915,0,0.00359325,0.996407,0.68345,0.0418818,0.0287608
"Texas City, TX",2019192N29274,BARRY,2019,228,1,1,65,4,70,6.25,6.95714,0.968717,1.05471,0.898357,0.923354,1.10725,0.918464,0.0487559,0.019843,1.03039,0.946381,0.085997,0.107204
"Jacksonville, FL",2019204N25283,UNNAMED,2019,251.3,-1,-1,30,1,70,11,9.47143,0.105742,0.246659,1.16139,1.16099,0.31794,0.428697,0.0504824,0.0211133,1.03093,0.441957,0.140917,-0.0398076
"Port Everglades, FL",2019204N25283,UNNAMED,2019,95.5,-1,-1,30,2,70,21,22.0714,0.32008,0.339977,0.951456,1.00949,0.980211,0.941477,0.0300422,0.0149563,1.01555,0.95612,0.0198966,0.0165037
"Port of Charleston, SC",2019204N25283,UNNAMED,2019,491.8,-1,-1,30,1,70,17,17.4429,0.254168,0.284944,0.974611,1.01649,0.900381,0.891991,0.0794838,0.022657,1.06173,0.947057,0.0307764,0.00723445
"Port of Palm Beach District, FL",2019204N25283,UNNAMED,2019,91.6,-1,-1,30,2,70,6,4.37143,0.0373535,0.0390021,1.37255,1.1188,0.623683,0.957731,0.0181409,0.0171904,1.00097,0.958658,0.00164859,-0.0145302
"Port of Savannah, GA",2019204N25283,UNNAMED,2019,403.6,-1,-1,30,1,70,16,13.7143,0.164564,0.291175,1.16667,0.946487,0.511822,0.565171,0,0.0120668,0.987933,0.558352,0.126611,-0.0485291
"PortMiami, FL",2019204N25283,UNNAMED,2019,119.5,-1,-1,30,2,70,10,12.9714,0.128859,0.124187,0.770925,1.13823,1.18249,1.03762,0.0151105,0.019578,0.995464,1.03292,-0.00467231,0.0284481
"Tampa Port Authority, FL",2019204N25283,UNNAMED,2019,242.5,-1,-1,30,2,70,6.5,10.3,0.213111,0.284893,0.631068,0.906018,1.30831,0.748039,0.0144968,0.00242259,1.01225,0.757204,0.0717819,0.105106
"Baltimore, MD",2019236N10314,DORIAN,2019,437.7,2,5,85,1,70,10,16.8857,0.0833204,0.587155,0.592217,1.19815,0.199989,0.141905,0.0296564,0.0247263,1.00508,0.142626,0.503835,0.239432
"Jacksonville, FL",2019236N10314,DORIAN,2019,188.2,4,5,120,5,70,3.4,9.92857,0.387265,1.4405,0.342446,0.878889,0.893241,0.268841,0.00686231,0.0241501,0.982593,0.264161,1.05324,0.947207
"New York, NY & NJ",2019236N10314,DORIAN,2019,441.4,2,5,85,2,70,25,32.9286,1.94038,2.19021,0.759219,1.33462,0.874333,0.885934,0.0183991,0.030822,0.987344,0.874722,0.249827,0.52736
"Philadelphia Regional Port, PA",2019236N10314,DORIAN,2019,421.8,2,5,85,2,70,7.5,10.0286,0.133677,0.385022,0.747863,1.08842,0.426534,0.347193,0.0360382,0.0146171,1.02222,0.354908,0.251345,0.0970783
"Port Everglades, FL",2019236N10314,DORIAN,2019,211.6,5,5,160,4,70,6.5,21.7,0.171778,0.581466,0.299539,0.785665,1.25531,0.295422,0.00161657,0.0161406,0.985452,0.291124,0.409688,0.407294
"Port of Charleston, SC",2019236N10314,DORIAN,2019,111.7,3,5,100,3,70,8.66667,17.0143,0.481974,1.06362,0.509376,1.04066,0.854849,0.453144,0.0488274,0.0210962,1.02915,0.466356,0.581647,0.521838
"Port of Palm Beach District, FL",2019236N10314,DORIAN,2019,199.2,5,5,160,5,70,2,4.45714,0.0214526,0.190088,0.448718,0.564929,0.445201,0.112856,0,0.0187216,0.981278,0.110743,0.168636,0.104792
"Port of Savannah, GA",2019236N10314,DORIAN,2019,163.6,3,5,100,3,70,2.33333,14.5286,0.320183,0.931333,0.160603,0.375928,5.69422,0.34379,0.0447575,0.0124571,1.03381,0.355415,0.61115,0.781758
"PortMiami, FL",2019236N10314,DORIAN,2019,242,5,5,160,4,70,9.75,12.9857,0.214004,0.266819,0.750825,1.13143,0.94415,0.802058,0.00223914,0.0111799,0.991039,0.794871,0.0528147,0.0664845
"San Juan, PR",2019236N10314,DORIAN,2019,80,1,5,78,2,70,6,6.74286,0.0527598,0.0698543,0.889831,0.756538,1.12195,0.755284,0,0.00853919,0.991461,0.748834,0.0170945,0.00769582
"South Jersey Port Corp, NJ",2019236N10314,DORIAN,2019,376.9,2,5,85,2,70,7.5,11.8,0.0802011,0.346109,0.635593,1.42487,0.255866,0.231722,0.0399458,0.170332,0.864189,0.200252,0.265908,0.126124
"Tampa Port Authority, FL",2019236N10314,DORIAN,2019,321.2,5,5,155,4,70,11.75,9.42857,0.477302,0.559771,1.24621,0.985739,0.69411,0.852673,0,0.00159695,0.998403,0.851311,0.0824694,-0.137822
"Virginia, VA, Port of",2019236N10314,DORIAN,2019,184.2,2,5,93,3,70,17.3333,24.7286,0.591169,1.25523,0.700944,0.940717,0.714244,0.470965,0.0225172,0.0204566,1.00211,0.471957,0.664061,0.375385
"New York, NY & NJ",2019239N32287,ERIN,2019,494.6,-4,0,35,1,70,37,33.9714,1.18894,1.13329,1.08915,1.02443,0.940266,1.04911,0.0344893,0.0349076,0.999567,1.04866,-0.0556591,-0.101033
"South Jersey Port Corp, NJ",2019239N32287,ERIN,2019,463,-1,0,35,1,70,5,12,0.0790347,0.184218,0.416667,0.707556,1.45524,0.429028,0.142124,0.154535,0.985533,0.422821,0.105183,0.107461
"Virginia, VA, Port of",2019239N32287,ERIN,2019,400.1,-1,0,35,2,70,23.5,23.3857,1.12509,0.747381,1.00489,1.15055,1.30203,1.50538,0,0.0235629,0.976437,1.46991,-0.377712,-0.00365244
"Corpus Christi, TX",2019246N24266,FERNAND,2019,365.4,0,0,45,2,70,16.5,16.2571,1.35424,0.876308,1.01494,1.026,1.48406,1.5454,0.0196194,0.00698996,1.01288,1.5653,-0.477935,-0.0130907
"Jacksonville, FL",2019256N23286,HUMBERTO,2019,370.3,1,3,75,2,70,10,8.8,0.364307,0.589509,1.13636,1.11603,0.487283,0.617983,0.0161399,0.0242076,0.9918,0.612915,0.225203,-0.0803876
"Port Everglades, FL",2019256N23286,HUMBERTO,2019,339.8,1,3,70,3,70,24.3333,20.3286,0.452462,0.469589,1.197,1.03504,0.777701,0.963526,0.0144271,0.0132997,1.00114,0.964629,0.0171276,-0.0925098
"Port of Charleston, SC",2019256N23286,HUMBERTO,2019,467.2,1,3,75,2,70,16.5,16.6143,1.05521,0.668567,0.993121,0.929066,1.71059,1.57832,0.0112653,0.0243834,0.986733,1.55738,-0.386647,0.00459891
"Port of Palm Beach District, FL",2019256N23286,HUMBERTO,2019,316.6,1,3,73,3,70,4.66667,4.01429,0.0683926,0.0697367,1.16251,1.14944,0.733944,0.980727,0,0.0200202,0.97998,0.961093,0.00134403,-0.0113332
"Port of Savannah, GA",2019256N23286,HUMBERTO,2019,439.4,1,3,75,2,70,14.5,14.1,0.255535,0.63119,1.02837,0.987728,0.39857,0.404847,0,0.0132565,0.986743,0.39948,0.375654,-0.0179061
"PortMiami, FL",2019256N23286,HUMBERTO,2019,373.1,1,3,65,3,70,11.3333,13.0286,0.130123,0.202243,0.869883,1.07979,0.684981,0.643397,0.0064046,0.00793601,0.998459,0.642406,0.0721205,0.0263153
"Tampa Port Authority, FL",2019256N23286,HUMBERTO,2019,435.7,1,3,68,2,70,9.5,10.0571,0.88721,0.272617,0.944602,0.917022,3.75703,3.25442,0,0.001598,0.998402,3.24922,-0.614593,0.0151023
"San Juan, PR",2019260N13317,JERRY,2019,393,0,2,63,2,70,5.5,6.71429,0.0696593,0.133464,0.819149,0.8511,0.748638,0.521933,0,0.00931429,0.990686,0.517072,0.0638047,0.0241371
"Beaumont, TX",2019261N28264,IMELDA,2019,102.5,0,0,40,3,70,13,12.1143,0.928567,1.30131,1.07311,0.890564,0.74666,0.713566,0,0.00217101,0.997829,0.712016,0.372739,-0.0951426
"Corpus Christi, TX",2019261N28264,IMELDA,2019,185.5,0,0,40,3,70,16.3333,17.0286,1.11456,1.50603,0.959172,0.844367,0.913779,0.740064,0.0133702,0.00638857,1.00708,0.745301,0.391471,0.0614877
"Galveston, TX",2019261N28264,IMELDA,2019,59.3,0,0,40,3,70,10.6667,10.3571,0.898898,1.0686,1.02989,0.925514,0.882517,0.841191,0.0363173,0.0459274,0.990028,0.832803,0.169703,-0.0319352
"Houston Port Authority, TX",2019261N28264,IMELDA,2019,20.6,0,0,40,3,70,66.3333,64.1429,8.34555,7.74861,1.03415,1.06308,0.979675,1.07704,0,0.00197184,0.998028,1.07492,-0.596944,-0.264615
"Lake Charles Harbor District, LA",2019261N28264,IMELDA,2019,178.4,0,0,40,3,70,6.66667,8.85714,0.222775,0.421366,0.752688,0.713642,0.984262,0.528696,0.0478167,0.0462742,1.00162,0.529552,0.198592,0.104209
"New Orleans, LA",2019261N28264,IMELDA,2019,472.7,-1,0,30,2,70,38,30.0429,1.47107,1.27469,1.26486,0.964892,0.945597,1.15406,0.00895487,0.000875342,1.00815,1.16346,-0.196375,-0.337615
"Port Arthur, TX",2019261N28264,IMELDA,2019,128.9,0,0,40,3,70,5,6.04286,0.205019,0.369392,0.827423,1.02928,0.651698,0.555016,0,0.00447574,0.995524,0.552532,0.164374,0.0637485
"Port Freeport, TX",2019261N28264,IMELDA,2019,17.8,0,0,40,3,70,3.66667,6.57143,0.156815,0.780692,0.557971,0.760812,0.473171,0.200866,0,0.0170953,0.982905,0.197432,0.623877,0.345089
"Port of Greater Baton Rouge, LA",2019261N28264,IMELDA,2019,342.1,0,0,40,3,70,13.3333,11.2429,0.603432,0.767887,1.18594,0.860643,0.769921,0.785835,0,0.0020555,0.997944,0.784219,0.164455,-0.142779
"South Louisiana, LA, Port of",2019261N28264,IMELDA,2019,428.1,0,0,40,3,70,39.6667,37.1286,1.50194,3.05723,1.06836,0.977056,0.470638,0.491274,0.00590923,0.0013076,1.00463,0.493548,1.55529,-0.208991
"Texas City, TX",2019261N28264,IMELDA,2019,49.2,0,0,40,3,70,8,6.38571,0.871876,0.939204,1.2528,1.08512,0.682868,0.928313,0,0.0127931,0.987207,0.916437,0.0673284,-0.237427
"San Juan, PR",2019265N12301,KAREN,2019,76.2,0,0,40,3,70,6,6.74286,0.079313,0.197667,0.889831,0.94499,0.477173,0.401245,0,0.0120468,0.987953,0.396412,0.118354,0.0217769
"New York, NY & NJ",2019282N35286,MELISSA,2019,458.4,-2,0,55,2,70,26.5,30.8286,2.6934,1.88341,0.859592,1.03041,1.61455,1.43006,0.0136471,0.0399815,0.973301,1.39188,-0.809983,0.264446
"Philadelphia Regional Port, PA",2019282N35286,MELISSA,2019,494.5,-4,0,43,1,70,8,9.55714,0.357214,0.208998,0.83707,1.1021,1.8527,1.70918,0,0.0229487,0.977051,1.66995,-0.148217,0.0340519
"South Jersey Port Corp, NJ",2019282N35286,MELISSA,2019,448,-2,0,50,4,70,11.25,10.5,0.990527,0.68387,1.07143,0.871635,1.55094,1.44841,0.323371,0.182783,1.20778,1.74936,-0.306657,-0.0488479
"Virginia, VA, Port of",2019282N35286,MELISSA,2019,290.6,-4,0,43,2,70,24,25.1,1.4316,0.950968,0.956175,1.05556,1.49155,1.50541,0.0372408,0.0219015,1.01593,1.5294,-0.480631,0.0416759
"Baltimore, MD",2019291N22264,NESTOR,2019,238.9,-4,0,40,2,70,13,16.9429,0.82523,1.13169,0.767285,0.817204,1.16295,0.7292,0.0528752,0.0294089,1.02478,0.747267,0.306462,0.263362
"Jacksonville, FL",2019291N22264,NESTOR,2019,239.1,-4,0,40,2,70,6.5,10.1429,0.666216,0.557352,0.640845,0.53085,3.51367,1.19532,0.0170556,0.0255392,0.991369,1.18501,-0.108865,0.200176
"Mobile, AL",2019291N22264,NESTOR,2019,223.5,0,0,50,3,70,14,9.47143,0.415284,0.392017,1.47813,1.01211,0.708106,1.05935,0,0.00993029,0.99007,1.04883,-0.0232666,-0.187435
"New Orleans, LA",2019291N22264,NESTOR,2019,320.3,0,0,50,2,70,31,28.4143,1.00426,1.06302,1.091,1.0277,0.842583,0.944725,0,0.00142594,0.998574,0.943378,0.058758,-0.0967354
"New York, NY & NJ",2019291N22264,NESTOR,2019,358.5,-4,0,40,2,70,28,30.4286,1.3545,1.7849,0.920188,1.10458,0.746608,0.758868,0.0360481,0.038301,0.997663,0.757094,0.430396,0.142457
"Philadelphia Regional Port, PA",2019291N22264,NESTOR,2019,286.2,-4,0,40,2,70,11,9.65714,0.195381,0.458187,1.13905,0.946959,0.395335,0.426423,0,0.0212343,0.978766,0.417368,0.262806,-0.0637124
"Plaquemines Port District, LA",2019291N22264,NESTOR,2019,235.8,0,0,50,2,70,46.5,50.3571,2.51441,2.3698,0.923404,0.947687,1.21246,1.06102,0.0341744,0.0470165,0.986703,1.04691,-0.14461,0.181516
"Port of Charleston, SC",2019291N22264,NESTOR,2019,124.4,-4,0,40,1,70,15,15.2429,0.755477,0.315973,0.984067,1.01972,2.38268,2.39095,0.0703047,0.0269243,1.04666,2.50251,-0.439503,0.00503425
"Port of Greater Baton Rouge, LA",2019291N22264,NESTOR,2019,447.1,0,0,50,2,70,11.5,11.2286,0.63156,0.381423,1.02417,1.07352,1.50599,1.6558,0.030491,0.0042205,1.0271,1.70067,-0.250137,-0.00922015
"Port of Savannah, GA",2019291N22264,NESTOR,2019,123.8,-4,0,40,2,70,15,13.7143,1.89043,0.576064,1.09375,1.0542,2.84608,3.28163,0,0.0171739,0.982826,3.22527,-1.31436,-0.054006
"South Jersey Port Corp, NJ",2019291N22264,NESTOR,2019,235.8,-4,0,40,2,70,13.5,11.2571,0.44559,0.391323,1.19924,0.958267,0.990851,1.13868,0.14519,0.181368,0.957676,1.09048,-0.0542673,-0.0779666
"South Louisiana, LA, Port of",2019291N22264,NESTOR,2019,357.3,0,0,50,2,70,39,36.4714,2.24194,1.82623,1.06933,1.16356,0.986666,1.22764,0,0.001891,0.998109,1.22531,-0.415715,-0.126613
"Tampa Port Authority, FL",2019291N22264,NESTOR,2019,388.6,0,0,50,2,70,9,7.77143,0.631042,0.252356,1.15809,1.1626,1.85726,2.5006,0,0.000721225,0.999279,2.49879,-0.378685,-0.0398946
"Virginia, VA, Port of",2019291N22264,NESTOR,2019,35.1,-4,0,40,2,70,32.5,24.5571,2.25949,0.902304,1.32344,0.901066,2.09989,2.50414,0.017464,0.0214858,0.995907,2.49389,-1.35719,-0.291845
"Beaumont, TX",2019299N25265,OLGA,2019,317,0,0,45,2,70,9.5,11.6,0.59393,0.85649,0.818966,0.894273,0.946842,0.693447,0,0.00235027,0.99765,0.691817,0.26256,0.155054
"Corpus Christi, TX",2019299N25265,OLGA,2019,434.2,0,0,43,1,70,16,16.9,0.662595,0.837221,0.946746,1.21125,0.690144,0.791422,0.016106,0.0081407,1.0081,0.797829,0.174626,0.0445857
"Galveston, TX",2019299N25265,OLGA,2019,330.5,0,0,45,2,70,10,10.6286,0.879067,1.19499,0.94086,1.04265,0.749884,0.735626,0.0386844,0.0436305,0.994855,0.731842,0.315924,0.0706715
"Houston Port Authority, TX",2019299N25265,OLGA,2019,410,0,0,45,2,70,55.5,62.9143,2.93214,4.98308,0.882153,0.963727,0.692132,0.588419,0.00984927,0.00217158,1.00775,0.592982,2.05094,0.587243
"Lake Charles Harbor District, LA",2019299N25265,OLGA,2019,240.3,0,0,45,2,70,10,7.94286,0.327499,0.398275,1.25899,1.16938,0.558532,0.822294,0.0512382,0.0493747,1.00196,0.823909,0.0707759,-0.10315
"Mobile, AL",2019299N25265,OLGA,2019,214,-4,0,45,1,70,11,9.58571,0.0766893,0.126059,1.14754,1.06269,0.498871,0.608361,0,0.00749436,0.992506,0.603801,0.0493696,-0.0185989
"New Orleans, LA",2019299N25265,OLGA,2019,57.1,-4,0,45,1,70,25,27.8,0.585196,0.598719,0.899281,1.17753,0.923021,0.977414,0,0.00109949,0.998901,0.976339,0.0135229,0.0603026
"Plaquemines Port District, LA",2019299N25265,OLGA,2019,128,0,0,45,2,70,48,50.1571,2.73815,2.64613,0.956992,1.10233,0.980902,1.03478,0.0321438,0.0458753,0.985813,1.0201,-0.0920239,0.113804
"Port Arthur, TX",2019299N25265,OLGA,2019,291.6,0,0,45,2,70,5.5,5.47143,0.140825,0.211949,1.00522,1.06721,0.619354,0.664431,0,0.000906743,0.999093,0.663829,0.0711235,-0.00110678
"Port Freeport, TX",2019299N25265,OLGA,2019,377.9,0,0,45,2,70,8.5,6.92857,0.472676,0.452981,1.2268,1.02394,0.830681,1.04348,0,0.013839,0.986161,1.02904,-0.0196956,-0.102738
"Port of Greater Baton Rouge, LA",2019299N25265,OLGA,2019,83.8,0,0,45,2,70,9,11.0571,0.332816,0.463243,0.813953,1.10546,0.798456,0.718447,0,0.00417032,0.99583,0.715451,0.130428,0.0861848
"South Louisiana, LA, Port of",2019299N25265,OLGA,2019,9.2,0,0,45,2,70,31,36.1143,1.23402,1.77347,0.858386,1.0701,0.757511,0.695821,0,0.00160813,0.998392,0.694702,0.539451,0.251148
"Texas City, TX",2019299N25265,OLGA,2019,345,0,0,45,2,70,10,6.02857,2.53982,0.562846,1.65877,0.985112,2.76148,4.51246,0,0.0126791,0.987321,4.45525,-1.97698,-0.370785
"Baltimore, MD",2020138N28281,ARTHUR,2020,456.1,0,0,50,2,70,16,16.5429,0.396755,1.41519,0.967185,1.12609,0.257408,0.280354,0.00626918,0.0172048,0.988995,0.277269,1.01844,0.0464399
"Jacksonville, FL",2020138N28281,ARTHUR,2020,384.3,0,0,40,3,70,6.66667,7.94286,1.50591,0.807593,0.839329,0.844503,2.6307,1.86468,0.0208914,0.0266636,0.994105,1.85369,-0.698313,0.129757
"New York, NY & NJ",2020138N28281,ARTHUR,2020,490.5,0,0,50,1,70,31,27.3571,1.0145,1.60106,1.13316,0.873722,0.639999,0.633642,0.0179523,0.0198396,0.998078,0.632424,0.586561,-0.213196
"Philadelphia Regional Port, PA",2020138N28281,ARTHUR,2020,458.9,0,0,50,2,70,10,9.48571,0.458144,1.22664,1.05422,1.0103,0.350674,0.373494,0.0179697,0.0101113,1.008,0.376483,0.768499,-0.0665048
"Port Everglades, FL",2020138N28281,ARTHUR,2020,269.2,0,0,35,2,70,23,19.8143,0.258874,0.411694,1.16078,0.940521,0.575965,0.628802,0.0171637,0.00837046,1.00895,0.634428,0.15282,-0.0661916
"Port of Charleston, SC",2020138N28281,ARTHUR,2020,299,0,0,45,2,70,11.5,15.0429,1.07867,0.697137,0.764482,1.08055,1.87308,1.54728,0.00744252,0.0292186,0.978061,1.51334,-0.381532,0.164188
"Port of Palm Beach District, FL",2020138N28281,ARTHUR,2020,229.2,0,0,35,2,70,3,4.67143,0.00683827,0.0961737,0.642202,0.991142,0.111708,0.0711033,0.00412405,0.0133582,0.990728,0.070444,0.0893354,0.0344108
"Port of Savannah, GA",2020138N28281,ARTHUR,2020,379,0,0,43,3,70,10.6667,11.6571,2.71688,1.42154,0.915033,0.986262,2.11778,1.91122,0,0.0126695,0.98733,1.88701,-1.29534,0.120785
"PortMiami, FL",2020138N28281,ARTHUR,2020,320.2,0,0,35,2,70,13.5,12.4714,1.0277,0.636619,1.08247,1.12106,1.33027,1.61431,0.0362871,0.0108711,1.02637,1.65688,-0.391081,-0.0525046
"South Jersey Port Corp, NJ",2020138N28281,ARTHUR,2020,410.4,0,0,53,2,70,7.5,9.45714,0.199442,0.501598,0.793051,0.733628,0.683412,0.397612,0.041229,0.070736,0.969224,0.385375,0.302156,0.103805
"Tampa Port Authority, FL",2020138N28281,ARTHUR,2020,358.3,0,0,35,2,70,9.5,10.3429,0.200376,0.734804,0.918508,0.868039,0.34202,0.272692,0,0.0020859,0.997914,0.272124,0.534429,0.0598804
"Virginia, VA, Port of",2020138N28281,ARTHUR,2020,212.8,0,0,50,2,70,24.5,21.3571,0.472838,1.01939,1.14716,0.970194,0.416763,0.463842,0.0121236,0.0160135,0.996062,0.462016,0.546555,-0.150011
"Baltimore, MD",2020148N32281,BERTHA,2020,346.6,-4,0,20,1,70,19,16.3,0.348917,0.640423,1.16564,1.05749,0.441992,0.544823,0,0.0122422,0.987758,0.538153,0.291506,-0.106082
"Jacksonville, FL",2020148N32281,BERTHA,2020,302,0,0,45,1,70,10,7.37143,0.066736,0.287854,1.35659,1.01083,0.169067,0.231839,0.0870015,0.0264699,1.0663,0.24721,0.221118,-0.102646
"Philadelphia Regional Port, PA",2020148N32281,BERTHA,2020,476.1,-4,0,20,1,70,6,9.08571,0.123887,0.592182,0.660377,0.970168,0.326538,0.209205,0,0.00745568,0.992544,0.207645,0.468294,0.201118
"Port of Charleston, SC",2020148N32281,BERTHA,2020,23.4,0,0,45,2,70,15.5,14.7714,0.424868,0.696442,1.04932,0.991418,0.586412,0.610055,0.0230764,0.0267447,0.996245,0.607764,0.271574,-0.0343506
"Port of Savannah, GA",2020148N32281,BERTHA,2020,160.5,0,0,45,2,70,11.5,11.4286,1.53134,0.778962,1.00625,0.945979,2.06523,1.96587,0,0.0145292,0.985471,1.93731,-0.752377,-0.00486851
"South Jersey Port Corp, NJ",2020148N32281,BERTHA,2020,484.5,-4,0,20,1,70,6,8.91429,0.0349527,0.278125,0.673077,0.286685,0.651286,0.125673,0,0.0703114,0.929689,0.116836,0.243172,0.0909255
"Virginia, VA, Port of",2020148N32281,BERTHA,2020,424.3,-1,0,30,2,70,21.5,21.0143,0.922171,0.92824,1.02311,0.967676,1.00345,0.993462,0,0.011679,0.988321,0.981859,0.00606891,-0.0214549
"Beaumont, TX",2020154N19269,CRISTOBAL,2020,311.1,0,0,45,3,70,11,13.5143,0.729496,1.57646,0.813953,0.918124,0.61921,0.462742,0,0.00156575,0.998434,0.462017,0.846968,0.293296
"Galveston, TX",2020154N19269,CRISTOBAL,2020,415.9,0,0,45,2,70,10.5,10.2857,1.05355,1.16271,1.02083,1.03393,0.858495,0.906111,0.0246513,0.034921,0.989471,0.896571,0.109166,-0.0242232
"Houston Port Authority, TX",2020154N19269,CRISTOBAL,2020,424.5,0,0,35,1,70,47,53.1286,4.02963,3.42163,0.884646,1.06099,1.25473,1.17769,0,0.00172293,0.998277,1.17566,-0.607998,0.394697
"Lake Charles Harbor District, LA",2020154N19269,CRISTOBAL,2020,247.5,0,0,45,3,70,5.33333,5.47143,0.177208,0.766332,0.974761,0.594976,0.398721,0.231242,0.0424293,0.0260484,1.01711,0.235198,0.589123,0.0193417
"Mobile, AL",2020154N19269,CRISTOBAL,2020,197.9,0,0,45,2,70,6,7.54286,0.142079,0.281069,0.795455,1.48397,0.428229,0.505495,0,0.0519048,0.948095,0.479258,0.13899,0.0574913
"New Orleans, LA",2020154N19269,CRISTOBAL,2020,31,0,0,45,2,70,23.5,30.5286,1.21823,2.23521,0.769771,1.32549,0.534164,0.545019,0,0.0093094,0.990691,0.539945,1.01698,0.51461
"Plaquemines Port District, LA",2020154N19269,CRISTOBAL,2020,32.1,0,0,45,3,70,31.3333,48.3857,1.03325,5.17659,0.647574,1.12014,0.275168,0.1996,0.0232071,0.0773688,0.944551,0.188533,4.14334,1.82436
"Port Arthur, TX",2020154N19269,CRISTOBAL,2020,302.5,0,0,45,2,70,4,5.25714,0.444085,0.348677,0.76087,1.28517,1.30249,1.27363,0,0.00112077,0.998879,1.2722,-0.0954074,0.0833793
"Port Freeport, TX",2020154N19269,CRISTOBAL,2020,475.8,0,0,35,1,70,8,5.85714,0.164055,0.328438,1.36585,0.883258,0.414041,0.4995,0.128297,0.0191045,1.12526,0.562069,0.164383,-0.12016
"Port of Greater Baton Rouge, LA",2020154N19269,CRISTOBAL,2020,69.1,0,0,45,3,70,4.66667,8.58571,0.291522,1.06659,0.543539,1.13058,0.444776,0.27332,0,0.00658006,0.99342,0.271522,0.775073,0.486859
"South Louisiana, LA, Port of",2020154N19269,CRISTOBAL,2020,42.9,0,0,45,3,70,24.3333,29.9714,1.34377,2.90102,0.811884,1.17315,0.486323,0.463205,0,0.00384358,0.996156,0.461425,1.55725,0.545728
"Texas City, TX",2020154N19269,CRISTOBAL,2020,408.1,0,0,45,2,70,4.5,5.01429,0.544492,0.818556,0.897436,1.05923,0.69976,0.665186,0,0.00814279,0.991857,0.65977,0.274064,0.0839545
"Baltimore, MD",2020188N28271,FAY,2020,189.4,0,0,50,3,70,15,16.2,1.38848,2.20849,0.925926,0.925958,0.733291,0.6287,0.0169048,0.0225571,0.99425,0.625086,0.820009,0.163591
"Jacksonville, FL",2020188N28271,FAY,2020,308.7,-3,0,30,3,70,7,7.88571,0.616066,0.768169,0.887681,1.04751,0.862489,0.801993,0.0444201,0.0235933,1.02179,0.819472,0.152103,0.0862799
"Mobile, AL",2020188N28271,FAY,2020,267.5,-3,0,30,3,70,7.66667,7.14286,0.395522,0.805119,1.07333,0.97214,0.470811,0.491258,0.100473,0.0533506,1.05239,0.516993,0.409598,-0.0590421
"New Orleans, LA",2020188N28271,FAY,2020,287.9,-3,0,30,2,70,30,28.0857,1.38818,1.93854,1.06816,1.03105,0.650208,0.716093,0.028643,0.00924599,1.01997,0.730393,0.550366,-0.132129
"New York, NY & NJ",2020188N28271,FAY,2020,24.7,0,0,50,2,70,28.5,30.6143,2.38068,4.16469,0.930938,1.03161,0.595227,0.571635,0.0117226,0.0305168,0.980983,0.560764,1.78401,0.287622
"Philadelphia Regional Port, PA",2020188N28271,FAY,2020,63.3,0,0,50,3,70,7.66667,8.05714,0.414004,2.10542,0.951537,0.816222,0.253182,0.196638,0.00637417,0.0200685,0.986218,0.193927,1.69141,0.102036
"Plaquemines Port District, LA",2020188N28271,FAY,2020,198.5,-3,0,30,2,70,45.5,44.6857,4.5692,3.17286,1.01822,1.04681,1.35108,1.44009,0.0800593,0.0798283,1.00025,1.44045,-1.39634,-0.0578174
"Port of Charleston, SC",2020188N28271,FAY,2020,33.3,-3,0,35,4,70,12.75,15.0571,1.04827,1.79654,0.846774,1.0171,0.677493,0.583493,0.044666,0.0296389,1.01573,0.592671,0.748271,0.275276
"Port of Greater Baton Rouge, LA",2020188N28271,FAY,2020,390.5,-3,0,28,1,70,9,9.2,1.12082,0.556944,0.978261,1.0913,1.88507,2.01245,0,0.00689042,0.99311,1.99858,-0.563879,0.0121075
"Port of Savannah, GA",2020188N28271,FAY,2020,133.7,-3,0,30,4,70,10.25,11.9571,1.10226,2.87204,0.857228,1.01321,0.441871,0.383789,0.0207527,0.0228249,0.997884,0.382977,1.76978,0.410047
"South Jersey Port Corp, NJ",2020188N28271,FAY,2020,46.8,0,0,50,3,70,6.33333,8.38571,0.227947,0.946988,0.755253,0.581934,0.547674,0.240707,0.0649282,0.0756891,0.988492,0.237937,0.719042,0.231773
"South Louisiana, LA, Port of",2020188N28271,FAY,2020,306.9,-3,0,30,2,70,30.5,30.9714,4.40916,1.90915,0.984779,1.09773,2.1364,2.30949,0.00531207,0.0029173,1.00241,2.31505,-2.50001,0.0290599
"Tampa Port Authority, FL",2020188N28271,FAY,2020,366.9,-3,0,30,2,70,13.5,9.08571,1.13608,0.648174,1.48585,0.921622,1.27994,1.75274,0.0058527,0.00252825,1.00334,1.7586,-0.487904,-0.314915
"Virginia, VA, Port of",2020188N28271,FAY,2020,136.4,0,0,50,4,70,18.75,20.1,2.00072,2.05844,0.932836,1.04858,0.993668,0.971963,0.01995,0.0262705,0.993551,0.965694,0.0577132,0.138253
"Beaumont, TX",2020205N26272,HANNA,2020,317.6,1,1,80,2,70,13,11.4286,0.855274,0.77423,1.1375,1.10415,0.879539,1.10468,0,0.00194073,0.998059,1.10253,-0.0810443,-0.106457
"Corpus Christi, TX",2020205N26272,HANNA,2020,117.5,1,1,80,3,70,8,14.9,0.51255,3.91609,0.536913,0.843773,0.288905,0.130883,0,0.00987657,0.990123,0.12959,3.40354,1.81349
"Galveston, TX",2020205N26272,HANNA,2020,238.4,1,1,80,3,70,4.33333,9.8,1.11744,2.09316,0.442177,1.66711,0.724208,0.533854,0,0.0336946,0.966305,0.515866,0.975721,1.16762
"Houston Port Authority, TX",2020205N26272,HANNA,2020,306.8,1,1,80,3,70,50,52.4714,13.0116,10.8488,0.9529,1.22463,1.02777,1.19935,0,0.000750491,0.99925,1.19845,-2.16273,0.510985
"Lake Charles Harbor District, LA",2020205N26272,HANNA,2020,304.8,1,1,80,3,70,5.66667,5.2,0.642513,0.91745,1.08974,1.24582,0.515847,0.700324,0.02666,0.0514192,0.974563,0.68251,0.274937,-0.0823353
"New Orleans, LA",2020205N26272,HANNA,2020,422,0,1,50,2,70,23,27.6571,5.73809,1.82917,0.831612,1.02635,3.67535,3.13699,0.0158307,0.0127682,1.00311,3.14675,-3.90892,0.308011
"Plaquemines Port District, LA",2020205N26272,HANNA,2020,384,0,1,50,2,70,34.5,48.2857,1.66217,4.14097,0.714497,0.948301,0.592414,0.401395,0.0329476,0.0749997,0.956515,0.38394,2.47881,1.18226
"Port Arthur, TX",2020205N26272,HANNA,2020,300.4,1,1,80,2,70,7.5,5.41429,0.609173,0.542758,1.38522,1.11964,0.723663,1.12237,0,0.00287349,0.997127,1.11914,-0.0664152,-0.209084
"Port Freeport, TX",2020205N26272,HANNA,2020,226.7,1,1,80,3,70,6,5.84286,0.516797,1.24656,1.02689,1.05201,0.38376,0.414578,0,0.017566,0.982434,0.407296,0.729763,-0.033526
"Port of Greater Baton Rouge, LA",2020205N26272,HANNA,2020,400.2,0,1,55,3,70,8.66667,9.88571,0.83242,2.30603,0.876686,0.996034,0.41339,0.360975,0,0.00697851,0.993021,0.358456,1.47361,0.284366
"South Louisiana, LA, Port of",2020205N26272,HANNA,2020,393.2,0,1,53,2,70,28,31.1429,0.911321,2.64256,0.899083,0.9253,0.414538,0.344863,0,0.00512039,0.99488,0.343097,1.73124,0.26668
"Texas City, TX",2020205N26272,HANNA,2020,261.1,1,1,80,3,70,3,4.9,3.58836,1.30829,0.612245,1.16512,3.84501,2.74279,0,0.0351733,0.964827,2.64632,-2.28007,0.507295
"Baltimore, MD",2020211N13306,ISAIAS,2020,53.1,0,1,60,1,70,11,15.7,0.128456,0.717045,0.700637,1.15756,0.220887,0.179146,0,0.0164041,0.983596,0.176208,0.588589,0.214657
"Jacksonville, FL",2020211N13306,ISAIAS,2020,161.7,1,1,80,3,70,3.66667,7.81429,0.558144,1.06284,0.469226,0.679748,1.64645,0.525144,0.00893984,0.0243529,0.984448,0.516977,0.504696,0.564128
"New York, NY & NJ",2020211N13306,ISAIAS,2020,92.2,0,1,60,2,70,28,30.9714,2.80481,4.12295,0.904059,0.835817,0.900301,0.680292,0.0124867,0.0211539,0.991223,0.674322,1.31814,0.39556
"Philadelphia Regional Port, PA",2020211N13306,ISAIAS,2020,95.7,0,1,60,2,70,5.5,7.41429,0.376321,0.968646,0.741811,0.981852,0.533401,0.388502,0,0.0095291,0.990471,0.3848,0.592325,0.250094
"Port Everglades, FL",2020211N13306,ISAIAS,2020,105.5,1,1,75,3,70,13.3333,19.4,0.30617,0.636125,0.687285,1.27509,0.549215,0.481304,0,0.0098,0.9902,0.476588,0.329955,0.198926
"Port of Charleston, SC",2020211N13306,ISAIAS,2020,90.8,1,1,80,2,70,12,15.7429,0.48549,0.906003,0.76225,0.953258,0.737467,0.535859,0.0178789,0.0298937,0.987767,0.529304,0.420513,0.215402
"Port of Palm Beach District, FL",2020211N13306,ISAIAS,2020,95,1,1,73,3,70,2,5.44286,0.0118643,0.0750629,0.367454,0.47438,0.906753,0.158059,0,0.0177066,0.982293,0.15526,0.0631985,0.0474807
"Port of Savannah, GA",2020211N13306,ISAIAS,2020,154.6,1,1,80,3,70,6.66667,12.8429,1.36547,1.81495,0.519095,0.748353,1.93671,0.752347,0,0.0128757,0.987124,0.74266,0.449479,0.87282
"PortMiami, FL",2020211N13306,ISAIAS,2020,128,1,1,75,3,70,12,13.0571,0.110363,1.20606,0.919037,1.27586,0.0780401,0.0915072,0,0.0126132,0.987387,0.090353,1.0957,0.0976458
"San Juan, PR",2020211N13306,ISAIAS,2020,226,0,1,63,2,70,4,8.75714,0.020972,0.16815,0.45677,0.395545,0.690315,0.124721,0,0.00797525,0.992025,0.123727,0.147178,0.0913443
"South Jersey Port Corp, NJ",2020211N13306,ISAIAS,2020,96.1,0,1,60,1,70,7,8.37143,0.186646,0.313362,0.836177,0.563266,1.26462,0.595624,0.138926,0.0622018,1.0891,0.648696,0.126716,0.0513358
"Tampa Port Authority, FL",2020211N13306,ISAIAS,2020,261.1,1,1,65,3,70,12.3333,9.07143,1.20393,1.42691,1.35958,0.766664,0.80946,0.843733,0.0117473,0.00392142,1.00792,0.850415,0.222978,-0.513088
"Virginia, VA, Port of",2020211N13306,ISAIAS,2020,99.1,1,1,80,1,70,15,20.9,0.180314,0.56802,0.717703,1.23151,0.359156,0.317443,0.0100408,0.0104774,0.999559,0.317303,0.387706,0.16035
"San Juan, PR",2020224N11326,JOSEPHINE,2020,257.2,0,0,35,1,70,9,8.88571,0.103876,0.0840449,1.01286,0.982016,1.24262,1.23596,0.0856048,0.00571819,1.08737,1.34394,-0.0198315,-0.00108096
"Baltimore, MD",2020228N37286,KYLE,2020,375.8,0,0,38,1,70,18,16.0143,0.794909,0.776975,1.124,0.975849,0.932744,1.02308,0.0211563,0.0284771,0.992521,1.01543,-0.0179335,-0.0963421
"New York, NY & NJ",2020228N37286,KYLE,2020,385.5,0,0,45,2,70,36,30.6857,3.8661,4.07187,1.17318,0.944834,0.85656,0.949466,0.0276294,0.0297351,0.997835,0.94741,0.205766,-0.705184
"Philadelphia Regional Port, PA",2020228N37286,KYLE,2020,360.8,0,0,43,2,70,6.5,7.47143,0.181007,0.712968,0.869981,1.16596,0.250284,0.253879,0.0134949,0.0167792,0.996671,0.253033,0.53196,0.0926994
"South Jersey Port Corp, NJ",2020228N37286,KYLE,2020,317.9,0,0,43,2,70,12.5,8.52857,0.270695,0.627885,1.46566,1.43925,0.204376,0.431121,0.0737135,0.0717281,1.00214,0.432045,0.357191,-0.292382
"Virginia, VA, Port of",2020228N37286,KYLE,2020,192.4,0,0,40,2,70,23.5,21.3,1.30737,1.17191,1.10329,0.88146,1.14712,1.11558,0.0308051,0.0204599,1.01067,1.12749,-0.135452,-0.121043
"Beaumont, TX",2020233N14313,LAURA,2020,85.6,4,4,130,2,70,6,12.5571,0.0848101,1.15346,0.477816,0.740304,0.207861,0.0735265,0,0.00392925,0.996071,0.0732376,1.06865,0.602321
"Corpus Christi, TX",2020233N14313,LAURA,2020,444.6,4,4,130,2,70,20,14.9143,1.53652,2.73855,1.341,0.90265,0.463522,0.56107,0.0330403,0.00715075,1.02677,0.576092,1.20203,-0.933835
"Galveston, TX",2020233N14313,LAURA,2020,161.7,4,4,130,2,70,0.5,9.92857,0.0499004,1.75894,0.0503597,2.95469,0.19066,0.0283696,0.0317413,0.0319421,0.999793,0.0283637,1.70904,1.67036
"Houston Port Authority, TX",2020233N14313,LAURA,2020,201.9,4,4,130,2,70,5,55.8429,0.0208305,8.13577,0.089537,0.116893,0.244631,0.00256036,0,0.000711515,0.999288,0.00255854,8.11494,7.40732
"Lake Charles Harbor District, LA",2020233N14313,LAURA,2020,15.7,4,4,130,2,70,0,3.54286,0,0.384137,0,,,0,0.218135,0.0475549,1.21817,0,0.384137,0.384137
"Mobile, AL",2020233N14313,LAURA,2020,497.3,2,4,85,1,70,8,7.64286,0.106697,0.213818,1.04673,1.2743,0.374112,0.499007,0.0482554,0.0586426,0.989086,0.493561,0.107121,-0.0099915
"New Orleans, LA",2020233N14313,LAURA,2020,318.3,4,4,130,2,70,20,25.8,1.15572,2.08985,0.775194,0.943631,0.756005,0.553016,0,0.00914632,0.990854,0.547958,0.93413,0.469811
"Plaquemines Port District, LA",2020233N14313,LAURA,2020,356,4,4,130,2,70,52,45.4286,6.62031,3.49109,1.14465,0.968388,1.71078,1.89635,0.0157083,0.0689499,0.945909,1.79377,-3.12923,-0.505
"Port Arthur, TX",2020233N14313,LAURA,2020,61.9,4,4,130,2,70,0,4.72857,0,0.789046,0,,,0,0.0449871,0.00241002,1.04458,0,0.789046,0.789046
"Port Freeport, TX",2020233N14313,LAURA,2020,223.1,4,4,130,2,70,2,5.97143,0.00528105,1.30888,0.334928,0.0995688,0.120988,0.00403477,0,0.0165922,0.983408,0.00396783,1.3036,0.870502
"Port of Greater Baton Rouge, LA",2020233N14313,LAURA,2020,201.3,4,4,130,3,70,9,10.1571,2.37937,2.30631,0.886076,0.993734,1.17166,1.03168,0.0394103,0.00731241,1.03341,1.06615,-0.0730535,0.262744
"PortMiami, FL",2020233N14313,LAURA,2020,455.6,0,4,58,2,70,10,13.0429,0.29365,0.732791,0.766703,1.14269,0.457399,0.400728,0,0.0118737,0.988126,0.39597,0.439141,0.170958
"San Juan, PR",2020233N14313,LAURA,2020,82.3,0,4,45,3,70,4.66667,8.85714,0.042787,0.25119,0.526882,0.395809,0.816792,0.170337,0,0.0079823,0.992018,0.168978,0.208403,0.118842
"South Louisiana, LA, Port of",2020233N14313,LAURA,2020,270.2,4,4,130,2,70,25.5,32.4,2.29189,2.66833,0.787037,0.990865,1.1014,0.858921,0,0.00259535,0.997405,0.856692,0.376445,0.568256
"Texas City, TX",2020233N14313,LAURA,2020,159,4,4,130,2,70,0,6.07143,0.0163539,1.26457,0,,0.242894,0.0129324,0,0.0281167,0.971883,0.0125688,1.24822,1.26457
"Beaumont, TX",2020234N14280,MARCO,2020,207.1,0,1,35,1,70,6,12.7714,0.0424142,0.611924,0.469799,0.741323,0.199019,0.069313,0,0.00354842,0.996452,0.069067,0.569509,0.324443
"Galveston, TX",2020234N14280,MARCO,2020,248.8,-1,1,30,1,70,5,9.8,0.264727,0.865237,0.510204,1.43422,0.418122,0.305959,0,0.0324612,0.967539,0.296027,0.60051,0.423789
"Houston Port Authority, TX",2020234N14280,MARCO,2020,311,-3,1,25,1,70,32,55.7857,2.13159,4.00819,0.573624,1.12884,0.821284,0.531807,0,0.000619267,0.999381,0.531478,1.87661,1.709
"Lake Charles Harbor District, LA",2020234N14280,MARCO,2020,135,0,1,40,2,70,4.5,3.58571,0.101225,0.376865,1.25498,0.581295,0.368188,0.268598,0.0188632,0.0474372,0.970877,0.260776,0.27564,-0.096093
"Mobile, AL",2020234N14280,MARCO,2020,211.1,0,1,55,2,70,6,7.81429,0.192166,0.449616,0.767824,1.54086,0.361252,0.427401,0,0.0602118,0.939788,0.401666,0.25745,0.10439
"New Orleans, LA",2020234N14280,MARCO,2020,140.7,0,1,55,2,70,14,25.8857,0.392511,2.12917,0.540839,1.03886,0.328109,0.184349,0,0.00961972,0.99038,0.182576,1.73666,0.977632
"Plaquemines Port District, LA",2020234N14280,MARCO,2020,56.4,1,1,65,3,70,31.3333,45.8714,1.93613,5.54014,0.683069,1.49273,0.342741,0.349473,0.01881,0.0714626,0.946338,0.330719,3.60402,1.75585
"Port Arthur, TX",2020234N14280,MARCO,2020,181.1,0,1,38,2,70,3.5,4.74286,0.0298564,0.767933,0.737952,0.443662,0.11875,0.0388788,0,0.00221983,0.99778,0.0387925,0.738077,0.201236
"Port Freeport, TX",2020234N14280,MARCO,2020,310.5,-3,1,25,1,70,5,5.92857,0.522051,0.656946,0.843373,1.11172,0.847555,0.794664,0,0.0172057,0.982794,0.780991,0.134895,0.102895
"Port of Greater Baton Rouge, LA",2020234N14280,MARCO,2020,178.5,0,1,50,2,70,8.5,10.3143,2.22692,1.66497,0.8241,1.21017,1.34113,1.33751,0.0137465,0.00658955,1.00726,1.34722,-0.561949,0.29287
"South Louisiana, LA, Port of",2020234N14280,MARCO,2020,146.8,0,1,55,2,70,22,32.3,4.73011,2.75697,0.681115,1.26222,1.99565,1.71569,0,0.00344062,0.996559,1.70979,-1.97314,0.879157
"Texas City, TX",2020234N14280,MARCO,2020,254.6,-1,1,30,1,70,2,5.92857,0.216397,0.627578,0.337349,1.5593,0.655503,0.344812,0.124051,0.0270195,1.11077,0.383008,0.411182,0.415865
"Jacksonville, FL",2020244N30279,OMAR,2020,93.5,-1,0,30,2,70,5.5,8.4,0.822398,0.642257,0.654762,1.0016,1.95252,1.28048,0,0.0197186,0.980281,1.25523,-0.180141,0.221732
"Port Everglades, FL",2020244N30279,OMAR,2020,450.8,-3,0,28,2,70,21.5,20.2143,0.713158,0.582159,1.0636,0.992452,1.16052,1.22502,0.0075431,0.0110795,0.996437,1.22066,-0.130999,-0.0370278
"Port of Charleston, SC",2020244N30279,OMAR,2020,300.2,-1,0,30,3,70,21,15.9429,4.14803,1.55524,1.3172,0.927384,2.18339,2.66713,0.0508706,0.029907,1.02209,2.72604,-2.59279,-0.493329
"Port of Palm Beach District, FL",2020244N30279,OMAR,2020,390.7,-1,0,30,2,70,5.5,5.57143,0.0838501,0.0963446,0.987179,0.917551,0.960837,0.870314,0,0.0141459,0.985854,0.858003,0.0124945,0.00123519
"Port of Savannah, GA",2020244N30279,OMAR,2020,214.9,-1,0,30,3,70,13.6667,11.7857,1.90725,2.45648,1.1596,0.930703,0.719412,0.776418,0.0182006,0.0200013,0.998166,0.774994,0.549226,-0.392044
"Tampa Port Authority, FL",2020244N30279,OMAR,2020,301.1,-3,0,28,2,70,5.5,6.98571,0.657204,0.464034,0.787321,1.11475,1.61369,1.41629,0,0.00569529,0.994305,1.40822,-0.193171,0.0986902
"Virginia, VA, Port of",2020244N30279,OMAR,2020,346.4,0,0,35,2,70,16.5,21.3857,1.91334,1.15901,0.771543,1.16771,1.83235,1.65083,0.00846421,0.023922,0.98441,1.6251,-0.754324,0.264785
"Jacksonville, FL",2020256N25281,SALLY,2020,377,0,2,50,6,70,8.33333,8.17143,4.62591,1.73778,1.01981,1.1457,2.2783,2.66197,0.0243674,0.0257319,0.998601,2.65825,-2.88813,-0.0344315
"Mobile, AL",2020256N25281,SALLY,2020,51.5,2,2,95,5,70,2.6,8.14286,0.588028,1.28108,0.319298,0.855264,1.68083,0.459008,0.058089,0.0687082,0.988726,0.453833,0.693056,0.872036
"New Orleans, LA",2020256N25281,SALLY,2020,194.7,2,2,95,5,70,18.8,24.6857,3.35656,3.86188,0.761574,1.19042,0.9587,0.86915,0,0.0117863,0.988214,0.858906,0.505328,0.920773
"Plaquemines Port District, LA",2020256N25281,SALLY,2020,134.3,2,2,95,5,70,37.6,48,6.40343,8.60224,0.783333,1.00811,0.94264,0.744391,0.0327824,0.064923,0.96677,0.719655,2.19881,1.86382
"Port Everglades, FL",2020256N25281,SALLY,2020,66.5,0,2,50,3,70,17.6667,19.4,1.16716,0.933485,0.910653,0.942144,1.45731,1.25032,0.00120955,0.0109036,0.990294,1.23819,-0.233671,0.0834041
"Port of Charleston, SC",2020256N25281,SALLY,2020,139.1,-4,2,30,2,70,14.5,16.6571,1.11715,1.07614,0.870497,0.978598,1.21862,1.0381,0.0149086,0.0361839,0.978403,1.01568,-0.0410042,0.139363
"Port of Greater Baton Rouge, LA",2020256N25281,SALLY,2020,325.8,2,2,95,4,70,11,10.4429,4.8825,2.2189,1.05335,1.07013,1.95208,2.20042,0.0155351,0.0115976,1.004,2.20922,-2.6636,-0.118382
"Port of Palm Beach District, FL",2020256N25281,SALLY,2020,124.8,0,2,50,3,70,4.33333,5.25714,0.178674,0.212076,0.824275,1.00541,1.0166,0.842499,0,0.0139563,0.986044,0.830741,0.0334022,0.037267
"Port of Savannah, GA",2020256N25281,SALLY,2020,203.4,-1,2,33,2,70,14,12.1429,1.54728,1.55849,1.15294,1.10057,0.782422,0.992812,0.00686686,0.0136126,0.993208,0.986069,0.011202,-0.238357
"PortMiami, FL",2020256N25281,SALLY,2020,12.2,0,2,50,3,70,13.6667,13.5143,0.69391,0.932026,1.01128,0.809866,0.90906,0.744518,0.0117753,0.00837929,1.00344,0.747077,0.238116,-0.0105091
"South Louisiana, LA, Port of",2020256N25281,SALLY,2020,239.5,2,2,95,4,70,29.5,33.1571,7.12542,5.22046,0.889703,1.08053,1.41977,1.3649,0.00105763,0.0036653,0.99739,1.36134,-1.90496,0.575802
"Tampa Port Authority, FL",2020256N25281,SALLY,2020,176,1,2,75,4,70,3.75,7.35714,0.160061,0.782331,0.509709,1.02503,0.391595,0.204595,0,0.00497937,0.995021,0.203577,0.62227,0.38357
"Beaumont, TX",2020261N21265,BETA,2020,17.1,0,0,55,6,70,11.8333,11.6571,2.36041,4.00986,1.01511,0.936588,0.619148,0.588651,0,0.00183545,0.998165,0.587571,1.64945,-0.0606066
"Corpus Christi, TX",2020261N21265,BETA,2020,118.7,0,0,55,4,70,10.5,14.2286,1.35261,5.43746,0.737952,0.996334,0.338332,0.248757,0.00197487,0.0108438,0.991114,0.246547,4.08485,1.42488
"Galveston, TX",2020261N21265,BETA,2020,52.6,0,0,55,6,70,5.5,11.3,3.99873,6.33994,0.486726,1.26193,1.02687,0.630719,0.011706,0.0350476,0.976382,0.615823,2.34122,3.25413
"Houston Port Authority, TX",2020261N21265,BETA,2020,41.7,0,0,55,6,70,34.5,54.1714,10.5888,26.689,0.636867,0.997289,0.62466,0.396747,0,0.000555957,0.999444,0.396526,16.1002,9.69167
"Lake Charles Harbor District, LA",2020261N21265,BETA,2020,62,0,0,55,6,70,0.166667,3.54286,0.00466695,1.18858,0.047043,1.12309,0.0743177,0.00392648,0.128679,0.0936974,1.04015,0.00408411,1.18392,1.13267
"Mobile, AL",2020261N21265,BETA,2020,276,-4,0,25,3,70,10.6667,8.3,0.239682,0.891006,1.28514,0.904093,0.231521,0.269001,0.0284886,0.0742551,0.952891,0.256329,0.651324,-0.254062
"New Orleans, LA",2020261N21265,BETA,2020,220.7,0,0,55,7,70,25.2857,23.8143,7.51275,5.42882,1.06179,1.07239,1.21536,1.38387,0.00917345,0.0111944,0.99796,1.38104,-2.08393,-0.335434
"Plaquemines Port District, LA",2020261N21265,BETA,2020,307.8,0,0,55,6,70,57.6667,48.7571,14.2699,11.2279,1.18273,1.07534,0.999287,1.27093,0.041767,0.0607346,0.980206,1.24578,-3.04201,-2.0517
"Port Arthur, TX",2020261N21265,BETA,2020,42.4,0,0,55,6,70,3.66667,5.75714,4.62256,1.91765,0.63689,1.10309,3.43115,2.41054,0.00483507,0.0046755,1.00016,2.41092,-2.70491,0.696317
"Port Freeport, TX",2020261N21265,BETA,2020,12.3,0,0,55,6,70,2.5,5.81429,0.267358,2.65213,0.429975,1.0042,0.233472,0.100809,0,0.0108977,0.989102,0.0997102,2.38477,1.51178
"Port of Greater Baton Rouge, LA",2020261N21265,BETA,2020,101.2,0,0,55,7,70,10.7143,10.2571,11.8237,3.95861,1.04457,1.07089,2.67011,2.98684,0.00925618,0.0122652,0.996963,2.97777,-7.86512,-0.176428
"South Louisiana, LA, Port of",2020261N21265,BETA,2020,187,0,0,55,7,70,38.8571,33.3714,13.0716,8.79544,1.16438,1.03839,1.22917,1.48618,0.00129334,0.00463791,0.996651,1.4812,-4.27615,-1.44583
"Texas City, TX",2020261N21265,BETA,2020,29.8,0,0,55,6,70,3.66667,5.15714,4.15672,4.90793,0.710988,0.852173,1.39785,0.846938,0.0290943,0.0406847,0.988062,0.836828,0.751216,1.41845
"Beaumont, TX",2020279N16284,DELTA,2020,104,3,4,105,2,70,6,11.0286,0.163366,1.36546,0.544041,1.16228,0.189208,0.119642,0.0238942,0.00157248,1.02287,0.122378,1.2021,0.622594
"Corpus Christi, TX",2020279N16284,DELTA,2020,366.2,3,4,105,1,70,9,13.6143,2.57114,1.6624,0.66107,1.3433,1.74169,1.54664,0.00531731,0.00976368,0.99553,1.53973,-0.90874,0.563435
"Galveston, TX",2020279N16284,DELTA,2020,136.4,3,4,105,2,70,8,11.0857,0.589615,2.03526,0.721649,1.19969,0.334621,0.2897,0.00673399,0.032781,0.973776,0.282103,1.44565,0.566516
"Houston Port Authority, TX",2020279N16284,DELTA,2020,202.4,3,4,105,2,70,52,53.1714,5.00862,7.41945,0.977969,1.11621,0.618408,0.675067,0,0.000833551,0.999166,0.674504,2.41082,0.163459
"Lake Charles Harbor District, LA",2020279N16284,DELTA,2020,25.4,3,4,105,2,70,0,3.21429,0,0.356836,0,,,0,0.0606461,0.0910058,0.96768,0,0.356836,0.356836
"Mobile, AL",2020279N16284,DELTA,2020,369.7,2,4,85,3,70,9.66667,8.92857,1.11097,0.838903,1.08267,1.06483,1.14872,1.32432,0.0876699,0.0805973,1.00775,1.33458,-0.272069,-0.0693493
"New Orleans, LA",2020279N16284,DELTA,2020,252.4,3,4,100,3,70,26.3333,23.7429,1.75863,2.33961,1.10911,0.93314,0.72629,0.751675,0,0.0117765,0.988224,0.742823,0.580983,-0.255264
"Plaquemines Port District, LA",2020279N16284,DELTA,2020,330.4,3,4,100,2,70,36,53.1429,2.97508,4.10377,0.677419,0.820483,1.30433,0.724962,0.0308975,0.0521732,0.978046,0.709046,1.12869,1.3238
"Port Arthur, TX",2020279N16284,DELTA,2020,81,3,4,105,2,70,1,4.97143,0.00288027,0.678105,0.201149,0.107941,0.195629,0.00424753,0.0130471,0.00347899,1.00969,0.00428871,0.675225,0.541705
"Port Freeport, TX",2020279N16284,DELTA,2020,190.8,3,4,105,2,70,6,5.52857,0.146678,0.870629,1.08527,0.934718,0.166078,0.168473,0,0.00998541,0.990015,0.166791,0.723952,-0.0742397
"Port of Greater Baton Rouge, LA",2020279N16284,DELTA,2020,121.2,3,4,103,3,70,6.66667,10.8571,0.338596,2.47214,0.614035,0.857725,0.260057,0.136965,0.0259228,0.0117869,1.01451,0.138953,2.13354,0.954159
"South Louisiana, LA, Port of",2020279N16284,DELTA,2020,209.8,3,4,103,3,70,33.3333,34.4,4.35899,3.65952,0.968992,0.967813,1.27014,1.19114,0,0.00347303,0.996527,1.187,-0.699472,0.113474
"Texas City, TX",2020279N16284,DELTA,2020,145.8,3,4,105,2,70,5.5,5.32857,0.368781,1.28651,1.03217,1.10571,0.251166,0.286651,0.0303409,0.024547,1.00598,0.288364,0.917733,-0.0413892
"Baltimore, MD",2020299N18277,ZETA,2020,158.8,-4,3,45,2,70,17.5,15.6429,2.7935,1.68649,1.11872,1.00744,1.46969,1.6564,0.0303988,0.0274155,1.00308,1.6615,-1.10701,-0.200223
"Beaumont, TX",2020299N18277,ZETA,2020,354.9,3,3,100,2,70,13,11.4429,0.574018,2.01816,1.13608,1.06863,0.234281,0.284427,0,0.00177647,0.998224,0.283922,1.44414,-0.274631
"Galveston, TX",2020299N18277,ZETA,2020,391.9,3,3,100,2,70,11,10.6,1.62881,2.07208,1.03774,0.899396,0.842219,0.786073,0.062844,0.0259234,1.0394,0.817041,0.443275,-0.0781917
"Houston Port Authority, TX",2020299N18277,ZETA,2020,466,3,3,100,1,70,47,53.5714,4.06693,4.39143,0.877333,1.03839,1.01657,0.926107,0,0.00145168,0.998548,0.924762,0.324498,0.538682
"Lake Charles Harbor District, LA",2020299N18277,ZETA,2020,274.4,3,3,100,2,70,5.5,4.05714,0.911267,0.536011,1.35563,0.849964,1.47547,1.70009,0.113007,0.0610863,1.05854,1.79961,-0.375256,-0.190624
"Mobile, AL",2020299N18277,ZETA,2020,111.5,3,3,100,2,70,5,10.2857,0.109929,0.599044,0.486111,0.911029,0.414368,0.183508,0.263791,0.0804564,1.24903,0.229206,0.489115,0.307842
"New Orleans, LA",2020299N18277,ZETA,2020,18.7,3,3,100,2,70,18,24.5,0.431026,1.82646,0.734694,1.23769,0.259521,0.235989,0,0.0108004,0.9892,0.233441,1.39544,0.484572
"New York, NY & NJ",2020299N18277,ZETA,2020,237.6,-4,3,45,2,70,33.5,32.4857,7.35667,4.62918,1.03122,1.01668,1.51579,1.58919,0.0203898,0.0204209,0.999968,1.58914,-2.72748,-0.144535
"Philadelphia Regional Port, PA",2020299N18277,ZETA,2020,149.2,-4,3,45,2,70,7,8.14286,0.166765,0.842943,0.859649,1.24106,0.185435,0.197836,0,0.00798488,0.992015,0.196257,0.676178,0.118308
"Plaquemines Port District, LA",2020299N18277,ZETA,2020,99.6,3,3,100,2,70,33.5,51.4857,1.39731,3.82974,0.650666,1.19204,0.470408,0.364857,0.0200819,0.0540195,0.965367,0.352221,2.43243,1.33786
"Port Arthur, TX",2020299N18277,ZETA,2020,331.5,3,3,100,2,70,7.5,5.02857,0.229324,0.609884,1.49148,0.988816,0.254959,0.376013,0,0.00459116,0.995409,0.374286,0.38056,-0.299744
"Port Freeport, TX",2020299N18277,ZETA,2020,447.5,3,3,100,1,70,9,6.11429,0.149026,0.520902,1.47196,1.07406,0.180959,0.286092,0,0.0160403,0.98396,0.281503,0.371876,-0.245846
"Port of Charleston, SC",2020299N18277,ZETA,2020,409.4,0,3,45,1,70,14,16.3429,0.996582,0.494168,0.856643,0.883163,2.66561,2.01669,0.0596798,0.0321387,1.02929,2.07575,-0.502414,0.0708423
"Port of Greater Baton Rouge, LA",2020299N18277,ZETA,2020,137.2,3,3,100,2,70,5.5,11.5,0.630389,1.19623,0.478261,0.922338,1.19465,0.526981,0,0.0098173,0.990183,0.521807,0.56584,0.62412
"Port of Savannah, GA",2020299N18277,ZETA,2020,423.4,0,3,53,1,70,11,11.8286,1.05464,0.825809,0.929952,1.11398,1.23279,1.2771,0,0.0136291,0.986371,1.2597,-0.228835,0.0578465
"South Jersey Port Corp, NJ",2020299N18277,ZETA,2020,99.3,-4,3,45,2,70,4.5,8.6,0.0678593,0.587157,0.523256,0.973208,0.226953,0.115573,0.0528739,0.0708412,0.98103,0.11338,0.519298,0.279924
"South Louisiana, LA, Port of",2020299N18277,ZETA,2020,61.8,3,3,100,2,70,27,33.2571,0.83095,2.78782,0.811856,1.27172,0.288695,0.298064,0,0.00125065,0.998749,0.297691,1.95688,0.524513
"Texas City, TX",2020299N18277,ZETA,2020,403.5,3,3,100,2,70,4,6.01429,0.888086,1.40354,0.665083,1.01093,0.941094,0.632746,0.0184001,0.0143886,1.00409,0.635332,0.515457,0.47007
"Virginia, VA, Port of",2020299N18277,ZETA,2020,193.8,0,3,45,2,70,24.5,24.1571,1.50471,1.49674,1.01419,1.02155,0.970346,1.00533,0.00244298,0.015587,0.986824,0.992083,-0.00797619,-0.0212429
"Jacksonville, FL",2020306N15288,ETA,2020,23.3,0,4,63,3,70,6.33333,9.71429,1.7842,0.851316,0.651961,1.01458,3.16846,2.09582,0.0107122,0.028803,0.981713,2.05749,-0.932887,0.296291
"Port Everglades, FL",2020306N15288,ETA,2020,141.4,1,4,65,5,70,12.8,17.5286,0.534685,1.45585,0.730236,1.06946,0.470278,0.367267,0.00113695,0.0119967,0.989128,0.363274,0.921165,0.392735
"Port of Charleston, SC",2020306N15288,ETA,2020,125.5,0,4,40,2,70,16,16.0714,1.53614,0.962643,0.995556,0.988235,1.62196,1.59575,0.117547,0.0288878,1.10047,1.75608,-0.573497,0.00427842
"Port of Palm Beach District, FL",2020306N15288,ETA,2020,200.2,1,4,65,5,70,3.8,5.1,0.0409972,0.44938,0.745098,0.630927,0.194065,0.0912305,0.00390899,0.0104673,0.993416,0.0906299,0.408383,0.114548
"Port of Savannah, GA",2020306N15288,ETA,2020,87.3,0,4,53,2,70,12.5,11.8,0.789741,1.80069,1.05932,0.978689,0.423031,0.438576,0.0609035,0.011218,1.05291,0.46178,1.01095,-0.106821
"PortMiami, FL",2020306N15288,ETA,2020,81.5,1,4,65,5,70,12.8,13.0714,0.867384,1.41761,0.979235,1.08441,0.5762,0.611861,0.0137534,0.0120839,1.00169,0.612897,0.550231,0.0294368
"Tampa Port Authority, FL",2020306N15288,ETA,2020,112.2,1,4,65,4,70,8.75,8.21429,0.473471,0.673885,1.06522,1.0484,0.629136,0.702599,0.00154234,0.004637,0.996901,0.700422,0.200414,-0.043949
"Virginia, VA, Port of",2020306N15288,ETA,2020,334.7,0,4,40,1,70,30,24.1714,0.852977,0.74525,1.24113,0.940254,0.98078,1.14455,0.0277044,0.0147652,1.01331,1.15978,-0.107728,-0.179706
"Jacksonville, FL",2021165N32282,BILL,2021,380.9,-3,0,20,2,70,9.5,11.3,1.35411,0.823775,0.840708,1.03597,1.88735,1.64378,0.00478013,0.0257073,0.978972,1.60922,-0.530333,0.131221
"Port of Charleston, SC",2021165N32282,BILL,2021,220.4,-1,0,28,2,70,18.5,21.8429,2.41226,2.3567,0.846959,0.952205,1.26919,1.02357,0.0356914,0.0259103,1.01014,1.03395,-0.0555536,0.360673
"Port of Savannah, GA",2021165N32282,BILL,2021,285.9,-3,0,23,2,70,15,16.4,4.33605,3.22284,0.914634,1.01139,1.45442,1.34541,0.0213146,0.0117324,1.00979,1.35858,-1.11321,0.27512
"Virginia, VA, Port of",2021165N32282,BILL,2021,361.7,0,0,38,1,70,28,29.8714,0.401965,1.47231,0.937351,0.612049,0.475883,0.273016,0,0.0417062,0.958294,0.26163,1.07034,0.0922394
"Baltimore, MD",2021169N23268,CLAUDETTE,2021,351.7,0,0,40,1,70,24,19.5143,1.47308,1.35013,1.22987,0.894573,0.991694,1.09107,0.0203709,0.0395001,0.980473,1.06976,-0.122954,-0.310352
"Beaumont, TX",2021169N23268,CLAUDETTE,2021,317.9,0,0,40,2,70,13,12.3714,2.6129,4.39257,1.05081,0.798588,0.708855,0.594845,0,0.00191501,0.998085,0.593706,1.77967,-0.223179
"Galveston, TX",2021169N23268,CLAUDETTE,2021,367.1,0,0,40,2,70,16,12.1714,3.49446,2.93514,1.31455,0.948086,0.955268,1.19056,0.0403493,0.0409827,0.99934,1.18978,-0.559322,-0.923259
"Houston Port Authority, TX",2021169N23268,CLAUDETTE,2021,429.3,0,0,40,2,70,75,75,29.2162,18.0233,1,1.02526,1.58109,1.62102,0.00136142,0.00207318,0.999287,1.61987,-11.1929,0
"Jacksonville, FL",2021169N23268,CLAUDETTE,2021,408.2,0,0,35,2,70,9,11.0286,0.179344,0.79729,0.816062,1.06301,0.259305,0.224942,0,0.0242485,0.975752,0.219488,0.617946,0.146652
"Lake Charles Harbor District, LA",2021169N23268,CLAUDETTE,2021,237.8,0,0,40,2,70,9,9.31429,2.65822,0.967306,0.966258,1.2251,2.32147,2.74806,0.0127975,0.0199482,0.992757,2.72816,-1.69091,0.0326391
"Mobile, AL",2021169N23268,CLAUDETTE,2021,114,0,0,40,3,70,18.3333,13.3143,1.80217,1.40778,1.37697,1.00888,0.921504,1.28015,0,0.00722932,0.992771,1.27089,-0.394385,-0.530688
"New Orleans, LA",2021169N23268,CLAUDETTE,2021,37.7,0,0,40,3,70,26,34.5714,2.89757,5.6188,0.752066,0.952984,0.719529,0.515691,0,0.00416765,0.995832,0.513542,2.72123,1.39309
"New York, NY & NJ",2021169N23268,CLAUDETTE,2021,373.3,0,0,40,2,70,33.5,38.6286,10.8552,10.2028,0.867234,1.11581,1.09948,1.06394,0.0250614,0.0385398,0.986175,1.04923,-0.652325,1.35459
"Philadelphia Regional Port, PA",2021169N23268,CLAUDETTE,2021,362.6,0,0,40,2,70,14.5,12.4571,0.673838,1.9598,1.16399,1.0771,0.274245,0.34383,0.0248048,0.0300874,0.994583,0.341967,1.28596,-0.321389
"Plaquemines Port District, LA",2021169N23268,CLAUDETTE,2021,119.3,0,0,40,3,70,48.3333,55.8429,11.9764,10.362,0.865524,0.979437,1.36341,1.1558,0.0250119,0.0461126,0.978358,1.13078,-1.61439,1.39344
"Port Arthur, TX",2021169N23268,CLAUDETTE,2021,294,0,0,40,2,70,7.5,9.1,1.46208,1.78428,0.824176,1.14064,0.87164,0.819421,0,0.000718735,0.999281,0.818832,0.322204,0.31372
"Port Freeport, TX",2021169N23268,CLAUDETTE,2021,426.6,0,0,40,2,70,7,8.54286,1.45431,2.0444,0.819398,0.900284,0.964309,0.711362,0,0.0071463,0.992854,0.706278,0.59009,0.369222
"Port of Charleston, SC",2021169N23268,CLAUDETTE,2021,169.5,0,0,40,2,70,18.5,21.7571,1.99045,2.34492,0.850295,1.08182,0.922785,0.848836,0.0280785,0.0261977,1.00194,0.850479,0.354467,0.351045
"Port of Greater Baton Rouge, LA",2021169N23268,CLAUDETTE,2021,94.8,0,0,40,3,70,11.3333,11.2,0.688922,3.68419,1.0119,1.02554,0.180193,0.186994,0,0.00478973,0.99521,0.186099,2.99526,-0.0438593
"Port of Savannah, GA",2021169N23268,CLAUDETTE,2021,233.8,0,0,40,2,70,17,16.6286,3.16619,3.47681,1.02234,0.905932,0.983258,0.910661,0.0147519,0.0088835,1.00596,0.916086,0.310613,-0.0776606
"South Jersey Port Corp, NJ",2021169N23268,CLAUDETTE,2021,314.6,0,0,40,2,70,11.5,13.3286,0.781906,1.18473,0.862808,1.24102,0.616371,0.659989,0.129484,0.0853716,1.05067,0.693434,0.402819,0.162535
"South Louisiana, LA, Port of",2021169N23268,CLAUDETTE,2021,13.6,0,0,40,3,70,33.6667,40.4429,4.25824,11.9205,0.83245,1.0041,0.427367,0.357219,0,0.00231574,0.997684,0.356392,7.6623,1.99728
"Texas City, TX",2021169N23268,CLAUDETTE,2021,373.4,0,0,40,2,70,7.5,6.24286,1.1941,2.78992,1.20137,0.985005,0.361686,0.428004,0.107061,0.00398979,1.11543,0.477408,1.59582,-0.561815
"Virginia, VA, Port of",2021169N23268,CLAUDETTE,2021,100.3,0,0,40,1,70,26,30.2857,1.02103,1.5177,0.858491,1.13545,0.690154,0.672745,0,0.0339881,0.966012,0.64988,0.496676,0.214769
"Jacksonville, FL",2021179N30287,DANNY,2021,244.5,0,0,40,2,70,11,11.0857,0.436655,1.03161,0.992268,1.17707,0.362404,0.423277,0.0228873,0.0231648,0.999716,0.423157,0.59495,0.00797633
"Port of Charleston, SC",2021179N30287,DANNY,2021,91.4,0,0,40,2,70,23,20.8143,1.42627,2.19145,1.10501,0.990904,0.594393,0.650837,0.0181638,0.0292667,0.988692,0.643477,0.765173,-0.230124
"Port of Savannah, GA",2021179N30287,DANNY,2021,52.1,0,0,40,2,70,11.5,16.9714,2.24074,3.79565,0.677609,1.04604,0.832867,0.590343,0.0130362,0.00851356,1.00458,0.593049,1.55491,1.22368
"Baltimore, MD",2021182N09317,ELSA,2021,146.5,0,1,50,2,70,18.5,19.6429,2.03537,2.58333,0.941818,1.14525,0.730459,0.787887,0.00744431,0.030759,0.97651,0.76938,0.547957,0.150303
"Jacksonville, FL",2021182N09317,ELSA,2021,151.3,1,1,65,3,70,9.33333,11.2,0.232185,1.75607,0.833333,0.859114,0.184681,0.132219,0.0240534,0.026229,0.997771,0.131924,1.52388,0.292678
"Mobile, AL",2021182N09317,ELSA,2021,449.9,0,1,55,1,70,15,13.2286,0.169314,0.446355,1.13391,1.18593,0.282083,0.379327,0.0100803,0.00879305,1.0013,0.37982,0.277041,-0.0597711
"New York, NY & NJ",2021182N09317,ELSA,2021,90.9,0,1,50,1,70,39,38.9857,4.32485,4.75447,1.00037,1.19552,0.760596,0.909638,0.00826768,0.0422091,0.965776,0.878506,0.429622,-0.0017422
"Philadelphia Regional Port, PA",2021182N09317,ELSA,2021,94,0,1,50,1,70,10,13.1,0.218933,1.34687,0.763359,0.94232,0.225974,0.162549,0,0.0336848,0.966315,0.157074,1.12794,0.318725
"Port Everglades, FL",2021182N09317,ELSA,2021,254.7,1,1,65,3,70,20,23.5857,0.456414,1.74069,0.847971,1.12388,0.27513,0.262203,0.0150395,0.0193578,0.995616,0.261053,1.28428,0.264636
"Port of Charleston, SC",2021182N09317,ELSA,2021,120.5,0,1,55,3,70,23.6667,20.3,3.38796,2.93979,1.16585,0.98452,1.00405,1.15245,0.0235645,0.032987,0.99035,1.14133,-0.44817,-0.487552
"Port of Palm Beach District, FL",2021182N09317,ELSA,2021,261.4,1,1,65,3,70,9,5.8,0.839183,0.140592,1.55172,0.993351,3.87239,5.96893,0,0.0202508,0.979749,5.84805,-0.698591,-0.077568
"Port of Savannah, GA",2021182N09317,ELSA,2021,100.6,0,1,55,2,70,13.5,17.2143,2.78972,3.64557,0.784232,0.98287,0.992784,0.765236,0,0.0123239,0.987676,0.755806,0.855847,0.786596
"PortMiami, FL",2021182N09317,ELSA,2021,241.1,1,1,65,3,70,16.6667,16.3143,0.841831,1.61078,1.0216,1.22482,0.417674,0.522623,0.00882246,0.012128,0.996665,0.52088,0.768949,-0.0347921
"San Juan, PR",2021182N09317,ELSA,2021,359.9,1,1,70,1,70,15,12.0571,0.0991466,0.098677,1.24408,1.07607,0.75054,1.00476,0,0.00969985,0.9903,0.995014,-0.000469662,-0.0240847
"South Jersey Port Corp, NJ",2021182N09317,ELSA,2021,59.4,0,1,50,2,70,11,13.0286,4.67307,1.62935,0.844298,1.37912,2.46313,2.86805,0.0135219,0.0768038,0.935851,2.68407,-3.04372,0.253693
"Tampa Port Authority, FL",2021182N09317,ELSA,2021,114,1,1,65,3,70,11.3333,12.4143,1.74526,2.20824,0.912927,1.00521,0.861229,0.790339,0,0.00752844,0.992472,0.784388,0.462983,0.192279
"Virginia, VA, Port of",2021182N09317,ELSA,2021,80.2,0,1,50,2,70,30.5,31.0571,3.12125,2.80342,0.982061,1.09149,1.03868,1.11337,0.00209011,0.0271097,0.974928,1.08546,-0.317828,0.0502914
"Baltimore, MD",2021222N14301,FRED,2021,241.7,-3,0,25,2,70,17,18.7571,1.55691,2.41049,0.906321,0.64142,1.11105,0.645889,0.0101934,0.0279577,0.982053,0.634297,0.853582,0.225812
"Jacksonville, FL",2021222N14301,FRED,2021,359.5,0,0,55,2,70,9,10.8857,2.38482,1.03808,0.826772,1.04438,2.66061,2.29734,0.0100411,0.0180994,0.99186,2.27864,-1.34674,0.179825
"Mobile, AL",2021222N14301,FRED,2021,258.5,0,0,55,2,70,12.5,13.6143,0.704637,1.21898,0.918153,0.878482,0.716676,0.578057,0.0281145,0.0129989,1.01555,0.587047,0.514338,0.0997692
"New Orleans, LA",2021222N14301,FRED,2021,443.6,0,0,55,2,70,31,37.2143,3.38681,3.41249,0.833013,0.980258,1.21542,0.992475,0,0.0136094,0.986391,0.978968,0.025679,0.56984
"New York, NY & NJ",2021222N14301,FRED,2021,208.4,-3,0,25,3,70,38,38.4857,23.0748,15.5212,0.987379,0.901575,1.67003,1.48666,0.0320557,0.0377085,0.99416,1.47798,-7.55355,0.195888
"Philadelphia Regional Port, PA",2021222N14301,FRED,2021,250.4,-3,0,25,3,70,10.6667,11.1143,2.19411,2.59182,0.959726,0.876201,1.00671,0.846552,0.00491066,0.0250114,0.9798,0.829451,0.39771,0.104383
"Plaquemines Port District, LA",2021222N14301,FRED,2021,375.4,0,0,55,3,70,58.3333,64.5286,11.5712,12.5994,0.903992,0.902558,1.12562,0.918397,0.0255731,0.0364759,0.988811,0.908121,1.02815,1.20964
"Port Everglades, FL",2021222N14301,FRED,2021,393.2,0,0,40,3,70,21.6667,23.7286,2.09726,1.53829,0.913105,0.96977,1.53966,1.36337,0.0095889,0.0136474,0.995902,1.35778,-0.558968,0.13367
"Port of Charleston, SC",2021222N14301,FRED,2021,437,-1,0,25,2,70,22,20.2429,2.22884,2.23634,1.0868,0.932751,0.983162,0.996648,0.0336069,0.0325295,1.00111,0.99776,0.00749537,-0.194121
"Port of Palm Beach District, FL",2021222N14301,FRED,2021,425.2,0,0,45,3,70,6.66667,5.81429,0.0537185,0.194758,1.1466,0.916571,0.262452,0.275822,0.0346703,0.0198002,1.0154,0.28007,0.14104,-0.0285518
"Port of Savannah, GA",2021222N14301,FRED,2021,386.6,0,0,55,3,70,17.6667,17.1714,5.84258,5.36842,1.02884,1.06824,0.990242,1.08832,0.00618713,0.00703769,0.999144,1.08739,-0.474163,-0.15483
"PortMiami, FL",2021222N14301,FRED,2021,333.6,0,0,40,3,70,16.6667,14.7286,1.29724,1.22276,1.13159,1.12849,0.830794,1.06092,0,0.0132722,0.986728,1.04684,-0.0744861,-0.160899
"San Juan, PR",2021222N14301,FRED,2021,124.8,0,0,40,2,70,10,12.3143,0.526354,0.408521,0.812065,1.16106,1.36653,1.28844,0.020485,0.0108455,1.00984,1.30112,-0.117834,0.0767753
"South Jersey Port Corp, NJ",2021222N14301,FRED,2021,296.1,-3,0,25,3,70,9.66667,12.7286,0.989685,1.52552,0.759446,0.775711,1.10124,0.648753,0.0086144,0.0784906,0.929517,0.603026,0.535835,0.36697
"South Louisiana, LA, Port of",2021222N14301,FRED,2021,488.5,0,0,55,2,70,43,42.2714,5.32431,6.93014,1.01724,1.00699,0.750022,0.768283,0,0.0107013,0.989299,0.760062,1.60583,-0.119445
"Tampa Port Authority, FL",2021222N14301,FRED,2021,323,0,0,55,4,70,10.5,12.7714,2.20887,2.96136,0.822148,1.05286,0.861707,0.745898,0.00195549,0.00243944,0.999515,0.745536,0.752489,0.526685
"Virginia, VA, Port of",2021222N14301,FRED,2021,487.5,-3,0,20,1,70,30,29.7714,0.746335,1.43305,1.00768,0.847552,0.609796,0.520802,0.0050143,0.0301439,0.974744,0.507649,0.686714,-0.0110023
"San Juan, PR",2021225N15313,GRACE,2021,158.2,-1,3,33,2,70,9.5,12.4571,0.0764342,0.345992,0.762615,0.822242,0.352304,0.220913,0,0.0107585,0.989242,0.218537,0.269557,0.0821333
"Baltimore, MD",2021227N36297,HENRI,2021,307.6,1,1,65,3,70,20,18.9571,3.71779,3.52949,1.05501,1.05185,0.949214,1.05335,0,0.0360336,0.963966,1.0154,-0.188306,-0.194162
"New York, NY & NJ",2021227N36297,HENRI,2021,88.7,1,1,65,3,70,44,38.9143,10.6604,15.6559,1.13069,1.01918,0.590887,0.680923,0.0160468,0.0418286,0.973798,0.663081,4.99543,-2.04607
"Philadelphia Regional Port, PA",2021227N36297,HENRI,2021,179.5,1,1,65,3,70,11.3333,11.2571,1.39752,2.65582,1.00677,1.04028,0.502435,0.526209,0.00534167,0.02708,0.978145,0.514708,1.2583,-0.0179751
"South Jersey Port Corp, NJ",2021227N36297,HENRI,2021,223.9,1,1,65,4,70,15,12.6857,6.90248,2.29454,1.18243,1.16827,2.17765,3.00822,0.0403847,0.0908743,0.947386,2.84994,-4.60794,-0.418599
"Virginia, VA, Port of",2021227N36297,HENRI,2021,439.1,1,1,65,2,70,31.5,30.1714,3.049,2.96545,1.04403,1.19755,0.822352,1.02818,0.00919194,0.0325933,0.976382,1.00389,-0.0835564,-0.130581
"Baltimore, MD",2021239N17281,IDA,2021,34,-4,4,40,2,70,17.5,18.7571,2.93929,2.41425,0.932978,0.909663,1.43453,1.21747,0.0178472,0.0471278,0.970187,1.18118,-0.525039,0.161808
"Beaumont, TX",2021239N17281,IDA,2021,326,4,4,130,2,70,8,12.5857,0.391808,4.96801,0.635641,1.2998,0.0954553,0.0788661,0,0.00184499,0.998155,0.0787206,4.57621,1.81014
"Galveston, TX",2021239N17281,IDA,2021,413.5,4,4,130,2,70,10.5,13.2429,3.44998,2.65764,0.79288,1.17947,1.38812,1.29814,0.0385219,0.0321728,1.0066,1.30671,-0.792342,0.55045
"Houston Port Authority, TX",2021239N17281,IDA,2021,448.8,4,4,125,2,70,70,80.9857,20.3812,18.3105,0.86435,0.959042,1.34278,1.11309,0,0.00264596,0.997354,1.11015,-2.07077,2.48382
"Lake Charles Harbor District, LA",2021239N17281,IDA,2021,251.6,4,4,130,3,70,7.33333,9.82857,2.37952,1.98236,0.746124,0.764833,2.10344,1.20035,0.0211471,0.034982,0.985866,1.18338,-0.397163,0.503273
"Mobile, AL",2021239N17281,IDA,2021,254.5,4,4,130,3,70,4.66667,13.9571,0.25858,2.06347,0.334357,1.46517,0.255798,0.125313,0.0140771,0.0056615,1.00854,0.126383,1.80489,1.37354
"New Orleans, LA",2021239N17281,IDA,2021,59.5,4,4,130,3,70,16,41.5571,0.686843,5.91929,0.385012,0.811286,0.371484,0.116035,0.125299,0.00446488,1.13814,0.132064,5.23245,3.64029
"New York, NY & NJ",2021239N17281,IDA,2021,57.8,-4,4,40,2,70,43.5,39.2857,7.7706,9.8707,1.10727,1.06971,0.664638,0.787239,0.0162971,0.0510119,0.96471,0.759458,2.1001,-1.05886
"Philadelphia Regional Port, PA",2021239N17281,IDA,2021,56.7,-4,4,40,2,70,13.5,11.5286,1.035,2.40246,1.171,1.21625,0.302484,0.430809,0.0126121,0.0365776,0.975728,0.420352,1.36746,-0.410829
"Plaquemines Port District, LA",2021239N17281,IDA,2021,67.2,4,4,130,4,70,24.5,71.3143,11.7214,17.0428,0.34355,1.02015,1.9624,0.687765,0.12917,0.0261419,1.11831,0.769135,5.32134,11.1877
"Port Arthur, TX",2021239N17281,IDA,2021,310.8,4,4,130,2,70,6,9.57143,0.272841,1.83114,0.626866,0.898692,0.264486,0.149001,0,0.000740295,0.99926,0.14889,1.55829,0.683259
"Port Freeport, TX",2021239N17281,IDA,2021,476.4,4,4,125,2,70,9,8.17143,1.60216,2.4543,1.1014,1.11036,0.533791,0.652798,0.00839149,0.0160342,0.992293,0.647766,0.852139,-0.248863
"Port of Greater Baton Rouge, LA",2021239N17281,IDA,2021,50.7,4,4,130,3,70,9,13.1571,4.4405,4.02148,0.684039,0.627844,2.57106,1.10419,0.125309,0.00619044,1.13618,1.25457,-0.419014,1.27063
"PortMiami, FL",2021239N17281,IDA,2021,450.1,1,4,70,2,70,14,15.1,0.742853,0.905046,0.927152,0.87716,1.00926,0.82079,0.0179448,0.0134932,1.00453,0.824511,0.162193,0.0659305
"South Jersey Port Corp, NJ",2021239N17281,IDA,2021,60.6,-4,4,40,2,70,14,12.5857,0.854066,1.43194,1.11237,1.1227,0.477588,0.59644,0.011111,0.0972967,0.912846,0.544458,0.577873,-0.16091
"South Louisiana, LA, Port of",2021239N17281,IDA,2021,16.1,4,4,130,3,70,26.6667,47.2714,0.585611,10.8601,0.564118,0.627926,0.152228,0.053923,0.184123,0.00198151,1.22325,0.0659611,10.2745,4.73374
"Tampa Port Authority, FL",2021239N17281,IDA,2021,494,1,4,80,1,70,13,11.8143,0.212585,0.954034,1.10036,1.05502,0.191943,0.222827,0,0.00336299,0.996637,0.222078,0.741449,-0.0957495
"Texas City, TX",2021239N17281,IDA,2021,413.2,4,4,130,2,70,6.5,6.07143,2.19475,2.80463,1.07059,0.92311,0.791836,0.782548,0,0.00160329,0.998397,0.781293,0.609871,-0.197974
"Virginia, VA, Port of",2021239N17281,IDA,2021,285.1,-4,4,38,2,70,27,30.5857,2.77295,2.96159,0.882765,1.08309,0.979275,0.936303,0,0.0437359,0.956264,0.895353,0.188646,0.347202
"Jacksonville, FL",2021252N28273,MINDY,2021,96.9,0,0,50,2,70,13,11.3571,1.59791,1.25923,1.14465,1.02686,1.0796,1.26896,0.0309618,0.0184933,1.01287,1.28529,-0.338681,-0.182153
"Mobile, AL",2021252N28273,MINDY,2021,267.6,0,0,50,2,70,10,12.8571,0.123857,1.07983,0.777778,0.940068,0.156873,0.1147,0.0555457,0.00748112,1.05089,0.120537,0.955977,0.239963
"New Orleans, LA",2021252N28273,MINDY,2021,362.2,0,0,50,2,70,36.5,41.1429,2.15588,4.31347,0.887153,0.954559,0.590197,0.499802,0.0939084,0.00243884,1.10095,0.550257,2.15759,0.486764
"Plaquemines Port District, LA",2021252N28273,MINDY,2021,283,0,0,50,2,70,78.5,70.7714,9.99236,8.6135,1.1092,1.11923,0.934448,1.16008,0.0992412,0.0275943,1.07954,1.25235,-1.37885,-0.940635
"Port of Charleston, SC",2021252N28273,MINDY,2021,158.8,0,0,35,2,70,20,19.4143,0.589803,2.13062,1.03017,0.952109,0.282232,0.276823,0.0421839,0.0297297,1.013,0.280422,1.54081,-0.064279
"Port of Greater Baton Rouge, LA",2021252N28273,MINDY,2021,491.8,0,0,35,1,70,19,12.1857,6.15022,1.18577,1.5592,0.864398,3.84836,5.18671,0,0.00462677,0.995373,5.16271,-4.96446,-0.663084
"Port of Savannah, GA",2021252N28273,MINDY,2021,82.9,0,0,50,2,70,19,18.0143,2.46278,4.24955,1.05472,1.01279,0.542532,0.57954,0.0200688,0.00883988,1.01146,0.586181,1.78676,-0.232529
"South Louisiana, LA, Port of",2021252N28273,MINDY,2021,402.4,0,0,45,2,70,40,48.5571,1.38325,6.67053,0.823772,0.930874,0.270422,0.207367,0.054207,0.00164075,1.05558,0.218892,5.28728,1.17554
"Tampa Port Authority, FL",2021252N28273,MINDY,2021,325.4,0,0,50,2,70,14,10.6714,1.17821,1.58232,1.31191,0.7696,0.737493,0.744609,0.0343874,0.00238919,1.03314,0.769284,0.404111,-0.49355
"Beaumont, TX",2021256N21265,NICHOLAS,2021,6.1,1,1,65,5,70,9.6,12.6429,19.1565,11.1849,0.759322,1.08631,2.07638,1.71271,0,0.00132372,0.998676,1.71045,-7.97163,2.69196
"Corpus Christi, TX",2021256N21265,NICHOLAS,2021,116.3,1,1,65,3,70,17.6667,19.7143,8.70948,12.5718,0.896135,0.905008,0.854217,0.692778,0.00165619,0.00554781,0.996102,0.690077,3.86235,1.30577
"Galveston, TX",2021256N21265,NICHOLAS,2021,39.8,1,1,65,5,70,12.2,13.0143,7.67936,6.42982,0.937431,0.995876,1.27933,1.19433,0.0411039,0.0353667,1.00598,1.20148,-1.24953,0.402305
"Houston Port Authority, TX",2021256N21265,NICHOLAS,2021,43.9,1,1,65,5,70,77.4,80.7571,35.2519,45.0913,0.958429,1.05517,0.773047,0.781789,0.00107245,0.00270999,0.998361,0.780507,9.83943,1.87448
"Lake Charles Harbor District, LA",2021256N21265,NICHOLAS,2021,44,1,1,65,5,70,10.2,9.22857,4.16088,3.61495,1.10526,1.06612,0.976814,1.15102,0.0243162,0.0365676,0.987443,1.13657,-0.545935,-0.380521
"Mobile, AL",2021256N21265,NICHOLAS,2021,360.8,-1,1,25,3,70,14.3333,12.3,2.53321,1.43955,1.16531,0.936724,1.61209,1.75972,0.0170099,0.00728163,1.0099,1.77714,-1.09366,-0.237975
"New Orleans, LA",2021256N21265,NICHOLAS,2021,165.6,0,1,35,4,70,44.25,38.0429,4.06992,7.44899,1.16316,1.10488,0.42514,0.546372,0.00186825,0.0070525,0.994806,0.543534,3.37907,-1.21539
"Plaquemines Port District, LA",2021256N21265,NICHOLAS,2021,205.2,-1,1,30,3,70,84,67.1857,20.3644,11.9497,1.25027,1.18826,1.1471,1.70418,0.00299173,0.0314243,0.971482,1.65558,-8.41473,-2.99059
"Port Arthur, TX",2021256N21265,NICHOLAS,2021,27.7,1,1,65,5,70,6.4,9.27143,4.94842,4.63742,0.690293,0.998069,1.5488,1.06706,0,0.000620206,0.99938,1.0664,-0.311002,1.43624
"Port Freeport, TX",2021256N21265,NICHOLAS,2021,12.3,1,1,65,5,70,6.6,8.15714,3.73687,6.28085,0.809107,0.871209,0.844037,0.594963,0.00733127,0.0159705,0.991297,0.589785,2.54398,1.19897
"Port of Greater Baton Rouge, LA",2021256N21265,NICHOLAS,2021,77.8,1,1,65,4,70,20.25,12.0857,14.8616,5.07134,1.67553,1.05411,1.65923,2.93052,0,0.0162422,0.983758,2.88292,-9.7903,-3.42585
"South Louisiana, LA, Port of",2021256N21265,NICHOLAS,2021,120.3,0,1,50,4,70,52.5,47.2,17.2449,10.004,1.11229,1.11225,1.39338,1.7238,0.0019101,0.00801471,0.993884,1.71326,-7.24093,-1.12333
"Texas City, TX",2021256N21265,NICHOLAS,2021,16.9,1,1,65,5,70,3,6.57143,4.69802,5.98848,0.456522,1.29507,1.32692,0.78451,0,0.000353528,0.999646,0.784232,1.29046,3.25461
"New York, NY & NJ",2021259N30286,ODETTE,2021,479.6,0,0,40,1,70,35,40.0286,5.73833,4.92797,0.874375,1.19329,1.11603,1.16444,0.00839623,0.0360547,0.972107,1.13196,-0.810359,0.619074
"Philadelphia Regional Port, PA",2021259N30286,ODETTE,2021,478.3,0,0,40,2,70,11.5,10.7857,1.02208,1.98358,1.06623,0.931402,0.51886,0.515272,0,0.0208058,0.979194,0.504551,0.961495,-0.131363
"Port of Charleston, SC",2021259N30286,ODETTE,2021,441.9,-3,0,30,2,70,21,19.2857,2.26877,1.85252,1.08889,1.08298,1.03854,1.22469,0.0198263,0.0303968,0.989216,1.21149,-0.416249,-0.164669
"South Jersey Port Corp, NJ",2021259N30286,ODETTE,2021,433.7,0,0,40,2,70,15.5,11.9714,1.1846,1.61461,1.29475,0.834857,0.678746,0.733677,0.111818,0.0721419,1.04467,0.766451,0.430008,-0.475906
"Virginia, VA, Port of",2021259N30286,ODETTE,2021,303.3,0,0,40,3,70,27.6667,29.1714,3.63233,4.62061,0.948417,1.02043,0.812277,0.786115,0.0216073,0.0269003,0.99459,0.781863,0.988278,0.238347
"San Juan, PR",2021262N16307,PETER,2021,250.6,0,0,45,3,70,12.6667,12.4429,0.279838,0.574585,1.01799,1.22516,0.390496,0.487027,0.0128029,0.0072843,1.00559,0.48975,0.294746,-0.010335
"New York, NY & NJ",2021299N33284,WANDA,2021,340,-4,0,60,1,70,41,40.4143,5.33975,4.71387,1.01449,1.14992,0.971013,1.13277,0.00747189,0.0375008,0.969745,1.0985,-0.625876,-0.068317
"Philadelphia Regional Port, PA",2021299N33284,WANDA,2021,419.1,-4,0,60,1,70,15,11.5857,1.45691,1.12405,1.2947,1.139,0.878926,1.29612,0,0.0165291,0.983471,1.2747,-0.332858,-0.331255
"Port of Charleston, SC",2021299N33284,WANDA,2021,354.1,-4,0,40,1,70,22,20.5571,1.06692,1.09338,1.07019,0.945286,0.964584,0.975805,0.00605245,0.0273997,0.978523,0.954848,0.0264538,-0.0767415
"Port of Savannah, GA",2021299N33284,WANDA,2021,455.5,-4,0,35,1,70,18,18.5,2.54464,2.10242,0.972973,1.12603,1.10473,1.21034,0.0215951,0.0103211,1.01152,1.22429,-0.442222,0.056822
"South Jersey Port Corp, NJ",2021299N33284,WANDA,2021,415.7,-4,0,58,1,70,11,12.2571,0.911974,0.731491,0.897436,1.45118,0.957302,1.24673,0,0.0926734,0.907327,1.13119,-0.180483,0.0750247
"Virginia, VA, Port of",2021299N33284,WANDA,2021,360.8,-4,0,45,2,70,24,30.9857,2.43102,3.1795,0.77455,1.1369,0.868273,0.764591,0.0171591,0.0274425,0.989537,0.756591,0.748481,0.716816
"Jacksonville, FL",2022154N21273,ALEX,2022,364.4,0,0,45,2,70,15,12.3286,2.8959,0.795557,1.21669,1.04837,2.85376,3.64009,0.0160804,0.0415496,0.974115,3.54586,-2.10034,-0.172386
"Port Everglades, FL",2022154N21273,ALEX,2022,95.9,0,0,45,2,70,21,24.8143,0.879857,2.28983,0.846287,1.13632,0.399568,0.384245,0.00565974,0.0298621,0.97566,0.374893,1.40997,0.351977
"Port of Palm Beach District, FL",2022154N21273,ALEX,2022,57.4,0,0,45,2,70,2.5,5.3,0.0326279,0.17018,0.471698,1.12459,0.361426,0.191725,0.00314057,0.0393544,0.963672,0.18476,0.137552,0.0899065
"PortMiami, FL",2022154N21273,ALEX,2022,140,0,0,45,2,70,16,15.6571,0.171354,0.7738,1.0219,0.944381,0.229462,0.221445,0.00393203,0.0255296,0.978317,0.216644,0.602446,-0.0169445
"Tampa Port Authority, FL",2022154N21273,ALEX,2022,175.6,0,0,43,2,70,10,12.3429,0.513312,1.00858,0.810185,1.02209,0.614607,0.508944,0.00395795,0.0209089,0.982982,0.500282,0.495271,0.191444
"Jacksonville, FL",2022183N32280,COLIN,2022,196.7,0,0,35,2,70,13.5,13.3714,1.14163,1.0401,1.00962,0.851678,1.27649,1.09761,0.168603,0.0351643,1.1605,1.27378,-0.101529,-0.010001
"Port of Charleston, SC",2022183N32280,COLIN,2022,13,0,0,35,2,70,20,17.9571,0.333184,2.20524,1.11376,0.761559,0.178128,0.151088,0.224775,0.0381508,1.24074,0.18746,1.87206,-0.250875
"Port of Savannah, GA",2022183N32280,COLIN,2022,41.3,0,0,35,2,70,19,19.1571,3.17712,4.20161,0.991797,0.804498,0.9477,0.756168,0.158267,0.0315632,1.15053,0.869992,1.02448,0.0344651
"Tampa Port Authority, FL",2022183N32280,COLIN,2022,468.1,-1,0,33,1,70,14,11.7714,0.781952,0.46968,1.18932,0.788385,1.77558,1.66486,0.00823946,0.0256222,0.982473,1.63568,-0.312272,-0.08892
"Virginia, VA, Port of",2022183N32280,COLIN,2022,415.3,0,0,35,1,70,28,26.1143,1.51309,1.53304,1.07221,1.18276,0.77828,0.986989,0,0.0330872,0.966913,0.954332,0.019946,-0.110701
"Corpus Christi, TX",2022232N20266,UNNAMED,2022,338,-3,-3,30,2,70,22,21.7286,3.3321,14.8233,1.01249,0.949182,0.233901,0.224788,0.00262867,0.0214416,0.981138,0.220548,11.4912,-0.185169
"San Juan, PR",2022246N18301,EARL,2022,207.6,0,2,60,4,70,11,11.4143,0.273173,0.35053,0.963705,0.926593,0.872729,0.779314,0,0.0172019,0.982798,0.765908,0.0773571,0.0127226
"San Juan, PR",2022257N16312,FIONA,2022,111.9,2,4,95,4,70,6.5,11.9143,0.236196,0.846673,0.545564,0.742001,0.689138,0.278969,0,0.00191119,0.998089,0.278436,0.610478,0.384759
"Jacksonville, FL",2022266N12294,IAN,2022,219.8,5,5,140,3,70,2.66667,13.4143,0.152958,1.41849,0.198793,0.642834,0.843813,0.107832,0.0198753,0.0210956,0.998755,0.107697,1.26553,1.13651
"Port Everglades, FL",2022266N12294,IAN,2022,169.7,5,5,140,4,70,20,22.1286,1.15075,1.28489,0.903809,0.891407,1.11164,0.895603,0.00806619,0.0146642,0.993348,0.889646,0.134139,0.123595
"Port of Charleston, SC",2022266N12294,IAN,2022,83.7,1,5,75,3,70,10.3333,17.8143,0.291484,2.99323,0.580059,0.811249,0.206942,0.0973811,0.00987452,0.0180326,0.991761,0.0965788,2.70175,1.25698
"Port of Palm Beach District, FL",2022266N12294,IAN,2022,127.1,5,5,140,4,70,3.75,5.14286,0.269035,0.299448,0.729167,0.928835,1.32655,0.898438,0,0.0142883,0.985712,0.885601,0.0304126,0.0811004
"Port of Savannah, GA",2022266N12294,IAN,2022,201.4,1,5,75,3,70,5,18.3,0.702903,6.16904,0.273224,0.441134,0.945342,0.11394,0,0.0150926,0.984907,0.112221,5.46613,4.48351
"PortMiami, FL",2022266N12294,IAN,2022,199.9,5,5,140,4,70,16,17.0571,1.05077,1.59784,0.938023,1.07686,0.651028,0.657618,0.00224471,0.00746812,0.994765,0.654175,0.547071,0.0990285
"Tampa Port Authority, FL",2022266N12294,IAN,2022,101.2,5,5,140,4,70,1.75,12.3286,0.0433592,4.81781,0.141947,0.836088,0.0758323,0.00899977,0,0.00470614,0.995294,0.00895742,4.77445,4.13394
"Virginia, VA, Port of",2022266N12294,IAN,2022,350.8,1,5,70,2,70,23,26.7143,2.729,3.15692,0.860963,1.2712,0.789843,0.864448,0,0.0114374,0.988563,0.854561,0.427928,0.438931
"Jacksonville, FL",2022311N21293,NICOLE,2022,180.8,1,1,65,2,70,11,12.6286,0.854959,0.949073,0.871041,1.11364,0.928672,0.900836,0,0.018441,0.981559,0.884224,0.0941139,0.122392
"Mobile, AL",2022311N21293,NICOLE,2022,339.1,0,1,38,2,70,17.5,15.1286,1.1002,1.44923,1.15675,0.90906,0.721942,0.759163,0.00981258,0.0275647,0.982072,0.745552,0.349028,-0.227168
"Port Everglades, FL",2022311N21293,NICOLE,2022,143.3,1,1,65,2,70,13,25.0286,0.127908,0.891395,0.519406,0.889744,0.310495,0.143492,0.0143335,0.0110391,1.00334,0.143971,0.763487,0.428399
"Port of Charleston, SC",2022311N21293,NICOLE,2022,419.3,0,1,38,2,70,13,19.0286,0.415425,2.38801,0.683183,0.956658,0.266172,0.173963,0.0229001,0.0187406,1.00426,0.174703,1.97259,0.756562
"Port of Palm Beach District, FL",2022311N21293,NICOLE,2022,96.5,1,1,65,2,70,0.5,5.88571,0.00110346,0.172079,0.0849515,0.139016,0.542992,0.00641252,0.00823967,0.0139429,0.994249,0.00637564,0.170975,0.15746
"Port of Savannah, GA",2022311N21293,NICOLE,2022,336.9,0,1,62,2,70,13.5,18.1143,3.54276,3.9973,0.745268,1.11312,1.06837,0.88629,0.0767371,0.0105026,1.07174,0.949872,0.454532,1.01824
"PortMiami, FL",2022311N21293,NICOLE,2022,200.4,1,1,65,2,70,13.5,16.7714,0.223323,0.804744,0.80494,0.966445,0.356726,0.277508,0,0.00695121,0.993049,0.275579,0.581421,0.156973
"San Juan, PR",2022311N21293,NICOLE,2022,254,-3,1,35,1,70,8,10.6571,0.065891,0.124954,0.75067,0.976323,0.719505,0.527323,0,0.0050884,0.994912,0.524639,0.0590628,0.0311547
"Tampa Port Authority, FL",2022311N21293,NICOLE,2022,56.7,1,1,65,3,70,10.6667,11.9714,5.53122,4.86454,0.89101,1.15229,1.10748,1.13705,0.00155515,0.00231727,0.999237,1.13618,-0.666684,0.530184
"South Jersey Port Corp, NJ",2023015N36289,UNNAMED,2023,477.4,-4,-2,45,1,70,20,13.6714,1.09551,0.8673,1.4629,0.836175,1.0326,1.26312,0.0173687,0.0766916,0.939629,1.18687,-0.228206,-0.401477
"Virginia, VA, Port of",2023015N36289,UNNAMED,2023,451.9,-4,-2,45,1,70,23,28.9429,0.507963,1.84244,0.794669,1.11705,0.310585,0.275701,0,0.015771,0.984229,0.271353,1.33448,0.37831
"Mobile, AL",2023152N26274,ARLENE,2023,334.7,0,0,35,2,70,9,13.5429,1.15502,2.80441,0.664557,0.944667,0.656053,0.41186,0.0466096,0.0475786,0.998984,0.411441,1.64939,0.94072
"New Orleans, LA",2023152N26274,ARLENE,2023,411.1,0,0,35,2,70,34.5,29.4714,4.34823,3.57181,1.17063,1.0418,0.998211,1.21737,0,0.000881462,0.999119,1.2163,-0.77642,-0.609441
"Plaquemines Port District, LA",2023152N26274,ARLENE,2023,328.9,0,0,35,3,70,64.3333,53.0714,16.8794,12.2402,1.2122,1.01876,1.11666,1.37901,0.0368409,0.0432101,0.993387,1.36989,-4.63918,-2.5974
"Port Everglades, FL",2023152N26274,ARLENE,2023,408.1,-3,0,25,2,70,23,26.5,2.34651,0.831627,0.867925,1.00394,3.23821,2.82159,0.00679972,0.010308,0.996468,2.81162,-1.51488,0.109838
"Port of Palm Beach District, FL",2023152N26274,ARLENE,2023,453.8,-3,0,25,1,70,2,6,0.0140149,0.0935005,0.333333,0.929878,0.483585,0.149892,0,0.0119737,0.988026,0.148097,0.0794856,0.0623337
"PortMiami, FL",2023152N26274,ARLENE,2023,360.6,-3,0,25,2,70,12,14.9143,0.911379,0.831743,0.804598,0.906776,1.50187,1.09575,0.0428895,0.0112211,1.03309,1.132,-0.0796364,0.162524
"South Louisiana, LA, Port of",2023152N26274,ARLENE,2023,449.8,-1,0,33,2,70,45,40.9,6.98632,6.95211,1.10024,0.93481,0.977055,1.00492,0,0.00105365,0.998946,1.00386,-0.0342074,-0.696911
"Tampa Port Authority, FL",2023152N26274,ARLENE,2023,349.4,0,0,35,4,70,10.5,10.7857,2.09029,2.4818,0.97351,1.00284,0.862719,0.842249,0,0.00149234,0.998508,0.840992,0.391506,0.065743
"San Juan, PR",2023232N13300,FRANKLIN,2023,397,0,4,60,7,70,11.4286,12.0571,0.566768,1.5991,0.947867,0.935826,0.399564,0.354429,0.0070709,0.0110329,0.99601,0.353014,1.03234,0.0833656
"Beaumont, TX",2023234N25271,HAROLD,2023,424.3,0,0,50,1,70,18,14.3714,1.65488,3.00237,1.25249,0.991169,0.443999,0.551192,0,0.00500181,0.994998,0.548435,1.34749,-0.758053
"Corpus Christi, TX",2023234N25271,HAROLD,2023,83,0,0,50,2,70,24.5,22.9,13.9647,18.8306,1.06987,1.06735,0.649426,0.741598,0,0.00644349,0.993557,0.736819,4.86587,-1.31568
"Galveston, TX",2023234N25271,HAROLD,2023,311.1,0,0,50,1,70,13,12.0143,4.2756,1.79981,1.08205,0.882583,2.48754,2.37558,0.0337119,0.0471127,0.986132,2.34264,-2.47579,-0.147666
"Houston Port Authority, TX",2023234N25271,HAROLD,2023,354,0,0,50,1,70,67,78.4714,8.40392,11.9546,0.853814,0.955213,0.861949,0.702984,0,0.00361899,0.996381,0.70044,3.55072,1.7476
"Lake Charles Harbor District, LA",2023234N25271,HAROLD,2023,449.6,0,0,50,1,70,9,9.95714,0.175623,0.85186,0.903874,1.07561,0.212057,0.206164,0.0139798,0.0507654,0.962693,0.198473,0.676237,0.0818861
"Port Arthur, TX",2023234N25271,HAROLD,2023,420.6,0,0,50,1,70,9,8.64286,0.371103,0.518031,1.04132,1.36926,0.50242,0.716373,0,0.00483346,0.995167,0.71291,0.146928,-0.0214062
"Port Freeport, TX",2023234N25271,HAROLD,2023,274.5,0,0,50,2,70,5,8.12857,0.105135,2.59844,0.615114,0.861583,0.0763455,0.040461,0.00753614,0.0209845,0.986449,0.0399127,2.49331,1.0001
"Texas City, TX",2023234N25271,HAROLD,2023,329.3,0,0,50,1,70,6,7.91429,1.59577,1.83228,0.758123,1.03372,1.11131,0.870917,0.0219445,0.0049557,1.01737,0.886045,0.236516,0.443187
"Jacksonville, FL",2023239N21274,IDALIA,2023,125.7,4,4,115,2,70,8.5,13.3429,0.62576,1.33515,0.637045,0.492622,1.49346,0.468682,0.0574282,0.035661,1.02309,0.479505,0.709389,0.484599
"Mobile, AL",2023239N21274,IDALIA,2023,423.3,4,4,115,1,70,12,14.1571,0.189185,0.744841,0.847629,1.10226,0.271851,0.253993,0.0431756,0.0253356,1.01865,0.258729,0.555656,0.113492
"Plaquemines Port District, LA",2023239N21274,IDALIA,2023,499.9,3,4,105,1,70,46,56.2571,3.37745,5.70823,0.817674,0.963411,0.751096,0.59168,0.0131101,0.0351529,0.977664,0.578465,2.33078,1.04076
"Port Everglades, FL",2023239N21274,IDALIA,2023,430.3,4,4,115,2,70,23.5,26.0857,0.356238,0.812524,0.900876,1.01098,0.48139,0.438434,0.0186404,0.0123076,1.00645,0.441263,0.456286,0.0805404
"Port of Charleston, SC",2023239N21274,IDALIA,2023,23.4,3,4,100,2,70,9,16.1143,0.175618,2.45832,0.558511,0.921621,0.138787,0.0714384,0.0158367,0.026274,0.989395,0.0706808,2.2827,1.08532
"Port of Palm Beach District, FL",2023239N21274,IDALIA,2023,418.2,4,4,115,2,70,5.5,4.6,0.0537649,0.126144,1.19565,1.1755,0.303253,0.426219,0.0503453,0.0378999,1.01311,0.431805,0.072379,-0.0246803
"Port of Savannah, GA",2023239N21274,IDALIA,2023,64.7,4,4,115,2,70,7.5,18.6857,0.845131,4.97275,0.401376,0.358698,1.18045,0.169952,0,0.0127535,0.987246,0.167785,4.12762,2.97681
"PortMiami, FL",2023239N21274,IDALIA,2023,433.2,3,4,105,2,70,12.5,13.7571,0.829812,0.763796,0.908619,1.02455,1.16704,1.08643,0.0043347,0.0131302,0.991166,1.07683,-0.066016,0.0697965
"Tampa Port Authority, FL",2023239N21274,IDALIA,2023,215.7,4,4,115,2,70,2,11.6,0.0308048,1.29027,0.172414,0.29219,0.473916,0.0238747,0,0.00407642,0.995924,0.0237774,1.25947,1.06781
"Virginia, VA, Port of",2023239N21274,IDALIA,2023,358.1,0,4,55,1,70,26,29.8286,2.40494,2.46256,0.871648,0.99067,1.13096,0.976599,0,0.0148718,0.985128,0.962076,0.0576254,0.316076
"Baltimore, MD",2023265N29284,OPHELIA,2023,61.1,0,0,50,2,70,20,19.9429,5.27033,3.51735,1.00287,1.15286,1.29599,1.49838,0,0.0140373,0.985963,1.47735,-1.75298,-0.0100784
"New York, NY & NJ",2023265N29284,OPHELIA,2023,316.4,-4,0,25,1,70,42,43.4286,6.66974,6.97573,0.967105,1.06886,0.92496,0.956135,0.00683846,0.0231269,0.983599,0.940454,0.30599,0.229465
"Philadelphia Regional Port, PA",2023265N29284,OPHELIA,2023,205.7,0,0,40,2,70,11.5,12.2714,2.11319,2.02338,0.937136,1.11438,1.00005,1.04438,0,0.00437553,0.995624,1.03981,-0.0898068,0.127198
"Port of Charleston, SC",2023265N29284,OPHELIA,2023,285.9,0,0,60,3,70,17.6667,15.4714,4.16435,3.68365,1.14189,1.04707,0.945515,1.1305,0.0234228,0.0249325,0.998454,1.12875,-0.480708,-0.522672
"Port of Palm Beach District, FL",2023265N29284,OPHELIA,2023,486.3,-4,0,30,1,70,7,3.3,0.33788,0.0465351,2.12121,0.900499,3.80114,7.26076,0.031901,0.086498,0.943604,6.85128,-0.291345,-0.0521757
"Port of Savannah, GA",2023265N29284,OPHELIA,2023,420.4,0,0,60,2,70,20,16.9,6.11451,4.68026,1.18343,1.03279,1.0689,1.30645,0.00853392,0.00783464,1.00071,1.30737,-1.43425,-0.858509
"South Jersey Port Corp, NJ",2023265N29284,OPHELIA,2023,185,0,0,45,2,70,15.5,12.8429,6.75289,2.3286,1.2069,1.67297,1.43627,2.89997,0.034588,0.0797152,0.953256,2.76442,-4.42429,-0.48178
"Virginia, VA, Port of",2023265N29284,OPHELIA,2023,113.6,0,0,60,3,70,23,27.3857,4.66193,6.92796,0.839854,1.12747,0.710642,0.672915,0.00160349,0.0158885,0.985692,0.663287,2.26603,1.10949
"San Juan, PR",2023266N16323,PHILIPPE,2023,150.7,0,0,45,3,70,11.3333,11.1429,0.243045,0.732986,1.01709,1.015,0.321191,0.331581,0,0.00783189,0.992168,0.328985,0.489942,-0.0125297
"San Juan, PR",2023292N13309,TAMMY,2023,292.2,1,2,80,2,70,8.5,11.2429,0.158229,0.505104,0.756036,1.2056,0.343685,0.31326,0,0.0114667,0.988533,0.309668,0.346875,0.123227
