port,SID,name,season,min_dist_km,sshs_max,sshs_storm_lifetime,wind_max_kt,k_days,n_ref_days,N_obs,N_ref,co2_obs_t,co2_ref_t,r_N,r_H,r_I,r_CO2,discard_win,discard_ref,gap_adj,r_CO2_gapadj,co2_shortfall_t,co2_shortfall_naive_t
"Baltimore, MD",2015126N27281,ANA,2015,194.6,-1,0,30,2,70,22.5,18.3429,1.11118,0.594629,1.22664,0.951345,1.60134,1.86869,0.0213001,0.0216197,0.999673,1.86808,-0.516551,-0.134764
"Jacksonville, FL",2015126N27281,ANA,2015,372,0,0,50,5,70,12.6,12.6143,0.832249,0.990671,0.998867,0.939906,0.89481,0.840085,0.0678311,0.0460903,1.02332,0.859679,0.158423,0.00112194
"New York, NY & NJ",2015126N27281,ANA,2015,175.3,-1,0,30,2,70,32.5,37.4857,1.91285,2.27849,0.866997,1.08659,0.891149,0.839527,0.0239053,0.0367954,0.986794,0.82844,0.365636,0.303046
"Philadelphia Regional Port, PA",2015126N27281,ANA,2015,164.9,-1,0,30,2,70,10,13.9714,0.398996,0.5681,0.715746,1.21199,0.809627,0.702335,0,0.0153833,0.984617,0.69153,0.169104,0.161484
"Port Everglades, FL",2015126N27281,ANA,2015,144.3,-3,0,25,1,70,21,18.3714,0.301206,0.527879,1.14308,1.17296,0.425568,0.570597,0.0149196,0.0208785,0.993951,0.567146,0.226673,-0.0755286
"Port of Charleston, SC",2015126N27281,ANA,2015,137.3,0,0,50,6,70,16.5,16.2714,1.2985,1.35405,1.01405,1.0004,0.945309,0.958973,0.039482,0.0515538,0.987432,0.946921,0.0555524,-0.0190209
"Port of Palm Beach District, FL",2015126N27281,ANA,2015,129,-3,0,28,1,70,7,5.02857,0.102612,0.0966217,1.39205,0.874244,0.872643,1.062,0.0279851,0.0242033,1.00389,1.06613,-0.00599011,-0.0378801
"Port of Savannah, GA",2015126N27281,ANA,2015,279.5,0,0,50,6,70,15.1667,15.8714,1.05371,1.29942,0.955596,1.05117,0.807276,0.810906,0.0166903,0.0269325,0.989584,0.80246,0.245712,0.0577
"PortMiami, FL",2015126N27281,ANA,2015,185.2,-3,0,25,1,70,20,18.7857,0.099994,0.251073,1.06464,0.989361,0.378109,0.398266,0.0106569,0.00963009,1.00104,0.39868,0.151079,-0.0162291
"South Jersey Port Corp, NJ",2015126N27281,ANA,2015,118.2,-1,0,30,2,70,7.5,13.7714,0.3621,0.403616,0.544606,1.3792,1.19441,0.89714,0.136616,0.0964641,1.04651,0.938863,0.0415158,0.183804
"Tampa Port Authority, FL",2015126N27281,ANA,2015,334.3,-3,0,25,1,70,10,10.8143,0.103358,0.347499,0.924703,0.903059,0.356183,0.297435,0,0.0101936,0.989806,0.294403,0.24414,0.0261657
"Virginia, VA, Port of",2015126N27281,ANA,2015,12.4,0,0,48,4,70,22.75,23.7857,1.05758,1.35979,0.956456,1.08357,0.75045,0.777754,0.0315071,0.0319266,0.999567,0.777417,0.302207,0.0592099
"Baltimore, MD",2015167N27266,BILL,2015,408.7,-3,0,15,1,70,24,17.0286,1.16796,0.330057,1.4094,0.879459,2.85489,3.53865,0.0100435,0.0291216,0.980728,3.47046,-0.8379,-0.135124
"Beaumont, TX",2015167N27266,BILL,2015,278.8,0,0,50,3,70,10,12.7714,0.99855,1.78296,0.782998,1.58503,0.451263,0.560053,0,0.00875993,0.99124,0.555147,0.784407,0.386906
"Corpus Christi, TX",2015167N27266,BILL,2015,89.7,0,0,50,2,70,15,17.8143,0.552745,0.850453,0.842021,1.28739,0.599574,0.649941,0,0.0193748,0.980625,0.637349,0.297709,0.134354
"Galveston, TX",2015167N27266,BILL,2015,176.2,0,0,50,2,70,12,10.1857,0.51923,0.844791,1.17812,1.05988,0.492228,0.614626,0.00717074,0.0540031,0.952829,0.585633,0.325561,-0.150475
"Greater Lafourche Port, LA",2015167N27266,BILL,2015,474.9,0,0,45,1,70,9,7.58571,0.788187,0.635664,1.18644,1.15953,0.901313,1.23994,0.0342271,0.0585088,0.974858,1.20877,-0.152523,-0.118514
"Houston Port Authority, TX",2015167N27266,BILL,2015,156.1,0,0,50,3,70,61,72.8857,3.69549,3.82849,0.836927,1.17006,0.985713,0.965262,0.00853387,0.00579851,1.00276,0.967925,0.132994,0.624324
"Lake Charles Harbor District, LA",2015167N27266,BILL,2015,319.1,0,0,50,2,70,6.5,8.45714,0.275249,0.452406,0.768581,1.60712,0.492562,0.608412,0.0378079,0.0410012,0.996681,0.606393,0.177157,0.104695
"Port Arthur, TX",2015167N27266,BILL,2015,283.8,0,0,50,2,70,6,7.1,0.251472,0.380865,0.84507,1.644,0.475253,0.660266,0,0.00320232,0.996798,0.658151,0.129393,0.0590072
"Port Freeport, TX",2015167N27266,BILL,2015,135.6,0,0,50,2,70,1,3.57143,0.0174937,0.105268,0.28,1.54732,0.383572,0.166183,0.508493,0.187499,1.65308,0.274714,0.087774,0.0757927
"Port of Greater Baton Rouge, LA",2015167N27266,BILL,2015,482.4,0,0,45,1,70,14,9.41429,0.23202,0.148037,1.4871,0.950951,1.1083,1.56731,0,0.0162582,0.983742,1.54183,-0.0839831,-0.072109
"Texas City, TX",2015167N27266,BILL,2015,193.7,0,0,50,2,70,3,8.21429,0.147685,0.494807,0.365217,0.941317,0.868187,0.29847,0,0.00704694,0.992953,0.296367,0.347122,0.314095
"Virginia, VA, Port of",2015167N27266,BILL,2015,490,-3,0,15,1,70,25,23.0143,0.250229,0.311547,1.08628,0.940112,0.786489,0.803184,0,0.0317423,0.968258,0.777689,0.0613176,-0.0268808
"Baltimore, MD",2015193N35285,CLAUDETTE,2015,457.2,-3,0,25,1,70,22,17.0143,1.02544,0.293521,1.29303,0.904852,2.98598,3.4936,0.0460007,0.0214351,1.02575,3.58356,-0.731924,-0.0860108
"South Jersey Port Corp, NJ",2015193N35285,CLAUDETTE,2015,466.1,-3,0,25,1,70,10,12.9857,0.124683,0.207958,0.770077,1.23827,0.628753,0.599557,0.0903613,0.098949,0.990559,0.593897,0.0832754,0.0478144
"Virginia, VA, Port of",2015193N35285,CLAUDETTE,2015,185.6,-1,0,30,2,70,21,23.9429,0.589987,0.619653,0.877088,0.968704,1.12062,0.952125,0.0589903,0.0255936,1.03549,0.985916,0.0296659,0.0761626
"San Juan, PR",2015237N14315,ERIKA,2015,115.1,0,0,45,2,70,7,9.14286,0.09008,0.548861,0.765625,0.861465,0.248836,0.164122,0,0.0381909,0.961809,0.157854,0.458781,0.128639
"Port Everglades, FL",2015313N22289,KATE,2015,425.2,0,1,55,2,70,11.5,17.3571,1.16568,1.42817,0.662551,2.19965,0.560049,0.816206,0.00195977,0.0152533,0.98668,0.805334,0.262489,0.481934
"Port of Palm Beach District, FL",2015313N22289,KATE,2015,419.4,0,1,55,2,70,6.5,5.14286,0.238817,0.27088,1.26389,0.935058,0.746003,0.881634,0.023528,0.0165831,1.00711,0.887904,0.032063,-0.0714822
"PortMiami, FL",2015313N22289,KATE,2015,438.5,0,1,53,2,70,11,15.4714,2.1225,0.762007,0.710988,1.24461,3.14769,2.7854,0.00429232,0.0122841,0.991974,2.76305,-1.36049,0.220229
"Baltimore, MD",2016148N27288,BONNIE,2016,461.4,-1,0,30,2,70,17,16.4714,1.17863,0.778234,1.03209,0.903123,1.62481,1.51449,0.0260698,0.0244726,1.00164,1.51697,-0.400394,-0.0249737
"Jacksonville, FL",2016148N27288,BONNIE,2016,228.4,0,0,40,4,70,12.5,12.6143,1.15683,1.13029,0.99094,0.975108,1.0592,1.02348,0.0413772,0.0407253,1.00068,1.02418,-0.0265383,0.0102405
"Philadelphia Regional Port, PA",2016148N27288,BONNIE,2016,496,-1,0,33,1,70,11,13.1714,0.566734,0.377033,0.835141,1.1481,1.56768,1.50314,0.0133949,0.00638823,1.0071,1.51381,-0.1897,0.0621574
"Port Everglades, FL",2016148N27288,BONNIE,2016,491,0,0,35,1,70,22,22.7714,1.38372,0.707385,0.966123,0.958339,2.11271,1.9561,0.0138893,0.0197564,0.99405,1.94447,-0.676334,0.0239641
"Port of Charleston, SC",2016148N27288,BONNIE,2016,9.2,0,0,40,6,70,14.6667,14.9571,2.13847,1.18546,0.980579,0.896865,2.05119,1.80392,0.036346,0.036762,0.999568,1.80314,-0.95301,0.0230223
"Port of Palm Beach District, FL",2016148N27288,BONNIE,2016,441.5,0,0,40,2,70,3,5.41429,0.279605,0.219751,0.55409,2.08724,1.10018,1.27237,0,0.0177091,0.982291,1.24984,-0.0598545,0.0979892
"Port of Savannah, GA",2016148N27288,BONNIE,2016,102.2,0,0,40,5,70,16.8,16.4714,1.31077,1.06518,1.01995,1.01826,1.18486,1.23057,0.0282254,0.0338853,0.994176,1.2234,-0.245595,-0.0212481
"South Jersey Port Corp, NJ",2016148N27288,BONNIE,2016,445.6,0,0,35,2,70,13.5,13.8,0.557206,0.466884,0.978261,0.977965,1.24746,1.19346,0.172259,0.0846795,1.1058,1.31973,-0.0903212,0.0101497
"Tampa Port Authority, FL",2016148N27288,BONNIE,2016,436.7,0,0,40,2,70,6.5,9.47143,1.06213,0.59028,0.686275,1.4973,1.75111,1.79936,0.0813903,0.0482237,1.03611,1.86433,-0.471848,0.185186
"Virginia, VA, Port of",2016148N27288,BONNIE,2016,203.9,0,0,35,5,70,25.4,21.7714,1.75007,1.7239,1.16667,0.93253,0.933112,1.01518,0.0302849,0.0248856,1.00557,1.02083,-0.0261696,-0.287316
"Baltimore, MD",2016158N22272,COLIN,2016,474.6,-4,0,50,1,70,23,16.9714,0.278413,0.412989,1.35522,0.985904,0.504554,0.674142,0.0168695,0.0238082,0.992942,0.669384,0.134575,-0.146701
"Greater Lafourche Port, LA",2016158N22272,COLIN,2016,405.3,0,0,45,1,70,2,2.91429,0.498294,0.523478,0.686275,1.43189,0.968677,0.951891,0.0296079,0.0521571,0.976763,0.929772,0.0251837,0.164228
"Jacksonville, FL",2016158N22272,COLIN,2016,58.3,0,0,45,2,70,11,12.4857,0.966095,0.526915,0.881007,1.33681,1.55679,1.83349,0.0300933,0.0399249,0.989863,1.81491,-0.43918,0.0626993
"Mobile, AL",2016158N22272,COLIN,2016,341,0,0,45,2,70,15,13.2,0.41898,0.449296,1.13636,1.04798,0.783054,0.932524,0.0173524,0.0093453,1.00815,0.940123,0.0303166,-0.0612677
"New Orleans, LA",2016158N22272,COLIN,2016,438.2,0,0,45,1,70,37,37.0857,1.45344,0.726442,0.997689,0.915332,2.1909,2.00076,0,0.00355749,0.996443,1.99364,-0.726994,0.00167899
"New York, NY & NJ",2016158N22272,COLIN,2016,459,-4,0,50,2,70,44,38.7,2.39465,3.61663,1.13695,0.949414,0.613398,0.662124,0.00928686,0.0299951,0.979098,0.648284,1.22197,-0.4953
"Philadelphia Regional Port, PA",2016158N22272,COLIN,2016,431.1,-4,0,50,2,70,15.5,13.5143,0.550137,0.773643,1.14693,0.976963,0.63462,0.711099,0,0.00608958,0.99391,0.706769,0.223506,-0.113675
"Plaquemines Port District, LA",2016158N22272,COLIN,2016,349.9,0,0,45,1,70,63,56.9286,2.2928,1.4229,1.10665,0.898749,1.62011,1.61136,0.0135468,0.0433382,0.969799,1.5627,-0.869903,-0.151752
"Port of Charleston, SC",2016158N22272,COLIN,2016,132.2,0,0,48,1,70,14,14.6571,0.184883,0.218959,0.955166,1.20043,0.73641,0.844375,0,0.0356979,0.964302,0.814232,0.0340755,0.00981688
"Port of Palm Beach District, FL",2016158N22272,COLIN,2016,459.2,0,0,45,1,70,7,5.34286,0.108278,0.112675,1.31016,0.840382,0.872793,0.960975,0.0289573,0.0184507,1.01082,0.971373,0.00439714,-0.0349475
"Port of Savannah, GA",2016158N22272,COLIN,2016,62.8,0,0,48,1,70,19,16.8286,0.190058,0.232963,1.12903,1.00863,0.716406,0.815828,0,0.0302601,0.96974,0.791141,0.0429052,-0.0300598
"South Jersey Port Corp, NJ",2016158N22272,COLIN,2016,387,-4,0,50,2,70,17,13.9857,0.465004,0.45549,1.21553,0.774747,1.08406,1.02089,0.161899,0.0824306,1.09482,1.11769,-0.0095145,-0.0981699
"South Louisiana, LA, Port of",2016158N22272,COLIN,2016,471.5,0,0,45,1,70,42,38.4571,0.58784,0.659603,1.09212,0.850548,0.959413,0.891203,0,0.00123374,0.998766,0.890104,0.0717628,-0.0607658
"Tampa Port Authority, FL",2016158N22272,COLIN,2016,243.3,0,0,45,2,70,8,9.55714,1.90504,0.625128,0.83707,1.39456,2.61058,3.04744,0,0.038973,0.961027,2.92867,-1.27991,0.101852
"Virginia, VA, Port of",2016158N22272,COLIN,2016,232.1,-4,0,50,1,70,23,22.0429,0.293312,0.332978,1.04342,0.961281,0.878222,0.880876,0.037345,0.0252395,1.01258,0.891953,0.0396658,-0.0144585
"New York, NY & NJ",2016240N31295,UNNAMED,2016,498.8,-1,-1,30,1,70,39,39.6143,1.33176,2.16185,0.984493,1.0027,0.624042,0.616026,0.0199396,0.0326901,0.98699,0.608012,0.830094,0.0335231
"Philadelphia Regional Port, PA",2016240N31295,UNNAMED,2016,490.2,-1,-1,30,2,70,9,13.8,0.508119,0.784355,0.652174,1.37731,0.721204,0.647818,0.0047631,0.00447624,1.00029,0.648005,0.276235,0.272819
"Port of Charleston, SC",2016240N31295,UNNAMED,2016,477.2,-1,-1,30,1,70,21,15.3429,0.352195,0.228028,1.36872,0.989275,1.14068,1.54452,0.0274754,0.0186541,1.00907,1.55853,-0.124167,-0.0840774
"South Jersey Port Corp, NJ",2016240N31295,UNNAMED,2016,447.9,-1,-1,30,2,70,13.5,13.6857,0.241539,0.432182,0.98643,0.995833,0.568941,0.558882,0.037299,0.083789,0.951709,0.531893,0.190644,0.00586469
"Virginia, VA, Port of",2016240N31295,UNNAMED,2016,284.5,-1,-1,30,4,70,17.25,21.1,1.13717,1.28347,0.817536,1.23288,0.879048,0.886012,0.017177,0.0229575,0.994118,0.880801,0.1463,0.234187
"Baltimore, MD",2016242N24279,HERMINE,2016,353.8,0,1,60,6,70,13.8333,17.9286,2.13034,3.29398,0.77158,1.16012,0.722515,0.64674,0.0318964,0.0210163,1.01124,0.654008,1.16363,0.752409
"Greater Lafourche Port, LA",2016242N24279,HERMINE,2016,475.7,1,1,65,1,70,4,2.54286,0.608923,0.55148,1.57303,0.7477,0.938787,1.10416,0.0442198,0.0506806,0.99324,1.0967,-0.0574431,-0.316017
"Jacksonville, FL",2016242N24279,HERMINE,2016,160.6,1,1,70,3,70,8.66667,12.0143,0.41952,0.849014,0.721363,1.2632,0.542266,0.494126,0.00291277,0.0319064,0.970922,0.479757,0.429494,0.236566
"Mobile, AL",2016242N24279,HERMINE,2016,368.4,1,1,70,2,70,11,12.8857,0.194976,0.328038,0.853659,1.08255,0.643166,0.59437,0.00628264,0.00742536,0.99885,0.593686,0.133062,0.0480056
"New Orleans, LA",2016242N24279,HERMINE,2016,498.2,0,1,63,1,70,27,39.7286,0.400171,0.785963,0.679612,1.19832,0.625187,0.509147,0.00757292,0.00255859,1.00505,0.51172,0.385792,0.251813
"New York, NY & NJ",2016242N24279,HERMINE,2016,199.2,-4,1,55,4,70,31.75,40.1,7.85083,8.79517,0.791771,1.11694,1.00935,0.89263,0.0639423,0.0335704,1.03245,0.921593,0.944338,1.83141
"Philadelphia Regional Port, PA",2016242N24279,HERMINE,2016,234.8,-4,1,60,6,70,11.1667,12.8143,1.07205,2.26934,0.871423,1.09797,0.493737,0.472407,0.0224989,0.00571917,1.01717,0.480516,1.19729,0.291785
"Plaquemines Port District, LA",2016242N24279,HERMINE,2016,413.9,1,1,70,3,70,62.6667,67.6143,4.28006,4.79472,0.926826,1.06718,0.90251,0.892662,0.0287886,0.037868,0.990651,0.884317,0.514657,0.350849
"Port Everglades, FL",2016242N24279,HERMINE,2016,278.3,-1,1,30,2,70,16.5,20.2714,2.53484,1.20152,0.813953,1.0299,2.51666,2.10969,0.018565,0.0203124,0.99822,2.10593,-1.33332,0.223539
"Port of Charleston, SC",2016242N24279,HERMINE,2016,15.5,1,1,65,2,70,13.5,15.3571,0.584485,0.45811,0.87907,1.15256,1.25926,1.27586,0.0247363,0.0180083,1.0069,1.28466,-0.126375,0.0553993
"Port of Palm Beach District, FL",2016242N24279,HERMINE,2016,334.1,1,1,70,6,70,6,5.44286,0.307748,0.422937,1.10236,0.675483,0.977193,0.727644,0.0204546,0.0214182,0.999016,0.726928,0.115189,-0.0432928
"Port of Savannah, GA",2016242N24279,HERMINE,2016,34.3,1,1,70,2,70,10,15.7143,0.189858,0.512678,0.636364,1.05802,0.550027,0.370326,0.0239999,0.0188075,1.00532,0.372296,0.32282,0.186428
"PortMiami, FL",2016242N24279,HERMINE,2016,220.9,-1,1,30,2,70,16.5,16.3286,1.59819,1.05759,1.0105,1.14391,1.30732,1.51116,0.021692,0.0108797,1.01105,1.52786,-0.540599,-0.0111033
"South Jersey Port Corp, NJ",2016242N24279,HERMINE,2016,214.6,0,1,60,6,70,13.1667,13.2571,1.13423,1.2532,0.993175,0.994151,0.916648,0.905067,0.0574973,0.0903096,0.965186,0.873558,0.118969,0.0085527
"Tampa Port Authority, FL",2016242N24279,HERMINE,2016,267.8,1,1,70,6,70,8.66667,10.4571,1.58759,2.23541,0.82878,1.09029,0.785956,0.7102,0,0.00571547,0.994285,0.706141,0.647823,0.382748
"Virginia, VA, Port of",2016242N24279,HERMINE,2016,142.2,0,1,60,6,70,17.3333,21.1714,1.75266,2.08089,0.818713,1.12117,0.91758,0.842265,0.0411287,0.0217708,1.02019,0.859269,0.328229,0.377237
"Baltimore, MD",2016257N27280,JULIA,2016,422.4,-4,0,25,2,70,20,17.1429,1.22106,1.09044,1.16667,1.07854,0.889928,1.11979,0.0317107,0.019096,1.01303,1.13438,-0.130625,-0.18174
"Jacksonville, FL",2016257N27280,JULIA,2016,18.5,0,0,45,7,70,12,12,1.93013,2.06502,1,1.04393,0.895344,0.934675,0.0218241,0.0356251,0.985891,0.921488,0.134898,0
"Port Everglades, FL",2016257N27280,JULIA,2016,130.2,0,0,45,2,70,19.5,21.0429,0.471644,1.50693,0.92668,0.975224,0.346327,0.312983,0.0300871,0.0178426,1.01262,0.316934,1.03529,0.110488
"Port of Charleston, SC",2016257N27280,JULIA,2016,125,0,0,45,9,70,16.5556,15.7429,2.26166,2.47714,1.05162,1.0305,0.842501,0.913015,0.0141119,0.0193392,0.994698,0.908174,0.215473,-0.127878
"Port of Palm Beach District, FL",2016257N27280,JULIA,2016,73.7,0,0,45,2,70,6.5,5.82857,0.111752,0.164086,1.1152,0.638199,0.956925,0.68106,0.0523593,0.016489,1.03785,0.70684,0.0523335,-0.0189021
"Port of Savannah, GA",2016257N27280,JULIA,2016,51.9,0,0,45,8,70,17.25,16.2857,2.20808,2.02675,1.05921,0.986794,1.04233,1.08947,0.026614,0.0159255,1.01098,1.10143,-0.18133,-0.120005
"PortMiami, FL",2016257N27280,JULIA,2016,190.3,0,0,45,2,70,18.5,16.6857,0.217936,1.16678,1.10873,0.862789,0.195258,0.186785,0.00593287,0.0112276,0.994674,0.18579,0.948842,-0.126867
"South Jersey Port Corp, NJ",2016257N27280,JULIA,2016,467.1,-4,0,25,2,70,21,12.8714,0.712913,0.407368,1.63152,0.785335,1.36585,1.75005,0.102918,0.0784881,1.02723,1.79771,-0.305545,-0.257261
"Tampa Port Authority, FL",2016257N27280,JULIA,2016,147.6,0,0,45,3,70,12.6667,10.0857,0.599034,1.10391,1.2559,0.910768,0.474411,0.542648,0.00880049,0.00459802,1.00424,0.544949,0.504874,-0.282492
"Virginia, VA, Port of",2016257N27280,JULIA,2016,145.6,-3,0,30,3,70,20,19.7,1.3052,1.05441,1.01523,1.14828,1.06183,1.23785,0.0154844,0.0229229,0.992445,1.2285,-0.250791,-0.016057
"Jacksonville, FL",2016273N13300,MATTHEW,2016,93.5,4,5,115,2,70,3,12.3143,0.121784,0.605057,0.243619,3.5421,0.233249,0.201277,0,0.0432391,0.956761,0.192574,0.483273,0.457653
"Port Everglades, FL",2016273N13300,MATTHEW,2016,156.8,4,5,120,2,70,6.5,19.5857,0.399042,2.02657,0.331875,3.00636,0.197352,0.196905,0.00265487,0.0221211,0.980482,0.193062,1.62753,1.354
"Port of Charleston, SC",2016273N13300,MATTHEW,2016,50.1,3,5,105,3,70,3.33333,16.2571,0.348341,0.994996,0.205038,2.63151,0.648849,0.350093,0.00597219,0.0280101,0.97783,0.342331,0.646655,0.790984
"Port of Palm Beach District, FL",2016273N13300,MATTHEW,2016,122.2,4,5,120,3,70,2,6.44286,0.196648,0.338223,0.310421,2.24474,0.834393,0.581417,0.00653067,0.0126709,0.993819,0.577824,0.141574,0.233231
"Port of Savannah, GA",2016273N13300,MATTHEW,2016,58.7,3,5,108,3,70,1,16.6429,0.0653516,0.735111,0.0600858,7.55092,0.195944,0.0889003,0,0.0210719,0.978928,0.087027,0.669759,0.690941
"PortMiami, FL",2016273N13300,MATTHEW,2016,191.5,4,5,120,2,70,10,18.5714,0.533001,1.56999,0.538462,1.19739,0.52655,0.339493,0,0.016674,0.983326,0.333832,1.03699,0.724612
"San Juan, PR",2016273N13300,MATTHEW,2016,469.7,1,5,68,1,70,7,8.97143,0.0977561,0.624216,0.780255,1.18347,0.169596,0.156606,0.0321197,0.0201242,1.01239,0.158547,0.52646,0.137169
"Tampa Port Authority, FL",2016273N13300,MATTHEW,2016,228.7,4,5,120,3,70,9,10.9571,1.27269,1.22203,0.821382,1.15598,1.09685,1.04146,0,0.00677303,0.993227,1.03441,-0.0506671,0.218276
"Virginia, VA, Port of",2016273N13300,MATTHEW,2016,240,1,5,70,2,70,15,19.7571,0.735528,0.671929,0.759219,1.49129,0.966821,1.09465,0.0140302,0.0238089,0.990082,1.08379,-0.0635983,0.161788
"Baltimore, MD",2017171N24271,CINDY,2017,172.6,-3,0,25,1,70,11,15.9857,0.561546,0.551661,0.688114,0.988762,1.4961,1.01792,0,0.0188859,0.981114,0.998694,-0.00988456,0.172055
"Beaumont, TX",2017171N24271,CINDY,2017,42.3,0,0,50,3,70,10.6667,14.7571,0.977556,1.07824,0.722814,1.05119,1.19321,0.906622,0,0.000715055,0.999285,0.905974,0.100683,0.298873
"Corpus Christi, TX",2017171N24271,CINDY,2017,404.9,0,0,48,2,70,14,18.6143,0.754474,0.928361,0.752111,1.19518,0.904094,0.812694,0.0234604,0.0225587,1.00092,0.813444,0.173888,0.230131
"Galveston, TX",2017171N24271,CINDY,2017,123.1,0,0,50,3,70,7.33333,11.2143,1.38399,2.68,0.653928,1.75561,0.44982,0.516412,0.0170022,0.059757,0.956506,0.493951,1.29602,0.927474
"Greater Lafourche Port, LA",2017171N24271,CINDY,2017,296.6,0,0,50,3,70,2,2.07143,1.9832,1.49101,0.965517,1.59505,0.863677,1.33011,0.0255689,0.0448238,0.98024,1.30383,-0.492194,0.051414
"Houston Port Authority, TX",2017171N24271,CINDY,2017,160.9,0,0,50,3,70,62.6667,72,3.28604,4.28002,0.87037,1.01944,0.865293,0.767764,0.00293185,0.00127213,1.00166,0.769042,0.993972,0.554817
"Lake Charles Harbor District, LA",2017171N24271,CINDY,2017,41.1,0,0,50,3,70,7.33333,8.98571,0.677132,0.660164,0.81611,1.55737,0.807014,1.0257,0.0140233,0.0459477,0.967621,0.992492,-0.0169677,0.121397
"New Orleans, LA",2017171N24271,CINDY,2017,354.3,0,0,50,4,70,41,43.6429,2.194,3.78093,0.939444,1.01988,0.605642,0.58028,0.00337652,0.000564251,1.00282,0.581917,1.58693,0.22896
"New York, NY & NJ",2017171N24271,CINDY,2017,430.9,-3,0,25,1,70,25,36.9571,1.16012,1.91425,0.676459,0.855484,1.04725,0.606043,0.015529,0.0255407,0.98983,0.599879,0.754134,0.619339
"Philadelphia Regional Port, PA",2017171N24271,CINDY,2017,324.9,-3,0,25,1,70,8,12.1143,0.17898,0.3671,0.660377,0.776795,0.950435,0.487552,0,0.0072363,0.992764,0.484024,0.188119,0.124675
"Plaquemines Port District, LA",2017171N24271,CINDY,2017,347,0,0,50,3,70,50,65.3571,3.6465,5.42761,0.765027,1.50521,0.583435,0.671842,0.0188998,0.0427303,0.97571,0.655523,1.78111,1.27534
"Port Arthur, TX",2017171N24271,CINDY,2017,24.9,0,0,50,3,70,7.33333,7.32857,0.469436,0.591469,1.00065,1.11633,0.710512,0.793678,0,0.00356858,0.996431,0.790846,0.122033,-0.000384321
"Port Freeport, TX",2017171N24271,CINDY,2017,186.2,0,0,50,3,70,3.66667,5.91429,0.221537,0.584492,0.619968,1.33354,0.458451,0.379025,0,0.0130013,0.986999,0.374097,0.362955,0.222126
"Port of Greater Baton Rouge, LA",2017171N24271,CINDY,2017,239.6,0,0,50,3,70,15.6667,12.8857,0.585804,0.658672,1.21582,0.915511,0.799007,0.88937,0.00927224,0.000400558,1.00895,0.897334,0.0728688,-0.142153
"South Jersey Port Corp, NJ",2017171N24271,CINDY,2017,315.5,-3,0,25,1,70,7,13.3571,0.0888569,0.233759,0.524064,0.908077,0.798759,0.380122,0,0.0766584,0.923342,0.350982,0.144902,0.111254
"South Louisiana, LA, Port of",2017171N24271,CINDY,2017,306.5,0,0,50,4,70,51.25,45.8,3.15071,3.24203,1.119,0.93513,0.928733,0.971833,0.00361153,0.00161752,1.002,0.973777,0.0913198,-0.385787
"Texas City, TX",2017171N24271,CINDY,2017,121.9,0,0,50,3,70,7.33333,7.28571,0.6263,0.708879,1.00654,0.840121,1.04481,0.883506,0,0.0149255,0.985074,0.87032,0.0825799,-0.0046332
"Virginia, VA, Port of",2017171N24271,CINDY,2017,293.6,-3,0,25,1,70,25,25.7143,0.222029,0.435627,0.972222,0.622284,0.842445,0.509678,0.0171173,0.0211842,0.995862,0.507569,0.213598,0.0121008
"Greater Lafourche Port, LA",2017212N28275,EMILY,2017,482.5,-1,0,30,1,68,3,1.85294,0.461918,0.511152,1.61905,0.550903,1.01316,0.903679,0.0507175,0.0427149,1.00843,0.911297,0.0492345,-0.316428
"Jacksonville, FL",2017212N28275,EMILY,2017,277.2,0,0,50,4,68,9.75,10.2353,0.489329,1.04442,0.952586,1.00087,0.491411,0.46852,0.0245471,0.0343828,0.989917,0.463796,0.555086,0.0495197
"Mobile, AL",2017212N28275,EMILY,2017,363.1,0,0,38,2,68,12,12.1912,0.227707,0.264106,0.984318,1.04202,0.840596,0.862179,0,0.0117422,0.988258,0.852056,0.0363992,0.00414159
"New Orleans, LA",2017212N28275,EMILY,2017,484,-1,0,30,1,68,44,41.1029,1.58976,1.12432,1.07048,1.04267,1.26682,1.41397,0,0.00253259,0.997467,1.41039,-0.46544,-0.0792457
"Plaquemines Port District, LA",2017212N28275,EMILY,2017,412.1,-1,0,33,1,68,75,62.5882,2.43984,2.01823,1.19831,1.09444,0.921791,1.2089,0.0459588,0.0473449,0.998547,1.20715,-0.421615,-0.400231
"Port Everglades, FL",2017212N28275,EMILY,2017,164.6,0,0,50,2,68,13.5,18.3676,0.361993,1.52194,0.734988,1.09626,0.295195,0.23785,0,0.0140559,0.985944,0.234507,1.15994,0.403332
"Port of Charleston, SC",2017212N28275,EMILY,2017,316.5,-1,0,30,2,68,15,14.6471,0.728309,0.488481,1.0241,1.02579,1.41928,1.49097,0.0356064,0.0278076,1.00809,1.50302,-0.239827,-0.0117706
"Port of Palm Beach District, FL",2017212N28275,EMILY,2017,105.6,0,0,50,3,68,5.66667,4.5,0.193728,0.225275,1.25926,0.779477,0.876114,0.859962,0.0177637,0.0214612,0.996236,0.856725,0.031547,-0.0584046
"Port of Savannah, GA",2017212N28275,EMILY,2017,326.3,-1,0,30,2,68,16,14.8235,0.371259,0.519989,1.07937,0.884252,0.748063,0.713975,0,0.0217913,0.978209,0.698417,0.14873,-0.041269
"PortMiami, FL",2017212N28275,EMILY,2017,223.3,0,0,50,2,68,12,16.2353,0.575737,1.49753,0.73913,1.24818,0.416725,0.384457,0.0111553,0.0154019,0.995705,0.382806,0.921795,0.390661
"Tampa Port Authority, FL",2017212N28275,EMILY,2017,47.5,0,0,50,3,68,11.6667,10,1.31848,1.1954,1.16667,0.874374,1.08122,1.10296,0,0.00691355,0.993086,1.09533,-0.123077,-0.199234
"San Juan, PR",2017224N22293,GERT,2017,448.8,-3,2,25,1,70,11,5.8,1.23433,0.374246,1.89655,0.586462,2.96529,3.29816,0,0.154803,0.845197,2.7876,-0.860079,-0.335531
"Beaumont, TX",2017228N14314,HARVEY,2017,63.9,4,4,115,7,70,12.4286,15.7857,2.62586,3.08995,0.78733,1.21727,0.886702,0.849809,0,0.00305412,0.996946,0.847213,0.464082,0.657138
"Corpus Christi, TX",2017228N14314,HARVEY,2017,57.3,4,4,115,7,70,1.28571,17.9714,0.488685,3.39151,0.0715421,8.36953,0.240643,0.144091,0.0285823,0.0148574,1.01413,0.146126,2.90283,3.14888
"Galveston, TX",2017228N14314,HARVEY,2017,103,4,4,115,7,70,2,11.3286,0.495984,6.31043,0.176545,2.84806,0.156317,0.0785975,0.0190881,0.0531565,0.965269,0.0758677,5.81445,5.19636
"Greater Lafourche Port, LA",2017228N14314,HARVEY,2017,309.6,0,4,45,3,70,2,2.14286,1.90271,1.54247,0.933333,1.50595,0.877621,1.23354,0.0337998,0.0482581,0.985036,1.21508,-0.360233,0.102832
"Houston Port Authority, TX",2017228N14314,HARVEY,2017,165.9,4,4,115,7,70,12.4286,77.8,1.34555,11.8714,0.15975,1.21797,0.582531,0.113344,0.0227003,0.000882862,1.02232,0.115874,10.5258,9.97492
"Lake Charles Harbor District, LA",2017228N14314,HARVEY,2017,19.2,4,4,115,7,70,5.42857,10.2,1.01807,1.747,0.532213,2.46675,0.443889,0.582752,0.0291912,0.0454531,0.983249,0.57299,0.728933,0.817225
"Mobile, AL",2017228N14314,HARVEY,2017,397.1,0,4,38,3,70,13,12.9857,0.786504,0.512607,1.0011,0.953195,1.60789,1.53432,0.0157076,0.00949277,1.00631,1.54401,-0.273897,-0.000563924
"New Orleans, LA",2017228N14314,HARVEY,2017,283.3,0,4,45,4,70,34.75,40.8714,10.7177,4.07914,0.850227,1.04257,2.9641,2.62744,0.00481289,0.00169272,1.00314,2.63568,-6.63857,0.610944
"Plaquemines Port District, LA",2017228N14314,HARVEY,2017,367.4,0,4,45,3,70,63,72.7143,9.6865,5.62296,0.866405,1.04374,1.90497,1.72267,0.0275332,0.0349598,0.992363,1.70951,-4.06355,0.7512
"Port Arthur, TX",2017228N14314,HARVEY,2017,41.7,4,4,115,7,70,5.57143,7.24286,1.54459,1.43208,0.769231,1.26633,1.10724,1.07857,0,0.00309826,0.996902,1.07522,-0.112511,0.33048
"Port Freeport, TX",2017228N14314,HARVEY,2017,90.9,4,4,115,7,70,0.571429,6,0.290614,0.937993,0.0952381,1.67797,1.93876,0.309825,0.116291,0.0306448,1.09692,0.339853,0.647379,0.848661
"Port of Greater Baton Rouge, LA",2017228N14314,HARVEY,2017,156,0,4,45,5,70,16.2,15.1714,1.23718,1.41309,1.0678,0.957316,0.856487,0.875517,0.00391273,0.000590549,1.00334,0.878438,0.175905,-0.0958026
"South Louisiana, LA, Port of",2017228N14314,HARVEY,2017,245.6,0,4,45,4,70,53.5,51.4429,2.94984,3.55593,1.03999,1.06143,0.751495,0.829554,0.00371654,0.00335439,1.00036,0.829855,0.606095,-0.142198
"Texas City, TX",2017228N14314,HARVEY,2017,120.3,4,4,115,7,70,1.14286,7.6,0.237471,1.77417,0.150376,2.3279,0.382361,0.133849,0,0.0204028,0.979597,0.131118,1.53669,1.50737
"Baltimore, MD",2017240N31279,UNNAMED,2017,455.2,-4,-3,40,1,70,21,16.9857,0.523246,0.621687,1.23633,0.862103,0.789659,0.841655,0,0.0187354,0.981265,0.825887,0.0984408,-0.146925
"Jacksonville, FL",2017240N31279,UNNAMED,2017,100.5,-3,-3,35,3,70,9,10.6857,0.621546,0.865135,0.842246,1.20392,0.70852,0.718438,0.0121,0.0294475,0.98244,0.705822,0.24359,0.136479
"Port of Charleston, SC",2017240N31279,UNNAMED,2017,68.7,-3,-3,40,3,70,12,14.6714,0.818488,0.770508,0.817916,1.14279,1.13648,1.06227,0.0256394,0.022746,1.00297,1.06542,-0.0479792,0.140297
"Port of Palm Beach District, FL",2017240N31279,UNNAMED,2017,446.3,-3,-3,35,2,70,4,5,0.135036,0.150634,0.8,1.38513,0.808992,0.896448,0.0104132,0.0291644,0.981052,0.879462,0.0155984,0.0301268
"Port of Savannah, GA",2017240N31279,UNNAMED,2017,93.2,-3,-3,38,3,70,12.3333,15.9571,0.842632,0.696967,0.772904,1.11916,1.39768,1.209,0.0170666,0.0215119,0.995478,1.20353,-0.145665,0.158279
"South Jersey Port Corp, NJ",2017240N31279,UNNAMED,2017,468.6,-4,-3,40,1,70,19,13.2286,0.188661,0.23081,1.43629,0.618921,0.919501,0.817388,0,0.0653919,0.934608,0.763937,0.0421487,-0.100699
"Tampa Port Authority, FL",2017240N31279,UNNAMED,2017,349.2,-3,-3,35,2,70,9,10.9,1.31713,0.839574,0.825688,0.845985,2.24591,1.56881,0.142714,0.0105869,1.15412,1.8106,-0.477559,0.146348
"Virginia, VA, Port of",2017240N31279,UNNAMED,2017,181.8,-3,-3,40,1,70,29,27.8429,0.433076,0.421621,1.04156,1.09205,0.90306,1.02717,0,0.0195069,0.980493,1.00713,-0.0114546,-0.0175225
"Jacksonville, FL",2017242N16333,IRMA,2017,129.4,3,5,100,3,70,2,9.95714,0.100663,0.907979,0.200861,3.40022,0.162328,0.110865,0,0.0354884,0.964512,0.106931,0.807316,0.725602
"Mobile, AL",2017242N16333,IRMA,2017,338.4,0,5,48,2,70,9.5,12.7857,0.285831,0.35416,0.743017,1.1482,0.946009,0.807067,0,0.00791791,0.992082,0.800677,0.0683292,0.0910132
"Port Everglades, FL",2017242N16333,IRMA,2017,124.3,4,5,130,3,70,0.333333,20.0714,0.22902,2.55393,0.0166074,30.7998,0.175314,0.0896736,0,0.016161,0.983839,0.0882244,2.32491,2.51151
"Port of Charleston, SC",2017242N16333,IRMA,2017,403.1,0,5,50,2,70,6,14.6143,0.18631,0.481593,0.410557,1.48941,0.632657,0.386862,0.0132591,0.0257748,0.987316,0.381955,0.295283,0.283872
"Port of Palm Beach District, FL",2017242N16333,IRMA,2017,120.5,4,5,120,3,70,0,5.31429,0.0529374,0.322953,0,,0.640825,0.163917,0,0.0254707,0.974529,0.159742,0.270016,0.322953
"Port of Savannah, GA",2017242N16333,IRMA,2017,261.8,1,5,65,2,70,0.5,15.9286,0.0287704,0.473886,0.0313901,10.1095,0.191315,0.0607117,0,0.0211141,0.978886,0.0594298,0.445116,0.459011
"PortMiami, FL",2017242N16333,IRMA,2017,120.5,5,5,145,3,70,9.33333,17.2143,0.199396,2.11744,0.542185,1.10075,0.157786,0.0941686,0,0.0174642,0.982536,0.092524,1.91804,0.969394
"San Juan, PR",2017242N16333,IRMA,2017,87.6,5,5,155,2,70,1,5.37143,0.0157564,0.633139,0.18617,3.1223,0.0428126,0.0248861,0.521838,0.355972,1.34688,0.0335187,0.617383,0.515268
"Tampa Port Authority, FL",2017242N16333,IRMA,2017,35.7,4,5,115,3,70,2,9.81429,0.118352,1.17993,0.203785,1.90186,0.258802,0.100304,0,0.0164834,0.983517,0.0986503,1.06158,0.939481
"New York, NY & NJ",2017247N09327,JOSE,2017,396.5,0,4,60,7,70,37.1429,35.2857,26.0292,16.651,1.05263,1.05883,1.40255,1.56322,0.0143708,0.0221929,0.992064,1.55081,-9.37813,-0.87637
"Philadelphia Regional Port, PA",2017247N09327,JOSE,2017,423.1,0,4,60,5,70,11.6,12.0714,1.02262,1.81328,0.960947,1.11544,0.526138,0.563958,0,0.00391382,0.996086,0.561751,0.790668,0.0708146
"San Juan, PR",2017247N09327,JOSE,2017,296.3,4,4,120,2,70,6,5.41429,0.546033,0.618403,1.10818,0.465762,1.7107,0.882974,0.646252,0.364281,1.7971,1.58679,0.0723693,-0.0668985
"South Jersey Port Corp, NJ",2017247N09327,JOSE,2017,393.7,0,4,63,5,70,13.2,13.0429,0.881521,1.17212,1.01205,0.851225,0.872998,0.752071,0.0719897,0.0685713,1.00368,0.754841,0.290603,-0.014122
"Virginia, VA, Port of",2017247N09327,JOSE,2017,418.4,1,4,65,2,70,29,27.2143,0.823335,0.937503,1.06562,1.07676,0.765389,0.878221,0.00981734,0.0247408,0.984929,0.864985,0.114168,-0.0615159
"Baltimore, MD",2017260N12310,MARIA,2017,495.7,1,5,65,2,70,14,16.5286,2.30801,1.19832,0.847018,1.23738,1.83767,1.92604,0.0149963,0.0173591,0.997601,1.92142,-1.10969,0.183321
"New York, NY & NJ",2017260N12310,MARIA,2017,483.3,1,5,65,1,70,42,35.6,2.61756,2.38425,1.17978,1.01937,0.912878,1.09786,0.0110546,0.0230493,0.987871,1.08454,-0.233311,-0.428628
"Philadelphia Regional Port, PA",2017260N12310,MARIA,2017,454.7,1,5,65,2,70,15.5,12.1714,0.971625,0.680709,1.27347,0.693165,1.617,1.42737,0,0.00266679,0.997333,1.42357,-0.290916,-0.186156
"San Juan, PR",2017260N12310,MARIA,2017,28.4,5,5,150,4,70,1.25,6.07143,0.0225858,1.18929,0.205882,1.05197,0.0876851,0.018991,0.361968,0.478699,0.817046,0.0155165,1.16671,0.944437
"South Jersey Port Corp, NJ",2017260N12310,MARIA,2017,410.3,1,5,65,2,70,12.5,12.9714,0.272751,0.457831,0.963656,1.14919,0.537958,0.595746,0.071616,0.0756236,0.995683,0.593174,0.18508,0.0166392
"Virginia, VA, Port of",2017260N12310,MARIA,2017,347.9,1,5,65,3,70,31.3333,26.9143,1.39528,1.42608,1.16419,1.02671,0.818555,0.978404,0.0135245,0.0232165,0.990175,0.968791,0.0307976,-0.234147
"Baltimore, MD",2017277N11279,NATE,2017,369.7,-4,1,25,1,70,21,16.7429,0.475276,0.630564,1.25427,0.821615,0.731407,0.753732,0.0216571,0.0189035,1.00281,0.755854,0.155287,-0.160331
"Beaumont, TX",2017277N11279,NATE,2017,475.9,1,1,75,1,70,16,15.3,0.478115,0.443476,1.04575,0.743578,1.38646,1.07811,0.14004,0.000580425,1.16217,1.25295,-0.0346395,-0.0202897
"Greater Lafourche Port, LA",2017277N11279,NATE,2017,104.1,1,1,80,2,70,0.5,2.12857,1.02624,1.02014,0.234899,4.91898,0.870629,1.00598,0.027105,0.0483053,0.978209,0.98406,-0.0061014,0.780508
"Lake Charles Harbor District, LA",2017277N11279,NATE,2017,395.8,1,1,78,2,70,10.5,12.0143,0.440492,0.524273,0.87396,1.53365,0.62685,0.840195,0.083717,0.0424333,1.04506,0.878051,0.0837813,0.0660797
"Mobile, AL",2017277N11279,NATE,2017,70.4,1,1,80,2,70,4,12.7429,0.242702,0.325998,0.313901,1.85098,1.28134,0.74449,0,0.0079353,0.992065,0.738582,0.0832958,0.223667
"New Orleans, LA",2017277N11279,NATE,2017,80.1,1,1,80,2,70,29.5,36.1429,0.701834,2.51059,0.816206,1.3201,0.25945,0.27955,0,0.00220505,0.997795,0.278934,1.80875,0.461432
"New York, NY & NJ",2017277N11279,NATE,2017,325.7,-4,1,25,2,70,33,36.3857,3.64189,4.95306,0.906949,0.962435,0.842362,0.735281,0.0206403,0.0230066,0.997584,0.733504,1.31117,0.460885
"Philadelphia Regional Port, PA",2017277N11279,NATE,2017,356.4,-4,1,25,1,70,16,11.6143,0.350798,0.318603,1.37761,0.709195,1.12698,1.10105,0,0.00288321,0.997117,1.09788,-0.0321956,-0.120309
"Plaquemines Port District, LA",2017277N11279,NATE,2017,41.6,1,1,80,2,70,42,71.7571,2.22915,4.62459,0.585308,1.43126,0.575393,0.482021,0.0046694,0.0372701,0.967246,0.466233,2.39544,1.91778
"Port Arthur, TX",2017277N11279,NATE,2017,456.1,1,1,78,2,70,8.5,7.55714,0.559854,0.439273,1.12476,0.936175,1.21038,1.2745,0.0179789,0.00223681,1.01603,1.29493,-0.120582,-0.0548053
"Port of Greater Baton Rouge, LA",2017277N11279,NATE,2017,210.9,1,1,80,2,70,15,15.5714,0.510725,0.63141,0.963303,1.25676,0.66813,0.808864,0,0.0026016,0.997398,0.80676,0.120685,0.023171
"South Jersey Port Corp, NJ",2017277N11279,NATE,2017,406.1,-4,1,25,1,70,13,11.8714,0.189893,0.221223,1.09507,1.07763,0.727386,0.858374,0.030877,0.0908465,0.93812,0.805258,0.031331,-0.0210309
"South Louisiana, LA, Port of",2017277N11279,NATE,2017,126.7,1,1,80,2,70,47.5,54.8714,1.39862,1.6914,0.86566,1.15988,0.823559,0.826902,0,0.00210334,0.997897,0.825163,0.292777,0.227222
"Port Everglades, FL",2017301N18276,PHILIPPE,2017,391.2,0,0,35,2,70,20.5,21.2429,4.12122,3.00455,0.96503,1.36448,1.04169,1.37166,0.0131567,0.00932935,1.00388,1.37698,-1.11667,0.105068
"Port of Palm Beach District, FL",2017301N18276,PHILIPPE,2017,449.5,-1,0,30,1,70,3,5.88571,0.153829,0.146277,0.509709,2.61857,0.787905,1.05163,0.00958821,0.0154448,0.994087,1.04541,-0.00755167,0.0717185
"PortMiami, FL",2017301N18276,PHILIPPE,2017,331.3,0,0,35,2,70,18,18.8143,4.17658,2.00764,0.95672,1.04797,2.07492,2.08034,0,0.0084604,0.99154,2.06274,-2.16894,0.0868911
"Greater Lafourche Port, LA",2018146N19273,ALBERTO,2018,416.2,0,0,55,3,70,2.33333,1.92857,1.7402,1.45431,1.20988,1.03592,0.954716,1.19658,0.0400216,0.0487162,0.990943,1.18574,-0.28589,-0.305227
"Jacksonville, FL",2018146N19273,ALBERTO,2018,412.3,0,0,55,3,70,11.6667,11.0714,1.35924,1.36091,1.05376,0.952032,0.995576,0.998778,0.0320977,0.0295858,1.0026,1.00137,0.00166251,-0.073167
"Mobile, AL",2018146N19273,ALBERTO,2018,190,0,0,55,3,70,7.33333,11.1286,0.374213,0.317899,0.658964,1.17189,1.52433,1.17714,0,0.010517,0.989483,1.16476,-0.056314,0.108415
"New Orleans, LA",2018146N19273,ALBERTO,2018,384,0,0,55,2,70,33.5,38.0286,1.04196,1.82329,0.880917,1.03624,0.626034,0.57147,0.00465398,0.00122944,1.00344,0.573436,0.781335,0.217124
"Plaquemines Port District, LA",2018146N19273,ALBERTO,2018,344.5,0,0,55,3,70,53,64.3143,4.98167,5.28622,0.824078,1.04572,1.09357,0.942387,0.0208458,0.0385124,0.981957,0.925384,0.304554,0.929962
"Port Everglades, FL",2018146N19273,ALBERTO,2018,386.2,-2,0,45,1,70,16,22.1286,1.18863,0.887259,0.723047,1.33369,1.38924,1.33966,0.011324,0.0137552,0.997541,1.33637,-0.30137,0.245729
"Port of Greater Baton Rouge, LA",2018146N19273,ALBERTO,2018,475.3,-1,0,30,1,70,13,14.6571,0.248548,0.223207,0.88694,1.08612,1.15592,1.11353,0,0.00847981,0.99152,1.10409,-0.0253407,0.0252359
"Port of Palm Beach District, FL",2018146N19273,ALBERTO,2018,388.4,-2,0,45,1,70,4,5.7,0.095919,0.127989,0.701754,1.2916,0.826835,0.74943,0,0.0179014,0.982099,0.736015,0.0320702,0.0381722
"Port of Savannah, GA",2018146N19273,ALBERTO,2018,490.2,-1,0,30,1,70,22,15.0286,0.364287,0.231169,1.46388,0.890575,1.20876,1.57585,0,0.0155557,0.984444,1.55134,-0.133119,-0.107234
"PortMiami, FL",2018146N19273,ALBERTO,2018,381.4,-2,0,45,1,70,14,15.4,1.02131,0.797342,0.909091,1.19206,1.18198,1.2809,0,0.0142237,0.985776,1.26268,-0.223972,0.0724857
"South Louisiana, LA, Port of",2018146N19273,ALBERTO,2018,427.2,0,0,55,2,70,43.5,50.7,1.55379,1.72129,0.857988,0.973702,1.08051,0.902686,0.00184437,0.00128171,1.00056,0.903195,0.167505,0.244444
"Tampa Port Authority, FL",2018146N19273,ALBERTO,2018,235.6,0,0,55,3,70,13.3333,10.5857,3.66768,1.5366,1.25956,1.13874,1.66413,2.38688,0.00477524,0.0133399,0.991394,2.36634,-2.13108,-0.398838
"San Juan, PR",2018186N10325,BERYL,2018,180.9,-3,1,35,2,70,7.5,7.01429,1.29438,1.13359,1.06925,1.0319,1.03488,1.14184,0,0.0579896,0.94201,1.07563,-0.16079,-0.0784967
"Port of Charleston, SC",2018186N31292,CHRIS,2018,432.1,0,2,43,2,70,17,17.6714,0.422482,0.545921,0.962005,1.0367,0.775975,0.773889,0.0185733,0.0186252,0.999947,0.773848,0.123439,0.0207423
"Virginia, VA, Port of",2018186N31292,CHRIS,2018,430,0,2,43,2,70,32.5,28.1714,0.728768,0.851983,1.15365,0.939283,0.789382,0.855378,0.0137426,0.0185281,0.995148,0.851228,0.123215,-0.130908
"Baltimore, MD",2018242N13343,FLORENCE,2018,212,-4,4,25,2,70,22.5,17.1857,2.63492,1.19435,1.30923,0.90607,1.85977,2.20615,0.0250407,0.0161267,1.00914,2.22632,-1.44056,-0.369325
"Jacksonville, FL",2018242N13343,FLORENCE,2018,363.1,0,4,63,3,70,11.6667,12.9714,0.826244,1.42863,0.899413,1.15197,0.5582,0.578347,0.00849352,0.0267298,0.981607,0.56771,0.602385,0.143702
"New York, NY & NJ",2018242N13343,FLORENCE,2018,155.5,-4,4,25,1,70,37,37.0429,1.27106,2.68042,0.998843,1.00591,0.471961,0.474201,0.0206452,0.0267421,0.993775,0.471249,1.40936,0.00310115
"Philadelphia Regional Port, PA",2018242N13343,FLORENCE,2018,205.5,-4,4,25,1,70,12,11.8286,0.298499,1.15282,1.01449,0.962672,0.265126,0.258929,0,0.00782651,0.992173,0.256902,0.854323,-0.0167076
"Port of Charleston, SC",2018242N13343,FLORENCE,2018,64.3,3,4,98,5,70,9.4,18.3714,0.84207,1.36442,0.511664,1.70651,0.706817,0.617165,0,0.0205092,0.979491,0.604507,0.522347,0.666294
"Port of Savannah, GA",2018242N13343,FLORENCE,2018,167.2,2,4,90,5,70,13,14.6571,0.748809,1.09102,0.88694,0.956523,0.809,0.686338,0.0142321,0.0189133,0.995251,0.683079,0.342212,0.123351
"South Jersey Port Corp, NJ",2018242N13343,FLORENCE,2018,246.3,-4,4,25,1,70,12,12.2429,0.156024,0.241192,0.980163,0.988892,0.66739,0.646885,0.125458,0.087548,1.04335,0.674926,0.0851686,0.00478444
"Virginia, VA, Port of",2018242N13343,FLORENCE,2018,307,3,4,98,6,70,21.8333,27.5714,1.59908,2.76978,0.791883,1.16955,0.623368,0.57733,0.0157515,0.0175751,0.998147,0.576261,1.1707,0.57644
"Beaumont, TX",2018246N22283,GORDON,2018,446.6,0,0,38,2,70,14,15.2571,0.826408,0.897399,0.917603,1.39082,0.721578,0.920892,0,0.000905961,0.999094,0.920058,0.0709914,0.073943
"Greater Lafourche Port, LA",2018246N22283,GORDON,2018,205.7,0,0,60,3,70,2.66667,1.9,1.94088,1.47829,1.40351,1.01616,0.920585,1.31292,0.0192597,0.0470279,0.971686,1.27575,-0.462591,-0.596502
"Jacksonville, FL",2018246N22283,GORDON,2018,445.3,0,0,55,2,70,12,13.2143,1.0356,0.934917,0.908108,1.02615,1.18869,1.10769,0.0180702,0.0248806,0.993064,1.10001,-0.100679,0.0859113
"Lake Charles Harbor District, LA",2018246N22283,GORDON,2018,395.4,0,0,60,2,70,12.5,10.5857,0.427483,0.433636,1.18084,0.850145,0.981998,0.985811,0.0179174,0.0370464,0.980522,0.966609,0.00615301,-0.0784174
"Mobile, AL",2018246N22283,GORDON,2018,48.4,0,0,60,3,70,6,10.8714,0.124031,0.398107,0.551905,0.995713,0.566933,0.311552,0.0357782,0.0205587,1.01578,0.316469,0.274076,0.17839
"New Orleans, LA",2018246N22283,GORDON,2018,141.5,0,0,60,3,70,37.6667,31.6429,2.6037,2.46397,1.19037,1.05285,0.843158,1.05671,0.00993173,0.00221133,1.0078,1.06495,-0.139735,-0.469063
"Plaquemines Port District, LA",2018246N22283,GORDON,2018,147.6,0,0,60,3,70,56.3333,59.7571,3.92702,4.9723,0.942705,1.08152,0.77463,0.789779,0.0230834,0.0434691,0.979133,0.773298,1.04528,0.28489
"Port Arthur, TX",2018246N22283,GORDON,2018,443.4,0,0,45,2,70,6.5,6.77143,0.420699,0.39136,0.959916,1.16132,0.964291,1.07497,0,0.00168925,0.998311,1.07315,-0.0293386,0.0156874
"Port Everglades, FL",2018246N22283,GORDON,2018,112,0,0,55,3,70,16,21.1571,2.33168,2.17003,0.756246,1.05846,1.34235,1.0745,0.021006,0.0156244,1.0055,1.0804,-0.161657,0.528953
"Port of Greater Baton Rouge, LA",2018246N22283,GORDON,2018,209.8,0,0,60,4,70,14,12.9571,0.976511,0.954265,1.08049,0.930123,1.01824,1.02331,0,0.00771966,0.99228,1.01541,-0.0222467,-0.0768041
"Port of Palm Beach District, FL",2018246N22283,GORDON,2018,160,0,0,55,2,70,3.5,5.27143,0.154283,0.191916,0.663957,1.51433,0.799553,0.803912,0,0.0170427,0.982957,0.790211,0.0376323,0.064492
"PortMiami, FL",2018246N22283,GORDON,2018,60.2,0,0,55,3,70,9.33333,14.0286,2.17372,2.14851,0.665309,1.17565,1.29349,1.01173,0.0115025,0.00827291,1.00327,1.01504,-0.0252035,0.719088
"South Louisiana, LA, Port of",2018246N22283,GORDON,2018,182.5,0,0,60,3,70,51.3333,48.4286,2.49602,2.48795,1.05998,0.975539,0.970205,1.00324,0.00529755,0.00147902,1.00384,1.00709,-0.00806611,-0.149228
"Tampa Port Authority, FL",2018246N22283,GORDON,2018,173.2,0,0,60,2,70,6,8.95714,0.321895,1.24276,0.669856,1.14425,0.337929,0.259016,0,0.0167974,0.983203,0.254665,0.920864,0.410289
"San Juan, PR",2018251N13325,ISAAC,2018,358.3,0,1,35,2,70,6.5,6.82857,1.38025,1.19185,0.951883,1.13665,1.07034,1.15807,0,0.0149654,0.985035,1.14074,-0.188393,0.0573486
"San Juan, PR",2018265N08338,KIRK,2018,489.6,0,0,35,1,70,4,6.27143,0.0396166,0.661327,0.637813,1.18018,0.0795832,0.0599047,0,0.0140757,0.985924,0.0590615,0.62171,0.239524
"Baltimore, MD",2018280N18273,MICHAEL,2018,272.1,0,5,60,2,70,13,17.9429,0.734877,1.34113,0.724522,1.0886,0.694742,0.547955,0.023411,0.0181532,1.00538,0.550905,0.60625,0.369451
"Greater Lafourche Port, LA",2018280N18273,MICHAEL,2018,378.5,5,5,140,1,70,2,2.41429,0.716401,0.508657,0.828402,2.01022,0.845755,1.40841,0.0200458,0.0447619,0.974778,1.37289,-0.207743,0.0872844
"Jacksonville, FL",2018280N18273,MICHAEL,2018,289.4,5,5,140,2,70,14,12.1857,0.481357,0.802031,1.14889,0.814475,0.641388,0.600173,0.035106,0.0324901,1.00271,0.6018,0.320674,-0.119411
"Mobile, AL",2018280N18273,MICHAEL,2018,254.1,5,5,140,2,70,12,10.6714,0.224102,0.210051,1.1245,1.09239,0.868528,1.06689,0.0373059,0.0336047,1.00384,1.07099,-0.0140506,-0.026151
"New Orleans, LA",2018280N18273,MICHAEL,2018,377.9,5,5,140,1,70,29,34.2,0.409285,0.892076,0.847953,0.946935,0.571389,0.4588,0,0.00479888,0.995201,0.456599,0.482791,0.135637
"New York, NY & NJ",2018280N18273,MICHAEL,2018,305.5,-4,5,60,1,70,37,35.0857,3.45082,2.56562,1.05456,1.01984,1.25062,1.34502,0.0141319,0.0264394,0.987516,1.32823,-0.885202,-0.139981
"Philadelphia Regional Port, PA",2018280N18273,MICHAEL,2018,282.8,-4,5,60,1,70,11,12.3143,1.89274,0.735488,0.893271,1.34624,2.13997,2.57344,0,0.00838211,0.991618,2.55187,-1.15725,0.0784976
"Plaquemines Port District, LA",2018280N18273,MICHAEL,2018,310.2,5,5,140,2,70,58.5,60.8,2.64967,3.42087,0.962171,1.22631,0.656451,0.774562,0.005657,0.0435209,0.961921,0.745067,0.771194,0.129408
"Port of Charleston, SC",2018280N18273,MICHAEL,2018,195.2,1,5,80,2,70,19.5,17.6571,0.5335,0.556703,1.10437,0.998071,0.869432,0.958321,0.018366,0.0184263,0.999939,0.958262,0.0232029,-0.0581025
"Port of Savannah, GA",2018280N18273,MICHAEL,2018,193.7,5,5,140,2,70,12.5,14.6571,0.912358,0.491338,0.852827,0.974911,2.23336,1.85688,0.040328,0.017777,1.0235,1.90052,-0.42102,0.0723119
"South Jersey Port Corp, NJ",2018280N18273,MICHAEL,2018,242.7,-4,5,60,1,70,11,12.2429,0.12222,0.218496,0.898483,1.1464,0.543063,0.559367,0.0520995,0.0785491,0.972097,0.543759,0.0962764,0.022181
"South Louisiana, LA, Port of",2018280N18273,MICHAEL,2018,422.7,5,5,140,1,70,43,49.1857,0.604525,0.807084,0.874238,1.07839,0.794491,0.749024,0,0.00539014,0.99461,0.744987,0.202558,0.101501
"Tampa Port Authority, FL",2018280N18273,MICHAEL,2018,384.4,5,5,140,3,70,6.66667,8.35714,2.05563,2.35958,0.797721,1.51467,0.721012,0.871185,0,0.0150265,0.984974,0.858095,0.303948,0.477293
"Virginia, VA, Port of",2018280N18273,MICHAEL,2018,18.3,0,5,60,2,70,20.5,26.2286,0.788041,0.850927,0.78159,1.16183,1.01985,0.926097,0,0.0206192,0.979381,0.907002,0.0628858,0.185851
"Beaumont, TX",2019192N29274,BARRY,2019,130.5,1,1,65,4,70,10.25,14.6571,1.37588,2.27849,0.699318,1.0643,0.811326,0.603858,0,0.0019374,0.998063,0.602688,0.902605,0.685101
"Galveston, TX",2019192N29274,BARRY,2019,236.4,1,1,65,4,70,9.5,11.1571,4.65792,4.41163,0.851472,1.36874,0.905947,1.05583,0.0356067,0.0431325,0.992196,1.04759,-0.246289,0.655248
"Greater Lafourche Port, LA",2019192N29274,BARRY,2019,112.5,1,1,65,5,70,4.8,2.55714,3.27684,2.37621,1.87709,0.85489,0.859359,1.37902,0.0246443,0.0515011,0.972465,1.34105,-0.900635,-2.08416
"Houston Port Authority, TX",2019192N29274,BARRY,2019,245.6,1,1,65,4,70,64.5,66.3143,12.8914,8.82118,0.972641,0.950492,1.58079,1.46142,0.00323728,0.00242646,1.00081,1.46261,-4.07026,0.241338
"Lake Charles Harbor District, LA",2019192N29274,BARRY,2019,70.5,1,1,65,5,70,8,9.48571,1.16949,0.971381,0.843373,2.37563,0.600907,1.20394,0.0154449,0.0435692,0.971435,1.16955,-0.198107,0.152144
"Mobile, AL",2019192N29274,BARRY,2019,286.4,1,1,65,5,70,10.8,10.0286,1.86505,0.820706,1.07692,0.959005,2.20038,2.2725,0.0176321,0.0180075,0.999618,2.27163,-1.04435,-0.0631312
"New Orleans, LA",2019192N29274,BARRY,2019,193.6,1,1,65,6,70,26.5,34.1857,4.41144,5.12175,0.775178,1.23543,0.89938,0.861313,0.00238169,0.00188728,1.0005,0.86174,0.710318,1.15148
"Plaquemines Port District, LA",2019192N29274,BARRY,2019,158.7,1,1,65,5,70,51.4,69.7,5.76738,9.3007,0.737446,1.38734,0.606109,0.620102,0.0196789,0.0397179,0.979559,0.607426,3.53332,2.44193
"Port Arthur, TX",2019192N29274,BARRY,2019,122.4,1,1,65,4,70,2.75,6.74286,0.258897,0.805032,0.407839,2.0515,0.384373,0.321598,0,0.00455759,0.995442,0.320132,0.546135,0.476709
"Port Freeport, TX",2019192N29274,BARRY,2019,295.7,1,1,65,4,70,8,7.44286,1.64078,1.04746,1.07486,1.0871,1.34058,1.56643,0.0058305,0.022851,0.98288,1.53961,-0.593312,-0.078409
"Port of Greater Baton Rouge, LA",2019192N29274,BARRY,2019,122.2,1,1,65,6,70,5.33333,11.5,1.20741,1.82813,0.463768,1.68497,0.845192,0.660464,0,0.00246372,0.997536,0.658836,0.620717,0.980302
"South Louisiana, LA, Port of",2019192N29274,BARRY,2019,154.2,1,1,65,6,70,27.3333,32.8857,2.79928,4.03144,0.831161,1.14075,0.732335,0.694361,0,0.00111487,0.998885,0.693587,1.23216,0.680663
"Tampa Port Authority, FL",2019192N29274,BARRY,2019,412.3,-3,1,30,1,70,8,10.2,0.164645,0.48374,0.784314,1.26414,0.343281,0.340358,0,0.00359325,0.996407,0.339135,0.319095,0.104336
"Texas City, TX",2019192N29274,BARRY,2019,228,1,1,65,4,70,6.25,6.95714,0.99359,1.09392,0.898357,0.848052,1.19221,0.908287,0.0487559,0.019843,1.03039,0.935894,0.100327,0.111189
"Jacksonville, FL",2019204N25283,UNNAMED,2019,251.3,-1,-1,30,1,70,11,9.47143,0.150897,0.296023,1.16139,0.859231,0.51082,0.509748,0.0504824,0.0211133,1.03093,0.525515,0.145126,-0.0477745
"Port Everglades, FL",2019204N25283,UNNAMED,2019,95.5,-1,-1,30,2,70,21,22.0714,0.482848,1.10867,0.951456,0.97735,0.468349,0.43552,0.0300422,0.0149563,1.01555,0.442294,0.625822,0.0538189
"Port of Charleston, SC",2019204N25283,UNNAMED,2019,491.8,-1,-1,30,1,70,17,17.4429,0.295038,0.509945,0.974611,0.974871,0.608942,0.578568,0.0794838,0.022657,1.06173,0.614285,0.214907,0.012947
"Port of Palm Beach District, FL",2019204N25283,UNNAMED,2019,91.6,-1,-1,30,2,70,6,4.37143,0.158819,0.169489,1.37255,0.695345,0.981818,0.937042,0.0181409,0.0171904,1.00097,0.937949,0.0106707,-0.0631431
"Port of Savannah, GA",2019204N25283,UNNAMED,2019,403.6,-1,-1,30,1,70,16,13.7143,0.184692,0.315475,1.16667,0.847849,0.591861,0.585443,0,0.0120668,0.987933,0.578379,0.130782,-0.0525791
"PortMiami, FL",2019204N25283,UNNAMED,2019,119.5,-1,-1,30,2,70,10,12.9714,1.53915,1.29594,0.770925,1.15838,1.32994,1.18767,0.0151105,0.019578,0.995464,1.18228,-0.24321,0.296868
"Tampa Port Authority, FL",2019204N25283,UNNAMED,2019,242.5,-1,-1,30,2,70,6.5,10.3,0.318728,1.02756,0.631068,1.2654,0.388428,0.310179,0.0144968,0.00242259,1.01225,0.31398,0.708833,0.3791
"Baltimore, MD",2019236N10314,DORIAN,2019,437.7,2,5,85,1,70,10,16.8857,0.89751,0.77576,0.592217,1.99368,0.979888,1.15694,0.0296564,0.0247263,1.00508,1.16282,-0.121751,0.316342
"Jacksonville, FL",2019236N10314,DORIAN,2019,188.2,4,5,120,5,70,3.4,9.92857,0.627627,1.68343,0.342446,2.57451,0.422881,0.372825,0.00686231,0.0241501,0.982593,0.366336,1.05581,1.10695
"New York, NY & NJ",2019236N10314,DORIAN,2019,441.4,2,5,85,2,70,25,32.9286,5.9655,5.8711,0.759219,1.4784,0.905251,1.01608,0.0183991,0.030822,0.987344,1.00322,-0.0943963,1.41365
"Philadelphia Regional Port, PA",2019236N10314,DORIAN,2019,421.8,2,5,85,2,70,7.5,10.0286,0.226683,0.459752,0.747863,1.3411,0.491602,0.493056,0.0360382,0.0146171,1.02222,0.504013,0.233068,0.11592
"Port Everglades, FL",2019236N10314,DORIAN,2019,211.6,5,5,160,4,70,6.5,21.7,1.4239,2.27738,0.299539,2.35138,0.887705,0.625237,0.00161657,0.0161406,0.985452,0.616142,0.853477,1.59521
"Port of Charleston, SC",2019236N10314,DORIAN,2019,111.7,3,5,100,3,70,8.66667,17.0143,0.567265,1.82746,0.509376,1.35375,0.450155,0.310412,0.0488274,0.0210962,1.02915,0.319462,1.26019,0.896595
"Port of Palm Beach District, FL",2019236N10314,DORIAN,2019,199.2,5,5,160,5,70,2,4.45714,0.140156,0.523256,0.448718,0.783545,0.761833,0.267853,0,0.0187216,0.981278,0.262839,0.3831,0.288462
"Port of Savannah, GA",2019236N10314,DORIAN,2019,163.6,3,5,100,3,70,2.33333,14.5286,0.363751,1.01783,0.160603,1.96571,1.13202,0.357378,0.0447575,0.0124571,1.03381,0.369463,0.65408,0.854363
"PortMiami, FL",2019236N10314,DORIAN,2019,242,5,5,160,4,70,9.75,12.9857,1.68117,2.61756,0.750825,1.01774,0.840499,0.642266,0.00223914,0.0111799,0.991039,0.63651,0.936393,0.652231
"San Juan, PR",2019236N10314,DORIAN,2019,80,1,5,78,2,70,6,6.74286,0.0897021,0.976711,0.889831,1.19234,0.0865625,0.0918409,0,0.00853919,0.991461,0.0910567,0.887009,0.107604
"South Jersey Port Corp, NJ",2019236N10314,DORIAN,2019,376.9,2,5,85,2,70,7.5,11.8,0.154074,0.396763,0.635593,1.85455,0.329442,0.388328,0.0399458,0.170332,0.864189,0.335588,0.242689,0.144583
"Tampa Port Authority, FL",2019236N10314,DORIAN,2019,321.2,5,5,155,4,70,11.75,9.42857,1.51852,1.85159,1.24621,0.997858,0.6595,0.820116,0,0.00159695,0.998403,0.818806,0.333072,-0.455885
"Virginia, VA, Port of",2019236N10314,DORIAN,2019,184.2,2,5,93,3,70,17.3333,24.7286,0.796011,1.55243,0.700944,1.37108,0.533534,0.512752,0.0225172,0.0204566,1.00211,0.513833,0.756418,0.464264
"New York, NY & NJ",2019239N32287,ERIN,2019,494.6,-4,0,35,1,70,37,33.9714,2.78854,2.96255,1.08915,0.938672,0.92068,0.941262,0.0344893,0.0349076,0.999567,0.940854,0.174015,-0.264113
"South Jersey Port Corp, NJ",2019239N32287,ERIN,2019,463,-1,0,35,1,70,5,12,0.112306,0.211499,0.416667,1.91798,0.664451,0.531,0.142124,0.154535,0.985533,0.523318,0.0991928,0.123374
"Virginia, VA, Port of",2019239N32287,ERIN,2019,400.1,-1,0,35,2,70,23.5,23.3857,1.23578,0.888445,1.00489,1.01767,1.36015,1.39095,0,0.0235629,0.976437,1.35817,-0.347336,-0.00434182
"Corpus Christi, TX",2019246N24266,FERNAND,2019,365.4,0,0,45,2,70,16.5,16.2571,1.44865,0.965474,1.01494,1.03905,1.42281,1.50046,0.0196194,0.00698996,1.01288,1.51978,-0.483177,-0.0144227
"Jacksonville, FL",2019256N23286,HUMBERTO,2019,370.3,1,3,75,2,70,10,8.8,0.475732,0.686941,1.13636,1.08777,0.560256,0.692537,0.0161399,0.0242076,0.9918,0.686858,0.211209,-0.0936738
"Port Everglades, FL",2019256N23286,HUMBERTO,2019,339.8,1,3,70,3,70,24.3333,20.3286,2.59496,2.05619,1.197,0.806552,1.30719,1.26202,0.0144271,0.0132997,1.00114,1.26347,-0.538767,-0.405073
"Port of Charleston, SC",2019256N23286,HUMBERTO,2019,467.2,1,3,75,2,70,16.5,16.6143,1.12626,1.11043,0.993121,0.961291,1.06241,1.01426,0.0112653,0.0243834,0.986733,1.00081,-0.0158385,0.00763835
"Port of Palm Beach District, FL",2019256N23286,HUMBERTO,2019,316.6,1,3,73,3,70,4.66667,4.01429,0.24228,0.277624,1.16251,0.787835,0.952858,0.872694,0,0.0200202,0.97998,0.855222,0.0353433,-0.045118
"Port of Savannah, GA",2019256N23286,HUMBERTO,2019,439.4,1,3,75,2,70,14.5,14.1,0.324458,0.69025,1.02837,0.975872,0.468393,0.470059,0,0.0132565,0.986743,0.463827,0.365792,-0.0195816
"PortMiami, FL",2019256N23286,HUMBERTO,2019,373.1,1,3,65,3,70,11.3333,13.0286,2.66715,2.07355,0.869883,1.29145,1.14497,1.28627,0.0064046,0.00793601,0.998459,1.28429,-0.593601,0.269804
"Tampa Port Authority, FL",2019256N23286,HUMBERTO,2019,435.7,1,3,68,2,70,9.5,10.0571,1.87368,0.920459,0.944602,1.22503,1.75913,2.0356,0,0.001598,0.998402,2.03235,-0.953226,0.0509913
"San Juan, PR",2019260N13317,JERRY,2019,393,0,2,63,2,70,5.5,6.71429,0.0942433,1.28035,0.819149,1.12251,0.0800513,0.0736075,0,0.00931429,0.990686,0.0729219,1.18611,0.231553
"Beaumont, TX",2019261N28264,IMELDA,2019,102.5,0,0,40,3,70,13,12.1143,0.95182,1.35742,1.07311,0.721865,0.90519,0.7012,0,0.00217101,0.997829,0.699677,0.405597,-0.0992451
"Corpus Christi, TX",2019261N28264,IMELDA,2019,185.5,0,0,40,3,70,16.3333,17.0286,1.25539,1.64328,0.959172,0.904149,0.880911,0.763956,0.0133702,0.00638857,1.00708,0.769362,0.387886,0.0670913
"Galveston, TX",2019261N28264,IMELDA,2019,59.3,0,0,40,3,70,10.6667,10.3571,1.0526,3.38627,1.02989,1.01105,0.298525,0.310843,0.0363173,0.0459274,0.990028,0.307743,2.33367,-0.101199
"Greater Lafourche Port, LA",2019261N28264,IMELDA,2019,477.3,-1,0,30,2,70,1,2.41429,1.00634,1.03203,0.414201,2.22897,1.05617,0.975101,0.0578972,0.0462341,1.01238,0.987172,0.025697,0.604565
"Houston Port Authority, TX",2019261N28264,IMELDA,2019,20.6,0,0,40,3,70,66.3333,64.1429,8.52486,7.9136,1.03415,1.08195,0.962768,1.07724,0,0.00197184,0.998028,1.07512,-0.611254,-0.270249
"Lake Charles Harbor District, LA",2019261N28264,IMELDA,2019,178.4,0,0,40,3,70,6.66667,8.85714,0.35772,0.560103,0.752688,1.16906,0.72581,0.638668,0.0478167,0.0462742,1.00162,0.639703,0.202383,0.13852
"New Orleans, LA",2019261N28264,IMELDA,2019,472.7,-1,0,30,2,70,38,30.0429,2.58307,2.09214,1.26486,0.990002,0.985977,1.23465,0.00895487,0.000875342,1.00815,1.24472,-0.490931,-0.554124
"Port Arthur, TX",2019261N28264,IMELDA,2019,128.9,0,0,40,3,70,5,6.04286,0.334245,0.488726,0.827423,1.2846,0.643433,0.683912,0,0.00447574,0.995524,0.680851,0.15448,0.0843427
"Port Freeport, TX",2019261N28264,IMELDA,2019,17.8,0,0,40,3,70,3.66667,6.57143,0.219489,0.854316,0.557971,1.28755,0.357618,0.256918,0,0.0170953,0.982905,0.252526,0.634826,0.377632
"Port of Greater Baton Rouge, LA",2019261N28264,IMELDA,2019,342.1,0,0,40,3,70,13.3333,11.2429,0.647724,0.809261,1.18594,0.868026,0.777511,0.800389,0,0.0020555,0.997944,0.798744,0.161537,-0.150472
"South Louisiana, LA, Port of",2019261N28264,IMELDA,2019,428.1,0,0,40,3,70,39.6667,37.1286,1.6247,3.21105,1.06836,0.966145,0.490191,0.505971,0.00590923,0.0013076,1.00463,0.508313,1.58635,-0.219506
"Texas City, TX",2019261N28264,IMELDA,2019,49.2,0,0,40,3,70,8,6.38571,0.881106,0.969319,1.2528,0.899098,0.807001,0.908994,0,0.0127931,0.987207,0.897366,0.0882135,-0.24504
"San Juan, PR",2019265N12301,KAREN,2019,76.2,0,0,40,3,70,6,6.74286,0.976223,1.86747,0.889831,1.51987,0.386527,0.522751,0,0.0120468,0.987953,0.516453,0.891249,0.205738
"New York, NY & NJ",2019282N35286,MELISSA,2019,458.4,-2,0,55,2,70,26.5,30.8286,5.73504,5.05847,0.859592,1.29862,1.01565,1.13375,0.0136471,0.0399815,0.973301,1.10348,-0.676569,0.710248
"Philadelphia Regional Port, PA",2019282N35286,MELISSA,2019,494.5,-4,0,43,1,70,8,9.55714,0.395794,0.245815,0.83707,1.15725,1.66215,1.61013,0,0.0229487,0.977051,1.57318,-0.149979,0.0400506
"South Jersey Port Corp, NJ",2019282N35286,MELISSA,2019,448,-2,0,50,4,70,11.25,10.5,1.05,0.79991,1.07143,0.685816,1.78639,1.31264,0.323371,0.182783,1.20778,1.58538,-0.250087,-0.0571364
"Virginia, VA, Port of",2019282N35286,MELISSA,2019,290.6,-4,0,43,2,70,24,25.1,2.00458,1.19343,0.956175,1.03672,1.69444,1.67968,0.0372408,0.0219015,1.01593,1.70644,-0.811151,0.0523019
"Baltimore, MD",2019291N22264,NESTOR,2019,238.9,-4,0,40,2,70,13,16.9429,1.39664,1.51997,0.767285,1.16694,1.02622,0.918859,0.0528752,0.0294089,1.02478,0.941625,0.123332,0.35372
"Greater Lafourche Port, LA",2019291N22264,NESTOR,2019,292.7,0,0,50,2,70,4,2.34286,1.27401,1.01525,1.70732,0.783716,0.937831,1.25487,0.0342688,0.0452403,0.988639,1.24061,-0.258754,-0.718105
"Jacksonville, FL",2019291N22264,NESTOR,2019,239.1,-4,0,40,2,70,6.5,10.1429,0.744144,0.659333,0.640845,1.03059,1.70889,1.12863,0.0170556,0.0255392,0.991369,1.11889,-0.084811,0.236803
"Mobile, AL",2019291N22264,NESTOR,2019,223.5,0,0,50,3,70,14,9.47143,0.5172,0.468822,1.47813,0.976012,0.764685,1.10319,0,0.00993029,0.99007,1.09224,-0.0483779,-0.224158
"New Orleans, LA",2019291N22264,NESTOR,2019,320.3,0,0,50,2,70,31,28.4143,1.13001,1.95301,1.091,1.05056,0.504811,0.578596,0,0.00142594,0.998574,0.577771,0.823009,-0.177725
"New York, NY & NJ",2019291N22264,NESTOR,2019,358.5,-4,0,40,2,70,28,30.4286,4.97937,4.84563,0.920188,1.12204,0.995264,1.0276,0.0360481,0.038301,0.997663,1.0252,-0.133746,0.38674
"Philadelphia Regional Port, PA",2019291N22264,NESTOR,2019,286.2,-4,0,40,2,70,11,9.65714,0.251875,0.531431,1.13905,0.808017,0.51496,0.473957,0,0.0212343,0.978766,0.463892,0.279556,-0.0738973
"Plaquemines Port District, LA",2019291N22264,NESTOR,2019,235.8,0,0,50,2,70,46.5,50.3571,3.27111,4.09318,0.923404,0.993762,0.870884,0.799162,0.0341744,0.0470165,0.986703,0.788536,0.822066,0.31352
"Port of Charleston, SC",2019291N22264,NESTOR,2019,124.4,-4,0,40,1,70,15,15.2429,0.791131,0.586852,0.984067,0.914668,1.49772,1.34809,0.0703047,0.0269243,1.04666,1.411,-0.204279,0.00935003
"Port of Greater Baton Rouge, LA",2019291N22264,NESTOR,2019,447.1,0,0,50,2,70,11.5,11.2286,0.657664,0.401773,1.02417,1.05838,1.51011,1.63691,0.030491,0.0042205,1.0271,1.68126,-0.255892,-0.00971207
"Port of Savannah, GA",2019291N22264,NESTOR,2019,123.8,-4,0,40,2,70,15,13.7143,1.95928,0.641302,1.09375,1.06143,2.63162,3.05515,0,0.0171739,0.982826,3.00268,-1.31797,-0.0601221
"South Jersey Port Corp, NJ",2019291N22264,NESTOR,2019,235.8,-4,0,40,2,70,13.5,11.2571,0.481848,0.44734,1.19924,0.779643,1.15205,1.07714,0.14519,0.181368,0.957676,1.03155,-0.0345081,-0.0891274
"South Louisiana, LA, Port of",2019291N22264,NESTOR,2019,357.3,0,0,50,2,70,39,36.4714,2.35292,1.92374,1.06933,1.12193,1.0195,1.2231,0,0.001891,0.998109,1.22079,-0.429186,-0.133373
"Tampa Port Authority, FL",2019291N22264,NESTOR,2019,388.6,0,0,50,2,70,9,7.77143,0.713026,1.14836,1.15809,0.773485,0.693158,0.620906,0,0.000721225,0.999279,0.620458,0.435337,-0.181543
"Virginia, VA, Port of",2019291N22264,NESTOR,2019,35.1,-4,0,40,2,70,32.5,24.5571,3.50013,1.089,1.32344,0.837163,2.90096,3.21408,0.017464,0.0214858,0.995907,3.20092,-2.41113,-0.35223
"Beaumont, TX",2019299N25265,OLGA,2019,317,0,0,45,2,70,9.5,11.6,0.627447,0.892558,0.818966,0.986652,0.869983,0.702976,0,0.00235027,0.99765,0.701324,0.265111,0.161584
"Corpus Christi, TX",2019299N25265,OLGA,2019,434.2,0,0,43,1,70,16,16.9,0.711729,0.884011,0.946746,1.22317,0.695243,0.805113,0.016106,0.0081407,1.0081,0.811631,0.172282,0.0470775
"Galveston, TX",2019299N25265,OLGA,2019,330.5,0,0,45,2,70,10,10.6286,1.98396,2.78455,0.94086,1.28387,0.589837,0.71249,0.0386844,0.0436305,0.994855,0.708824,0.800587,0.164678
"Greater Lafourche Port, LA",2019299N25265,OLGA,2019,82.2,0,0,45,2,70,4,2.4,1.12193,1.01797,1.66667,0.708587,0.93323,1.10212,0.0492091,0.0450324,1.00439,1.10697,-0.10396,-0.678649
"Houston Port Authority, TX",2019299N25265,OLGA,2019,410,0,0,45,2,70,55.5,62.9143,3.05028,5.0923,0.882153,1.01601,0.66832,0.598999,0.00984927,0.00217158,1.00775,0.603643,2.04202,0.600115
"Lake Charles Harbor District, LA",2019299N25265,OLGA,2019,240.3,0,0,45,2,70,10,7.94286,0.452797,0.481846,1.25899,1.25933,0.592696,0.939713,0.0512382,0.0493747,1.00196,0.941559,0.0290489,-0.124795
"Mobile, AL",2019299N25265,OLGA,2019,214,-4,0,45,1,70,11,9.58571,0.103575,0.152834,1.14754,1.01279,0.583105,0.677697,0,0.00749436,0.992506,0.672618,0.0492587,-0.0225492
"New Orleans, LA",2019299N25265,OLGA,2019,57.1,-4,0,45,1,70,25,27.8,1.64769,1.00153,0.899281,1.20007,1.52444,1.64517,0,0.00109949,0.998901,1.64336,-0.646159,0.100873
"Plaquemines Port District, LA",2019299N25265,OLGA,2019,128,0,0,45,2,70,48,50.1571,4.27372,4.23044,0.956992,1.1027,0.957315,1.01023,0.0321438,0.0458753,0.985813,0.995897,-0.0432772,0.181941
"Port Arthur, TX",2019299N25265,OLGA,2019,291.6,0,0,45,2,70,5.5,5.47143,0.224364,0.294942,1.00522,0.983917,0.769126,0.760708,0,0.000906743,0.999093,0.760018,0.0705771,-0.00154016
"Port Freeport, TX",2019299N25265,OLGA,2019,377.9,0,0,45,2,70,8.5,6.92857,0.520999,0.498233,1.2268,0.953803,0.893656,1.04569,0,0.013839,0.986161,1.03122,-0.0227662,-0.113001
"Port of Greater Baton Rouge, LA",2019299N25265,OLGA,2019,83.8,0,0,45,2,70,9,11.0571,0.34575,0.483746,0.813953,1.0454,0.839971,0.714736,0,0.00417032,0.99583,0.711755,0.137995,0.0899992
"South Louisiana, LA, Port of",2019299N25265,OLGA,2019,9.2,0,0,45,2,70,31,36.1143,1.2982,1.86942,0.858386,1.07019,0.755949,0.694441,0,0.00160813,0.998392,0.693325,0.571218,0.264736
"Texas City, TX",2019299N25265,OLGA,2019,345,0,0,45,2,70,10,6.02857,2.55681,0.585462,1.65877,0.870337,3.02501,4.36717,0,0.0126791,0.987321,4.3118,-1.97135,-0.385683
"Baltimore, MD",2020138N28281,ARTHUR,2020,456.1,0,0,50,2,70,16,16.5429,0.456691,1.47303,0.967185,1.12339,0.285346,0.310035,0.00626918,0.0172048,0.988995,0.306623,1.01634,0.0483378
"Jacksonville, FL",2020138N28281,ARTHUR,2020,384.3,0,0,40,3,70,6.66667,7.94286,9.65997,7.16232,0.839329,0.998149,1.60988,1.34872,0.0208914,0.0266636,0.994105,1.34077,-2.49765,1.15078
"New York, NY & NJ",2020138N28281,ARTHUR,2020,490.5,0,0,50,1,70,31,27.3571,1.34339,1.89087,1.13316,0.935793,0.669995,0.710465,0.0179523,0.0198396,0.998078,0.709099,0.547473,-0.251787
"Philadelphia Regional Port, PA",2020138N28281,ARTHUR,2020,458.9,0,0,50,2,70,10,9.48571,0.537556,1.30377,1.05422,0.944219,0.414209,0.412308,0.0179697,0.0101113,1.008,0.415608,0.766215,-0.0706864
"Port Everglades, FL",2020138N28281,ARTHUR,2020,269.2,0,0,35,2,70,23,19.8143,0.68321,2.80991,1.16078,0.994777,0.210565,0.243143,0.0171637,0.00837046,1.00895,0.245318,2.1267,-0.451773
"Port of Charleston, SC",2020138N28281,ARTHUR,2020,299,0,0,45,2,70,11.5,15.0429,1.2019,1.8576,0.764482,1.25666,0.673487,0.647017,0.00744252,0.0292186,0.978061,0.632821,0.655702,0.437498
"Port of Palm Beach District, FL",2020138N28281,ARTHUR,2020,229.2,0,0,35,2,70,3,4.67143,0.335382,0.409354,0.642202,1.60732,0.793718,0.819295,0.00412405,0.0133582,0.990728,0.811699,0.0739722,0.146466
"Port of Savannah, GA",2020138N28281,ARTHUR,2020,379,0,0,43,3,70,10.6667,11.6571,2.79127,1.50875,0.915033,0.954293,2.11868,1.85005,0,0.0126695,0.98733,1.82661,-1.28252,0.128195
"PortMiami, FL",2020138N28281,ARTHUR,2020,320.2,0,0,35,2,70,13.5,12.4714,3.82233,5.46158,1.08247,1.01479,0.637112,0.699858,0.0362871,0.0108711,1.02637,0.718315,1.63925,-0.45044
"South Jersey Port Corp, NJ",2020138N28281,ARTHUR,2020,410.4,0,0,53,2,70,7.5,9.45714,0.236619,0.542569,0.793051,0.867035,0.634244,0.436108,0.041229,0.070736,0.969224,0.422687,0.30595,0.112284
"Tampa Port Authority, FL",2020138N28281,ARTHUR,2020,358.3,0,0,35,2,70,9.5,10.3429,0.290207,2.50262,0.918508,0.852558,0.148083,0.115961,0,0.0020859,0.997914,0.115719,2.21241,0.203943
"Virginia, VA, Port of",2020138N28281,ARTHUR,2020,212.8,0,0,50,2,70,24.5,21.3571,0.711076,1.22719,1.14716,0.974651,0.518243,0.579436,0.0121236,0.0160135,0.996062,0.577154,0.516111,-0.180589
"Baltimore, MD",2020148N32281,BERTHA,2020,346.6,-4,0,20,1,70,19,16.3,0.385125,0.670566,1.16564,1.02273,0.481762,0.574328,0,0.0122422,0.987758,0.567297,0.285441,-0.111075
"Jacksonville, FL",2020148N32281,BERTHA,2020,302,0,0,45,1,70,10,7.37143,2.68371,2.49222,1.35659,0.812268,0.977242,1.07684,0.0870015,0.0264699,1.0663,1.14823,-0.191493,-0.888698
"Philadelphia Regional Port, PA",2020148N32281,BERTHA,2020,476.1,-4,0,20,1,70,6,9.08571,0.146286,0.631027,0.660377,0.904289,0.388201,0.231823,0,0.00745568,0.992544,0.230094,0.484741,0.214311
"Port of Charleston, SC",2020148N32281,BERTHA,2020,23.4,0,0,45,2,70,15.5,14.7714,0.545763,1.38738,1.04932,0.998386,0.375494,0.393378,0.0230764,0.0267447,0.996245,0.391901,0.841612,-0.0684295
"Port of Savannah, GA",2020148N32281,BERTHA,2020,160.5,0,0,45,2,70,11.5,11.4286,1.60527,0.833005,1.00625,1.1347,1.68777,1.92709,0,0.0145292,0.985471,1.89909,-0.772267,-0.00520628
"South Jersey Port Corp, NJ",2020148N32281,BERTHA,2020,484.5,-4,0,20,1,70,6,8.91429,0.0451333,0.299581,0.673077,0.248974,0.89901,0.150655,0,0.0703114,0.929689,0.140062,0.254447,0.0979399
"Virginia, VA, Port of",2020148N32281,BERTHA,2020,424.3,-1,0,30,2,70,21.5,21.0143,1.15114,1.14217,1.02311,0.971136,1.01436,1.00785,0,0.011679,0.988321,0.996077,-0.00896381,-0.0263996
"Beaumont, TX",2020154N19269,CRISTOBAL,2020,311.1,0,0,45,3,70,11,13.5143,0.754783,1.61504,0.813953,0.901901,0.636618,0.467345,0,0.00156575,0.998434,0.466613,0.860262,0.300473
"Galveston, TX",2020154N19269,CRISTOBAL,2020,415.9,0,0,45,2,70,10.5,10.2857,1.23301,1.8504,1.02083,1.4007,0.466016,0.666349,0.0246513,0.034921,0.989471,0.659333,0.617386,-0.0385499
"Greater Lafourche Port, LA",2020154N19269,CRISTOBAL,2020,42.8,0,0,45,3,70,2,3,1.64253,1.24096,0.666667,2.29613,0.864674,1.3236,0.00766969,0.0549166,0.952388,1.26058,-0.401574,0.413652
"Houston Port Authority, TX",2020154N19269,CRISTOBAL,2020,424.5,0,0,35,1,70,47,53.1286,4.09151,3.47901,0.884646,1.07199,1.24013,1.17606,0,0.00172293,0.998277,1.17403,-0.612499,0.401317
"Lake Charles Harbor District, LA",2020154N19269,CRISTOBAL,2020,247.5,0,0,45,3,70,5.33333,5.47143,0.292615,0.879478,0.974761,1.01119,0.337553,0.332715,0.0424293,0.0260484,1.01711,0.338406,0.586863,0.0221974
"Mobile, AL",2020154N19269,CRISTOBAL,2020,197.9,0,0,45,2,70,6,7.54286,0.168091,0.314839,0.795455,1.36556,0.491507,0.533894,0,0.0519048,0.948095,0.506183,0.146748,0.0643989
"New Orleans, LA",2020154N19269,CRISTOBAL,2020,31,0,0,45,2,70,23.5,30.5286,1.28371,2.50113,0.769771,1.45393,0.45859,0.51325,0,0.0093094,0.990691,0.508472,1.21743,0.575834
"Plaquemines Port District, LA",2020154N19269,CRISTOBAL,2020,32.1,0,0,45,3,70,31.3333,48.3857,1.23765,5.53393,0.647574,1.30394,0.264861,0.223647,0.0232071,0.0773688,0.944551,0.211246,4.29628,1.9503
"Port Arthur, TX",2020154N19269,CRISTOBAL,2020,302.5,0,0,45,2,70,4,5.25714,0.508087,0.423867,0.76087,1.23986,1.27065,1.1987,0,0.00112077,0.998879,1.19735,-0.0842203,0.101359
"Port Freeport, TX",2020154N19269,CRISTOBAL,2020,475.8,0,0,35,1,70,8,5.85714,0.191041,0.351136,1.36585,0.846844,0.470375,0.544066,0.128297,0.0191045,1.12526,0.612218,0.160095,-0.128464
"Port of Greater Baton Rouge, LA",2020154N19269,CRISTOBAL,2020,69.1,0,0,45,3,70,4.66667,8.58571,0.310882,1.12489,0.543539,0.967854,0.525344,0.276366,0,0.00658006,0.99342,0.274547,0.814012,0.513471
"South Louisiana, LA, Port of",2020154N19269,CRISTOBAL,2020,42.9,0,0,45,3,70,24.3333,29.9714,1.46889,3.06677,0.811884,1.22473,0.481699,0.478971,0,0.00384358,0.996156,0.47713,1.59787,0.576907
"Texas City, TX",2020154N19269,CRISTOBAL,2020,408.1,0,0,45,2,70,4.5,5.01429,0.561362,0.830333,0.897436,1.26318,0.596379,0.676068,0,0.00814279,0.991857,0.670563,0.268971,0.0851623
"Baltimore, MD",2020188N28271,FAY,2020,189.4,0,0,50,3,70,15,16.2,1.46828,2.2979,0.925926,0.955514,0.722209,0.638963,0.0169048,0.0225571,0.99425,0.63529,0.829627,0.170215
"Greater Lafourche Port, LA",2020188N28271,FAY,2020,229.4,-3,0,30,2,70,2.5,2.67143,0.758317,0.854432,0.935829,0.991259,0.956731,0.88751,0.0579706,0.0497853,1.00869,0.895222,0.0961149,0.0548298
"Jacksonville, FL",2020188N28271,FAY,2020,308.7,-3,0,30,3,70,7,7.88571,6.0513,6.24474,0.887681,1.08339,1.00761,0.969023,0.0444201,0.0235933,1.02179,0.990143,0.193442,0.701402
"Mobile, AL",2020188N28271,FAY,2020,267.5,-3,0,30,3,70,7.66667,7.14286,0.44148,0.850648,1.07333,0.916086,0.527825,0.518992,0.100473,0.0533506,1.05239,0.54618,0.409168,-0.0623808
"New Orleans, LA",2020188N28271,FAY,2020,287.9,-3,0,30,2,70,30,28.0857,1.45346,2.01139,1.06816,0.957036,0.706874,0.722614,0.028643,0.00924599,1.01997,0.737044,0.557931,-0.137094
"New York, NY & NJ",2020188N28271,FAY,2020,24.7,0,0,50,2,70,28.5,30.6143,3.0569,4.77246,0.930938,1.17686,0.584649,0.640529,0.0117226,0.0305168,0.980983,0.628348,1.71556,0.329596
"Philadelphia Regional Port, PA",2020188N28271,FAY,2020,63.3,0,0,50,3,70,7.66667,8.05714,0.510846,2.21616,0.951537,0.901553,0.268702,0.230509,0.00637417,0.0200685,0.986218,0.227332,1.70532,0.107403
"Plaquemines Port District, LA",2020188N28271,FAY,2020,198.5,-3,0,30,2,70,45.5,44.6857,4.84277,3.35513,1.01822,1.12032,1.26532,1.44339,0.0800593,0.0798283,1.00025,1.44375,-1.48764,-0.061139
"Port of Charleston, SC",2020188N28271,FAY,2020,33.3,-3,0,35,4,70,12.75,15.0571,1.19175,1.99446,0.846774,1.00677,0.70091,0.597531,0.044666,0.0296389,1.01573,0.60693,0.802708,0.305602
"Port of Greater Baton Rouge, LA",2020188N28271,FAY,2020,390.5,-3,0,28,1,70,9,9.2,1.15393,0.579233,0.978261,1.15911,1.75691,1.99217,0,0.00689042,0.99311,1.97844,-0.574698,0.012592
"Port of Savannah, GA",2020188N28271,FAY,2020,133.7,-3,0,30,4,70,10.25,11.9571,1.1913,2.9951,0.857228,0.948514,0.489183,0.397751,0.0207527,0.0228249,0.997884,0.396909,1.8038,0.427616
"South Jersey Port Corp, NJ",2020188N28271,FAY,2020,46.8,0,0,50,3,70,6.33333,8.38571,0.304616,1.02747,0.755253,1.04742,0.374777,0.296472,0.0649282,0.0756891,0.988492,0.293061,0.722852,0.25147
"South Louisiana, LA, Port of",2020188N28271,FAY,2020,306.9,-3,0,30,2,70,30.5,30.9714,4.49207,2.00898,0.984779,1.04782,2.16693,2.23599,0.00531207,0.0029173,1.00241,2.24137,-2.48309,0.0305796
"Tampa Port Authority, FL",2020188N28271,FAY,2020,366.9,-3,0,30,2,70,13.5,9.08571,1.26664,0.759358,1.48585,0.846305,1.3265,1.66805,0.0058527,0.00252825,1.00334,1.67362,-0.507286,-0.368933
"Virginia, VA, Port of",2020188N28271,FAY,2020,136.4,0,0,50,4,70,18.75,20.1,2.43786,2.4801,0.932836,1.12612,0.935727,0.98297,0.01995,0.0262705,0.993551,0.97663,0.0422371,0.166574
"Beaumont, TX",2020205N26272,HANNA,2020,317.6,1,1,80,2,70,13,11.4286,0.88293,0.799467,1.1375,1.13347,0.856577,1.1044,0,0.00194073,0.998059,1.10226,-0.0834633,-0.109927
"Corpus Christi, TX",2020205N26272,HANNA,2020,117.5,1,1,80,3,70,8,14.9,0.611864,4.02817,0.536913,1.3054,0.21672,0.151896,0,0.00987657,0.990123,0.150396,3.4163,1.86539
"Galveston, TX",2020205N26272,HANNA,2020,238.4,1,1,80,3,70,4.33333,9.8,1.29145,2.26209,0.442177,2.32481,0.55537,0.570908,0,0.0336946,0.966305,0.551671,0.970647,1.26185
"Greater Lafourche Port, LA",2020205N26272,HANNA,2020,343.3,0,1,55,3,70,5.33333,2.5,1.38223,1.25174,2.13333,0.561934,0.921128,1.10424,0.0225501,0.0543414,0.967475,1.06833,-0.130482,-1.41864
"Houston Port Authority, TX",2020205N26272,HANNA,2020,306.8,1,1,80,3,70,50,52.4714,13.1432,11.0203,0.9529,1.1541,1.08447,1.19264,0,0.000750491,0.99925,1.19175,-2.12296,0.51906
"Lake Charles Harbor District, LA",2020205N26272,HANNA,2020,304.8,1,1,80,3,70,5.66667,5.2,0.768735,1.02828,1.08974,1.19932,0.572013,0.747596,0.02666,0.0514192,0.974563,0.728579,0.259541,-0.0922812
"New Orleans, LA",2020205N26272,HANNA,2020,422,0,1,50,2,70,23,27.6571,5.80776,1.90457,0.831612,1.0878,3.37089,3.04938,0.0158307,0.0127682,1.00311,3.05887,-3.90319,0.320707
"Plaquemines Port District, LA",2020205N26272,HANNA,2020,384,0,1,50,2,70,34.5,48.2857,1.8127,4.33119,0.714497,1.20293,0.48694,0.418521,0.0329476,0.0749997,0.956515,0.400322,2.5185,1.23657
"Port Arthur, TX",2020205N26272,HANNA,2020,300.4,1,1,80,2,70,7.5,5.41429,0.678428,0.619038,1.38522,0.874649,0.90455,1.09594,0,0.00287349,0.997127,1.09279,-0.05939,-0.238469
"Port Freeport, TX",2020205N26272,HANNA,2020,226.7,1,1,80,3,70,6,5.84286,0.593412,1.30399,1.02689,1.28157,0.345791,0.455075,0,0.017566,0.982434,0.447081,0.710575,-0.0350705
"Port of Greater Baton Rouge, LA",2020205N26272,HANNA,2020,400.2,0,1,55,3,70,8.66667,9.88571,0.903727,2.37423,0.876686,1.18348,0.366867,0.380641,0,0.00697851,0.993021,0.377984,1.4705,0.292775
"South Louisiana, LA, Port of",2020205N26272,HANNA,2020,393.2,0,1,53,2,70,28,31.1429,1.03015,2.73947,0.899083,0.973628,0.429578,0.37604,0,0.00512039,0.99488,0.374115,1.70932,0.27646
"Texas City, TX",2020205N26272,HANNA,2020,261.1,1,1,80,3,70,3,4.9,3.59873,1.3418,0.612245,1.07629,4.07013,2.68202,0,0.0351733,0.964827,2.58768,-2.25693,0.520289
"Baltimore, MD",2020211N13306,ISAIAS,2020,53.1,0,1,60,1,70,11,15.7,0.166417,0.746854,0.700637,1.44799,0.219636,0.222824,0,0.0164041,0.983596,0.219169,0.580437,0.22358
"Jacksonville, FL",2020211N13306,ISAIAS,2020,161.7,1,1,80,3,70,3.66667,7.81429,0.694146,5.58593,0.469226,1.83192,0.144566,0.124267,0.00893984,0.0243529,0.984448,0.122334,4.89178,2.96486
"New York, NY & NJ",2020211N13306,ISAIAS,2020,92.2,0,1,60,2,70,28,30.9714,3.50776,4.80507,0.904059,1.10815,0.728674,0.730013,0.0124867,0.0211539,0.991223,0.723606,1.29731,0.461003
"Philadelphia Regional Port, PA",2020211N13306,ISAIAS,2020,95.7,0,1,60,2,70,5.5,7.41429,0.463736,1.04845,0.741811,1.30494,0.45692,0.442307,0,0.0095291,0.990471,0.438092,0.584714,0.270698
"Port Everglades, FL",2020211N13306,ISAIAS,2020,105.5,1,1,75,3,70,13.3333,19.4,0.705053,1.00767,0.687285,1.56418,0.65085,0.699687,0,0.0098,0.9902,0.69283,0.302616,0.315113
"Port of Charleston, SC",2020211N13306,ISAIAS,2020,90.8,1,1,80,2,70,12,15.7429,0.57656,0.988018,0.76225,1.28718,0.594762,0.583552,0.0178789,0.0298937,0.987767,0.576413,0.411458,0.234901
"Port of Palm Beach District, FL",2020211N13306,ISAIAS,2020,95,1,1,73,3,70,2,5.44286,0.150133,0.384628,0.367454,1.38739,0.765656,0.390333,0,0.0177066,0.982293,0.383421,0.234495,0.243295
"Port of Savannah, GA",2020211N13306,ISAIAS,2020,154.6,1,1,80,3,70,6.66667,12.8429,1.47029,1.90741,0.519095,1.59221,0.932635,0.77083,0,0.0128757,0.987124,0.760905,0.437121,0.917284
"PortMiami, FL",2020211N13306,ISAIAS,2020,128,1,1,75,3,70,12,13.0571,0.643867,5.9562,0.919037,0.908274,0.129502,0.1081,0,0.0126132,0.987387,0.106737,5.31234,0.482231
"San Juan, PR",2020211N13306,ISAIAS,2020,226,0,1,63,2,70,4,8.75714,0.0356837,0.182772,0.45677,0.991128,0.431254,0.195236,0,0.00797525,0.992025,0.193679,0.147088,0.0992873
"South Jersey Port Corp, NJ",2020211N13306,ISAIAS,2020,96.1,0,1,60,1,70,7,8.37143,0.200448,0.341679,0.836177,0.791156,0.886795,0.586656,0.138926,0.0622018,1.0891,0.638929,0.141231,0.0559747
"Tampa Port Authority, FL",2020211N13306,ISAIAS,2020,261.1,1,1,65,3,70,12.3333,9.07143,1.39475,1.59882,1.35958,0.733062,0.875287,0.87236,0.0117473,0.00392142,1.00792,0.879268,0.204073,-0.574904
"Virginia, VA, Port of",2020211N13306,ISAIAS,2020,99.1,1,1,80,1,70,15,20.9,0.290555,0.674132,0.717703,1.55923,0.385148,0.431006,0.0100408,0.0104774,0.999559,0.430816,0.383577,0.190305
"San Juan, PR",2020224N11326,JOSEPHINE,2020,257.2,0,0,35,1,70,9,8.88571,0.110576,0.0918013,1.01286,0.959296,1.23968,1.20451,0.0856048,0.00571819,1.08737,1.30974,-0.0187743,-0.00118072
"Baltimore, MD",2020228N37286,KYLE,2020,375.8,0,0,38,1,70,18,16.0143,0.829667,0.805713,1.124,1.03923,0.881547,1.02973,0.0211563,0.0284771,0.992521,1.02203,-0.0239543,-0.0999055
"New York, NY & NJ",2020228N37286,KYLE,2020,385.5,0,0,45,2,70,36,30.6857,4.57231,4.75907,1.17318,0.855374,0.957395,0.960757,0.0276294,0.0297351,0.997835,0.958676,0.186762,-0.824197
"Philadelphia Regional Port, PA",2020228N37286,KYLE,2020,360.8,0,0,43,2,70,6.5,7.47143,0.236844,0.790248,0.869981,0.918291,0.375152,0.299708,0.0134949,0.0167792,0.996671,0.29871,0.553405,0.102747
"South Jersey Port Corp, NJ",2020228N37286,KYLE,2020,317.9,0,0,43,2,70,12.5,8.52857,0.336946,0.683865,1.46566,0.931721,0.360803,0.492708,0.0737135,0.0717281,1.00214,0.493764,0.346919,-0.31845
"Virginia, VA, Port of",2020228N37286,KYLE,2020,192.4,0,0,40,2,70,23.5,21.3,1.49954,1.38445,1.10329,0.874378,1.12278,1.08313,0.0308051,0.0204599,1.01067,1.09469,-0.115089,-0.142995
"Beaumont, TX",2020233N14313,LAURA,2020,85.6,4,4,130,2,70,6,12.5571,0.145697,1.18079,0.477816,2.21854,0.1164,0.12339,0,0.00392925,0.996071,0.122905,1.03509,0.616588
"Corpus Christi, TX",2020233N14313,LAURA,2020,444.6,4,4,130,2,70,20,14.9143,1.67578,2.82332,1.341,1.03429,0.427944,0.59355,0.0330403,0.00715075,1.02677,0.609442,1.14754,-0.962742
"Galveston, TX",2020233N14313,LAURA,2020,161.7,4,4,130,2,70,0.5,9.92857,0.0902293,1.87933,0.0503597,5.38934,0.176899,0.0480113,0.0317413,0.0319421,0.999793,0.0480014,1.7891,1.78469
"Greater Lafourche Port, LA",2020233N14313,LAURA,2020,284.1,4,4,130,2,70,2,2.58571,1.0485,0.829738,0.773481,1.91616,0.8526,1.26365,0.0146175,0.041908,0.972305,1.22866,-0.218763,0.187952
"Houston Port Authority, TX",2020233N14313,LAURA,2020,201.9,4,4,130,2,70,5,55.8429,0.143122,8.24361,0.089537,3.28693,0.0589923,0.0173615,0,0.000711515,0.999288,0.0173492,8.10049,7.5055
"Lake Charles Harbor District, LA",2020233N14313,LAURA,2020,15.7,4,4,130,2,70,0,3.54286,0.0591845,0.449661,0,,0.148454,0.13162,0.218135,0.0475549,1.21817,0.160336,0.390477,0.449661
"Mobile, AL",2020233N14313,LAURA,2020,497.3,2,4,85,1,70,8,7.64286,0.120973,0.228726,1.04673,1.13557,0.444962,0.528898,0.0482554,0.0586426,0.989086,0.523126,0.107754,-0.0106882
"New Orleans, LA",2020233N14313,LAURA,2020,318.3,4,4,130,2,70,20,25.8,1.24281,2.159,0.775194,1.13506,0.654221,0.575643,0,0.00914632,0.990854,0.570378,0.916188,0.485357
"Plaquemines Port District, LA",2020233N14313,LAURA,2020,356,4,4,130,2,70,52,45.4286,6.73805,3.66498,1.14465,0.888595,1.80753,1.8385,0.0157083,0.0689499,0.945909,1.73905,-3.07307,-0.530154
"Port Arthur, TX",2020233N14313,LAURA,2020,61.9,4,4,130,2,70,0,4.72857,0.0338532,0.863182,0,,0.0863334,0.0392191,0.0449871,0.00241002,1.04458,0.0409676,0.829329,0.863182
"Port Freeport, TX",2020233N14313,LAURA,2020,223.1,4,4,130,2,70,2,5.97143,0.0460172,1.34896,0.334928,2.08784,0.0487834,0.0341131,0,0.0165922,0.983408,0.0335471,1.30294,0.897154
"Port of Greater Baton Rouge, LA",2020233N14313,LAURA,2020,201.3,4,4,130,3,70,9,10.1571,2.44562,2.37062,0.886076,1.01835,1.1433,1.03164,0.0394103,0.00731241,1.03341,1.06611,-0.0750072,0.27007
"PortMiami, FL",2020233N14313,LAURA,2020,455.6,0,4,58,2,70,10,13.0429,0.401912,2.71857,0.766703,1.07369,0.179591,0.147839,0,0.0118737,0.988126,0.146084,2.31666,0.634234
"San Juan, PR",2020233N14313,LAURA,2020,82.3,0,4,45,3,70,4.66667,8.85714,0.0640415,0.275092,0.526882,0.897256,0.492441,0.2328,0,0.0079823,0.992018,0.230942,0.21105,0.130151
"South Louisiana, LA, Port of",2020233N14313,LAURA,2020,270.2,4,4,130,2,70,25.5,32.4,2.3799,2.75762,0.787037,1.0371,1.05733,0.863026,0,0.00259535,0.997405,0.860786,0.377722,0.587271
"Texas City, TX",2020233N14313,LAURA,2020,159,4,4,130,2,70,0,6.07143,0.0341282,1.28709,0,,0.257695,0.0265157,0,0.0281167,0.971883,0.0257702,1.25296,1.28709
"Beaumont, TX",2020234N14280,MARCO,2020,207.1,0,1,35,1,70,6,12.7714,0.0546381,0.625811,0.469799,0.939789,0.197747,0.0873077,0,0.00354842,0.996452,0.0869979,0.571173,0.331806
"Galveston, TX",2020234N14280,MARCO,2020,248.8,-1,1,30,1,70,5,9.8,0.31241,0.924162,0.510204,1.2591,0.526229,0.338047,0,0.0324612,0.967539,0.327074,0.611752,0.452651
"Greater Lafourche Port, LA",2020234N14280,MARCO,2020,67.5,0,1,60,3,70,2.66667,2.6,1.57094,1.23856,1.02564,1.40058,0.882953,1.26836,0.012625,0.043263,0.96897,1.229,-0.33238,-0.031758
"Houston Port Authority, TX",2020234N14280,MARCO,2020,311,-3,1,25,1,70,32,55.7857,2.19285,4.06231,0.573624,1.33316,0.705875,0.539805,0,0.000619267,0.999381,0.539471,1.86945,1.73207
"Lake Charles Harbor District, LA",2020234N14280,MARCO,2020,135,0,1,40,2,70,4.5,3.58571,0.202419,0.441934,1.25498,1.0758,0.339256,0.45803,0.0188632,0.0474372,0.970877,0.444691,0.239515,-0.112684
"Mobile, AL",2020234N14280,MARCO,2020,211.1,0,1,55,2,70,6,7.81429,0.215669,0.479055,0.767824,1.38206,0.424244,0.450198,0,0.0602118,0.939788,0.423091,0.263385,0.111225
"New Orleans, LA",2020234N14280,MARCO,2020,140.7,0,1,55,2,70,14,25.8857,0.475738,2.1983,0.540839,1.56777,0.25523,0.216412,0,0.00961972,0.99038,0.21433,1.72256,1.00937
"Plaquemines Port District, LA",2020234N14280,MARCO,2020,56.4,1,1,65,3,70,31.3333,45.8714,2.1161,5.80133,0.683069,1.41443,0.377539,0.364761,0.01881,0.0714626,0.946338,0.345187,3.68523,1.83862
"Port Arthur, TX",2020234N14280,MARCO,2020,181.1,0,1,38,2,70,3.5,4.74286,0.118844,0.842621,0.737952,1.42241,0.134368,0.141041,0,0.00221983,0.99778,0.140728,0.723777,0.220807
"Port Freeport, TX",2020234N14280,MARCO,2020,310.5,-3,1,25,1,70,5,5.92857,0.541182,0.676872,0.843373,1.15397,0.82153,0.799533,0,0.0172057,0.982794,0.785776,0.135691,0.106016
"Port of Greater Baton Rouge, LA",2020234N14280,MARCO,2020,178.5,0,1,50,2,70,8.5,10.3143,2.2748,1.71082,0.8241,1.23475,1.30671,1.32966,0.0137465,0.00658955,1.00726,1.3393,-0.563981,0.300934
"South Louisiana, LA, Port of",2020234N14280,MARCO,2020,146.8,0,1,55,2,70,22,32.3,4.77421,2.84675,0.681115,1.17449,2.09644,1.67707,0,0.00344062,0.996559,1.6713,-1.92745,0.907787
"Texas City, TX",2020234N14280,MARCO,2020,254.6,-1,1,30,1,70,2,5.92857,0.230842,0.639231,0.337349,1.55772,0.687207,0.361124,0.124051,0.0270195,1.11077,0.401126,0.40839,0.423587
"Jacksonville, FL",2020244N30279,OMAR,2020,93.5,-1,0,30,2,70,5.5,8.4,0.890207,2.16575,0.654762,1.16619,0.538309,0.411038,0,0.0197186,0.980281,0.402933,1.27554,0.7477
"Port Everglades, FL",2020244N30279,OMAR,2020,450.8,-3,0,28,2,70,21.5,20.2143,0.981715,0.829727,1.0636,1.02238,1.08808,1.18318,0.0075431,0.0110795,0.996437,1.17896,-0.151988,-0.0527742
"Port of Charleston, SC",2020244N30279,OMAR,2020,300.2,-1,0,30,3,70,21,15.9429,4.28991,1.66835,1.3172,0.935828,2.08599,2.57135,0.0508706,0.029907,1.02209,2.62815,-2.62156,-0.529207
"Port of Palm Beach District, FL",2020244N30279,OMAR,2020,390.7,-1,0,30,2,70,5.5,5.57143,0.238347,0.287814,0.987179,0.75982,1.10406,0.828129,0,0.0141459,0.985854,0.816414,0.049467,0.00368993
"Port of Savannah, GA",2020244N30279,OMAR,2020,214.9,-1,0,30,3,70,13.6667,11.7857,2.00236,2.55721,1.1596,0.854126,0.790583,0.783026,0.0182006,0.0200013,0.998166,0.78159,0.554848,-0.408121
"Tampa Port Authority, FL",2020244N30279,OMAR,2020,301.1,-3,0,28,2,70,5.5,6.98571,0.756773,0.581898,0.787321,1.2535,1.31778,1.30053,0,0.00569529,0.994305,1.29312,-0.174875,0.123757
"Virginia, VA, Port of",2020244N30279,OMAR,2020,346.4,0,0,35,2,70,16.5,21.3857,2.09947,1.35972,0.771543,1.18212,1.69292,1.54405,0.00846421,0.023922,0.98441,1.51998,-0.739751,0.310637
"Greater Lafourche Port, LA",2020256N25281,SALLY,2020,207.5,2,2,95,5,70,2,2.22857,2.09664,2.10232,0.897436,1.08884,1.02061,0.997299,0.033423,0.0426879,0.990415,0.98774,0.005678,0.215623
"Jacksonville, FL",2020256N25281,SALLY,2020,377,0,2,50,6,70,8.33333,8.17143,4.89653,2.29759,1.01981,1.07103,1.95116,2.13116,0.0243674,0.0257319,0.998601,2.12818,-2.59894,-0.0455233
"Mobile, AL",2020256N25281,SALLY,2020,51.5,2,2,95,5,70,2.6,8.14286,0.646974,1.35728,0.319298,1.58058,0.944506,0.47667,0.058089,0.0687082,0.988726,0.471296,0.710304,0.923902
"New Orleans, LA",2020256N25281,SALLY,2020,194.7,2,2,95,5,70,18.8,24.6857,3.58203,4.04074,0.761574,1.25055,0.930793,0.886477,0,0.0117863,0.988214,0.876029,0.458717,0.963418
"Plaquemines Port District, LA",2020256N25281,SALLY,2020,134.3,2,2,95,5,70,37.6,48,6.83311,9.03337,0.783333,1.01592,0.950518,0.756429,0.0327824,0.064923,0.96677,0.731293,2.20026,1.95723
"Port Everglades, FL",2020256N25281,SALLY,2020,66.5,0,2,50,3,70,17.6667,19.4,1.53118,1.34087,0.910653,0.999194,1.25498,1.14193,0.00120955,0.0109036,0.990294,1.13085,-0.19031,0.119803
"Port of Charleston, SC",2020256N25281,SALLY,2020,139.1,-4,2,30,2,70,14.5,16.6571,1.20209,1.1513,0.870497,1.09494,1.09544,1.04411,0.0149086,0.0361839,0.978403,1.02156,-0.050784,0.149097
"Port of Greater Baton Rouge, LA",2020256N25281,SALLY,2020,325.8,2,2,95,4,70,11,10.4429,4.96361,2.2873,1.05335,1.12335,1.83394,2.17008,0.0155351,0.0115976,1.004,2.17876,-2.67631,-0.122031
"Port of Palm Beach District, FL",2020256N25281,SALLY,2020,124.8,0,2,50,3,70,4.33333,5.25714,0.489744,0.50118,0.824275,1.2473,0.950453,0.97718,0,0.0139563,0.986044,0.963543,0.0114367,0.0880697
"Port of Savannah, GA",2020256N25281,SALLY,2020,203.4,-1,2,33,2,70,14,12.1429,1.62878,1.62399,1.15294,1.0939,0.795233,1.00295,0.00686686,0.0136126,0.993208,0.996137,-0.00478917,-0.248375
"PortMiami, FL",2020256N25281,SALLY,2020,12.2,0,2,50,3,70,13.6667,13.5143,1.31972,2.37652,1.01128,0.957698,0.573381,0.555318,0.0117753,0.00837929,1.00344,0.557226,1.0568,-0.0267966
"South Louisiana, LA, Port of",2020256N25281,SALLY,2020,239.5,2,2,95,4,70,29.5,33.1571,7.3207,5.40876,0.889703,1.08698,1.39956,1.35349,0.00105763,0.0036653,0.99739,1.34996,-1.91195,0.596571
"Tampa Port Authority, FL",2020256N25281,SALLY,2020,176,1,2,75,4,70,3.75,7.35714,0.349306,1.02706,0.509709,1.51269,0.4411,0.340102,0,0.00497937,0.995021,0.338408,0.677756,0.503559
"Beaumont, TX",2020261N21265,BETA,2020,17.1,0,0,55,6,70,11.8333,11.6571,2.45017,4.09205,1.01511,0.996624,0.591846,0.598763,0,0.00183545,0.998165,0.597664,1.64188,-0.0618488
"Corpus Christi, TX",2020261N21265,BETA,2020,118.7,0,0,55,4,70,10.5,14.2286,1.53367,5.6207,0.737952,1.20967,0.305666,0.272861,0.00197487,0.0108438,0.991114,0.270436,4.08703,1.47289
"Galveston, TX",2020261N21265,BETA,2020,52.6,0,0,55,6,70,5.5,11.3,4.41384,6.71341,0.486726,2.15021,0.628215,0.657466,0.011706,0.0350476,0.976382,0.641938,2.29957,3.44582
"Greater Lafourche Port, LA",2020261N21265,BETA,2020,262,0,0,55,6,70,2.16667,2.27143,2.7657,2.5212,0.953878,1.23863,0.928464,1.09698,0.0278758,0.0413295,0.986161,1.0818,-0.244501,0.116282
"Houston Port Authority, TX",2020261N21265,BETA,2020,41.7,0,0,55,6,70,34.5,54.1714,10.907,27.0141,0.636867,1.16747,0.543027,0.403753,0,0.000555957,0.999444,0.403529,16.1071,9.8097
"Lake Charles Harbor District, LA",2020261N21265,BETA,2020,62,0,0,55,6,70,0.166667,3.54286,0.168559,1.37124,0.047043,16.0706,0.162597,0.122925,0.128679,0.0936974,1.04015,0.12786,1.20268,1.30673
"Mobile, AL",2020261N21265,BETA,2020,276,-4,0,25,3,70,10.6667,8.3,0.290468,0.936551,1.28514,0.858235,0.281197,0.310147,0.0284886,0.0742551,0.952891,0.295536,0.646083,-0.267049
"New Orleans, LA",2020261N21265,BETA,2020,220.7,0,0,55,7,70,25.2857,23.8143,7.75016,5.67273,1.06179,1.03434,1.244,1.36621,0.00917345,0.0111944,0.99796,1.36343,-2.07744,-0.350504
"Plaquemines Port District, LA",2020261N21265,BETA,2020,307.8,0,0,55,6,70,57.6667,48.7571,14.744,11.727,1.18273,1.02887,1.03319,1.25726,0.041767,0.0607346,0.980206,1.23238,-3.01694,-2.14291
"Port Arthur, TX",2020261N21265,BETA,2020,42.4,0,0,55,6,70,3.66667,5.75714,4.83647,2.14908,0.63689,1.35719,2.60358,2.25049,0.00483507,0.0046755,1.00016,2.25085,-2.68739,0.780352
"Port Freeport, TX",2020261N21265,BETA,2020,12.3,0,0,55,6,70,2.5,5.81429,0.374273,2.77605,0.429975,1.66913,0.187858,0.134822,0,0.0108977,0.989102,0.133353,2.40177,1.58241
"Port of Greater Baton Rouge, LA",2020261N21265,BETA,2020,101.2,0,0,55,7,70,10.7143,10.2571,11.9792,4.08521,1.04457,1.09199,2.57074,2.93233,0.00925618,0.0122652,0.996963,2.92343,-7.894,-0.182071
"South Louisiana, LA, Port of",2020261N21265,BETA,2020,187,0,0,55,7,70,38.8571,33.3714,13.3877,9.14044,1.16438,0.967125,1.30064,1.46466,0.00129334,0.00463791,0.996651,1.45976,-4.24721,-1.50254
"Texas City, TX",2020261N21265,BETA,2020,29.8,0,0,55,6,70,3.66667,5.15714,4.20288,4.98756,0.710988,0.761745,1.55592,0.842672,0.0290943,0.0406847,0.988062,0.832613,0.784681,1.44146
"Beaumont, TX",2020279N16284,DELTA,2020,104,3,4,105,2,70,6,11.0286,0.195282,1.39277,0.544041,1.54128,0.167212,0.140211,0.0238942,0.00157248,1.02287,0.143417,1.19749,0.635047
"Corpus Christi, TX",2020279N16284,DELTA,2020,366.2,3,4,105,1,70,9,13.6143,2.62658,1.71012,0.66107,1.82268,1.2747,1.5359,0.00531731,0.00976368,0.99553,1.52904,-0.91646,0.57961
"Galveston, TX",2020279N16284,DELTA,2020,136.4,3,4,105,2,70,8,11.0857,0.799185,2.16455,0.721649,2.18934,0.233689,0.369214,0.00673399,0.032781,0.973776,0.359532,1.36537,0.602505
"Greater Lafourche Port, LA",2020279N16284,DELTA,2020,270.8,3,4,105,2,70,3,2.84286,0.853866,0.831211,1.05528,1.11022,0.876808,1.02725,0.0177803,0.0394125,0.977976,1.00463,-0.0226543,-0.0459464
"Houston Port Authority, TX",2020279N16284,DELTA,2020,202.4,3,4,105,2,70,52,53.1714,5.09042,7.52761,0.977969,1.05741,0.653925,0.676233,0,0.000833551,0.999166,0.675669,2.43719,0.165842
"Lake Charles Harbor District, LA",2020279N16284,DELTA,2020,25.4,3,4,105,2,70,0,3.21429,0.016902,0.415669,0,,0.142628,0.0406622,0.0606461,0.0910058,0.96768,0.039348,0.398767,0.415669
"Mobile, AL",2020279N16284,DELTA,2020,369.7,2,4,85,3,70,9.66667,8.92857,1.15283,0.882331,1.08267,1.01839,1.18502,1.30657,0.0876699,0.0805973,1.00775,1.3167,-0.270499,-0.0729393
"New Orleans, LA",2020279N16284,DELTA,2020,252.4,3,4,100,3,70,26.3333,23.7429,1.88287,2.43893,1.10911,1.0243,0.679552,0.772006,0,0.0117765,0.988224,0.762915,0.556061,-0.266101
"Plaquemines Port District, LA",2020279N16284,DELTA,2020,330.4,3,4,100,2,70,36,53.1429,3.09662,4.26375,0.677419,1.06203,1.00949,0.726266,0.0308975,0.0521732,0.978046,0.710321,1.16714,1.3754
"Port Arthur, TX",2020279N16284,DELTA,2020,81,3,4,105,2,70,1,4.97143,0.046751,0.754979,0.201149,2.23915,0.137484,0.0619236,0.0130471,0.00347899,1.00969,0.0625239,0.708228,0.603116
"Port Freeport, TX",2020279N16284,DELTA,2020,190.8,3,4,105,2,70,6,5.52857,0.204325,0.91137,1.08527,1.20603,0.17129,0.224195,0,0.00998541,0.990015,0.221956,0.707046,-0.0777138
"Port of Greater Baton Rouge, LA",2020279N16284,DELTA,2020,121.2,3,4,103,3,70,6.66667,10.8571,0.37201,2.53358,0.614035,0.766211,0.312089,0.146832,0.0259228,0.0117869,1.01451,0.148962,2.16157,0.977873
"South Louisiana, LA, Port of",2020279N16284,DELTA,2020,209.8,3,4,103,3,70,33.3333,34.4,4.5053,3.8079,0.968992,0.99689,1.22482,1.18315,0,0.00347303,0.996527,1.17904,-0.697401,0.118074
"Texas City, TX",2020279N16284,DELTA,2020,145.8,3,4,105,2,70,5.5,5.32857,0.377324,1.31412,1.03217,0.915424,0.303881,0.287129,0.0303409,0.024547,1.00598,0.288845,0.936801,-0.0422775
"Baltimore, MD",2020299N18277,ZETA,2020,158.8,-4,3,45,2,70,17.5,15.6429,2.85961,1.75143,1.11872,1.00518,1.45194,1.63273,0.0303988,0.0274155,1.00308,1.63775,-1.10817,-0.207932
"Beaumont, TX",2020299N18277,ZETA,2020,354.9,3,3,100,2,70,13,11.4429,0.60196,2.04755,1.13608,1.02275,0.25302,0.293991,0,0.00177647,0.998224,0.293469,1.44559,-0.27863
"Galveston, TX",2020299N18277,ZETA,2020,391.9,3,3,100,2,70,11,10.6,1.83094,2.20517,1.03774,1.28201,0.624096,0.830293,0.062844,0.0259234,1.0394,0.863003,0.374233,-0.0832139
"Greater Lafourche Port, LA",2020299N18277,ZETA,2020,37.8,3,3,100,2,70,4,3.32857,0.877771,0.807839,1.20172,1.06487,0.849094,1.08657,0.0402298,0.0419129,0.998246,1.08466,-0.0699323,-0.162955
"Houston Port Authority, TX",2020299N18277,ZETA,2020,466,3,3,100,1,70,47,53.5714,4.11494,4.44305,0.877333,1.05482,1.00078,0.926152,0,0.00145168,0.998548,0.924808,0.328109,0.545014
"Lake Charles Harbor District, LA",2020299N18277,ZETA,2020,274.4,3,3,100,2,70,5.5,4.05714,0.972293,0.596045,1.35563,0.799856,1.5044,1.63124,0.113007,0.0610863,1.05854,1.72673,-0.376248,-0.211974
"Mobile, AL",2020299N18277,ZETA,2020,111.5,3,3,100,2,70,5,10.2857,0.124793,0.628348,0.486111,1.03893,0.393251,0.198606,0.263791,0.0804564,1.24903,0.248063,0.503554,0.322901
"New Orleans, LA",2020299N18277,ZETA,2020,18.7,3,3,100,2,70,18,24.5,0.492397,1.89277,0.734694,1.36406,0.259583,0.260146,0,0.0108004,0.9892,0.257336,1.40037,0.502163
"New York, NY & NJ",2020299N18277,ZETA,2020,237.6,-4,3,45,2,70,33.5,32.4857,8.17584,5.35581,1.03122,1.09927,1.34663,1.52654,0.0203898,0.0204209,0.999968,1.52649,-2.82003,-0.167222
"Philadelphia Regional Port, PA",2020299N18277,ZETA,2020,149.2,-4,3,45,2,70,7,8.14286,0.266403,0.9285,0.859649,1.25941,0.265013,0.286918,0,0.00798488,0.992015,0.284627,0.662097,0.130316
"Plaquemines Port District, LA",2020299N18277,ZETA,2020,99.6,3,3,100,2,70,33.5,51.4857,1.48203,3.99269,0.650666,1.34986,0.422616,0.371187,0.0200819,0.0540195,0.965367,0.358332,2.51065,1.39478
"Port Arthur, TX",2020299N18277,ZETA,2020,331.5,3,3,100,2,70,7.5,5.02857,0.316649,0.683486,1.49148,0.879424,0.35321,0.463284,0,0.00459116,0.995409,0.461157,0.366838,-0.335918
"Port Freeport, TX",2020299N18277,ZETA,2020,447.5,3,3,100,1,70,9,6.11429,0.173049,0.542711,1.47196,0.857035,0.252757,0.31886,0,0.0160403,0.98396,0.313745,0.369663,-0.256139
"Port of Charleston, SC",2020299N18277,ZETA,2020,409.4,0,3,45,1,70,14,16.3429,1.02503,1.0384,0.856643,0.878973,1.31097,0.987116,0.0596798,0.0321387,1.02929,1.01603,0.0133789,0.148862
"Port of Greater Baton Rouge, LA",2020299N18277,ZETA,2020,137.2,3,3,100,2,70,5.5,11.5,0.655357,1.23233,0.478261,1.07103,1.03821,0.531805,0,0.0098173,0.990183,0.526584,0.576969,0.642953
"Port of Savannah, GA",2020299N18277,ZETA,2020,423.4,0,3,53,1,70,11,11.8286,1.08818,0.858102,0.929952,1.2096,1.12736,1.26813,0,0.0136291,0.986371,1.25084,-0.230082,0.0601086
"South Jersey Port Corp, NJ",2020299N18277,ZETA,2020,99.3,-4,3,45,2,70,4.5,8.6,0.128718,0.645147,0.523256,1.78435,0.213692,0.199518,0.0528739,0.0708412,0.98103,0.195733,0.516429,0.30757
"South Louisiana, LA, Port of",2020299N18277,ZETA,2020,61.8,3,3,100,2,70,27,33.2571,0.907587,2.88879,0.811856,1.22312,0.316392,0.314176,0,0.00125065,0.998749,0.313783,1.9812,0.543509
"Texas City, TX",2020299N18277,ZETA,2020,403.5,3,3,100,2,70,4,6.01429,0.914809,1.42897,0.665083,1.16243,0.828066,0.640186,0.0184001,0.0143886,1.00409,0.642803,0.514164,0.478587
"Virginia, VA, Port of",2020299N18277,ZETA,2020,193.8,0,3,45,2,70,24.5,24.1571,1.67855,1.68449,1.01419,0.975962,1.00673,0.996474,0.00244298,0.015587,0.986824,0.983344,0.00594026,-0.0239077
"Jacksonville, FL",2020306N15288,ETA,2020,23.3,0,4,63,3,70,6.33333,9.71429,1.88694,0.966668,0.651961,1.29876,2.30531,1.95201,0.0107122,0.028803,0.981713,1.91631,-0.920274,0.336438
"Port Everglades, FL",2020306N15288,ETA,2020,141.4,1,4,65,5,70,12.8,17.5286,1.2574,2.20264,0.730236,1.44683,0.540316,0.57086,0.00113695,0.0119967,0.989128,0.564654,0.945239,0.594191
"Port of Charleston, SC",2020306N15288,ETA,2020,125.5,0,4,40,2,70,16,16.0714,1.62544,2.79313,0.995556,1.1448,0.510603,0.581941,0.117547,0.0288878,1.10047,0.640408,1.16769,0.0124139
"Port of Palm Beach District, FL",2020306N15288,ETA,2020,200.2,1,4,65,5,70,3.8,5.1,0.660513,1.01049,0.745098,1.54048,0.56948,0.653656,0.00390899,0.0104673,0.993416,0.649352,0.349978,0.257576
"Port of Savannah, GA",2020306N15288,ETA,2020,87.3,0,4,53,2,70,12.5,11.8,0.845733,1.86173,1.05932,0.982331,0.436547,0.454273,0.0609035,0.011218,1.05291,0.478308,1.01599,-0.110441
"PortMiami, FL",2020306N15288,ETA,2020,81.5,1,4,65,5,70,12.8,13.0714,7.75315,6.38905,0.979235,0.961009,1.28952,1.21351,0.0137534,0.0120839,1.00169,1.21556,-1.3641,0.132669
"Tampa Port Authority, FL",2020306N15288,ETA,2020,112.2,1,4,65,4,70,8.75,8.21429,0.734155,0.904143,1.06522,1.37856,0.552953,0.81199,0.00154234,0.004637,0.996901,0.809473,0.169988,-0.0589658
"Virginia, VA, Port of",2020306N15288,ETA,2020,334.7,0,4,40,1,70,30,24.1714,0.945743,0.833038,1.24113,0.900869,1.01538,1.13529,0.0277044,0.0147652,1.01331,1.1504,-0.112705,-0.200874
"Jacksonville, FL",2021165N32282,BILL,2021,380.9,-3,0,20,2,70,9.5,11.3,1.43117,0.92722,0.840708,1.00403,1.8286,1.54351,0.00478013,0.0257073,0.978972,1.51105,-0.503951,0.147699
"Port of Charleston, SC",2021165N32282,BILL,2021,220.4,-1,0,28,2,70,18.5,21.8429,2.51082,2.44151,0.846959,1.11224,1.09168,1.02839,0.0356914,0.0259103,1.01014,1.03882,-0.0693108,0.373651
"Port of Savannah, GA",2021165N32282,BILL,2021,285.9,-3,0,23,2,70,15,16.4,4.41077,3.29724,0.914634,1.04882,1.39449,1.33772,0.0213146,0.0117324,1.00979,1.35081,-1.11353,0.281472
"Virginia, VA, Port of",2021165N32282,BILL,2021,361.7,0,0,38,1,70,28,29.8714,0.441979,1.5474,0.937351,0.591578,0.515094,0.285628,0,0.0417062,0.958294,0.273715,1.10542,0.0969436
"Baltimore, MD",2021169N23268,CLAUDETTE,2021,351.7,0,0,40,1,70,24,19.5143,1.51016,1.37673,1.22987,0.926274,0.962888,1.09692,0.0203709,0.0395001,0.980473,1.0755,-0.133428,-0.316466
"Beaumont, TX",2021169N23268,CLAUDETTE,2021,317.9,0,0,40,2,70,13,12.3714,2.63337,4.42349,1.05081,0.745033,0.76041,0.595315,0,0.00191501,0.998085,0.594175,1.79012,-0.22475
"Galveston, TX",2021169N23268,CLAUDETTE,2021,367.1,0,0,40,2,70,16,12.1714,7.19024,6.13017,1.31455,0.928919,0.960538,1.17293,0.0403493,0.0409827,0.99934,1.17215,-1.06007,-1.92827
"Greater Lafourche Port, LA",2021169N23268,CLAUDETTE,2021,57.5,0,0,40,3,70,8.66667,6.77143,1.47812,1.16123,1.27989,1.17121,0.849154,1.27289,0.0355089,0.0546116,0.980194,1.24768,-0.31689,-0.325013
"Houston Port Authority, TX",2021169N23268,CLAUDETTE,2021,429.3,0,0,40,2,70,75,75,29.3396,18.1492,1,1.02142,1.58268,1.61658,0.00136142,0.00207318,0.999287,1.61543,-11.1904,0
"Jacksonville, FL",2021169N23268,CLAUDETTE,2021,408.2,0,0,35,2,70,9,11.0286,0.259534,0.900594,0.816062,1.0453,0.337832,0.28818,0,0.0242485,0.975752,0.281193,0.64106,0.165653
"Lake Charles Harbor District, LA",2021169N23268,CLAUDETTE,2021,237.8,0,0,40,2,70,9,9.31429,2.75867,1.05073,0.966258,1.39192,1.9521,2.62548,0.0127975,0.0199482,0.992757,2.60646,-1.70794,0.0354542
"Mobile, AL",2021169N23268,CLAUDETTE,2021,114,0,0,40,3,70,18.3333,13.3143,1.83787,1.44094,1.37697,0.972998,0.951995,1.27547,0,0.00722932,0.992771,1.26625,-0.396935,-0.543185
"New Orleans, LA",2021169N23268,CLAUDETTE,2021,37.7,0,0,40,3,70,26,34.5714,3.04184,5.77213,0.752066,0.989204,0.708368,0.526988,0,0.00416765,0.995832,0.524792,2.73029,1.43111
"New York, NY & NJ",2021169N23268,CLAUDETTE,2021,373.3,0,0,40,2,70,33.5,38.6286,11.7846,10.934,0.867234,1.21822,1.02018,1.0778,0.0250614,0.0385398,0.986175,1.0629,-0.850673,1.45166
"Philadelphia Regional Port, PA",2021169N23268,CLAUDETTE,2021,362.6,0,0,40,2,70,14.5,12.4571,0.795083,2.0553,1.16399,1.10982,0.299458,0.386846,0.0248048,0.0300874,0.994583,0.38475,1.26021,-0.33705
"Plaquemines Port District, LA",2021169N23268,CLAUDETTE,2021,119.3,0,0,40,3,70,48.3333,55.8429,12.3882,10.7971,0.865524,1.05469,1.2569,1.14737,0.0250119,0.0461126,0.978358,1.12253,-1.59112,1.45195
"Port Arthur, TX",2021169N23268,CLAUDETTE,2021,294,0,0,40,2,70,7.5,9.1,1.56788,1.86888,0.824176,1.45571,0.699252,0.838937,0,0.000718735,0.999281,0.838335,0.301007,0.328595
"Port Freeport, TX",2021169N23268,CLAUDETTE,2021,426.6,0,0,40,2,70,7,8.54286,1.5007,2.10368,0.819398,0.929512,0.936626,0.713372,0,0.0071463,0.992854,0.708274,0.602973,0.379928
"Port of Charleston, SC",2021169N23268,CLAUDETTE,2021,169.5,0,0,40,2,70,18.5,21.7571,2.07695,2.43065,0.850295,1.1704,0.85862,0.854485,0.0280785,0.0261977,1.00194,0.856139,0.353695,0.363879
"Port of Greater Baton Rouge, LA",2021169N23268,CLAUDETTE,2021,94.8,0,0,40,3,70,11.3333,11.2,0.763148,3.76633,1.0119,0.969215,0.2066,0.202624,0,0.00478973,0.99521,0.201653,3.00318,-0.0448373
"Port of Savannah, GA",2021169N23268,CLAUDETTE,2021,233.8,0,0,40,2,70,17,16.6286,3.22569,3.55354,1.02234,0.824844,1.07646,0.90774,0.0147519,0.0088835,1.00596,0.913147,0.327849,-0.0793746
"South Jersey Port Corp, NJ",2021169N23268,CLAUDETTE,2021,314.6,0,0,40,2,70,11.5,13.3286,0.846144,1.23247,0.862808,1.22353,0.650338,0.686542,0.129484,0.0853716,1.05067,0.721332,0.386328,0.169085
"South Louisiana, LA, Port of",2021169N23268,CLAUDETTE,2021,13.6,0,0,40,3,70,33.6667,40.4429,4.4078,12.0824,0.83245,1.06587,0.411156,0.364811,0,0.00231574,0.997684,0.363967,7.67461,2.02441
"Texas City, TX",2021169N23268,CLAUDETTE,2021,373.4,0,0,40,2,70,7.5,6.24286,1.21828,2.81135,1.20137,0.920704,0.391771,0.433341,0.107061,0.00398979,1.11543,0.483361,1.59308,-0.566131
"Virginia, VA, Port of",2021169N23268,CLAUDETTE,2021,100.3,0,0,40,1,70,26,30.2857,1.10018,1.59417,0.858491,1.18665,0.677438,0.690127,0,0.0339881,0.966012,0.666671,0.49399,0.22559
"Jacksonville, FL",2021179N30287,DANNY,2021,244.5,0,0,40,2,70,11,11.0857,0.546561,1.13231,0.992268,1.15122,0.422556,0.482696,0.0228873,0.0231648,0.999716,0.482559,0.585748,0.00875497
"Port of Charleston, SC",2021179N30287,DANNY,2021,91.4,0,0,40,2,70,23,20.8143,1.50779,2.27901,1.10501,0.932401,0.642136,0.661601,0.0181638,0.0292667,0.988692,0.654119,0.771214,-0.239319
"Port of Savannah, GA",2021179N30287,DANNY,2021,52.1,0,0,40,2,70,11.5,16.9714,2.32173,3.87427,0.677609,1.23341,0.717027,0.599269,0.0130362,0.00851356,1.00458,0.602015,1.55254,1.24903
"Baltimore, MD",2021182N09317,ELSA,2021,146.5,0,1,50,2,70,18.5,19.6429,2.07567,2.63672,0.941818,1.04034,0.803433,0.787215,0.00744431,0.030759,0.97651,0.768724,0.561053,0.153409
"Jacksonville, FL",2021182N09317,ELSA,2021,151.3,1,1,65,3,70,9.33333,11.2,0.393651,1.90007,0.833333,1.22053,0.203693,0.207177,0.0240534,0.026229,0.997771,0.206715,1.50642,0.316679
"Mobile, AL",2021182N09317,ELSA,2021,449.9,0,1,55,1,70,15,13.2286,0.180422,0.457851,1.13391,1.10724,0.313867,0.394063,0.0100803,0.00879305,1.0013,0.394575,0.277429,-0.0613105
"New York, NY & NJ",2021182N09317,ELSA,2021,90.9,0,1,50,1,70,39,38.9857,4.77237,5.23408,1.00037,1.26803,0.718797,0.911788,0.00826768,0.0422091,0.965776,0.880582,0.461709,-0.00191795
"Philadelphia Regional Port, PA",2021182N09317,ELSA,2021,94,0,1,50,1,70,10,13.1,0.278624,1.39561,0.763359,1.37419,0.190317,0.199643,0,0.0336848,0.966315,0.192918,1.11699,0.330259
"Port Everglades, FL",2021182N09317,ELSA,2021,254.7,1,1,65,3,70,20,23.5857,2.77328,7.08254,0.847971,0.968189,0.47694,0.391566,0.0150395,0.0193578,0.995616,0.389849,4.30926,1.07675
"Port of Charleston, SC",2021182N09317,ELSA,2021,120.5,0,1,55,3,70,23.6667,20.3,3.55117,3.07642,1.16585,1.05165,0.94148,1.15432,0.0235645,0.032987,0.99035,1.14318,-0.474741,-0.510212
"Port of Palm Beach District, FL",2021182N09317,ELSA,2021,261.4,1,1,65,3,70,9,5.8,1.01827,0.412786,1.55172,0.509674,3.11912,2.46683,0,0.0202508,0.979749,2.41687,-0.605486,-0.227744
"Port of Savannah, GA",2021182N09317,ELSA,2021,100.6,0,1,55,2,70,13.5,17.2143,2.84931,3.72326,0.784232,1.01565,0.960788,0.765273,0,0.0123239,0.987676,0.755841,0.873952,0.80336
"PortMiami, FL",2021182N09317,ELSA,2021,241.1,1,1,65,3,70,16.6667,16.3143,14.5823,15.3532,1.0216,0.968858,0.959592,0.94979,0.00882246,0.012128,0.996665,0.946622,0.770887,-0.331622
"San Juan, PR",2021182N09317,ELSA,2021,359.9,1,1,70,1,70,15,12.0571,1.8686,0.488188,1.24408,1.03199,2.9813,3.82763,0,0.00969985,0.9903,3.7905,-1.38041,-0.119155
"South Jersey Port Corp, NJ",2021182N09317,ELSA,2021,59.4,0,1,50,2,70,11,13.0286,4.70687,1.67405,0.844298,1.32741,2.50879,2.81167,0.0135219,0.0768038,0.935851,2.6313,-3.03282,0.260652
"Tampa Port Authority, FL",2021182N09317,ELSA,2021,114,1,1,65,3,70,11.3333,12.4143,1.88779,2.39154,0.912927,1.01786,0.849473,0.789361,0,0.00752844,0.992472,0.783419,0.50375,0.208239
"Virginia, VA, Port of",2021182N09317,ELSA,2021,80.2,0,1,50,2,70,30.5,31.0571,3.30887,2.95481,0.982061,1.15002,0.991529,1.11983,0.00209011,0.0271097,0.974928,1.09175,-0.354066,0.0530071
"Baltimore, MD",2021222N14301,FRED,2021,241.7,-3,0,25,2,70,17,18.7571,1.59058,2.59292,0.906321,0.645613,1.04836,0.613431,0.0101934,0.0279577,0.982053,0.602422,1.00234,0.242901
"Greater Lafourche Port, LA",2021222N14301,FRED,2021,446.9,0,0,55,2,70,4.5,5.18571,0.904182,0.653766,0.867769,1.65246,0.964491,1.38304,0.0529805,0.063936,0.988432,1.36704,-0.250416,0.0864484
"Jacksonville, FL",2021222N14301,FRED,2021,359.5,0,0,55,2,70,9,10.8857,2.4566,1.12422,0.826772,1.0113,2.61347,2.18516,0.0100411,0.0180994,0.99186,2.16737,-1.33238,0.194747
"Mobile, AL",2021222N14301,FRED,2021,258.5,0,0,55,2,70,12.5,13.6143,0.727912,1.24532,0.918153,0.901974,0.70581,0.584517,0.0281145,0.0129989,1.01555,0.593608,0.517411,0.101926
"New Orleans, LA",2021222N14301,FRED,2021,443.6,0,0,55,2,70,31,37.2143,3.50681,4.33461,0.833013,1.10018,0.88277,0.809026,0,0.0136094,0.986391,0.798015,0.827799,0.723821
"New York, NY & NJ",2021222N14301,FRED,2021,208.4,-3,0,25,3,70,38,38.4857,27.1616,18.365,0.987379,0.798304,1.87635,1.47899,0.0320557,0.0377085,0.99416,1.47036,-8.79668,0.231777
"Philadelphia Regional Port, PA",2021222N14301,FRED,2021,250.4,-3,0,25,3,70,10.6667,11.1143,2.31016,2.74616,0.959726,0.820056,1.06887,0.841232,0.00491066,0.0250114,0.9798,0.824239,0.436003,0.110599
"Plaquemines Port District, LA",2021222N14301,FRED,2021,375.4,0,0,55,3,70,58.3333,64.5286,12.1176,13.0867,0.903992,1.10572,0.92635,0.925947,0.0255731,0.0364759,0.988811,0.915587,0.969103,1.25642
"Port Everglades, FL",2021222N14301,FRED,2021,393.2,0,0,40,3,70,21.6667,23.7286,6.07562,6.92282,0.913105,1.00912,0.952452,0.877622,0.0095889,0.0136474,0.995902,0.874026,0.847201,0.601562
"Port of Charleston, SC",2021222N14301,FRED,2021,437,-1,0,25,2,70,22,20.2429,2.34049,2.33422,1.0868,1.00693,0.91625,1.00269,0.0336069,0.0325295,1.00111,1.0038,-0.00627108,-0.202617
"Port of Palm Beach District, FL",2021222N14301,FRED,2021,425.2,0,0,45,3,70,6.66667,5.81429,0.203291,0.389846,1.1466,0.711915,0.63883,0.521465,0.0346703,0.0198002,1.0154,0.529498,0.186555,-0.0571519
"Port of Savannah, GA",2021222N14301,FRED,2021,386.6,0,0,55,3,70,17.6667,17.1714,5.9645,5.48339,1.02884,1.0181,1.03846,1.08774,0.00618713,0.00703769,0.999144,1.08681,-0.481116,-0.158145
"PortMiami, FL",2021222N14301,FRED,2021,333.6,0,0,40,3,70,16.6667,14.7286,12.8562,13.2013,1.13159,0.971316,0.886025,0.973856,0,0.0132722,0.986728,0.960931,0.345133,-1.73713
"San Juan, PR",2021222N14301,FRED,2021,124.8,0,0,40,2,70,10,12.3143,0.553802,1.9347,0.812065,1.1896,0.296311,0.286246,0.020485,0.0108455,1.00984,0.289063,1.3809,0.363599
"South Jersey Port Corp, NJ",2021222N14301,FRED,2021,296.1,-3,0,25,3,70,9.66667,12.7286,1.03511,1.59656,0.759446,0.83237,1.02563,0.648341,0.0086144,0.0784906,0.929517,0.602644,0.561444,0.384058
"South Louisiana, LA, Port of",2021222N14301,FRED,2021,488.5,0,0,55,2,70,43,42.2714,5.43957,7.01822,1.01724,1.06276,0.716939,0.775064,0,0.0107013,0.989299,0.76677,1.57865,-0.120963
"Tampa Port Authority, FL",2021222N14301,FRED,2021,323,0,0,55,4,70,10.5,12.7714,2.43642,3.2168,0.822148,1.06391,0.865912,0.757406,0.00195549,0.00243944,0.999515,0.757039,0.780376,0.572115
"Virginia, VA, Port of",2021222N14301,FRED,2021,487.5,-3,0,20,1,70,30,29.7714,0.799414,1.50363,1.00768,0.806195,0.654441,0.531657,0.0050143,0.0301439,0.974744,0.51823,0.704212,-0.0115442
"San Juan, PR",2021225N15313,GRACE,2021,158.2,-1,3,33,2,70,9.5,12.4571,0.102816,1.85304,0.762615,1.00003,0.0727538,0.055485,0,0.0107585,0.989242,0.054888,1.75022,0.439884
"Baltimore, MD",2021227N36297,HENRI,2021,307.6,1,1,65,3,70,20,18.9571,3.79817,3.80522,1.05501,1.02007,0.927489,0.998148,0,0.0360336,0.963966,0.962181,0.0070468,-0.20933
"New York, NY & NJ",2021227N36297,HENRI,2021,88.7,1,1,65,3,70,44,38.9143,13.8678,18.4415,1.13069,1.01435,0.65566,0.75199,0.0160468,0.0418286,0.973798,0.732286,4.57369,-2.41013
"Philadelphia Regional Port, PA",2021227N36297,HENRI,2021,179.5,1,1,65,3,70,11.3333,11.2571,1.56728,2.80833,1.00677,1.07541,0.515462,0.558083,0.00534167,0.02708,0.978145,0.545886,1.24105,-0.0190073
"South Jersey Port Corp, NJ",2021227N36297,HENRI,2021,223.9,1,1,65,4,70,15,12.6857,6.99649,2.39083,1.18243,1.04084,2.37778,2.92638,0.0403847,0.0908743,0.947386,2.77241,-4.60565,-0.436166
"Virginia, VA, Port of",2021227N36297,HENRI,2021,439.1,1,1,65,2,70,31.5,30.1714,3.21913,3.10752,1.04403,1.22442,0.810363,1.03592,0.00919194,0.0325933,0.976382,1.01145,-0.111611,-0.136837
"Baltimore, MD",2021239N17281,IDA,2021,34,-4,4,40,2,70,17.5,18.7571,2.99816,2.54225,0.932978,1.0201,1.23915,1.17933,0.0178472,0.0471278,0.970187,1.14417,-0.455907,0.170387
"Beaumont, TX",2021239N17281,IDA,2021,326,4,4,130,2,70,8,12.5857,0.436843,4.99992,0.635641,1.59697,0.0860706,0.0873701,0,0.00184499,0.998155,0.0872089,4.56307,1.82176
"Galveston, TX",2021239N17281,IDA,2021,413.5,4,4,130,2,70,10.5,13.2429,5.58522,4.90153,0.79288,1.90462,0.754561,1.13949,0.0385219,0.0321728,1.0066,1.14701,-0.683695,1.0152
"Greater Lafourche Port, LA",2021239N17281,IDA,2021,21.2,4,4,130,4,70,1.75,5.5,0.395738,1.53377,0.318182,0.850268,0.953712,0.258017,0.0349961,0.0608187,0.973241,0.251113,1.13803,1.04575
"Houston Port Authority, TX",2021239N17281,IDA,2021,448.8,4,4,125,2,70,70,80.9857,20.4949,18.4399,0.86435,0.973085,1.32144,1.11145,0,0.00264596,0.997354,1.1085,-2.05504,2.50137
"Lake Charles Harbor District, LA",2021239N17281,IDA,2021,251.6,4,4,130,3,70,7.33333,9.82857,2.75525,2.11684,0.746124,2.83306,0.615753,1.30158,0.0211471,0.034982,0.985866,1.28319,-0.638407,0.537415
"Mobile, AL",2021239N17281,IDA,2021,254.5,4,4,130,3,70,4.66667,13.9571,0.304357,2.10635,0.334357,2.0235,0.21357,0.144495,0.0140771,0.0056615,1.00854,0.145729,1.80199,1.40208
"New Orleans, LA",2021239N17281,IDA,2021,59.5,4,4,130,3,70,16,41.5571,0.744912,6.86921,0.385012,0.987919,0.285104,0.108442,0.125299,0.00446488,1.13814,0.123423,6.12429,4.22448
"New York, NY & NJ",2021239N17281,IDA,2021,57.8,-4,4,40,2,70,43.5,39.2857,9.05206,11.8691,1.10727,1.04638,0.658245,0.76266,0.0162971,0.0510119,0.96471,0.735746,2.817,-1.27323
"Philadelphia Regional Port, PA",2021239N17281,IDA,2021,56.7,-4,4,40,2,70,13.5,11.5286,1.15833,2.49963,1.171,1.02953,0.384379,0.4634,0.0126121,0.0365776,0.975728,0.452153,1.3413,-0.427445
"Plaquemines Port District, LA",2021239N17281,IDA,2021,67.2,4,4,130,4,70,24.5,71.3143,11.8223,17.9026,0.34355,1.02102,1.88262,0.660369,0.12917,0.0261419,1.11831,0.738497,6.0803,11.7522
"Port Arthur, TX",2021239N17281,IDA,2021,310.8,4,4,130,2,70,6,9.57143,0.349583,1.91233,0.626866,1.2428,0.234645,0.182805,0,0.000740295,0.99926,0.18267,1.56274,0.713555
"Port Freeport, TX",2021239N17281,IDA,2021,476.4,4,4,125,2,70,9,8.17143,1.68917,2.52057,1.1014,1.18257,0.514522,0.670154,0.00839149,0.0160342,0.992293,0.664989,0.831401,-0.255583
"Port of Greater Baton Rouge, LA",2021239N17281,IDA,2021,50.7,4,4,130,3,70,9,13.1571,4.45498,4.08996,0.684039,0.602506,2.64293,1.08925,0.125309,0.00619044,1.13618,1.23759,-0.365025,1.29227
"PortMiami, FL",2021239N17281,IDA,2021,450.1,1,4,70,2,70,14,15.1,4.19653,9.20314,0.927152,0.998188,0.49271,0.455989,0.0179448,0.0134932,1.00453,0.458056,5.00661,0.670427
"South Jersey Port Corp, NJ",2021239N17281,IDA,2021,60.6,-4,4,40,2,70,14,12.5857,0.906555,1.4794,1.11237,1.03586,0.531813,0.612787,0.011111,0.0972967,0.912846,0.55938,0.572841,-0.166243
"South Louisiana, LA, Port of",2021239N17281,IDA,2021,16.1,4,4,130,3,70,26.6667,47.2714,0.605543,11.0055,0.564118,0.585131,0.166691,0.0550218,0.184123,0.00198151,1.22325,0.0673053,10.4,4.7971
"Tampa Port Authority, FL",2021239N17281,IDA,2021,494,1,4,80,1,70,13,11.8143,0.275869,1.01815,1.10036,1.22454,0.201086,0.27095,0,0.00336299,0.996637,0.270039,0.742285,-0.102185
"Texas City, TX",2021239N17281,IDA,2021,413.2,4,4,130,2,70,6.5,6.07143,2.22077,2.83081,1.07059,0.955081,0.767237,0.784499,0,0.00160329,0.998397,0.783241,0.610043,-0.199822
"Virginia, VA, Port of",2021239N17281,IDA,2021,285.1,-4,4,38,2,70,27,30.5857,2.9279,3.10379,0.882765,1.12378,0.950904,0.943331,0,0.0437359,0.956264,0.902074,0.175888,0.363872
"Greater Lafourche Port, LA",2021252N28273,MINDY,2021,350.5,0,0,50,2,70,3,5.67143,0.340981,0.786977,0.528967,0.939206,0.872125,0.43328,0.173168,0.0591577,1.13789,0.493024,0.445996,0.370692
"Jacksonville, FL",2021252N28273,MINDY,2021,96.9,0,0,50,2,70,13,11.3571,1.68108,1.33994,1.14465,0.893863,1.22619,1.2546,0.0309618,0.0184933,1.01287,1.27074,-0.341142,-0.193827
"Mobile, AL",2021252N28273,MINDY,2021,267.6,0,0,50,2,70,10,12.8571,0.151231,1.10659,0.777778,1.0036,0.17508,0.136664,0.0555457,0.00748112,1.05089,0.143619,0.955359,0.245909
"New Orleans, LA",2021252N28273,MINDY,2021,362.2,0,0,50,2,70,36.5,41.1429,5.24782,4.56183,0.887153,1.01061,1.2831,1.15038,0.0939084,0.00243884,1.10095,1.26651,-0.685988,0.51479
"Plaquemines Port District, LA",2021252N28273,MINDY,2021,283,0,0,50,2,70,78.5,70.7714,10.2306,9.12927,1.1092,1.08264,0.933187,1.12063,0.0992412,0.0275943,1.07954,1.20977,-1.10128,-0.996959
"Port of Charleston, SC",2021252N28273,MINDY,2021,158.8,0,0,35,2,70,20,19.4143,0.687525,2.23427,1.03017,0.910991,0.327892,0.307718,0.0421839,0.0297297,1.013,0.311719,1.54674,-0.0674062
"Port of Greater Baton Rouge, LA",2021252N28273,MINDY,2021,491.8,0,0,35,1,70,19,12.1857,6.19924,1.20598,1.5592,0.93821,3.51394,5.14041,0,0.00462677,0.995373,5.11663,-4.99326,-0.674389
"Port of Savannah, GA",2021252N28273,MINDY,2021,82.9,0,0,50,2,70,19,18.0143,2.54579,4.32907,1.05472,0.989109,0.563699,0.588069,0.0200688,0.00883988,1.01146,0.594808,1.78328,-0.23688
"South Louisiana, LA, Port of",2021252N28273,MINDY,2021,402.4,0,0,45,2,70,40,48.5571,1.45659,6.77001,0.823772,0.896379,0.291372,0.215153,0.054207,0.00164075,1.05558,0.22711,5.31343,1.19307
"Tampa Port Authority, FL",2021252N28273,MINDY,2021,325.4,0,0,50,2,70,14,10.6714,1.33062,1.93179,1.31191,0.826239,0.635453,0.688802,0.0343874,0.00238919,1.03314,0.711627,0.601169,-0.602552
"Beaumont, TX",2021256N21265,NICHOLAS,2021,6.1,1,1,65,5,70,9.6,12.6429,19.2464,11.2693,0.759322,1.18101,1.90446,1.70786,0,0.00132372,0.998676,1.7056,-7.97711,2.71227
"Corpus Christi, TX",2021256N21265,NICHOLAS,2021,116.3,1,1,65,3,70,17.6667,19.7143,9.03453,12.893,0.896135,1.07255,0.729052,0.700731,0.00165619,0.00554781,0.996102,0.697999,3.85848,1.33913
"Galveston, TX",2021256N21265,NICHOLAS,2021,39.8,1,1,65,5,70,12.2,13.0143,17.9659,10.6837,0.937431,1.34887,1.32989,1.68162,0.0411039,0.0353667,1.00598,1.69168,-7.28217,0.668463
"Greater Lafourche Port, LA",2021256N21265,NICHOLAS,2021,131.9,0,1,43,4,70,4.75,5.21429,1.71351,1.50383,0.910959,1.133,1.10397,1.13943,0.0696707,0.0605808,1.00977,1.15056,-0.209677,0.133903
"Houston Port Authority, TX",2021256N21265,NICHOLAS,2021,43.9,1,1,65,5,70,77.4,80.7571,35.5646,45.4005,0.958429,1.06083,0.770464,0.783353,0.00107245,0.00270999,0.998361,0.782069,9.83589,1.88734
"Lake Charles Harbor District, LA",2021256N21265,NICHOLAS,2021,44,1,1,65,5,70,10.2,9.22857,4.44105,3.85019,1.10526,1.0537,0.990427,1.15346,0.0243162,0.0365676,0.987443,1.13898,-0.590868,-0.405283
"Mobile, AL",2021256N21265,NICHOLAS,2021,360.8,-1,1,25,3,70,14.3333,12.3,2.58603,1.47768,1.16531,1.00955,1.48759,1.75006,0.0170099,0.00728163,1.0099,1.76738,-1.10835,-0.244278
"New Orleans, LA",2021256N21265,NICHOLAS,2021,165.6,0,1,35,4,70,44.25,38.0429,11.3765,8.67629,1.16316,1.05729,1.0662,1.31122,0.00186825,0.0070525,0.994806,1.30441,-2.70023,-1.41564
"Plaquemines Port District, LA",2021256N21265,NICHOLAS,2021,205.2,-1,1,30,3,70,84,67.1857,20.6666,12.7946,1.25027,1.12455,1.14885,1.61526,0.00299173,0.0314243,0.971482,1.56919,-7.872,-3.20206
"Port Arthur, TX",2021256N21265,NICHOLAS,2021,27.7,1,1,65,5,70,6.4,9.27143,5.1676,4.83372,0.690293,1.36764,1.13241,1.06907,0,0.000620206,0.99938,1.06841,-0.33388,1.49704
"Port Freeport, TX",2021256N21265,NICHOLAS,2021,12.3,1,1,65,5,70,6.6,8.15714,3.90853,6.45304,0.809107,1.14311,0.654867,0.605688,0.00733127,0.0159705,0.991297,0.600417,2.54451,1.23184
"Port of Greater Baton Rouge, LA",2021256N21265,NICHOLAS,2021,77.8,1,1,65,4,70,20.25,12.0857,15.0075,5.14883,1.67553,1.00151,1.73697,2.91474,0,0.0162422,0.983758,2.8674,-9.85867,-3.4782
"South Louisiana, LA, Port of",2021256N21265,NICHOLAS,2021,120.3,0,1,50,4,70,52.5,47.2,17.4133,10.1943,1.11229,1.06383,1.44355,1.70814,0.0019101,0.00801471,0.993884,1.69769,-7.21897,-1.1447
"Texas City, TX",2021256N21265,NICHOLAS,2021,16.9,1,1,65,5,70,3,6.57143,4.77144,6.05402,0.456522,1.50174,1.14961,0.788144,0,0.000353528,0.999646,0.787865,1.28258,3.29023
"New York, NY & NJ",2021259N30286,ODETTE,2021,479.6,0,0,40,1,70,35,40.0286,7.89885,5.63773,0.874375,1.28605,1.24596,1.40107,0.00839623,0.0360547,0.972107,1.36199,-2.26111,0.708238
"Philadelphia Regional Port, PA",2021259N30286,ODETTE,2021,478.3,0,0,40,2,70,11.5,10.7857,1.15308,2.07341,1.06623,1.16968,0.445918,0.556125,0,0.0208058,0.979194,0.544555,0.920335,-0.137312
"Port of Charleston, SC",2021259N30286,ODETTE,2021,441.9,-3,0,30,2,70,21,19.2857,2.36401,1.95528,1.08889,0.975473,1.13826,1.20904,0.0198263,0.0303968,0.989216,1.196,-0.408725,-0.173803
"South Jersey Port Corp, NJ",2021259N30286,ODETTE,2021,433.7,0,0,40,2,70,15.5,11.9714,1.25322,1.65882,1.29475,0.945323,0.617254,0.755491,0.111818,0.0721419,1.04467,0.78924,0.405595,-0.488935
"Virginia, VA, Port of",2021259N30286,ODETTE,2021,303.3,0,0,40,3,70,27.6667,29.1714,3.86987,4.83553,0.948417,1.09399,0.771327,0.800299,0.0216073,0.0269003,0.99459,0.79597,0.965658,0.249433
"San Juan, PR",2021262N16307,PETER,2021,250.6,0,0,45,3,70,12.6667,12.4429,0.389688,3.72314,1.01799,1.20857,0.0850734,0.104667,0.0128029,0.0072843,1.00559,0.105252,3.33345,-0.0669681
"New York, NY & NJ",2021299N33284,WANDA,2021,340,-4,0,60,1,70,41,40.4143,5.76725,5.79576,1.01449,1.13169,0.866728,0.99508,0.00747189,0.0375008,0.969745,0.964974,0.0285161,-0.0839966
"Philadelphia Regional Port, PA",2021299N33284,WANDA,2021,419.1,-4,0,60,1,70,15,11.5857,1.49836,1.16773,1.2947,0.993685,0.997373,1.28314,0,0.0165291,0.983471,1.26193,-0.330633,-0.344126
"Port of Charleston, SC",2021299N33284,WANDA,2021,354.1,-4,0,40,1,70,22,20.5571,1.11601,1.14229,1.07019,0.92462,0.987342,0.976991,0.00605245,0.0273997,0.978523,0.956008,0.0262825,-0.0801748
"Port of Savannah, GA",2021299N33284,WANDA,2021,455.5,-4,0,35,1,70,18,18.5,2.58362,2.14297,0.972973,1.10167,1.12476,1.20562,0.0215951,0.0103211,1.01152,1.21952,-0.440645,0.0579182
"South Jersey Port Corp, NJ",2021299N33284,WANDA,2021,415.7,-4,0,58,1,70,11,12.2571,0.924965,0.75905,0.897436,1.06974,1.26933,1.21858,0,0.0926734,0.907327,1.10565,-0.165915,0.0778513
"Virginia, VA, Port of",2021299N33284,WANDA,2021,360.8,-4,0,45,2,70,24,30.9857,2.60426,3.32922,0.77455,1.24122,0.813657,0.782242,0.0171591,0.0274425,0.989537,0.774058,0.724964,0.750572
"Jacksonville, FL",2022154N21273,ALEX,2022,364.4,0,0,45,2,70,15,12.3286,3.44647,1.06336,1.21669,0.931748,2.85902,3.24111,0.0160804,0.0415496,0.974115,3.15721,-2.38311,-0.230416
"Port Everglades, FL",2022154N21273,ALEX,2022,95.9,0,0,45,2,70,21,24.8143,3.42951,4.23896,0.846287,1.38194,0.691776,0.809044,0.00565974,0.0298621,0.97566,0.789352,0.809454,0.651585
"Port of Palm Beach District, FL",2022154N21273,ALEX,2022,57.4,0,0,45,2,70,2.5,5.3,0.24902,0.374457,0.471698,2.17225,0.649021,0.665017,0.00314057,0.0393544,0.963672,0.640859,0.125437,0.197826
"PortMiami, FL",2022154N21273,ALEX,2022,140,0,0,45,2,70,16,15.6571,8.33449,4.08838,1.0219,1.00944,1.97624,2.03858,0.00393203,0.0255296,0.978317,1.99438,-4.24611,-0.0895265
"Tampa Port Authority, FL",2022154N21273,ALEX,2022,175.6,0,0,43,2,70,10,12.3429,1.45895,1.4592,0.810185,1.0958,1.12619,0.999828,0.00395795,0.0209089,0.982982,0.982812,0.000251466,0.276978
"Jacksonville, FL",2022183N32280,COLIN,2022,196.7,0,0,35,2,70,13.5,13.3714,1.33338,1.29486,1.00962,0.773537,1.31854,1.02975,0.168603,0.0351643,1.1605,1.19502,-0.0385165,-0.0124506
"Port of Charleston, SC",2022183N32280,COLIN,2022,13,0,0,35,2,70,20,17.9571,0.400317,2.95121,1.11376,0.787686,0.154617,0.135645,0.224775,0.0381508,1.24074,0.1683,2.55089,-0.335738
"Port of Savannah, GA",2022183N32280,COLIN,2022,41.3,0,0,35,2,70,19,19.1571,3.24919,4.28733,0.991797,0.809394,0.944073,0.757859,0.158267,0.0315632,1.15053,0.871937,1.03814,0.0351682
"Tampa Port Authority, FL",2022183N32280,COLIN,2022,468.1,-1,0,33,1,70,14,11.7714,0.845606,0.682883,1.18932,0.943443,1.10359,1.23829,0.00823946,0.0256222,0.982473,1.21659,-0.162724,-0.129284
"Virginia, VA, Port of",2022183N32280,COLIN,2022,415.3,0,0,35,1,70,28,26.1143,1.58129,1.78094,1.07221,1.14225,0.724972,0.887898,0,0.0330872,0.966913,0.85852,0.199647,-0.128601
"Corpus Christi, TX",2022232N20266,UNNAMED,2022,338,-3,-3,30,2,70,22,21.7286,3.52562,15.0207,1.01249,0.966994,0.239735,0.234718,0.00262867,0.0214416,0.981138,0.230291,11.495,-0.187635
"San Juan, PR",2022246N18301,EARL,2022,207.6,0,2,60,4,70,11,11.4143,1.01615,1.40959,0.963705,0.888297,0.842101,0.720885,0,0.0172019,0.982798,0.708485,0.393436,0.0511614
"San Juan, PR",2022257N16312,FIONA,2022,111.9,2,4,95,4,70,6.5,11.9143,0.284554,1.99022,0.545564,1.15387,0.227122,0.142976,0,0.00191119,0.998089,0.142703,1.70567,0.90443
"Jacksonville, FL",2022266N12294,IAN,2022,219.8,5,5,140,3,70,2.66667,13.4143,0.227107,1.85605,0.198793,2.1588,0.285121,0.122361,0.0198753,0.0210956,0.998755,0.122208,1.62894,1.48708
"Port Everglades, FL",2022266N12294,IAN,2022,169.7,5,5,140,4,70,20,22.1286,1.76872,4.2307,0.903809,1.11414,0.415174,0.418068,0.00806619,0.0146642,0.993348,0.415287,2.46198,0.406956
"Port of Charleston, SC",2022266N12294,IAN,2022,83.7,1,5,75,3,70,10.3333,17.8143,0.36915,3.73485,0.580059,1.03607,0.164463,0.0988392,0.00987452,0.0180326,0.991761,0.0980249,3.3657,1.56842
"Port of Palm Beach District, FL",2022266N12294,IAN,2022,127.1,5,5,140,4,70,3.75,5.14286,0.661438,0.756094,0.729167,1.18714,1.01061,0.874809,0,0.0142883,0.985712,0.862309,0.0946564,0.204775
"Port of Savannah, GA",2022266N12294,IAN,2022,201.4,1,5,75,3,70,5,18.3,0.823191,6.28429,0.273224,2.27015,0.211189,0.130992,0,0.0150926,0.984907,0.129015,5.4611,4.56727
"PortMiami, FL",2022266N12294,IAN,2022,199.9,5,5,140,4,70,16,17.0571,4.15804,9.24724,0.938023,0.958762,0.499979,0.449652,0.00224471,0.00746812,0.994765,0.447298,5.0892,0.573112
"Tampa Port Authority, FL",2022266N12294,IAN,2022,101.2,5,5,140,4,70,1.75,12.3286,0.13493,6.51547,0.141947,2.48123,0.0587988,0.0207091,0,0.00470614,0.995294,0.0206116,6.38054,5.59062
"Virginia, VA, Port of",2022266N12294,IAN,2022,350.8,1,5,70,2,70,23,26.7143,3.65727,3.42784,0.860963,1.46653,0.845007,1.06693,0,0.0114374,0.988563,1.05473,-0.229429,0.476598
"Jacksonville, FL",2022311N21293,NICOLE,2022,180.8,1,1,65,2,70,11,12.6286,1.29584,1.28979,0.871041,1.06918,1.0788,1.00469,0,0.018441,0.981559,0.986158,-0.00604352,0.166331
"Mobile, AL",2022311N21293,NICOLE,2022,339.1,0,1,38,2,70,17.5,15.1286,1.11314,1.47084,1.15675,0.867885,0.753845,0.756806,0.00981258,0.0275647,0.982072,0.743238,0.357699,-0.230556
"Port Everglades, FL",2022311N21293,NICOLE,2022,143.3,1,1,65,2,70,13,25.0286,0.937203,3.22188,0.519406,1.88017,0.297865,0.290887,0.0143335,0.0110391,1.00334,0.291859,2.28467,1.54841
"Port of Charleston, SC",2022311N21293,NICOLE,2022,419.3,0,1,38,2,70,13,19.0286,0.465978,2.87145,0.683183,1.14798,0.206916,0.16228,0.0229001,0.0187406,1.00426,0.162971,2.40547,0.909722
"Port of Palm Beach District, FL",2022311N21293,NICOLE,2022,96.5,1,1,65,2,70,0.5,5.88571,0.308784,0.428046,0.0849515,13.5148,0.628323,0.72138,0.00823967,0.0139429,0.994249,0.717232,0.119262,0.391683
"Port of Savannah, GA",2022311N21293,NICOLE,2022,336.9,0,1,62,2,70,13.5,18.1143,3.59752,4.08304,0.745268,1.14151,1.03569,0.881088,0.0767371,0.0105026,1.07174,0.944297,0.485521,1.04008
"PortMiami, FL",2022311N21293,NICOLE,2022,200.4,1,1,65,2,70,13.5,16.7714,1.7267,5.24358,0.80494,1.16966,0.349759,0.329299,0,0.00695121,0.993049,0.32701,3.51687,1.02281
"San Juan, PR",2022311N21293,NICOLE,2022,254,-3,1,35,1,70,8,10.6571,1.36643,0.707271,0.75067,1.04539,2.46193,1.93198,0,0.0050884,0.994912,1.92215,-0.659163,0.176344
"Tampa Port Authority, FL",2022311N21293,NICOLE,2022,56.7,1,1,65,3,70,10.6667,11.9714,8.07165,7.10902,0.89101,1.49273,0.853669,1.13541,0.00155515,0.00231727,0.999237,1.13454,-0.962631,0.77481
"South Jersey Port Corp, NJ",2023015N36289,UNNAMED,2023,477.4,-4,-2,45,1,70,20,13.6714,1.12412,0.8953,1.4629,0.845627,1.01496,1.25558,0.0173687,0.0766916,0.939629,1.17978,-0.228818,-0.414439
"Virginia, VA, Port of",2023015N36289,UNNAMED,2023,451.9,-4,-2,45,1,70,23,28.9429,0.608022,1.94161,0.794669,1.20565,0.326851,0.313154,0,0.015771,0.984229,0.308215,1.33358,0.398671
"Greater Lafourche Port, LA",2023152N26274,ARLENE,2023,393.7,0,0,35,2,70,10.5,11.5571,0.985502,1.03749,0.908529,1.0809,0.967274,0.949891,0.0560405,0.0655927,0.989881,0.940279,0.0519878,0.0949002
"Mobile, AL",2023152N26274,ARLENE,2023,334.7,0,0,35,2,70,9,13.5429,1.16816,2.83169,0.664557,0.908822,0.683041,0.412532,0.0466096,0.0475786,0.998984,0.412113,1.66352,0.94987
"New Orleans, LA",2023152N26274,ARLENE,2023,411.1,0,0,35,2,70,34.5,29.4714,4.50179,4.46162,1.17063,1.00241,0.859867,1.009,0,0.000881462,0.999119,1.00811,-0.0401702,-0.761266
"Plaquemines Port District, LA",2023152N26274,ARLENE,2023,328.9,0,0,35,3,70,64.3333,53.0714,17.3577,14.9686,1.2122,1.00197,0.954733,1.15961,0.0368409,0.0432101,0.993387,1.15194,-2.38908,-3.17639
"Port Everglades, FL",2023152N26274,ARLENE,2023,408.1,-3,0,25,2,70,23,26.5,4.18619,1.79546,0.867925,1.00327,2.67757,2.33153,0.00679972,0.010308,0.996468,2.3233,-2.39072,0.237137
"Port of Palm Beach District, FL",2023152N26274,ARLENE,2023,453.8,-3,0,25,1,70,2,6,0.119395,0.196257,0.333333,2.73945,0.666219,0.608358,0,0.0119737,0.988026,0.601074,0.0768626,0.130838
"PortMiami, FL",2023152N26274,ARLENE,2023,360.6,-3,0,25,2,70,12,14.9143,7.17433,4.56536,0.804598,1.06955,1.8261,1.57147,0.0428895,0.0112211,1.03309,1.62347,-2.60897,0.892082
"South Louisiana, LA, Port of",2023152N26274,ARLENE,2023,449.8,-1,0,33,2,70,45,40.9,7.1075,7.07978,1.10024,0.925306,0.986104,1.00392,0,0.00105365,0.998946,1.00286,-0.0277204,-0.709709
"Tampa Port Authority, FL",2023152N26274,ARLENE,2023,349.4,0,0,35,4,70,10.5,10.7857,5.59307,5.45583,0.97351,1.02741,1.02496,1.02515,0,0.00149234,0.998508,1.02362,-0.137237,0.144525
"San Juan, PR",2023232N13300,FRANKLIN,2023,397,0,4,60,7,70,11.4286,12.0571,2.41008,2.7104,0.947867,1.13137,0.829173,0.8892,0.0070709,0.0110329,0.99601,0.885651,0.300313,0.1413
"Beaumont, TX",2023234N25271,HAROLD,2023,424.3,0,0,50,1,70,18,14.3714,1.67641,3.0201,1.25249,0.981642,0.451474,0.555084,0,0.00500181,0.994998,0.552308,1.34369,-0.762529
"Corpus Christi, TX",2023234N25271,HAROLD,2023,83,0,0,50,2,70,24.5,22.9,14.1861,19.0239,1.06987,1.14644,0.607969,0.745696,0,0.00644349,0.993557,0.740891,4.83786,-1.32918
"Galveston, TX",2023234N25271,HAROLD,2023,311.1,0,0,50,1,70,13,12.0143,4.32934,2.68114,1.08205,0.880407,1.69502,1.61474,0.0337119,0.0471127,0.986132,1.59235,-1.6482,-0.219975
"Greater Lafourche Port, LA",2023234N25271,HAROLD,2023,478.5,-1,0,30,2,70,11,9.81429,1.10634,0.988731,1.12082,1.05292,0.948155,1.11895,0.0519827,0.0673264,0.983815,1.10084,-0.117605,-0.119454
"Houston Port Authority, TX",2023234N25271,HAROLD,2023,354,0,0,50,1,70,67,78.4714,8.47549,12.0278,0.853814,1.01863,0.810211,0.704656,0,0.00361899,0.996381,0.702106,3.55235,1.7583
"Lake Charles Harbor District, LA",2023234N25271,HAROLD,2023,449.6,0,0,50,1,70,9,9.95714,0.273041,0.927837,0.903874,1.5149,0.214914,0.294277,0.0139798,0.0507654,0.962693,0.283299,0.654796,0.0891895
"Port Arthur, TX",2023234N25271,HAROLD,2023,420.6,0,0,50,1,70,9,8.64286,0.393341,0.547149,1.04132,0.946579,0.729327,0.718893,0,0.00483346,0.995167,0.715418,0.153807,-0.0226094
"Port Freeport, TX",2023234N25271,HAROLD,2023,274.5,0,0,50,2,70,5,8.12857,0.159147,2.65053,0.615114,1.35282,0.0721558,0.0600436,0.00753614,0.0209845,0.986449,0.05923,2.49138,1.02015
"Texas City, TX",2023234N25271,HAROLD,2023,329.3,0,0,50,1,70,6,7.91429,1.60489,1.84447,0.758123,1.2461,0.921043,0.870108,0.0219445,0.0049557,1.01737,0.885222,0.239582,0.446136
"Jacksonville, FL",2023239N21274,IDALIA,2023,125.7,4,4,115,2,70,8.5,13.3429,1.06505,1.60533,0.637045,0.926984,1.12348,0.663448,0.0574282,0.035661,1.02309,0.678769,0.540276,0.582661
"Mobile, AL",2023239N21274,IDALIA,2023,423.3,4,4,115,1,70,12,14.1571,0.19839,0.768225,0.847629,1.10468,0.275797,0.258244,0.0431756,0.0253356,1.01865,0.263059,0.569835,0.117055
"Plaquemines Port District, LA",2023239N21274,IDALIA,2023,499.9,3,4,105,1,70,46,56.2571,3.53517,6.52245,0.817674,1.24336,0.533118,0.542001,0.0131101,0.0351529,0.977664,0.529895,2.98728,1.18921
"Port Everglades, FL",2023239N21274,IDALIA,2023,430.3,4,4,115,2,70,23.5,26.0857,0.607998,1.53894,0.900876,1.00851,0.434843,0.395075,0.0186404,0.0123076,1.00645,0.397624,0.930947,0.152546
"Port of Charleston, SC",2023239N21274,IDALIA,2023,23.4,3,4,100,2,70,9,16.1143,0.217063,2.93111,0.558511,1.23892,0.107023,0.0740547,0.0158367,0.026274,0.989395,0.0732694,2.71405,1.29406
"Port of Palm Beach District, FL",2023239N21274,IDALIA,2023,418.2,4,4,115,2,70,5.5,4.6,0.17654,0.234328,1.19565,0.983297,0.640809,0.753387,0.0503453,0.0378999,1.01311,0.763261,0.0577882,-0.0458467
"Port of Savannah, GA",2023239N21274,IDALIA,2023,64.7,4,4,115,2,70,7.5,18.6857,0.894054,5.0406,0.401376,0.993115,0.44497,0.177371,0,0.0127535,0.987246,0.175109,4.14654,3.01742
"PortMiami, FL",2023239N21274,IDALIA,2023,433.2,3,4,105,2,70,12.5,13.7571,0.970136,3.99751,0.908619,1.14251,0.233777,0.242685,0.0043347,0.0131302,0.991166,0.240541,3.02738,0.365297
"Tampa Port Authority, FL",2023239N21274,IDALIA,2023,215.7,4,4,115,2,70,2,11.6,0.119751,2.52504,0.172414,3.32573,0.0827085,0.0474252,0,0.00407642,0.995924,0.0472319,2.40529,2.08969
"Virginia, VA, Port of",2023239N21274,IDALIA,2023,358.1,0,4,55,1,70,26,29.8286,2.46463,2.72022,0.871648,1.05529,0.984995,0.906039,0,0.0148718,0.985128,0.892565,0.255595,0.349147
"Baltimore, MD",2023265N29284,OPHELIA,2023,61.1,0,0,50,2,70,20,19.9429,5.72617,3.69863,1.00287,1.20669,1.27934,1.54819,0,0.0140373,0.985963,1.52646,-2.02754,-0.0105978
"New York, NY & NJ",2023265N29284,OPHELIA,2023,316.4,-4,0,25,1,70,42,43.4286,11.1582,8.77891,0.967105,1.20443,1.09119,1.27103,0.00683846,0.0231269,0.983599,1.25018,-2.37932,0.28878
"Philadelphia Regional Port, PA",2023265N29284,OPHELIA,2023,205.7,0,0,40,2,70,11.5,12.2714,2.17032,2.10364,0.937136,1.04174,1.05679,1.0317,0,0.00437553,0.995624,1.02718,-0.0666804,0.132243
"Port of Charleston, SC",2023265N29284,OPHELIA,2023,285.9,0,0,60,3,70,17.6667,15.4714,5.1481,4.49508,1.14189,0.950565,1.05512,1.14527,0.0234228,0.0249325,0.998454,1.1435,-0.653016,-0.637806
"Port of Palm Beach District, FL",2023265N29284,OPHELIA,2023,486.3,-4,0,30,1,70,7,3.3,0.431788,0.079868,2.12121,1.35571,1.87995,5.40627,0.031901,0.086498,0.943604,5.10138,-0.35192,-0.0895489
"Port of Savannah, GA",2023265N29284,OPHELIA,2023,420.4,0,0,60,2,70,20,16.9,6.1896,4.74667,1.18343,1.01272,1.08803,1.30399,0.00853392,0.00783464,1.00071,1.30491,-1.44294,-0.87069
"South Jersey Port Corp, NJ",2023265N29284,OPHELIA,2023,185,0,0,45,2,70,15.5,12.8429,6.78114,2.38206,1.2069,1.19258,1.97785,2.84676,0.034588,0.0797152,0.953256,2.71369,-4.39909,-0.492839
"Virginia, VA, Port of",2023265N29284,OPHELIA,2023,113.6,0,0,60,3,70,23,27.3857,5.91694,7.6024,0.839854,1.10284,0.840291,0.7783,0.00160349,0.0158885,0.985692,0.767164,1.68546,1.21749
"San Juan, PR",2023266N16323,PHILIPPE,2023,150.7,0,0,45,3,70,11.3333,11.1429,1.35575,1.57601,1.01709,1.16674,0.724911,0.860241,0,0.00783189,0.992168,0.853503,0.220262,-0.0269403
"San Juan, PR",2023292N13309,TAMMY,2023,292.2,1,2,80,2,70,8.5,11.2429,0.190127,1.39244,0.756036,1.01629,0.177709,0.136542,0,0.0114667,0.988533,0.134977,1.20232,0.339707
