port,SID,name,season,min_dist_km,sshs_max,sshs_storm_lifetime,wind_max_kt,k_days,n_ref_days,N_obs,N_ref,co2_obs_t,co2_ref_t,r_N,r_H,r_I,r_CO2,discard_win,discard_ref,gap_adj,r_CO2_gapadj,co2_shortfall_t,co2_shortfall_naive_t
"Baltimore, MD",2015126N27281,ANA,2015,194.6,-1,0,30,2,70,22.5,18.3429,0.643156,0.130544,1.22664,1.05069,3.82268,4.92673,0.0213001,0.0216197,0.999673,4.92512,-0.512612,-0.029586
"Jacksonville, FL",2015126N27281,ANA,2015,372,0,0,50,5,70,12.6,12.6143,0,0.189053,0.998867,0.91368,0,0,0.0678311,0.0460903,1.02332,0,0.189053,0.000214103
"New York, NY & NJ",2015126N27281,ANA,2015,175.3,-1,0,30,2,70,32.5,37.4857,0,0.0689663,0.866997,0.963981,0,0,0.0239053,0.0367954,0.986794,0,0.0689663,0.00917273
"Philadelphia Regional Port, PA",2015126N27281,ANA,2015,164.9,-1,0,30,2,70,10,13.9714,0,0.0456633,0.715746,1.20596,0,0,0,0.0153833,0.984617,0,0.0456633,0.0129799
"Port Everglades, FL",2015126N27281,ANA,2015,144.3,-3,0,25,1,70,21,18.3714,0,0,1.14308,0.889938,,,0.0149196,0.0208785,0.993951,,0,-0
"Port of Charleston, SC",2015126N27281,ANA,2015,137.3,0,0,50,6,70,16.5,16.2714,0,0,1.01405,0.966427,,,0.039482,0.0515538,0.987432,,0,-0
"Port of Palm Beach District, FL",2015126N27281,ANA,2015,129,-3,0,28,1,70,7,5.02857,0,0.00649421,1.39205,0.982043,0,0,0.0279851,0.0242033,1.00389,0,0.00649421,-0.00254603
"Port of Savannah, GA",2015126N27281,ANA,2015,279.5,0,0,50,6,70,15.1667,15.8714,0,0.29317,0.955596,1.00795,0,0,0.0166903,0.0269325,0.989584,0,0.29317,0.0130181
"PortMiami, FL",2015126N27281,ANA,2015,185.2,-3,0,25,1,70,20,18.7857,0,0,1.06464,1.169,,,0.0106569,0.00963009,1.00104,,0,-0
"South Jersey Port Corp, NJ",2015126N27281,ANA,2015,118.2,-1,0,30,2,70,7.5,13.7714,0,0.0145857,0.544606,1.16024,0,0,0.136616,0.0964641,1.04651,0,0.0145857,0.00664225
"Tampa Port Authority, FL",2015126N27281,ANA,2015,334.3,-3,0,25,1,70,10,10.8143,0,0,0.924703,0.945965,,,0,0.0101936,0.989806,,0,0
"Virginia, VA, Port of",2015126N27281,ANA,2015,12.4,0,0,48,4,70,22.75,23.7857,0,0.0155103,0.956456,0.920272,0,0,0.0315071,0.0319266,0.999567,0,0.0155103,0.000675373
"Baltimore, MD",2015167N27266,BILL,2015,408.7,-3,0,15,1,70,24,17.0286,0.436174,0.111295,1.4094,0.943628,2.94679,3.91907,0.0100435,0.0291216,0.980728,3.84354,-0.324879,-0.0455639
"Beaumont, TX",2015167N27266,BILL,2015,278.8,0,0,50,3,70,10,12.7714,0,0.81231,0.782998,1.30785,0,0,0,0.00875993,0.99124,0,0.81231,0.176273
"Corpus Christi, TX",2015167N27266,BILL,2015,89.7,0,0,50,2,70,15,17.8143,0,0,0.842021,1.00862,,,0,0.0193748,0.980625,,0,0
"Galveston, TX",2015167N27266,BILL,2015,176.2,0,0,50,2,70,12,10.1857,0,0.00947578,1.17812,0.996697,0,0,0.00717074,0.0540031,0.952829,0,0.00947578,-0.00168783
"Houston Port Authority, TX",2015167N27266,BILL,2015,156.1,0,0,50,3,70,61,72.8857,0,0.284901,0.836927,1.1346,0,0,0.00853387,0.00579851,1.00276,0,0.284901,0.0464597
"Lake Charles Harbor District, LA",2015167N27266,BILL,2015,319.1,0,0,50,2,70,6.5,8.45714,0,0.0331586,0.768581,1.00303,0,0,0.0378079,0.0410012,0.996681,0,0.0331586,0.00767353
"Port Arthur, TX",2015167N27266,BILL,2015,283.8,0,0,50,2,70,6,7.1,0,0.0282749,0.84507,1.36685,0,0,0,0.00320232,0.996798,0,0.0282749,0.00438061
"Port Freeport, TX",2015167N27266,BILL,2015,135.6,0,0,50,2,70,1,3.57143,0,0,0.28,0.314898,,,0.508493,0.187499,1.65308,,0,0
"Port of Greater Baton Rouge, LA",2015167N27266,BILL,2015,482.4,0,0,45,1,70,14,9.41429,0,0,1.4871,0.917973,,,0,0.0162582,0.983742,,0,-0
"Texas City, TX",2015167N27266,BILL,2015,193.7,0,0,50,2,70,3,8.21429,0,0.0101433,0.365217,0.549728,0,0,0,0.00704694,0.992953,0,0.0101433,0.00643877
"Virginia, VA, Port of",2015167N27266,BILL,2015,490,-3,0,15,1,70,25,23.0143,0,0,1.08628,0.882109,,,0,0.0317423,0.968258,,0,-0
"Baltimore, MD",2015193N35285,CLAUDETTE,2015,457.2,-3,0,25,1,70,22,17.0143,0.370119,0.0903226,1.29303,0.902445,3.51168,4.09775,0.0460007,0.0214351,1.02575,4.20326,-0.279797,-0.0264673
"South Jersey Port Corp, NJ",2015193N35285,CLAUDETTE,2015,466.1,-3,0,25,1,70,10,12.9857,0,0.0128939,0.770077,1.13603,0,0,0.0903613,0.098949,0.990559,0,0.0128939,0.0029646
"Virginia, VA, Port of",2015193N35285,CLAUDETTE,2015,185.6,-1,0,30,2,70,21,23.9429,0,0.00775514,0.877088,0.877536,0,0,0.0589903,0.0255936,1.03549,0,0.00775514,0.000953198
"San Juan, PR",2015237N14315,ERIKA,2015,115.1,0,0,45,2,70,7,9.14286,0,0,0.765625,0.401591,,,0,0.0381909,0.961809,,0,0
"Port Everglades, FL",2015313N22289,KATE,2015,425.2,0,1,55,2,70,11.5,17.3571,0,0.0285325,0.662551,1.15399,0,0,0.00195977,0.0152533,0.98668,0,0.0285325,0.00962826
"Port of Palm Beach District, FL",2015313N22289,KATE,2015,419.4,0,1,55,2,70,6.5,5.14286,0,0.0653332,1.26389,1.49929,0,0,0.023528,0.0165831,1.00711,0,0.0653332,-0.0172407
"PortMiami, FL",2015313N22289,KATE,2015,438.5,0,1,53,2,70,11,15.4714,0,0,0.710988,0.976427,,,0.00429232,0.0122841,0.991974,,0,0
"Baltimore, MD",2016148N27288,BONNIE,2016,461.4,-1,0,30,2,70,17,16.4714,0.911741,0.37167,1.03209,0.898411,2.64559,2.4531,0.0260698,0.0244726,1.00164,2.45712,-0.540071,-0.011927
"Jacksonville, FL",2016148N27288,BONNIE,2016,228.4,0,0,40,4,70,12.5,12.6143,0.563306,0.51685,0.99094,1.10858,0.992124,1.08988,0.0413772,0.0407253,1.00068,1.09063,-0.0464566,0.00468267
"Philadelphia Regional Port, PA",2016148N27288,BONNIE,2016,496,-1,0,33,1,70,11,13.1714,0.377978,0.105769,0.835141,1.05551,4.05402,3.57361,0.0133949,0.00638823,1.0071,3.59899,-0.272209,0.017437
"Port Everglades, FL",2016148N27288,BONNIE,2016,491,0,0,35,1,70,22,22.7714,0,0,0.966123,0.960815,,,0.0138893,0.0197564,0.99405,,0,0
"Port of Charleston, SC",2016148N27288,BONNIE,2016,9.2,0,0,40,6,70,14.6667,14.9571,0,0.0650786,0.980579,0.966708,0,0,0.036346,0.036762,0.999568,0,0.0650786,0.00126386
"Port of Palm Beach District, FL",2016148N27288,BONNIE,2016,441.5,0,0,40,2,70,3,5.41429,0.0582906,0.0143834,0.55409,0.746699,9.79517,4.05263,0,0.0177091,0.982291,3.98087,-0.0439072,0.0064137
"Port of Savannah, GA",2016148N27288,BONNIE,2016,102.2,0,0,40,5,70,16.8,16.4714,0.342814,0.266979,1.01995,1.02647,1.22647,1.28405,0.0282254,0.0338853,0.994176,1.27657,-0.0758352,-0.00532568
"South Jersey Port Corp, NJ",2016148N27288,BONNIE,2016,445.6,0,0,35,2,70,13.5,13.8,0.136496,0.0721227,0.978261,1.12723,1.71625,1.89255,0.172259,0.0846795,1.1058,2.09279,-0.064373,0.00156788
"Tampa Port Authority, FL",2016148N27288,BONNIE,2016,436.7,0,0,40,2,70,6.5,9.47143,0,0.035277,0.686275,0.633686,0,0,0.0813903,0.0482237,1.03611,0,0.035277,0.0110673
"Virginia, VA, Port of",2016148N27288,BONNIE,2016,203.9,0,0,35,5,70,25.4,21.7714,0.194033,0.0691513,1.16667,1.04429,2.30306,2.80592,0.0302849,0.0248856,1.00557,2.82154,-0.124882,-0.0115252
"Baltimore, MD",2016158N22272,COLIN,2016,474.6,-4,0,50,1,70,23,16.9714,0,0.201135,1.35522,0.944954,0,0,0.0168695,0.0238082,0.992942,0,0.201135,-0.071447
"Jacksonville, FL",2016158N22272,COLIN,2016,58.3,0,0,45,2,70,11,12.4857,0.650071,0.226782,0.881007,1.24166,2.62041,2.8665,0.0300933,0.0399249,0.989863,2.83744,-0.423289,0.0269855
"Mobile, AL",2016158N22272,COLIN,2016,341,0,0,45,2,70,15,13.2,0,0.0155477,1.13636,0.968153,0,0,0.0173524,0.0093453,1.00815,0,0.0155477,-0.00212014
"New Orleans, LA",2016158N22272,COLIN,2016,438.2,0,0,45,1,70,37,37.0857,0,0.02187,0.997689,0.885252,0,0,0,0.00355749,0.996443,0,0.02187,5.0547e-05
"New York, NY & NJ",2016158N22272,COLIN,2016,459,-4,0,50,2,70,44,38.7,0,0.153594,1.13695,0.930349,0,0,0.00928686,0.0299951,0.979098,0,0.153594,-0.0210348
"Philadelphia Regional Port, PA",2016158N22272,COLIN,2016,431.1,-4,0,50,2,70,15.5,13.5143,0,0.203359,1.14693,1.00202,0,0,0,0.00608958,0.99391,0,0.203359,-0.0298804
"Plaquemines Port District, LA",2016158N22272,COLIN,2016,349.9,0,0,45,1,70,63,56.9286,0,0.0179492,1.10665,0.940046,0,0,0.0135468,0.0433382,0.969799,0,0.0179492,-0.00191428
"Port of Charleston, SC",2016158N22272,COLIN,2016,132.2,0,0,48,1,70,14,14.6571,0,0.0141987,0.955166,1.16903,0,0,0,0.0356979,0.964302,0,0.0141987,0.000636588
"Port of Palm Beach District, FL",2016158N22272,COLIN,2016,459.2,0,0,45,1,70,7,5.34286,0,0.012446,1.31016,0.828001,0,0,0.0289573,0.0184507,1.01082,0,0.012446,-0.00386024
"Port of Savannah, GA",2016158N22272,COLIN,2016,62.8,0,0,48,1,70,19,16.8286,0,0.069006,1.12903,0.973933,0,0,0,0.0302601,0.96974,0,0.069006,-0.008904
"South Jersey Port Corp, NJ",2016158N22272,COLIN,2016,387,-4,0,50,2,70,17,13.9857,0,0.0679185,1.21553,1.08604,0,0,0.161899,0.0824306,1.09482,0,0.0679185,-0.0146382
"South Louisiana, LA, Port of",2016158N22272,COLIN,2016,471.5,0,0,45,1,70,42,38.4571,0,0,1.09212,0.902287,,,0,0.00123374,0.998766,,0,-0
"Tampa Port Authority, FL",2016158N22272,COLIN,2016,243.3,0,0,45,2,70,8,9.55714,0,0.035277,0.83707,1.32864,0,0,0,0.038973,0.961027,0,0.035277,0.00574767
"Virginia, VA, Port of",2016158N22272,COLIN,2016,232.1,-4,0,50,1,70,23,22.0429,0,0.0138022,1.04342,0.967028,0,0,0.037345,0.0252395,1.01258,0,0.0138022,-0.000599317
"New York, NY & NJ",2016240N31295,UNNAMED,2016,498.8,-1,-1,30,1,70,39,39.6143,0.310329,0.0850672,0.984493,1.10865,3.34236,3.64804,0.0199396,0.0326901,0.98699,3.60058,-0.225262,0.00131911
"Philadelphia Regional Port, PA",2016240N31295,UNNAMED,2016,490.2,-1,-1,30,2,70,9,13.8,0,0.178452,0.652174,1.0226,0,0,0.0047631,0.00447624,1.00029,0,0.178452,0.0620703
"Port of Charleston, SC",2016240N31295,UNNAMED,2016,477.2,-1,-1,30,1,70,21,15.3429,0,0.00846226,1.36872,1.02466,0,0,0.0274754,0.0186541,1.00907,0,0.00846226,-0.00312016
"South Jersey Port Corp, NJ",2016240N31295,UNNAMED,2016,447.9,-1,-1,30,2,70,13.5,13.6857,0,0.0643253,0.98643,1.00313,0,0,0.037299,0.083789,0.951709,0,0.0643253,0.00087289
"Virginia, VA, Port of",2016240N31295,UNNAMED,2016,284.5,-1,-1,30,4,70,17.25,21.1,0,0.0336631,0.817536,1.24976,0,0,0.017177,0.0229575,0.994118,0,0.0336631,0.00614231
"Baltimore, MD",2016242N24279,HERMINE,2016,353.8,0,1,60,6,70,13.8333,17.9286,0.594952,1.778,0.77158,1.11259,0.389793,0.334619,0.0318964,0.0210163,1.01124,0.33838,1.18305,0.40613
"Jacksonville, FL",2016242N24279,HERMINE,2016,160.6,1,1,70,3,70,8.66667,12.0143,0.0528471,0.386292,0.721363,0.842431,0.225122,0.136806,0.00291277,0.0319064,0.970922,0.132828,0.333444,0.107635
"Mobile, AL",2016242N24279,HERMINE,2016,368.4,1,1,70,2,70,11,12.8857,0,0,0.853659,0.982711,,,0.00628264,0.00742536,0.99885,,0,0
"New Orleans, LA",2016242N24279,HERMINE,2016,498.2,0,1,63,1,70,27,39.7286,0,0.0313948,0.679612,1.157,0,0,0.00757292,0.00255859,1.00505,0,0.0313948,0.0100585
"New York, NY & NJ",2016242N24279,HERMINE,2016,199.2,-4,1,55,4,70,31.75,40.1,0.47636,0.404503,0.791771,0.893079,1.66542,1.17764,0.0639423,0.0335704,1.03245,1.21585,-0.0718571,0.0842295
"Philadelphia Regional Port, PA",2016242N24279,HERMINE,2016,234.8,-4,1,60,6,70,11.1667,12.8143,0,0.522416,0.871423,0.9111,0,0,0.0224989,0.00571917,1.01717,0,0.522416,0.0671705
"Plaquemines Port District, LA",2016242N24279,HERMINE,2016,413.9,1,1,70,3,70,62.6667,67.6143,1.25199,0.180482,0.926826,0.952677,7.85642,6.93695,0.0287886,0.037868,0.990651,6.8721,-1.07151,0.0132066
"Port Everglades, FL",2016242N24279,HERMINE,2016,278.3,-1,1,30,2,70,16.5,20.2714,0,0,0.813953,0.923358,,,0.018565,0.0203124,0.99822,,0,0
"Port of Charleston, SC",2016242N24279,HERMINE,2016,15.5,1,1,65,2,70,13.5,15.3571,0,0.0169245,0.87907,1.15368,0,0,0.0247363,0.0180083,1.0069,0,0.0169245,0.00204669
"Port of Palm Beach District, FL",2016242N24279,HERMINE,2016,334.1,1,1,70,6,70,6,5.44286,0,0.044593,1.10236,1.06425,0,0,0.0204546,0.0214182,0.999016,0,0.044593,-0.00456464
"Port of Savannah, GA",2016242N24279,HERMINE,2016,34.3,1,1,70,2,70,10,15.7143,0,0.169114,0.636364,0.764065,0,0,0.0239999,0.0188075,1.00532,0,0.169114,0.0614958
"PortMiami, FL",2016242N24279,HERMINE,2016,220.9,-1,1,30,2,70,16.5,16.3286,0,0,1.0105,1.15766,,,0.021692,0.0108797,1.01105,,0,-0
"South Jersey Port Corp, NJ",2016242N24279,HERMINE,2016,214.6,0,1,60,6,70,13.1667,13.2571,0,0.175246,0.993175,0.989629,0,0,0.0574973,0.0903096,0.965186,0,0.175246,0.001196
"Tampa Port Authority, FL",2016242N24279,HERMINE,2016,267.8,1,1,70,6,70,8.66667,10.4571,0,0.141646,0.82878,1.16299,0,0,0,0.00571547,0.994285,0,0.141646,0.0242526
"Virginia, VA, Port of",2016242N24279,HERMINE,2016,142.2,0,1,60,6,70,17.3333,21.1714,0.199903,0.097198,0.818713,1.05293,2.38579,2.05666,0.0411287,0.0217708,1.02019,2.09818,-0.102705,0.0176207
"Baltimore, MD",2016257N27280,JULIA,2016,422.4,-4,0,25,2,70,20,17.1429,0.79654,0.546707,1.16667,0.955011,1.30767,1.45698,0.0317107,0.019096,1.01303,1.47596,-0.249832,-0.0911178
"Jacksonville, FL",2016257N27280,JULIA,2016,18.5,0,0,45,7,70,12,12,0.832274,0.988779,1,0.909155,0.925825,0.841719,0.0218241,0.0356251,0.985891,0.829843,0.156505,0
"Port Everglades, FL",2016257N27280,JULIA,2016,130.2,0,0,45,2,70,19.5,21.0429,0,0.0326736,0.92668,0.797431,0,0,0.0300871,0.0178426,1.01262,0,0.0326736,0.00239562
"Port of Charleston, SC",2016257N27280,JULIA,2016,125,0,0,45,9,70,16.5556,15.7429,0,0.118027,1.05162,1.01881,0,0,0.0141119,0.0193392,0.994698,0,0.118027,-0.00609295
"Port of Palm Beach District, FL",2016257N27280,JULIA,2016,73.7,0,0,45,2,70,6.5,5.82857,0,0.0148643,1.1152,0.939852,0,0,0.0523593,0.016489,1.03785,0,0.0148643,-0.00171231
"Port of Savannah, GA",2016257N27280,JULIA,2016,51.9,0,0,45,8,70,17.25,16.2857,0.739569,0.636154,1.05921,0.942036,1.16511,1.16256,0.026614,0.0159255,1.01098,1.17533,-0.103414,-0.037667
"PortMiami, FL",2016257N27280,JULIA,2016,190.3,0,0,45,2,70,18.5,16.6857,0,0,1.10873,1.04391,,,0.00593287,0.0112276,0.994674,,0,-0
"South Jersey Port Corp, NJ",2016257N27280,JULIA,2016,467.1,-4,0,25,2,70,21,12.8714,0.173542,0.0579548,1.63152,1.05875,1.73353,2.99444,0.102918,0.0784881,1.02723,3.07599,-0.115587,-0.0365996
"Tampa Port Authority, FL",2016257N27280,JULIA,2016,147.6,0,0,45,3,70,12.6667,10.0857,0,0.0708228,1.2559,0.959254,0,0,0.00880049,0.00459802,1.00424,0,0.0708228,-0.0181237
"Virginia, VA, Port of",2016257N27280,JULIA,2016,145.6,-3,0,30,3,70,20,19.7,0,0.0571663,1.01523,1.01449,0,0,0.0154844,0.0229229,0.992445,0,0.0571663,-0.000870552
"Jacksonville, FL",2016273N13300,MATTHEW,2016,93.5,4,5,115,2,70,3,12.3143,0,0.296077,0.243619,1.11429,0,0,0,0.0432391,0.956761,0,0.296077,0.223947
"Port Everglades, FL",2016273N13300,MATTHEW,2016,156.8,4,5,120,2,70,6.5,19.5857,0,0.028303,0.331875,0.673952,0,0,0.00265487,0.0221211,0.980482,0,0.028303,0.0189099
"Port of Charleston, SC",2016273N13300,MATTHEW,2016,50.1,3,5,105,3,70,3.33333,16.2571,0,0.05123,0.205038,1.55042,0,0,0.00597219,0.0280101,0.97783,0,0.05123,0.0407259
"Port of Palm Beach District, FL",2016273N13300,MATTHEW,2016,122.2,4,5,120,3,70,2,6.44286,0,0.029811,0.310421,1.17873,0,0,0.00653067,0.0126709,0.993819,0,0.029811,0.020557
"Port of Savannah, GA",2016273N13300,MATTHEW,2016,58.7,3,5,108,3,70,1,16.6429,0,0.203245,0.0600858,0,,0,0,0.0210719,0.978928,0,0.203245,0.191033
"PortMiami, FL",2016273N13300,MATTHEW,2016,191.5,4,5,120,2,70,10,18.5714,0,0,0.538462,1.00331,,,0,0.016674,0.983326,,0,0
"San Juan, PR",2016273N13300,MATTHEW,2016,469.7,1,5,68,1,70,7,8.97143,0,0,0.780255,0.965274,,,0.0321197,0.0201242,1.01239,,0,0
"Tampa Port Authority, FL",2016273N13300,MATTHEW,2016,228.7,4,5,120,3,70,9,10.9571,0,0.057049,0.821382,1.07435,0,0,0,0.00677303,0.993227,0,0.057049,0.01019
"Virginia, VA, Port of",2016273N13300,MATTHEW,2016,240,1,5,70,2,70,15,19.7571,0.179476,0.0227973,0.759219,1.23873,8.37104,7.8727,0.0140302,0.0238089,0.990082,7.79462,-0.156679,0.00548916
"Baltimore, MD",2017171N24271,CINDY,2017,172.6,-3,0,25,1,70,11,15.9857,0.266652,0.242669,0.688114,0.814811,1.9598,1.09883,0,0.0188859,0.981114,1.07808,-0.0239828,0.075685
"Beaumont, TX",2017171N24271,CINDY,2017,42.3,0,0,50,3,70,10.6667,14.7571,0,0.012544,0.722814,1.08437,0,0,0,0.000715055,0.999285,0,0.012544,0.00347702
"Corpus Christi, TX",2017171N24271,CINDY,2017,404.9,0,0,48,2,70,14,18.6143,0,0,0.752111,1.03038,,,0.0234604,0.0225587,1.00092,,0,0
"Galveston, TX",2017171N24271,CINDY,2017,123.1,0,0,50,3,70,7.33333,11.2143,0.0288577,0.031108,0.653928,1.06674,1.32985,0.927662,0.0170022,0.059757,0.956506,0.887314,0.0022503,0.0107656
"Houston Port Authority, TX",2017171N24271,CINDY,2017,160.9,0,0,50,3,70,62.6667,72,0.0292379,0.43902,0.87037,0.960679,0.0796489,0.0665982,0.00293185,0.00127213,1.00166,0.0667091,0.409782,0.05691
"Lake Charles Harbor District, LA",2017171N24271,CINDY,2017,41.1,0,0,50,3,70,7.33333,8.98571,0,0,0.81611,1.0528,,,0.0140233,0.0459477,0.967621,,0,0
"New Orleans, LA",2017171N24271,CINDY,2017,354.3,0,0,50,4,70,41,43.6429,0,0.0588616,0.939444,1.0165,0,0,0.00337652,0.000564251,1.00282,0,0.0588616,0.00356445
"New York, NY & NJ",2017171N24271,CINDY,2017,430.9,-3,0,25,1,70,25,36.9571,0,0.123136,0.676459,0.880464,0,0,0.015529,0.0255407,0.98983,0,0.123136,0.0398396
"Philadelphia Regional Port, PA",2017171N24271,CINDY,2017,324.9,-3,0,25,1,70,8,12.1143,0,0.0997562,0.660377,0.695706,0,0,0,0.0072363,0.992764,0,0.0997562,0.0338795
"Plaquemines Port District, LA",2017171N24271,CINDY,2017,347,0,0,50,3,70,50,65.3571,0,0.085048,0.765027,1.33523,0,0,0.0188998,0.0427303,0.97571,0,0.085048,0.019984
"Port Arthur, TX",2017171N24271,CINDY,2017,24.9,0,0,50,3,70,7.33333,7.32857,0,0.00487142,1.00065,1.00239,0,0,0,0.00356858,0.996431,0,0.00487142,-3.16532e-06
"Port Freeport, TX",2017171N24271,CINDY,2017,186.2,0,0,50,3,70,3.66667,5.91429,0,0.232997,0.619968,1.14891,0,0,0,0.0130013,0.986999,0,0.232997,0.0885464
"Port of Greater Baton Rouge, LA",2017171N24271,CINDY,2017,239.6,0,0,50,3,70,15.6667,12.8857,0,0.0730529,1.21582,0.907571,0,0,0.00927224,0.000400558,1.00895,0,0.0730529,-0.015766
"South Jersey Port Corp, NJ",2017171N24271,CINDY,2017,315.5,-3,0,25,1,70,7,13.3571,0,0.0555833,0.524064,0.608727,0,0,0,0.0766584,0.923342,0,0.0555833,0.0264541
"South Louisiana, LA, Port of",2017171N24271,CINDY,2017,306.5,0,0,50,4,70,51.25,45.8,0,0.0209757,1.119,1.01716,0,0,0.00361153,0.00161752,1.002,0,0.0209757,-0.00249602
"Texas City, TX",2017171N24271,CINDY,2017,121.9,0,0,50,3,70,7.33333,7.28571,0,0.0348721,1.00654,0.936722,0,0,0,0.0149255,0.985074,0,0.0348721,-0.000227922
"Virginia, VA, Port of",2017171N24271,CINDY,2017,293.6,-3,0,25,1,70,25,25.7143,0,0.0294773,0.972222,0.617915,0,0,0.0171173,0.0211842,0.995862,0,0.0294773,0.000818815
"Jacksonville, FL",2017212N28275,EMILY,2017,277.2,0,0,50,4,68,9.75,10.2353,0.0980422,0.576153,0.952586,0.87303,0.204617,0.170167,0.0245471,0.0343828,0.989917,0.168451,0.478111,0.0273176
"Mobile, AL",2017212N28275,EMILY,2017,363.1,0,0,38,2,68,12,12.1912,0,0.0153542,0.984318,0.98678,0,0,0,0.0117422,0.988258,0,0.0153542,0.000240777
"New Orleans, LA",2017212N28275,EMILY,2017,484,-1,0,30,1,68,44,41.1029,0,0.0245764,1.07048,1.06789,0,0,0,0.00253259,0.997467,0,0.0245764,-0.00173222
"Plaquemines Port District, LA",2017212N28275,EMILY,2017,412.1,-1,0,33,1,68,75,62.5882,0,0.0525862,1.19831,1.10706,0,0,0.0459588,0.0473449,0.998547,0,0.0525862,-0.0104283
"Port Everglades, FL",2017212N28275,EMILY,2017,164.6,0,0,50,2,68,13.5,18.3676,0,0,0.734988,1.07392,,,0,0.0140559,0.985944,,0,0
"Port of Charleston, SC",2017212N28275,EMILY,2017,316.5,-1,0,30,2,68,15,14.6471,0.229371,0.0430658,1.0241,1.02983,5.05011,5.32605,0.0356064,0.0278076,1.00809,5.36912,-0.186305,-0.00103773
"Port of Palm Beach District, FL",2017212N28275,EMILY,2017,105.6,0,0,50,3,68,5.66667,4.5,0,0.0414976,1.25926,1.5013,0,0,0.0177637,0.0214612,0.996236,0,0.0414976,-0.0107586
"Port of Savannah, GA",2017212N28275,EMILY,2017,326.3,-1,0,30,2,68,16,14.8235,0,0.182424,1.07937,0.916775,0,0,0,0.0217913,0.978209,0,0.182424,-0.0144781
"PortMiami, FL",2017212N28275,EMILY,2017,223.3,0,0,50,2,68,12,16.2353,0,0,0.73913,1.09208,,,0.0111553,0.0154019,0.995705,,0,0
"Tampa Port Authority, FL",2017212N28275,EMILY,2017,47.5,0,0,50,3,68,11.6667,10,0,0.105863,1.16667,1.1325,0,0,0,0.00691355,0.993086,0,0.105863,-0.0176438
"San Juan, PR",2017224N22293,GERT,2017,448.8,-3,2,25,1,70,11,5.8,0,0.00366243,1.89655,0.567863,0,0,0,0.154803,0.845197,0,0.00366243,-0.00328355
"Beaumont, TX",2017228N14314,HARVEY,2017,63.9,4,4,115,7,70,12.4286,15.7857,0,0.0893469,0.78733,1.2335,0,0,0,0.00305412,0.996946,0,0.0893469,0.0190014
"Corpus Christi, TX",2017228N14314,HARVEY,2017,57.3,4,4,115,7,70,1.28571,17.9714,0,0,0.0715421,1.06022,,,0.0285823,0.0148574,1.01413,,0,0
"Galveston, TX",2017228N14314,HARVEY,2017,103,4,4,115,7,70,2,11.3286,0.0469356,0.251164,0.176545,1.60179,0.660824,0.186872,0.0190881,0.0531565,0.965269,0.180382,0.204228,0.206822
"Houston Port Authority, TX",2017228N14314,HARVEY,2017,165.9,4,4,115,7,70,12.4286,77.8,0.0612196,2.74479,0.15975,0.806818,0.173047,0.022304,0.0227003,0.000882862,1.02232,0.0228019,2.68357,2.30631
"Lake Charles Harbor District, LA",2017228N14314,HARVEY,2017,19.2,4,4,115,7,70,5.42857,10.2,0,0,0.532213,0.60395,,,0.0291912,0.0454531,0.983249,,0,0
"Mobile, AL",2017228N14314,HARVEY,2017,397.1,0,4,38,3,70,13,12.9857,0.522042,0,1.0011,1.02948,,,0.0157076,0.00949277,1.00631,,-0.522042,-0
"New Orleans, LA",2017228N14314,HARVEY,2017,283.3,0,4,45,4,70,34.75,40.8714,0,0.357131,0.850227,0.960522,0,0,0.00481289,0.00169272,1.00314,0,0.357131,0.0534886
"Plaquemines Port District, LA",2017228N14314,HARVEY,2017,367.4,0,4,45,3,70,63,72.7143,0,0.115044,0.866405,0.888267,0,0,0.0275332,0.0349598,0.992363,0,0.115044,0.0153694
"Port Arthur, TX",2017228N14314,HARVEY,2017,41.7,4,4,115,7,70,5.57143,7.24286,0,0.240558,0.769231,1.14092,0,0,0,0.00309826,0.996902,0,0.240558,0.0555133
"Port Freeport, TX",2017228N14314,HARVEY,2017,90.9,4,4,115,7,70,0.571429,6,0.259324,0.11683,0.0952381,0.213075,109.382,2.21967,0.116291,0.0306448,1.09692,2.43479,-0.142494,0.105703
"Port of Greater Baton Rouge, LA",2017228N14314,HARVEY,2017,156,0,4,45,5,70,16.2,15.1714,0,0.257561,1.0678,0.918482,0,0,0.00391273,0.000590549,1.00334,0,0.257561,-0.0174618
"South Louisiana, LA, Port of",2017228N14314,HARVEY,2017,245.6,0,4,45,4,70,53.5,51.4429,0,0.0393424,1.03999,1.02161,0,0,0.00371654,0.00335439,1.00036,0,0.0393424,-0.00157326
"Texas City, TX",2017228N14314,HARVEY,2017,120.3,4,4,115,7,70,1.14286,7.6,0.06687,0.14767,0.150376,0.667481,4.5115,0.452833,0,0.0204028,0.979597,0.443594,0.0808002,0.125464
"Baltimore, MD",2017240N31279,UNNAMED,2017,455.2,-4,-3,40,1,70,21,16.9857,0.347448,0.295237,1.23633,0.877054,1.08532,1.17684,0,0.0187354,0.981265,1.15479,-0.0522107,-0.0697743
"Jacksonville, FL",2017240N31279,UNNAMED,2017,100.5,-3,-3,35,3,70,9,10.6857,0.261115,0.443236,0.842246,0.961508,0.727454,0.589111,0.0121,0.0294475,0.98244,0.578766,0.182121,0.0699223
"Port of Charleston, SC",2017240N31279,UNNAMED,2017,68.7,-3,-3,40,3,70,12,14.6714,0.329254,0.0810418,0.817916,0.927906,5.35315,4.06277,0.0256394,0.022746,1.00297,4.07483,-0.248212,0.0147564
"Port of Palm Beach District, FL",2017240N31279,UNNAMED,2017,446.3,-3,-3,35,2,70,4,5,0,0.0227333,0.8,0.996989,0,0,0.0104132,0.0291644,0.981052,0,0.0227333,0.00454667
"Port of Savannah, GA",2017240N31279,UNNAMED,2017,93.2,-3,-3,38,3,70,12.3333,15.9571,0.323368,0.164061,0.772904,1.06784,2.38813,1.97102,0.0170666,0.0215119,0.995478,1.96211,-0.159307,0.0372576
"South Jersey Port Corp, NJ",2017240N31279,UNNAMED,2017,468.6,-4,-3,40,1,70,19,13.2286,0,0.0334597,1.43629,0.783932,0,0,0,0.0653919,0.934608,0,0.0334597,-0.014598
"Tampa Port Authority, FL",2017240N31279,UNNAMED,2017,349.2,-3,-3,35,2,70,9,10.9,0.233894,0.0578273,0.825688,1.12725,4.3456,4.04469,0.142714,0.0105869,1.15412,4.66807,-0.176066,0.01008
"Virginia, VA, Port of",2017240N31279,UNNAMED,2017,181.8,-3,-3,40,1,70,29,27.8429,0,0.0272171,1.04156,1.04845,0,0,0,0.0195069,0.980493,0,0.0272171,-0.00113113
"Jacksonville, FL",2017242N16333,IRMA,2017,129.4,3,5,100,3,70,2,9.95714,0,0.443355,0.200861,0.980166,0,0,0,0.0354884,0.964512,0,0.443355,0.354302
"Mobile, AL",2017242N16333,IRMA,2017,338.4,0,5,48,2,70,9.5,12.7857,0,0.0354709,0.743017,1.15207,0,0,0,0.00791791,0.992082,0,0.0354709,0.00911544
"Port Everglades, FL",2017242N16333,IRMA,2017,124.3,4,5,130,3,70,0.333333,20.0714,0,0.0134939,0.0166074,0.445672,0,0,0,0.016161,0.983839,0,0.0134939,0.0132698
"Port of Charleston, SC",2017242N16333,IRMA,2017,403.1,0,5,50,2,70,6,14.6143,0,0.0494526,0.410557,1.1018,0,0,0.0132591,0.0257748,0.987316,0,0.0494526,0.0291495
"Port of Palm Beach District, FL",2017242N16333,IRMA,2017,120.5,4,5,120,3,70,0,5.31429,0,0.0805444,0,,,0,0,0.0254707,0.974529,0,0.0805444,0.0805444
"Port of Savannah, GA",2017242N16333,IRMA,2017,261.8,1,5,65,2,70,0.5,15.9286,0,0.109456,0.0313901,0.152189,0,0,0,0.0211141,0.978886,0,0.109456,0.10602
"PortMiami, FL",2017242N16333,IRMA,2017,120.5,5,5,145,3,70,9.33333,17.2143,0,0,0.542185,1.21238,,,0,0.0174642,0.982536,,0,0
"San Juan, PR",2017242N16333,IRMA,2017,87.6,5,5,155,2,70,1,5.37143,0,0.00541091,0.18617,0,,0,0.521838,0.355972,1.34688,0,0.00541091,0.00440356
"Tampa Port Authority, FL",2017242N16333,IRMA,2017,35.7,4,5,115,3,70,2,9.81429,0,0.0811086,0.203785,0.255594,0,0,0,0.0164834,0.983517,0,0.0811086,0.0645799
"New York, NY & NJ",2017247N09327,JOSE,2017,396.5,0,4,60,7,70,37.1429,35.2857,1.61301,1.03357,1.05263,1.02655,1.44424,1.56063,0.0143708,0.0221929,0.992064,1.54824,-0.579444,-0.0543983
"Philadelphia Regional Port, PA",2017247N09327,JOSE,2017,423.1,0,4,60,5,70,11.6,12.0714,0,0.382858,0.960947,1.09316,0,0,0,0.00391382,0.996086,0,0.382858,0.0149519
"San Juan, PR",2017247N09327,JOSE,2017,296.3,4,4,120,2,70,6,5.41429,0,0.00732485,1.10818,0.367354,0,0,0.646252,0.364281,1.7971,0,0.00732485,-0.000792398
"South Jersey Port Corp, NJ",2017247N09327,JOSE,2017,393.7,0,4,63,5,70,13.2,13.0429,0.129679,0.21424,1.01205,0.949316,0.630024,0.605298,0.0719897,0.0685713,1.00368,0.607528,0.084561,-0.00258121
"Virginia, VA, Port of",2017247N09327,JOSE,2017,418.4,1,4,65,2,70,29,27.2143,0,0.0557673,1.06562,0.99164,0,0,0.00981734,0.0247408,0.984929,0,0.0557673,-0.00365927
"Baltimore, MD",2017260N12310,MARIA,2017,495.7,1,5,65,2,70,14,16.5286,0.681308,0.570243,0.847018,1.17783,1.19759,1.19477,0.0149963,0.0173591,0.997601,1.1919,-0.111064,0.0872369
"New York, NY & NJ",2017260N12310,MARIA,2017,483.3,1,5,65,1,70,42,35.6,0,0.174759,1.17978,1.00975,0,0,0.0110546,0.0230493,0.987871,0,0.174759,-0.0314173
"Philadelphia Regional Port, PA",2017260N12310,MARIA,2017,454.7,1,5,65,2,70,15.5,12.1714,0.634792,0.138196,1.27347,0.833997,4.32495,4.59342,0,0.00266679,0.997333,4.58117,-0.496596,-0.037793
"San Juan, PR",2017260N12310,MARIA,2017,28.4,5,5,150,4,70,1.25,6.07143,0,0.0146497,0.205882,0.448063,0,0,0.361968,0.478699,0.817046,0,0.0146497,0.0116336
"South Jersey Port Corp, NJ",2017260N12310,MARIA,2017,410.3,1,5,65,2,70,12.5,12.9714,0.0270642,0.0876137,0.963656,0.920954,0.348067,0.308904,0.071616,0.0756236,0.995683,0.30757,0.0605495,0.0031842
"Virginia, VA, Port of",2017260N12310,MARIA,2017,347.9,1,5,65,3,70,31.3333,26.9143,0.228038,0.0738354,1.16419,1.01234,2.62057,3.08847,0.0135245,0.0232165,0.990175,3.05813,-0.154203,-0.012123
"Baltimore, MD",2017277N11279,NATE,2017,369.7,-4,1,25,1,70,21,16.7429,0.31715,0.305233,1.25427,0.973073,0.85133,1.03904,0.0216571,0.0189035,1.00281,1.04197,-0.0119169,-0.0776105
"Beaumont, TX",2017277N11279,NATE,2017,475.9,1,1,75,1,70,16,15.3,0,0.0050058,1.04575,0.825847,0,0,0.14004,0.000580425,1.16217,0,0.0050058,-0.000229024
"Lake Charles Harbor District, LA",2017277N11279,NATE,2017,395.8,1,1,78,2,70,10.5,12.0143,0,0,0.87396,0.783503,,,0.083717,0.0424333,1.04506,,0,0
"Mobile, AL",2017277N11279,NATE,2017,70.4,1,1,80,2,70,4,12.7429,0,0.0354709,0.313901,1.40557,0,0,0,0.0079353,0.992065,0,0.0354709,0.0243366
"New Orleans, LA",2017277N11279,NATE,2017,80.1,1,1,80,2,70,29.5,36.1429,0,0.10734,0.816206,1.14069,0,0,0,0.00220505,0.997795,0,0.10734,0.0197285
"New York, NY & NJ",2017277N11279,NATE,2017,325.7,-4,1,25,2,70,33,36.3857,0,0.39096,0.906949,0.941073,0,0,0.0206403,0.0230066,0.997584,0,0.39096,0.0363791
"Philadelphia Regional Port, PA",2017277N11279,NATE,2017,356.4,-4,1,25,1,70,16,11.6143,0,0.0681618,1.37761,1.07281,0,0,0,0.00288321,0.997117,0,0.0681618,-0.0257388
"Plaquemines Port District, LA",2017277N11279,NATE,2017,41.6,1,1,80,2,70,42,71.7571,0,0.0607109,0.585308,1.59627,0,0,0.0046694,0.0372701,0.967246,0,0.0607109,0.0251764
"Port Arthur, TX",2017277N11279,NATE,2017,456.1,1,1,78,2,70,8.5,7.55714,0,0.0622133,1.12476,1.0723,0,0,0.0179789,0.00223681,1.01603,0,0.0622133,-0.00776197
"Port of Greater Baton Rouge, LA",2017277N11279,NATE,2017,210.9,1,1,80,2,70,15,15.5714,0,0.103025,0.963303,1.27047,0,0,0,0.0026016,0.997398,0,0.103025,0.00378072
"South Jersey Port Corp, NJ",2017277N11279,NATE,2017,406.1,-4,1,25,1,70,13,11.8714,0,0.0453758,1.09507,1.31035,0,0,0.030877,0.0908465,0.93812,0,0.0453758,-0.00431371
"South Louisiana, LA, Port of",2017277N11279,NATE,2017,126.7,1,1,80,2,70,47.5,54.8714,0,0.054846,0.86566,1.25275,0,0,0,0.00210334,0.997897,0,0.054846,0.00736801
"Port Everglades, FL",2017301N18276,PHILIPPE,2017,391.2,0,0,35,2,70,20.5,21.2429,0,0.0251773,0.96503,1.01348,0,0,0.0131567,0.00932935,1.00388,0,0.0251773,0.000880442
"Port of Palm Beach District, FL",2017301N18276,PHILIPPE,2017,449.5,-1,0,30,1,70,3,5.88571,0,0.0203829,0.509709,1.63061,0,0,0.00958821,0.0154448,0.994087,0,0.0203829,0.00999358
"PortMiami, FL",2017301N18276,PHILIPPE,2017,331.3,0,0,35,2,70,18,18.8143,0,0,0.95672,1.06196,,,0,0.0084604,0.99154,,0,0
"Jacksonville, FL",2018146N19273,ALBERTO,2018,412.3,0,0,55,3,70,11.6667,11.0714,0.826741,0.689483,1.05376,0.994476,1.14422,1.19907,0.0320977,0.0295858,1.0026,1.20219,-0.137258,-0.037069
"Mobile, AL",2018146N19273,ALBERTO,2018,190,0,0,55,3,70,7.33333,11.1286,0,0,0.658964,0.98085,,,0,0.010517,0.989483,,0,0
"New Orleans, LA",2018146N19273,ALBERTO,2018,384,0,0,55,2,70,33.5,38.0286,0,0.0210784,0.880917,1.06864,0,0,0.00465398,0.00122944,1.00344,0,0.0210784,0.00251009
"Plaquemines Port District, LA",2018146N19273,ALBERTO,2018,344.5,0,0,55,3,70,53,64.3143,0,0.0453654,0.824078,0.886571,0,0,0.0208458,0.0385124,0.981957,0,0.0453654,0.00798077
"Port Everglades, FL",2018146N19273,ALBERTO,2018,386.2,-2,0,45,1,70,16,22.1286,0,0,0.723047,0.978935,,,0.011324,0.0137552,0.997541,,0,0
"Port of Greater Baton Rouge, LA",2018146N19273,ALBERTO,2018,475.3,-1,0,30,1,70,13,14.6571,0,0,0.88694,0.922294,,,0,0.00847981,0.99152,,0,0
"Port of Palm Beach District, FL",2018146N19273,ALBERTO,2018,388.4,-2,0,45,1,70,4,5.7,0,0.00427449,0.701754,0.971123,0,0,0,0.0179014,0.982099,0,0.00427449,0.00127485
"Port of Savannah, GA",2018146N19273,ALBERTO,2018,490.2,-1,0,30,1,70,22,15.0286,0.139273,0.0565904,1.46388,0.944156,1.78064,2.46107,0,0.0155557,0.984444,2.42279,-0.0826827,-0.0262511
"PortMiami, FL",2018146N19273,ALBERTO,2018,381.4,-2,0,45,1,70,14,15.4,0,0,0.909091,1.07933,,,0,0.0142237,0.985776,,0,0
"South Louisiana, LA, Port of",2018146N19273,ALBERTO,2018,427.2,0,0,55,2,70,43.5,50.7,0,0,0.857988,1.01011,,,0.00184437,0.00128171,1.00056,,0,0
"Tampa Port Authority, FL",2018146N19273,ALBERTO,2018,235.6,0,0,55,3,70,13.3333,10.5857,0.647723,0.053384,1.25956,1.18743,8.11244,12.1333,0.00477524,0.0133399,0.991394,12.0289,-0.594339,-0.0138563
"San Juan, PR",2018186N10325,BERYL,2018,180.9,-3,1,35,2,70,7.5,7.01429,0,0,1.06925,0.849542,,,0,0.0579896,0.94201,,0,-0
"Port of Charleston, SC",2018186N31292,CHRIS,2018,432.1,0,2,43,2,70,17,17.6714,0,0.0730276,0.962005,0.887569,0,0,0.0185733,0.0186252,0.999947,0,0.0730276,0.00277469
"Virginia, VA, Port of",2018186N31292,CHRIS,2018,430,0,2,43,2,70,32.5,28.1714,0,0.114054,1.15365,0.95839,0,0,0.0137426,0.0185281,0.995148,0,0.114054,-0.0175246
"Baltimore, MD",2018242N13343,FLORENCE,2018,212,-4,4,25,2,70,22.5,17.1857,1.46458,0.599002,1.30923,0.981389,1.90295,2.44503,0.0250407,0.0161267,1.00914,2.46738,-0.865574,-0.185228
"Jacksonville, FL",2018242N13343,FLORENCE,2018,363.1,0,4,63,3,70,11.6667,12.9714,0,0.712222,0.899413,1.06857,0,0,0.00849352,0.0267298,0.981607,0,0.712222,0.0716406
"New York, NY & NJ",2018242N13343,FLORENCE,2018,155.5,-4,4,25,1,70,37,37.0429,0.247606,0.199033,0.998843,0.856281,1.45453,1.24404,0.0206452,0.0267421,0.993775,1.2363,-0.0485729,0.000230274
"Philadelphia Regional Port, PA",2018242N13343,FLORENCE,2018,205.5,-4,4,25,1,70,12,11.8286,0,0.912309,1.01449,1.06116,0,0,0,0.00782651,0.992173,0,0.912309,-0.0132219
"Port of Charleston, SC",2018242N13343,FLORENCE,2018,64.3,3,4,98,5,70,9.4,18.3714,0,0.0295293,0.511664,1.13056,0,0,0,0.0205092,0.979491,0,0.0295293,0.0144202
"Port of Savannah, GA",2018242N13343,FLORENCE,2018,167.2,2,4,90,5,70,13,14.6571,0,0.194013,0.88694,1.02922,0,0,0.0142321,0.0189133,0.995251,0,0.194013,0.0219352
"South Jersey Port Corp, NJ",2018242N13343,FLORENCE,2018,246.3,-4,4,25,1,70,12,12.2429,0,0.0689515,0.980163,1.04337,0,0,0.125458,0.087548,1.04335,0,0.0689515,0.00136777
"Virginia, VA, Port of",2018242N13343,FLORENCE,2018,307,3,4,98,6,70,21.8333,27.5714,0,0.347224,0.791883,0.900122,0,0,0.0157515,0.0175751,0.998147,0,0.347224,0.0722633
"Beaumont, TX",2018246N22283,GORDON,2018,446.6,0,0,38,2,70,14,15.2571,0,0.0901574,0.917603,1.33233,0,0,0,0.000905961,0.999094,0,0.0901574,0.0074287
"Jacksonville, FL",2018246N22283,GORDON,2018,445.3,0,0,55,2,70,12,13.2143,0.739941,0.423824,0.908108,1.10232,1.74408,1.74587,0.0180702,0.0248806,0.993064,1.73376,-0.316117,0.038946
"Lake Charles Harbor District, LA",2018246N22283,GORDON,2018,395.4,0,0,60,2,70,12.5,10.5857,0,0,1.18084,0.942984,,,0.0179174,0.0370464,0.980522,,0,-0
"Mobile, AL",2018246N22283,GORDON,2018,48.4,0,0,60,3,70,6,10.8714,0,0.0450019,0.551905,0.933681,0,0,0.0357782,0.0205587,1.01578,0,0.0450019,0.0201651
"New Orleans, LA",2018246N22283,GORDON,2018,141.5,0,0,60,3,70,37.6667,31.6429,0,0.0104169,1.19037,1.01575,0,0,0.00993173,0.00221133,1.0078,0,0.0104169,-0.00198305
"Plaquemines Port District, LA",2018246N22283,GORDON,2018,147.6,0,0,60,3,70,56.3333,59.7571,0,0.0366157,0.942705,1.06884,0,0,0.0230834,0.0434691,0.979133,0,0.0366157,0.00209791
"Port Arthur, TX",2018246N22283,GORDON,2018,443.4,0,0,45,2,70,6.5,6.77143,0,0.0281655,0.959916,1.22129,0,0,0,0.00168925,0.998311,0,0.0281655,0.001129
"Port Everglades, FL",2018246N22283,GORDON,2018,112,0,0,55,3,70,16,21.1571,0,0,0.756246,0.920002,,,0.021006,0.0156244,1.0055,,0,0
"Port of Greater Baton Rouge, LA",2018246N22283,GORDON,2018,209.8,0,0,60,4,70,14,12.9571,0,0,1.08049,1.01555,,,0,0.00771966,0.99228,,0,-0
"Port of Palm Beach District, FL",2018246N22283,GORDON,2018,160,0,0,55,2,70,3.5,5.27143,0,0.0247815,0.663957,1.21229,0,0,0,0.0170427,0.982957,0,0.0247815,0.00832767
"PortMiami, FL",2018246N22283,GORDON,2018,60.2,0,0,55,3,70,9.33333,14.0286,0,0.00960242,0.665309,1.13953,0,0,0.0115025,0.00827291,1.00327,0,0.00960242,0.00321384
"South Louisiana, LA, Port of",2018246N22283,GORDON,2018,182.5,0,0,60,3,70,51.3333,48.4286,0,0.0157569,1.05998,0.95159,0,0,0.00529755,0.00147902,1.00384,0,0.0157569,-0.000945103
"Tampa Port Authority, FL",2018246N22283,GORDON,2018,173.2,0,0,60,2,70,6,8.95714,0,0.0184728,0.669856,0.937809,0,0,0,0.0167974,0.983203,0,0.0184728,0.00609868
"San Juan, PR",2018251N13325,ISAAC,2018,358.3,0,1,35,2,70,6.5,6.82857,0,0,0.951883,1.13219,,,0,0.0149654,0.985035,,0,0
"San Juan, PR",2018265N08338,KIRK,2018,489.6,0,0,35,1,70,4,6.27143,0,0,0.637813,0.953656,,,0,0.0140757,0.985924,,0,0
"Baltimore, MD",2018280N18273,MICHAEL,2018,272.1,0,5,60,2,70,13,17.9429,0,0.692458,0.724522,0.852811,0,0,0.023411,0.0181532,1.00538,0,0.692458,0.190757
"Jacksonville, FL",2018280N18273,MICHAEL,2018,289.4,5,5,140,2,70,14,12.1857,0.192044,0.314131,1.14889,1.10901,0.479819,0.61135,0.035106,0.0324901,1.00271,0.613007,0.122087,-0.0467698
"Mobile, AL",2018280N18273,MICHAEL,2018,254.1,5,5,140,2,70,12,10.6714,0,0.00883954,1.1245,0.998766,0,0,0.0373059,0.0336047,1.00384,0,0.00883954,-0.00110051
"New Orleans, LA",2018280N18273,MICHAEL,2018,377.9,5,5,140,1,70,29,34.2,0,0.0119037,0.847953,0.915122,0,0,0,0.00479888,0.995201,0,0.0119037,0.00180992
"New York, NY & NJ",2018280N18273,MICHAEL,2018,305.5,-4,5,60,1,70,37,35.0857,0,0.236957,1.05456,1.10702,0,0,0.0141319,0.0264394,0.987516,0,0.236957,-0.0129284
"Philadelphia Regional Port, PA",2018280N18273,MICHAEL,2018,282.8,-4,5,60,1,70,11,12.3143,1.63412,0.474331,0.893271,0.909518,4.24042,3.44512,0,0.00838211,0.991618,3.41624,-1.15979,0.0506246
"Plaquemines Port District, LA",2018280N18273,MICHAEL,2018,310.2,5,5,140,2,70,58.5,60.8,0,0.0659437,0.962171,1.09508,0,0,0.005657,0.0435209,0.961921,0,0.0659437,0.00249458
"Port of Charleston, SC",2018280N18273,MICHAEL,2018,195.2,1,5,80,2,70,19.5,17.6571,0,0.0069547,1.10437,0.943777,0,0,0.018366,0.0184263,0.999939,0,0.0069547,-0.000725855
"Port of Savannah, GA",2018280N18273,MICHAEL,2018,193.7,5,5,140,2,70,12.5,14.6571,0.625066,0.13878,0.852827,0.945591,5.58515,4.504,0.040328,0.017777,1.0235,4.60984,-0.486286,0.0204247
"South Jersey Port Corp, NJ",2018280N18273,MICHAEL,2018,242.7,-4,5,60,1,70,11,12.2429,0,0.0646728,0.898483,0.909353,0,0,0.0520995,0.0785491,0.972097,0,0.0646728,0.00656538
"South Louisiana, LA, Port of",2018280N18273,MICHAEL,2018,422.7,5,5,140,1,70,43,49.1857,0,0.00569696,0.874238,1.05898,0,0,0,0.00539014,0.99461,0,0.00569696,0.000716464
"Tampa Port Authority, FL",2018280N18273,MICHAEL,2018,384.4,5,5,140,3,70,6.66667,8.35714,0,0.023381,0.797721,1.00633,0,0,0,0.0150265,0.984974,0,0.023381,0.0047295
"Virginia, VA, Port of",2018280N18273,MICHAEL,2018,18.3,0,5,60,2,70,20.5,26.2286,0.165286,0.068103,0.78159,1.0702,2.9015,2.427,0,0.0206192,0.979381,2.37695,-0.0971827,0.0148743
"Beaumont, TX",2019192N29274,BARRY,2019,130.5,1,1,65,4,70,10.25,14.6571,0,0.627536,0.699318,1.05444,0,0,0,0.0019374,0.998063,0,0.627536,0.188689
"Galveston, TX",2019192N29274,BARRY,2019,236.4,1,1,65,4,70,9.5,11.1571,0.317663,0.276957,0.851472,1.10014,1.22443,1.14697,0.0356067,0.0431325,0.992196,1.13802,-0.0407058,0.0411358
"Houston Port Authority, TX",2019192N29274,BARRY,2019,245.6,1,1,65,4,70,64.5,66.3143,7.75492,3.80488,0.972641,0.961703,2.17893,2.03815,0.00323728,0.00242646,1.00081,2.03981,-3.95004,0.104097
"Lake Charles Harbor District, LA",2019192N29274,BARRY,2019,70.5,1,1,65,5,70,8,9.48571,0,0,0.843373,1.03298,,,0.0154449,0.0435692,0.971435,,0,0
"Mobile, AL",2019192N29274,BARRY,2019,286.4,1,1,65,5,70,10.8,10.0286,0,0.280682,1.07692,1.10193,0,0,0.0176321,0.0180075,0.999618,0,0.280682,-0.0215909
"New Orleans, LA",2019192N29274,BARRY,2019,193.6,1,1,65,6,70,26.5,34.1857,0.374233,0.650478,0.775178,1.20194,0.617485,0.575319,0.00238169,0.00188728,1.0005,0.575604,0.276246,0.146242
"Plaquemines Port District, LA",2019192N29274,BARRY,2019,158.7,1,1,65,5,70,51.4,69.7,0.494639,1.09516,0.737446,1.29988,0.471172,0.45166,0.0196789,0.0397179,0.979559,0.442427,0.60052,0.287538
"Port Arthur, TX",2019192N29274,BARRY,2019,122.4,1,1,65,4,70,2.75,6.74286,0,0.0902451,0.407839,1.11325,0,0,0,0.00455759,0.995442,0,0.0902451,0.0534396
"Port Freeport, TX",2019192N29274,BARRY,2019,295.7,1,1,65,4,70,8,7.44286,0.876581,0.407209,1.07486,0.980967,2.0416,2.15266,0.0058305,0.022851,0.98288,2.1158,-0.469372,-0.0304821
"Port of Greater Baton Rouge, LA",2019192N29274,BARRY,2019,122.2,1,1,65,6,70,5.33333,11.5,0,0.369106,0.463768,1.18081,0,0,0,0.00246372,0.997536,0,0.369106,0.197927
"South Louisiana, LA, Port of",2019192N29274,BARRY,2019,154.2,1,1,65,6,70,27.3333,32.8857,0,0.755572,0.831161,1.10157,0,0,0,0.00111487,0.998885,0,0.755572,0.12757
"Tampa Port Authority, FL",2019192N29274,BARRY,2019,412.3,-3,1,30,1,70,8,10.2,0,0.0164954,0.784314,0.837673,0,0,0,0.00359325,0.996407,0,0.0164954,0.00355784
"Texas City, TX",2019192N29274,BARRY,2019,228,1,1,65,4,70,6.25,6.95714,0.309813,0.246851,0.898357,0.923354,1.51303,1.25506,0.0487559,0.019843,1.03039,1.29321,-0.0629618,0.0250906
"Jacksonville, FL",2019204N25283,UNNAMED,2019,251.3,-1,-1,30,1,70,11,9.47143,0.0256042,0.174904,1.16139,1.16099,0.108569,0.14639,0.0504824,0.0211133,1.03093,0.150918,0.1493,-0.0282274
"Port Everglades, FL",2019204N25283,UNNAMED,2019,95.5,-1,-1,30,2,70,21,22.0714,0,0.0192103,0.951456,1.00949,0,0,0.0300422,0.0149563,1.01555,0,0.0192103,0.000932539
"Port of Charleston, SC",2019204N25283,UNNAMED,2019,491.8,-1,-1,30,1,70,17,17.4429,0,0.036345,0.974611,1.01649,0,0,0.0794838,0.022657,1.06173,0,0.036345,0.000922765
"Port of Palm Beach District, FL",2019204N25283,UNNAMED,2019,91.6,-1,-1,30,2,70,6,4.37143,0,0.0146079,1.37255,1.1188,0,0,0.0181409,0.0171904,1.00097,0,0.0146079,-0.00544217
"Port of Savannah, GA",2019204N25283,UNNAMED,2019,403.6,-1,-1,30,1,70,16,13.7143,0,0.16076,1.16667,0.946487,0,0,0,0.0120668,0.987933,0,0.16076,-0.0267933
"PortMiami, FL",2019204N25283,UNNAMED,2019,119.5,-1,-1,30,2,70,10,12.9714,0,0,0.770925,1.13823,,,0.0151105,0.019578,0.995464,,0,0
"Tampa Port Authority, FL",2019204N25283,UNNAMED,2019,242.5,-1,-1,30,2,70,6.5,10.3,0,0.063697,0.631068,0.906018,0,0,0.0144968,0.00242259,1.01225,0,0.063697,0.0234999
"Baltimore, MD",2019236N10314,DORIAN,2019,437.7,2,5,85,1,70,10,16.8857,0,0.442047,0.592217,1.19815,0,0,0.0296564,0.0247263,1.00508,0,0.442047,0.180259
"Jacksonville, FL",2019236N10314,DORIAN,2019,188.2,4,5,120,5,70,3.4,9.92857,0.230377,1.03368,0.342446,0.878889,0.740501,0.22287,0.00686231,0.0241501,0.982593,0.218991,0.803305,0.679702
"New York, NY & NJ",2019236N10314,DORIAN,2019,441.4,2,5,85,2,70,25,32.9286,0.732087,0.935565,0.759219,1.33462,0.772261,0.782509,0.0183991,0.030822,0.987344,0.772605,0.203477,0.225266
"Philadelphia Regional Port, PA",2019236N10314,DORIAN,2019,421.8,2,5,85,2,70,7.5,10.0286,0,0.110457,0.747863,1.08842,0,0,0.0360382,0.0146171,1.02222,0,0.110457,0.0278504
"Port Everglades, FL",2019236N10314,DORIAN,2019,211.6,5,5,160,4,70,6.5,21.7,0,0,0.299539,0.785665,,,0.00161657,0.0161406,0.985452,,0,0
"Port of Charleston, SC",2019236N10314,DORIAN,2019,111.7,3,5,100,3,70,8.66667,17.0143,0,0.265236,0.509376,1.04066,0,0,0.0488274,0.0210962,1.02915,0,0.265236,0.130131
"Port of Palm Beach District, FL",2019236N10314,DORIAN,2019,199.2,5,5,160,5,70,2,4.45714,0,0.125856,0.448718,0.564929,0,0,0,0.0187216,0.981278,0,0.125856,0.0693822
"Port of Savannah, GA",2019236N10314,DORIAN,2019,163.6,3,5,100,3,70,2.33333,14.5286,0.28275,0.496692,0.160603,0.375928,9.42881,0.569267,0.0447575,0.0124571,1.03381,0.588516,0.213942,0.416921
"PortMiami, FL",2019236N10314,DORIAN,2019,242,5,5,160,4,70,9.75,12.9857,0,0.0323069,0.750825,1.13143,0,0,0.00223914,0.0111799,0.991039,0,0.0323069,0.00805008
"San Juan, PR",2019236N10314,DORIAN,2019,80,1,5,78,2,70,6,6.74286,0,0,0.889831,0.756538,,,0,0.00853919,0.991461,,0,0
"South Jersey Port Corp, NJ",2019236N10314,DORIAN,2019,376.9,2,5,85,2,70,7.5,11.8,0,0.10526,0.635593,1.42487,0,0,0.0399458,0.170332,0.864189,0,0.10526,0.0383574
"Tampa Port Authority, FL",2019236N10314,DORIAN,2019,321.2,5,5,155,4,70,11.75,9.42857,0,0.0973371,1.24621,0.985739,0,0,0,0.00159695,0.998403,0,0.0973371,-0.0239656
"Virginia, VA, Port of",2019236N10314,DORIAN,2019,184.2,2,5,93,3,70,17.3333,24.7286,0.102079,0.375029,0.700944,0.940717,0.412789,0.272189,0.0225172,0.0204566,1.00211,0.272762,0.272951,0.112155
"New York, NY & NJ",2019239N32287,ERIN,2019,494.6,-4,0,35,1,70,37,33.9714,0.386077,0.507264,1.08915,1.02443,0.682132,0.761097,0.0344893,0.0349076,0.999567,0.760767,0.121187,-0.0452228
"South Jersey Port Corp, NJ",2019239N32287,ERIN,2019,463,-1,0,35,1,70,5,12,0,0.0617588,0.416667,0.707556,0,0,0.142124,0.154535,0.985533,0,0.0617588,0.036026
"Virginia, VA, Port of",2019239N32287,ERIN,2019,400.1,-1,0,35,2,70,23.5,23.3857,0.580705,0.190804,1.00489,1.15055,2.63235,3.04347,0,0.0235629,0.976437,2.97175,-0.389901,-0.000932456
"Corpus Christi, TX",2019246N24266,FERNAND,2019,365.4,0,0,45,2,70,16.5,16.2571,0.258576,0.0808964,1.01494,1.026,3.06951,3.19638,0.0196194,0.00698996,1.01288,3.23756,-0.177679,-0.00120847
"Jacksonville, FL",2019256N23286,HUMBERTO,2019,370.3,1,3,75,2,70,10,8.8,0.0939494,0.439636,1.13636,1.11603,0.168502,0.213698,0.0161399,0.0242076,0.9918,0.211946,0.345687,-0.0599504
"Port Everglades, FL",2019256N23286,HUMBERTO,2019,339.8,1,3,70,3,70,24.3333,20.3286,0,0.0747318,1.197,1.03504,0,0,0.0144271,0.0132997,1.00114,0,0.0747318,-0.0147223
"Port of Charleston, SC",2019256N23286,HUMBERTO,2019,467.2,1,3,75,2,70,16.5,16.6143,0.50708,0.131235,0.993121,0.929066,4.18771,3.8639,0.0112653,0.0243834,0.986733,3.81264,-0.375845,0.000902737
"Port of Palm Beach District, FL",2019256N23286,HUMBERTO,2019,316.6,1,3,73,3,70,4.66667,4.01429,0,0.0359836,1.16251,1.14944,0,0,0,0.0200202,0.97998,0,0.0359836,-0.00584787
"Port of Savannah, GA",2019256N23286,HUMBERTO,2019,439.4,1,3,75,2,70,14.5,14.1,0,0.355599,1.02837,0.987728,0,0,0,0.0132565,0.986743,0,0.355599,-0.0100879
"PortMiami, FL",2019256N23286,HUMBERTO,2019,373.1,1,3,65,3,70,11.3333,13.0286,0,0.0242302,0.869883,1.07979,0,0,0.0064046,0.00793601,0.998459,0,0.0242302,0.00315276
"Tampa Port Authority, FL",2019256N23286,HUMBERTO,2019,435.7,1,3,68,2,70,9.5,10.0571,0.626111,0.0479482,0.944602,0.917022,15.0748,13.0581,0,0.001598,0.998402,13.0372,-0.578163,0.00265622
"San Juan, PR",2019260N13317,JERRY,2019,393,0,2,63,2,70,5.5,6.71429,0,0.0586656,0.819149,0.8511,0,0,0,0.00931429,0.990686,0,0.0586656,0.0106097
"Beaumont, TX",2019261N28264,IMELDA,2019,102.5,0,0,40,3,70,13,12.1143,0,0.318999,1.07311,0.890564,0,0,0,0.00217101,0.997829,0,0.318999,-0.023323
"Corpus Christi, TX",2019261N28264,IMELDA,2019,185.5,0,0,40,3,70,16.3333,17.0286,0,0.150951,0.959172,0.844367,0,0,0.0133702,0.00638857,1.00708,0,0.150951,0.00616297
"Galveston, TX",2019261N28264,IMELDA,2019,59.3,0,0,40,3,70,10.6667,10.3571,0.191127,0.274382,1.02989,0.925514,0.730793,0.696572,0.0363173,0.0459274,0.990028,0.689626,0.0832551,-0.00819992
"Houston Port Authority, TX",2019261N28264,IMELDA,2019,20.6,0,0,40,3,70,66.3333,64.1429,4.7311,4.22891,1.03415,1.06308,1.01762,1.11875,0,0.00197184,0.998028,1.11655,-0.502188,-0.144417
"Lake Charles Harbor District, LA",2019261N28264,IMELDA,2019,178.4,0,0,40,3,70,6.66667,8.85714,0,0.0448872,0.752688,0.713642,0,0,0.0478167,0.0462742,1.00162,0,0.0448872,0.0111011
"New Orleans, LA",2019261N28264,IMELDA,2019,472.7,-1,0,30,2,70,38,30.0429,0.620097,0.532179,1.26486,0.964892,0.954731,1.1652,0.00895487,0.000875342,1.00815,1.1747,-0.0879178,-0.140953
"Port Arthur, TX",2019261N28264,IMELDA,2019,128.9,0,0,40,3,70,5,6.04286,0,0.0455198,0.827423,1.02928,0,0,0,0.00447574,0.995524,0,0.0455198,0.00785566
"Port Freeport, TX",2019261N28264,IMELDA,2019,17.8,0,0,40,3,70,3.66667,6.57143,0,0.37135,0.557971,0.760812,0,0,0,0.0170953,0.982905,0,0.37135,0.164147
"Port of Greater Baton Rouge, LA",2019261N28264,IMELDA,2019,342.1,0,0,40,3,70,13.3333,11.2429,0,0.211875,1.18594,0.860643,0,0,0,0.0020555,0.997944,0,0.211875,-0.0393956
"South Louisiana, LA, Port of",2019261N28264,IMELDA,2019,428.1,0,0,40,3,70,39.6667,37.1286,0,1.44384,1.06836,0.977056,0,0,0.00590923,0.0013076,1.00463,0,1.44384,-0.0987
"Texas City, TX",2019261N28264,IMELDA,2019,49.2,0,0,40,3,70,8,6.38571,0.189429,0.378663,1.2528,1.08512,0.36799,0.500258,0,0.0127931,0.987207,0.493858,0.189234,-0.0957245
"San Juan, PR",2019265N12301,KAREN,2019,76.2,0,0,40,3,70,6,6.74286,0,0.0879985,0.889831,0.94499,0,0,0,0.0120468,0.987953,0,0.0879985,0.00969475
"New York, NY & NJ",2019282N35286,MELISSA,2019,458.4,-2,0,55,2,70,26.5,30.8286,1.79685,0.795967,0.859592,1.03041,2.54868,2.25745,0.0136471,0.0399815,0.973301,2.19717,-1.00088,0.11176
"Philadelphia Regional Port, PA",2019282N35286,MELISSA,2019,494.5,-4,0,43,1,70,8,9.55714,0.120193,0.0808892,0.83707,1.1021,1.61067,1.4859,0,0.0229487,0.977051,1.4518,-0.0393038,0.0131793
"South Jersey Port Corp, NJ",2019282N35286,MELISSA,2019,448,-2,0,50,4,70,11.25,10.5,0.567804,0.270995,1.07143,0.871635,2.24357,2.09526,0.323371,0.182783,1.20778,2.5306,-0.296809,-0.0193568
"Virginia, VA, Port of",2019282N35286,MELISSA,2019,290.6,-4,0,43,2,70,24,25.1,0.768633,0.363239,0.956175,1.05556,2.09656,2.11606,0.0372408,0.0219015,1.01593,2.14977,-0.405394,0.0159188
"Baltimore, MD",2019291N22264,NESTOR,2019,238.9,-4,0,40,2,70,13,16.9429,0.645475,0.836544,0.767285,0.817204,1.23056,0.771597,0.0528752,0.0294089,1.02478,0.790714,0.191069,0.194676
"Jacksonville, FL",2019291N22264,NESTOR,2019,239.1,-4,0,40,2,70,6.5,10.1429,0.610571,0.38391,0.640845,0.53085,4.67501,1.5904,0.0170556,0.0255392,0.991369,1.57668,-0.226661,0.137883
"Mobile, AL",2019291N22264,NESTOR,2019,223.5,0,0,50,3,70,14,9.47143,0,0.144436,1.47813,1.01211,0,0,0,0.00993029,0.99007,0,0.144436,-0.069059
"New Orleans, LA",2019291N22264,NESTOR,2019,320.3,0,0,50,2,70,31,28.4143,0.232343,0.308819,1.091,1.0277,0.671016,0.75236,0,0.00142594,0.998574,0.751287,0.0764759,-0.0281027
"New York, NY & NJ",2019291N22264,NESTOR,2019,358.5,-4,0,40,2,70,28,30.4286,0.299407,0.721741,0.920188,1.10458,0.408138,0.41484,0.0360481,0.038301,0.997663,0.41387,0.422334,0.0576038
"Philadelphia Regional Port, PA",2019291N22264,NESTOR,2019,286.2,-4,0,40,2,70,11,9.65714,0,0.173132,1.13905,0.946959,0,0,0,0.0212343,0.978766,0,0.173132,-0.0240745
"Plaquemines Port District, LA",2019291N22264,NESTOR,2019,235.8,0,0,50,2,70,46.5,50.3571,1.36751,0.940831,0.923404,0.947687,1.66097,1.45351,0.0341744,0.0470165,0.986703,1.43419,-0.426679,0.0720636
"Port of Charleston, SC",2019291N22264,NESTOR,2019,124.4,-4,0,40,1,70,15,15.2429,0.519745,0.0848546,0.984067,1.01972,6.10395,6.12512,0.0703047,0.0269243,1.04666,6.41092,-0.43489,0.00135195
"Port of Greater Baton Rouge, LA",2019291N22264,NESTOR,2019,447.1,0,0,50,2,70,11.5,11.2286,0.277647,0.0158621,1.02417,1.07352,15.9201,17.5038,0.030491,0.0042205,1.0271,17.9781,-0.261785,-0.000383435
"Port of Savannah, GA",2019291N22264,NESTOR,2019,123.8,-4,0,40,2,70,15,13.7143,1.59407,0.304714,1.09375,1.0542,4.53704,5.23135,0,0.0171739,0.982826,5.14151,-1.28935,-0.028567
"South Jersey Port Corp, NJ",2019291N22264,NESTOR,2019,235.8,-4,0,40,2,70,13.5,11.2571,0.123153,0.154938,1.19924,0.958267,0.691661,0.79485,0.14519,0.181368,0.957676,0.761209,0.0317856,-0.0308697
"South Louisiana, LA, Port of",2019291N22264,NESTOR,2019,357.3,0,0,50,2,70,39,36.4714,1.05382,0.66156,1.06933,1.16356,1.28026,1.59293,0,0.001891,0.998109,1.58992,-0.392258,-0.0458661
"Tampa Port Authority, FL",2019291N22264,NESTOR,2019,388.6,0,0,50,2,70,9,7.77143,0.388665,0.0660802,1.15809,1.1626,4.3685,5.88171,0,0.000721225,0.999279,5.87747,-0.322585,-0.0104465
"Virginia, VA, Port of",2019291N22264,NESTOR,2019,35.1,-4,0,40,2,70,32.5,24.5571,1.60446,0.294864,1.32344,0.901066,4.56296,5.44137,0.017464,0.0214858,0.995907,5.4191,-1.3096,-0.095372
"Beaumont, TX",2019299N25265,OLGA,2019,317,0,0,45,2,70,9.5,11.6,0,0.21191,0.818966,0.894273,0,0,0,0.00235027,0.99765,0,0.21191,0.0383631
"Corpus Christi, TX",2019299N25265,OLGA,2019,434.2,0,0,43,1,70,16,16.9,0,0.354284,0.946746,1.21125,0,0,0.016106,0.0081407,1.0081,0,0.354284,0.0188672
"Galveston, TX",2019299N25265,OLGA,2019,330.5,0,0,45,2,70,10,10.6286,0.339166,0.651289,0.94086,1.04265,0.530855,0.520762,0.0386844,0.0436305,0.994855,0.518082,0.312122,0.0385171
"Houston Port Authority, TX",2019299N25265,OLGA,2019,410,0,0,45,2,70,55.5,62.9143,0.989883,2.60931,0.882153,0.963727,0.446231,0.379366,0.00984927,0.00217158,1.00775,0.382307,1.61943,0.3075
"Lake Charles Harbor District, LA",2019299N25265,OLGA,2019,240.3,0,0,45,2,70,10,7.94286,0,0.175101,1.25899,1.16938,0,0,0.0512382,0.0493747,1.00196,0,0.175101,-0.04535
"Mobile, AL",2019299N25265,OLGA,2019,214,-4,0,45,1,70,11,9.58571,0,0.043826,1.14754,1.06269,0,0,0,0.00749436,0.992506,0,0.043826,-0.00646614
"New Orleans, LA",2019299N25265,OLGA,2019,57.1,-4,0,45,1,70,25,27.8,0.185401,0.231086,0.899281,1.17753,0.757655,0.802303,0,0.00109949,0.998901,0.801421,0.0456851,0.0232748
"Plaquemines Port District, LA",2019299N25265,OLGA,2019,128,0,0,45,2,70,48,50.1571,1.53402,1.18401,0.956992,1.10233,1.22816,1.29562,0.0321438,0.0458753,0.985813,1.27724,-0.350013,0.0509215
"Port Arthur, TX",2019299N25265,OLGA,2019,291.6,0,0,45,2,70,5.5,5.47143,0,0.0391856,1.00522,1.06721,0,0,0,0.000906743,0.999093,0,0.0391856,-0.000204625
"Port Freeport, TX",2019299N25265,OLGA,2019,377.9,0,0,45,2,70,8.5,6.92857,0,0.167084,1.2268,1.02394,0,0,0,0.013839,0.986161,0,0.167084,-0.0378953
"Port of Greater Baton Rouge, LA",2019299N25265,OLGA,2019,83.8,0,0,45,2,70,9,11.0571,0,0.0945013,0.813953,1.10546,0,0,0,0.00417032,0.99583,0,0.0945013,0.0175816
"South Louisiana, LA, Port of",2019299N25265,OLGA,2019,9.2,0,0,45,2,70,31,36.1143,0.443822,0.603128,0.858386,1.0701,0.801107,0.735867,0,0.00160813,0.998392,0.734684,0.159306,0.0854113
"Texas City, TX",2019299N25265,OLGA,2019,345,0,0,45,2,70,10,6.02857,2.01952,0.18789,1.65877,0.985112,6.5777,10.7484,0,0.0126791,0.987321,10.6122,-1.83163,-0.123776
"Baltimore, MD",2020138N28281,ARTHUR,2020,456.1,0,0,50,2,70,16,16.5429,0,1.11907,0.967185,1.12609,0,0,0.00626918,0.0172048,0.988995,0,1.11907,0.0367226
"Jacksonville, FL",2020138N28281,ARTHUR,2020,384.3,0,0,40,3,70,6.66667,7.94286,1.3428,0.600687,0.839329,0.844503,3.15376,2.23544,0.0208914,0.0266636,0.994105,2.22226,-0.74211,0.0965132
"New York, NY & NJ",2020138N28281,ARTHUR,2020,490.5,0,0,50,1,70,31,27.3571,0.533922,1.15345,1.13316,0.873722,0.467536,0.462892,0.0179523,0.0198396,0.998078,0.462002,0.619527,-0.153592
"Philadelphia Regional Port, PA",2020138N28281,ARTHUR,2020,458.9,0,0,50,2,70,10,9.48571,0.248419,0.93756,1.05422,1.0103,0.248775,0.264964,0.0179697,0.0101113,1.008,0.267084,0.68914,-0.0508315
"Port Everglades, FL",2020138N28281,ARTHUR,2020,269.2,0,0,35,2,70,23,19.8143,0,0.126128,1.16078,0.940521,0,0,0.0171637,0.00837046,1.00895,0,0.126128,-0.0202787
"Port of Charleston, SC",2020138N28281,ARTHUR,2020,299,0,0,45,2,70,11.5,15.0429,0.766751,0.289986,0.764482,1.08055,3.20085,2.6441,0.00744252,0.0292186,0.978061,2.58609,-0.476766,0.0682967
"Port of Palm Beach District, FL",2020138N28281,ARTHUR,2020,229.2,0,0,35,2,70,3,4.67143,0,0.0636591,0.642202,0.991142,0,0,0.00412405,0.0133582,0.990728,0,0.0636591,0.0227771
"Port of Savannah, GA",2020138N28281,ARTHUR,2020,379,0,0,43,3,70,10.6667,11.6571,2.40629,1.07926,0.915033,0.986262,2.47055,2.22958,0,0.0126695,0.98733,2.20133,-1.32704,0.0917016
"PortMiami, FL",2020138N28281,ARTHUR,2020,320.2,0,0,35,2,70,13.5,12.4714,0.890517,0.533135,1.08247,1.12106,1.37644,1.67034,0.0362871,0.0108711,1.02637,1.71439,-0.357382,-0.0439699
"South Jersey Port Corp, NJ",2020138N28281,ARTHUR,2020,410.4,0,0,53,2,70,7.5,9.45714,0.0908801,0.286233,0.793051,0.733628,0.545722,0.317503,0.041229,0.070736,0.969224,0.307732,0.195353,0.0592356
"Tampa Port Authority, FL",2020138N28281,ARTHUR,2020,358.3,0,0,35,2,70,9.5,10.3429,0,0.524992,0.918508,0.868039,0,0,0,0.0020859,0.997914,0,0.524992,0.0427825
"Virginia, VA, Port of",2020138N28281,ARTHUR,2020,212.8,0,0,50,2,70,24.5,21.3571,0,0.501898,1.14716,0.970194,0,0,0.0121236,0.0160135,0.996062,0,0.501898,-0.0738579
"Baltimore, MD",2020148N32281,BERTHA,2020,346.6,-4,0,20,1,70,19,16.3,0.141289,0.491647,1.16564,1.05749,0.233138,0.287378,0,0.0122422,0.987758,0.28386,0.350358,-0.0814384
"Jacksonville, FL",2020148N32281,BERTHA,2020,302,0,0,45,1,70,10,7.37143,0,0.221084,1.35659,1.01083,0,0,0.0870015,0.0264699,1.0663,0,0.221084,-0.0788363
"Philadelphia Regional Port, PA",2020148N32281,BERTHA,2020,476.1,-4,0,20,1,70,6,9.08571,0,0.45577,0.660377,0.970168,0,0,0,0.00745568,0.992544,0,0.45577,0.15479
"Port of Charleston, SC",2020148N32281,BERTHA,2020,23.4,0,0,45,2,70,15.5,14.7714,0,0.243074,1.04932,0.991418,0,0,0.0230764,0.0267447,0.996245,0,0.243074,-0.0119892
"Port of Savannah, GA",2020148N32281,BERTHA,2020,160.5,0,0,45,2,70,11.5,11.4286,1.35147,0.561203,1.00625,0.945979,2.52987,2.40816,0,0.0145292,0.985471,2.37317,-0.790265,-0.00350752
"South Jersey Port Corp, NJ",2020148N32281,BERTHA,2020,484.5,-4,0,20,1,70,6,8.91429,0,0.183893,0.673077,0.286685,0,0,0,0.0703114,0.929689,0,0.183893,0.0601189
"Virginia, VA, Port of",2020148N32281,BERTHA,2020,424.3,-1,0,30,2,70,21.5,21.0143,0.413924,0.411654,1.02311,0.967676,1.01563,1.00551,0,0.011679,0.988321,0.99377,-0.00226963,-0.00951479
"Beaumont, TX",2020154N19269,CRISTOBAL,2020,311.1,0,0,45,3,70,11,13.5143,0,0.664417,0.813953,0.918124,0,0,0,0.00156575,0.998434,0,0.664417,0.123612
"Galveston, TX",2020154N19269,CRISTOBAL,2020,415.9,0,0,45,2,70,10.5,10.2857,0.569168,0.707416,1.02083,1.03393,0.762293,0.804574,0.0246513,0.034921,0.989471,0.796102,0.138248,-0.0147378
"Houston Port Authority, TX",2020154N19269,CRISTOBAL,2020,424.5,0,0,35,1,70,47,53.1286,3.09211,2.50774,0.884646,1.06099,1.31369,1.23303,0,0.00172293,0.998277,1.2309,-0.584376,0.289276
"Lake Charles Harbor District, LA",2020154N19269,CRISTOBAL,2020,247.5,0,0,45,3,70,5.33333,5.47143,0,0.472017,0.974761,0.594976,0,0,0.0424293,0.0260484,1.01711,0,0.472017,0.0119134
"Mobile, AL",2020154N19269,CRISTOBAL,2020,197.9,0,0,45,2,70,6,7.54286,0,0.155496,0.795455,1.48397,0,0,0,0.0519048,0.948095,0,0.155496,0.0318059
"New Orleans, LA",2020154N19269,CRISTOBAL,2020,31,0,0,45,2,70,23.5,30.5286,0.649407,1.64107,0.769771,1.32549,0.387841,0.395722,0,0.0093094,0.990691,0.392038,0.991661,0.377822
"Plaquemines Port District, LA",2020154N19269,CRISTOBAL,2020,32.1,0,0,45,3,70,31.3333,48.3857,0.0630262,3.35688,0.647574,1.12014,0.0258834,0.0187752,0.0232071,0.0773688,0.944551,0.0177341,3.29386,1.18305
"Port Arthur, TX",2020154N19269,CRISTOBAL,2020,302.5,0,0,45,2,70,4,5.25714,0.292835,0.176567,0.76087,1.28517,1.69607,1.65849,0,0.00112077,0.998879,1.65663,-0.116268,0.0422225
"Port Freeport, TX",2020154N19269,CRISTOBAL,2020,475.8,0,0,35,1,70,8,5.85714,0,0.220417,1.36585,0.883258,0,0,0.128297,0.0191045,1.12526,0,0.220417,-0.0806403
"Port of Greater Baton Rouge, LA",2020154N19269,CRISTOBAL,2020,69.1,0,0,45,3,70,4.66667,8.58571,0,0.550849,0.543539,1.13058,0,0,0,0.00658006,0.99342,0,0.550849,0.251441
"South Louisiana, LA, Port of",2020154N19269,CRISTOBAL,2020,42.9,0,0,45,3,70,24.3333,29.9714,0.656042,1.75344,0.811884,1.17315,0.392819,0.374146,0,0.00384358,0.996156,0.372708,1.0974,0.329849
"Texas City, TX",2020154N19269,CRISTOBAL,2020,408.1,0,0,45,2,70,4.5,5.01429,0.228376,0.528169,0.897436,1.05923,0.454866,0.432392,0,0.00814279,0.991857,0.428871,0.299793,0.0541711
"Baltimore, MD",2020188N28271,FAY,2020,189.4,0,0,50,3,70,15,16.2,0.957261,1.7649,0.925926,0.925958,0.632621,0.542389,0.0169048,0.0225571,0.99425,0.53927,0.807637,0.130733
"Jacksonville, FL",2020188N28271,FAY,2020,308.7,-3,0,30,3,70,7,7.88571,0.425408,0.579846,0.887681,1.04751,0.788997,0.733655,0.0444201,0.0235933,1.02179,0.749645,0.154439,0.0651277
"Mobile, AL",2020188N28271,FAY,2020,267.5,-3,0,30,3,70,7.66667,7.14286,0.22158,0.611312,1.07333,0.97214,0.34738,0.362467,0.100473,0.0533506,1.05239,0.381455,0.389732,-0.0448295
"New Orleans, LA",2020188N28271,FAY,2020,287.9,-3,0,30,2,70,30,28.0857,0.766617,1.3036,1.06816,1.03105,0.533972,0.588078,0.028643,0.00924599,1.01997,0.599822,0.53698,-0.0888515
"New York, NY & NJ",2020188N28271,FAY,2020,24.7,0,0,50,2,70,28.5,30.6143,1.30654,3.12287,0.930938,1.03161,0.435645,0.418378,0.0117226,0.0305168,0.980983,0.410422,1.81633,0.215672
"Philadelphia Regional Port, PA",2020188N28271,FAY,2020,63.3,0,0,50,3,70,7.66667,8.05714,0.0804923,1.73655,0.951537,0.816222,0.0596808,0.046352,0.00637417,0.0200685,0.986218,0.0457132,1.65605,0.0841588
"Plaquemines Port District, LA",2020188N28271,FAY,2020,198.5,-3,0,30,2,70,45.5,44.6857,3.4915,2.04654,1.01822,1.04681,1.6006,1.70605,0.0800593,0.0798283,1.00025,1.70648,-1.44497,-0.037293
"Port of Charleston, SC",2020188N28271,FAY,2020,33.3,-3,0,35,4,70,12.75,15.0571,0,0.812872,0.846774,1.0171,0,0,0.044666,0.0296389,1.01573,0,0.812872,0.124553
"Port of Greater Baton Rouge, LA",2020188N28271,FAY,2020,390.5,-3,0,28,1,70,9,9.2,0.975487,0.372869,0.978261,1.0913,2.45058,2.61617,0,0.00689042,0.99311,2.59814,-0.602619,0.00810584
"Port of Savannah, GA",2020188N28271,FAY,2020,133.7,-3,0,30,4,70,10.25,11.9571,0.716935,2.39197,0.857228,1.01321,0.345085,0.299725,0.0207527,0.0228249,0.997884,0.299091,1.67504,0.341506
"South Jersey Port Corp, NJ",2020188N28271,FAY,2020,46.8,0,0,50,3,70,6.33333,8.38571,0,0.657932,0.755253,0.581934,0,0,0.0649282,0.0756891,0.988492,0,0.657932,0.161027
"South Louisiana, LA, Port of",2020188N28271,FAY,2020,306.9,-3,0,30,2,70,30.5,30.9714,3.70661,1.11606,0.984779,1.09773,3.07225,3.32116,0.00531207,0.0029173,1.00241,3.32916,-2.59055,0.016988
"Tampa Port Authority, FL",2020188N28271,FAY,2020,366.9,-3,0,30,2,70,13.5,9.08571,0.890042,0.430777,1.48585,0.921622,1.5088,2.06613,0.0058527,0.00252825,1.00334,2.07304,-0.459265,-0.209293
"Virginia, VA, Port of",2020188N28271,FAY,2020,136.4,0,0,50,4,70,18.75,20.1,0.890482,1.07982,0.932836,1.04858,0.843073,0.824657,0.01995,0.0262705,0.993551,0.819339,0.189339,0.0725252
"Beaumont, TX",2020205N26272,HANNA,2020,317.6,1,1,80,2,70,13,11.4286,0.248123,0.331435,1.1375,1.10415,0.596057,0.748632,0,0.00194073,0.998059,0.747179,0.0833121,-0.0455723
"Corpus Christi, TX",2020205N26272,HANNA,2020,117.5,1,1,80,3,70,8,14.9,0,2.65408,0.536913,0.843773,0,0,0,0.00987657,0.990123,0,2.65408,1.22907
"Galveston, TX",2020205N26272,HANNA,2020,238.4,1,1,80,3,70,4.33333,9.8,0.535028,1.41525,0.442177,1.66711,0.512842,0.378044,0,0.0336946,0.966305,0.365306,0.880225,0.789461
"Houston Port Authority, TX",2020205N26272,HANNA,2020,306.8,1,1,80,3,70,50,52.4714,10.2306,8.13256,0.9529,1.22463,1.07801,1.25798,0,0.000750491,0.99925,1.25704,-2.09803,0.383047
"Lake Charles Harbor District, LA",2020205N26272,HANNA,2020,304.8,1,1,80,3,70,5.66667,5.2,0.522424,0.68478,1.08974,1.24582,0.561944,0.762908,0.02666,0.0514192,0.974563,0.743502,0.162356,-0.0614546
"New Orleans, LA",2020205N26272,HANNA,2020,422,0,1,50,2,70,23,27.6571,5.03396,1.23881,0.831612,1.02635,4.76094,4.06356,0.0158307,0.0127682,1.00311,4.0762,-3.79515,0.208601
"Plaquemines Port District, LA",2020205N26272,HANNA,2020,384,0,1,50,2,70,34.5,48.2857,0.73703,2.94621,0.714497,0.948301,0.369212,0.250163,0.0329476,0.0749997,0.956515,0.239284,2.20918,0.84115
"Port Arthur, TX",2020205N26272,HANNA,2020,300.4,1,1,80,2,70,7.5,5.41429,0.293937,0.364207,1.38522,1.11964,0.520365,0.807061,0,0.00287349,0.997127,0.804742,0.0702698,-0.140301
"Port Freeport, TX",2020205N26272,HANNA,2020,226.7,1,1,80,3,70,6,5.84286,0.148823,0.918538,1.02689,1.05201,0.149978,0.162022,0,0.017566,0.982434,0.159176,0.769715,-0.024704
"Port of Greater Baton Rouge, LA",2020205N26272,HANNA,2020,400.2,0,1,55,3,70,8.66667,9.88571,0,1.8182,0.876686,0.996034,0,0,0,0.00697851,0.993021,0,1.8182,0.224209
"South Louisiana, LA, Port of",2020205N26272,HANNA,2020,393.2,0,1,53,2,70,28,31.1429,0,1.83606,0.899083,0.9253,0,0,0,0.00512039,0.99488,0,1.83606,0.18529
"Texas City, TX",2020205N26272,HANNA,2020,261.1,1,1,80,3,70,3,4.9,3.23023,0.884712,0.612245,1.16512,5.11843,3.65117,0,0.0351733,0.964827,3.52275,-2.34552,0.343051
"Baltimore, MD",2020211N13306,ISAIAS,2020,53.1,0,1,60,1,70,11,15.7,0,0.564053,0.700637,1.15756,0,0,0,0.0164041,0.983596,0,0.564053,0.168857
"Jacksonville, FL",2020211N13306,ISAIAS,2020,161.7,1,1,80,3,70,3.66667,7.81429,0.49879,0.879835,0.469226,0.679748,1.7774,0.566913,0.00893984,0.0243529,0.984448,0.558096,0.381046,0.466994
"New York, NY & NJ",2020211N13306,ISAIAS,2020,92.2,0,1,60,2,70,28,30.9714,1.9445,3.03115,0.904059,0.835817,0.84897,0.641506,0.0124867,0.0211539,0.991223,0.635875,1.08665,0.290811
"Philadelphia Regional Port, PA",2020211N13306,ISAIAS,2020,95.7,0,1,60,2,70,5.5,7.41429,0.269137,0.768049,0.741811,0.981852,0.481111,0.350417,0,0.0095291,0.990471,0.347078,0.498912,0.198302
"Port Everglades, FL",2020211N13306,ISAIAS,2020,105.5,1,1,75,3,70,13.3333,19.4,0,0.26036,0.687285,1.27509,0,0,0,0.0098,0.9902,0,0.26036,0.0814185
"Port of Charleston, SC",2020211N13306,ISAIAS,2020,90.8,1,1,80,2,70,12,15.7429,0,0.397542,0.76225,0.953258,0,0,0.0178789,0.0298937,0.987767,0,0.397542,0.0945154
"Port of Palm Beach District, FL",2020211N13306,ISAIAS,2020,95,1,1,73,3,70,2,5.44286,0,0.0163187,0.367454,0.47438,0,0,0,0.0177066,0.982293,0,0.0163187,0.0103223
"Port of Savannah, GA",2020211N13306,ISAIAS,2020,154.6,1,1,80,3,70,6.66667,12.8429,1.19384,1.45317,0.519095,0.748353,2.11483,0.821543,0,0.0128757,0.987124,0.810965,0.259329,0.698837
"PortMiami, FL",2020211N13306,ISAIAS,2020,128,1,1,75,3,70,12,13.0571,0,1.05022,0.919037,1.27586,0,0,0,0.0126132,0.987387,0,1.05022,0.0850289
"San Juan, PR",2020211N13306,ISAIAS,2020,226,0,1,63,2,70,4,8.75714,0,0.0377328,0.45677,0.395545,0,0,0,0.00797525,0.992025,0,0.0377328,0.0204976
"South Jersey Port Corp, NJ",2020211N13306,ISAIAS,2020,96.1,0,1,60,1,70,7,8.37143,0.146114,0.217976,0.836177,0.563266,1.42322,0.670321,0.138926,0.0622018,1.0891,0.730049,0.0718619,0.0357093
"Tampa Port Authority, FL",2020211N13306,ISAIAS,2020,261.1,1,1,65,3,70,12.3333,9.07143,0.71187,1.11157,1.35958,0.766664,0.614401,0.640416,0.0117473,0.00392142,1.00792,0.645487,0.399704,-0.3997
"Virginia, VA, Port of",2020211N13306,ISAIAS,2020,99.1,1,1,80,1,70,15,20.9,0,0.258764,0.717703,1.23151,0,0,0.0100408,0.0104774,0.999559,0,0.258764,0.0730482
"San Juan, PR",2020224N11326,JOSEPHINE,2020,257.2,0,0,35,1,70,9,8.88571,0,0.0186068,1.01286,0.982016,0,0,0.0856048,0.00571819,1.08737,0,0.0186068,-0.000239316
"Baltimore, MD",2020228N37286,KYLE,2020,375.8,0,0,38,1,70,18,16.0143,0.631834,0.619472,1.124,0.975849,0.929894,1.01996,0.0211563,0.0284771,0.992521,1.01233,-0.0123616,-0.0768123
"New York, NY & NJ",2020228N37286,KYLE,2020,385.5,0,0,45,2,70,36,30.6857,2.77137,2.959,1.17318,0.944834,0.844941,0.936588,0.0276294,0.0297351,0.997835,0.93456,0.187636,-0.512453
"Philadelphia Regional Port, PA",2020228N37286,KYLE,2020,360.8,0,0,43,2,70,6.5,7.47143,0,0.535296,0.869981,1.16596,0,0,0.0134949,0.0167792,0.996671,0,0.535296,0.0695987
"South Jersey Port Corp, NJ",2020228N37286,KYLE,2020,317.9,0,0,43,2,70,12.5,8.52857,0,0.43614,1.46566,1.43925,0,0,0.0737135,0.0717281,1.00214,0,0.43614,-0.203094
"Virginia, VA, Port of",2020228N37286,KYLE,2020,192.4,0,0,40,2,70,23.5,21.3,0.785792,0.521263,1.10329,0.88146,1.5501,1.50748,0.0308051,0.0204599,1.01067,1.52357,-0.264529,-0.0538394
"Beaumont, TX",2020233N14313,LAURA,2020,85.6,4,4,130,2,70,6,12.5571,0,0.623599,0.477816,0.740304,0,0,0,0.00392925,0.996071,0,0.623599,0.325634
"Corpus Christi, TX",2020233N14313,LAURA,2020,444.6,4,4,130,2,70,20,14.9143,0.498526,1.91776,1.341,0.90265,0.214757,0.259952,0.0330403,0.00715075,1.02677,0.266912,1.41923,-0.653949
"Galveston, TX",2020233N14313,LAURA,2020,161.7,4,4,130,2,70,0.5,9.92857,0,1.31679,0.0503597,2.95469,0,0,0.0317413,0.0319421,0.999793,0,1.31679,1.25047
"Houston Port Authority, TX",2020233N14313,LAURA,2020,201.9,4,4,130,2,70,5,55.8429,0,6.23964,0.089537,0.116893,0,0,0,0.000711515,0.999288,0,6.23964,5.68096
"Lake Charles Harbor District, LA",2020233N14313,LAURA,2020,15.7,4,4,130,2,70,0,3.54286,0,0.289988,0,,,0,0.218135,0.0475549,1.21817,0,0.289988,0.289988
"Mobile, AL",2020233N14313,LAURA,2020,497.3,2,4,85,1,70,8,7.64286,0,0.138625,1.04673,1.2743,0,0,0.0482554,0.0586426,0.989086,0,0.138625,-0.00647783
"New Orleans, LA",2020233N14313,LAURA,2020,318.3,4,4,130,2,70,20,25.8,0.624103,1.44572,0.775194,0.943631,0.590146,0.43169,0,0.00914632,0.990854,0.427742,0.821618,0.325007
"Plaquemines Port District, LA",2020233N14313,LAURA,2020,356,4,4,130,2,70,52,45.4286,5.67144,2.40812,1.14465,0.968388,2.12467,2.35513,0.0157083,0.0689499,0.945909,2.22774,-3.26332,-0.348344
"Port Arthur, TX",2020233N14313,LAURA,2020,61.9,4,4,130,2,70,0,4.72857,0,0.604966,0,,,0,0.0449871,0.00241002,1.04458,0,0.604966,0.604966
"Port Freeport, TX",2020233N14313,LAURA,2020,223.1,4,4,130,2,70,2,5.97143,0,1.11727,0.334928,0.0995688,0,0,0,0.0165922,0.983408,0,1.11727,0.743067
"Port of Greater Baton Rouge, LA",2020233N14313,LAURA,2020,201.3,4,4,130,3,70,9,10.1571,2.08095,1.71522,0.886076,0.993734,1.37785,1.21323,0.0394103,0.00731241,1.03341,1.25377,-0.365733,0.195404
"PortMiami, FL",2020233N14313,LAURA,2020,455.6,0,4,58,2,70,10,13.0429,0.219094,0.632827,0.766703,1.14269,0.395176,0.346214,0,0.0118737,0.988126,0.342103,0.413733,0.147637
"San Juan, PR",2020233N14313,LAURA,2020,82.3,0,4,45,3,70,4.66667,8.85714,0,0.0558205,0.526882,0.395809,0,0,0,0.0079823,0.992018,0,0.0558205,0.0264097
"South Louisiana, LA, Port of",2020233N14313,LAURA,2020,270.2,4,4,130,2,70,25.5,32.4,1.59842,1.77291,0.787037,0.990865,1.1561,0.901581,0,0.00259535,0.997405,0.899241,0.174488,0.377565
"Texas City, TX",2020233N14313,LAURA,2020,159,4,4,130,2,70,0,6.07143,0,0.963318,0,,0,0,0,0.0281167,0.971883,0,0.963318,0.963318
"Beaumont, TX",2020234N14280,MARCO,2020,207.1,0,1,35,1,70,6,12.7714,0,0.340611,0.469799,0.741323,0,0,0,0.00354842,0.996452,0,0.340611,0.180593
"Galveston, TX",2020234N14280,MARCO,2020,248.8,-1,1,30,1,70,5,9.8,0.128364,0.644539,0.510204,1.43422,0.272166,0.199157,0,0.0324612,0.967539,0.192692,0.516175,0.315693
"Houston Port Authority, TX",2020234N14280,MARCO,2020,311,-3,1,25,1,70,32,55.7857,1.36915,3.0629,0.573624,1.12884,0.69033,0.44701,0,0.000619267,0.999381,0.446734,1.69375,1.30595
"Lake Charles Harbor District, LA",2020234N14280,MARCO,2020,135,0,1,40,2,70,4.5,3.58571,0,0.278424,1.25498,0.581295,0,0,0.0188632,0.0474372,0.970877,0,0.278424,-0.0709926
"Mobile, AL",2020234N14280,MARCO,2020,211.1,0,1,55,2,70,6,7.81429,0,0.300293,0.767824,1.54086,0,0,0,0.0602118,0.939788,0,0.300293,0.0697207
"New Orleans, LA",2020234N14280,MARCO,2020,140.7,0,1,55,2,70,14,25.8857,0,1.48573,0.540839,1.03886,0,0,0,0.00961972,0.99038,0,1.48573,0.682189
"Plaquemines Port District, LA",2020234N14280,MARCO,2020,56.4,1,1,65,3,70,31.3333,45.8714,1.23755,3.92343,0.683069,1.49273,0.309351,0.315427,0.01881,0.0714626,0.946338,0.2985,2.68587,1.24346
"Port Arthur, TX",2020234N14280,MARCO,2020,181.1,0,1,38,2,70,3.5,4.74286,0,0.588544,0.737952,0.443662,0,0,0,0.00221983,0.99778,0,0.588544,0.154227
"Port Freeport, TX",2020234N14280,MARCO,2020,310.5,-3,1,25,1,70,5,5.92857,0.437194,0.561821,0.843373,1.11172,0.829966,0.778173,0,0.0172057,0.982794,0.764784,0.124627,0.087996
"Port of Greater Baton Rouge, LA",2020234N14280,MARCO,2020,178.5,0,1,50,2,70,8.5,10.3143,1.97523,1.2665,0.8241,1.21017,1.56382,1.5596,0.0137465,0.00658955,1.00726,1.57091,-0.708729,0.222778
"South Louisiana, LA, Port of",2020234N14280,MARCO,2020,146.8,0,1,55,2,70,22,32.3,3.93414,1.8603,0.681115,1.26222,2.45987,2.11479,0,0.00344062,0.996559,2.10751,-2.07384,0.593223
"Texas City, TX",2020234N14280,MARCO,2020,254.6,-1,1,30,1,70,2,5.92857,0.109259,0.480262,0.337349,1.5593,0.432486,0.227499,0.124051,0.0270195,1.11077,0.2527,0.371003,0.318246
"Jacksonville, FL",2020244N30279,OMAR,2020,93.5,-1,0,30,2,70,5.5,8.4,0.756627,0.517372,0.654762,1.0016,2.22999,1.46244,0,0.0197186,0.980281,1.43361,-0.239256,0.178616
"Port Everglades, FL",2020244N30279,OMAR,2020,450.8,-3,0,28,2,70,21.5,20.2143,0.396002,0.319768,1.0636,0.992452,1.1732,1.2384,0.0075431,0.0110795,0.996437,1.23399,-0.0762334,-0.0203386
"Port of Charleston, SC",2020244N30279,OMAR,2020,300.2,-1,0,30,3,70,21,15.9429,3.35962,0.792026,1.3172,0.927384,3.47246,4.2418,0.0508706,0.029907,1.02209,4.33549,-2.56759,-0.251234
"Port of Palm Beach District, FL",2020244N30279,OMAR,2020,390.7,-1,0,30,2,70,5.5,5.57143,0.044888,0.056758,0.987179,0.917551,0.873126,0.790866,0,0.0141459,0.985854,0.779679,0.01187,0.000727667
"Port of Savannah, GA",2020244N30279,OMAR,2020,214.9,-1,0,30,3,70,13.6667,11.7857,1.53342,2.09,1.1596,0.930703,0.679825,0.733694,0.0182006,0.0200013,0.998166,0.732348,0.55658,-0.333556
"Tampa Port Authority, FL",2020244N30279,OMAR,2020,301.1,-3,0,28,2,70,5.5,6.98571,0.498201,0.277682,0.787321,1.11475,2.04422,1.79414,0,0.00569529,0.994305,1.78392,-0.220519,0.0590571
"Virginia, VA, Port of",2020244N30279,OMAR,2020,346.4,0,0,35,2,70,16.5,21.3857,1.36423,0.546167,0.771543,1.16771,2.77248,2.49783,0.00846421,0.023922,0.98441,2.45889,-0.818066,0.124776
"Jacksonville, FL",2020256N25281,SALLY,2020,377,0,2,50,6,70,8.33333,8.17143,4.28015,1.39163,1.01981,1.1457,2.63234,3.07563,0.0243674,0.0257319,0.998601,3.07133,-2.88852,-0.0275732
"Mobile, AL",2020256N25281,SALLY,2020,51.5,2,2,95,5,70,2.6,8.14286,0.41609,0.739158,0.319298,0.855264,2.06136,0.562925,0.058089,0.0687082,0.988726,0.556578,0.323068,0.503146
"New Orleans, LA",2020256N25281,SALLY,2020,194.7,2,2,95,5,70,18.8,24.6857,2.12431,2.34863,0.761574,1.19042,0.997681,0.90449,0,0.0117863,0.988214,0.89383,0.224316,0.559974
"Plaquemines Port District, LA",2020256N25281,SALLY,2020,134.3,2,2,95,5,70,37.6,48,4.55647,5.86678,0.783333,1.00811,0.983496,0.776655,0.0327824,0.064923,0.96677,0.750847,1.31032,1.27114
"Port Everglades, FL",2020256N25281,SALLY,2020,66.5,0,2,50,3,70,17.6667,19.4,0.803639,0.552747,0.910653,0.942144,1.69459,1.4539,0.00120955,0.0109036,0.990294,1.43979,-0.250892,0.0493864
"Port of Charleston, SC",2020256N25281,SALLY,2020,139.1,-4,2,30,2,70,14.5,16.6571,0.753281,0.590787,0.870497,0.978598,1.49677,1.27505,0.0149086,0.0361839,0.978403,1.24751,-0.162493,0.0765085
"Port of Greater Baton Rouge, LA",2020256N25281,SALLY,2020,325.8,2,2,95,4,70,11,10.4429,4.0495,1.48799,1.05335,1.07013,2.41431,2.72145,0.0155351,0.0115976,1.004,2.73234,-2.56151,-0.0793867
"Port of Palm Beach District, FL",2020256N25281,SALLY,2020,124.8,0,2,50,3,70,4.33333,5.25714,0.132532,0.148998,0.824275,1.00541,1.07331,0.889491,0,0.0139563,0.986044,0.877077,0.0164656,0.0261826
"Port of Savannah, GA",2020256N25281,SALLY,2020,203.4,-1,2,33,2,70,14,12.1429,1.26955,1.31179,1.15294,1.10057,0.762711,0.967801,0.00686686,0.0136126,0.993208,0.961228,0.0422379,-0.200627
"PortMiami, FL",2020256N25281,SALLY,2020,12.2,0,2,50,3,70,13.6667,13.5143,0.572903,0.779629,1.01128,0.809866,0.897244,0.73484,0.0117753,0.00837929,1.00344,0.737366,0.206726,-0.00879074
"South Louisiana, LA, Port of",2020256N25281,SALLY,2020,239.5,2,2,95,4,70,29.5,33.1571,5.18222,3.39819,0.889703,1.08053,1.5863,1.52499,0.00105763,0.0036653,0.99739,1.52101,-1.78402,0.374812
"Tampa Port Authority, FL",2020256N25281,SALLY,2020,176,1,2,75,4,70,3.75,7.35714,0,0.363984,0.509709,1.02503,0,0,0,0.00497937,0.995021,0,0.363984,0.178458
"Beaumont, TX",2020261N21265,BETA,2020,17.1,0,0,55,6,70,11.8333,11.6571,0.643809,2.59777,1.01511,0.936588,0.260672,0.247832,0,0.00183545,0.998165,0.247377,1.95396,-0.0392636
"Corpus Christi, TX",2020261N21265,BETA,2020,118.7,0,0,55,4,70,10.5,14.2286,0,3.79917,0.737952,0.996334,0,0,0.00197487,0.0108438,0.991114,0,3.79917,0.995566
"Galveston, TX",2020261N21265,BETA,2020,52.6,0,0,55,6,70,5.5,11.3,3.22095,4.93037,0.486726,1.26193,1.06362,0.653289,0.011706,0.0350476,0.976382,0.63786,1.70941,2.53063
"Houston Port Authority, TX",2020261N21265,BETA,2020,41.7,0,0,55,6,70,34.5,54.1714,7.26932,21.2153,0.636867,0.997289,0.539478,0.342644,0,0.000555957,0.999444,0.342454,13.946,7.70399
"Lake Charles Harbor District, LA",2020261N21265,BETA,2020,62,0,0,55,6,70,0.166667,3.54286,0,0.935626,0.047043,1.12309,0,0,0.128679,0.0936974,1.04015,0,0.935626,0.891611
"Mobile, AL",2020261N21265,BETA,2020,276,-4,0,25,3,70,10.6667,8.3,0,0.541014,1.28514,0.904093,0,0,0.0284886,0.0742551,0.952891,0,0.541014,-0.154265
"New Orleans, LA",2020261N21265,BETA,2020,220.7,0,0,55,7,70,25.2857,23.8143,5.28651,3.51092,1.06179,1.07239,1.32239,1.50573,0.00917345,0.0111944,0.99796,1.50266,-1.77559,-0.216931
"Plaquemines Port District, LA",2020261N21265,BETA,2020,307.8,0,0,55,6,70,57.6667,48.7571,10.4859,7.87963,1.18273,1.07534,1.04633,1.33076,0.041767,0.0607346,0.980206,1.30442,-2.60627,-1.43987
"Port Arthur, TX",2020261N21265,BETA,2020,42.4,0,0,55,6,70,3.66667,5.75714,3.97513,1.34799,0.63689,1.10309,4.1975,2.94893,0.00483507,0.0046755,1.00016,2.9494,-2.62714,0.489469
"Port Freeport, TX",2020261N21265,BETA,2020,12.3,0,0,55,6,70,2.5,5.81429,0.0131798,2.07097,0.429975,1.0042,0.0147391,0.00636406,0,0.0108977,0.989102,0.00629471,2.05779,1.1805
"Port of Greater Baton Rouge, LA",2020261N21265,BETA,2020,101.2,0,0,55,7,70,10.7143,10.2571,10.3446,2.82125,1.04457,1.07089,3.27787,3.66669,0.00925618,0.0122652,0.996963,3.65556,-7.5234,-0.125738
"South Louisiana, LA, Port of",2020261N21265,BETA,2020,187,0,0,55,7,70,38.8571,33.3714,10.3532,5.59174,1.16438,1.03839,1.53133,1.85152,0.00129334,0.00463791,0.996651,1.84532,-4.76147,-0.91919
"Texas City, TX",2020261N21265,BETA,2020,29.8,0,0,55,6,70,3.66667,5.15714,3.59849,4.10812,0.710988,0.852173,1.44573,0.875946,0.0290943,0.0406847,0.988062,0.865489,0.509628,1.1873
"Beaumont, TX",2020279N16284,DELTA,2020,104,3,4,105,2,70,6,11.0286,0,0.920557,0.544041,1.16228,0,0,0.0238942,0.00157248,1.02287,0,0.920557,0.419736
"Corpus Christi, TX",2020279N16284,DELTA,2020,366.2,3,4,105,1,70,9,13.6143,2.27905,1.25893,0.66107,1.3433,2.0386,1.81031,0.00531731,0.00976368,0.99553,1.80221,-1.02012,0.426689
"Galveston, TX",2020279N16284,DELTA,2020,136.4,3,4,105,2,70,8,11.0857,0.278184,1.57169,0.721649,1.19969,0.204442,0.176997,0.00673399,0.032781,0.973776,0.172355,1.29351,0.437481
"Houston Port Authority, TX",2020279N16284,DELTA,2020,202.4,3,4,105,2,70,52,53.1714,3.31806,5.57463,0.977969,1.11621,0.545252,0.595208,0,0.000833551,0.999166,0.594711,2.25657,0.122816
"Lake Charles Harbor District, LA",2020279N16284,DELTA,2020,25.4,3,4,105,2,70,0,3.21429,0,0.269643,0,,,0,0.0606461,0.0910058,0.96768,0,0.269643,0.269643
"Mobile, AL",2020279N16284,DELTA,2020,369.7,2,4,85,3,70,9.66667,8.92857,0.653765,0.503374,1.08267,1.06483,1.12656,1.29877,0.0876699,0.0805973,1.00775,1.30883,-0.150391,-0.0416123
"New Orleans, LA",2020279N16284,DELTA,2020,252.4,3,4,100,3,70,26.3333,23.7429,1.08481,1.50865,1.10911,0.93314,0.694778,0.719061,0,0.0117765,0.988224,0.710593,0.423839,-0.164602
"Plaquemines Port District, LA",2020279N16284,DELTA,2020,330.4,3,4,100,2,70,36,53.1429,2.19997,2.94052,0.677419,0.820483,1.34606,0.748155,0.0308975,0.0521732,0.978046,0.73173,0.740555,0.948556
"Port Arthur, TX",2020279N16284,DELTA,2020,81,3,4,105,2,70,1,4.97143,0,0.511402,0.201149,0.107941,0,0,0.0130471,0.00347899,1.00969,0,0.511402,0.408533
"Port Freeport, TX",2020279N16284,DELTA,2020,190.8,3,4,105,2,70,6,5.52857,0.0341864,0.682615,1.08527,0.934718,0.0493696,0.0500816,0,0.00998541,0.990015,0.0495815,0.648429,-0.0582075
"Port of Greater Baton Rouge, LA",2020279N16284,DELTA,2020,121.2,3,4,103,3,70,6.66667,10.8571,0,1.8772,0.614035,0.857725,0,0,0.0259228,0.0117869,1.01451,0,1.8772,0.724531
"South Louisiana, LA, Port of",2020279N16284,DELTA,2020,209.8,3,4,103,3,70,33.3333,34.4,3.28869,2.27262,0.968992,0.967813,1.54306,1.44709,0,0.00347303,0.996527,1.44206,-1.01607,0.0704689
"Texas City, TX",2020279N16284,DELTA,2020,145.8,3,4,105,2,70,5.5,5.32857,0.114921,0.997731,1.03217,1.10571,0.100924,0.115182,0.0303409,0.024547,1.00598,0.11587,0.88281,-0.0320986
"Baltimore, MD",2020299N18277,ZETA,2020,158.8,-4,3,45,2,70,17.5,15.6429,2.45324,1.38283,1.11872,1.00744,1.5741,1.77407,0.0303988,0.0274155,1.00308,1.77953,-1.07041,-0.164171
"Beaumont, TX",2020299N18277,ZETA,2020,354.9,3,3,100,2,70,13,11.4429,0,1.51497,1.13608,1.06863,0,0,0,0.00177647,0.998224,0,1.51497,-0.206156
"Galveston, TX",2020299N18277,ZETA,2020,391.9,3,3,100,2,70,11,10.6,1.05673,1.64281,1.03774,0.899396,0.68919,0.643245,0.062844,0.0259234,1.0394,0.668587,0.586079,-0.0619927
"Houston Port Authority, TX",2020299N18277,ZETA,2020,466,3,3,100,1,70,47,53.5714,3.32447,3.47063,0.877333,1.03839,1.05146,0.957888,0,0.00145168,0.998548,0.956498,0.146154,0.42573
"Lake Charles Harbor District, LA",2020299N18277,ZETA,2020,274.4,3,3,100,2,70,5.5,4.05714,0.766416,0.4029,1.35563,0.849964,1.65091,1.90225,0.113007,0.0610863,1.05854,2.0136,-0.363516,-0.143285
"Mobile, AL",2020299N18277,ZETA,2020,111.5,3,3,100,2,70,5,10.2857,0,0.369304,0.486111,0.911029,0,0,0.263791,0.0804564,1.24903,0,0.369304,0.189781
"New Orleans, LA",2020299N18277,ZETA,2020,18.7,3,3,100,2,70,18,24.5,0,1.2377,0.734694,1.23769,0,0,0,0.0108004,0.9892,0,1.2377,0.328369
"New York, NY & NJ",2020299N18277,ZETA,2020,237.6,-4,3,45,2,70,33.5,32.4857,6.19181,3.48171,1.03122,1.01668,1.69624,1.77838,0.0203898,0.0204209,0.999968,1.77833,-2.7101,-0.108708
"Philadelphia Regional Port, PA",2020299N18277,ZETA,2020,149.2,-4,3,45,2,70,7,8.14286,0,0.620545,0.859649,1.24106,0,0,0,0.00798488,0.992015,0,0.620545,0.087094
"Plaquemines Port District, LA",2020299N18277,ZETA,2020,99.6,3,3,100,2,70,33.5,51.4857,0.772883,2.72623,0.650666,1.19204,0.365514,0.283499,0.0200819,0.0540195,0.965367,0.273681,1.95334,0.952364
"Port Arthur, TX",2020299N18277,ZETA,2020,331.5,3,3,100,2,70,7.5,5.02857,0,0.414925,1.49148,0.988816,0,0,0,0.00459116,0.995409,0,0.414925,-0.203926
"Port Freeport, TX",2020299N18277,ZETA,2020,447.5,3,3,100,1,70,9,6.11429,0,0.414425,1.47196,1.07406,0,0,0,0.0160403,0.98396,0,0.414425,-0.195593
"Port of Charleston, SC",2020299N18277,ZETA,2020,409.4,0,3,45,1,70,14,16.3429,0.825712,0.282307,0.856643,0.883163,3.86604,2.92487,0.0596798,0.0321387,1.02929,3.01054,-0.543405,0.0404706
"Port of Greater Baton Rouge, LA",2020299N18277,ZETA,2020,137.2,3,3,100,2,70,5.5,11.5,0.436871,0.763854,0.478261,0.922338,1.29655,0.57193,0,0.0098173,0.990183,0.566316,0.326983,0.398533
"Port of Savannah, GA",2020299N18277,ZETA,2020,423.4,0,3,53,1,70,11,11.8286,0.947903,0.705778,0.929952,1.11398,1.29646,1.34306,0,0.0136291,0.986371,1.32476,-0.242125,0.0494386
"South Jersey Port Corp, NJ",2020299N18277,ZETA,2020,99.3,-4,3,45,2,70,4.5,8.6,0,0.390588,0.523256,0.973208,0,0,0.0528739,0.0708412,0.98103,0,0.390588,0.18621
"South Louisiana, LA, Port of",2020299N18277,ZETA,2020,61.8,3,3,100,2,70,27,33.2571,0,1.98079,0.811856,1.27172,0,0,0,0.00125065,0.998749,0,1.98079,0.372674
"Texas City, TX",2020299N18277,ZETA,2020,403.5,3,3,100,2,70,4,6.01429,0.622029,1.09207,0.665083,1.01093,0.847157,0.569588,0.0184001,0.0143886,1.00409,0.571915,0.47004,0.365752
"Virginia, VA, Port of",2020299N18277,ZETA,2020,193.8,0,3,45,2,70,24.5,24.1571,0.783591,0.788307,1.01419,1.02155,0.959427,0.994017,0.00244298,0.015587,0.986824,0.98092,0.00471647,-0.0111883
"Jacksonville, FL",2020306N15288,ETA,2020,23.3,0,4,63,3,70,6.33333,9.71429,1.6592,0.618565,0.651961,1.01458,4.05516,2.68234,0.0107122,0.028803,0.981713,2.63329,-1.04064,0.215285
"Port Everglades, FL",2020306N15288,ETA,2020,141.4,1,4,65,5,70,12.8,17.5286,0,0.834322,0.730236,1.06946,0,0,0.00113695,0.0119967,0.989128,0,0.834322,0.22507
"Port of Charleston, SC",2020306N15288,ETA,2020,125.5,0,4,40,2,70,16,16.0714,1.11008,0.558637,0.995556,0.988235,2.01975,1.98711,0.117547,0.0288878,1.10047,2.18676,-0.551438,0.00248283
"Port of Palm Beach District, FL",2020306N15288,ETA,2020,200.2,1,4,65,5,70,3.8,5.1,0,0.354301,0.745098,0.630927,0,0,0.00390899,0.0104673,0.993416,0,0.354301,0.0903121
"Port of Savannah, GA",2020306N15288,ETA,2020,87.3,0,4,53,2,70,12.5,11.8,0.548881,1.5566,1.05932,0.978689,0.340118,0.352616,0.0609035,0.011218,1.05291,0.371272,1.00772,-0.0923405
"PortMiami, FL",2020306N15288,ETA,2020,81.5,1,4,65,5,70,12.8,13.0714,0.591314,1.15906,0.979235,1.08441,0.480433,0.510167,0.0137534,0.0120839,1.00169,0.51103,0.567746,0.0240679
"Tampa Port Authority, FL",2020306N15288,ETA,2020,112.2,1,4,65,4,70,8.75,8.21429,0,0.276139,1.06522,1.0484,0,0,0.00154234,0.004637,0.996901,0,0.276139,-0.0180091
"Virginia, VA, Port of",2020306N15288,ETA,2020,334.7,0,4,40,1,70,30,24.1714,0.445869,0.387146,1.24113,0.940254,0.986888,1.15168,0.0277044,0.0147652,1.01331,1.16701,-0.0587226,-0.0933545
"Jacksonville, FL",2021165N32282,BILL,2021,380.9,-3,0,20,2,70,9.5,11.3,1.21363,0.642879,0.840708,1.03597,2.16753,1.8878,0.00478013,0.0257073,0.978972,1.84811,-0.57075,0.102405
"Port of Charleston, SC",2021165N32282,BILL,2021,220.4,-1,0,28,2,70,18.5,21.8429,1.7896,1.73235,0.846959,0.952205,1.28093,1.03305,0.0356914,0.0259103,1.01014,1.04352,-0.0572469,0.265122
"Port of Savannah, GA",2021165N32282,BILL,2021,285.9,-3,0,23,2,70,15,16.4,4.02449,2.89007,0.914634,1.01139,1.50535,1.39252,0.0213146,0.0117324,1.00979,1.40616,-1.13442,0.246713
"Virginia, VA, Port of",2021165N32282,BILL,2021,361.7,0,0,38,1,70,28,29.8714,0.203613,1.05901,0.937351,0.612049,0.335134,0.192268,0,0.0417062,0.958294,0.184249,0.855393,0.0663461
"Baltimore, MD",2021169N23268,CLAUDETTE,2021,351.7,0,0,40,1,70,24,19.5143,1.29163,1.18983,1.22987,0.894573,0.986688,1.08556,0.0203709,0.0395001,0.980473,1.06436,-0.101802,-0.273503
"Beaumont, TX",2021169N23268,CLAUDETTE,2021,317.9,0,0,40,2,70,13,12.3714,2.08117,3.76714,1.05081,0.798588,0.658338,0.552453,0,0.00191501,0.998085,0.551395,1.68597,-0.191402
"Galveston, TX",2021169N23268,CLAUDETTE,2021,367.1,0,0,40,2,70,16,12.1714,2.78642,2.41475,1.31455,0.948086,0.925867,1.15392,0.0403493,0.0409827,0.99934,1.15316,-0.371673,-0.759569
"Houston Port Authority, TX",2021169N23268,CLAUDETTE,2021,429.3,0,0,40,2,70,75,75,26.3914,15.5049,1,1.02526,1.6602,1.70213,0.00136142,0.00207318,0.999287,1.70092,-10.8865,0
"Jacksonville, FL",2021169N23268,CLAUDETTE,2021,408.2,0,0,35,2,70,9,11.0286,0,0.627319,0.816062,1.06301,0,0,0,0.0242485,0.975752,0,0.627319,0.115388
"Lake Charles Harbor District, LA",2021169N23268,CLAUDETTE,2021,237.8,0,0,40,2,70,9,9.31429,2.30421,0.632226,0.966258,1.2251,3.07884,3.6446,0.0127975,0.0199482,0.992757,3.6182,-1.67199,0.0213328
"Mobile, AL",2021169N23268,CLAUDETTE,2021,114,0,0,40,3,70,18.3333,13.3143,1.27976,1.0754,1.37697,1.00888,0.856633,1.19003,0,0.00722932,0.992771,1.18142,-0.204357,-0.405391
"New Orleans, LA",2021169N23268,CLAUDETTE,2021,37.7,0,0,40,3,70,26,34.5714,1.91297,4.52725,0.752066,0.952984,0.589567,0.422547,0,0.00416765,0.995832,0.420786,2.61427,1.12246
"New York, NY & NJ",2021169N23268,CLAUDETTE,2021,373.3,0,0,40,2,70,33.5,38.6286,9.72845,8.96876,0.867234,1.11581,1.12095,1.0847,0.0250614,0.0385398,0.986175,1.06971,-0.75969,1.19075
"Philadelphia Regional Port, PA",2021169N23268,CLAUDETTE,2021,362.6,0,0,40,2,70,14.5,12.4571,0.167824,1.65379,1.16399,1.0771,0.0809411,0.101479,0.0248048,0.0300874,0.994583,0.100929,1.48596,-0.271206
"Plaquemines Port District, LA",2021169N23268,CLAUDETTE,2021,119.3,0,0,40,3,70,48.3333,55.8429,10.2879,8.37951,0.865524,0.979437,1.44829,1.22775,0.0250119,0.0461126,0.978358,1.20118,-1.90843,1.12684
"Port Arthur, TX",2021169N23268,CLAUDETTE,2021,294,0,0,40,2,70,7.5,9.1,1.22778,1.46016,0.824176,1.14064,0.894435,0.84085,0,0.000718735,0.999281,0.840246,0.232385,0.256732
"Port Freeport, TX",2021169N23268,CLAUDETTE,2021,426.6,0,0,40,2,70,7,8.54286,1.00602,1.66899,0.819398,0.900284,0.817111,0.602775,0,0.0071463,0.992854,0.598467,0.662964,0.301422
"Port of Charleston, SC",2021169N23268,CLAUDETTE,2021,169.5,0,0,40,2,70,18.5,21.7571,1.3906,1.72932,0.850295,1.08182,0.874187,0.804133,0.0280785,0.0261977,1.00194,0.805689,0.338717,0.258887
"Port of Greater Baton Rouge, LA",2021169N23268,CLAUDETTE,2021,94.8,0,0,40,3,70,11.3333,11.2,0,3.11722,1.0119,1.02554,0,0,0,0.00478973,0.99521,0,3.11722,-0.0371098
"Port of Savannah, GA",2021169N23268,CLAUDETTE,2021,233.8,0,0,40,2,70,17,16.6286,2.83914,3.13941,1.02234,0.905932,0.976448,0.904354,0.0147519,0.0088835,1.00596,0.909741,0.300271,-0.0701242
"South Jersey Port Corp, NJ",2021169N23268,CLAUDETTE,2021,314.6,0,0,40,2,70,11.5,13.3286,0.594469,0.932133,0.862808,1.24102,0.595603,0.637751,0.129484,0.0853716,1.05067,0.670069,0.337664,0.127881
"South Louisiana, LA, Port of",2021169N23268,CLAUDETTE,2021,13.6,0,0,40,3,70,33.6667,40.4429,3.01582,10.5092,0.83245,1.0041,0.343321,0.286969,0,0.00231574,0.997684,0.286304,7.49342,1.76082
"Texas City, TX",2021169N23268,CLAUDETTE,2021,373.4,0,0,40,2,70,7.5,6.24286,0.847517,2.42613,1.20137,0.985005,0.2952,0.349328,0.107061,0.00398979,1.11543,0.389651,1.57862,-0.488558
"Virginia, VA, Port of",2021169N23268,CLAUDETTE,2021,100.3,0,0,40,1,70,26,30.2857,0.594264,1.10519,0.858491,1.13545,0.551619,0.537704,0,0.0339881,0.966012,0.519429,0.510923,0.156394
"Jacksonville, FL",2021179N30287,DANNY,2021,244.5,0,0,40,2,70,11,11.0857,0.178674,0.866491,0.992268,1.17707,0.176549,0.206204,0.0228873,0.0231648,0.999716,0.206145,0.687817,0.00669967
"Port of Charleston, SC",2021179N30287,DANNY,2021,91.4,0,0,40,2,70,23,20.8143,0.835725,1.60533,1.10501,0.990904,0.475447,0.520595,0.0181638,0.0292667,0.988692,0.514708,0.769601,-0.168576
"Port of Savannah, GA",2021179N30287,DANNY,2021,52.1,0,0,40,2,70,11.5,16.9714,2.03021,3.45697,0.677609,1.04604,0.828544,0.587279,0.0130362,0.00851356,1.00458,0.589971,1.42676,1.1145
"Baltimore, MD",2021182N09317,ELSA,2021,146.5,0,1,50,2,70,18.5,19.6429,1.67306,2.27069,0.941818,1.14525,0.683101,0.736805,0.00744431,0.030759,0.97651,0.719498,0.597633,0.132113
"Jacksonville, FL",2021182N09317,ELSA,2021,151.3,1,1,65,3,70,9.33333,11.2,0,1.4995,0.833333,0.859114,0,0,0.0240534,0.026229,0.997771,0,1.4995,0.249916
"Mobile, AL",2021182N09317,ELSA,2021,449.9,0,1,55,1,70,15,13.2286,0,0.332066,1.13391,1.18593,0,0,0.0100803,0.00879305,1.0013,0,0.332066,-0.0444667
"New York, NY & NJ",2021182N09317,ELSA,2021,90.9,0,1,50,1,70,39,38.9857,3.69302,4.12755,1.00037,1.19552,0.748127,0.894725,0.00826768,0.0422091,0.965776,0.864104,0.434527,-0.00151248
"Philadelphia Regional Port, PA",2021182N09317,ELSA,2021,94,0,1,50,1,70,10,13.1,0,1.18896,0.763359,0.94232,0,0,0,0.0336848,0.966315,0,1.18896,0.281357
"Port Everglades, FL",2021182N09317,ELSA,2021,254.7,1,1,65,3,70,20,23.5857,0,1.23837,0.847971,1.12388,0,0,0.0150395,0.0193578,0.995616,0,1.23837,0.188269
"Port of Charleston, SC",2021182N09317,ELSA,2021,120.5,0,1,55,3,70,23.6667,20.3,2.54537,2.07516,1.16585,0.98452,1.06865,1.22659,0.0235645,0.032987,0.99035,1.21475,-0.47021,-0.344156
"Port of Palm Beach District, FL",2021182N09317,ELSA,2021,261.4,1,1,65,3,70,9,5.8,0.667243,0.0500279,1.55172,0.993351,8.65275,13.3374,0,0.0202508,0.979749,13.0673,-0.617215,-0.0276016
"Port of Savannah, GA",2021182N09317,ELSA,2021,100.6,0,1,55,2,70,13.5,17.2143,2.42813,3.29044,0.784232,0.98287,0.957364,0.737934,0,0.0123239,0.987676,0.72884,0.862312,0.709971
"PortMiami, FL",2021182N09317,ELSA,2021,241.1,1,1,65,3,70,16.6667,16.3143,0.590658,1.40671,1.0216,1.22482,0.335568,0.419886,0.00882246,0.012128,0.996665,0.418486,0.816052,-0.0303843
"San Juan, PR",2021182N09317,ELSA,2021,359.9,1,1,70,1,70,15,12.0571,0,0.0184627,1.24408,1.07607,0,0,0,0.00969985,0.9903,0,0.0184627,-0.0045063
"South Jersey Port Corp, NJ",2021182N09317,ELSA,2021,59.4,0,1,50,2,70,11,13.0286,4.36733,1.39791,0.844298,1.37912,2.68311,3.12419,0.0135219,0.0768038,0.935851,2.92378,-2.96943,0.217657
"Tampa Port Authority, FL",2021182N09317,ELSA,2021,114,1,1,65,3,70,11.3333,12.4143,1.41543,1.75743,0.912927,1.00521,0.877638,0.805397,0,0.00752844,0.992472,0.799334,0.342001,0.153025
"Virginia, VA, Port of",2021182N09317,ELSA,2021,80.2,0,1,50,2,70,30.5,31.0571,2.13662,1.98126,0.982061,1.09149,1.00607,1.07842,0.00209011,0.0271097,0.974928,1.05138,-0.155362,0.0355424
"Baltimore, MD",2021222N14301,FRED,2021,241.7,-3,0,25,2,70,17,18.7571,1.38157,2.09673,0.906321,0.64142,1.13346,0.658917,0.0101934,0.0279577,0.982053,0.647091,0.71516,0.196419
"Jacksonville, FL",2021222N14301,FRED,2021,359.5,0,0,55,2,70,9,10.8857,2.21692,0.875198,0.826772,1.04438,2.9336,2.53305,0.0100411,0.0180994,0.99186,2.51243,-1.34172,0.151609
"Mobile, AL",2021222N14301,FRED,2021,258.5,0,0,55,2,70,12.5,13.6143,0.487677,0.975159,0.918153,0.878482,0.620025,0.5001,0.0281145,0.0129989,1.01555,0.507878,0.487482,0.0798136
"New Orleans, LA",2021222N14301,FRED,2021,443.6,0,0,55,2,70,31,37.2143,2.83884,2.67085,0.833013,0.980258,1.30167,1.0629,0,0.0136094,0.986391,1.04843,-0.167993,0.445996
"New York, NY & NJ",2021222N14301,FRED,2021,208.4,-3,0,25,3,70,38,38.4857,21.4865,13.5612,0.987379,0.901575,1.77985,1.58441,0.0320557,0.0377085,0.99416,1.57516,-7.92531,0.171151
"Philadelphia Regional Port, PA",2021222N14301,FRED,2021,250.4,-3,0,25,3,70,10.6667,11.1143,1.72691,2.12839,0.959726,0.876201,0.964869,0.811371,0.00491066,0.0250114,0.9798,0.794981,0.401476,0.0857191
"Plaquemines Port District, LA",2021222N14301,FRED,2021,375.4,0,0,55,3,70,58.3333,64.5286,9.46691,10.67,0.903992,0.902558,1.08744,0.887249,0.0255731,0.0364759,0.988811,0.877321,1.20305,1.0244
"Port Everglades, FL",2021222N14301,FRED,2021,393.2,0,0,40,3,70,21.6667,23.7286,1.59005,1.01776,0.913105,0.96977,1.76431,1.5623,0.0095889,0.0136474,0.995902,1.5559,-0.572289,0.0884391
"Port of Charleston, SC",2021222N14301,FRED,2021,437,-1,0,25,2,70,22,20.2429,1.65414,1.68823,1.0868,0.932751,0.966549,0.979807,0.0336069,0.0325295,1.00111,0.980899,0.0340906,-0.146543
"Port of Palm Beach District, FL",2021222N14301,FRED,2021,425.2,0,0,45,3,70,6.66667,5.81429,0,0.106796,1.1466,0.916571,0,0,0.0346703,0.0198002,1.0154,0,0.106796,-0.0156564
"Port of Savannah, GA",2021222N14301,FRED,2021,386.6,0,0,55,3,70,17.6667,17.1714,5.21552,4.84442,1.02884,1.06824,0.979578,1.0766,0.00618713,0.00703769,0.999144,1.07568,-0.371105,-0.139717
"PortMiami, FL",2021222N14301,FRED,2021,333.6,0,0,40,3,70,16.6667,14.7286,1.1099,1.04259,1.13159,1.12849,0.833644,1.06456,0,0.0132722,0.986728,1.05043,-0.0673053,-0.137192
"San Juan, PR",2021222N14301,FRED,2021,124.8,0,0,40,2,70,10,12.3143,0.407186,0.234599,0.812065,1.16106,1.84086,1.73567,0.020485,0.0108455,1.00984,1.75275,-0.172588,0.0440893
"South Jersey Port Corp, NJ",2021222N14301,FRED,2021,296.1,-3,0,25,3,70,9.66667,12.7286,0.745828,1.14364,0.759446,0.775711,1.10701,0.652151,0.0086144,0.0784906,0.929517,0.606185,0.397816,0.275108
"South Louisiana, LA, Port of",2021222N14301,FRED,2021,488.5,0,0,55,2,70,43,42.2714,4.40043,6.07757,1.01724,1.00699,0.706834,0.724043,0,0.0107013,0.989299,0.716295,1.67715,-0.10475
"Tampa Port Authority, FL",2021222N14301,FRED,2021,323,0,0,55,4,70,10.5,12.7714,1.68123,2.3418,0.822148,1.05286,0.829389,0.717923,0.00195549,0.00243944,0.999515,0.717575,0.660568,0.416494
"Virginia, VA, Port of",2021222N14301,FRED,2021,487.5,-3,0,20,1,70,30,29.7714,0.432043,1.03621,1.00768,0.847552,0.488192,0.416945,0.0050143,0.0301439,0.974744,0.406415,0.604168,-0.00795555
"San Juan, PR",2021225N15313,GRACE,2021,158.2,-1,3,33,2,70,9.5,12.4571,0,0.167568,0.762615,0.822242,0,0,0,0.0107585,0.989242,0,0.167568,0.0397781
"Baltimore, MD",2021227N36297,HENRI,2021,307.6,1,1,65,3,70,20,18.9571,3.1581,3.05489,1.05501,1.05185,0.931582,1.03379,0,0.0360336,0.963966,0.996534,-0.10321,-0.168053
"New York, NY & NJ",2021227N36297,HENRI,2021,88.7,1,1,65,3,70,44,38.9143,8.34213,13.6605,1.13069,1.01918,0.529927,0.610674,0.0160468,0.0418286,0.973798,0.594673,5.3184,-1.7853
"Philadelphia Regional Port, PA",2021227N36297,HENRI,2021,179.5,1,1,65,3,70,11.3333,11.2571,1.09747,2.19678,1.00677,1.04028,0.477012,0.499583,0.00534167,0.02708,0.978145,0.488664,1.09931,-0.0148682
"South Jersey Port Corp, NJ",2021227N36297,HENRI,2021,223.9,1,1,65,4,70,15,12.6857,6.30928,1.79466,1.18243,1.16827,2.54494,3.51559,0.0403847,0.0908743,0.947386,3.33062,-4.51462,-0.327404
"Virginia, VA, Port of",2021227N36297,HENRI,2021,439.1,1,1,65,2,70,31.5,30.1714,2.17257,2.17743,1.04403,1.19755,0.79803,0.997768,0.00919194,0.0325933,0.976382,0.974202,0.00486083,-0.0958811
"Baltimore, MD",2021239N17281,IDA,2021,34,-4,4,40,2,70,17.5,18.7571,2.72274,2.10956,0.932978,0.909663,1.52077,1.29067,0.0178472,0.0471278,0.970187,1.25219,-0.613181,0.141387
"Beaumont, TX",2021239N17281,IDA,2021,326,4,4,130,2,70,8,12.5857,0,4.28491,0.635641,1.2998,0,0,0,0.00184499,0.998155,0,4.28491,1.56124
"Galveston, TX",2021239N17281,IDA,2021,413.5,4,4,130,2,70,10.5,13.2429,2.80098,2.02943,0.79288,1.17947,1.47585,1.38018,0.0385219,0.0321728,1.0066,1.3893,-0.771552,0.420334
"Houston Port Authority, TX",2021239N17281,IDA,2021,448.8,4,4,125,2,70,70,80.9857,18.3308,15.7755,0.86435,0.959042,1.40175,1.16198,0,0.00264596,0.997354,1.15891,-2.55532,2.13995
"Lake Charles Harbor District, LA",2021239N17281,IDA,2021,251.6,4,4,130,3,70,7.33333,9.82857,2.13906,1.45972,0.746124,0.764833,2.56789,1.46539,0.0211471,0.034982,0.985866,1.44468,-0.679343,0.370587
"Mobile, AL",2021239N17281,IDA,2021,254.5,4,4,130,3,70,4.66667,13.9571,0,1.66804,0.334357,1.46517,0,0,0.0140771,0.0056615,1.00854,0,1.66804,1.11032
"New Orleans, LA",2021239N17281,IDA,2021,59.5,4,4,130,3,70,16,41.5571,0.440206,4.64658,0.385012,0.811286,0.303301,0.0947376,0.125299,0.00446488,1.13814,0.107825,4.20638,2.85759
"New York, NY & NJ",2021239N17281,IDA,2021,57.8,-4,4,40,2,70,43.5,39.2857,6.35349,8.50965,1.10727,1.06971,0.630346,0.746622,0.0162971,0.0510119,0.96471,0.720274,2.15616,-0.912853
"Philadelphia Regional Port, PA",2021239N17281,IDA,2021,56.7,-4,4,40,2,70,13.5,11.5286,0.590356,2.09652,1.171,1.21625,0.197711,0.281588,0.0126121,0.0365776,0.975728,0.274753,1.50617,-0.358513
"Plaquemines Port District, LA",2021239N17281,IDA,2021,67.2,4,4,130,4,70,24.5,71.3143,10.918,14.0294,0.34355,1.02015,2.2205,0.778224,0.12917,0.0261419,1.11831,0.870295,3.11139,9.20963
"Port Arthur, TX",2021239N17281,IDA,2021,310.8,4,4,130,2,70,6,9.57143,0,1.48159,0.626866,0.898692,0,0,0,0.000740295,0.99926,0,1.48159,0.552834
"Port Freeport, TX",2021239N17281,IDA,2021,476.4,4,4,125,2,70,9,8.17143,1.09036,2.09479,1.1014,1.11036,0.425621,0.520512,0.00839149,0.0160342,0.992293,0.5165,1.00443,-0.212409
"Port of Greater Baton Rouge, LA",2021239N17281,IDA,2021,50.7,4,4,130,3,70,9,13.1571,4.06357,3.38679,0.684039,0.627844,2.79375,1.19983,0.125309,0.00619044,1.13618,1.36323,-0.676786,1.07009
"PortMiami, FL",2021239N17281,IDA,2021,450.1,1,4,70,2,70,14,15.1,0.629986,0.788356,0.927152,0.87716,0.982605,0.799114,0.0179448,0.0134932,1.00453,0.802737,0.158369,0.0574299
"South Jersey Port Corp, NJ",2021239N17281,IDA,2021,60.6,-4,4,40,2,70,14,12.5857,0.543913,1.2043,1.11237,1.1227,0.361643,0.451641,0.011111,0.0972967,0.912846,0.412279,0.660391,-0.13533
"South Louisiana, LA, Port of",2021239N17281,IDA,2021,16.1,4,4,130,3,70,26.6667,47.2714,0.27208,9.40102,0.564118,0.627926,0.0817038,0.0289415,0.184123,0.00198151,1.22325,0.0354026,9.12894,4.09773
"Tampa Port Authority, FL",2021239N17281,IDA,2021,494,1,4,80,1,70,13,11.8143,0.0773288,0.810064,1.10036,1.05502,0.0822292,0.09546,0,0.00336299,0.996637,0.095139,0.732736,-0.0813003
"Texas City, TX",2021239N17281,IDA,2021,413.2,4,4,130,2,70,6.5,6.07143,1.90568,2.43763,1.07059,0.92311,0.791054,0.781775,0,0.00160329,0.998397,0.780522,0.531952,-0.172068
"Virginia, VA, Port of",2021239N17281,IDA,2021,285.1,-4,4,38,2,70,27,30.5857,1.92919,2.22889,0.882765,1.08309,0.905264,0.86554,0,0.0437359,0.956264,0.827685,0.299697,0.261304
"Jacksonville, FL",2021252N28273,MINDY,2021,96.9,0,0,50,2,70,13,11.3571,1.39556,1.08596,1.14465,1.02686,1.09332,1.28509,0.0309618,0.0184933,1.01287,1.30162,-0.309596,-0.157089
"Mobile, AL",2021252N28273,MINDY,2021,267.6,0,0,50,2,70,10,12.8571,0,0.813475,0.777778,0.940068,0,0,0.0555457,0.00748112,1.05089,0,0.813475,0.180772
"New Orleans, LA",2021252N28273,MINDY,2021,362.2,0,0,50,2,70,36.5,41.1429,1.62453,3.47625,0.887153,0.954559,0.551844,0.467323,0.0939084,0.00243884,1.10095,0.5145,1.85172,0.392285
"Plaquemines Port District, LA",2021252N28273,MINDY,2021,283,0,0,50,2,70,78.5,70.7714,8.62843,7.0902,1.1092,1.11923,0.980258,1.21695,0.0992412,0.0275943,1.07954,1.31375,-1.53823,-0.774283
"Port of Charleston, SC",2021252N28273,MINDY,2021,158.8,0,0,35,2,70,20,19.4143,0,1.5801,1.03017,0.952109,0,0,0.0421839,0.0297297,1.013,0,1.5801,-0.0476703
"Port of Greater Baton Rouge, LA",2021252N28273,MINDY,2021,491.8,0,0,35,1,70,19,12.1857,5.80048,0.986151,1.5592,0.864398,4.3642,5.88194,0,0.00462677,0.995373,5.85472,-4.81433,-0.551458
"Port of Savannah, GA",2021252N28273,MINDY,2021,82.9,0,0,50,2,70,19,18.0143,2.04323,3.88474,1.05472,1.01279,0.492377,0.525963,0.0200688,0.00883988,1.01146,0.53199,1.84151,-0.212567
"South Louisiana, LA, Port of",2021252N28273,MINDY,2021,402.4,0,0,45,2,70,40,48.5571,0.824431,5.67347,0.823772,0.930874,0.189499,0.145313,0.054207,0.00164075,1.05558,0.15339,4.84904,0.999826
"Tampa Port Authority, FL",2021252N28273,MINDY,2021,325.4,0,0,50,2,70,14,10.6714,0.906853,1.31384,1.31191,0.7696,0.683633,0.690229,0.0343874,0.00238919,1.03314,0.713102,0.40699,-0.409807
"Beaumont, TX",2021256N21265,NICHOLAS,2021,6.1,1,1,65,5,70,9.6,12.6429,17.6296,9.4867,0.759322,1.08631,2.25293,1.85835,0,0.00132372,0.998676,1.85589,-8.14286,2.28324
"Corpus Christi, TX",2021256N21265,NICHOLAS,2021,116.3,1,1,65,3,70,17.6667,19.7143,6.99726,10.6058,0.896135,0.905008,0.813504,0.659759,0.00165619,0.00554781,0.996102,0.657188,3.60851,1.10157
"Galveston, TX",2021256N21265,NICHOLAS,2021,39.8,1,1,65,5,70,12.2,13.0143,6.10364,4.8209,0.937431,0.995876,1.35617,1.26608,0.0411039,0.0353667,1.00598,1.27365,-1.28273,0.301637
"Houston Port Authority, TX",2021256N21265,NICHOLAS,2021,43.9,1,1,65,5,70,77.4,80.7571,29.6067,38.751,0.958429,1.05517,0.755483,0.764026,0.00107245,0.00270999,0.998361,0.762773,9.14424,1.61091
"Lake Charles Harbor District, LA",2021256N21265,NICHOLAS,2021,44,1,1,65,5,70,10.2,9.22857,2.95963,2.73397,1.10526,1.06612,0.918698,1.08254,0.0243162,0.0365676,0.987443,1.06895,-0.225666,-0.287786
"Mobile, AL",2021256N21265,NICHOLAS,2021,360.8,-1,1,25,3,70,14.3333,12.3,2.20213,1.03149,1.16531,0.936724,1.95579,2.13489,0.0170099,0.00728163,1.0099,2.15602,-1.17064,-0.170518
"New Orleans, LA",2021256N21265,NICHOLAS,2021,165.6,0,1,35,4,70,44.25,38.0429,2.41156,5.94292,1.16316,1.10488,0.315749,0.405787,0.00186825,0.0070525,0.994806,0.40368,3.53136,-0.969657
"Plaquemines Port District, LA",2021256N21265,NICHOLAS,2021,205.2,-1,1,30,3,70,84,67.1857,17.8922,9.76476,1.25027,1.18826,1.23336,1.83233,0.00299173,0.0314243,0.971482,1.78007,-8.12746,-2.44379
"Port Arthur, TX",2021256N21265,NICHOLAS,2021,27.7,1,1,65,5,70,6.4,9.27143,4.24245,3.79137,0.690293,0.998069,1.62415,1.11898,0,0.000620206,0.99938,1.11828,-0.45108,1.17421
"Port Freeport, TX",2021256N21265,NICHOLAS,2021,12.3,1,1,65,5,70,6.6,8.15714,3.02869,5.34424,0.809107,0.871209,0.803972,0.56672,0.00733127,0.0159705,0.991297,0.561788,2.31555,1.02018
"Port of Greater Baton Rouge, LA",2021256N21265,NICHOLAS,2021,77.8,1,1,65,4,70,20.25,12.0857,13.7,4.22777,1.67553,1.05411,1.83473,3.24048,0,0.0162422,0.983758,3.18785,-9.47226,-2.856
"South Louisiana, LA, Port of",2021256N21265,NICHOLAS,2021,120.3,0,1,50,4,70,52.5,47.2,15.1604,8.0868,1.11229,1.11225,1.51536,1.87471,0.0019101,0.00801471,0.993884,1.86325,-7.07364,-0.908052
"Texas City, TX",2021256N21265,NICHOLAS,2021,16.9,1,1,65,5,70,3,6.57143,4.04009,5.04292,0.456522,1.29507,1.35505,0.80114,0,0.000353528,0.999646,0.800857,1.00284,2.74072
"New York, NY & NJ",2021259N30286,ODETTE,2021,479.6,0,0,40,1,70,35,40.0286,4.98089,4.22002,0.874375,1.19329,1.13123,1.1803,0.00839623,0.0360547,0.972107,1.14738,-0.760871,0.530138
"Philadelphia Regional Port, PA",2021259N30286,ODETTE,2021,478.3,0,0,40,2,70,11.5,10.7857,0.798123,1.68965,1.06623,0.931402,0.475649,0.472359,0,0.0208058,0.979194,0.462531,0.891529,-0.111897
"Port of Charleston, SC",2021259N30286,ODETTE,2021,441.9,-3,0,30,2,70,21,19.2857,1.60202,1.29416,1.08889,1.08298,1.04973,1.23789,0.0198263,0.0303968,0.989216,1.22454,-0.307866,-0.115036
"South Jersey Port Corp, NJ",2021259N30286,ODETTE,2021,433.7,0,0,40,2,70,15.5,11.9714,0.888504,1.38545,1.29475,0.834857,0.593295,0.641312,0.111818,0.0721419,1.04467,0.669959,0.496944,-0.40836
"Virginia, VA, Port of",2021259N30286,ODETTE,2021,303.3,0,0,40,3,70,27.6667,29.1714,2.50381,3.6012,0.948417,1.02043,0.718407,0.695269,0.0216073,0.0269003,0.99459,0.691508,1.0974,0.185762
"San Juan, PR",2021262N16307,PETER,2021,250.6,0,0,45,3,70,12.6667,12.4429,0,0.353061,1.01799,1.22516,0,0,0.0128029,0.0072843,1.00559,0,0.353061,-0.00635051
"New York, NY & NJ",2021299N33284,WANDA,2021,340,-4,0,60,1,70,41,40.4143,4.56269,3.97068,1.01449,1.14992,0.985003,1.14909,0.00747189,0.0375008,0.969745,1.11433,-0.592008,-0.0575461
"Philadelphia Regional Port, PA",2021299N33284,WANDA,2021,419.1,-4,0,60,1,70,15,11.5857,1.25312,0.980169,1.2947,1.139,0.86696,1.27848,0,0.0165291,0.983471,1.25735,-0.272955,-0.288854
"Port of Charleston, SC",2021299N33284,WANDA,2021,354.1,-4,0,40,1,70,22,20.5571,0.761599,0.808576,1.07019,0.945286,0.93107,0.941902,0.00605245,0.0273997,0.978523,0.921672,0.0469767,-0.056752
"Port of Savannah, GA",2021299N33284,WANDA,2021,455.5,-4,0,35,1,70,18,18.5,2.37054,1.91338,0.972973,1.12603,1.13083,1.23893,0.0215951,0.0103211,1.01152,1.25321,-0.457165,0.0517129
"South Jersey Port Corp, NJ",2021299N33284,WANDA,2021,415.7,-4,0,58,1,70,11,12.2571,0.783603,0.617918,0.897436,1.45118,0.973735,1.26813,0,0.0926734,0.907327,1.15061,-0.165685,0.0633762
"Virginia, VA, Port of",2021299N33284,WANDA,2021,360.8,-4,0,45,2,70,24,30.9857,1.94831,2.4598,0.77455,1.1369,0.899467,0.79206,0.0171591,0.0274425,0.989537,0.783773,0.51149,0.55456
"Jacksonville, FL",2022154N21273,ALEX,2022,364.4,0,0,45,2,70,15,12.3286,2.63927,0.588613,1.21669,1.04837,3.51528,4.48388,0.0160804,0.0415496,0.974115,4.36781,-2.05066,-0.127544
"Port Everglades, FL",2022154N21273,ALEX,2022,95.9,0,0,45,2,70,21,24.8143,0.504765,1.94153,0.846287,1.13632,0.27035,0.259983,0.00565974,0.0298621,0.97566,0.253655,1.43677,0.298439
"Port of Palm Beach District, FL",2022154N21273,ALEX,2022,57.4,0,0,45,2,70,2.5,5.3,0,0.128761,0.471698,1.12459,0,0,0.00314057,0.0393544,0.963672,0,0.128761,0.0680246
"PortMiami, FL",2022154N21273,ALEX,2022,140,0,0,45,2,70,16,15.6571,0.0789455,0.676433,1.0219,0.944381,0.120934,0.116709,0.00393203,0.0255296,0.978317,0.114178,0.597488,-0.0148124
"Tampa Port Authority, FL",2022154N21273,ALEX,2022,175.6,0,0,43,2,70,10,12.3429,0.335163,0.758151,0.810185,1.02209,0.533861,0.442079,0.00395795,0.0209089,0.982982,0.434556,0.422989,0.143908
"Jacksonville, FL",2022183N32280,COLIN,2022,196.7,0,0,35,2,70,13.5,13.3714,0.961141,0.819376,1.00962,0.851678,1.36418,1.17302,0.168603,0.0351643,1.1605,1.36128,-0.141765,-0.00787862
"Port of Charleston, SC",2022183N32280,COLIN,2022,13,0,0,35,2,70,20,17.9571,0,1.7572,1.11376,0.761559,0,0,0.224775,0.0381508,1.24074,0,1.7572,-0.199904
"Port of Savannah, GA",2022183N32280,COLIN,2022,41.3,0,0,35,2,70,19,19.1571,2.89898,3.8313,0.991797,0.804498,0.948312,0.756657,0.158267,0.0315632,1.15053,0.870554,0.932318,0.0314275
"Tampa Port Authority, FL",2022183N32280,COLIN,2022,468.1,-1,0,33,1,70,14,11.7714,0.69731,0.352951,1.18932,0.788385,2.10705,1.97566,0.00823946,0.0256222,0.982473,1.94103,-0.344359,-0.0668208
"Virginia, VA, Port of",2022183N32280,COLIN,2022,415.3,0,0,35,1,70,28,26.1143,1.1084,1.28299,1.07221,1.18276,0.68123,0.863913,0,0.0330872,0.966913,0.835328,0.174599,-0.0926451
"Corpus Christi, TX",2022232N20266,UNNAMED,2022,338,-3,-3,30,2,70,22,21.7286,1.45207,13.366,1.01249,0.949182,0.113044,0.108639,0.00262867,0.0214416,0.981138,0.10659,11.9139,-0.166965
"San Juan, PR",2022246N18301,EARL,2022,207.6,0,2,60,4,70,11,11.4143,0,0.0286364,0.963705,0.926593,0,0,0,0.0172019,0.982798,0,0.0286364,0.00103937
"San Juan, PR",2022257N16312,FIONA,2022,111.9,2,4,95,4,70,6.5,11.9143,0.0889885,0.514205,0.545564,0.742001,0.427512,0.173061,0,0.00191119,0.998089,0.17273,0.425216,0.233673
"Jacksonville, FL",2022266N12294,IAN,2022,219.8,5,5,140,3,70,2.66667,13.4143,0.0621687,1.04582,0.198793,0.642834,0.465175,0.0594452,0.0198753,0.0210956,0.998755,0.0593712,0.983648,0.837916
"Port Everglades, FL",2022266N12294,IAN,2022,169.7,5,5,140,4,70,20,22.1286,0.743931,0.705239,0.903809,0.891407,1.30931,1.05486,0.00806619,0.0146642,0.993348,1.04785,-0.0386921,0.0678377
"Port of Charleston, SC",2022266N12294,IAN,2022,83.7,1,5,75,3,70,10.3333,17.8143,0,2.21086,0.580059,0.811249,0,0,0.00987452,0.0180326,0.991761,0,2.21086,0.928433
"Port of Palm Beach District, FL",2022266N12294,IAN,2022,127.1,5,5,140,4,70,3.75,5.14286,0.1677,0.214187,0.729167,0.928835,1.15604,0.782961,0,0.0142883,0.985712,0.771774,0.0464869,0.0580089
"Port of Savannah, GA",2022266N12294,IAN,2022,201.4,1,5,75,3,70,5,18.3,0.626085,5.5918,0.273224,0.441134,0.928951,0.111965,0,0.0150926,0.984907,0.110275,4.96571,4.06398
"PortMiami, FL",2022266N12294,IAN,2022,199.9,5,5,140,4,70,16,17.0571,0.89274,1.3591,0.938023,1.07686,0.650277,0.65686,0.00224471,0.00746812,0.994765,0.653421,0.466363,0.0842325
"Tampa Port Authority, FL",2022266N12294,IAN,2022,101.2,5,5,140,4,70,1.75,12.3286,0,4.19524,0.141947,0.836088,0,0,0,0.00470614,0.995294,0,4.19524,3.59974
"Virginia, VA, Port of",2022266N12294,IAN,2022,350.8,1,5,70,2,70,23,26.7143,2.15124,2.65039,0.860963,1.2712,0.741617,0.811667,0,0.0114374,0.988563,0.802384,0.499157,0.368504
"Jacksonville, FL",2022311N21293,NICOLE,2022,180.8,1,1,65,2,70,11,12.6286,0.625418,0.722358,0.871041,1.11364,0.892554,0.865801,0,0.018441,0.981559,0.849835,0.0969398,0.0931547
"Mobile, AL",2022311N21293,NICOLE,2022,339.1,0,1,38,2,70,17.5,15.1286,0.874098,1.13141,1.15675,0.90906,0.734693,0.772571,0.00981258,0.0275647,0.982072,0.75872,0.257316,-0.177351
"Port Everglades, FL",2022311N21293,NICOLE,2022,143.3,1,1,65,2,70,13,25.0286,0,0.539039,0.519406,0.889744,0,0,0.0143335,0.0110391,1.00334,0,0.539039,0.259059
"Port of Charleston, SC",2022311N21293,NICOLE,2022,419.3,0,1,38,2,70,13,19.0286,0,1.82108,0.683183,0.956658,0,0,0.0229001,0.0187406,1.00426,0,1.82108,0.57695
"Port of Palm Beach District, FL",2022311N21293,NICOLE,2022,96.5,1,1,65,2,70,0.5,5.88571,0,0.1174,0.0849515,0.139016,0,0,0.00823967,0.0139429,0.994249,0,0.1174,0.107427
"Port of Savannah, GA",2022311N21293,NICOLE,2022,336.9,0,1,62,2,70,13.5,18.1143,3.27357,3.60571,0.745268,1.11312,1.0944,0.907883,0.0767371,0.0105026,1.07174,0.973014,0.332149,0.91849
"PortMiami, FL",2022311N21293,NICOLE,2022,200.4,1,1,65,2,70,13.5,16.7714,0.189468,0.682476,0.80494,0.966445,0.356868,0.277618,0,0.00695121,0.993049,0.275689,0.493008,0.133123
"San Juan, PR",2022311N21293,NICOLE,2022,254,-3,1,35,1,70,8,10.6571,0,0.04715,0.75067,0.976323,0,0,0,0.0050884,0.994912,0,0.04715,0.0117559
"Tampa Port Authority, FL",2022311N21293,NICOLE,2022,56.7,1,1,65,3,70,10.6667,11.9714,4.89036,4.26016,0.89101,1.15229,1.11808,1.14793,0.00155515,0.00231727,0.999237,1.14705,-0.630203,0.464313
"South Jersey Port Corp, NJ",2023015N36289,UNNAMED,2023,477.4,-4,-2,45,1,70,20,13.6714,0.907501,0.710618,1.4629,0.836175,1.04399,1.27706,0.0173687,0.0766916,0.939629,1.19996,-0.196884,-0.328948
"Virginia, VA, Port of",2023015N36289,UNNAMED,2023,451.9,-4,-2,45,1,70,23,28.9429,0.218698,1.50755,0.794669,1.11705,0.163423,0.145068,0,0.015771,0.984229,0.14278,1.28886,0.309547
"Mobile, AL",2023152N26274,ARLENE,2023,334.7,0,0,35,2,70,9,13.5429,0.970377,2.50491,0.664557,0.944667,0.617075,0.38739,0.0466096,0.0475786,0.998984,0.386997,1.53453,0.840253
"New Orleans, LA",2023152N26274,ARLENE,2023,411.1,0,0,35,2,70,34.5,29.4714,3.51366,2.87749,1.17063,1.0418,1.00125,1.22109,0,0.000881462,0.999119,1.22001,-0.636172,-0.490972
"Plaquemines Port District, LA",2023152N26274,ARLENE,2023,328.9,0,0,35,3,70,64.3333,53.0714,14.7727,10.4682,1.2122,1.01876,1.14272,1.41119,0.0368409,0.0432101,0.993387,1.40186,-4.30447,-2.22139
"Port Everglades, FL",2023152N26274,ARLENE,2023,408.1,-3,0,25,2,70,23,26.5,1.94329,0.462397,0.867925,1.00394,4.82319,4.20265,0.00679972,0.010308,0.996468,4.18781,-1.4809,0.0610713
"Port of Palm Beach District, FL",2023152N26274,ARLENE,2023,453.8,-3,0,25,1,70,2,6,0,0.0686807,0.333333,0.929878,0,0,0,0.0119737,0.988026,0,0.0686807,0.0457871
"PortMiami, FL",2023152N26274,ARLENE,2023,360.6,-3,0,25,2,70,12,14.9143,0.850708,0.711383,0.804598,0.906776,1.63907,1.19585,0.0428895,0.0112211,1.03309,1.23542,-0.139325,0.139006
"South Louisiana, LA, Port of",2023152N26274,ARLENE,2023,449.8,-1,0,33,2,70,45,40.9,5.94612,5.76091,1.10024,0.93481,1.00353,1.03215,0,0.00105365,0.998946,1.03106,-0.18521,-0.5775
"Tampa Port Authority, FL",2023152N26274,ARLENE,2023,349.4,0,0,35,4,70,10.5,10.7857,1.66573,1.95016,0.97351,1.00284,0.874908,0.854148,0,0.00149234,0.998508,0.852874,0.284435,0.0516599
"San Juan, PR",2023232N13300,FRANKLIN,2023,397,0,4,60,7,70,11.4286,12.0571,0.104439,1.0635,0.947867,0.935826,0.11071,0.0982038,0.0070709,0.0110329,0.99601,0.097812,0.959058,0.055443
"Beaumont, TX",2023234N25271,HAROLD,2023,424.3,0,0,50,1,70,18,14.3714,1.09828,2.64729,1.25249,0.991169,0.334188,0.414869,0,0.00500181,0.994998,0.412794,1.54901,-0.668401
"Corpus Christi, TX",2023234N25271,HAROLD,2023,83,0,0,50,2,70,24.5,22.9,12.0589,17.239,1.06987,1.06735,0.612572,0.699513,0,0.00644349,0.993557,0.695006,5.18008,-1.20447
"Galveston, TX",2023234N25271,HAROLD,2023,311.1,0,0,50,1,70,13,12.0143,4.02703,1.55203,1.08205,0.882583,2.71696,2.59468,0.0337119,0.0471127,0.986132,2.5587,-2.475,-0.127337
"Houston Port Authority, TX",2023234N25271,HAROLD,2023,354,0,0,50,1,70,67,78.4714,7.09993,10.5715,0.853814,0.955213,0.823479,0.671609,0,0.00361899,0.996381,0.669178,3.4716,1.54541
"Lake Charles Harbor District, LA",2023234N25271,HAROLD,2023,449.6,0,0,50,1,70,9,9.95714,0,0.635021,0.903874,1.07561,0,0,0.0139798,0.0507654,0.962693,0,0.635021,0.0610422
"Port Arthur, TX",2023234N25271,HAROLD,2023,420.6,0,0,50,1,70,9,8.64286,0.221473,0.374329,1.04132,1.36926,0.414949,0.591654,0,0.00483346,0.995167,0.588794,0.152856,-0.0154681
"Port Freeport, TX",2023234N25271,HAROLD,2023,274.5,0,0,50,2,70,5,8.12857,0,2.2234,0.615114,0.861583,0,0,0.00753614,0.0209845,0.986449,0,2.2234,0.855756
"Texas City, TX",2023234N25271,HAROLD,2023,329.3,0,0,50,1,70,6,7.91429,1.41022,1.59048,0.758123,1.03372,1.1314,0.886661,0.0219445,0.0049557,1.01737,0.902063,0.180263,0.384701
"Jacksonville, FL",2023239N21274,IDALIA,2023,125.7,4,4,115,2,70,8.5,13.3429,0.554261,1.11455,0.637045,0.492622,1.58464,0.497294,0.0574282,0.035661,1.02309,0.508779,0.560292,0.404533
"Mobile, AL",2023239N21274,IDALIA,2023,423.3,4,4,115,1,70,12,14.1571,0,0.570364,0.847629,1.10226,0,0,0.0431756,0.0253356,1.01865,0,0.570364,0.0869071
"Plaquemines Port District, LA",2023239N21274,IDALIA,2023,499.9,3,4,105,1,70,46,56.2571,2.84156,5.07424,0.817674,0.963411,0.710875,0.559996,0.0131101,0.0351529,0.977664,0.547489,2.23268,0.925166
"Port Everglades, FL",2023239N21274,IDALIA,2023,430.3,4,4,115,2,70,23.5,26.0857,0.0446419,0.511171,0.900876,1.01098,0.0958889,0.0873325,0.0186404,0.0123076,1.00645,0.087896,0.46653,0.0506692
"Port of Charleston, SC",2023239N21274,IDALIA,2023,23.4,3,4,100,2,70,9,16.1143,0,2.11145,0.558511,0.921621,0,0,0.0158367,0.026274,0.989395,0,2.11145,0.932184
"Port of Palm Beach District, FL",2023239N21274,IDALIA,2023,418.2,4,4,115,2,70,5.5,4.6,0,0.0878226,1.19565,1.1755,0,0,0.0503453,0.0378999,1.01311,0,0.0878226,-0.0171827
"Port of Savannah, GA",2023239N21274,IDALIA,2023,64.7,4,4,115,2,70,7.5,18.6857,0.79284,4.57435,0.401376,0.358698,1.20386,0.173323,0,0.0127535,0.987246,0.171113,3.7815,2.73831
"PortMiami, FL",2023239N21274,IDALIA,2023,433.2,3,4,105,2,70,12.5,13.7571,0.7735,0.668634,0.908619,1.02455,1.24267,1.15684,0.0043347,0.0131302,0.991166,1.14662,-0.104866,0.0611005
"Tampa Port Authority, FL",2023239N21274,IDALIA,2023,215.7,4,4,115,2,70,2,11.6,0,1.0356,0.172414,0.29219,0,0,0,0.00407642,0.995924,0,1.0356,0.857044
"Virginia, VA, Port of",2023239N21274,IDALIA,2023,358.1,0,4,55,1,70,26,29.8286,2.04241,2.15112,0.871648,0.99067,1.09954,0.949465,0,0.0148718,0.985128,0.935345,0.108706,0.276101
"Baltimore, MD",2023265N29284,OPHELIA,2023,61.1,0,0,50,2,70,20,19.9429,4.9412,3.18809,1.00287,1.15286,1.34055,1.5499,0,0.0140373,0.985963,1.52814,-1.75311,-0.00913492
"New York, NY & NJ",2023265N29284,OPHELIA,2023,316.4,-4,0,25,1,70,42,43.4286,5.92292,6.28475,0.967105,1.06886,0.911699,0.942428,0.00683846,0.0231269,0.983599,0.926971,0.361829,0.206735
"Philadelphia Regional Port, PA",2023265N29284,OPHELIA,2023,205.7,0,0,40,2,70,11.5,12.2714,1.89865,1.72577,0.937136,1.11438,1.05347,1.10017,0,0.00437553,0.995624,1.09536,-0.172877,0.108488
"Port of Charleston, SC",2023265N29284,OPHELIA,2023,285.9,0,0,60,3,70,17.6667,15.4714,3.62547,3.18826,1.14189,1.04707,0.951063,1.13713,0.0234228,0.0249325,0.998454,1.13537,-0.43721,-0.452381
"Port of Palm Beach District, FL",2023265N29284,OPHELIA,2023,486.3,-4,0,30,1,70,7,3.3,0.313036,0.0326136,2.12121,0.900499,5.02489,9.5983,0.031901,0.086498,0.943604,9.057,-0.280422,-0.0365668
"Port of Savannah, GA",2023265N29284,OPHELIA,2023,420.4,0,0,60,2,70,20,16.9,5.69379,4.3437,1.18343,1.03279,1.07247,1.31082,0.00853392,0.00783464,1.00071,1.31174,-1.35009,-0.796774
"South Jersey Port Corp, NJ",2023265N29284,OPHELIA,2023,185,0,0,45,2,70,15.5,12.8429,6.25338,2.08401,1.2069,1.67297,1.48614,3.00065,0.034588,0.0797152,0.953256,2.86039,-4.16938,-0.431174
"Virginia, VA, Port of",2023265N29284,OPHELIA,2023,113.6,0,0,60,3,70,23,27.3857,3.68273,6.00184,0.839854,1.12747,0.648002,0.6136,0.00160349,0.0158885,0.985692,0.604821,2.31911,0.961171
"San Juan, PR",2023266N16323,PHILIPPE,2023,150.7,0,0,45,3,70,11.3333,11.1429,0,0.516092,1.01709,1.015,0,0,0,0.00783189,0.992168,0,0.516092,-0.00882208
"San Juan, PR",2023292N13309,TAMMY,2023,292.2,1,2,80,2,70,8.5,11.2429,0,0.354176,0.756036,1.2056,0,0,0,0.0114667,0.988533,0,0.354176,0.0864064
