port,SID,name,season,min_dist_km,sshs_max,sshs_storm_lifetime,wind_max_kt,k_days,n_ref_days,N_obs,N_ref,co2_obs_t,co2_ref_t,r_N,r_H,r_I,r_CO2,discard_win,discard_ref,gap_adj,r_CO2_gapadj,co2_shortfall_t,co2_shortfall_naive_t
"Baltimore, MD",2015126N27281,ANA,2015,194.6,-1,0,30,2,70,22.5,18.3429,0.468024,0.355364,1.22664,0.951345,1.1286,1.31703,0.0213001,0.0216197,0.999673,1.3166,-0.11266,-0.0805381
"Jacksonville, FL",2015126N27281,ANA,2015,372,0,0,50,5,70,12.6,12.6143,0.832249,0.801618,0.998867,0.939906,1.10584,1.03821,0.0678311,0.0460903,1.02332,1.06242,-0.0306304,0.000907835
"New York, NY & NJ",2015126N27281,ANA,2015,175.3,-1,0,30,2,70,32.5,37.4857,1.91285,2.04245,0.866997,1.08659,0.994136,0.936549,0.0239053,0.0367954,0.986794,0.924181,0.129596,0.271652
"Philadelphia Regional Port, PA",2015126N27281,ANA,2015,164.9,-1,0,30,2,70,10,13.9714,0.398996,0.522437,0.715746,1.21199,0.880392,0.763722,0,0.0153833,0.984617,0.751973,0.12344,0.148505
"Port Everglades, FL",2015126N27281,ANA,2015,144.3,-3,0,25,1,70,21,18.3714,0.301206,0.311701,1.14308,1.17296,0.720717,0.966332,0.0149196,0.0208785,0.993951,0.960486,0.0104944,-0.0445979
"Port of Charleston, SC",2015126N27281,ANA,2015,137.3,0,0,50,6,70,16.5,16.2714,1.2985,1.3268,1.01405,1.0004,0.964726,0.978671,0.039482,0.0515538,0.987432,0.966371,0.0282993,-0.018638
"Port of Palm Beach District, FL",2015126N27281,ANA,2015,129,-3,0,28,1,70,7,5.02857,0.102612,0.0901275,1.39205,0.874244,0.935522,1.13852,0.0279851,0.0242033,1.00389,1.14295,-0.0124843,-0.0353341
"Port of Savannah, GA",2015126N27281,ANA,2015,279.5,0,0,50,6,70,15.1667,15.8714,1.05371,1.00625,0.955596,1.05117,1.04248,1.04716,0.0166903,0.0269325,0.989584,1.03626,-0.0474587,0.0446819
"PortMiami, FL",2015126N27281,ANA,2015,185.2,-3,0,25,1,70,20,18.7857,0.099994,0.140639,1.06464,0.989361,0.675012,0.710998,0.0106569,0.00963009,1.00104,0.711736,0.0406449,-0.00909073
"South Jersey Port Corp, NJ",2015126N27281,ANA,2015,118.2,-1,0,30,2,70,7.5,13.7714,0.3621,0.38903,0.544606,1.3792,1.23919,0.930776,0.136616,0.0964641,1.04651,0.974063,0.0269301,0.177162
"Tampa Port Authority, FL",2015126N27281,ANA,2015,334.3,-3,0,25,1,70,10,10.8143,0.103358,0.171325,0.924703,0.903059,0.722445,0.603286,0,0.0101936,0.989806,0.597137,0.0679671,0.0129003
"Virginia, VA, Port of",2015126N27281,ANA,2015,12.4,0,0,48,4,70,22.75,23.7857,1.05758,1.34428,0.956456,1.08357,0.759108,0.786728,0.0315071,0.0319266,0.999567,0.786387,0.286697,0.0585346
"Baltimore, MD",2015167N27266,BILL,2015,408.7,-3,0,15,1,70,24,17.0286,0.241164,0.16534,1.4094,0.879459,1.17675,1.45859,0.0100435,0.0291216,0.980728,1.43048,-0.0758239,-0.0676897
"Beaumont, TX",2015167N27266,BILL,2015,278.8,0,0,50,3,70,10,12.7714,0.99855,0.970647,0.782998,1.58503,0.828914,1.02875,0,0.00875993,0.99124,1.01973,-0.0279029,0.210633
"Corpus Christi, TX",2015167N27266,BILL,2015,89.7,0,0,50,2,70,15,17.8143,0.552745,0.850453,0.842021,1.28739,0.599574,0.649941,0,0.0193748,0.980625,0.637349,0.297709,0.134354
"Galveston, TX",2015167N27266,BILL,2015,176.2,0,0,50,2,70,12,10.1857,0.51923,0.611338,1.17812,1.05988,0.680196,0.849333,0.00717074,0.0540031,0.952829,0.80927,0.0921082,-0.108892
"Greater Lafourche Port, LA",2015167N27266,BILL,2015,474.9,0,0,45,1,70,9,7.58571,0.788187,0.635664,1.18644,1.15953,0.901313,1.23994,0.0342271,0.0585088,0.974858,1.20877,-0.152523,-0.118514
"Houston Port Authority, TX",2015167N27266,BILL,2015,156.1,0,0,50,3,70,61,72.8857,3.69549,3.54359,0.836927,1.17006,1.06496,1.04287,0.00853387,0.00579851,1.00276,1.04575,-0.151907,0.577865
"Lake Charles Harbor District, LA",2015167N27266,BILL,2015,319.1,0,0,50,2,70,6.5,8.45714,0.275249,0.419247,0.768581,1.60712,0.531519,0.656532,0.0378079,0.0410012,0.996681,0.654353,0.143998,0.0970218
"Port Arthur, TX",2015167N27266,BILL,2015,283.8,0,0,50,2,70,6,7.1,0.251472,0.35259,0.84507,1.644,0.513364,0.713213,0,0.00320232,0.996798,0.71093,0.101118,0.0546266
"Port Freeport, TX",2015167N27266,BILL,2015,135.6,0,0,50,2,70,1,3.57143,0.0174937,0.105268,0.28,1.54732,0.383572,0.166183,0.508493,0.187499,1.65308,0.274714,0.087774,0.0757927
"Port of Greater Baton Rouge, LA",2015167N27266,BILL,2015,482.4,0,0,45,1,70,14,9.41429,0.23202,0.148037,1.4871,0.950951,1.1083,1.56731,0,0.0162582,0.983742,1.54183,-0.0839831,-0.072109
"Texas City, TX",2015167N27266,BILL,2015,193.7,0,0,50,2,70,3,8.21429,0.147685,0.484664,0.365217,0.941317,0.886357,0.304716,0,0.00704694,0.992953,0.302569,0.336979,0.307656
"Virginia, VA, Port of",2015167N27266,BILL,2015,490,-3,0,15,1,70,25,23.0143,0.250229,0.311547,1.08628,0.940112,0.786489,0.803184,0,0.0317423,0.968258,0.777689,0.0613176,-0.0268808
"Baltimore, MD",2015193N35285,CLAUDETTE,2015,457.2,-3,0,25,1,70,22,17.0143,0.183944,0.162806,1.29303,0.904852,0.965671,1.12984,0.0460007,0.0214351,1.02575,1.15893,-0.0211383,-0.0477071
"South Jersey Port Corp, NJ",2015193N35285,CLAUDETTE,2015,466.1,-3,0,25,1,70,10,12.9857,0.124683,0.195064,0.770077,1.23827,0.670314,0.639188,0.0903613,0.098949,0.990559,0.633154,0.0703815,0.0448498
"Virginia, VA, Port of",2015193N35285,CLAUDETTE,2015,185.6,-1,0,30,2,70,21,23.9429,0.589987,0.611898,0.877088,0.968704,1.13483,0.964192,0.0589903,0.0255936,1.03549,0.998412,0.0219108,0.0752094
"San Juan, PR",2015237N14315,ERIKA,2015,115.1,0,0,45,2,70,7,9.14286,0.09008,0.168392,0.765625,0.861465,0.811059,0.534942,0,0.0381909,0.961809,0.514512,0.0783121,0.0394669
"Port Everglades, FL",2015313N22289,KATE,2015,425.2,0,1,55,2,70,11.5,17.3571,0.713021,0.60566,0.662551,2.19965,0.807792,1.17726,0.00195977,0.0152533,0.98668,1.16158,-0.107361,0.204379
"Port of Palm Beach District, FL",2015313N22289,KATE,2015,419.4,0,1,55,2,70,6.5,5.14286,0.238817,0.205547,1.26389,0.935058,0.983121,1.16186,0.023528,0.0165831,1.00711,1.17012,-0.0332701,-0.0542415
"PortMiami, FL",2015313N22289,KATE,2015,438.5,0,1,53,2,70,11,15.4714,0.250465,0.265136,0.710988,1.24461,1.06754,0.944667,0.00429232,0.0122841,0.991974,0.937084,0.0146709,0.0766274
"Baltimore, MD",2016148N27288,BONNIE,2016,461.4,-1,0,30,2,70,17,16.4714,0.266887,0.311798,1.03209,0.903123,0.918312,0.855963,0.0260698,0.0244726,1.00164,0.857367,0.0449104,-0.0100057
"Jacksonville, FL",2016148N27288,BONNIE,2016,228.4,0,0,40,4,70,12.5,12.6143,0.593522,0.61344,0.99094,0.975108,1.0013,0.96753,0.0413772,0.0407253,1.00068,0.968188,0.0199183,0.00555778
"Philadelphia Regional Port, PA",2016148N27288,BONNIE,2016,496,-1,0,33,1,70,11,13.1714,0.188756,0.271264,0.835141,1.1481,0.725717,0.695838,0.0133949,0.00638823,1.0071,0.70078,0.0825082,0.0447203
"Port Everglades, FL",2016148N27288,BONNIE,2016,491,0,0,35,1,70,22,22.7714,0.393476,0.310797,0.966123,0.958339,1.36738,1.26602,0.0138893,0.0197564,0.99405,1.25849,-0.0826794,0.0105289
"Port of Charleston, SC",2016148N27288,BONNIE,2016,9.2,0,0,40,6,70,14.6667,14.9571,1.10654,1.12038,0.980579,0.896865,1.12303,0.987648,0.036346,0.036762,0.999568,0.987221,0.0138392,0.0217584
"Port of Palm Beach District, FL",2016148N27288,BONNIE,2016,441.5,0,0,40,2,70,3,5.41429,0.221315,0.205367,0.55409,2.08724,0.931808,1.07765,0,0.0177091,0.982291,1.05857,-0.0159474,0.0915755
"Port of Savannah, GA",2016148N27288,BONNIE,2016,102.2,0,0,40,5,70,16.8,16.4714,0.967958,0.798198,1.01995,1.01826,1.16764,1.21268,0.0282254,0.0338853,0.994176,1.20562,-0.16976,-0.0159224
"South Jersey Port Corp, NJ",2016148N27288,BONNIE,2016,445.6,0,0,35,2,70,13.5,13.8,0.42071,0.394762,0.978261,0.977965,1.11396,1.06573,0.172259,0.0846795,1.1058,1.17849,-0.0259482,0.00858178
"Tampa Port Authority, FL",2016148N27288,BONNIE,2016,436.7,0,0,40,2,70,6.5,9.47143,0.242402,0.281815,0.686275,1.4973,0.837078,0.860145,0.0813903,0.0482237,1.03611,0.891201,0.0394133,0.0884126
"Virginia, VA, Port of",2016148N27288,BONNIE,2016,203.9,0,0,35,5,70,25.4,21.7714,1.55604,1.53686,1.16667,0.93253,0.930625,1.01247,0.0302849,0.0248856,1.00557,1.01811,-0.0191717,-0.256144
"Baltimore, MD",2016158N22272,COLIN,2016,474.6,-4,0,50,1,70,23,16.9714,0.278413,0.164465,1.35522,0.985904,1.26699,1.69284,0.0168695,0.0238082,0.992942,1.68089,-0.113948,-0.0584211
"Greater Lafourche Port, LA",2016158N22272,COLIN,2016,405.3,0,0,45,1,70,2,2.91429,0.498294,0.523478,0.686275,1.43189,0.968677,0.951891,0.0296079,0.0521571,0.976763,0.929772,0.0251837,0.164228
"Jacksonville, FL",2016158N22272,COLIN,2016,58.3,0,0,45,2,70,11,12.4857,0.316025,0.300133,0.881007,1.33681,0.894041,1.05295,0.0300933,0.0399249,0.989863,1.04227,-0.0158914,0.0357138
"Mobile, AL",2016158N22272,COLIN,2016,341,0,0,45,2,70,15,13.2,0.41898,0.433749,1.13636,1.04798,0.811122,0.96595,0.0173524,0.0093453,1.00815,0.973822,0.0147689,-0.0591475
"New Orleans, LA",2016158N22272,COLIN,2016,438.2,0,0,45,1,70,37,37.0857,0.508439,0.51284,0.997689,0.915332,1.08563,0.991418,0,0.00355749,0.996443,0.987891,0.00440108,0.0011853
"New York, NY & NJ",2016158N22272,COLIN,2016,459,-4,0,50,2,70,44,38.7,2.39465,2.21638,1.13695,0.949414,1.00092,1.08043,0.00928686,0.0299951,0.979098,1.05785,-0.17827,-0.303536
"Philadelphia Regional Port, PA",2016158N22272,COLIN,2016,431.1,-4,0,50,2,70,15.5,13.5143,0.550137,0.570285,1.14693,0.976963,0.86092,0.964671,0,0.00608958,0.99391,0.958797,0.0201474,-0.0837945
"Plaquemines Port District, LA",2016158N22272,COLIN,2016,349.9,0,0,45,1,70,63,56.9286,1.16026,0.993233,1.10665,0.898749,1.17451,1.16816,0.0135468,0.0433382,0.969799,1.13288,-0.167026,-0.105928
"Port of Charleston, SC",2016158N22272,COLIN,2016,132.2,0,0,48,1,70,14,14.6571,0.184883,0.181124,0.955166,1.20043,0.890241,1.02076,0,0.0356979,0.964302,0.984319,-0.00375984,0.00812055
"Port of Palm Beach District, FL",2016158N22272,COLIN,2016,459.2,0,0,45,1,70,7,5.34286,0.108278,0.100229,1.31016,0.840382,0.981171,1.0803,0.0289573,0.0184507,1.01082,1.09199,-0.00804882,-0.0310872
"Port of Savannah, GA",2016158N22272,COLIN,2016,62.8,0,0,48,1,70,19,16.8286,0.190058,0.163957,1.12903,1.00863,1.01793,1.15919,0,0.0302601,0.96974,1.12412,-0.0261008,-0.0211558
"South Jersey Port Corp, NJ",2016158N22272,COLIN,2016,387,-4,0,50,2,70,17,13.9857,0.465004,0.387571,1.21553,0.774747,1.27403,1.19979,0.161899,0.0824306,1.09482,1.31355,-0.077433,-0.0835317
"South Louisiana, LA, Port of",2016158N22272,COLIN,2016,471.5,0,0,45,1,70,42,38.4571,0.58784,0.659603,1.09212,0.850548,0.959413,0.891203,0,0.00123374,0.998766,0.890104,0.0717628,-0.0607658
"Tampa Port Authority, FL",2016158N22272,COLIN,2016,243.3,0,0,45,2,70,8,9.55714,0.315743,0.299408,0.83707,1.39456,0.903383,1.05456,0,0.038973,0.961027,1.01346,-0.0163343,0.0487825
"Virginia, VA, Port of",2016158N22272,COLIN,2016,232.1,-4,0,50,1,70,23,22.0429,0.293312,0.311109,1.04342,0.961281,0.939955,0.942795,0.037345,0.0252395,1.01258,0.954651,0.017797,-0.013509
"New York, NY & NJ",2016240N31295,UNNAMED,2016,498.8,-1,-1,30,1,70,39,39.6143,1.02143,1.12152,0.984493,1.0027,0.922602,0.910752,0.0199396,0.0326901,0.98699,0.898903,0.100094,0.017391
"Philadelphia Regional Port, PA",2016240N31295,UNNAMED,2016,490.2,-1,-1,30,2,70,9,13.8,0.508119,0.605903,0.652174,1.37731,0.933615,0.838616,0.0047631,0.00447624,1.00029,0.838857,0.0977832,0.210749
"Port of Charleston, SC",2016240N31295,UNNAMED,2016,477.2,-1,-1,30,1,70,21,15.3429,0.352195,0.219566,1.36872,0.989275,1.18465,1.60405,0.0274754,0.0186541,1.00907,1.6186,-0.132629,-0.0809572
"South Jersey Port Corp, NJ",2016240N31295,UNNAMED,2016,447.9,-1,-1,30,2,70,13.5,13.6857,0.241539,0.367857,0.98643,0.995833,0.668429,0.656611,0.037299,0.083789,0.951709,0.624902,0.126318,0.0049918
"Virginia, VA, Port of",2016240N31295,UNNAMED,2016,284.5,-1,-1,30,4,70,17.25,21.1,1.13717,1.19805,0.817536,1.23288,0.941724,0.949184,0.017177,0.0229575,0.994118,0.943601,0.0608803,0.218601
"Baltimore, MD",2016242N24279,HERMINE,2016,353.8,0,1,60,6,70,13.8333,17.9286,0.881576,1.04154,0.77158,1.16012,0.945588,0.846418,0.0318964,0.0210163,1.01124,0.85593,0.159962,0.237908
"Greater Lafourche Port, LA",2016242N24279,HERMINE,2016,475.7,1,1,65,1,70,4,2.54286,0.608923,0.55148,1.57303,0.7477,0.938787,1.10416,0.0442198,0.0506806,0.99324,1.0967,-0.0574431,-0.316017
"Jacksonville, FL",2016242N24279,HERMINE,2016,160.6,1,1,70,3,70,8.66667,12.0143,0.366672,0.462722,0.721363,1.2632,0.869627,0.792425,0.00291277,0.0319064,0.970922,0.769382,0.0960496,0.128931
"Mobile, AL",2016242N24279,HERMINE,2016,368.4,1,1,70,2,70,11,12.8857,0.194976,0.328038,0.853659,1.08255,0.643166,0.59437,0.00628264,0.00742536,0.99885,0.593686,0.133062,0.0480056
"New Orleans, LA",2016242N24279,HERMINE,2016,498.2,0,1,63,1,70,27,39.7286,0.400171,0.531983,0.679612,1.19832,0.923666,0.752226,0.00757292,0.00255859,1.00505,0.756026,0.131812,0.170441
"New York, NY & NJ",2016242N24279,HERMINE,2016,199.2,-4,1,55,4,70,31.75,40.1,3.49473,4.51923,0.791771,1.11694,0.874423,0.773303,0.0639423,0.0335704,1.03245,0.798394,1.0245,0.941037
"Philadelphia Regional Port, PA",2016242N24279,HERMINE,2016,234.8,-4,1,60,6,70,11.1667,12.8143,1.07205,1.74693,0.871423,1.09797,0.641389,0.613679,0.0224989,0.00571917,1.01717,0.624214,0.674875,0.224614
"Plaquemines Port District, LA",2016242N24279,HERMINE,2016,413.9,1,1,70,3,70,62.6667,67.6143,3.02807,3.34743,0.926826,1.06718,0.914576,0.904596,0.0287886,0.037868,0.990651,0.896139,0.319359,0.244945
"Port Everglades, FL",2016242N24279,HERMINE,2016,278.3,-1,1,30,2,70,16.5,20.2714,0.501045,0.52391,0.813953,1.0299,1.14085,0.956358,0.018565,0.0203124,0.99822,0.954656,0.0228642,0.0974716
"Port of Charleston, SC",2016242N24279,HERMINE,2016,15.5,1,1,65,2,70,13.5,15.3571,0.584485,0.441185,0.87907,1.15256,1.30757,1.32481,0.0247363,0.0180083,1.0069,1.33394,-0.143299,0.0533526
"Port of Palm Beach District, FL",2016242N24279,HERMINE,2016,334.1,1,1,70,6,70,6,5.44286,0.307748,0.378344,1.10236,0.675483,1.09237,0.813407,0.0204546,0.0214182,0.999016,0.812607,0.0705963,-0.0387281
"Port of Savannah, GA",2016242N24279,HERMINE,2016,34.3,1,1,70,2,70,10,15.7143,0.189858,0.343564,0.636364,1.05802,0.820769,0.552612,0.0239999,0.0188075,1.00532,0.555552,0.153707,0.124932
"PortMiami, FL",2016242N24279,HERMINE,2016,220.9,-1,1,30,2,70,16.5,16.3286,0.276658,0.254977,1.0105,1.14391,0.938674,1.08503,0.021692,0.0108797,1.01105,1.09703,-0.0216816,-0.00267692
"South Jersey Port Corp, NJ",2016242N24279,HERMINE,2016,214.6,0,1,60,6,70,13.1667,13.2571,1.13423,1.07795,0.993175,0.994151,1.06567,1.05221,0.0574973,0.0903096,0.965186,1.01558,-0.0562764,0.0073567
"Tampa Port Authority, FL",2016242N24279,HERMINE,2016,267.8,1,1,70,6,70,8.66667,10.4571,0.77633,1.05287,0.82878,1.09029,0.815999,0.737347,0,0.00571547,0.994285,0.733132,0.27654,0.180273
"Virginia, VA, Port of",2016242N24279,HERMINE,2016,142.2,0,1,60,6,70,17.3333,21.1714,1.55275,1.78092,0.818713,1.12117,0.949849,0.871885,0.0411287,0.0217708,1.02019,0.889487,0.228162,0.322856
"Baltimore, MD",2016257N27280,JULIA,2016,422.4,-4,0,25,2,70,20,17.1429,0.424524,0.337998,1.16667,1.07854,0.998173,1.25599,0.0317107,0.019096,1.01303,1.27236,-0.0865258,-0.056333
"Jacksonville, FL",2016257N27280,JULIA,2016,18.5,0,0,45,7,70,12,12,1.09785,1.07624,1,1.04393,0.977152,1.02008,0.0218241,0.0356251,0.985891,1.00568,-0.0216075,0
"Port Everglades, FL",2016257N27280,JULIA,2016,130.2,0,0,45,2,70,19.5,21.0429,0.471644,0.597229,0.92668,0.975224,0.873855,0.789721,0.0300871,0.0178426,1.01262,0.79969,0.125585,0.0437887
"Port of Charleston, SC",2016257N27280,JULIA,2016,125,0,0,45,9,70,16.5556,15.7429,2.26166,2.24231,1.05162,1.0305,0.930732,1.00863,0.0141119,0.0193392,0.994698,1.00328,-0.0193532,-0.115755
"Port of Palm Beach District, FL",2016257N27280,JULIA,2016,73.7,0,0,45,2,70,6.5,5.82857,0.111752,0.149222,1.1152,0.638199,1.05225,0.748902,0.0523593,0.016489,1.03785,0.77725,0.0374692,-0.0171897
"Port of Savannah, GA",2016257N27280,JULIA,2016,51.9,0,0,45,8,70,17.25,16.2857,1.46851,1.39059,1.05921,0.986794,1.01034,1.05603,0.026614,0.0159255,1.01098,1.06763,-0.0779152,-0.0823378
"PortMiami, FL",2016257N27280,JULIA,2016,190.3,0,0,45,2,70,18.5,16.6857,0.217936,0.30008,1.10873,0.862789,0.759209,0.726261,0.00593287,0.0112276,0.994674,0.722393,0.0821436,-0.0326286
"South Jersey Port Corp, NJ",2016257N27280,JULIA,2016,467.1,-4,0,25,2,70,21,12.8714,0.539371,0.349413,1.63152,0.785335,1.20476,1.54365,0.102918,0.0784881,1.02723,1.58569,-0.189958,-0.220662
"Tampa Port Authority, FL",2016257N27280,JULIA,2016,147.6,0,0,45,3,70,12.6667,10.0857,0.599034,0.509731,1.2559,0.910768,1.02742,1.1752,0.00880049,0.00459802,1.00424,1.18018,-0.0893029,-0.130441
"Virginia, VA, Port of",2016257N27280,JULIA,2016,145.6,-3,0,30,3,70,20,19.7,0.858638,0.843281,1.01523,1.14828,0.873427,1.01821,0.0154844,0.0229229,0.992445,1.01052,-0.015357,-0.0128418
"Jacksonville, FL",2016273N13300,MATTHEW,2016,93.5,4,5,115,2,70,3,12.3143,0.121784,0.30898,0.243619,3.5421,0.456758,0.394148,0,0.0432391,0.956761,0.377105,0.187196,0.233707
"Port Everglades, FL",2016273N13300,MATTHEW,2016,156.8,4,5,120,2,70,6.5,19.5857,0.399042,0.614047,0.331875,3.00636,0.651333,0.649857,0.00265487,0.0221211,0.980482,0.637173,0.215004,0.41026
"Port of Charleston, SC",2016273N13300,MATTHEW,2016,50.1,3,5,105,3,70,3.33333,16.2571,0.348341,0.806411,0.205038,2.63151,0.800588,0.431965,0.00597219,0.0280101,0.97783,0.422388,0.45807,0.641066
"Port of Palm Beach District, FL",2016273N13300,MATTHEW,2016,122.2,4,5,120,3,70,2,6.44286,0.196648,0.308412,0.310421,2.24474,0.915046,0.637617,0.00653067,0.0126709,0.993819,0.633676,0.111763,0.212674
"Port of Savannah, GA",2016273N13300,MATTHEW,2016,58.7,3,5,108,3,70,1,16.6429,0.0653516,0.531866,0.0600858,7.55092,0.270821,0.122872,0,0.0210719,0.978928,0.120283,0.466514,0.499908
"PortMiami, FL",2016273N13300,MATTHEW,2016,191.5,4,5,120,2,70,10,18.5714,0.226614,0.339385,0.538462,1.19739,1.03563,0.667719,0,0.016674,0.983326,0.656586,0.112771,0.156639
"San Juan, PR",2016273N13300,MATTHEW,2016,469.7,1,5,68,1,70,7,8.97143,0.0977561,0.0831403,0.780255,1.18347,1.27332,1.1758,0.0321197,0.0201242,1.01239,1.19037,-0.0146158,0.0182697
"Tampa Port Authority, FL",2016273N13300,MATTHEW,2016,228.7,4,5,120,3,70,9,10.9571,0.466327,0.54871,0.821382,1.15598,0.895062,0.849861,0,0.00677303,0.993227,0.844105,0.0823826,0.0980095
"Virginia, VA, Port of",2016273N13300,MATTHEW,2016,240,1,5,70,2,70,15,19.7571,0.556051,0.559237,0.759219,1.49129,0.878192,0.994303,0.0140302,0.0238089,0.990082,0.984442,0.0031859,0.134654
"Baltimore, MD",2017171N24271,CINDY,2017,172.6,-3,0,25,1,70,11,15.9857,0.105431,0.165697,0.688114,0.988762,0.935191,0.636286,0,0.0188859,0.981114,0.624269,0.0602662,0.0516784
"Beaumont, TX",2017171N24271,CINDY,2017,42.3,0,0,50,3,70,10.6667,14.7571,0.977556,1.0657,0.722814,1.05119,1.20725,0.917294,0,0.000715055,0.999285,0.916638,0.0881394,0.295396
"Corpus Christi, TX",2017171N24271,CINDY,2017,404.9,0,0,48,2,70,14,18.6143,0.754474,0.928361,0.752111,1.19518,0.904094,0.812694,0.0234604,0.0225587,1.00092,0.813444,0.173888,0.230131
"Galveston, TX",2017171N24271,CINDY,2017,123.1,0,0,50,3,70,7.33333,11.2143,0.589973,0.877756,0.653928,1.75561,0.585465,0.672138,0.0170022,0.059757,0.956506,0.642904,0.287782,0.303767
"Greater Lafourche Port, LA",2017171N24271,CINDY,2017,296.6,0,0,50,3,70,2,2.07143,1.9832,1.49101,0.965517,1.59505,0.863677,1.33011,0.0255689,0.0448238,0.98024,1.30383,-0.492194,0.051414
"Houston Port Authority, TX",2017171N24271,CINDY,2017,160.9,0,0,50,3,70,62.6667,72,3.25681,3.841,0.87037,1.01944,0.955615,0.847907,0.00293185,0.00127213,1.00166,0.849318,0.58419,0.497907
"Lake Charles Harbor District, LA",2017171N24271,CINDY,2017,41.1,0,0,50,3,70,7.33333,8.98571,0.677132,0.660164,0.81611,1.55737,0.807014,1.0257,0.0140233,0.0459477,0.967621,0.992492,-0.0169677,0.121397
"New Orleans, LA",2017171N24271,CINDY,2017,354.3,0,0,50,4,70,41,43.6429,2.194,2.34982,0.939444,1.01988,0.974497,0.933688,0.00337652,0.000564251,1.00282,0.936323,0.155821,0.142297
"New York, NY & NJ",2017171N24271,CINDY,2017,430.9,-3,0,25,1,70,25,36.9571,0.625699,1.13057,0.676459,0.855484,0.956345,0.553437,0.015529,0.0255407,0.98983,0.547808,0.504871,0.365786
"Philadelphia Regional Port, PA",2017171N24271,CINDY,2017,324.9,-3,0,25,1,70,8,12.1143,0.17898,0.267344,0.660377,0.776795,1.30508,0.669477,0,0.0072363,0.992764,0.664632,0.0883633,0.0907959
"Plaquemines Port District, LA",2017171N24271,CINDY,2017,347,0,0,50,3,70,50,65.3571,2.90367,3.2449,0.765027,1.50521,0.777091,0.894842,0.0188998,0.0427303,0.97571,0.873107,0.341228,0.762463
"Port Arthur, TX",2017171N24271,CINDY,2017,24.9,0,0,50,3,70,7.33333,7.32857,0.469436,0.586598,1.00065,1.11633,0.716413,0.800269,0,0.00356858,0.996431,0.797413,0.117162,-0.000381155
"Port Freeport, TX",2017171N24271,CINDY,2017,186.2,0,0,50,3,70,3.66667,5.91429,0.221537,0.351495,0.619968,1.33354,0.762346,0.63027,0,0.0130013,0.986999,0.622076,0.129958,0.133579
"Port of Greater Baton Rouge, LA",2017171N24271,CINDY,2017,239.6,0,0,50,3,70,15.6667,12.8857,0.585804,0.58562,1.21582,0.915511,0.898679,1.00031,0.00927224,0.000400558,1.00895,1.00927,-0.000184109,-0.126386
"South Jersey Port Corp, NJ",2017171N24271,CINDY,2017,315.5,-3,0,25,1,70,7,13.3571,0.0888569,0.178176,0.524064,0.908077,1.04794,0.498704,0,0.0766584,0.923342,0.460474,0.0893189,0.0848002
"South Louisiana, LA, Port of",2017171N24271,CINDY,2017,306.5,0,0,50,4,70,51.25,45.8,3.15071,3.22105,1.119,0.93513,0.934781,0.978161,0.00361153,0.00161752,1.002,0.980119,0.0703441,-0.383291
"Texas City, TX",2017171N24271,CINDY,2017,121.9,0,0,50,3,70,7.33333,7.28571,0.6263,0.674007,1.00654,0.840121,1.09887,0.929218,0,0.0149255,0.985074,0.915349,0.0477077,-0.00440528
"Virginia, VA, Port of",2017171N24271,CINDY,2017,293.6,-3,0,25,1,70,25,25.7143,0.222029,0.381041,0.972222,0.622284,0.963131,0.582692,0.0171173,0.0211842,0.995862,0.580281,0.159011,0.0105845
"Greater Lafourche Port, LA",2017212N28275,EMILY,2017,482.5,-1,0,30,1,68,3,1.85294,0.461918,0.508462,1.61905,0.550903,1.01852,0.908461,0.0507175,0.0427149,1.00843,0.916119,0.0465443,-0.314762
"Jacksonville, FL",2017212N28275,EMILY,2017,277.2,0,0,50,4,68,9.75,10.2353,0.391287,0.468262,0.952586,1.00087,0.876444,0.835616,0.0245471,0.0343828,0.989917,0.82719,0.0769747,0.0222021
"Mobile, AL",2017212N28275,EMILY,2017,363.1,0,0,38,2,68,12,12.1912,0.227707,0.248752,0.984318,1.04202,0.892482,0.915397,0,0.0117422,0.988258,0.904649,0.0210451,0.00390081
"New Orleans, LA",2017212N28275,EMILY,2017,484,-1,0,30,1,68,44,41.1029,0.588679,0.566805,1.07048,1.04267,0.930503,1.03859,0,0.00253259,0.997467,1.03596,-0.0218737,-0.0399501
"Plaquemines Port District, LA",2017212N28275,EMILY,2017,412.1,-1,0,33,1,68,75,62.5882,1.25601,1.06043,1.19831,1.09444,0.903131,1.18443,0.0459588,0.0473449,0.998547,1.18271,-0.195577,-0.210292
"Port Everglades, FL",2017212N28275,EMILY,2017,164.6,0,0,50,2,68,13.5,18.3676,0.361993,0.435355,0.734988,1.09626,1.03196,0.831489,0,0.0140559,0.985944,0.819802,0.0733619,0.115374
"Port of Charleston, SC",2017212N28275,EMILY,2017,316.5,-1,0,30,2,68,15,14.6471,0.498938,0.418791,1.0241,1.02579,1.1341,1.19138,0.0356064,0.0278076,1.00809,1.20101,-0.0801469,-0.0100913
"Port of Palm Beach District, FL",2017212N28275,EMILY,2017,105.6,0,0,50,3,68,5.66667,4.5,0.193728,0.183777,1.25926,0.779477,1.07394,1.05414,0.0177637,0.0214612,0.996236,1.05018,-0.0099506,-0.0476459
"Port of Savannah, GA",2017212N28275,EMILY,2017,326.3,-1,0,30,2,68,16,14.8235,0.371259,0.337566,1.07937,0.884252,1.15232,1.09981,0,0.0217913,0.978209,1.07585,-0.0336939,-0.0267909
"PortMiami, FL",2017212N28275,EMILY,2017,223.3,0,0,50,2,68,12,16.2353,0.208738,0.281558,0.73913,1.24818,0.803591,0.741367,0.0111553,0.0154019,0.995705,0.738183,0.0728202,0.0734499
"Tampa Port Authority, FL",2017212N28275,EMILY,2017,47.5,0,0,50,3,68,11.6667,10,0.512958,0.528002,1.16667,0.874374,0.952362,0.971508,0,0.00691355,0.993086,0.964791,0.0150441,-0.0880003
"San Juan, PR",2017224N22293,GERT,2017,448.8,-3,2,25,1,70,11,5.8,0.11162,0.0505282,1.89655,0.586462,1.9861,2.20906,0,0.154803,0.845197,1.86709,-0.0610915,-0.0453012
"Beaumont, TX",2017228N14314,HARVEY,2017,63.9,4,4,115,7,70,12.4286,15.7857,2.62586,3.0006,0.78733,1.21727,0.913105,0.875113,0,0.00305412,0.996946,0.87244,0.374736,0.638136
"Corpus Christi, TX",2017228N14314,HARVEY,2017,57.3,4,4,115,7,70,1.28571,17.9714,0.488685,3.39151,0.0715421,8.36953,0.240643,0.144091,0.0285823,0.0148574,1.01413,0.146126,2.90283,3.14888
"Galveston, TX",2017228N14314,HARVEY,2017,103,4,4,115,7,70,2,11.3286,0.449049,2.05845,0.176545,2.84806,0.433859,0.218149,0.0190881,0.0531565,0.965269,0.210572,1.6094,1.69504
"Greater Lafourche Port, LA",2017228N14314,HARVEY,2017,309.6,0,4,45,3,70,2,2.14286,1.90271,1.54247,0.933333,1.50595,0.877621,1.23354,0.0337998,0.0482581,0.985036,1.21508,-0.360233,0.102832
"Houston Port Authority, TX",2017228N14314,HARVEY,2017,165.9,4,4,115,7,70,12.4286,77.8,1.28433,9.12659,0.15975,1.21797,0.72325,0.140724,0.0227003,0.000882862,1.02232,0.143865,7.84227,7.66862
"Lake Charles Harbor District, LA",2017228N14314,HARVEY,2017,19.2,4,4,115,7,70,5.42857,10.2,1.01807,1.747,0.532213,2.46675,0.443889,0.582752,0.0291912,0.0454531,0.983249,0.57299,0.728933,0.817225
"Mobile, AL",2017228N14314,HARVEY,2017,397.1,0,4,38,3,70,13,12.9857,0.264462,0.512607,1.0011,0.953195,0.540654,0.515915,0.0157076,0.00949277,1.00631,0.519173,0.248145,-0.000563924
"New Orleans, LA",2017228N14314,HARVEY,2017,283.3,0,4,45,4,70,34.75,40.8714,2.58817,2.29889,0.850227,1.04257,1.27009,1.12584,0.00481289,0.00169272,1.00314,1.12937,-0.289282,0.344311
"Plaquemines Port District, LA",2017228N14314,HARVEY,2017,367.4,0,4,45,3,70,63,72.7143,3.04364,3.42591,0.866405,1.04374,0.982433,0.888417,0.0275332,0.0349598,0.992363,0.881632,0.382273,0.457686
"Port Arthur, TX",2017228N14314,HARVEY,2017,41.7,4,4,115,7,70,5.57143,7.24286,1.54459,1.19152,0.769231,1.26633,1.33078,1.29632,0,0.00309826,0.996902,1.2923,-0.353069,0.274966
"Port Freeport, TX",2017228N14314,HARVEY,2017,90.9,4,4,115,7,70,0.571429,6,0.0312898,0.821163,0.0952381,1.67797,0.23844,0.0381043,0.116291,0.0306448,1.09692,0.0417972,0.789873,0.742957
"Port of Greater Baton Rouge, LA",2017228N14314,HARVEY,2017,156,0,4,45,5,70,16.2,15.1714,1.23718,1.15553,1.0678,0.957316,1.04739,1.07067,0.00391273,0.000590549,1.00334,1.07424,-0.0816565,-0.0783408
"South Louisiana, LA, Port of",2017228N14314,HARVEY,2017,245.6,0,4,45,4,70,53.5,51.4429,2.94984,3.51659,1.03999,1.06143,0.759903,0.838835,0.00371654,0.00335439,1.00036,0.839139,0.566753,-0.140625
"Texas City, TX",2017228N14314,HARVEY,2017,120.3,4,4,115,7,70,1.14286,7.6,0.170601,1.6265,0.150376,2.3279,0.29963,0.104889,0,0.0204028,0.979597,0.102749,1.45589,1.38191
"Baltimore, MD",2017240N31279,UNNAMED,2017,455.2,-4,-3,40,1,70,21,16.9857,0.175798,0.164901,1.23633,0.862103,1.00022,1.06608,0,0.0187354,0.981265,1.04611,-0.0108973,-0.0389715
"Jacksonville, FL",2017240N31279,UNNAMED,2017,100.5,-3,-3,35,3,70,9,10.6857,0.36043,0.372342,0.842246,1.20392,0.954646,0.968009,0.0121,0.0294475,0.98244,0.95101,0.0119118,0.0587384
"Port of Charleston, SC",2017240N31279,UNNAMED,2017,68.7,-3,-3,40,3,70,12,14.6714,0.489233,0.60258,0.817916,1.14279,0.868614,0.811897,0.0256394,0.022746,1.00297,0.814308,0.113347,0.10972
"Port of Palm Beach District, FL",2017240N31279,UNNAMED,2017,446.3,-3,-3,35,2,70,4,5,0.135036,0.127901,0.8,1.38513,0.952784,1.05579,0.0104132,0.0291644,0.981052,1.03578,-0.00713494,0.0255801
"Port of Savannah, GA",2017240N31279,UNNAMED,2017,93.2,-3,-3,38,3,70,12.3333,15.9571,0.519265,0.532906,0.772904,1.11916,1.12647,0.974402,0.0170666,0.0215119,0.995478,0.969995,0.0136414,0.121021
"South Jersey Port Corp, NJ",2017240N31279,UNNAMED,2017,468.6,-4,-3,40,1,70,19,13.2286,0.188661,0.19735,1.43629,0.618921,1.0754,0.955972,0,0.0653919,0.934608,0.893459,0.008689,-0.0861008
"Tampa Port Authority, FL",2017240N31279,UNNAMED,2017,349.2,-3,-3,35,2,70,9,10.9,0.2759,0.377373,0.825688,0.845985,1.04665,0.731106,0.142714,0.0105869,1.15412,0.843786,0.101473,0.0657807
"Virginia, VA, Port of",2017240N31279,UNNAMED,2017,181.8,-3,-3,40,1,70,29,27.8429,0.433076,0.381002,1.04156,1.09205,0.999337,1.13668,0,0.0195069,0.980493,1.1145,-0.0520739,-0.0158343
"Jacksonville, FL",2017242N16333,IRMA,2017,129.4,3,5,100,3,70,2,9.95714,0.100663,0.356361,0.200861,3.40022,0.413598,0.282475,0,0.0354884,0.964512,0.272451,0.255698,0.284782
"Mobile, AL",2017242N16333,IRMA,2017,338.4,0,5,48,2,70,9.5,12.7857,0.285831,0.318689,0.743017,1.1482,1.0513,0.896896,0,0.00791791,0.992082,0.889794,0.0328582,0.0818978
"Port Everglades, FL",2017242N16333,IRMA,2017,124.3,4,5,130,3,70,0.333333,20.0714,0.22902,0.860454,0.0166074,30.7998,0.520353,0.266162,0,0.016161,0.983839,0.26186,0.631434,0.846164
"Port of Charleston, SC",2017242N16333,IRMA,2017,403.1,0,5,50,2,70,6,14.6143,0.18631,0.384915,0.410557,1.48941,0.791561,0.48403,0.0132591,0.0257748,0.987316,0.477891,0.198604,0.226885
"Port of Palm Beach District, FL",2017242N16333,IRMA,2017,120.5,4,5,120,3,70,0,5.31429,0.0529374,0.242409,0,,0.85375,0.218381,0,0.0254707,0.974529,0.212818,0.189472,0.242409
"Port of Savannah, GA",2017242N16333,IRMA,2017,261.8,1,5,65,2,70,0.5,15.9286,0.0287704,0.36443,0.0313901,10.1095,0.248776,0.0789463,0,0.0211141,0.978886,0.0772795,0.33566,0.352991
"PortMiami, FL",2017242N16333,IRMA,2017,120.5,5,5,145,3,70,9.33333,17.2143,0.199396,0.413667,0.542185,1.10075,0.807661,0.48202,0,0.0174642,0.982536,0.473602,0.214271,0.189383
"San Juan, PR",2017242N16333,IRMA,2017,87.6,5,5,155,2,70,1,5.37143,0.0157564,0.0980667,0.18617,3.1223,0.276408,0.16067,0.521838,0.355972,1.34688,0.216404,0.0823103,0.0798096
"Tampa Port Authority, FL",2017242N16333,IRMA,2017,35.7,4,5,115,3,70,2,9.81429,0.118352,0.539267,0.203785,1.90186,0.566267,0.219468,0,0.0164834,0.983517,0.21585,0.420916,0.429373
"New York, NY & NJ",2017247N09327,JOSE,2017,396.5,0,4,60,7,70,37.1429,35.2857,8.62993,7.85509,1.05263,1.05883,0.98572,1.09864,0.0143708,0.0221929,0.992064,1.08992,-0.774833,-0.413426
"Philadelphia Regional Port, PA",2017247N09327,JOSE,2017,423.1,0,4,60,5,70,11.6,12.0714,1.02262,1.43043,0.960947,1.11544,0.666961,0.714903,0,0.00391382,0.996086,0.712105,0.40781,0.0558628
"San Juan, PR",2017247N09327,JOSE,2017,296.3,4,4,120,2,70,6,5.41429,0.050156,0.10017,1.10818,0.465762,0.97009,0.50071,0.646252,0.364281,1.7971,0.899824,0.0500138,-0.0108363
"South Jersey Port Corp, NJ",2017247N09327,JOSE,2017,393.7,0,4,63,5,70,13.2,13.0429,0.751842,0.957884,1.01205,0.851225,0.911104,0.784898,0.0719897,0.0685713,1.00368,0.78779,0.206042,-0.0115408
"Virginia, VA, Port of",2017247N09327,JOSE,2017,418.4,1,4,65,2,70,29,27.2143,0.823335,0.740673,1.06562,1.07676,0.968788,1.1116,0.00981734,0.0247408,0.984929,1.09485,-0.0826623,-0.0486006
"Baltimore, MD",2017260N12310,MARIA,2017,495.7,1,5,65,2,70,14,16.5286,0.307963,0.307574,0.847018,1.23738,0.955325,1.00126,0.0149963,0.0173591,0.997601,0.998862,-0.000388631,0.0470532
"New York, NY & NJ",2017260N12310,MARIA,2017,483.3,1,5,65,1,70,42,35.6,1.42781,1.1319,1.17978,1.01937,1.04889,1.26142,0.0110546,0.0230493,0.987871,1.24612,-0.295906,-0.203488
"Philadelphia Regional Port, PA",2017260N12310,MARIA,2017,454.7,1,5,65,2,70,15.5,12.1714,0.336833,0.542513,1.27347,0.693165,0.70336,0.620875,0,0.00266679,0.997333,0.61922,0.20568,-0.148363
"San Juan, PR",2017260N12310,MARIA,2017,28.4,5,5,150,4,70,1.25,6.07143,0.0225858,0.206235,0.205882,1.05197,0.505651,0.109515,0.361968,0.478699,0.817046,0.0894786,0.183649,0.163775
"South Jersey Port Corp, NJ",2017260N12310,MARIA,2017,410.3,1,5,65,2,70,12.5,12.9714,0.245687,0.370217,0.963656,1.14919,0.599256,0.663629,0.071616,0.0756236,0.995683,0.660764,0.12453,0.013455
"Virginia, VA, Port of",2017260N12310,MARIA,2017,347.9,1,5,65,3,70,31.3333,26.9143,1.16724,1.10394,1.16419,1.02671,0.884593,1.05734,0.0135245,0.0232165,0.990175,1.04695,-0.0632968,-0.181256
"Baltimore, MD",2017277N11279,NATE,2017,369.7,-4,1,25,1,70,21,16.7429,0.158126,0.154463,1.25427,0.821615,0.993389,1.02371,0.0216571,0.0189035,1.00281,1.02659,-0.00366251,-0.0392748
"Beaumont, TX",2017277N11279,NATE,2017,475.9,1,1,75,1,70,16,15.3,0.478115,0.43847,1.04575,0.743578,1.40229,1.09042,0.14004,0.000580425,1.16217,1.26725,-0.0396453,-0.0200607
"Greater Lafourche Port, LA",2017277N11279,NATE,2017,104.1,1,1,80,2,70,0.5,2.12857,1.02624,1.02014,0.234899,4.91898,0.870629,1.00598,0.027105,0.0483053,0.978209,0.98406,-0.0061014,0.780508
"Lake Charles Harbor District, LA",2017277N11279,NATE,2017,395.8,1,1,78,2,70,10.5,12.0143,0.440492,0.524273,0.87396,1.53365,0.62685,0.840195,0.083717,0.0424333,1.04506,0.878051,0.0837813,0.0660797
"Mobile, AL",2017277N11279,NATE,2017,70.4,1,1,80,2,70,4,12.7429,0.242702,0.290527,0.313901,1.85098,1.43778,0.835386,0,0.0079353,0.992065,0.828757,0.0478249,0.19933
"New Orleans, LA",2017277N11279,NATE,2017,80.1,1,1,80,2,70,29.5,36.1429,0.701834,1.13227,0.816206,1.3201,0.57528,0.619848,0,0.00220505,0.997795,0.618481,0.430435,0.208105
"New York, NY & NJ",2017277N11279,NATE,2017,325.7,-4,1,25,2,70,33,36.3857,1.9064,2.27232,0.906949,0.962435,0.961146,0.838966,0.0206403,0.0230066,0.997584,0.836938,0.365922,0.211441
"Philadelphia Regional Port, PA",2017277N11279,NATE,2017,356.4,-4,1,25,1,70,16,11.6143,0.350798,0.250441,1.37761,0.709195,1.4337,1.40072,0,0.00288321,0.997117,1.39668,-0.100357,-0.09457
"Plaquemines Port District, LA",2017277N11279,NATE,2017,41.6,1,1,80,2,70,42,71.7571,1.33884,2.39248,0.585308,1.43126,0.668006,0.559605,0.0046694,0.0372701,0.967246,0.541276,1.05363,0.992142
"Port Arthur, TX",2017277N11279,NATE,2017,456.1,1,1,78,2,70,8.5,7.55714,0.559854,0.377059,1.12476,0.936175,1.41009,1.48479,0.0179789,0.00223681,1.01603,1.50859,-0.182795,-0.0470433
"Port of Greater Baton Rouge, LA",2017277N11279,NATE,2017,210.9,1,1,80,2,70,15,15.5714,0.510725,0.528386,0.963303,1.25676,0.798402,0.966576,0,0.0026016,0.997398,0.964061,0.0176607,0.0193903
"South Jersey Port Corp, NJ",2017277N11279,NATE,2017,406.1,-4,1,25,1,70,13,11.8714,0.189893,0.175848,1.09507,1.07763,0.915081,1.07987,0.030877,0.0908465,0.93812,1.01305,-0.0140449,-0.0167172
"South Louisiana, LA, Port of",2017277N11279,NATE,2017,126.7,1,1,80,2,70,47.5,54.8714,1.39862,1.63655,0.86566,1.15988,0.851159,0.854614,0,0.00210334,0.997897,0.852817,0.237931,0.219854
"Port Everglades, FL",2017301N18276,PHILIPPE,2017,391.2,0,0,35,2,70,20.5,21.2429,0.878463,0.743843,0.96503,1.36448,0.896881,1.18098,0.0131567,0.00932935,1.00388,1.18556,-0.13462,0.026012
"Port of Palm Beach District, FL",2017301N18276,PHILIPPE,2017,449.5,-1,0,30,1,70,3,5.88571,0.153829,0.125894,0.509709,2.61857,0.915471,1.22189,0.00958821,0.0154448,0.994087,1.21466,-0.0279346,0.0617249
"PortMiami, FL",2017301N18276,PHILIPPE,2017,331.3,0,0,35,2,70,18,18.8143,0.410504,0.354217,0.95672,1.04797,1.15588,1.15891,0,0.0084604,0.99154,1.1491,-0.056287,0.0153306
"Greater Lafourche Port, LA",2018146N19273,ALBERTO,2018,416.2,0,0,55,3,70,2.33333,1.92857,1.7402,1.45431,1.20988,1.03592,0.954716,1.19658,0.0400216,0.0487162,0.990943,1.18574,-0.28589,-0.305227
"Jacksonville, FL",2018146N19273,ALBERTO,2018,412.3,0,0,55,3,70,11.6667,11.0714,0.532503,0.393834,1.05376,0.952032,1.34776,1.3521,0.0320977,0.0295858,1.0026,1.35561,-0.138668,-0.0211739
"Mobile, AL",2018146N19273,ALBERTO,2018,190,0,0,55,3,70,7.33333,11.1286,0.374213,0.317899,0.658964,1.17189,1.52433,1.17714,0,0.010517,0.989483,1.16476,-0.056314,0.108415
"New Orleans, LA",2018146N19273,ALBERTO,2018,384,0,0,55,2,70,33.5,38.0286,1.04196,1.06574,0.880917,1.03624,1.07103,0.977679,0.00465398,0.00122944,1.00344,0.981043,0.0237881,0.126912
"Plaquemines Port District, LA",2018146N19273,ALBERTO,2018,344.5,0,0,55,3,70,53,64.3143,2.3432,3.1757,0.824078,1.04572,0.856219,0.737853,0.0208458,0.0385124,0.981957,0.72454,0.832502,0.558675
"Port Everglades, FL",2018146N19273,ALBERTO,2018,386.2,-2,0,45,1,70,16,22.1286,0.287753,0.312468,0.723047,1.33369,0.954982,0.920906,0.011324,0.0137552,0.997541,0.918641,0.0247144,0.0865388
"Port of Greater Baton Rouge, LA",2018146N19273,ALBERTO,2018,475.3,-1,0,30,1,70,13,14.6571,0.248548,0.223207,0.88694,1.08612,1.15592,1.11353,0,0.00847981,0.99152,1.10409,-0.0253407,0.0252359
"Port of Palm Beach District, FL",2018146N19273,ALBERTO,2018,388.4,-2,0,45,1,70,4,5.7,0.095919,0.123715,0.701754,1.2916,0.855403,0.775324,0,0.0179014,0.982099,0.761445,0.0277957,0.0368974
"Port of Savannah, GA",2018146N19273,ALBERTO,2018,490.2,-1,0,30,1,70,22,15.0286,0.225014,0.174578,1.46388,0.890575,0.988653,1.2889,0,0.0155557,0.984444,1.26885,-0.0504358,-0.0809831
"PortMiami, FL",2018146N19273,ALBERTO,2018,381.4,-2,0,45,1,70,14,15.4,0.175628,0.153891,0.909091,1.19206,1.05312,1.14125,0,0.0142237,0.985776,1.12502,-0.0217374,0.0139901
"South Louisiana, LA, Port of",2018146N19273,ALBERTO,2018,427.2,0,0,55,2,70,43.5,50.7,1.55379,1.72129,0.857988,0.973702,1.08051,0.902686,0.00184437,0.00128171,1.00056,0.903195,0.167505,0.244444
"Tampa Port Authority, FL",2018146N19273,ALBERTO,2018,235.6,0,0,55,3,70,13.3333,10.5857,0.800543,0.547779,1.25956,1.13874,1.01891,1.46143,0.00477524,0.0133399,0.991394,1.44886,-0.252764,-0.142181
"San Juan, PR",2018186N10325,BERYL,2018,180.9,-3,1,35,2,70,7.5,7.01429,0.149197,0.153148,1.06925,1.0319,0.882946,0.974203,0,0.0579896,0.94201,0.91771,0.0039507,-0.010605
"Port of Charleston, SC",2018186N31292,CHRIS,2018,432.1,0,2,43,2,70,17,17.6714,0.422482,0.472893,0.962005,1.0367,0.895807,0.893398,0.0185733,0.0186252,0.999947,0.893351,0.0504112,0.0179677
"Virginia, VA, Port of",2018186N31292,CHRIS,2018,430,0,2,43,2,70,32.5,28.1714,0.728768,0.737929,1.15365,0.939283,0.911389,0.987586,0.0137426,0.0185281,0.995148,0.982794,0.0091609,-0.113384
"Baltimore, MD",2018242N13343,FLORENCE,2018,212,-4,4,25,2,70,22.5,17.1857,0.483184,0.331179,1.30923,0.90607,1.22991,1.45898,0.0250407,0.0161267,1.00914,1.47232,-0.152005,-0.10241
"Jacksonville, FL",2018242N13343,FLORENCE,2018,363.1,0,4,63,3,70,11.6667,12.9714,0.398248,0.445768,0.899413,1.15197,0.862276,0.893399,0.00849352,0.0267298,0.981607,0.876967,0.0475191,0.0448386
"New York, NY & NJ",2018242N13343,FLORENCE,2018,155.5,-4,4,25,1,70,37,37.0429,1.02345,1.17113,0.998843,1.00591,0.869772,0.8739,0.0206452,0.0267421,0.993775,0.86846,0.14768,0.00135496
"Philadelphia Regional Port, PA",2018242N13343,FLORENCE,2018,205.5,-4,4,25,1,70,12,11.8286,0.298499,0.240513,1.01449,0.962672,1.2708,1.24109,0,0.00782651,0.992173,1.23138,-0.0579858,-0.0034857
"Port of Charleston, SC",2018242N13343,FLORENCE,2018,64.3,3,4,98,5,70,9.4,18.3714,0.84207,1.19093,0.511664,1.70651,0.809783,0.70707,0,0.0205092,0.979491,0.692569,0.348859,0.581573
"Port of Savannah, GA",2018242N13343,FLORENCE,2018,167.2,2,4,90,5,70,13,14.6571,0.748809,0.897008,0.88694,0.956523,0.983978,0.834785,0.0142321,0.0189133,0.995251,0.830821,0.148199,0.101416
"South Jersey Port Corp, NJ",2018242N13343,FLORENCE,2018,246.3,-4,4,25,1,70,12,12.2429,0.156024,0.172241,0.980163,0.988892,0.934559,0.905846,0.125458,0.087548,1.04335,0.945113,0.0162172,0.00341668
"Virginia, VA, Port of",2018242N13343,FLORENCE,2018,307,3,4,98,6,70,21.8333,27.5714,1.59908,2.2595,0.791883,1.16955,0.764148,0.707713,0.0157515,0.0175751,0.998147,0.706402,0.660422,0.470242
"Beaumont, TX",2018246N22283,GORDON,2018,446.6,0,0,38,2,70,14,15.2571,0.826408,0.807242,0.917603,1.39082,0.802168,1.02374,0,0.000905961,0.999094,1.02282,-0.019166,0.0665143
"Greater Lafourche Port, LA",2018246N22283,GORDON,2018,205.7,0,0,60,3,70,2.66667,1.9,1.94088,1.47829,1.40351,1.01616,0.920585,1.31292,0.0192597,0.0470279,0.971686,1.27575,-0.462591,-0.596502
"Jacksonville, FL",2018246N22283,GORDON,2018,445.3,0,0,55,2,70,12,13.2143,0.295655,0.300574,0.908108,1.02615,1.05556,0.983633,0.0180702,0.0248806,0.993064,0.976811,0.00491947,0.0276203
"Lake Charles Harbor District, LA",2018246N22283,GORDON,2018,395.4,0,0,60,2,70,12.5,10.5857,0.427483,0.433636,1.18084,0.850145,0.981998,0.985811,0.0179174,0.0370464,0.980522,0.966609,0.00615301,-0.0784174
"Mobile, AL",2018246N22283,GORDON,2018,48.4,0,0,60,3,70,6,10.8714,0.124031,0.353105,0.551905,0.995713,0.639186,0.351258,0.0357782,0.0205587,1.01578,0.356802,0.229074,0.158225
"New Orleans, LA",2018246N22283,GORDON,2018,141.5,0,0,60,3,70,37.6667,31.6429,1.47659,1.35629,1.19037,1.05285,0.868683,1.0887,0.00993173,0.00221133,1.0078,1.09719,-0.120305,-0.258194
"Plaquemines Port District, LA",2018246N22283,GORDON,2018,147.6,0,0,60,3,70,56.3333,59.7571,2.89105,2.84179,0.942705,1.08152,0.997818,1.01733,0.0230834,0.0434691,0.979133,0.996103,-0.0492537,0.162822
"Port Arthur, TX",2018246N22283,GORDON,2018,443.4,0,0,45,2,70,6.5,6.77143,0.420699,0.363195,0.959916,1.16132,1.03907,1.15833,0,0.00168925,0.998311,1.15637,-0.0575041,0.0145584
"Port Everglades, FL",2018246N22283,GORDON,2018,112,0,0,55,3,70,16,21.1571,0.611741,0.81175,0.756246,1.05846,0.94147,0.753608,0.021006,0.0156244,1.0055,0.75775,0.200009,0.197868
"Port of Greater Baton Rouge, LA",2018246N22283,GORDON,2018,209.8,0,0,60,4,70,14,12.9571,0.976511,0.954265,1.08049,0.930123,1.01824,1.02331,0,0.00771966,0.99228,1.01541,-0.0222467,-0.0768041
"Port of Palm Beach District, FL",2018246N22283,GORDON,2018,160,0,0,55,2,70,3.5,5.27143,0.154283,0.167134,0.663957,1.51433,0.918106,0.923111,0,0.0170427,0.982957,0.907379,0.0128508,0.0561644
"PortMiami, FL",2018246N22283,GORDON,2018,60.2,0,0,55,3,70,9.33333,14.0286,0.320589,0.415245,0.665309,1.17565,0.987061,0.772048,0.0115025,0.00827291,1.00327,0.77457,0.094656,0.138979
"South Louisiana, LA, Port of",2018246N22283,GORDON,2018,182.5,0,0,60,3,70,51.3333,48.4286,2.49602,2.47219,1.05998,0.975539,0.976389,1.00964,0.00529755,0.00147902,1.00384,1.01351,-0.023823,-0.148283
"Tampa Port Authority, FL",2018246N22283,GORDON,2018,173.2,0,0,60,2,70,6,8.95714,0.321895,0.342384,0.669856,1.14425,1.22659,0.940157,0,0.0167974,0.983203,0.924364,0.0204894,0.113036
"San Juan, PR",2018251N13325,ISAAC,2018,358.3,0,1,35,2,70,6.5,6.82857,0.276176,0.150513,0.951883,1.13665,1.6959,1.8349,0,0.0149654,0.985035,1.80744,-0.125663,0.00724226
"San Juan, PR",2018265N08338,KIRK,2018,489.6,0,0,35,1,70,4,6.27143,0.0396166,0.0705225,0.637813,1.18018,0.746293,0.561758,0,0.0140757,0.985924,0.553851,0.0309059,0.0255423
"Baltimore, MD",2018280N18273,MICHAEL,2018,272.1,0,5,60,2,70,13,17.9429,0.25271,0.365109,0.724522,1.0886,0.877565,0.69215,0.023411,0.0181532,1.00538,0.695876,0.112399,0.10058
"Greater Lafourche Port, LA",2018280N18273,MICHAEL,2018,378.5,5,5,140,1,70,2,2.41429,0.716401,0.508657,0.828402,2.01022,0.845755,1.40841,0.0200458,0.0447619,0.974778,1.37289,-0.207743,0.0872844
"Jacksonville, FL",2018280N18273,MICHAEL,2018,289.4,5,5,140,2,70,14,12.1857,0.289313,0.281425,1.14889,0.814475,1.09863,1.02803,0.035106,0.0324901,1.00271,1.03082,-0.00788806,-0.0419004
"Mobile, AL",2018280N18273,MICHAEL,2018,254.1,5,5,140,2,70,12,10.6714,0.224102,0.201212,1.1245,1.09239,0.906684,1.11376,0.0373059,0.0336047,1.00384,1.11804,-0.0228901,-0.0250505
"New Orleans, LA",2018280N18273,MICHAEL,2018,377.9,5,5,140,1,70,29,34.2,0.409285,0.480816,0.847953,0.946935,1.06012,0.85123,0,0.00479888,0.995201,0.847145,0.0715312,0.0731065
"New York, NY & NJ",2018280N18273,MICHAEL,2018,305.5,-4,5,60,1,70,37,35.0857,1.25505,1.0629,1.05456,1.01984,1.0979,1.18077,0.0141319,0.0264394,0.987516,1.16603,-0.192144,-0.0579922
"Philadelphia Regional Port, PA",2018280N18273,MICHAEL,2018,282.8,-4,5,60,1,70,11,12.3143,0.258614,0.261158,0.893271,1.34624,0.823458,0.990258,0,0.00838211,0.991618,0.981958,0.00254408,0.027873
"Plaquemines Port District, LA",2018280N18273,MICHAEL,2018,310.2,5,5,140,2,70,58.5,60.8,1.81683,1.98192,0.962171,1.22631,0.776916,0.916701,0.005657,0.0435209,0.961921,0.881794,0.165092,0.074974
"Port of Charleston, SC",2018280N18273,MICHAEL,2018,195.2,1,5,80,2,70,19.5,17.6571,0.5335,0.495965,1.10437,0.998071,0.975907,1.07568,0.018366,0.0184263,0.999939,1.07562,-0.0375356,-0.0517633
"Port of Savannah, GA",2018280N18273,MICHAEL,2018,193.7,5,5,140,2,70,12.5,14.6571,0.287292,0.352558,0.852827,0.974911,0.980093,0.814879,0.040328,0.017777,1.0235,0.834027,0.0652659,0.0518872
"South Jersey Port Corp, NJ",2018280N18273,MICHAEL,2018,242.7,-4,5,60,1,70,11,12.2429,0.12222,0.153823,0.898483,1.1464,0.771386,0.794546,0.0520995,0.0785491,0.972097,0.772375,0.0316036,0.0156157
"South Louisiana, LA, Port of",2018280N18273,MICHAEL,2018,422.7,5,5,140,1,70,43,49.1857,0.604525,0.801387,0.874238,1.07839,0.800139,0.754349,0,0.00539014,0.99461,0.750283,0.196861,0.100784
"Tampa Port Authority, FL",2018280N18273,MICHAEL,2018,384.4,5,5,140,3,70,6.66667,8.35714,0.567477,0.509341,0.797721,1.51467,0.922085,1.11414,0,0.0150265,0.984974,1.0974,-0.0581354,0.103029
"Virginia, VA, Port of",2018280N18273,MICHAEL,2018,18.3,0,5,60,2,70,20.5,26.2286,0.601071,0.702058,0.78159,1.16183,0.942825,0.856156,0,0.0206192,0.979381,0.838503,0.100987,0.153336
"Beaumont, TX",2019192N29274,BARRY,2019,130.5,1,1,65,4,70,10.25,14.6571,1.37588,1.65095,0.699318,1.0643,1.11972,0.833388,0,0.0019374,0.998063,0.831774,0.275068,0.496412
"Galveston, TX",2019192N29274,BARRY,2019,236.4,1,1,65,4,70,9.5,11.1571,1.17618,1.29843,0.851472,1.36874,0.777258,0.905847,0.0356067,0.0431325,0.992196,0.898778,0.122251,0.192853
"Greater Lafourche Port, LA",2019192N29274,BARRY,2019,112.5,1,1,65,5,70,4.8,2.55714,3.27684,2.37621,1.87709,0.85489,0.859359,1.37902,0.0246443,0.0515011,0.972465,1.34105,-0.900635,-2.08416
"Houston Port Authority, TX",2019192N29274,BARRY,2019,245.6,1,1,65,4,70,64.5,66.3143,5.13652,5.0163,0.972641,0.950492,1.1076,1.02397,0.00323728,0.00242646,1.00081,1.0248,-0.120216,0.137241
"Lake Charles Harbor District, LA",2019192N29274,BARRY,2019,70.5,1,1,65,5,70,8,9.48571,1.16949,0.971381,0.843373,2.37563,0.600907,1.20394,0.0154449,0.0435692,0.971435,1.16955,-0.198107,0.152144
"Mobile, AL",2019192N29274,BARRY,2019,286.4,1,1,65,5,70,10.8,10.0286,0.712611,0.540023,1.07692,0.959005,1.27772,1.31959,0.0176321,0.0180075,0.999618,1.31909,-0.172588,-0.0415403
"New Orleans, LA",2019192N29274,BARRY,2019,193.6,1,1,65,6,70,26.5,34.1857,2.19586,2.49667,0.775178,1.23543,0.918389,0.879519,0.00238169,0.00188728,1.0005,0.879954,0.300802,0.561307
"Plaquemines Port District, LA",2019192N29274,BARRY,2019,158.7,1,1,65,5,70,51.4,69.7,3.96848,4.6691,0.737446,1.38734,0.830766,0.849946,0.0196789,0.0397179,0.979559,0.832572,0.700618,1.22589
"Port Arthur, TX",2019192N29274,BARRY,2019,122.4,1,1,65,4,70,2.75,6.74286,0.258897,0.714787,0.407839,2.0515,0.432902,0.362201,0,0.00455759,0.995442,0.360551,0.45589,0.423269
"Port Freeport, TX",2019192N29274,BARRY,2019,295.7,1,1,65,4,70,8,7.44286,0.764194,0.640254,1.07486,1.0871,1.02149,1.19358,0.0058305,0.022851,0.98288,1.17314,-0.12394,-0.0479269
"Port of Greater Baton Rouge, LA",2019192N29274,BARRY,2019,122.2,1,1,65,6,70,5.33333,11.5,1.20741,1.45902,0.463768,1.68497,1.05901,0.827549,0,0.00246372,0.997536,0.82551,0.251611,0.782376
"South Louisiana, LA, Port of",2019192N29274,BARRY,2019,154.2,1,1,65,6,70,27.3333,32.8857,2.79928,3.27587,0.831161,1.14075,0.901247,0.854514,0,0.00111487,0.998885,0.853561,0.476593,0.553093
"Tampa Port Authority, FL",2019192N29274,BARRY,2019,412.3,-3,1,30,1,70,8,10.2,0.164645,0.183271,0.784314,1.26414,0.906081,0.898365,0,0.00359325,0.996407,0.895137,0.0186267,0.0395291
"Texas City, TX",2019192N29274,BARRY,2019,228,1,1,65,4,70,6.25,6.95714,0.683777,0.847066,0.898357,0.848052,1.05956,0.80723,0.0487559,0.019843,1.03039,0.831766,0.163289,0.086098
"Jacksonville, FL",2019204N25283,UNNAMED,2019,251.3,-1,-1,30,1,70,11,9.47143,0.125293,0.121119,1.16139,0.859231,1.03664,1.03446,0.0504824,0.0211133,1.03093,1.06646,-0.00417383,-0.0195472
"Port Everglades, FL",2019204N25283,UNNAMED,2019,95.5,-1,-1,30,2,70,21,22.0714,0.482848,0.507172,0.951456,0.97735,1.0238,0.952039,0.0300422,0.0149563,1.01555,0.966846,0.0243245,0.02462
"Port of Charleston, SC",2019204N25283,UNNAMED,2019,491.8,-1,-1,30,1,70,17,17.4429,0.295038,0.295759,0.974611,0.974871,1.04993,0.99756,0.0794838,0.022657,1.06173,1.05914,0.000721558,0.00750904
"Port of Palm Beach District, FL",2019204N25283,UNNAMED,2019,91.6,-1,-1,30,2,70,6,4.37143,0.158819,0.154881,1.37255,0.695345,1.07442,1.02542,0.0181409,0.0171904,1.00097,1.02641,-0.00393722,-0.0577009
"Port of Savannah, GA",2019204N25283,UNNAMED,2019,403.6,-1,-1,30,1,70,16,13.7143,0.184692,0.154715,1.16667,0.847849,1.20685,1.19376,0,0.0120668,0.987933,1.17936,-0.0299778,-0.0257858
"PortMiami, FL",2019204N25283,UNNAMED,2019,119.5,-1,-1,30,2,70,10,12.9714,0.285204,0.284331,0.770925,1.15838,1.12323,1.00307,0.0151105,0.019578,0.995464,0.998523,-0.000873827,0.065133
"Tampa Port Authority, FL",2019204N25283,UNNAMED,2019,242.5,-1,-1,30,2,70,6.5,10.3,0.318728,0.354139,0.631068,1.2654,1.12705,0.900009,0.0144968,0.00242259,1.01225,0.911035,0.0354109,0.130653
"Baltimore, MD",2019236N10314,DORIAN,2019,437.7,2,5,85,1,70,10,16.8857,0.153939,0.178241,0.592217,1.99368,0.731486,0.863658,0.0296564,0.0247263,1.00508,0.868046,0.0243017,0.0726837
"Jacksonville, FL",2019236N10314,DORIAN,2019,188.2,4,5,120,5,70,3.4,9.92857,0.39725,0.649752,0.342446,2.57451,0.693473,0.611387,0.00686231,0.0241501,0.982593,0.600745,0.252502,0.427247
"New York, NY & NJ",2019236N10314,DORIAN,2019,441.4,2,5,85,2,70,25,32.9286,2.0819,2.16639,0.759219,1.4784,0.85618,0.960999,0.0183991,0.030822,0.987344,0.948836,0.084492,0.521625
"Philadelphia Regional Port, PA",2019236N10314,DORIAN,2019,421.8,2,5,85,2,70,7.5,10.0286,0.226683,0.349294,0.747863,1.3411,0.647061,0.648975,0.0360382,0.0146171,1.02222,0.663397,0.122611,0.0880699
"Port Everglades, FL",2019236N10314,DORIAN,2019,211.6,5,5,160,4,70,6.5,21.7,0.552032,1.04472,0.299539,2.35138,0.75022,0.528403,0.00161657,0.0161406,0.985452,0.520716,0.492687,0.731785
"Port of Charleston, SC",2019236N10314,DORIAN,2019,111.7,3,5,100,3,70,8.66667,17.0143,0.567265,0.937115,0.509376,1.35375,0.877842,0.605332,0.0488274,0.0210962,1.02915,0.62298,0.36985,0.459771
"Port of Palm Beach District, FL",2019236N10314,DORIAN,2019,199.2,5,5,160,5,70,2,4.45714,0.140156,0.3974,0.448718,0.783545,1.0031,0.352682,0,0.0187216,0.981278,0.346079,0.257244,0.21908
"Port of Savannah, GA",2019236N10314,DORIAN,2019,163.6,3,5,100,3,70,2.33333,14.5286,0.0810006,0.521139,0.160603,1.96571,0.492337,0.15543,0.0447575,0.0124571,1.03381,0.160686,0.440138,0.437442
"PortMiami, FL",2019236N10314,DORIAN,2019,242,5,5,160,4,70,9.75,12.9857,0.39957,0.56323,0.750825,1.01774,0.928389,0.709426,0.00223914,0.0111799,0.991039,0.703069,0.16366,0.140343
"San Juan, PR",2019236N10314,DORIAN,2019,80,1,5,78,2,70,6,6.74286,0.0897021,0.117635,0.889831,1.19234,0.718717,0.762542,0,0.00853919,0.991461,0.756031,0.0279334,0.0129598
"South Jersey Port Corp, NJ",2019236N10314,DORIAN,2019,376.9,2,5,85,2,70,7.5,11.8,0.154074,0.291503,0.635593,1.85455,0.448402,0.52855,0.0399458,0.170332,0.864189,0.456767,0.137429,0.106226
"Tampa Port Authority, FL",2019236N10314,DORIAN,2019,321.2,5,5,155,4,70,11.75,9.42857,0.774324,0.713607,1.24621,0.997858,0.872576,1.08509,0,0.00159695,0.998403,1.08335,-0.0607175,-0.175699
"Virginia, VA, Port of",2019236N10314,DORIAN,2019,184.2,2,5,93,3,70,17.3333,24.7286,0.693933,1.05792,0.700944,1.37108,0.682527,0.655942,0.0225172,0.0204566,1.00211,0.657325,0.363985,0.316377
"New York, NY & NJ",2019239N32287,ERIN,2019,494.6,-4,0,35,1,70,37,33.9714,1.26171,1.07438,1.08915,0.938672,1.14868,1.17435,0.0344893,0.0349076,0.999567,1.17385,-0.187323,-0.0957818
"South Jersey Port Corp, NJ",2019239N32287,ERIN,2019,463,-1,0,35,1,70,5,12,0.112306,0.14974,0.416667,1.91798,0.938498,0.750007,0.142124,0.154535,0.985533,0.739156,0.037434,0.0873482
"Virginia, VA, Port of",2019239N32287,ERIN,2019,400.1,-1,0,35,2,70,23.5,23.3857,0.655076,0.672438,1.00489,1.01767,0.952608,0.97418,0,0.0235629,0.976437,0.951225,0.0173624,-0.0032862
"Corpus Christi, TX",2019246N24266,FERNAND,2019,365.4,0,0,45,2,70,16.5,16.2571,1.19008,0.884578,1.01494,1.03905,1.27574,1.34536,0.0196194,0.00698996,1.01288,1.36269,-0.305498,-0.0132143
"Jacksonville, FL",2019256N23286,HUMBERTO,2019,370.3,1,3,75,2,70,10,8.8,0.381782,0.247305,1.13636,1.08777,1.2489,1.54377,0.0161399,0.0242076,0.9918,1.53111,-0.134478,-0.0337234
"Port Everglades, FL",2019256N23286,HUMBERTO,2019,339.8,1,3,70,3,70,24.3333,20.3286,0.825727,0.800605,1.197,0.806552,1.0683,1.03138,0.0144271,0.0132997,1.00114,1.03256,-0.0251222,-0.15772
"Port of Charleston, SC",2019256N23286,HUMBERTO,2019,467.2,1,3,75,2,70,16.5,16.6143,0.619184,0.624708,0.993121,0.961291,1.03821,0.991158,0.0112653,0.0243834,0.986733,0.978007,0.00552393,0.00429721
"Port of Palm Beach District, FL",2019256N23286,HUMBERTO,2019,316.6,1,3,73,3,70,4.66667,4.01429,0.24228,0.24164,1.16251,0.787835,1.09475,1.00265,0,0.0200202,0.97998,0.982577,-0.000640315,-0.0392701
"Port of Savannah, GA",2019256N23286,HUMBERTO,2019,439.4,1,3,75,2,70,14.5,14.1,0.324458,0.334651,1.02837,0.975872,0.966106,0.969542,0,0.0132565,0.986743,0.956689,0.0101928,-0.00949364
"PortMiami, FL",2019256N23286,HUMBERTO,2019,373.1,1,3,65,3,70,11.3333,13.0286,0.44582,0.426157,0.869883,1.29145,0.93122,1.04614,0.0064046,0.00793601,0.998459,1.04453,-0.0196632,0.0554502
"Tampa Port Authority, FL",2019256N23286,HUMBERTO,2019,435.7,1,3,68,2,70,9.5,10.0571,0.407535,0.35224,0.944602,1.22503,0.999843,1.15698,0,0.001598,0.998402,1.15513,-0.0552956,0.0195133
"San Juan, PR",2019260N13317,JERRY,2019,393,0,2,63,2,70,5.5,6.71429,0.0942433,0.125584,0.819149,1.12251,0.816135,0.750439,0,0.00931429,0.990686,0.74345,0.0313409,0.022712
"Beaumont, TX",2019261N28264,IMELDA,2019,102.5,0,0,40,3,70,13,12.1143,0.95182,1.03842,1.07311,0.721865,1.18326,0.916606,0,0.00217101,0.997829,0.914616,0.0865978,-0.0759221
"Corpus Christi, TX",2019261N28264,IMELDA,2019,185.5,0,0,40,3,70,16.3333,17.0286,1.25539,1.49233,0.959172,0.904149,0.970016,0.841231,0.0133702,0.00638857,1.00708,0.847184,0.236935,0.0609283
"Galveston, TX",2019261N28264,IMELDA,2019,59.3,0,0,40,3,70,10.6667,10.3571,0.861473,0.983755,1.02989,1.01105,0.840998,0.875699,0.0363173,0.0459274,0.990028,0.866966,0.122282,-0.0293996
"Greater Lafourche Port, LA",2019261N28264,IMELDA,2019,477.3,-1,0,30,2,70,1,2.41429,1.00634,1.03203,0.414201,2.22897,1.05617,0.975101,0.0578972,0.0462341,1.01238,0.987172,0.025697,0.604565
"Houston Port Authority, TX",2019261N28264,IMELDA,2019,20.6,0,0,40,3,70,66.3333,64.1429,3.79376,3.6847,1.03415,1.08195,0.920189,1.0296,0,0.00197184,0.998028,1.02757,-0.109066,-0.125832
"Lake Charles Harbor District, LA",2019261N28264,IMELDA,2019,178.4,0,0,40,3,70,6.66667,8.85714,0.35772,0.515216,0.752688,1.16906,0.789045,0.694311,0.0478167,0.0462742,1.00162,0.695435,0.157496,0.127419
"New Orleans, LA",2019261N28264,IMELDA,2019,472.7,-1,0,30,2,70,38,30.0429,0.977879,0.854931,1.26486,0.990002,0.91343,1.14381,0.00895487,0.000875342,1.00815,1.15313,-0.122947,-0.226437
"Port Arthur, TX",2019261N28264,IMELDA,2019,128.9,0,0,40,3,70,5,6.04286,0.334245,0.443206,0.827423,1.2846,0.709517,0.754154,0,0.00447574,0.995524,0.750778,0.108961,0.0764871
"Port Freeport, TX",2019261N28264,IMELDA,2019,17.8,0,0,40,3,70,3.66667,6.57143,0.219489,0.482966,0.557971,1.28755,0.632589,0.454462,0,0.0170953,0.982905,0.446692,0.263476,0.213485
"Port of Greater Baton Rouge, LA",2019261N28264,IMELDA,2019,342.1,0,0,40,3,70,13.3333,11.2429,0.647724,0.597386,1.18594,0.868026,1.05327,1.08426,0,0.0020555,0.997944,1.08203,-0.0503376,-0.111077
"South Louisiana, LA, Port of",2019261N28264,IMELDA,2019,428.1,0,0,40,3,70,39.6667,37.1286,1.6247,1.76721,1.06836,0.966145,0.890684,0.919356,0.00590923,0.0013076,1.00463,0.923612,0.142515,-0.120806
"Texas City, TX",2019261N28264,IMELDA,2019,49.2,0,0,40,3,70,8,6.38571,0.691677,0.590657,1.2528,0.899098,1.03963,1.17103,0,0.0127931,0.987207,1.15605,-0.10102,-0.149316
"San Juan, PR",2019265N12301,KAREN,2019,76.2,0,0,40,3,70,6,6.74286,0.210362,0.188161,0.889831,1.51987,0.826652,1.11799,0,0.0120468,0.987953,1.10452,-0.022201,0.0207296
"New York, NY & NJ",2019282N35286,MELISSA,2019,458.4,-2,0,55,2,70,26.5,30.8286,1.91364,1.97646,0.859592,1.29862,0.867356,0.968216,0.0136471,0.0399815,0.973301,0.942366,0.0628191,0.277511
"Philadelphia Regional Port, PA",2019282N35286,MELISSA,2019,494.5,-4,0,43,1,70,8,9.55714,0.275601,0.164926,0.83707,1.15725,1.72505,1.67106,0,0.0229487,0.977051,1.63271,-0.110675,0.0268714
"South Jersey Port Corp, NJ",2019282N35286,MELISSA,2019,448,-2,0,50,4,70,11.25,10.5,0.482194,0.528915,1.07143,0.685816,1.24069,0.911665,0.323371,0.182783,1.20778,1.10109,0.0467218,-0.0377797
"Virginia, VA, Port of",2019282N35286,MELISSA,2019,290.6,-4,0,43,2,70,24,25.1,0.782162,0.735455,0.956175,1.03672,1.07286,1.06351,0.0372408,0.0219015,1.01593,1.08045,-0.0467076,0.0322311
"Baltimore, MD",2019291N22264,NESTOR,2019,238.9,-4,0,40,2,70,13,16.9429,0.268653,0.366016,0.767285,1.16694,0.819759,0.733994,0.0528752,0.0294089,1.02478,0.752179,0.0973625,0.0851774
"Greater Lafourche Port, LA",2019291N22264,NESTOR,2019,292.7,0,0,50,2,70,4,2.34286,1.27401,1.01525,1.70732,0.783716,0.937831,1.25487,0.0342688,0.0452403,0.988639,1.24061,-0.258754,-0.718105
"Jacksonville, FL",2019291N22264,NESTOR,2019,239.1,-4,0,40,2,70,6.5,10.1429,0.133574,0.275424,0.640845,1.03059,0.734315,0.484975,0.0170556,0.0255392,0.991369,0.48079,0.14185,0.0989198
"Mobile, AL",2019291N22264,NESTOR,2019,223.5,0,0,50,3,70,14,9.47143,0.5172,0.324386,1.47813,0.976012,1.10517,1.5944,0,0.00993029,0.99007,1.57856,-0.192814,-0.155099
"New Orleans, LA",2019291N22264,NESTOR,2019,320.3,0,0,50,2,70,31,28.4143,0.897663,0.878736,1.091,1.05056,0.891268,1.02154,0,0.00142594,0.998574,1.02008,-0.018927,-0.0799654
"New York, NY & NJ",2019291N22264,NESTOR,2019,358.5,-4,0,40,2,70,28,30.4286,1.9716,1.92167,0.920188,1.12204,0.993695,1.02598,0.0360481,0.038301,0.997663,1.02358,-0.049928,0.153373
"Philadelphia Regional Port, PA",2019291N22264,NESTOR,2019,286.2,-4,0,40,2,70,11,9.65714,0.251875,0.3583,1.13905,0.808017,0.763791,0.702974,0,0.0212343,0.978766,0.688047,0.106424,-0.0498227
"Plaquemines Port District, LA",2019291N22264,NESTOR,2019,235.8,0,0,50,2,70,46.5,50.3571,1.33476,1.68384,0.923404,0.993762,0.863826,0.792685,0.0341744,0.0470165,0.986703,0.782145,0.349087,0.128975
"Port of Charleston, SC",2019291N22264,NESTOR,2019,124.4,-4,0,40,1,70,15,15.2429,0.271386,0.295077,0.984067,0.914668,1.0218,0.919712,0.0703047,0.0269243,1.04666,0.962627,0.0236911,0.00470133
"Port of Greater Baton Rouge, LA",2019291N22264,NESTOR,2019,447.1,0,0,50,2,70,11.5,11.2286,0.380018,0.385911,1.02417,1.05838,0.908454,0.984729,0.030491,0.0042205,1.0271,1.01141,0.0058933,-0.00932863
"Port of Savannah, GA",2019291N22264,NESTOR,2019,123.8,-4,0,40,2,70,15,13.7143,0.365209,0.336588,1.09375,1.06143,0.934617,1.08503,0,0.0171739,0.982826,1.0664,-0.0286208,-0.0315551
"South Jersey Port Corp, NJ",2019291N22264,NESTOR,2019,235.8,-4,0,40,2,70,13.5,11.2571,0.358696,0.292402,1.19924,0.779643,1.31203,1.22672,0.14519,0.181368,0.957676,1.1748,-0.0662938,-0.0582577
"South Louisiana, LA, Port of",2019291N22264,NESTOR,2019,357.3,0,0,50,2,70,39,36.4714,1.29911,1.26218,1.06933,1.12193,0.857921,1.02926,0,0.001891,0.998109,1.02731,-0.0369284,-0.087507
"Tampa Port Authority, FL",2019291N22264,NESTOR,2019,388.6,0,0,50,2,70,9,7.77143,0.324361,0.320849,1.15809,0.773485,1.12859,1.01095,0,0.000721225,0.999279,1.01022,-0.00351223,-0.0507224
"Virginia, VA, Port of",2019291N22264,NESTOR,2019,35.1,-4,0,40,2,70,32.5,24.5571,0.813076,0.75776,1.32344,0.837163,0.968466,1.073,0.017464,0.0214858,0.995907,1.06861,-0.0553164,-0.245093
"Beaumont, TX",2019299N25265,OLGA,2019,317,0,0,45,2,70,9.5,11.6,0.627447,0.680647,0.818966,0.986652,1.14084,0.921838,0,0.00235027,0.99765,0.919671,0.0532008,0.123221
"Corpus Christi, TX",2019299N25265,OLGA,2019,434.2,0,0,43,1,70,16,16.9,0.711729,0.529727,0.946746,1.22317,1.16023,1.34358,0.016106,0.0081407,1.0081,1.35445,-0.182002,0.0282103
"Galveston, TX",2019299N25265,OLGA,2019,330.5,0,0,45,2,70,10,10.6286,0.719429,0.680882,0.94086,1.28387,0.874721,1.05661,0.0386844,0.0436305,0.994855,1.05118,-0.0385471,0.0402672
"Greater Lafourche Port, LA",2019299N25265,OLGA,2019,82.2,0,0,45,2,70,4,2.4,1.12193,1.01797,1.66667,0.708587,0.93323,1.10212,0.0492091,0.0450324,1.00439,1.10697,-0.10396,-0.678649
"Houston Port Authority, TX",2019299N25265,OLGA,2019,410,0,0,45,2,70,55.5,62.9143,2.0604,2.48299,0.882153,1.01601,0.925838,0.829805,0.00984927,0.00217158,1.00775,0.83624,0.422592,0.292614
"Lake Charles Harbor District, LA",2019299N25265,OLGA,2019,240.3,0,0,45,2,70,10,7.94286,0.452797,0.306744,1.25899,1.25933,0.93103,1.47614,0.0512382,0.0493747,1.00196,1.47904,-0.146053,-0.0794446
"Mobile, AL",2019299N25265,OLGA,2019,214,-4,0,45,1,70,11,9.58571,0.103575,0.109008,1.14754,1.01279,0.81754,0.950163,0,0.00749436,0.992506,0.943042,0.00543266,-0.0160831
"New Orleans, LA",2019299N25265,OLGA,2019,57.1,-4,0,45,1,70,25,27.8,0.482886,0.428694,0.899281,1.20007,1.04375,1.12641,0,0.00109949,0.998901,1.12517,-0.0541917,0.0431778
"Plaquemines Port District, LA",2019299N25265,OLGA,2019,128,0,0,45,2,70,48,50.1571,1.43553,1.6966,0.956992,1.1027,0.801802,0.846121,0.0321438,0.0458753,0.985813,0.834117,0.261071,0.0729668
"Port Arthur, TX",2019299N25265,OLGA,2019,291.6,0,0,45,2,70,5.5,5.47143,0.224364,0.255756,1.00522,0.983917,0.886968,0.87726,0,0.000906743,0.999093,0.876465,0.0313915,-0.00133554
"Port Freeport, TX",2019299N25265,OLGA,2019,377.9,0,0,45,2,70,8.5,6.92857,0.520999,0.331149,1.2268,0.953803,1.34456,1.57331,0,0.013839,0.986161,1.55153,-0.18985,-0.0751059
"Port of Greater Baton Rouge, LA",2019299N25265,OLGA,2019,83.8,0,0,45,2,70,9,11.0571,0.34575,0.389244,0.813953,1.0454,1.0439,0.88826,0,0.00417032,0.99583,0.884556,0.043494,0.0724176
"South Louisiana, LA, Port of",2019299N25265,OLGA,2019,9.2,0,0,45,2,70,31,36.1143,0.854383,1.2663,0.858386,1.07019,0.73447,0.67471,0,0.00160813,0.998392,0.673625,0.411913,0.179325
"Texas City, TX",2019299N25265,OLGA,2019,345,0,0,45,2,70,10,6.02857,0.537288,0.397572,1.65877,0.870337,0.936093,1.35142,0,0.0126791,0.987321,1.33429,-0.139716,-0.261908
"Baltimore, MD",2020138N28281,ARTHUR,2020,456.1,0,0,50,2,70,16,16.5429,0.456691,0.353957,0.967185,1.12339,1.1875,1.29024,0.00626918,0.0172048,0.988995,1.27604,-0.102734,0.0116152
"Jacksonville, FL",2020138N28281,ARTHUR,2020,384.3,0,0,40,3,70,6.66667,7.94286,0.483132,0.522818,0.839329,0.998149,1.10303,0.924093,0.0208914,0.0266636,0.994105,0.918645,0.0396857,0.0840019
"New York, NY & NJ",2020138N28281,ARTHUR,2020,490.5,0,0,50,1,70,31,27.3571,0.809473,0.737418,1.13316,0.935793,1.03518,1.09771,0.0179523,0.0198396,0.998078,1.0956,-0.0720542,-0.0981941
"Philadelphia Regional Port, PA",2020138N28281,ARTHUR,2020,458.9,0,0,50,2,70,10,9.48571,0.289136,0.366211,1.05422,0.944219,0.793173,0.789534,0.0179697,0.0101113,1.008,0.795852,0.0770749,-0.0198548
"Port Everglades, FL",2020138N28281,ARTHUR,2020,269.2,0,0,35,2,70,23,19.8143,0.68321,0.685079,1.16078,0.994777,0.863651,0.997272,0.0171637,0.00837046,1.00895,1.00619,0.00186905,-0.110146
"Port of Charleston, SC",2020138N28281,ARTHUR,2020,299,0,0,45,2,70,11.5,15.0429,0.435147,0.548833,0.764482,1.25666,0.825296,0.792859,0.00744252,0.0292186,0.978061,0.775464,0.113686,0.12926
"Port of Palm Beach District, FL",2020138N28281,ARTHUR,2020,229.2,0,0,35,2,70,3,4.67143,0.335382,0.345695,0.642202,1.60732,0.939879,0.970167,0.00412405,0.0133582,0.990728,0.961171,0.0103132,0.123689
"Port of Savannah, GA",2020138N28281,ARTHUR,2020,379,0,0,43,3,70,10.6667,11.6571,0.384976,0.429496,0.915033,0.954293,1.02649,0.896344,0,0.0126695,0.98733,0.884988,0.0445198,0.0364931
"PortMiami, FL",2020138N28281,ARTHUR,2020,320.2,0,0,35,2,70,13.5,12.4714,0.46143,0.538259,1.08247,1.01479,0.780406,0.857264,0.0362871,0.0108711,1.02637,0.879872,0.076829,-0.0443925
"South Jersey Port Corp, NJ",2020138N28281,ARTHUR,2020,410.4,0,0,53,2,70,7.5,9.45714,0.145739,0.256336,0.793051,0.867035,0.826853,0.568547,0.041229,0.070736,0.969224,0.551049,0.110597,0.0530484
"Tampa Port Authority, FL",2020138N28281,ARTHUR,2020,358.3,0,0,35,2,70,9.5,10.3429,0.290207,0.37973,0.918508,0.852558,0.975947,0.764246,0,0.0020859,0.997914,0.762652,0.0895229,0.0309448
"Virginia, VA, Port of",2020138N28281,ARTHUR,2020,212.8,0,0,50,2,70,24.5,21.3571,0.711076,0.725288,1.14716,0.974651,0.876866,0.980404,0.0121236,0.0160135,0.996062,0.976544,0.0142127,-0.106731
"Baltimore, MD",2020148N32281,BERTHA,2020,346.6,-4,0,20,1,70,19,16.3,0.243836,0.178919,1.16564,1.02273,1.14318,1.36283,0,0.0122422,0.987758,1.34614,-0.0649167,-0.0296369
"Jacksonville, FL",2020148N32281,BERTHA,2020,302,0,0,45,1,70,10,7.37143,0.175713,0.170791,1.35659,0.812268,0.933662,1.02882,0.0870015,0.0264699,1.0663,1.09703,-0.00492137,-0.0609023
"Philadelphia Regional Port, PA",2020148N32281,BERTHA,2020,476.1,-4,0,20,1,70,6,9.08571,0.146286,0.175257,0.660377,0.904289,1.39775,0.834698,0,0.00745568,0.992544,0.828475,0.0289702,0.0595211
"Port of Charleston, SC",2020148N32281,BERTHA,2020,23.4,0,0,45,2,70,15.5,14.7714,0.545763,0.58071,1.04932,0.998386,0.897093,0.939821,0.0230764,0.0267447,0.996245,0.936292,0.0349467,-0.0286424
"Port of Savannah, GA",2020148N32281,BERTHA,2020,160.5,0,0,45,2,70,11.5,11.4286,0.253803,0.271802,1.00625,1.1347,0.817817,0.933781,0,0.0145292,0.985471,0.920214,0.0179985,-0.00169876
"South Jersey Port Corp, NJ",2020148N32281,BERTHA,2020,484.5,-4,0,20,1,70,6,8.91429,0.0451333,0.115688,0.673077,0.248974,2.32805,0.390131,0,0.0703114,0.929689,0.3627,0.0705543,0.037821
"Virginia, VA, Port of",2020148N32281,BERTHA,2020,424.3,-1,0,30,2,70,21.5,21.0143,0.737213,0.730518,1.02311,0.971136,1.01568,1.00916,0,0.011679,0.988321,0.997378,-0.00669418,-0.0168849
"Beaumont, TX",2020154N19269,CRISTOBAL,2020,311.1,0,0,45,3,70,11,13.5143,0.754783,0.950628,0.813953,0.901901,1.08157,0.793984,0,0.00156575,0.998434,0.79274,0.195845,0.176861
"Galveston, TX",2020154N19269,CRISTOBAL,2020,415.9,0,0,45,2,70,10.5,10.2857,0.663841,0.584208,1.02083,1.4007,0.794687,1.13631,0.0246513,0.034921,0.989471,1.12435,-0.0796335,-0.012171
"Greater Lafourche Port, LA",2020154N19269,CRISTOBAL,2020,42.8,0,0,45,3,70,2,3,1.64253,1.24096,0.666667,2.29613,0.864674,1.3236,0.00766969,0.0549166,0.952388,1.26058,-0.401574,0.413652
"Houston Port Authority, TX",2020154N19269,CRISTOBAL,2020,424.5,0,0,35,1,70,47,53.1286,0.999401,0.971277,0.884646,1.07199,1.08501,1.02896,0,0.00172293,0.998277,1.02718,-0.0281236,0.11204
"Lake Charles Harbor District, LA",2020154N19269,CRISTOBAL,2020,247.5,0,0,45,3,70,5.33333,5.47143,0.292615,0.407461,0.974761,1.01119,0.728588,0.718143,0.0424293,0.0260484,1.01711,0.730428,0.114846,0.010284
"Mobile, AL",2020154N19269,CRISTOBAL,2020,197.9,0,0,45,2,70,6,7.54286,0.168091,0.159344,0.795455,1.36556,0.971144,1.0549,0,0.0519048,0.948095,1.00014,-0.00874726,0.032593
"New Orleans, LA",2020154N19269,CRISTOBAL,2020,31,0,0,45,2,70,23.5,30.5286,0.634298,0.683964,0.769771,1.45393,0.828621,0.927386,0,0.0093094,0.990691,0.918753,0.0496652,0.157468
"Plaquemines Port District, LA",2020154N19269,CRISTOBAL,2020,32.1,0,0,45,3,70,31.3333,48.3857,1.17462,2.13277,0.647574,1.30394,0.652241,0.55075,0.0232071,0.0773688,0.944551,0.520211,0.958148,0.751643
"Port Arthur, TX",2020154N19269,CRISTOBAL,2020,302.5,0,0,45,2,70,4,5.25714,0.215253,0.2473,0.76087,1.23986,0.922662,0.870411,0,0.00112077,0.998879,0.869436,0.0320473,0.0591369
"Port Freeport, TX",2020154N19269,CRISTOBAL,2020,475.8,0,0,35,1,70,8,5.85714,0.191041,0.130719,1.36585,0.846844,1.26351,1.46146,0.128297,0.0191045,1.12526,1.64453,-0.060322,-0.0478242
"Port of Greater Baton Rouge, LA",2020154N19269,CRISTOBAL,2020,69.1,0,0,45,3,70,4.66667,8.58571,0.310882,0.574046,0.543539,0.967854,1.02946,0.541564,0,0.00658006,0.99342,0.538,0.263163,0.26203
"South Louisiana, LA, Port of",2020154N19269,CRISTOBAL,2020,42.9,0,0,45,3,70,24.3333,29.9714,0.812851,1.31333,0.811884,1.22473,0.622449,0.618924,0,0.00384358,0.996156,0.616545,0.500478,0.247058
"Texas City, TX",2020154N19269,CRISTOBAL,2020,408.1,0,0,45,2,70,4.5,5.01429,0.332986,0.302164,0.897436,1.26318,0.972108,1.102,0,0.00814279,0.991857,1.09303,-0.0308216,0.0309912
"Baltimore, MD",2020188N28271,FAY,2020,189.4,0,0,50,3,70,15,16.2,0.511016,0.533006,0.925926,0.955514,1.08365,0.958742,0.0169048,0.0225571,0.99425,0.95323,0.0219906,0.039482
"Greater Lafourche Port, LA",2020188N28271,FAY,2020,229.4,-3,0,30,2,70,2.5,2.67143,0.758317,0.827474,0.935829,0.991259,0.9879,0.916424,0.0579706,0.0497853,1.00869,0.924387,0.0691571,0.0530999
"Jacksonville, FL",2020188N28271,FAY,2020,308.7,-3,0,30,3,70,7,7.88571,0.451127,0.444862,0.887681,1.08339,1.05447,1.01408,0.0444201,0.0235933,1.02179,1.03619,-0.00626562,0.0499663
"Mobile, AL",2020188N28271,FAY,2020,267.5,-3,0,30,3,70,7.66667,7.14286,0.2199,0.239336,1.07333,0.916086,0.934427,0.91879,0.100473,0.0533506,1.05239,0.966922,0.0194364,-0.0175513
"New Orleans, LA",2020188N28271,FAY,2020,287.9,-3,0,30,2,70,30,28.0857,0.686842,0.707793,1.06816,0.957036,0.949263,0.9704,0.028643,0.00924599,1.01997,0.989778,0.0209508,-0.0482422
"New York, NY & NJ",2020188N28271,FAY,2020,24.7,0,0,50,2,70,28.5,30.6143,1.75036,1.64959,0.930938,1.17686,0.968518,1.06109,0.0117226,0.0305168,0.980983,1.04091,-0.100771,0.113924
"Philadelphia Regional Port, PA",2020188N28271,FAY,2020,63.3,0,0,50,3,70,7.66667,8.05714,0.430354,0.479617,0.951537,0.901553,1.04596,0.897286,0.00637417,0.0200685,0.986218,0.88492,0.0492631,0.0232438
"Plaquemines Port District, LA",2020188N28271,FAY,2020,198.5,-3,0,30,2,70,45.5,44.6857,1.35127,1.3086,1.01822,1.12032,0.905213,1.03261,0.0800593,0.0798283,1.00025,1.03287,-0.0426718,-0.023846
"Port of Charleston, SC",2020188N28271,FAY,2020,33.3,-3,0,35,4,70,12.75,15.0571,1.19175,1.18159,0.846774,1.00677,1.1831,1.0086,0.044666,0.0296389,1.01573,1.02447,-0.0101635,0.18105
"Port of Greater Baton Rouge, LA",2020188N28271,FAY,2020,390.5,-3,0,28,1,70,9,9.2,0.178444,0.206365,0.978261,1.15911,0.762584,0.864701,0,0.00689042,0.99311,0.858743,0.0279209,0.00448619
"Port of Savannah, GA",2020188N28271,FAY,2020,133.7,-3,0,30,4,70,10.25,11.9571,0.474369,0.60313,0.857228,0.948514,0.96731,0.786513,0.0207527,0.0228249,0.997884,0.784848,0.12876,0.0861099
"South Jersey Port Corp, NJ",2020188N28271,FAY,2020,46.8,0,0,50,3,70,6.33333,8.38571,0.304616,0.369535,0.755253,1.04742,1.04204,0.824321,0.0649282,0.0756891,0.988492,0.814835,0.0649195,0.0904428
"South Louisiana, LA, Port of",2020188N28271,FAY,2020,306.9,-3,0,30,2,70,30.5,30.9714,0.785459,0.892926,0.984779,1.04782,0.852477,0.879647,0.00531207,0.0029173,1.00241,0.881764,0.107467,0.0135916
"Tampa Port Authority, FL",2020188N28271,FAY,2020,366.9,-3,0,30,2,70,13.5,9.08571,0.376601,0.328581,1.48585,0.846305,0.91146,1.14614,0.0058527,0.00252825,1.00334,1.14998,-0.0480202,-0.159641
"Virginia, VA, Port of",2020188N28271,FAY,2020,136.4,0,0,50,4,70,18.75,20.1,1.54738,1.40028,0.932836,1.12612,1.05194,1.10505,0.01995,0.0262705,0.993551,1.09792,-0.147101,0.0940488
"Beaumont, TX",2020205N26272,HANNA,2020,317.6,1,1,80,2,70,13,11.4286,0.634808,0.468032,1.1375,1.13347,1.05198,1.35633,0,0.00194073,0.998059,1.3537,-0.166775,-0.0643544
"Corpus Christi, TX",2020205N26272,HANNA,2020,117.5,1,1,80,3,70,8,14.9,0.611864,1.37409,0.536913,1.3054,0.635319,0.445287,0,0.00987657,0.990123,0.44089,0.762224,0.636323
"Galveston, TX",2020205N26272,HANNA,2020,238.4,1,1,80,3,70,4.33333,9.8,0.756419,0.846841,0.442177,2.32481,0.868914,0.893224,0,0.0336946,0.966305,0.863128,0.0904219,0.472387
"Greater Lafourche Port, LA",2020205N26272,HANNA,2020,343.3,0,1,55,3,70,5.33333,2.5,1.38223,1.23751,2.13333,0.561934,0.931724,1.11694,0.0225501,0.0543414,0.967475,1.08062,-0.144719,-1.40251
"Houston Port Authority, TX",2020205N26272,HANNA,2020,306.8,1,1,80,3,70,50,52.4714,2.91263,2.88771,0.9529,1.1541,0.917149,1.00863,0,0.000750491,0.99925,1.00787,-0.0249227,0.136012
"Lake Charles Harbor District, LA",2020205N26272,HANNA,2020,304.8,1,1,80,3,70,5.66667,5.2,0.246311,0.343496,1.08974,1.19932,0.548657,0.71707,0.02666,0.0514192,0.974563,0.69883,0.0971852,-0.0308265
"New Orleans, LA",2020205N26272,HANNA,2020,422,0,1,50,2,70,23,27.6571,0.773804,0.665764,0.831612,1.0878,1.28482,1.16228,0.0158307,0.0127682,1.00311,1.1659,-0.10804,0.112107
"Plaquemines Port District, LA",2020205N26272,HANNA,2020,384,0,1,50,2,70,34.5,48.2857,1.07567,1.38499,0.714497,1.20293,0.903628,0.776661,0.0329476,0.0749997,0.956515,0.742888,0.309321,0.395418
"Port Arthur, TX",2020205N26272,HANNA,2020,300.4,1,1,80,2,70,7.5,5.41429,0.384491,0.254831,1.38522,0.874649,1.24532,1.50881,0,0.00287349,0.997127,1.50447,-0.12966,-0.0981671
"Port Freeport, TX",2020205N26272,HANNA,2020,226.7,1,1,80,3,70,6,5.84286,0.444588,0.385449,1.02689,1.28157,0.87644,1.15343,0,0.017566,0.982434,1.13317,-0.0591398,-0.0103666
"Port of Greater Baton Rouge, LA",2020205N26272,HANNA,2020,400.2,0,1,55,3,70,8.66667,9.88571,0.903727,0.556028,0.876686,1.18348,1.56651,1.62533,0,0.00697851,0.993021,1.61398,-0.347699,0.0685661
"South Louisiana, LA, Port of",2020205N26272,HANNA,2020,393.2,0,1,53,2,70,28,31.1429,1.03015,0.903414,0.899083,0.973628,1.30263,1.14029,0,0.00512039,0.99488,1.13445,-0.126738,0.0911702
"Texas City, TX",2020205N26272,HANNA,2020,261.1,1,1,80,3,70,3,4.9,0.368493,0.457086,0.612245,1.07629,1.22343,0.80618,0,0.0351733,0.964827,0.777824,0.0885926,0.177237
"Baltimore, MD",2020211N13306,ISAIAS,2020,53.1,0,1,60,1,70,11,15.7,0.166417,0.182801,0.700637,1.44799,0.897349,0.910375,0,0.0164041,0.983596,0.895441,0.0163834,0.0547237
"Jacksonville, FL",2020211N13306,ISAIAS,2020,161.7,1,1,80,3,70,3.66667,7.81429,0.195356,0.416356,0.469226,1.83192,0.54585,0.469204,0.00893984,0.0243529,0.984448,0.461907,0.221,0.220991
"New York, NY & NJ",2020211N13306,ISAIAS,2020,92.2,0,1,60,2,70,28,30.9714,1.56327,1.77393,0.904059,1.10815,0.879631,0.881246,0.0124867,0.0211539,0.991223,0.873512,0.21066,0.170192
"Philadelphia Regional Port, PA",2020211N13306,ISAIAS,2020,95.7,0,1,60,2,70,5.5,7.41429,0.194599,0.280401,0.741811,1.30494,0.716933,0.694003,0,0.0095291,0.990471,0.687389,0.085802,0.0723964
"Port Everglades, FL",2020211N13306,ISAIAS,2020,105.5,1,1,75,3,70,13.3333,19.4,0.705053,0.738873,0.687285,1.56418,0.887623,0.954228,0,0.0098,0.9902,0.944876,0.0338198,0.231056
"Port of Charleston, SC",2020211N13306,ISAIAS,2020,90.8,1,1,80,2,70,12,15.7429,0.57656,0.590476,0.76225,1.28718,0.995188,0.976432,0.0178789,0.0298937,0.987767,0.964487,0.0139162,0.140386
"Port of Palm Beach District, FL",2020211N13306,ISAIAS,2020,95,1,1,73,3,70,2,5.44286,0.150133,0.36831,0.367454,1.38739,0.799581,0.407627,0,0.0177066,0.982293,0.40041,0.218177,0.232973
"Port of Savannah, GA",2020211N13306,ISAIAS,2020,154.6,1,1,80,3,70,6.66667,12.8429,0.27645,0.454242,0.519095,1.59221,0.736346,0.608596,0,0.0128757,0.987124,0.60076,0.177792,0.218447
"PortMiami, FL",2020211N13306,ISAIAS,2020,128,1,1,75,3,70,12,13.0571,0.274444,0.539663,0.919037,0.908274,0.609229,0.508547,0,0.0126132,0.987387,0.502132,0.265219,0.0436927
"San Juan, PR",2020211N13306,ISAIAS,2020,226,0,1,63,2,70,4,8.75714,0.0356837,0.145039,0.45677,0.991128,0.543446,0.246028,0,0.00797525,0.992025,0.244065,0.109356,0.0787898
"South Jersey Port Corp, NJ",2020211N13306,ISAIAS,2020,96.1,0,1,60,1,70,7,8.37143,0.0543343,0.123703,0.836177,0.791156,0.663946,0.439231,0.138926,0.0622018,1.0891,0.478368,0.069369,0.0202654
"Tampa Port Authority, FL",2020211N13306,ISAIAS,2020,261.1,1,1,65,3,70,12.3333,9.07143,0.682877,0.487246,1.35958,0.733062,1.40621,1.4015,0.0117473,0.00392142,1.00792,1.4126,-0.195632,-0.175204
"Virginia, VA, Port of",2020211N13306,ISAIAS,2020,99.1,1,1,80,1,70,15,20.9,0.290555,0.415368,0.717703,1.55923,0.625086,0.699512,0.0100408,0.0104774,0.999559,0.699203,0.124813,0.117257
"San Juan, PR",2020224N11326,JOSEPHINE,2020,257.2,0,0,35,1,70,9,8.88571,0.110576,0.0731944,1.01286,0.959296,1.55481,1.51071,0.0856048,0.00571819,1.08737,1.64269,-0.0373812,-0.000941407
"Baltimore, MD",2020228N37286,KYLE,2020,375.8,0,0,38,1,70,18,16.0143,0.197834,0.186241,1.124,1.03923,0.909382,1.06225,0.0211563,0.0284771,0.992521,1.0543,-0.0115927,-0.0230932
"New York, NY & NJ",2020228N37286,KYLE,2020,385.5,0,0,45,2,70,36,30.6857,1.80094,1.80007,1.17318,0.855374,0.996985,1.00049,0.0276294,0.0297351,0.997835,0.998319,-0.000873779,-0.311744
"Philadelphia Regional Port, PA",2020228N37286,KYLE,2020,360.8,0,0,43,2,70,6.5,7.47143,0.236844,0.254952,0.869981,0.918291,1.16282,0.928973,0.0134949,0.0167792,0.996671,0.92588,0.0181085,0.0331487
"South Jersey Port Corp, NJ",2020228N37286,KYLE,2020,317.9,0,0,43,2,70,12.5,8.52857,0.336946,0.247724,1.46566,0.931721,0.996028,1.36016,0.0737135,0.0717281,1.00214,1.36308,-0.0892215,-0.115356
"Virginia, VA, Port of",2020228N37286,KYLE,2020,192.4,0,0,40,2,70,23.5,21.3,0.713746,0.863186,1.10329,0.874378,0.85714,0.826874,0.0308051,0.0204599,1.01067,0.8357,0.14944,-0.0891553
"Beaumont, TX",2020233N14313,LAURA,2020,85.6,4,4,130,2,70,6,12.5571,0.145697,0.557187,0.477816,2.21854,0.246673,0.261486,0,0.00392925,0.996071,0.260459,0.41149,0.290954
"Corpus Christi, TX",2020233N14313,LAURA,2020,444.6,4,4,130,2,70,20,14.9143,1.17726,0.905563,1.341,1.03429,0.937308,1.30003,0.0330403,0.00715075,1.02677,1.33484,-0.271696,-0.308793
"Galveston, TX",2020233N14313,LAURA,2020,161.7,4,4,130,2,70,0.5,9.92857,0.0902293,0.562545,0.0503597,5.38934,0.590978,0.160395,0.0317413,0.0319421,0.999793,0.160361,0.472316,0.534216
"Greater Lafourche Port, LA",2020233N14313,LAURA,2020,284.1,4,4,130,2,70,2,2.58571,1.0485,0.829738,0.773481,1.91616,0.8526,1.26365,0.0146175,0.041908,0.972305,1.22866,-0.218763,0.187952
"Houston Port Authority, TX",2020233N14313,LAURA,2020,201.9,4,4,130,2,70,5,55.8429,0.143122,2.00397,0.089537,3.28693,0.242673,0.0714192,0,0.000711515,0.999288,0.0713683,1.86084,1.82454
"Lake Charles Harbor District, LA",2020233N14313,LAURA,2020,15.7,4,4,130,2,70,0,3.54286,0.0591845,0.159673,0,,0.418067,0.37066,0.218135,0.0475549,1.21817,0.451527,0.100489,0.159673
"Mobile, AL",2020233N14313,LAURA,2020,497.3,2,4,85,1,70,8,7.64286,0.120973,0.090101,1.04673,1.13557,1.12956,1.34264,0.0482554,0.0586426,0.989086,1.32798,-0.0308719,-0.00421033
"New Orleans, LA",2020233N14313,LAURA,2020,318.3,4,4,130,2,70,20,25.8,0.618709,0.713279,0.775194,1.13506,0.985823,0.867415,0,0.00914632,0.990854,0.859482,0.0945698,0.16035
"Plaquemines Port District, LA",2020233N14313,LAURA,2020,356,4,4,130,2,70,52,45.4286,1.06661,1.25686,1.14465,0.888595,0.834333,0.848629,0.0157083,0.0689499,0.945909,0.802725,0.190253,-0.18181
"Port Arthur, TX",2020233N14313,LAURA,2020,61.9,4,4,130,2,70,0,4.72857,0.0338532,0.258217,0,,0.2886,0.131104,0.0449871,0.00241002,1.04458,0.136949,0.224363,0.258217
"Port Freeport, TX",2020233N14313,LAURA,2020,223.1,4,4,130,2,70,2,5.97143,0.0460172,0.231684,0.334928,2.08784,0.284036,0.19862,0,0.0165922,0.983408,0.195324,0.185667,0.154087
"Port of Greater Baton Rouge, LA",2020233N14313,LAURA,2020,201.3,4,4,130,3,70,9,10.1571,0.364676,0.655401,0.886076,1.01835,0.61664,0.556416,0.0394103,0.00731241,1.03341,0.575008,0.290726,0.074666
"PortMiami, FL",2020233N14313,LAURA,2020,455.6,0,4,58,2,70,10,13.0429,0.182818,0.301858,0.766703,1.07369,0.73572,0.605644,0,0.0118737,0.988126,0.598453,0.119039,0.0704224
"San Juan, PR",2020233N14313,LAURA,2020,82.3,0,4,45,3,70,4.66667,8.85714,0.0640415,0.219271,0.526882,0.897256,0.617803,0.292065,0,0.0079823,0.992018,0.289734,0.15523,0.103741
"South Louisiana, LA, Port of",2020233N14313,LAURA,2020,270.2,4,4,130,2,70,25.5,32.4,0.781474,0.984707,0.787037,1.0371,0.972283,0.79361,0,0.00259535,0.997405,0.79155,0.203234,0.209706
"Texas City, TX",2020233N14313,LAURA,2020,159,4,4,130,2,70,0,6.07143,0.0341282,0.323772,0,,1.02441,0.105408,0,0.0281167,0.971883,0.102444,0.289644,0.323772
"Beaumont, TX",2020234N14280,MARCO,2020,207.1,0,1,35,1,70,6,12.7714,0.0546381,0.2852,0.469799,0.939789,0.433915,0.191578,0,0.00354842,0.996452,0.190899,0.230562,0.151213
"Galveston, TX",2020234N14280,MARCO,2020,248.8,-1,1,30,1,70,5,9.8,0.184046,0.279623,0.510204,1.2591,1.02459,0.658193,0,0.0324612,0.967539,0.636828,0.095577,0.136958
"Greater Lafourche Port, LA",2020234N14280,MARCO,2020,67.5,0,1,60,3,70,2.66667,2.6,1.57094,1.23856,1.02564,1.40058,0.882953,1.26836,0.012625,0.043263,0.96897,1.229,-0.33238,-0.031758
"Houston Port Authority, TX",2020234N14280,MARCO,2020,311,-3,1,25,1,70,32,55.7857,0.823706,0.999405,0.573624,1.33316,1.07776,0.824197,0,0.000619267,0.999381,0.823687,0.175698,0.426123
"Lake Charles Harbor District, LA",2020234N14280,MARCO,2020,135,0,1,40,2,70,4.5,3.58571,0.202419,0.16351,1.25498,1.0758,0.916938,1.23796,0.0188632,0.0474372,0.970877,1.20191,-0.0389089,-0.0416919
"Mobile, AL",2020234N14280,MARCO,2020,211.1,0,1,55,2,70,6,7.81429,0.215669,0.178762,0.767824,1.38206,1.13691,1.20646,0,0.0602118,0.939788,1.13382,-0.0369076,0.0415041
"New Orleans, LA",2020234N14280,MARCO,2020,140.7,0,1,55,2,70,14,25.8857,0.475738,0.712569,0.540839,1.56777,0.787393,0.667638,0,0.00961972,0.99038,0.661216,0.236831,0.327184
"Plaquemines Port District, LA",2020234N14280,MARCO,2020,56.4,1,1,65,3,70,31.3333,45.8714,0.878546,1.8779,0.683069,1.41443,0.484223,0.467834,0.01881,0.0714626,0.946338,0.44273,0.999353,0.595165
"Port Arthur, TX",2020234N14280,MARCO,2020,181.1,0,1,38,2,70,3.5,4.74286,0.118844,0.254077,0.737952,1.42241,0.445616,0.467749,0,0.00221983,0.99778,0.46671,0.135233,0.0665805
"Port Freeport, TX",2020234N14280,MARCO,2020,310.5,-3,1,25,1,70,5,5.92857,0.103988,0.115052,0.843373,1.15397,0.928704,0.903837,0,0.0172057,0.982794,0.888286,0.0110638,0.0180202
"Port of Greater Baton Rouge, LA",2020234N14280,MARCO,2020,178.5,0,1,50,2,70,8.5,10.3143,0.299568,0.444317,0.8241,1.23475,0.662591,0.674223,0.0137465,0.00658955,1.00726,0.679116,0.144748,0.0781554
"South Louisiana, LA, Port of",2020234N14280,MARCO,2020,146.8,0,1,55,2,70,22,32.3,0.840065,0.98645,0.681115,1.17449,1.06456,0.851604,0,0.00344062,0.996559,0.848674,0.146386,0.314565
"Texas City, TX",2020234N14280,MARCO,2020,254.6,-1,1,30,1,70,2,5.92857,0.121582,0.158969,0.337349,1.55772,1.45542,0.764816,0.124051,0.0270195,1.11077,0.849536,0.0373871,0.105341
"Jacksonville, FL",2020244N30279,OMAR,2020,93.5,-1,0,30,2,70,5.5,8.4,0.13358,0.241261,0.654762,1.16619,0.725111,0.553676,0,0.0197186,0.980281,0.542758,0.10768,0.0832924
"Port Everglades, FL",2020244N30279,OMAR,2020,450.8,-3,0,28,2,70,21.5,20.2143,0.585713,0.509959,1.0636,1.02238,1.05623,1.14855,0.0075431,0.0110795,0.996437,1.14446,-0.0757541,-0.0324355
"Port of Charleston, SC",2020244N30279,OMAR,2020,300.2,-1,0,30,3,70,21,15.9429,0.930297,0.876322,1.3172,0.935828,0.861209,1.06159,0.0508706,0.029907,1.02209,1.08504,-0.0539748,-0.277973
"Port of Palm Beach District, FL",2020244N30279,OMAR,2020,390.7,-1,0,30,2,70,5.5,5.57143,0.193459,0.231056,0.987179,0.75982,1.11626,0.837282,0,0.0141459,0.985854,0.825438,0.037597,0.00296226
"Port of Savannah, GA",2020244N30279,OMAR,2020,214.9,-1,0,30,3,70,13.6667,11.7857,0.468945,0.467212,1.1596,0.854126,1.01339,1.00371,0.0182006,0.0200013,0.998166,1.00187,-0.00173251,-0.0745651
"Tampa Port Authority, FL",2020244N30279,OMAR,2020,301.1,-3,0,28,2,70,5.5,6.98571,0.258572,0.304216,0.787321,1.2535,0.86124,0.849962,0,0.00569529,0.994305,0.845121,0.045644,0.0647003
"Virginia, VA, Port of",2020244N30279,OMAR,2020,346.4,0,0,35,2,70,16.5,21.3857,0.735237,0.813552,0.771543,1.18212,0.990875,0.903737,0.00846421,0.023922,0.98441,0.889648,0.0783148,0.185862
"Greater Lafourche Port, LA",2020256N25281,SALLY,2020,207.5,2,2,95,5,70,2,2.22857,2.09664,2.10232,0.897436,1.08884,1.02061,0.997299,0.033423,0.0426879,0.990415,0.98774,0.005678,0.215623
"Jacksonville, FL",2020256N25281,SALLY,2020,377,0,2,50,6,70,8.33333,8.17143,0.616383,0.588958,1.01981,1.07103,0.958171,1.04657,0.0243674,0.0257319,0.998601,1.0451,-0.0274253,-0.0116693
"Mobile, AL",2020256N25281,SALLY,2020,51.5,2,2,95,5,70,2.6,8.14286,0.230884,0.618121,0.319298,1.58058,0.740129,0.373526,0.058089,0.0687082,0.988726,0.369315,0.387237,0.420756
"New Orleans, LA",2020256N25281,SALLY,2020,194.7,2,2,95,5,70,18.8,24.6857,1.45771,1.69211,0.761574,1.25055,0.904541,0.861475,0,0.0117863,0.988214,0.851321,0.2344,0.403444
"Plaquemines Port District, LA",2020256N25281,SALLY,2020,134.3,2,2,95,5,70,37.6,48,2.27664,3.16659,0.783333,1.01592,0.903431,0.718957,0.0327824,0.064923,0.96677,0.695066,0.889946,0.686094
"Port Everglades, FL",2020256N25281,SALLY,2020,66.5,0,2,50,3,70,17.6667,19.4,0.727543,0.779689,0.910653,0.999194,1.0255,0.93312,0.00120955,0.0109036,0.990294,0.924063,0.0521458,0.0696629
"Port of Charleston, SC",2020256N25281,SALLY,2020,139.1,-4,2,30,2,70,14.5,16.6571,0.448808,0.560517,0.870497,1.09494,0.840068,0.800703,0.0149086,0.0361839,0.978403,0.78341,0.111709,0.0725884
"Port of Greater Baton Rouge, LA",2020256N25281,SALLY,2020,325.8,2,2,95,4,70,11,10.4429,0.914108,0.799306,1.05335,1.12335,0.966485,1.14363,0.0155351,0.0115976,1.004,1.1482,-0.114802,-0.0426442
"Port of Palm Beach District, FL",2020256N25281,SALLY,2020,124.8,0,2,50,3,70,4.33333,5.25714,0.357211,0.352182,0.824275,1.2473,0.986537,1.01428,0,0.0139563,0.986044,1.00012,-0.00502883,0.0618871
"Port of Savannah, GA",2020256N25281,SALLY,2020,203.4,-1,2,33,2,70,14,12.1429,0.359227,0.3122,1.15294,1.0939,0.91233,1.15063,0.00686686,0.0136126,0.993208,1.14282,-0.0470271,-0.0477482
"PortMiami, FL",2020256N25281,SALLY,2020,12.2,0,2,50,3,70,13.6667,13.5143,0.320694,0.375153,1.01128,0.957698,0.882641,0.854834,0.0117753,0.00837929,1.00344,0.857772,0.0544593,-0.00423006
"South Louisiana, LA, Port of",2020256N25281,SALLY,2020,239.5,2,2,95,4,70,29.5,33.1571,2.13849,2.01056,0.889703,1.08698,1.09983,1.06363,0.00105763,0.0036653,0.99739,1.06085,-0.127925,0.221759
"Tampa Port Authority, FL",2020256N25281,SALLY,2020,176,1,2,75,4,70,3.75,7.35714,0.349306,0.663078,0.509709,1.51269,0.683233,0.526794,0,0.00497937,0.995021,0.524171,0.313772,0.325101
"Beaumont, TX",2020261N21265,BETA,2020,17.1,0,0,55,6,70,11.8333,11.6571,1.80636,1.49428,1.01511,0.996624,1.19488,1.20885,0,0.00183545,0.998165,1.20663,-0.312074,-0.0225852
"Corpus Christi, TX",2020261N21265,BETA,2020,118.7,0,0,55,4,70,10.5,14.2286,1.53367,1.82153,0.737952,1.20967,0.943195,0.841968,0.00197487,0.0108438,0.991114,0.834486,0.28786,0.477328
"Galveston, TX",2020261N21265,BETA,2020,52.6,0,0,55,6,70,5.5,11.3,1.19288,1.78304,0.486726,2.15021,0.639252,0.669016,0.011706,0.0350476,0.976382,0.653215,0.590159,0.915191
"Greater Lafourche Port, LA",2020261N21265,BETA,2020,262,0,0,55,6,70,2.16667,2.27143,2.7657,2.5212,0.953878,1.23863,0.928464,1.09698,0.0278758,0.0413295,0.986161,1.0818,-0.244501,0.116282
"Houston Port Authority, TX",2020261N21265,BETA,2020,41.7,0,0,55,6,70,34.5,54.1714,3.6377,5.79874,0.636867,1.16747,0.843721,0.627326,0,0.000555957,0.999444,0.626977,2.16104,2.10571
"Lake Charles Harbor District, LA",2020261N21265,BETA,2020,62,0,0,55,6,70,0.166667,3.54286,0.168559,0.435611,0.047043,16.0706,0.511829,0.386948,0.128679,0.0936974,1.04015,0.402483,0.267052,0.415119
"Mobile, AL",2020261N21265,BETA,2020,276,-4,0,25,3,70,10.6667,8.3,0.290468,0.395537,1.28514,0.858235,0.665816,0.734364,0.0284886,0.0742551,0.952891,0.699769,0.105069,-0.112784
"New Orleans, LA",2020261N21265,BETA,2020,220.7,0,0,55,7,70,25.2857,23.8143,2.46365,2.16181,1.06179,1.03434,1.03768,1.13963,0.00917345,0.0111944,0.99796,1.1373,-0.301844,-0.133573
"Plaquemines Port District, LA",2020261N21265,BETA,2020,307.8,0,0,55,6,70,57.6667,48.7571,4.25806,3.84739,1.18273,1.02887,0.909496,1.10674,0.041767,0.0607346,0.980206,1.08483,-0.410674,-0.703044
"Port Arthur, TX",2020261N21265,BETA,2020,42.4,0,0,55,6,70,3.66667,5.75714,0.86134,0.801086,0.63689,1.35719,1.24391,1.07522,0.00483507,0.0046755,1.00016,1.07539,-0.0602538,0.290882
"Port Freeport, TX",2020261N21265,BETA,2020,12.3,0,0,55,6,70,2.5,5.81429,0.361093,0.705077,0.429975,1.66913,0.713592,0.512133,0,0.0108977,0.989102,0.506552,0.343984,0.401911
"Port of Greater Baton Rouge, LA",2020261N21265,BETA,2020,101.2,0,0,55,7,70,10.7143,10.2571,1.63457,1.26397,1.04457,1.09199,1.13374,1.29321,0.00925618,0.0122652,0.996963,1.28928,-0.370602,-0.0563327
"South Louisiana, LA, Port of",2020261N21265,BETA,2020,187,0,0,55,7,70,38.8571,33.3714,3.03445,3.5487,1.16438,0.967125,0.759331,0.855086,0.00129334,0.00463791,0.996651,0.852222,0.514257,-0.583348
"Texas City, TX",2020261N21265,BETA,2020,29.8,0,0,55,6,70,3.66667,5.15714,0.604385,0.879438,0.710988,0.761745,1.26893,0.68724,0.0290943,0.0406847,0.988062,0.679036,0.275053,0.254168
"Beaumont, TX",2020279N16284,DELTA,2020,104,3,4,105,2,70,6,11.0286,0.195282,0.472215,0.544041,1.54128,0.493182,0.413543,0.0238942,0.00157248,1.02287,0.423,0.276934,0.215311
"Corpus Christi, TX",2020279N16284,DELTA,2020,366.2,3,4,105,1,70,9,13.6143,0.347529,0.451189,0.66107,1.82268,0.639258,0.770253,0.00531731,0.00976368,0.99553,0.76681,0.103659,0.152921
"Galveston, TX",2020279N16284,DELTA,2020,136.4,3,4,105,2,70,8,11.0857,0.521001,0.592865,0.721649,2.18934,0.556215,0.878784,0.00673399,0.032781,0.973776,0.855739,0.0718645,0.165024
"Greater Lafourche Port, LA",2020279N16284,DELTA,2020,270.8,3,4,105,2,70,3,2.84286,0.853866,0.831211,1.05528,1.11022,0.876808,1.02725,0.0177803,0.0394125,0.977976,1.00463,-0.0226543,-0.0459464
"Houston Port Authority, TX",2020279N16284,DELTA,2020,202.4,3,4,105,2,70,52,53.1714,1.77236,1.95298,0.977969,1.05741,0.877575,0.907512,0,0.000833551,0.999166,0.906756,0.180627,0.0430265
"Lake Charles Harbor District, LA",2020279N16284,DELTA,2020,25.4,3,4,105,2,70,0,3.21429,0.016902,0.146026,0,,0.405996,0.115746,0.0606461,0.0910058,0.96768,0.112006,0.129124,0.146026
"Mobile, AL",2020279N16284,DELTA,2020,369.7,2,4,85,3,70,9.66667,8.92857,0.499065,0.378956,1.08267,1.01839,1.19443,1.31695,0.0876699,0.0805973,1.00775,1.32715,-0.120108,-0.0313271
"New Orleans, LA",2020279N16284,DELTA,2020,252.4,3,4,100,3,70,26.3333,23.7429,0.798059,0.930282,1.10911,1.0243,0.755131,0.857868,0,0.0117765,0.988224,0.847766,0.132223,-0.101499
"Plaquemines Port District, LA",2020279N16284,DELTA,2020,330.4,3,4,100,2,70,36,53.1429,0.89665,1.32323,0.677419,1.06203,0.941874,0.677622,0.0308975,0.0521732,0.978046,0.662745,0.426581,0.426849
"Port Arthur, TX",2020279N16284,DELTA,2020,81,3,4,105,2,70,1,4.97143,0.046751,0.243578,0.201149,2.23915,0.426139,0.191935,0.0130471,0.00347899,1.00969,0.193796,0.196827,0.194582
"Port Freeport, TX",2020279N16284,DELTA,2020,190.8,3,4,105,2,70,6,5.52857,0.170138,0.228755,1.08527,1.20603,0.568245,0.743757,0,0.00998541,0.990015,0.73633,0.058617,-0.0195063
"Port of Greater Baton Rouge, LA",2020279N16284,DELTA,2020,121.2,3,4,103,3,70,6.66667,10.8571,0.37201,0.656386,0.614035,0.766211,1.20463,0.566755,0.0259228,0.0117869,1.01451,0.57498,0.284376,0.253342
"South Louisiana, LA, Port of",2020279N16284,DELTA,2020,209.8,3,4,103,3,70,33.3333,34.4,1.21661,1.53528,0.968992,0.99689,0.820346,0.792437,0,0.00347303,0.996527,0.789685,0.318666,0.0476055
"Texas City, TX",2020279N16284,DELTA,2020,145.8,3,4,105,2,70,5.5,5.32857,0.262403,0.316394,1.03217,0.915424,0.877742,0.829356,0.0303409,0.024547,1.00598,0.834312,0.0539906,-0.0101789
"Baltimore, MD",2020299N18277,ZETA,2020,158.8,-4,3,45,2,70,17.5,15.6429,0.406367,0.368604,1.11872,1.00518,0.980381,1.10245,0.0303988,0.0274155,1.00308,1.10584,-0.0377631,-0.0437612
"Beaumont, TX",2020299N18277,ZETA,2020,354.9,3,3,100,2,70,13,11.4429,0.60196,0.532583,1.13608,1.02275,0.972752,1.13027,0,0.00177647,0.998224,1.12826,-0.0693778,-0.0724738
"Galveston, TX",2020299N18277,ZETA,2020,391.9,3,3,100,2,70,11,10.6,0.774207,0.562361,1.03774,1.28201,1.03481,1.37671,0.062844,0.0259234,1.0394,1.43095,-0.211846,-0.0212212
"Greater Lafourche Port, LA",2020299N18277,ZETA,2020,37.8,3,3,100,2,70,4,3.32857,0.877771,0.807839,1.20172,1.06487,0.849094,1.08657,0.0402298,0.0419129,0.998246,1.08466,-0.0699323,-0.162955
"Houston Port Authority, TX",2020299N18277,ZETA,2020,466,3,3,100,1,70,47,53.5714,0.790462,0.972417,0.877333,1.05482,0.878383,0.812884,0,0.00145168,0.998548,0.811704,0.181955,0.119283
"Lake Charles Harbor District, LA",2020299N18277,ZETA,2020,274.4,3,3,100,2,70,5.5,4.05714,0.205877,0.193145,1.35563,0.799856,0.983035,1.06592,0.113007,0.0610863,1.05854,1.12831,-0.0127314,-0.068689
"Mobile, AL",2020299N18277,ZETA,2020,111.5,3,3,100,2,70,5,10.2857,0.124793,0.259044,0.486111,1.03893,0.953887,0.481746,0.263791,0.0804564,1.24903,0.601713,0.134251,0.13312
"New Orleans, LA",2020299N18277,ZETA,2020,18.7,3,3,100,2,70,18,24.5,0.492397,0.655071,0.734694,1.36406,0.750043,0.751669,0,0.0108004,0.9892,0.743551,0.162674,0.173794
"New York, NY & NJ",2020299N18277,ZETA,2020,237.6,-4,3,45,2,70,33.5,32.4857,1.98403,1.8741,1.03122,1.09927,0.933895,1.05866,0.0203898,0.0204209,0.999968,1.05862,-0.109929,-0.0585142
"Philadelphia Regional Port, PA",2020299N18277,ZETA,2020,149.2,-4,3,45,2,70,7,8.14286,0.266403,0.307955,0.859649,1.25941,0.799028,0.86507,0,0.00798488,0.992015,0.858163,0.0415524,0.0432218
"Plaquemines Port District, LA",2020299N18277,ZETA,2020,99.6,3,3,100,2,70,33.5,51.4857,0.70915,1.26646,0.650666,1.34986,0.637529,0.559947,0.0200819,0.0540195,0.965367,0.540554,0.557309,0.442417
"Port Arthur, TX",2020299N18277,ZETA,2020,331.5,3,3,100,2,70,7.5,5.02857,0.316649,0.268561,1.49148,0.879424,0.898916,1.17906,0,0.00459116,0.995409,1.17364,-0.0480875,-0.131992
"Port Freeport, TX",2020299N18277,ZETA,2020,447.5,3,3,100,1,70,9,6.11429,0.173049,0.128286,1.47196,0.857035,1.06928,1.34893,0,0.0160403,0.98396,1.32729,-0.0447626,-0.0605463
"Port of Charleston, SC",2020299N18277,ZETA,2020,409.4,0,3,45,1,70,14,16.3429,0.199314,0.257887,0.856643,0.878973,1.02644,0.772875,0.0596798,0.0321387,1.02929,0.795512,0.0585725,0.0369698
"Port of Greater Baton Rouge, LA",2020299N18277,ZETA,2020,137.2,3,3,100,2,70,5.5,11.5,0.218486,0.468472,0.478261,1.07103,0.910485,0.46638,0,0.0098173,0.990183,0.461801,0.249986,0.24442
"Port of Savannah, GA",2020299N18277,ZETA,2020,423.4,0,3,53,1,70,11,11.8286,0.140281,0.152324,0.929952,1.2096,0.818706,0.920938,0,0.0136291,0.986371,0.908386,0.0120431,0.0106701
"South Jersey Port Corp, NJ",2020299N18277,ZETA,2020,99.3,-4,3,45,2,70,4.5,8.6,0.128718,0.254559,0.523256,1.78435,0.541573,0.505652,0.0528739,0.0708412,0.98103,0.496059,0.125841,0.12136
"South Louisiana, LA, Port of",2020299N18277,ZETA,2020,61.8,3,3,100,2,70,27,33.2571,0.907587,0.908001,0.811856,1.22312,1.0066,0.999544,0,0.00125065,0.998749,0.998294,0.000413862,0.170835
"Texas City, TX",2020299N18277,ZETA,2020,403.5,3,3,100,2,70,4,6.01429,0.29278,0.336904,0.665083,1.16243,1.12407,0.869031,0.0184001,0.0143886,1.00409,0.872583,0.0441238,0.112835
"Virginia, VA, Port of",2020299N18277,ZETA,2020,193.8,0,3,45,2,70,24.5,24.1571,0.894963,0.896187,1.01419,0.975962,1.00891,0.998634,0.00244298,0.015587,0.986824,0.985476,0.00122378,-0.0127194
"Jacksonville, FL",2020306N15288,ETA,2020,23.3,0,4,63,3,70,6.33333,9.71429,0.22774,0.348103,0.651961,1.29876,0.772646,0.654232,0.0107122,0.028803,0.981713,0.642268,0.120363,0.121153
"Port Everglades, FL",2020306N15288,ETA,2020,141.4,1,4,65,5,70,12.8,17.5286,1.2574,1.29022,0.730236,1.44683,0.922414,0.974559,0.00113695,0.0119967,0.989128,0.963963,0.032825,0.348055
"Port of Charleston, SC",2020306N15288,ETA,2020,125.5,0,4,40,2,70,16,16.0714,0.515361,0.507592,0.995556,1.1448,0.890843,1.01531,0.117547,0.0288878,1.10047,1.11731,-0.00776901,0.00225596
"Port of Palm Beach District, FL",2020306N15288,ETA,2020,200.2,1,4,65,5,70,3.8,5.1,0.660513,0.656189,0.745098,1.54048,0.876964,1.00659,0.00390899,0.0104673,0.993416,0.999961,-0.00432359,0.167264
"Port of Savannah, GA",2020306N15288,ETA,2020,87.3,0,4,53,2,70,12.5,11.8,0.296852,0.30513,1.05932,0.982331,0.934907,0.97287,0.0609035,0.011218,1.05291,1.02434,0.0082783,-0.018101
"PortMiami, FL",2020306N15288,ETA,2020,81.5,1,4,65,5,70,12.8,13.0714,0.720049,0.715944,0.979235,0.961009,1.06873,1.00573,0.0137534,0.0120839,1.00169,1.00744,-0.00410552,0.0148666
"Tampa Port Authority, FL",2020306N15288,ETA,2020,112.2,1,4,65,4,70,8.75,8.21429,0.734155,0.628004,1.06522,1.37856,0.796091,1.16903,0.00154234,0.004637,0.996901,1.16541,-0.106151,-0.0409568
"Virginia, VA, Port of",2020306N15288,ETA,2020,334.7,0,4,40,1,70,30,24.1714,0.499874,0.445892,1.24113,0.900869,1.00265,1.12107,0.0277044,0.0147652,1.01331,1.13598,-0.053982,-0.10752
"Jacksonville, FL",2021165N32282,BILL,2021,380.9,-3,0,20,2,70,9.5,11.3,0.217542,0.284341,0.840708,1.00403,0.906387,0.765076,0.00478013,0.0257073,0.978972,0.748988,0.0667985,0.0452933
"Port of Charleston, SC",2021165N32282,BILL,2021,220.4,-1,0,28,2,70,18.5,21.8429,0.721217,0.709153,0.846959,1.11224,1.0796,1.01701,0.0356914,0.0259103,1.01014,1.02733,-0.0120639,0.10853
"Port of Savannah, GA",2021165N32282,BILL,2021,285.9,-3,0,23,2,70,15,16.4,0.386278,0.40717,0.914634,1.04882,0.988957,0.948692,0.0213146,0.0117324,1.00979,0.95798,0.0208912,0.0347584
"Virginia, VA, Port of",2021165N32282,BILL,2021,361.7,0,0,38,1,70,28,29.8714,0.238367,0.488392,0.937351,0.591578,0.880163,0.488064,0,0.0417062,0.958294,0.467709,0.250025,0.0305975
"Baltimore, MD",2021169N23268,CLAUDETTE,2021,351.7,0,0,40,1,70,24,19.5143,0.218528,0.186902,1.22987,0.926274,1.02635,1.16921,0.0203709,0.0395001,0.980473,1.14638,-0.0316265,-0.0429628
"Beaumont, TX",2021169N23268,CLAUDETTE,2021,317.9,0,0,40,2,70,13,12.3714,0.5522,0.656346,1.05081,0.745033,1.07464,0.841324,0,0.00191501,0.998085,0.839713,0.104147,-0.0333478
"Galveston, TX",2021169N23268,CLAUDETTE,2021,367.1,0,0,40,2,70,16,12.1714,0.955446,0.70236,1.31455,0.928919,1.11401,1.36034,0.0403493,0.0409827,0.99934,1.35944,-0.253086,-0.22093
"Greater Lafourche Port, LA",2021169N23268,CLAUDETTE,2021,57.5,0,0,40,3,70,8.66667,6.77143,1.47812,1.14189,1.27989,1.17121,0.863533,1.29445,0.0355089,0.0546116,0.980194,1.26881,-0.336226,-0.319601
"Houston Port Authority, TX",2021169N23268,CLAUDETTE,2021,429.3,0,0,40,2,70,75,75,2.94817,2.64426,1,1.02142,1.09155,1.11493,0.00136142,0.00207318,0.999287,1.11414,-0.30391,0
"Jacksonville, FL",2021169N23268,CLAUDETTE,2021,408.2,0,0,35,2,70,9,11.0286,0.259534,0.273274,0.816062,1.0453,1.11335,0.949718,0,0.0242485,0.975752,0.926689,0.0137408,0.0502655
"Lake Charles Harbor District, LA",2021169N23268,CLAUDETTE,2021,237.8,0,0,40,2,70,9,9.31429,0.45446,0.418507,0.966258,1.39192,0.807397,1.08591,0.0127975,0.0199482,0.992757,1.07804,-0.0359537,0.0141214
"Mobile, AL",2021169N23268,CLAUDETTE,2021,114,0,0,40,3,70,18.3333,13.3143,0.558111,0.365533,1.37697,0.972998,1.13962,1.52684,0,0.00722932,0.992771,1.5158,-0.192578,-0.137794
"New Orleans, LA",2021169N23268,CLAUDETTE,2021,37.7,0,0,40,3,70,26,34.5714,1.12887,1.24488,0.752066,0.989204,1.21892,0.906808,0,0.00416765,0.995832,0.903029,0.116013,0.308647
"New York, NY & NJ",2021169N23268,CLAUDETTE,2021,373.3,0,0,40,2,70,33.5,38.6286,2.05618,1.9652,0.867234,1.21822,0.990362,1.0463,0.0250614,0.0385398,0.986175,1.03183,-0.0909832,0.260912
"Philadelphia Regional Port, PA",2021169N23268,CLAUDETTE,2021,362.6,0,0,40,2,70,14.5,12.4571,0.627259,0.401509,1.16399,1.10982,1.20934,1.56225,0.0248048,0.0300874,0.994583,1.55379,-0.225749,-0.0658438
"Plaquemines Port District, LA",2021169N23268,CLAUDETTE,2021,119.3,0,0,40,3,70,48.3333,55.8429,2.10031,2.41762,0.865524,1.05469,0.951686,0.868752,0.0250119,0.0461126,0.978358,0.84995,0.317308,0.325112
"Port Arthur, TX",2021169N23268,CLAUDETTE,2021,294,0,0,40,2,70,7.5,9.1,0.340099,0.40872,0.824176,1.45571,0.693558,0.832105,0,0.000718735,0.999281,0.831507,0.0686219,0.0718629
"Port Freeport, TX",2021169N23268,CLAUDETTE,2021,426.6,0,0,40,2,70,7,8.54286,0.49468,0.434689,0.819398,0.929512,1.49416,1.13801,0,0.0071463,0.992854,1.12988,-0.0599907,0.0785057
"Port of Charleston, SC",2021169N23268,CLAUDETTE,2021,169.5,0,0,40,2,70,18.5,21.7571,0.686348,0.701326,0.850295,1.1704,0.983379,0.978643,0.0280785,0.0261977,1.00194,0.980537,0.014978,0.104992
"Port of Greater Baton Rouge, LA",2021169N23268,CLAUDETTE,2021,94.8,0,0,40,3,70,11.3333,11.2,0.763148,0.649109,1.0119,0.969215,1.19876,1.17569,0,0.00478973,0.99521,1.17005,-0.114039,-0.00772748
"Port of Savannah, GA",2021169N23268,CLAUDETTE,2021,233.8,0,0,40,2,70,17,16.6286,0.386556,0.414134,1.02234,0.824844,1.10689,0.933408,0.0147519,0.0088835,1.00596,0.938968,0.027578,-0.00925042
"South Jersey Port Corp, NJ",2021169N23268,CLAUDETTE,2021,314.6,0,0,40,2,70,11.5,13.3286,0.251676,0.300339,0.862808,1.22353,0.793782,0.837971,0.129484,0.0853716,1.05067,0.880434,0.0486638,0.0412041
"South Louisiana, LA, Port of",2021169N23268,CLAUDETTE,2021,13.6,0,0,40,3,70,33.6667,40.4429,1.39198,1.57318,0.83245,1.06587,0.997228,0.884823,0,0.00231574,0.997684,0.882774,0.181194,0.263585
"Texas City, TX",2021169N23268,CLAUDETTE,2021,373.4,0,0,40,2,70,7.5,6.24286,0.370758,0.385219,1.20137,0.920704,0.870133,0.962462,0.107061,0.00398979,1.11543,1.07356,0.0144602,-0.0775726
"Virginia, VA, Port of",2021169N23268,CLAUDETTE,2021,100.3,0,0,40,1,70,26,30.2857,0.505915,0.488983,0.858491,1.18665,1.01561,1.03463,0,0.0339881,0.966012,0.999463,-0.0169325,0.0691957
"Jacksonville, FL",2021179N30287,DANNY,2021,244.5,0,0,40,2,70,11,11.0857,0.367887,0.265818,0.992268,1.15122,1.21155,1.38398,0.0228873,0.0231648,0.999716,1.38359,-0.102069,0.00205529
"Port of Charleston, SC",2021179N30287,DANNY,2021,91.4,0,0,40,2,70,23,20.8143,0.67207,0.673683,1.10501,0.932401,0.968255,0.997606,0.0181638,0.0292667,0.988692,0.986324,0.00161302,-0.0707437
"Port of Savannah, GA",2021179N30287,DANNY,2021,52.1,0,0,40,2,70,11.5,16.9714,0.291521,0.4173,0.677609,1.23341,0.835863,0.698588,0.0130362,0.00851356,1.00458,0.701789,0.125779,0.134533
"Baltimore, MD",2021182N09317,ELSA,2021,146.5,0,1,50,2,70,18.5,19.6429,0.402611,0.366032,0.941818,1.04034,1.12259,1.09993,0.00744431,0.030759,0.97651,1.0741,-0.0365793,0.0212964
"Jacksonville, FL",2021182N09317,ELSA,2021,151.3,1,1,65,3,70,9.33333,11.2,0.393651,0.400575,0.833333,1.22053,0.966188,0.982714,0.0240534,0.026229,0.997771,0.980524,0.00692425,0.0667625
"Mobile, AL",2021182N09317,ELSA,2021,449.9,0,1,55,1,70,15,13.2286,0.180422,0.125786,1.13391,1.10724,1.14245,1.43436,0.0100803,0.00879305,1.0013,1.43623,-0.0546364,-0.0168439
"New York, NY & NJ",2021182N09317,ELSA,2021,90.9,0,1,50,1,70,39,38.9857,1.07935,1.00986,1.00037,1.26803,0.842584,1.06881,0.00826768,0.0422091,0.965776,1.03223,-0.0694895,-0.000370048
"Philadelphia Regional Port, PA",2021182N09317,ELSA,2021,94,0,1,50,1,70,10,13.1,0.278624,0.206647,0.763359,1.37419,1.28532,1.34831,0,0.0336848,0.966315,1.30289,-0.0719764,0.0489013
"Port Everglades, FL",2021182N09317,ELSA,2021,254.7,1,1,65,3,70,20,23.5857,0.838926,1.02544,0.847971,0.968189,0.996486,0.818111,0.0150395,0.0193578,0.995616,0.814525,0.186516,0.155897
"Port of Charleston, SC",2021182N09317,ELSA,2021,120.5,0,1,55,3,70,23.6667,20.3,1.0058,1.00127,1.16585,1.05165,0.819309,1.00453,0.0235645,0.032987,0.99035,0.994832,-0.00453115,-0.166056
"Port of Palm Beach District, FL",2021182N09317,ELSA,2021,261.4,1,1,65,3,70,9,5.8,0.351029,0.362758,1.55172,0.509674,1.22354,0.967667,0,0.0202508,0.979749,0.948071,0.0117291,-0.200142
"Port of Savannah, GA",2021182N09317,ELSA,2021,100.6,0,1,55,2,70,13.5,17.2143,0.421182,0.432822,0.784232,1.01565,1.22172,0.973105,0,0.0123239,0.987676,0.961113,0.0116406,0.0933891
"PortMiami, FL",2021182N09317,ELSA,2021,241.1,1,1,65,3,70,16.6667,16.3143,0.72966,0.76824,1.0216,0.968858,0.959583,0.949781,0.00882246,0.012128,0.996665,0.946614,0.0385802,-0.0165936
"San Juan, PR",2021182N09317,ELSA,2021,359.9,1,1,70,1,70,15,12.0571,0.148004,0.101652,1.24408,1.03199,1.13406,1.45599,0,0.00969985,0.9903,1.44187,-0.0463522,-0.0248107
"South Jersey Port Corp, NJ",2021182N09317,ELSA,2021,59.4,0,1,50,2,70,11,13.0286,0.339534,0.276139,0.844298,1.32741,1.09712,1.22958,0.0135219,0.0768038,0.935851,1.1507,-0.0633954,0.0429953
"Tampa Port Authority, FL",2021182N09317,ELSA,2021,114,1,1,65,3,70,11.3333,12.4143,0.472358,0.634107,0.912927,1.01786,0.801645,0.744918,0,0.00752844,0.992472,0.73931,0.161749,0.0552138
"Virginia, VA, Port of",2021182N09317,ELSA,2021,80.2,0,1,50,2,70,30.5,31.0571,1.17225,0.973547,0.982061,1.15002,1.06615,1.2041,0.00209011,0.0271097,0.974928,1.17391,-0.198704,0.0174647
"Baltimore, MD",2021222N14301,FRED,2021,241.7,-3,0,25,2,70,17,18.7571,0.209004,0.370951,0.906321,0.645613,0.962904,0.563427,0.0101934,0.0279577,0.982053,0.553315,0.161947,0.0347501
"Greater Lafourche Port, LA",2021222N14301,FRED,2021,446.9,0,0,55,2,70,4.5,5.18571,0.904182,0.638277,0.867769,1.65246,0.987897,1.4166,0.0529805,0.063936,0.988432,1.40021,-0.265905,0.0844002
"Jacksonville, FL",2021222N14301,FRED,2021,359.5,0,0,55,2,70,9,10.8857,0.239676,0.249022,0.826772,1.0113,1.15112,0.962471,0.0100411,0.0180994,0.99186,0.954637,0.00934544,0.0431376
"Mobile, AL",2021222N14301,FRED,2021,258.5,0,0,55,2,70,12.5,13.6143,0.240235,0.270164,0.918153,0.901974,1.07374,0.889221,0.0281145,0.0129989,1.01555,0.903051,0.0299286,0.022112
"New Orleans, LA",2021222N14301,FRED,2021,443.6,0,0,55,2,70,31,37.2143,0.667967,0.856142,0.833013,1.10018,0.851323,0.780206,0,0.0136094,0.986391,0.769588,0.188175,0.142964
"New York, NY & NJ",2021222N14301,FRED,2021,208.4,-3,0,25,3,70,38,38.4857,2.58533,3.20199,0.987379,0.798304,1.02434,0.807413,0.0320557,0.0377085,0.99416,0.802698,0.616661,0.0404112
"Philadelphia Regional Port, PA",2021222N14301,FRED,2021,250.4,-3,0,25,3,70,10.6667,11.1143,0.583247,0.617773,0.959726,0.820056,1.19959,0.944112,0.00491066,0.0250114,0.9798,0.925041,0.0345262,0.0248803
"Plaquemines Port District, LA",2021222N14301,FRED,2021,375.4,0,0,55,3,70,58.3333,64.5286,2.65067,2.25076,0.903992,1.10572,1.17819,1.17768,0.0255731,0.0364759,0.988811,1.1645,-0.39991,0.21609
"Port Everglades, FL",2021222N14301,FRED,2021,393.2,0,0,40,3,70,21.6667,23.7286,0.996207,1.04234,0.913105,1.00912,1.03724,0.955745,0.0095889,0.0136474,0.995902,0.951829,0.0461284,0.0905742
"Port of Charleston, SC",2021222N14301,FRED,2021,437,-1,0,25,2,70,22,20.2429,0.686351,0.64599,1.0868,1.00693,0.970889,1.06248,0.0336069,0.0325295,1.00111,1.06366,-0.0403617,-0.0560739
"Port of Palm Beach District, FL",2021222N14301,FRED,2021,425.2,0,0,45,3,70,6.66667,5.81429,0.203291,0.28305,1.1466,0.711915,0.879863,0.718216,0.0346703,0.0198002,1.0154,0.72928,0.079759,-0.0414955
"Port of Savannah, GA",2021222N14301,FRED,2021,386.6,0,0,55,3,70,17.6667,17.1714,0.748981,0.638969,1.02884,1.0181,1.11906,1.17217,0.00618713,0.00703769,0.999144,1.17117,-0.110011,-0.0184284
"PortMiami, FL",2021222N14301,FRED,2021,333.6,0,0,40,3,70,16.6667,14.7286,0.735899,0.69385,1.13159,0.971316,0.964948,1.0606,0,0.0132722,0.986728,1.04653,-0.0420491,-0.091302
"San Juan, PR",2021222N14301,FRED,2021,124.8,0,0,40,2,70,10,12.3143,0.146615,0.2374,0.812065,1.1896,0.639302,0.617586,0.020485,0.0108455,1.00984,0.623664,0.0907851,0.0446159
"South Jersey Port Corp, NJ",2021222N14301,FRED,2021,296.1,-3,0,25,3,70,9.66667,12.7286,0.289287,0.452916,0.759446,0.83237,1.01041,0.638721,0.0086144,0.0784906,0.929517,0.593702,0.163629,0.108951
"South Louisiana, LA, Port of",2021222N14301,FRED,2021,488.5,0,0,55,2,70,43,42.2714,1.03914,0.940649,1.01724,1.06276,1.02186,1.10471,0,0.0107013,0.989299,1.09289,-0.0984951,-0.0162126
"Tampa Port Authority, FL",2021222N14301,FRED,2021,323,0,0,55,4,70,10.5,12.7714,0.755193,0.875,0.822148,1.06391,0.986721,0.863077,0.00195549,0.00243944,0.999515,0.862658,0.119808,0.155621
"Virginia, VA, Port of",2021222N14301,FRED,2021,487.5,-3,0,20,1,70,30,29.7714,0.367371,0.467415,1.00768,0.806195,0.967477,0.785963,0.0050143,0.0301439,0.974744,0.766113,0.100044,-0.0035886
"San Juan, PR",2021225N15313,GRACE,2021,158.2,-1,3,33,2,70,9.5,12.4571,0.102816,0.244933,0.762615,1.00003,0.550417,0.41977,0,0.0107585,0.989242,0.415254,0.142118,0.0581436
"Baltimore, MD",2021227N36297,HENRI,2021,307.6,1,1,65,3,70,20,18.9571,0.640079,0.558765,1.05501,1.02007,1.06443,1.14552,0,0.0360336,0.963966,1.10425,-0.0813142,-0.0307384
"New York, NY & NJ",2021227N36297,HENRI,2021,88.7,1,1,65,3,70,44,38.9143,3.57211,3.2373,1.13069,1.01435,0.962075,1.10342,0.0160468,0.0418286,0.973798,1.07451,-0.334808,-0.423083
"Philadelphia Regional Port, PA",2021227N36297,HENRI,2021,179.5,1,1,65,3,70,11.3333,11.2571,0.469809,0.611553,1.00677,1.07541,0.709554,0.768224,0.00534167,0.02708,0.978145,0.751434,0.141743,-0.0041391
"South Jersey Port Corp, NJ",2021227N36297,HENRI,2021,223.9,1,1,65,4,70,15,12.6857,0.687207,0.596174,1.18243,1.04084,0.936602,1.1527,0.0403847,0.0908743,0.947386,1.09205,-0.0910329,-0.108761
"Virginia, VA, Port of",2021227N36297,HENRI,2021,439.1,1,1,65,2,70,31.5,30.1714,1.04657,0.930094,1.04403,1.22442,0.880227,1.12523,0.00919194,0.0325933,0.976382,1.09865,-0.116472,-0.0409558
"Baltimore, MD",2021239N17281,IDA,2021,34,-4,4,40,2,70,17.5,18.7571,0.275417,0.358357,0.932978,1.0201,0.807537,0.768555,0.0178472,0.0471278,0.970187,0.745642,0.0829401,0.0240178
"Beaumont, TX",2021239N17281,IDA,2021,326,4,4,130,2,70,8,12.5857,0.436843,0.715004,0.635641,1.59697,0.601879,0.610965,0,0.00184499,0.998155,0.609838,0.278161,0.260518
"Galveston, TX",2021239N17281,IDA,2021,413.5,4,4,130,2,70,10.5,13.2429,0.933474,0.809142,0.79288,1.90462,0.763946,1.15366,0.0385219,0.0321728,1.0066,1.16128,-0.124332,0.167589
"Greater Lafourche Port, LA",2021239N17281,IDA,2021,21.2,4,4,130,4,70,1.75,5.5,0.395738,1.48974,0.318182,0.850268,0.981897,0.265642,0.0349961,0.0608187,0.973241,0.258534,1.094,1.01573
"Houston Port Authority, TX",2021239N17281,IDA,2021,448.8,4,4,125,2,70,70,80.9857,2.1641,2.66437,0.86435,0.973085,0.965699,0.812236,0,0.00264596,0.997354,0.810087,0.500273,0.361422
"Lake Charles Harbor District, LA",2021239N17281,IDA,2021,251.6,4,4,130,3,70,7.33333,9.82857,0.616187,0.657122,0.746124,2.83306,0.443609,0.937705,0.0211471,0.034982,0.985866,0.924452,0.0409355,0.166828
"Mobile, AL",2021239N17281,IDA,2021,254.5,4,4,130,3,70,4.66667,13.9571,0.304357,0.438308,0.334357,2.0235,1.02634,0.694392,0.0140771,0.0056615,1.00854,0.700319,0.13395,0.291757
"New Orleans, LA",2021239N17281,IDA,2021,59.5,4,4,130,3,70,16,41.5571,0.304706,1.44075,0.385012,0.987919,0.556026,0.21149,0.125299,0.00446488,1.13814,0.240706,1.13605,0.886046
"New York, NY & NJ",2021239N17281,IDA,2021,57.8,-4,4,40,2,70,43.5,39.2857,2.36087,2.15678,1.10727,1.04638,0.944761,1.09463,0.0162971,0.0510119,0.96471,1.056,-0.204088,-0.231364
"Philadelphia Regional Port, PA",2021239N17281,IDA,2021,56.7,-4,4,40,2,70,13.5,11.5286,0.567972,0.403103,1.171,1.02953,1.16873,1.409,0.0126121,0.0365776,0.975728,1.3748,-0.164869,-0.0689321
"Plaquemines Port District, LA",2021239N17281,IDA,2021,67.2,4,4,130,4,70,24.5,71.3143,0.904298,3.48826,0.34355,1.02102,0.739058,0.25924,0.12917,0.0261419,1.11831,0.289911,2.58396,2.28987
"Port Arthur, TX",2021239N17281,IDA,2021,310.8,4,4,130,2,70,6,9.57143,0.349583,0.430733,0.626866,1.2428,1.04176,0.811601,0,0.000740295,0.99926,0.811,0.0811496,0.160721
"Port Freeport, TX",2021239N17281,IDA,2021,476.4,4,4,125,2,70,9,8.17143,0.598807,0.425779,1.1014,1.18257,1.07977,1.40638,0.00839149,0.0160342,0.992293,1.39554,-0.173028,-0.0431734
"Port of Greater Baton Rouge, LA",2021239N17281,IDA,2021,50.7,4,4,130,3,70,9,13.1571,0.39141,0.703171,0.684039,0.602506,1.35061,0.556636,0.125309,0.00619044,1.13618,0.632441,0.311761,0.222175
"PortMiami, FL",2021239N17281,IDA,2021,450.1,1,4,70,2,70,14,15.1,0.356943,0.467412,0.927152,0.998188,0.825155,0.763658,0.0179448,0.0134932,1.00453,0.76712,0.110469,0.0340499
"South Jersey Port Corp, NJ",2021239N17281,IDA,2021,60.6,-4,4,40,2,70,14,12.5857,0.362642,0.275092,1.11237,1.03586,1.14406,1.31826,0.011111,0.0972967,0.912846,1.20336,-0.0875496,-0.0309128
"South Louisiana, LA, Port of",2021239N17281,IDA,2021,16.1,4,4,130,3,70,26.6667,47.2714,0.333464,1.6045,0.564118,0.585131,0.629632,0.207831,0.184123,0.00198151,1.22325,0.254228,1.27103,0.69937
"Tampa Port Authority, FL",2021239N17281,IDA,2021,494,1,4,80,1,70,13,11.8143,0.19854,0.208089,1.10036,1.22454,0.708094,0.954111,0,0.00336299,0.996637,0.950902,0.00954899,-0.0208844
"Texas City, TX",2021239N17281,IDA,2021,413.2,4,4,130,2,70,6.5,6.07143,0.315087,0.393179,1.07059,0.955081,0.783751,0.801384,0,0.00160329,0.998397,0.8001,0.0780914,-0.0277538
"Virginia, VA, Port of",2021239N17281,IDA,2021,285.1,-4,4,38,2,70,27,30.5857,0.998709,0.8749,0.882765,1.12378,1.15068,1.14151,0,0.0437359,0.956264,1.09159,-0.123809,0.102569
"Greater Lafourche Port, LA",2021252N28273,MINDY,2021,350.5,0,0,50,2,70,3,5.67143,0.340981,0.775768,0.528967,0.939206,0.884726,0.43954,0.173168,0.0591577,1.13789,0.500147,0.434787,0.365412
"Jacksonville, FL",2021252N28273,MINDY,2021,96.9,0,0,50,2,70,13,11.3571,0.285519,0.253973,1.14465,0.893863,1.09876,1.12421,0.0309618,0.0184933,1.01287,1.13867,-0.0315456,-0.0367382
"Mobile, AL",2021252N28273,MINDY,2021,267.6,0,0,50,2,70,10,12.8571,0.151231,0.293115,0.777778,1.0036,0.660975,0.515944,0.0555457,0.00748112,1.05089,0.542201,0.141884,0.0651366
"New Orleans, LA",2021252N28273,MINDY,2021,362.2,0,0,50,2,70,36.5,41.1429,0.722087,0.945249,0.887153,1.01061,0.852047,0.763913,0.0939084,0.00243884,1.10095,0.841029,0.223161,0.106669
"Plaquemines Port District, LA",2021252N28273,MINDY,2021,283,0,0,50,2,70,78.5,70.7714,1.60212,1.76376,1.1092,1.08264,0.756417,0.908354,0.0992412,0.0275943,1.07954,0.980605,0.161641,-0.192611
"Port of Charleston, SC",2021252N28273,MINDY,2021,158.8,0,0,35,2,70,20,19.4143,0.687525,0.654173,1.03017,0.910991,1.11988,1.05098,0.0421839,0.0297297,1.013,1.06465,-0.0333519,-0.0197359
"Port of Greater Baton Rouge, LA",2021252N28273,MINDY,2021,491.8,0,0,35,1,70,19,12.1857,0.398764,0.219832,1.5592,0.93821,1.24001,1.81395,0,0.00462677,0.995373,1.80556,-0.178933,-0.12293
"Port of Savannah, GA",2021252N28273,MINDY,2021,82.9,0,0,50,2,70,19,18.0143,0.502562,0.444329,1.05472,0.989109,1.08419,1.13106,0.0200688,0.00883988,1.01146,1.14402,-0.0582326,-0.024313
"South Louisiana, LA, Port of",2021252N28273,MINDY,2021,402.4,0,0,45,2,70,40,48.5571,0.632155,1.09654,0.823772,0.896379,0.780728,0.576499,0.054207,0.00164075,1.05558,0.60854,0.464386,0.193242
"Tampa Port Authority, FL",2021252N28273,MINDY,2021,325.4,0,0,50,2,70,14,10.6714,0.423765,0.402703,1.31191,0.826239,0.9708,1.0523,0.0343874,0.00238919,1.03314,1.08717,-0.0210624,-0.125609
"Beaumont, TX",2021256N21265,NICHOLAS,2021,6.1,1,1,65,5,70,9.6,12.6429,1.61686,1.7826,0.759322,1.18101,1.01143,0.90702,0,0.00132372,0.998676,0.90582,0.165746,0.429033
"Corpus Christi, TX",2021256N21265,NICHOLAS,2021,116.3,1,1,65,3,70,17.6667,19.7143,2.03727,2.28724,0.896135,1.07255,0.926711,0.890711,0.00165619,0.00554781,0.996102,0.887239,0.24997,0.237564
"Galveston, TX",2021256N21265,NICHOLAS,2021,39.8,1,1,65,5,70,12.2,13.0143,2.24641,2.0209,0.937431,1.34887,0.879092,1.11159,0.0411039,0.0353667,1.00598,1.11824,-0.225515,0.126445
"Greater Lafourche Port, LA",2021256N21265,NICHOLAS,2021,131.9,0,1,43,4,70,4.75,5.21429,1.43456,1.49078,0.910959,1.133,0.93234,0.962286,0.0696707,0.0605808,1.00977,0.971688,0.056224,0.132741
"Houston Port Authority, TX",2021256N21265,NICHOLAS,2021,43.9,1,1,65,5,70,77.4,80.7571,5.95789,6.64954,0.958429,1.06083,0.881243,0.895985,0.00107245,0.00270999,0.998361,0.894516,0.691654,0.276427
"Lake Charles Harbor District, LA",2021256N21265,NICHOLAS,2021,44,1,1,65,5,70,10.2,9.22857,1.48142,1.11622,1.10526,1.0537,1.13959,1.32718,0.0243162,0.0365676,0.987443,1.31051,-0.365201,-0.117497
"Mobile, AL",2021256N21265,NICHOLAS,2021,360.8,-1,1,25,3,70,14.3333,12.3,0.383901,0.446186,1.16531,1.00955,0.731363,0.860406,0.0170099,0.00728163,1.0099,0.868921,0.0622851,-0.0737597
"New Orleans, LA",2021256N21265,NICHOLAS,2021,165.6,0,1,35,4,70,44.25,38.0429,2.07542,1.72934,1.16316,1.05729,0.975863,1.20012,0.00186825,0.0070525,0.994806,1.19389,-0.346078,-0.282162
"Plaquemines Port District, LA",2021256N21265,NICHOLAS,2021,205.2,-1,1,30,3,70,84,67.1857,2.7744,2.53301,1.25027,1.12455,0.779024,1.09529,0.00299173,0.0314243,0.971482,1.06406,-0.241383,-0.633927
"Port Arthur, TX",2021256N21265,NICHOLAS,2021,27.7,1,1,65,5,70,6.4,9.27143,0.925156,1.04236,0.690293,1.36764,0.940142,0.887562,0,0.000620206,0.99938,0.887011,0.117201,0.322826
"Port Freeport, TX",2021256N21265,NICHOLAS,2021,12.3,1,1,65,5,70,6.6,8.15714,0.879842,1.10881,0.809107,1.14311,0.857933,0.793504,0.00733127,0.0159705,0.991297,0.786598,0.228964,0.211664
"Port of Greater Baton Rouge, LA",2021256N21265,NICHOLAS,2021,77.8,1,1,65,4,70,20.25,12.0857,1.30746,0.921051,1.67553,1.00151,0.845938,1.41954,0,0.0162422,0.983758,1.39648,-0.386413,-0.6222
"South Louisiana, LA, Port of",2021256N21265,NICHOLAS,2021,120.3,0,1,50,4,70,52.5,47.2,2.25282,2.10749,1.11229,1.06383,0.903377,1.06896,0.0019101,0.00801471,0.993884,1.06242,-0.145327,-0.236646
"Texas City, TX",2021256N21265,NICHOLAS,2021,16.9,1,1,65,5,70,3,6.57143,0.731351,1.0111,0.456522,1.50174,1.05506,0.723325,0,0.000353528,0.999646,0.723069,0.279745,0.549509
"New York, NY & NJ",2021259N30286,ODETTE,2021,479.6,0,0,40,1,70,35,40.0286,1.19372,1.06586,0.874375,1.28605,0.995975,1.11996,0.00839623,0.0360547,0.972107,1.08873,-0.127865,0.133898
"Philadelphia Regional Port, PA",2021259N30286,ODETTE,2021,478.3,0,0,40,2,70,11.5,10.7857,0.354954,0.38376,1.06623,1.16968,0.741642,0.924937,0,0.0208058,0.979194,0.905693,0.0288061,-0.0254146
"Port of Charleston, SC",2021259N30286,ODETTE,2021,441.9,-3,0,30,2,70,21,19.2857,0.761982,0.661122,1.08889,0.975473,1.08509,1.15256,0.0198263,0.0303968,0.989216,1.14013,-0.10086,-0.0587664
"South Jersey Port Corp, NJ",2021259N30286,ODETTE,2021,433.7,0,0,40,2,70,15.5,11.9714,0.364717,0.273367,1.29475,0.945323,1.09004,1.33417,0.111818,0.0721419,1.04467,1.39376,-0.0913499,-0.0805747
"Virginia, VA, Port of",2021259N30286,ODETTE,2021,303.3,0,0,40,3,70,27.6667,29.1714,1.36606,1.23433,0.948417,1.09399,1.06666,1.10673,0.0216073,0.0269003,0.99459,1.10074,-0.131739,0.0636707
"San Juan, PR",2021262N16307,PETER,2021,250.6,0,0,45,3,70,12.6667,12.4429,0.389688,0.339732,1.01799,1.20857,0.932324,1.14705,0.0128029,0.0072843,1.00559,1.15346,-0.0499562,-0.00611076
"New York, NY & NJ",2021299N33284,WANDA,2021,340,-4,0,60,1,70,41,40.4143,1.20456,1.12845,1.01449,1.13169,0.929762,1.06745,0.00747189,0.0375008,0.969745,1.03515,-0.0761113,-0.0163543
"Philadelphia Regional Port, PA",2021299N33284,WANDA,2021,419.1,-4,0,60,1,70,15,11.5857,0.245234,0.187556,1.2947,0.993685,1.01633,1.30753,0,0.0165291,0.983471,1.28591,-0.0576782,-0.0552724
"Port of Charleston, SC",2021299N33284,WANDA,2021,354.1,-4,0,40,1,70,22,20.5571,0.354411,0.333717,1.07019,0.92462,1.07326,1.06201,0.00605245,0.0273997,0.978523,1.0392,-0.0206943,-0.0234228
"Port of Savannah, GA",2021299N33284,WANDA,2021,455.5,-4,0,35,1,70,18,18.5,0.213076,0.229596,0.972973,1.10167,0.865804,0.928047,0.0215951,0.0103211,1.01152,0.938741,0.0165201,0.0062053
"South Jersey Port Corp, NJ",2021299N33284,WANDA,2021,415.7,-4,0,58,1,70,11,12.2571,0.141362,0.141132,0.897436,1.06974,1.04334,1.00163,0,0.0926734,0.907327,0.908802,-0.000229518,0.0144751
"Virginia, VA, Port of",2021299N33284,WANDA,2021,360.8,-4,0,45,2,70,24,30.9857,0.655954,0.869428,0.77455,1.24122,0.784766,0.754466,0.0171591,0.0274425,0.989537,0.746572,0.213474,0.196012
"Jacksonville, FL",2022154N21273,ALEX,2022,364.4,0,0,45,2,70,15,12.3286,0.321777,0.275649,1.21669,0.931748,1.02973,1.16734,0.0160804,0.0415496,0.974115,1.13713,-0.0461284,-0.0597293
"Port Everglades, FL",2022154N21273,ALEX,2022,95.9,0,0,45,2,70,21,24.8143,0.749639,0.655545,0.846287,1.38194,0.977784,1.14354,0.00565974,0.0298621,0.97566,1.1157,-0.0940945,0.100766
"Port of Palm Beach District, FL",2022154N21273,ALEX,2022,57.4,0,0,45,2,70,2.5,5.3,0.24902,0.245696,0.471698,2.17225,0.989151,1.01353,0.00314057,0.0393544,0.963672,0.976711,-0.00332427,0.129802
"PortMiami, FL",2022154N21273,ALEX,2022,140,0,0,45,2,70,16,15.6571,0.39514,0.312541,1.0219,1.00944,1.22562,1.26428,0.00393203,0.0255296,0.978317,1.23687,-0.0825986,-0.00684397
"Tampa Port Authority, FL",2022154N21273,ALEX,2022,175.6,0,0,43,2,70,10,12.3429,0.303774,0.366967,0.810185,1.0958,0.932415,0.827797,0.00395795,0.0209089,0.982982,0.81371,0.0631927,0.0696558
"Jacksonville, FL",2022183N32280,COLIN,2022,196.7,0,0,35,2,70,13.5,13.3714,0.23222,0.290178,1.00962,0.773537,1.0247,0.800268,0.168603,0.0351643,1.1605,0.92871,0.0579577,-0.00279017
"Port of Charleston, SC",2022183N32280,COLIN,2022,13,0,0,35,2,70,20,17.9571,0.400317,0.528394,1.11376,0.787686,0.863577,0.757612,0.224775,0.0381508,1.24074,0.939996,0.128076,-0.0601116
"Port of Savannah, GA",2022183N32280,COLIN,2022,41.3,0,0,35,2,70,19,19.1571,0.350213,0.456032,0.991797,0.809394,0.956652,0.767957,0.158267,0.0315632,1.15053,0.883556,0.105819,0.00374076
"Tampa Port Authority, FL",2022183N32280,COLIN,2022,468.1,-1,0,33,1,70,14,11.7714,0.148296,0.170625,1.18932,0.943443,0.774591,0.869135,0.00823946,0.0256222,0.982473,0.853901,0.0223289,-0.0323028
"Virginia, VA, Port of",2022183N32280,COLIN,2022,415.3,0,0,35,1,70,28,26.1143,0.472893,0.316508,1.07221,1.14225,1.21994,1.4941,0,0.0330872,0.966913,1.44466,-0.156386,-0.0228551
"Corpus Christi, TX",2022232N20266,UNNAMED,2022,338,-3,-3,30,2,70,22,21.7286,2.07355,1.65466,1.01249,0.966994,1.27994,1.25315,0.00262867,0.0214416,0.981138,1.22952,-0.418885,-0.0206697
"San Juan, PR",2022246N18301,EARL,2022,207.6,0,2,60,4,70,11,11.4143,0.358774,0.404505,0.963705,0.888297,1.03609,0.886947,0,0.0172019,0.982798,0.87169,0.0457305,0.0146816
"San Juan, PR",2022257N16312,FIONA,2022,111.9,2,4,95,4,70,6.5,11.9143,0.195566,0.416585,0.545564,1.15387,0.745737,0.46945,0,0.00191119,0.998089,0.468553,0.221019,0.189311
"Jacksonville, FL",2022266N12294,IAN,2022,219.8,5,5,140,3,70,2.66667,13.4143,0.164938,0.5197,0.198793,2.1588,0.739531,0.317372,0.0198753,0.0210956,0.998755,0.316977,0.354762,0.416387
"Port Everglades, FL",2022266N12294,IAN,2022,169.7,5,5,140,4,70,20,22.1286,1.02479,1.21323,0.903809,1.11414,0.838832,0.844681,0.00806619,0.0146642,0.993348,0.839062,0.188438,0.116702
"Port of Charleston, SC",2022266N12294,IAN,2022,83.7,1,5,75,3,70,10.3333,17.8143,0.36915,0.900468,0.580059,1.03607,0.682139,0.409953,0.00987452,0.0180326,0.991761,0.406576,0.531318,0.378143
"Port of Palm Beach District, FL",2022266N12294,IAN,2022,127.1,5,5,140,4,70,3.75,5.14286,0.493738,0.541907,0.729167,1.18714,1.05255,0.911111,0,0.0142883,0.985712,0.898093,0.0481695,0.146767
"Port of Savannah, GA",2022266N12294,IAN,2022,201.4,1,5,75,3,70,5,18.3,0.197105,0.692495,0.273224,2.27015,0.45889,0.28463,0,0.0150926,0.984907,0.280335,0.49539,0.503289
"PortMiami, FL",2022266N12294,IAN,2022,199.9,5,5,140,4,70,16,17.0571,0.485823,0.699136,0.938023,0.958762,0.772666,0.69489,0.00224471,0.00746812,0.994765,0.691252,0.213313,0.0433301
"Tampa Port Authority, FL",2022266N12294,IAN,2022,101.2,5,5,140,4,70,1.75,12.3286,0.13493,0.892879,0.141947,2.48123,0.429064,0.151117,0,0.00470614,0.995294,0.150406,0.757949,0.766138
"Virginia, VA, Port of",2022266N12294,IAN,2022,350.8,1,5,70,2,70,23,26.7143,0.770666,0.673471,0.860963,1.46653,0.906299,1.14432,0,0.0114374,0.988563,1.13123,-0.0971949,0.0936377
"Jacksonville, FL",2022311N21293,NICOLE,2022,180.8,1,1,65,2,70,11,12.6286,0.388877,0.367523,0.871041,1.06918,1.13616,1.0581,0,0.018441,0.981559,1.03859,-0.0213543,0.0473954
"Mobile, AL",2022311N21293,NICOLE,2022,339.1,0,1,38,2,70,17.5,15.1286,0.239041,0.339424,1.15675,0.867885,0.7015,0.704256,0.00981258,0.0275647,0.982072,0.69163,0.100383,-0.0532052
"Port Everglades, FL",2022311N21293,NICOLE,2022,143.3,1,1,65,2,70,13,25.0286,0.476874,0.699071,0.519406,1.88017,0.698517,0.682154,0.0143335,0.0110391,1.00334,0.684434,0.222197,0.335969
"Port of Charleston, SC",2022311N21293,NICOLE,2022,419.3,0,1,38,2,70,13,19.0286,0.465978,0.633898,0.683183,1.14798,0.937291,0.735099,0.0229001,0.0187406,1.00426,0.738229,0.16792,0.200829
"Port of Palm Beach District, FL",2022311N21293,NICOLE,2022,96.5,1,1,65,2,70,0.5,5.88571,0.308784,0.310646,0.0849515,13.5148,0.86578,0.994006,0.00823967,0.0139429,0.994249,0.98829,0.00186209,0.284256
"Port of Savannah, GA",2022311N21293,NICOLE,2022,336.9,0,1,62,2,70,13.5,18.1143,0.323958,0.47733,0.745268,1.14151,0.797773,0.678688,0.0767371,0.0105026,1.07174,0.727376,0.153372,0.121591
"PortMiami, FL",2022311N21293,NICOLE,2022,200.4,1,1,65,2,70,13.5,16.7714,0.228246,0.395077,0.80494,1.16966,0.613619,0.577724,0,0.00695121,0.993049,0.573708,0.166832,0.0770636
"San Juan, PR",2022311N21293,NICOLE,2022,254,-3,1,35,1,70,8,10.6571,0.104039,0.112716,0.75067,1.04539,1.17621,0.923019,0,0.0050884,0.994912,0.918322,0.00867699,0.0281033
"Tampa Port Authority, FL",2022311N21293,NICOLE,2022,56.7,1,1,65,3,70,10.6667,11.9714,0.967253,0.856078,0.89101,1.49273,0.849501,1.12987,0.00155515,0.00231727,0.999237,1.129,-0.111176,0.0933036
"South Jersey Port Corp, NJ",2023015N36289,UNNAMED,2023,477.4,-4,-2,45,1,70,20,13.6714,0.216616,0.184682,1.4629,0.845627,0.948137,1.17291,0.0173687,0.0766916,0.939629,1.1021,-0.0319339,-0.0854902
"Virginia, VA, Port of",2023015N36289,UNNAMED,2023,451.9,-4,-2,45,1,70,23,28.9429,0.389324,0.434053,0.794669,1.20565,0.936183,0.896951,0,0.015771,0.984229,0.882805,0.0447287,0.0891244
"Greater Lafourche Port, LA",2023152N26274,ARLENE,2023,393.7,0,0,35,2,70,10.5,11.5571,0.985502,1.00706,0.908529,1.0809,0.996497,0.978589,0.0560405,0.0655927,0.989881,0.968687,0.021562,0.0921171
"Mobile, AL",2023152N26274,ARLENE,2023,334.7,0,0,35,2,70,9,13.5429,0.197786,0.326781,0.664557,0.908822,1.00214,0.605254,0.0466096,0.0475786,0.998984,0.604639,0.128995,0.109616
"New Orleans, LA",2023152N26274,ARLENE,2023,411.1,0,0,35,2,70,34.5,29.4714,0.988134,0.828248,1.17063,1.00241,1.0167,1.19304,0,0.000881462,0.999119,1.19199,-0.159886,-0.14132
"Plaquemines Port District, LA",2023152N26274,ARLENE,2023,328.9,0,0,35,3,70,64.3333,53.0714,2.58499,2.27555,1.2122,1.00197,0.935284,1.13598,0.0368409,0.0432101,0.993387,1.12847,-0.309439,-0.482879
"Port Everglades, FL",2023152N26274,ARLENE,2023,408.1,-3,0,25,2,70,23,26.5,0.677388,0.670132,0.867925,1.00327,1.16085,1.01083,0.00679972,0.010308,0.996468,1.00726,-0.00725647,0.0885079
"Port of Palm Beach District, FL",2023152N26274,ARLENE,2023,453.8,-3,0,25,1,70,2,6,0.119395,0.127577,0.333333,2.73945,1.02488,0.935867,0,0.0119737,0.988026,0.924661,0.00818185,0.085051
"PortMiami, FL",2023152N26274,ARLENE,2023,360.6,-3,0,25,2,70,12,14.9143,0.342046,0.350018,0.804598,1.06955,1.13557,0.977225,0.0428895,0.0112211,1.03309,1.00956,0.00797171,0.0683943
"South Louisiana, LA, Port of",2023152N26274,ARLENE,2023,449.8,-1,0,33,2,70,45,40.9,1.16138,1.31887,1.10024,0.925306,0.864964,0.880587,0,0.00105365,0.998946,0.87966,0.157489,-0.132209
"Tampa Port Authority, FL",2023152N26274,ARLENE,2023,349.4,0,0,35,4,70,10.5,10.7857,0.788343,0.869171,0.97351,1.02741,0.90683,0.907005,0,0.00149234,0.998508,0.905652,0.0808281,0.0230244
"San Juan, PR",2023232N13300,FRANKLIN,2023,397,0,4,60,7,70,11.4286,12.0571,0.689541,0.717566,0.947867,1.13137,0.896076,0.960945,0.0070709,0.0110329,0.99601,0.957111,0.0280244,0.0374086
"Beaumont, TX",2023234N25271,HAROLD,2023,424.3,0,0,50,1,70,18,14.3714,0.578129,0.372807,1.25249,0.981642,1.26129,1.55075,0,0.00500181,0.994998,1.54299,-0.205322,-0.0941283
"Corpus Christi, TX",2023234N25271,HAROLD,2023,83,0,0,50,2,70,24.5,22.9,2.12718,1.78496,1.06987,1.14644,0.971619,1.19173,0,0.00644349,0.993557,1.18405,-0.342221,-0.124713
"Galveston, TX",2023234N25271,HAROLD,2023,311.1,0,0,50,1,70,13,12.0143,0.302315,0.328486,1.08205,0.880407,0.966083,0.920329,0.0337119,0.0471127,0.986132,0.907566,0.0261708,-0.0269507
"Greater Lafourche Port, LA",2023234N25271,HAROLD,2023,478.5,-1,0,30,2,70,11,9.81429,1.10634,0.988731,1.12082,1.05292,0.948155,1.11895,0.0519827,0.0673264,0.983815,1.10084,-0.117605,-0.119454
"Houston Port Authority, TX",2023234N25271,HAROLD,2023,354,0,0,50,1,70,67,78.4714,1.37555,1.45631,0.853814,1.01863,1.08604,0.94455,0,0.00361899,0.996381,0.941132,0.0807524,0.212892
"Lake Charles Harbor District, LA",2023234N25271,HAROLD,2023,449.6,0,0,50,1,70,9,9.95714,0.273041,0.292816,0.903874,1.5149,0.680991,0.932467,0.0139798,0.0507654,0.962693,0.897679,0.0197748,0.0281473
"Port Arthur, TX",2023234N25271,HAROLD,2023,420.6,0,0,50,1,70,9,8.64286,0.171868,0.17282,1.04132,0.946579,1.00893,0.994493,0,0.00483346,0.995167,0.989686,0.000951752,-0.00714131
"Port Freeport, TX",2023234N25271,HAROLD,2023,274.5,0,0,50,2,70,5,8.12857,0.159147,0.427127,0.615114,1.35282,0.447761,0.372599,0.00753614,0.0209845,0.986449,0.36755,0.26798,0.164395
"Texas City, TX",2023234N25271,HAROLD,2023,329.3,0,0,50,1,70,6,7.91429,0.194675,0.253994,0.758123,1.2461,0.81132,0.766453,0.0219445,0.0049557,1.01737,0.779767,0.0593195,0.0614354
"Jacksonville, FL",2023239N21274,IDALIA,2023,125.7,4,4,115,2,70,8.5,13.3429,0.134659,0.299902,0.637045,0.926984,0.76035,0.44901,0.0574282,0.035661,1.02309,0.459379,0.165243,0.108851
"Mobile, AL",2023239N21274,IDALIA,2023,423.3,4,4,115,1,70,12,14.1571,0.19839,0.18525,0.847629,1.10468,1.14372,1.07093,0.0431756,0.0253356,1.01865,1.0909,-0.0131399,0.0282268
"Plaquemines Port District, LA",2023239N21274,IDALIA,2023,499.9,3,4,105,1,70,46,56.2571,0.693616,0.76915,0.817674,1.24336,0.887016,0.901795,0.0131101,0.0351529,0.977664,0.881653,0.0755347,0.140236
"Port Everglades, FL",2023239N21274,IDALIA,2023,430.3,4,4,115,2,70,23.5,26.0857,0.563356,0.589027,0.900876,1.00851,1.05269,0.956418,0.0186404,0.0123076,1.00645,0.96259,0.0256708,0.0583866
"Port of Charleston, SC",2023239N21274,IDALIA,2023,23.4,3,4,100,2,70,9,16.1143,0.217063,0.405044,0.558511,1.23892,0.774478,0.535899,0.0158367,0.026274,0.989395,0.530216,0.187981,0.178823
"Port of Palm Beach District, FL",2023239N21274,IDALIA,2023,418.2,4,4,115,2,70,5.5,4.6,0.17654,0.146505,1.19565,0.983297,1.02494,1.20501,0.0503453,0.0378999,1.01311,1.2208,-0.0300344,-0.0286641
"Port of Savannah, GA",2023239N21274,IDALIA,2023,64.7,4,4,115,2,70,7.5,18.6857,0.101214,0.466251,0.401376,0.993115,0.54459,0.217081,0,0.0127535,0.987246,0.214312,0.365037,0.279109
"PortMiami, FL",2023239N21274,IDALIA,2023,433.2,3,4,105,2,70,12.5,13.7571,0.196636,0.289206,0.908619,1.14251,0.65496,0.679917,0.0043347,0.0131302,0.991166,0.673911,0.09257,0.026428
"Tampa Port Authority, FL",2023239N21274,IDALIA,2023,215.7,4,4,115,2,70,2,11.6,0.119751,0.407878,0.172414,3.32573,0.512021,0.293594,0,0.00407642,0.995924,0.292397,0.288128,0.337554
"Virginia, VA, Port of",2023239N21274,IDALIA,2023,358.1,0,4,55,1,70,26,29.8286,0.422216,0.388146,0.871648,1.05529,1.18257,1.08778,0,0.0148718,0.985128,1.0716,-0.0340697,0.0498196
"Baltimore, MD",2023265N29284,OPHELIA,2023,61.1,0,0,50,2,70,20,19.9429,0.412982,0.403108,1.00287,1.20669,0.846585,1.02449,0,0.0140373,0.985963,1.01011,-0.00987389,-0.00115504
"New York, NY & NJ",2023265N29284,OPHELIA,2023,316.4,-4,0,25,1,70,42,43.4286,1.31512,1.16415,0.967105,1.20443,0.969849,1.12969,0.00683846,0.0231269,0.983599,1.11116,-0.150974,0.0382943
"Philadelphia Regional Port, PA",2023265N29284,OPHELIA,2023,205.7,0,0,40,2,70,11.5,12.2714,0.271677,0.377874,0.937136,1.04174,0.73645,0.718963,0,0.00437553,0.995624,0.715817,0.106196,0.0237546
"Port of Charleston, SC",2023265N29284,OPHELIA,2023,285.9,0,0,60,3,70,17.6667,15.4714,0.627676,0.595175,1.14189,0.950565,0.971594,1.05461,0.0234228,0.0249325,0.998454,1.05298,-0.032501,-0.0844493
"Port of Palm Beach District, FL",2023265N29284,OPHELIA,2023,486.3,-4,0,30,1,70,7,3.3,0.118752,0.0472543,2.12121,1.35571,0.873877,2.51305,0.031901,0.086498,0.943604,2.37132,-0.0714982,-0.0529821
"Port of Savannah, GA",2023265N29284,OPHELIA,2023,420.4,0,0,60,2,70,20,16.9,0.495809,0.402964,1.18343,1.01272,1.02663,1.23041,0.00853392,0.00783464,1.00071,1.23128,-0.0928458,-0.0739164
"South Jersey Port Corp, NJ",2023265N29284,OPHELIA,2023,185,0,0,45,2,70,15.5,12.8429,0.527758,0.29805,1.2069,1.19258,1.23024,1.7707,0.034588,0.0797152,0.953256,1.68793,-0.229708,-0.0616655
"Virginia, VA, Port of",2023265N29284,OPHELIA,2023,113.6,0,0,60,3,70,23,27.3857,1.15548,1.14402,0.839854,1.10284,1.09047,1.01002,0.00160349,0.0158885,0.985692,0.995569,-0.0114636,0.18321
"San Juan, PR",2023266N16323,PHILIPPE,2023,150.7,0,0,45,3,70,11.3333,11.1429,0.378373,0.310625,1.01709,1.16674,1.02647,1.2181,0,0.00783189,0.992168,1.20856,-0.0677478,-0.00530983
"San Juan, PR",2023292N13309,TAMMY,2023,292.2,1,2,80,2,70,8.5,11.2429,0.190127,0.227682,0.756036,1.01629,1.08682,0.835057,0,0.0114667,0.988533,0.825482,0.0375546,0.0555463
