port,SID,name,season,min_dist_km,sshs_max,sshs_storm_lifetime,wind_max_kt,landfall_in_window,excess_days,total_excess,total_excess_value,t_initial_disruption,t_start_recovery,t_end_disruption,disruption_days,recovery_days,recovery_observed,days_at_zero,total_impact,total_impact_value,max_impact,observed_in_window,baseline_in_window
"Albany Port District, NY",2015126N27281,ANA,2015,329.5,-3,0,28,0,0,0,0,,,,0,0,0,0,0,0,0,,
"Albany Port District, NY",2016242N24279,HERMINE,2016,330,-4,1,55,1,0,0,0,,,,0,0,0,0,0,0,0,,
"Albany Port District, NY",2017247N09327,JOSE,2017,494.9,-3,4,35,0,0,0,0,,,,0,0,0,0,0,0,0,,
"Albany Port District, NY",2017277N11279,NATE,2017,120,-4,1,25,1,0,0,0,,,,0,0,0,0,0,0,0,,
"Albany Port District, NY",2018242N13343,FLORENCE,2018,65.3,-4,4,25,1,3,0.6075,8.559,,,,0,0,0,0,0,0,0,,
"Albany Port District, NY",2018280N18273,MICHAEL,2018,478.3,-4,5,60,0,0,0,0,,,,0,0,0,0,0,0,0,,
"Albany Port District, NY",2020188N28271,FAY,2020,38.8,0,0,50,1,0,0,0,,,,0,0,0,0,0,0,0,,
"Albany Port District, NY",2020211N13306,ISAIAS,2020,31.2,0,1,58,1,0,0,0,,,,0,0,0,0,0,0,0,,
"Albany Port District, NY",2020299N18277,ZETA,2020,392.9,-4,3,45,0,0,0,0,,,,0,0,0,0,0,0,0,,
"Albany Port District, NY",2021182N09317,ELSA,2021,222.5,0,1,50,1,0,0,0,,,,0,0,0,0,0,0,0,,
"Albany Port District, NY",2021222N14301,FRED,2021,24,-3,0,25,1,1,0.4595,6.718,,,,0,0,0,0,0,0,0,,
"Albany Port District, NY",2021227N36297,HENRI,2021,96,1,1,65,1,0,0,0,,,,0,0,0,0,0,0,0,,
"Albany Port District, NY",2021239N17281,IDA,2021,243.7,-4,4,40,1,2,0.9005,13.005,,,,0,0,0,0,0,0,0,,
"Albany Port District, NY",2021299N33284,WANDA,2021,376.5,-4,0,60,0,0,0,0,,,,0,0,0,0,0,0,0,,
"Albany Port District, NY",2023265N29284,OPHELIA,2023,493.6,-4,0,20,1,0,0,0,,,,0,0,0,0,0,0,0,,
"Baltimore, MD",2015126N27281,ANA,2015,194.6,-1,0,30,1,0,0,0,,,,0,0,0,0,0,0,0,,
"Baltimore, MD",2015167N27266,BILL,2015,408.7,-3,0,15,1,1,0.1109,12.728,,,,0,0,0,0,0,0,0,,
"Baltimore, MD",2015193N35285,CLAUDETTE,2015,457.2,-3,0,25,0,0,0,0,,,,0,0,0,0,0,0,0,,
"Baltimore, MD",2016148N27288,BONNIE,2016,461.4,-1,0,30,0,0,0,0,,,,0,0,0,0,0,0,0,,
"Baltimore, MD",2016158N22272,COLIN,2016,474.6,-4,0,50,0,2,0.2068,27.216,,,,0,0,0,0,0,0,0,,
"Baltimore, MD",2016242N24279,HERMINE,2016,353.8,0,1,60,1,0,0,0,,,,0,0,0,0,0,0,0,,
"Baltimore, MD",2016257N27280,JULIA,2016,422.4,-4,0,25,1,0,0,0,,,,0,0,0,0,0,0,0,,
"Baltimore, MD",2017171N24271,CINDY,2017,172.6,-3,0,25,1,0,0,0,,,,0,0,0,0,0,0,0,,
"Baltimore, MD",2017240N31279,UNNAMED,2017,455.2,-4,-3,40,0,0,0,0,,,,0,0,0,0,0,0,0,,
"Baltimore, MD",2017260N12310,MARIA,2017,495.7,1,5,65,0,0,0,0,,,,0,0,0,0,0,0,0,,
"Baltimore, MD",2017277N11279,NATE,2017,369.7,-4,1,25,1,0,0,0,,,,0,0,0,0,0,0,0,,
"Baltimore, MD",2018242N13343,FLORENCE,2018,212,-4,4,25,1,1,0.05,6.896,,,,0,0,0,0,0,0,0,,
"Baltimore, MD",2018280N18273,MICHAEL,2018,272.1,0,5,60,1,0,0,0,,,,0,0,0,0,0,0,0,,
"Baltimore, MD",2019236N10314,DORIAN,2019,437.7,2,5,85,0,0,0,0,,,,0,0,0,0,0,0,0,,
"Baltimore, MD",2019291N22264,NESTOR,2019,238.9,-4,0,40,1,0,0,0,,,,0,0,0,0,0,0,0,,
"Baltimore, MD",2020138N28281,ARTHUR,2020,456.1,0,0,50,0,0,0,0,,,,0,0,0,0,0,0,0,,
"Baltimore, MD",2020148N32281,BERTHA,2020,346.6,-4,0,20,1,0,0,0,,,,0,0,0,0,0,0,0,,
"Baltimore, MD",2020188N28271,FAY,2020,189.4,0,0,50,1,0,0,0,,,,0,0,0,0,0,0,0,,
"Baltimore, MD",2020211N13306,ISAIAS,2020,53.1,0,1,60,1,0,0,0,,,,0,0,0,0,0,0,0,,
"Baltimore, MD",2020228N37286,KYLE,2020,375.8,0,0,38,0,0,0,0,,,,0,0,0,0,0,0,0,,
"Baltimore, MD",2020299N18277,ZETA,2020,158.8,-4,3,45,1,0,0,0,,,,0,0,0,0,0,0,0,,
"Baltimore, MD",2021169N23268,CLAUDETTE,2021,351.7,0,0,40,1,0,0,0,,,,0,0,0,0,0,0,0,,
"Baltimore, MD",2021182N09317,ELSA,2021,146.5,0,1,50,1,0,0,0,,,,0,0,0,0,0,0,0,,
"Baltimore, MD",2021222N14301,FRED,2021,241.7,-3,0,25,1,0,0,0,2021-08-19,2021-08-19,2021-08-20,1,1,0,0,0.3408,21.586,0.3408,41.761,63.347
"Baltimore, MD",2021227N36297,HENRI,2021,307.6,1,1,65,1,0,0,0,,,,0,0,0,0,0,0,0,,
"Baltimore, MD",2021239N17281,IDA,2021,34,-4,4,40,1,0,0,0,,,,0,0,0,0,0,0,0,,
"Baltimore, MD",2023265N29284,OPHELIA,2023,61.1,0,0,50,1,0,0,0,,,,0,0,0,0,0,0,0,,
"Beaumont, TX",2015167N27266,BILL,2015,278.8,0,0,50,1,0,0,0,,,,0,0,0,0,0,0,0,,
"Beaumont, TX",2017171N24271,CINDY,2017,42.3,0,0,50,1,0,0,0,,,,0,0,0,0,0,0,0,,
"Beaumont, TX",2017228N14314,HARVEY,2017,63.9,4,4,115,1,0,0,0,,,,0,0,0,0,0,0,0,,
"Beaumont, TX",2017277N11279,NATE,2017,475.9,1,1,75,1,0,0,0,,,,0,0,0,0,0,0,0,,
"Beaumont, TX",2018246N22283,GORDON,2018,446.6,0,0,38,1,0,0,0,,,,0,0,0,0,0,0,0,,
"Beaumont, TX",2019192N29274,BARRY,2019,130.5,1,1,65,1,0,0,0,,,,0,0,0,0,0,0,0,,
"Beaumont, TX",2019261N28264,IMELDA,2019,102.5,0,0,40,1,0,0,0,,,,0,0,0,0,0,0,0,,
"Beaumont, TX",2019299N25265,OLGA,2019,317,0,0,45,1,0,0,0,,,,0,0,0,0,0,0,0,,
"Beaumont, TX",2020154N19269,CRISTOBAL,2020,311.1,0,0,45,1,0,0,0,,,,0,0,0,0,0,0,0,,
"Beaumont, TX",2020205N26272,HANNA,2020,317.6,1,1,80,1,0,0,0,,,,0,0,0,0,0,0,0,,
"Beaumont, TX",2020233N14313,LAURA,2020,85.6,4,4,130,1,0,0,0,,,,0,0,0,0,0,0,0,,
"Beaumont, TX",2020234N14280,MARCO,2020,207.1,0,1,35,0,0,0,0,,,,0,0,0,0,0,0,0,,
"Beaumont, TX",2020261N21265,BETA,2020,17.1,0,0,55,1,0,0,0,,,,0,0,0,0,0,0,0,,
"Beaumont, TX",2020279N16284,DELTA,2020,104,3,4,105,1,0,0,0,,,,0,0,0,0,0,0,0,,
"Beaumont, TX",2020299N18277,ZETA,2020,354.9,3,3,100,1,0,0,0,,,,0,0,0,0,0,0,0,,
"Beaumont, TX",2021169N23268,CLAUDETTE,2021,317.9,0,0,40,1,0,0,0,,,,0,0,0,0,0,0,0,,
"Beaumont, TX",2021239N17281,IDA,2021,326,4,4,130,1,0,0,0,,,,0,0,0,0,0,0,0,,
"Beaumont, TX",2021256N21265,NICHOLAS,2021,6.1,1,1,65,1,0,0,0,,,,0,0,0,0,0,0,0,,
"Beaumont, TX",2023234N25271,HAROLD,2023,424.3,0,0,50,0,0,0,0,,,,0,0,0,0,0,0,0,,
"Boston, MA",2015126N27281,ANA,2015,172,-3,0,28,0,0,0,0,,,,0,0,0,0,0,0,0,,
"Boston, MA",2016158N22272,COLIN,2016,463.5,-4,0,50,0,0,0,0,,,,0,0,0,0,0,0,0,,
"Boston, MA",2016242N24279,HERMINE,2016,106.8,-4,1,55,1,0,0,0,,,,0,0,0,0,0,0,0,,
"Boston, MA",2017247N09327,JOSE,2017,324.7,0,4,60,0,1,0.1522,11.028,,,,0,0,0,0,0,0,0,,
"Boston, MA",2017277N11279,NATE,2017,223.6,-4,1,25,1,0,0,0,,,,0,0,0,0,0,0,0,,
"Boston, MA",2018242N13343,FLORENCE,2018,192.1,-4,4,25,1,0,0,0,,,,0,0,0,0,0,0,0,,
"Boston, MA",2018280N18273,MICHAEL,2018,328.5,-4,5,60,0,0,0,0,,,,0,0,0,0,0,0,0,,
"Boston, MA",2019236N10314,DORIAN,2019,379.2,2,5,85,0,0,0,0,,,,0,0,0,0,0,0,0,,
"Boston, MA",2019239N32287,ERIN,2019,474.8,-4,0,35,0,0,0,0,,,,0,0,0,0,0,0,0,,
"Boston, MA",2019282N35286,MELISSA,2019,426.7,-2,0,55,0,0,0,0,,,,0,0,0,0,0,0,0,,
"Boston, MA",2020188N28271,FAY,2020,257.1,0,0,50,1,0,0,0,,,,0,0,0,0,0,0,0,,
"Boston, MA",2020211N13306,ISAIAS,2020,253.2,0,1,55,1,0,0,0,,,,0,0,0,0,0,0,0,,
"Boston, MA",2020228N37286,KYLE,2020,465.2,0,0,45,0,0,0,0,,,,0,0,0,0,0,0,0,,
"Boston, MA",2020299N18277,ZETA,2020,320.9,-4,3,45,0,0,0,0,,,,0,0,0,0,0,0,0,,
"Boston, MA",2021169N23268,CLAUDETTE,2021,395.6,0,0,40,0,0,0,0,,,,0,0,0,0,0,0,0,,
"Boston, MA",2021182N09317,ELSA,2021,37.1,0,1,50,1,0,0,0,,,,0,0,0,0,0,0,0,,
"Boston, MA",2021222N14301,FRED,2021,29.7,-4,0,25,1,0,0,0,,,,0,0,0,0,0,0,0,,
"Boston, MA",2021227N36297,HENRI,2021,46.7,1,1,65,1,0,0,0,,,,0,0,0,0,0,0,0,,
"Boston, MA",2021239N17281,IDA,2021,147.8,-4,4,40,1,0,0,0,,,,0,0,0,0,0,0,0,,
"Boston, MA",2021299N33284,WANDA,2021,166.5,-4,0,60,0,0,0,0,,,,0,0,0,0,0,0,0,,
"Boston, MA",2023249N12320,LEE,2023,385,-4,5,70,0,0,0,0,,,,0,0,0,0,0,0,0,,
"Bridgeport, CT",2015126N27281,ANA,2015,166.2,-1,0,30,1,0,0,0,,,,0,0,0,0,0,0,0,,
"Bridgeport, CT",2016158N22272,COLIN,2016,447.8,-4,0,50,0,0,0,0,,,,0,0,0,0,0,0,0,,
"Bridgeport, CT",2016242N24279,HERMINE,2016,202.4,-4,1,55,1,0,0,0,,,,0,0,0,0,0,0,0,,
"Bridgeport, CT",2017247N09327,JOSE,2017,357.8,0,4,60,0,0,0,0,2017-09-24,2017-09-24,2017-09-25,1,1,0,0,0.5889,2.63,0.5889,1.836,4.466
"Bridgeport, CT",2017277N11279,NATE,2017,291.3,-4,1,25,1,0,0,0,,,,0,0,0,0,0,0,0,,
"Bridgeport, CT",2018242N13343,FLORENCE,2018,112.9,-4,4,25,1,0,0,0,,,,0,0,0,0,0,0,0,,
"Bridgeport, CT",2018280N18273,MICHAEL,2018,320.2,-4,5,60,0,0,0,0,,,,0,0,0,0,0,0,0,,
"Bridgeport, CT",2019236N10314,DORIAN,2019,438.9,2,5,85,0,0,0,0,,,,0,0,0,0,0,0,0,,
"Bridgeport, CT",2019239N32287,ERIN,2019,485.1,-4,0,35,0,0,0,0,,,,0,0,0,0,0,0,0,,
"Bridgeport, CT",2019282N35286,MELISSA,2019,433.1,-2,0,55,0,0,0,0,,,,0,0,0,0,0,0,0,,
"Bridgeport, CT",2019291N22264,NESTOR,2019,425.1,-4,0,40,0,0,0,0,,,,0,0,0,0,0,0,0,,
"Bridgeport, CT",2020188N28271,FAY,2020,90.8,0,0,50,1,0,0,0,,,,0,0,0,0,0,0,0,,
"Bridgeport, CT",2020211N13306,ISAIAS,2020,162.9,0,1,60,1,0,0,0,,,,0,0,0,0,0,0,0,,
"Bridgeport, CT",2020228N37286,KYLE,2020,401.2,0,0,45,0,2,0.1494,1.603,,,,0,0,0,0,0,0,0,,
"Bridgeport, CT",2020299N18277,ZETA,2020,226.4,-4,3,45,0,0,0,0,,,,0,0,0,0,0,0,0,,
"Bridgeport, CT",2021169N23268,CLAUDETTE,2021,376.1,0,0,40,0,1,0.1785,1.889,,,,0,0,0,0,0,0,0,,
"Bridgeport, CT",2021182N09317,ELSA,2021,81.6,0,1,50,1,0,0,0,,,,0,0,0,0,0,0,0,,
"Bridgeport, CT",2021222N14301,FRED,2021,170.1,-3,0,25,1,0,0,0,2021-08-19,2021-08-19,2021-08-20,1,1,0,0,0.035,0.141,0.035,3.9,4.041
"Bridgeport, CT",2021227N36297,HENRI,2021,25.2,1,1,65,1,0,0,0,,,,0,0,0,0,0,0,0,,
"Bridgeport, CT",2021239N17281,IDA,2021,73.3,-4,4,40,1,1,0.0094,0.106,,,,0,0,0,0,0,0,0,,
"Bridgeport, CT",2021259N30286,ODETTE,2021,479.4,0,0,40,0,0,0,0,,,,0,0,0,0,0,0,0,,
"Bridgeport, CT",2021299N33284,WANDA,2021,271.6,-4,0,60,0,0,0,0,,,,0,0,0,0,0,0,0,,
"Bridgeport, CT",2023265N29284,OPHELIA,2023,405.1,-4,0,20,1,2,0.0396,0.587,,,,0,0,0,0,0,0,0,,
"Brownsville, TX",2015167N27266,BILL,2015,252.2,0,0,50,1,0,0,0,,,,0,0,0,0,0,0,0,,
"Brownsville, TX",2017171N24271,CINDY,2017,477.1,0,0,48,0,0,0,0,,,,0,0,0,0,0,0,0,,
"Brownsville, TX",2017228N14314,HARVEY,2017,151.2,4,4,115,1,0,0,0,,,,0,0,0,0,0,0,0,,
"Brownsville, TX",2017249N22263,KATIA,2017,405.1,0,2,55,0,0,0,0,,,,0,0,0,0,0,0,0,,
"Brownsville, TX",2019246N24266,FERNAND,2019,189.2,0,0,45,1,0,0,0,,,,0,0,0,0,0,0,0,,
"Brownsville, TX",2019261N28264,IMELDA,2019,304.8,0,0,40,1,0,0,0,,,,0,0,0,0,0,0,0,,
"Brownsville, TX",2019291N22264,NESTOR,2019,430.7,-3,0,45,0,0,0,0,,,,0,0,0,0,0,0,0,,
"Brownsville, TX",2019299N25265,OLGA,2019,301.3,0,0,43,0,0,0,0,,,,0,0,0,0,0,0,0,,
"Brownsville, TX",2020205N26272,HANNA,2020,75.7,1,1,80,1,0,0,0,2020-07-26,2020-07-26,2020-07-27,1,1,0,0,0.185,0.357,0.185,1.574,1.931
"Brownsville, TX",2020261N21265,BETA,2020,263,0,0,55,1,0,0,0,,,,0,0,0,0,0,0,0,,
"Brownsville, TX",2020279N16284,DELTA,2020,372.2,3,4,105,0,0,0,0,,,,0,0,0,0,0,0,0,,
"Brownsville, TX",2021256N21265,NICHOLAS,2021,72.9,1,1,65,1,0,0,0,,,,0,0,0,0,0,0,0,,
"Brownsville, TX",2022232N20266,UNNAMED,2022,137.3,-3,-3,30,0,0,0,0,,,,0,0,0,0,0,0,0,,
"Brownsville, TX",2023234N25271,HAROLD,2023,119.7,0,0,50,1,0,0,0,,,,0,0,0,0,0,0,0,,
"Calhoun Port Authority, TX",2015167N27266,BILL,2015,26.5,0,0,50,1,0,0,0,2015-06-16,2015-06-19,2015-06-20,4,1,0,0,1.9018,3.964,0.5576,4.291,8.255
"Calhoun Port Authority, TX",2017171N24271,CINDY,2017,297.9,0,0,50,1,0,0,0,,,,0,0,0,0,0,0,0,,
"Calhoun Port Authority, TX",2017228N14314,HARVEY,2017,5,4,4,115,1,0,0,0,2017-08-23,2017-09-02,2017-09-03,11,1,0,10,10.2988,13.685,1,0.516,14.201
"Calhoun Port Authority, TX",2019192N29274,BARRY,2019,414.7,1,1,65,1,1,0.0973,2.506,,,,0,0,0,0,0,0,0,,
"Calhoun Port Authority, TX",2019246N24266,FERNAND,2019,478.6,0,0,40,1,0,0,0,,,,0,0,0,0,0,0,0,,
"Calhoun Port Authority, TX",2019261N28264,IMELDA,2019,89.4,0,0,40,1,0,0,0,,,,0,0,0,0,0,0,0,,
"Calhoun Port Authority, TX",2019299N25265,OLGA,2019,418.2,0,0,45,0,0,0,0,,,,0,0,0,0,0,0,0,,
"Calhoun Port Authority, TX",2020205N26272,HANNA,2020,174.8,1,1,80,1,0,0,0,,,,0,0,0,0,0,0,0,,
"Calhoun Port Authority, TX",2020233N14313,LAURA,2020,331.1,4,4,130,1,0,0,0,,,,0,0,0,0,0,0,0,,
"Calhoun Port Authority, TX",2020234N14280,MARCO,2020,417.8,-3,1,20,0,0,0,0,,,,0,0,0,0,0,0,0,,
"Calhoun Port Authority, TX",2020261N21265,BETA,2020,4.8,0,0,55,1,0,0,0,,,,0,0,0,0,0,0,0,,
"Calhoun Port Authority, TX",2020279N16284,DELTA,2020,274.8,3,4,105,1,0,0,0,,,,0,0,0,0,0,0,0,,
"Calhoun Port Authority, TX",2021256N21265,NICHOLAS,2021,71.6,1,1,65,1,0,0,0,,,,0,0,0,0,0,0,0,,
"Calhoun Port Authority, TX",2022232N20266,UNNAMED,2022,434.7,-3,-3,30,0,0,0,0,,,,0,0,0,0,0,0,0,,
"Calhoun Port Authority, TX",2023234N25271,HAROLD,2023,186,0,0,50,1,0,0,0,,,,0,0,0,0,0,0,0,,
"Canaveral Port District, FL",2015126N27281,ANA,2015,212.7,-2,0,50,0,0,0,0,,,,0,0,0,0,0,0,0,,
"Canaveral Port District, FL",2015313N22289,KATE,2015,447.2,0,1,58,0,0,0,0,,,,0,0,0,0,0,0,0,,
"Canaveral Port District, FL",2016148N27288,BONNIE,2016,287.8,0,0,40,1,0,0,0,,,,0,0,0,0,0,0,0,,
"Canaveral Port District, FL",2016158N22272,COLIN,2016,275.5,0,0,45,1,0,0,0,,,,0,0,0,0,0,0,0,,
"Canaveral Port District, FL",2016242N24279,HERMINE,2016,370.7,1,1,70,1,0,0,0,,,,0,0,0,0,0,0,0,,
"Canaveral Port District, FL",2016257N27280,JULIA,2016,26.8,0,0,45,1,0,0,0,,,,0,0,0,0,0,0,0,,
"Canaveral Port District, FL",2016273N13300,MATTHEW,2016,58.7,4,5,120,0,0,0,0,2016-10-07,2016-10-07,2016-10-08,1,1,0,0,0.8121,7.329,0.8121,1.695,9.024
"Canaveral Port District, FL",2017212N28275,EMILY,2017,80,0,0,50,1,0,0,0,,,,0,0,0,0,0,0,0,,
"Canaveral Port District, FL",2017240N31279,UNNAMED,2017,241.5,-3,-3,35,0,0,0,0,,,,0,0,0,0,0,0,0,,
"Canaveral Port District, FL",2017242N16333,IRMA,2017,148.7,4,5,115,1,0,0,0,2017-09-08,2017-09-11,2017-09-12,4,1,0,3,3.92,27.111,1,0.332,27.443
"Canaveral Port District, FL",2018146N19273,ALBERTO,2018,408.3,0,0,55,0,0,0,0,,,,0,0,0,0,0,0,0,,
"Canaveral Port District, FL",2018246N22283,GORDON,2018,318.2,0,0,55,1,0,0,0,,,,0,0,0,0,0,0,0,,
"Canaveral Port District, FL",2018280N18273,MICHAEL,2018,487.5,5,5,140,1,0,0,0,,,,0,0,0,0,0,0,0,,
"Canaveral Port District, FL",2019204N25283,UNNAMED,2019,71.5,-1,-1,30,0,0,0,0,,,,0,0,0,0,0,0,0,,
"Canaveral Port District, FL",2019236N10314,DORIAN,2019,149.3,5,5,160,0,0,0,0,2019-09-01,2019-09-02,2019-09-03,2,1,0,2,2,13.102,1,0,13.102
"Canaveral Port District, FL",2019256N23286,HUMBERTO,2019,263.7,1,3,75,0,0,0,0,,,,0,0,0,0,0,0,0,,
"Canaveral Port District, FL",2019291N22264,NESTOR,2019,447.6,-4,0,40,1,0,0,0,,,,0,0,0,0,0,0,0,,
"Canaveral Port District, FL",2020138N28281,ARTHUR,2020,207.1,0,0,40,0,0,0,0,,,,0,0,0,0,0,0,0,,
"Canaveral Port District, FL",2020148N32281,BERTHA,2020,378.9,0,0,45,1,0,0,0,,,,0,0,0,0,0,0,0,,
"Canaveral Port District, FL",2020188N28271,FAY,2020,478.4,-3,0,30,1,0,0,0,,,,0,0,0,0,0,0,0,,
"Canaveral Port District, FL",2020211N13306,ISAIAS,2020,90.9,1,1,80,1,0,0,0,2020-08-02,2020-08-03,2020-08-04,2,1,0,2,2,21.855,1,0,21.855
"Canaveral Port District, FL",2020244N30279,OMAR,2020,185.9,-1,0,30,0,0,0,0,,,,0,0,0,0,0,0,0,,
"Canaveral Port District, FL",2020256N25281,SALLY,2020,328.5,0,2,50,1,0,0,0,,,,0,0,0,0,0,0,0,,
"Canaveral Port District, FL",2020306N15288,ETA,2020,215.9,1,4,65,1,0,0,0,,,,0,0,0,0,0,0,0,,
"Canaveral Port District, FL",2021165N32282,BILL,2021,451.9,-3,0,20,0,0,0,0,,,,0,0,0,0,0,0,0,,
"Canaveral Port District, FL",2021179N30287,DANNY,2021,403.2,0,0,40,1,0,0,0,,,,0,0,0,0,0,0,0,,
"Canaveral Port District, FL",2021182N09317,ELSA,2021,281.2,1,1,65,1,0,0,0,,,,0,0,0,0,0,0,0,,
"Canaveral Port District, FL",2021222N14301,FRED,2021,467,0,0,55,1,0,0,0,,,,0,0,0,0,0,0,0,,
"Canaveral Port District, FL",2021252N28273,MINDY,2021,314.6,0,0,50,1,0,0,0,,,,0,0,0,0,0,0,0,,
"Canaveral Port District, FL",2022154N21273,ALEX,2022,151.2,0,0,48,1,0,0,0,,,,0,0,0,0,0,0,0,,
"Canaveral Port District, FL",2022183N32280,COLIN,2022,364.4,0,0,35,1,0,0,0,,,,0,0,0,0,0,0,0,,
"Canaveral Port District, FL",2022266N12294,IAN,2022,18.9,5,5,140,1,0,0,0,2022-09-29,2022-09-29,2022-10-01,2,2,1,1,1.8877,22.291,1,1.834,24.124
"Canaveral Port District, FL",2022311N21293,NICOLE,2022,92.2,1,1,65,1,0,0,0,2022-11-09,2022-11-10,2022-11-12,3,2,1,0,0.9181,12.805,0.6004,28.935,41.74
"Canaveral Port District, FL",2023239N21274,IDALIA,2023,314.8,4,4,115,1,0,0,0,,,,0,0,0,0,0,0,0,,
"Canaveral Port District, FL",2023265N29284,OPHELIA,2023,461.9,-4,0,30,0,0,0,0,,,,0,0,0,0,0,0,0,,
"Cleveland-Cuyahoga Port, OH",2015167N27266,BILL,2015,306.1,-3,0,15,1,0,0,0,,,,0,0,0,0,0,0,0,,
"Cleveland-Cuyahoga Port, OH",2017171N24271,CINDY,2017,370.9,-3,0,25,1,0,0,0,,,,0,0,0,0,0,0,0,,
"Cleveland-Cuyahoga Port, OH",2017228N14314,HARVEY,2017,459.7,-4,4,20,1,0,0,0,,,,0,0,0,0,0,0,0,,
"Cleveland-Cuyahoga Port, OH",2017277N11279,NATE,2017,101,-4,1,25,1,0,0,0,,,,0,0,0,0,0,0,0,,
"Cleveland-Cuyahoga Port, OH",2018146N19273,ALBERTO,2018,309.2,-1,0,30,1,0,0,0,,,,0,0,0,0,0,0,0,,
"Cleveland-Cuyahoga Port, OH",2018242N13343,FLORENCE,2018,258.2,-4,4,25,1,0,0,0,,,,0,0,0,0,0,0,0,,
"Cleveland-Cuyahoga Port, OH",2019299N25265,OLGA,2019,400.9,-4,0,30,1,0,0,0,,,,0,0,0,0,0,0,0,,
"Cleveland-Cuyahoga Port, OH",2020148N32281,BERTHA,2020,214.1,-4,0,20,1,0,0,0,,,,0,0,0,0,0,0,0,,
"Cleveland-Cuyahoga Port, OH",2020233N14313,LAURA,2020,455.3,-3,4,20,1,0,0,0,,,,0,0,0,0,0,0,0,,
"Cleveland-Cuyahoga Port, OH",2021222N14301,FRED,2021,216.9,-3,0,20,1,0,0,0,,,,0,0,0,0,0,0,0,,
"Cleveland-Cuyahoga Port, OH",2021239N17281,IDA,2021,384.7,-1,4,33,1,0,0,0,,,,0,0,0,0,0,0,0,,
"Corpus Christi, TX",2015167N27266,BILL,2015,89.7,0,0,50,1,0,0,0,,,,0,0,0,0,0,0,0,,
"Corpus Christi, TX",2017171N24271,CINDY,2017,404.9,0,0,48,1,0,0,0,,,,0,0,0,0,0,0,0,,
"Corpus Christi, TX",2017228N14314,HARVEY,2017,57.3,4,4,115,1,0,0,0,2017-08-25,2017-08-30,2017-09-01,7,2,1,0,5.2091,501.753,0.8026,173.042,674.795
"Corpus Christi, TX",2019246N24266,FERNAND,2019,365.4,0,0,45,1,1,0.001,0.395,,,,0,0,0,0,0,0,0,,
"Corpus Christi, TX",2019261N28264,IMELDA,2019,185.5,0,0,40,1,0,0,0,,,,0,0,0,0,0,0,0,,
"Corpus Christi, TX",2019299N25265,OLGA,2019,434.2,0,0,43,0,0,0,0,,,,0,0,0,0,0,0,0,,
"Corpus Christi, TX",2020205N26272,HANNA,2020,117.5,1,1,80,1,0,0,0,,,,0,0,0,0,0,0,0,,
"Corpus Christi, TX",2020233N14313,LAURA,2020,444.6,4,4,130,1,0,0,0,,,,0,0,0,0,0,0,0,,
"Corpus Christi, TX",2020261N21265,BETA,2020,118.7,0,0,55,1,1,0.2417,96.247,2020-09-20,2020-09-21,2020-09-22,2,1,0,0,0.9055,66.46,0.4531,80.33,146.79
"Corpus Christi, TX",2020279N16284,DELTA,2020,366.2,3,4,105,1,0,0,0,,,,0,0,0,0,0,0,0,,
"Corpus Christi, TX",2021256N21265,NICHOLAS,2021,116.3,1,1,65,1,0,0,0,2021-09-13,2021-09-13,2021-09-15,2,2,1,0,0.1047,27.058,0.0649,490.393,517.451
"Corpus Christi, TX",2022232N20266,UNNAMED,2022,338,-3,-3,30,0,0,0,0,,,,0,0,0,0,0,0,0,,
"Corpus Christi, TX",2023234N25271,HAROLD,2023,83,0,0,50,1,0,0,0,,,,0,0,0,0,0,0,0,,
"Detroit-Wayne County Port, MI",2015167N27266,BILL,2015,403.8,-3,0,15,1,0,0,0,,,,0,0,0,0,0,0,0,,
"Detroit-Wayne County Port, MI",2017171N24271,CINDY,2017,462.4,-3,0,25,1,0,0,0,,,,0,0,0,0,0,0,0,,
"Detroit-Wayne County Port, MI",2017228N14314,HARVEY,2017,470.3,-4,4,18,1,0,0,0,,,,0,0,0,0,0,0,0,,
"Detroit-Wayne County Port, MI",2017277N11279,NATE,2017,230.9,-4,1,25,1,0,0,0,,,,0,0,0,0,0,0,0,,
"Detroit-Wayne County Port, MI",2018146N19273,ALBERTO,2018,168.1,-1,0,30,1,0,0,0,,,,0,0,0,0,0,0,0,,
"Detroit-Wayne County Port, MI",2018242N13343,FLORENCE,2018,384,-4,4,25,1,0,0,0,,,,0,0,0,0,0,0,0,,
"Detroit-Wayne County Port, MI",2019299N25265,OLGA,2019,272.3,-4,0,30,1,0,0,0,,,,0,0,0,0,0,0,0,,
"Detroit-Wayne County Port, MI",2020148N32281,BERTHA,2020,346.5,-4,0,20,1,0,0,0,,,,0,0,0,0,0,0,0,,
"Detroit-Wayne County Port, MI",2020233N14313,LAURA,2020,461.9,-3,4,20,1,0,0,0,,,,0,0,0,0,0,0,0,,
"Detroit-Wayne County Port, MI",2021222N14301,FRED,2021,357.5,-3,0,20,1,0,0,0,,,,0,0,0,0,0,0,0,,
"Duluth-Superior, MN and WI",2020154N19269,CRISTOBAL,2020,288.8,-4,0,35,1,0,0,0,,,,0,0,0,0,0,0,0,,
"Galveston, TX",2015167N27266,BILL,2015,176.2,0,0,50,1,0,0,0,,,,0,0,0,0,0,0,0,,
"Galveston, TX",2017171N24271,CINDY,2017,123.1,0,0,50,1,0,0,0,,,,0,0,0,0,0,0,0,,
"Galveston, TX",2017228N14314,HARVEY,2017,103,4,4,115,1,0,0,0,2017-08-25,2017-08-29,2017-09-01,7,3,1,2,4.2612,357.964,1,229.895,587.859
"Galveston, TX",2019192N29274,BARRY,2019,236.4,1,1,65,1,0,0,0,,,,0,0,0,0,0,0,0,,
"Galveston, TX",2019261N28264,IMELDA,2019,59.3,0,0,40,1,0,0,0,,,,0,0,0,0,0,0,0,,
"Galveston, TX",2019299N25265,OLGA,2019,330.5,0,0,45,1,0,0,0,,,,0,0,0,0,0,0,0,,
"Galveston, TX",2020154N19269,CRISTOBAL,2020,415.9,0,0,45,1,0,0,0,,,,0,0,0,0,0,0,0,,
"Galveston, TX",2020205N26272,HANNA,2020,238.4,1,1,80,1,0,0,0,,,,0,0,0,0,0,0,0,,
"Galveston, TX",2020233N14313,LAURA,2020,161.7,4,4,130,1,0,0,0,2020-08-26,2020-08-26,2020-08-28,2,2,1,0,1.4008,106.761,0.7397,46.152,152.913
"Galveston, TX",2020234N14280,MARCO,2020,248.8,-1,1,30,0,0,0,0,,,,0,0,0,0,0,0,0,,
"Galveston, TX",2020261N21265,BETA,2020,52.6,0,0,55,1,0,0,0,2020-09-21,2020-09-22,2020-09-23,2,1,0,0,1.0198,78.01,0.5229,74.697,152.707
"Galveston, TX",2020279N16284,DELTA,2020,136.4,3,4,105,1,0,0,0,,,,0,0,0,0,0,0,0,,
"Galveston, TX",2020299N18277,ZETA,2020,391.9,3,3,100,1,2,0.1665,35.171,,,,0,0,0,0,0,0,0,,
"Galveston, TX",2021169N23268,CLAUDETTE,2021,367.1,0,0,40,1,1,0.0857,22.701,,,,0,0,0,0,0,0,0,,
"Galveston, TX",2021239N17281,IDA,2021,413.5,4,4,130,1,0,0,0,,,,0,0,0,0,0,0,0,,
"Galveston, TX",2021256N21265,NICHOLAS,2021,39.8,1,1,65,1,2,0.0916,25.548,,,,0,0,0,0,0,0,0,,
"Galveston, TX",2023234N25271,HAROLD,2023,311.1,0,0,50,1,0,0,0,,,,0,0,0,0,0,0,0,,
"Greater Lafourche Port, LA",2015167N27266,BILL,2015,474.9,0,0,45,0,2,0.1294,48.887,,,,0,0,0,0,0,0,0,,
"Greater Lafourche Port, LA",2016158N22272,COLIN,2016,405.3,0,0,45,0,0,0,0,,,,0,0,0,0,0,0,0,,
"Greater Lafourche Port, LA",2016242N24279,HERMINE,2016,475.7,1,1,65,0,0,0,0,,,,0,0,0,0,0,0,0,,
"Greater Lafourche Port, LA",2017171N24271,CINDY,2017,296.6,0,0,50,1,3,0.2329,73.045,,,,0,0,0,0,0,0,0,,
"Greater Lafourche Port, LA",2017212N28275,EMILY,2017,482.5,-1,0,30,0,0,0,0,,,,0,0,0,0,0,0,0,,
"Greater Lafourche Port, LA",2017228N14314,HARVEY,2017,309.6,0,4,45,1,1,0.0349,11.633,,,,0,0,0,0,0,0,0,,
"Greater Lafourche Port, LA",2017277N11279,NATE,2017,104.1,1,1,80,1,0,0,0,,,,0,0,0,0,0,0,0,,
"Greater Lafourche Port, LA",2018146N19273,ALBERTO,2018,416.2,0,0,55,1,2,0.1233,34.965,,,,0,0,0,0,0,0,0,,
"Greater Lafourche Port, LA",2018246N22283,GORDON,2018,205.7,0,0,60,1,3,0.1222,39.005,,,,0,0,0,0,0,0,0,,
"Greater Lafourche Port, LA",2018280N18273,MICHAEL,2018,378.5,5,5,140,1,3,0.355,113.097,,,,0,0,0,0,0,0,0,,
"Greater Lafourche Port, LA",2019192N29274,BARRY,2019,112.5,1,1,65,1,7,0.9558,278.003,,,,0,0,0,0,0,0,0,,
"Greater Lafourche Port, LA",2019261N28264,IMELDA,2019,477.3,-1,0,30,1,0,0,0,,,,0,0,0,0,0,0,0,,
"Greater Lafourche Port, LA",2019291N22264,NESTOR,2019,292.7,0,0,50,1,2,0.1734,52.113,,,,0,0,0,0,0,0,0,,
"Greater Lafourche Port, LA",2019299N25265,OLGA,2019,82.2,0,0,45,1,0,0,0,,,,0,0,0,0,0,0,0,,
"Greater Lafourche Port, LA",2020154N19269,CRISTOBAL,2020,42.8,0,0,45,1,3,0.1487,39.586,,,,0,0,0,0,0,0,0,,
"Greater Lafourche Port, LA",2020188N28271,FAY,2020,229.4,-3,0,30,1,0,0,0,,,,0,0,0,0,0,0,0,,
"Greater Lafourche Port, LA",2020205N26272,HANNA,2020,343.3,0,1,55,0,0,0,0,,,,0,0,0,0,0,0,0,,
"Greater Lafourche Port, LA",2020233N14313,LAURA,2020,284.1,4,4,130,1,0,0,0,,,,0,0,0,0,0,0,0,,
"Greater Lafourche Port, LA",2020234N14280,MARCO,2020,67.5,0,1,60,0,1,0.0345,9.061,,,,0,0,0,0,0,0,0,,
"Greater Lafourche Port, LA",2020256N25281,SALLY,2020,207.5,2,2,95,1,0,0,0,,,,0,0,0,0,0,0,0,,
"Greater Lafourche Port, LA",2020261N21265,BETA,2020,262,0,0,55,1,1,0.0133,3.263,,,,0,0,0,0,0,0,0,,
"Greater Lafourche Port, LA",2020279N16284,DELTA,2020,270.8,3,4,105,1,0,0,0,,,,0,0,0,0,0,0,0,,
"Greater Lafourche Port, LA",2020299N18277,ZETA,2020,37.8,3,3,100,1,0,0,0,,,,0,0,0,0,0,0,0,,
"Greater Lafourche Port, LA",2021169N23268,CLAUDETTE,2021,57.5,0,0,40,1,4,0.3133,72.709,,,,0,0,0,0,0,0,0,,
"Greater Lafourche Port, LA",2021222N14301,FRED,2021,446.9,0,0,55,1,0,0,0,,,,0,0,0,0,0,0,0,,
"Greater Lafourche Port, LA",2021239N17281,IDA,2021,21.2,4,4,130,1,0,0,0,2021-08-28,2021-09-09,2021-09-11,14,2,1,0,7.7744,1250.34,0.9995,962.632,2212.97
"Greater Lafourche Port, LA",2021252N28273,MINDY,2021,350.5,0,0,50,1,0,0,0,2021-08-29,2021-09-09,2021-09-12,14,3,1,0,7.7329,1263.69,0.9995,975.615,2239.3
"Greater Lafourche Port, LA",2021256N21265,NICHOLAS,2021,131.9,0,1,43,1,0,0,0,,,,0,0,0,0,0,0,0,,
"Greater Lafourche Port, LA",2023152N26274,ARLENE,2023,393.7,0,0,35,0,0,0,0,,,,0,0,0,0,0,0,0,,
"Greater Lafourche Port, LA",2023234N25271,HAROLD,2023,478.5,-1,0,30,0,0,0,0,,,,0,0,0,0,0,0,0,,
"Guaynabo, PR",2015237N14315,ERIKA,2015,107.4,0,0,45,0,0,0,0,,,,0,0,0,0,0,0,0,,
"Guaynabo, PR",2016273N13300,MATTHEW,2016,460.9,1,5,68,0,0,0,0,,,,0,0,0,0,0,0,0,,
"Guaynabo, PR",2017224N22293,GERT,2017,456.7,-3,2,25,0,0,0,0,,,,0,0,0,0,0,0,0,,
"Guaynabo, PR",2017242N16333,IRMA,2017,95.6,5,5,155,0,0,0,0,,,,0,0,0,0,0,0,0,,
"Guaynabo, PR",2017247N09327,JOSE,2017,306.3,4,4,120,0,0,0,0,,,,0,0,0,0,0,0,0,,
"Guaynabo, PR",2017260N12310,MARIA,2017,18.4,5,5,150,1,0,0,0,,,,0,0,0,0,0,0,0,,
"Guaynabo, PR",2018186N10325,BERYL,2018,171.9,-3,1,35,0,0,0,0,,,,0,0,0,0,0,0,0,,
"Guaynabo, PR",2018251N13325,ISAAC,2018,348.6,0,1,35,0,0,0,0,,,,0,0,0,0,0,0,0,,
"Guaynabo, PR",2018265N08338,KIRK,2018,483.7,0,0,35,0,0,0,0,,,,0,0,0,0,0,0,0,,
"Guaynabo, PR",2019236N10314,DORIAN,2019,89.5,1,5,78,0,0,0,0,,,,0,0,0,0,0,0,0,,
"Guaynabo, PR",2019260N13317,JERRY,2019,402.6,0,2,63,0,0,0,0,,,,0,0,0,0,0,0,0,,
"Guaynabo, PR",2019265N12301,KAREN,2019,75.3,0,0,40,0,0,0,0,,,,0,0,0,0,0,0,0,,
"Guaynabo, PR",2020211N13306,ISAIAS,2020,216,0,1,63,1,0,0,0,,,,0,0,0,0,0,0,0,,
"Guaynabo, PR",2020224N11326,JOSEPHINE,2020,267,0,0,35,0,0,0,0,,,,0,0,0,0,0,0,0,,
"Guaynabo, PR",2020233N14313,LAURA,2020,75.1,0,4,45,1,0,0,0,,,,0,0,0,0,0,0,0,,
"Guaynabo, PR",2021182N09317,ELSA,2021,350,1,1,70,0,0,0,0,,,,0,0,0,0,0,0,0,,
"Guaynabo, PR",2021222N14301,FRED,2021,116.1,0,0,40,1,0,0,0,2021-08-10,2021-08-10,2021-08-11,1,1,0,0,0.9428,0.259,0.9428,0.016,0.275
"Guaynabo, PR",2021225N15313,GRACE,2021,149.4,-1,3,33,0,0,0,0,2021-08-15,2021-08-15,2021-08-16,1,1,0,0,0.4784,0.058,0.4784,0.064,0.122
"Guaynabo, PR",2021262N16307,PETER,2021,260.5,0,0,45,0,0,0,0,,,,0,0,0,0,0,0,0,,
"Guaynabo, PR",2022246N18301,EARL,2022,217.6,0,2,60,0,0,0,0,,,,0,0,0,0,0,0,0,,
"Guaynabo, PR",2022257N16312,FIONA,2022,102.8,2,4,95,1,0,0,0,,,,0,0,0,0,0,0,0,,
"Guaynabo, PR",2022311N21293,NICOLE,2022,261,-3,1,35,0,0,0,0,,,,0,0,0,0,0,0,0,,
"Guaynabo, PR",2023232N13300,FRANKLIN,2023,403.8,0,4,55,0,0,0,0,2023-08-24,2023-08-24,2023-08-26,2,2,1,0,1.929,2.637,0.9869,0.101,2.738
"Guaynabo, PR",2023266N16323,PHILIPPE,2023,160.5,0,0,45,0,0,0,0,,,,0,0,0,0,0,0,0,,
"Guaynabo, PR",2023292N13309,TAMMY,2023,301,1,2,80,0,0,0,0,,,,0,0,0,0,0,0,0,,
"Houston Port Authority, TX",2015167N27266,BILL,2015,156.1,0,0,50,1,0,0,0,,,,0,0,0,0,0,0,0,,
"Houston Port Authority, TX",2017171N24271,CINDY,2017,160.9,0,0,50,1,0,0,0,,,,0,0,0,0,0,0,0,,
"Houston Port Authority, TX",2017228N14314,HARVEY,2017,165.9,4,4,115,1,0,0,0,2017-08-25,2017-08-29,2017-09-05,11,7,1,2,7.4127,3189.23,1,1564.06,4753.29
"Houston Port Authority, TX",2019192N29274,BARRY,2019,245.6,1,1,65,1,0,0,0,,,,0,0,0,0,0,0,0,,
"Houston Port Authority, TX",2019261N28264,IMELDA,2019,20.6,0,0,40,1,0,0,0,,,,0,0,0,0,0,0,0,,
"Houston Port Authority, TX",2019299N25265,OLGA,2019,410,0,0,45,1,0,0,0,,,,0,0,0,0,0,0,0,,
"Houston Port Authority, TX",2020154N19269,CRISTOBAL,2020,424.5,0,0,35,1,0,0,0,,,,0,0,0,0,0,0,0,,
"Houston Port Authority, TX",2020205N26272,HANNA,2020,306.8,1,1,80,1,0,0,0,,,,0,0,0,0,0,0,0,,
"Houston Port Authority, TX",2020233N14313,LAURA,2020,201.9,4,4,130,1,0,0,0,2020-08-26,2020-08-27,2020-08-28,2,1,0,0,1.6427,337.879,0.8448,73.206,411.085
"Houston Port Authority, TX",2020234N14280,MARCO,2020,311,-3,1,25,0,0,0,0,,,,0,0,0,0,0,0,0,,
"Houston Port Authority, TX",2020261N21265,BETA,2020,41.7,0,0,55,1,0,0,0,2020-09-21,2020-09-22,2020-09-24,3,2,1,0,0.9982,243.039,0.388,489.659,732.697
"Houston Port Authority, TX",2020279N16284,DELTA,2020,202.4,3,4,105,1,0,0,0,,,,0,0,0,0,0,0,0,,
"Houston Port Authority, TX",2020299N18277,ZETA,2020,466,3,3,100,1,0,0,0,,,,0,0,0,0,0,0,0,,
"Houston Port Authority, TX",2021169N23268,CLAUDETTE,2021,429.3,0,0,40,1,0,0,0,,,,0,0,0,0,0,0,0,,
"Houston Port Authority, TX",2021239N17281,IDA,2021,448.8,4,4,125,1,0,0,0,,,,0,0,0,0,0,0,0,,
"Houston Port Authority, TX",2021256N21265,NICHOLAS,2021,43.9,1,1,65,1,0,0,0,,,,0,0,0,0,0,0,0,,
"Houston Port Authority, TX",2023234N25271,HAROLD,2023,354,0,0,50,1,0,0,0,,,,0,0,0,0,0,0,0,,
"Illinois International Port, IL",2015167N27266,BILL,2015,433.5,-3,0,18,1,0,0,0,,,,0,0,0,0,0,0,0,,
"Illinois International Port, IL",2017228N14314,HARVEY,2017,477.8,-4,4,20,1,0,0,0,,,,0,0,0,0,0,0,0,,
"Illinois International Port, IL",2017277N11279,NATE,2017,473.4,-4,1,23,1,0,0,0,,,,0,0,0,0,0,0,0,,
"Illinois International Port, IL",2018146N19273,ALBERTO,2018,145.1,-1,0,30,1,0,0,0,,,,0,0,0,0,0,0,0,,
"Illinois International Port, IL",2019299N25265,OLGA,2019,49.3,-4,0,35,1,0,0,0,,,,0,0,0,0,0,0,0,,
"Illinois International Port, IL",2020154N19269,CRISTOBAL,2020,270,-1,0,35,1,0,0,0,,,,0,0,0,0,0,0,0,,
"Illinois International Port, IL",2020233N14313,LAURA,2020,449.5,-1,4,25,1,0,0,0,,,,0,0,0,0,0,0,0,,
"Jacksonville, FL",2015126N27281,ANA,2015,372,0,0,50,1,0,0,0,,,,0,0,0,0,0,0,0,,
"Jacksonville, FL",2016148N27288,BONNIE,2016,228.4,0,0,40,1,0,0,0,,,,0,0,0,0,0,0,0,,
"Jacksonville, FL",2016158N22272,COLIN,2016,58.3,0,0,45,1,0,0,0,,,,0,0,0,0,0,0,0,,
"Jacksonville, FL",2016242N24279,HERMINE,2016,160.6,1,1,70,1,0,0,0,2016-09-02,2016-09-02,2016-09-03,1,1,0,0,0.0997,4.597,0.0997,41.489,46.086
"Jacksonville, FL",2016257N27280,JULIA,2016,18.5,0,0,45,1,0,0,0,,,,0,0,0,0,0,0,0,,
"Jacksonville, FL",2016273N13300,MATTHEW,2016,93.5,4,5,115,1,0,0,0,2016-10-06,2016-10-07,2016-10-08,2,1,0,0,0.4957,22.272,0.3336,67.656,89.929
"Jacksonville, FL",2017212N28275,EMILY,2017,277.2,0,0,50,1,0,0,0,,,,0,0,0,0,0,0,0,,
"Jacksonville, FL",2017240N31279,UNNAMED,2017,100.5,-3,-3,35,0,0,0,0,,,,0,0,0,0,0,0,0,,
"Jacksonville, FL",2017242N16333,IRMA,2017,129.4,3,5,100,1,0,0,0,2017-09-11,2017-09-11,2017-09-13,2,2,1,0,0.7414,20.762,0.385,35.073,55.835
"Jacksonville, FL",2018146N19273,ALBERTO,2018,412.3,0,0,55,1,0,0,0,,,,0,0,0,0,0,0,0,,
"Jacksonville, FL",2018242N13343,FLORENCE,2018,363.1,0,4,63,1,0,0,0,,,,0,0,0,0,0,0,0,,
"Jacksonville, FL",2018246N22283,GORDON,2018,445.3,0,0,55,0,0,0,0,,,,0,0,0,0,0,0,0,,
"Jacksonville, FL",2018280N18273,MICHAEL,2018,289.4,5,5,140,1,0,0,0,,,,0,0,0,0,0,0,0,,
"Jacksonville, FL",2019204N25283,UNNAMED,2019,251.3,-1,-1,30,0,0,0,0,,,,0,0,0,0,0,0,0,,
"Jacksonville, FL",2019236N10314,DORIAN,2019,188.2,4,5,120,0,1,0.0029,0.293,,,,0,0,0,0,0,0,0,,
"Jacksonville, FL",2019256N23286,HUMBERTO,2019,370.3,1,3,75,0,6,0.7484,73.607,,,,0,0,0,0,0,0,0,,
"Jacksonville, FL",2019291N22264,NESTOR,2019,239.1,-4,0,40,1,0,0,0,,,,0,0,0,0,0,0,0,,
"Jacksonville, FL",2020138N28281,ARTHUR,2020,384.3,0,0,40,0,0,0,0,,,,0,0,0,0,0,0,0,,
"Jacksonville, FL",2020148N32281,BERTHA,2020,302,0,0,45,1,0,0,0,,,,0,0,0,0,0,0,0,,
"Jacksonville, FL",2020188N28271,FAY,2020,308.7,-3,0,30,1,0,0,0,,,,0,0,0,0,0,0,0,,
"Jacksonville, FL",2020211N13306,ISAIAS,2020,161.7,1,1,80,1,0,0,0,2020-07-31,2020-08-02,2020-08-04,4,2,1,0,1.2363,56.37,0.5071,136.377,192.747
"Jacksonville, FL",2020244N30279,OMAR,2020,93.5,-1,0,30,0,0,0,0,,,,0,0,0,0,0,0,0,,
"Jacksonville, FL",2020256N25281,SALLY,2020,377,0,2,50,1,0,0,0,2020-09-14,2020-09-14,2020-09-15,1,1,0,0,0.1561,6.854,0.1561,37.061,43.915
"Jacksonville, FL",2020306N15288,ETA,2020,23.3,0,4,63,1,0,0,0,,,,0,0,0,0,0,0,0,,
"Jacksonville, FL",2021165N32282,BILL,2021,380.9,-3,0,20,0,0,0,0,,,,0,0,0,0,0,0,0,,
"Jacksonville, FL",2021169N23268,CLAUDETTE,2021,408.2,0,0,35,1,0,0,0,,,,0,0,0,0,0,0,0,,
"Jacksonville, FL",2021179N30287,DANNY,2021,244.5,0,0,40,1,0,0,0,,,,0,0,0,0,0,0,0,,
"Jacksonville, FL",2021182N09317,ELSA,2021,151.3,1,1,65,1,0,0,0,,,,0,0,0,0,0,0,0,,
"Jacksonville, FL",2021222N14301,FRED,2021,359.5,0,0,55,1,0,0,0,,,,0,0,0,0,0,0,0,,
"Jacksonville, FL",2021252N28273,MINDY,2021,96.9,0,0,50,1,0,0,0,,,,0,0,0,0,0,0,0,,
"Jacksonville, FL",2022154N21273,ALEX,2022,364.4,0,0,45,1,0,0,0,,,,0,0,0,0,0,0,0,,
"Jacksonville, FL",2022183N32280,COLIN,2022,196.7,0,0,35,1,0,0,0,2022-07-02,2022-07-02,2022-07-03,1,1,0,0,0.2047,7.707,0.2047,29.94,37.646
"Jacksonville, FL",2022266N12294,IAN,2022,219.8,5,5,140,1,0,0,0,2022-09-28,2022-09-29,2022-10-01,3,2,1,0,1.1551,54.217,0.4442,84.643,138.86
"Jacksonville, FL",2022311N21293,NICOLE,2022,180.8,1,1,65,1,0,0,0,,,,0,0,0,0,0,0,0,,
"Jacksonville, FL",2023239N21274,IDALIA,2023,125.7,4,4,115,1,0,0,0,2023-08-30,2023-08-30,2023-08-31,1,1,0,0,0.4958,18.242,0.4958,18.548,36.791
"Lake Charles Harbor District, LA",2015167N27266,BILL,2015,319.1,0,0,50,1,0,0,0,,,,0,0,0,0,0,0,0,,
"Lake Charles Harbor District, LA",2017171N24271,CINDY,2017,41.1,0,0,50,1,0,0,0,2017-06-23,2017-06-27,2017-06-28,5,1,0,0,2.7212,198.287,0.9696,163.663,361.951
"Lake Charles Harbor District, LA",2017228N14314,HARVEY,2017,19.2,4,4,115,1,0,0,0,2017-08-27,2017-08-28,2017-08-29,2,1,0,0,0.2924,16.348,0.1639,95.479,111.828
"Lake Charles Harbor District, LA",2017277N11279,NATE,2017,395.8,1,1,78,1,0,0,0,,,,0,0,0,0,0,0,0,,
"Lake Charles Harbor District, LA",2018246N22283,GORDON,2018,395.4,0,0,60,1,0,0,0,,,,0,0,0,0,0,0,0,,
"Lake Charles Harbor District, LA",2019192N29274,BARRY,2019,70.5,1,1,65,1,0,0,0,,,,0,0,0,0,0,0,0,,
"Lake Charles Harbor District, LA",2019261N28264,IMELDA,2019,178.4,0,0,40,1,0,0,0,,,,0,0,0,0,0,0,0,,
"Lake Charles Harbor District, LA",2019299N25265,OLGA,2019,240.3,0,0,45,1,0,0,0,,,,0,0,0,0,0,0,0,,
"Lake Charles Harbor District, LA",2020154N19269,CRISTOBAL,2020,247.5,0,0,45,1,0,0,0,,,,0,0,0,0,0,0,0,,
"Lake Charles Harbor District, LA",2020205N26272,HANNA,2020,304.8,1,1,80,0,0,0,0,,,,0,0,0,0,0,0,0,,
"Lake Charles Harbor District, LA",2020233N14313,LAURA,2020,15.7,4,4,130,1,0,0,0,,,,0,0,0,0,0,0,0,,
"Lake Charles Harbor District, LA",2020234N14280,MARCO,2020,135,0,1,40,0,0,0,0,,,,0,0,0,0,0,0,0,,
"Lake Charles Harbor District, LA",2020261N21265,BETA,2020,62,0,0,55,1,0,0,0,2020-09-22,2020-09-22,2020-09-23,1,1,0,0,0.2267,3.136,0.2267,10.693,13.829
"Lake Charles Harbor District, LA",2020279N16284,DELTA,2020,25.4,3,4,105,1,0,0,0,,,,0,0,0,0,0,0,0,,
"Lake Charles Harbor District, LA",2020299N18277,ZETA,2020,274.4,3,3,100,1,0,0,0,,,,0,0,0,0,0,0,0,,
"Lake Charles Harbor District, LA",2021169N23268,CLAUDETTE,2021,237.8,0,0,40,1,0,0,0,,,,0,0,0,0,0,0,0,,
"Lake Charles Harbor District, LA",2021239N17281,IDA,2021,251.6,4,4,130,1,0,0,0,,,,0,0,0,0,0,0,0,,
"Lake Charles Harbor District, LA",2021256N21265,NICHOLAS,2021,44,1,1,65,1,0,0,0,,,,0,0,0,0,0,0,0,,
"Lake Charles Harbor District, LA",2023234N25271,HAROLD,2023,449.6,0,0,50,0,0,0,0,,,,0,0,0,0,0,0,0,,
"Manatee County Port, FL",2015126N27281,ANA,2015,321.4,-3,0,25,0,0,0,0,,,,0,0,0,0,0,0,0,,
"Manatee County Port, FL",2016148N27288,BONNIE,2016,473.9,0,0,40,0,0,0,0,,,,0,0,0,0,0,0,0,,
"Manatee County Port, FL",2016158N22272,COLIN,2016,285.3,0,0,45,1,0,0,0,,,,0,0,0,0,0,0,0,,
"Manatee County Port, FL",2016242N24279,HERMINE,2016,293.1,1,1,70,1,0,0,0,,,,0,0,0,0,0,0,0,,
"Manatee County Port, FL",2016257N27280,JULIA,2016,173.2,0,0,45,1,0,0,0,,,,0,0,0,0,0,0,0,,
"Manatee County Port, FL",2016273N13300,MATTHEW,2016,249.1,4,5,120,0,0,0,0,2016-10-04,2016-10-06,2016-10-09,5,3,1,0,3.6361,9.719,0.992,4.128,13.847
"Manatee County Port, FL",2017212N28275,EMILY,2017,15.7,0,0,50,1,1,0.0051,0.138,,,,0,0,0,0,0,0,0,,
"Manatee County Port, FL",2017240N31279,UNNAMED,2017,392.8,-3,-3,35,0,2,0.3939,11.079,,,,0,0,0,0,0,0,0,,
"Manatee County Port, FL",2017242N16333,IRMA,2017,45.2,4,5,115,1,0,0,0,,,,0,0,0,0,0,0,0,,
"Manatee County Port, FL",2018146N19273,ALBERTO,2018,223.6,0,0,55,1,0,0,0,,,,0,0,0,0,0,0,0,,
"Manatee County Port, FL",2018246N22283,GORDON,2018,135,0,0,58,1,0,0,0,,,,0,0,0,0,0,0,0,,
"Manatee County Port, FL",2018280N18273,MICHAEL,2018,407,5,5,140,1,0,0,0,2018-10-10,2018-10-19,2018-10-20,10,1,0,0,4.76,65.843,0.7164,71.076,136.918
"Manatee County Port, FL",2019192N29274,BARRY,2019,422.3,-3,1,30,0,0,0,0,,,,0,0,0,0,0,0,0,,
"Manatee County Port, FL",2019204N25283,UNNAMED,2019,253.3,-1,-1,30,0,0,0,0,,,,0,0,0,0,0,0,0,,
"Manatee County Port, FL",2019236N10314,DORIAN,2019,342.7,5,5,155,0,0,0,0,,,,0,0,0,0,0,0,0,,
"Manatee County Port, FL",2019256N23286,HUMBERTO,2019,454.2,1,3,65,0,0,0,0,,,,0,0,0,0,0,0,0,,
"Manatee County Port, FL",2019291N22264,NESTOR,2019,423.6,0,0,50,1,1,0.1443,5.465,,,,0,0,0,0,0,0,0,,
"Manatee County Port, FL",2020138N28281,ARTHUR,2020,364.6,0,0,35,0,0,0,0,,,,0,0,0,0,0,0,0,,
"Manatee County Port, FL",2020188N28271,FAY,2020,390.5,-3,0,30,1,0,0,0,,,,0,0,0,0,0,0,0,,
"Manatee County Port, FL",2020211N13306,ISAIAS,2020,272.3,1,1,65,0,0,0,0,,,,0,0,0,0,0,0,0,,
"Manatee County Port, FL",2020244N30279,OMAR,2020,343.1,-3,0,28,0,0,0,0,,,,0,0,0,0,0,0,0,,
"Manatee County Port, FL",2020256N25281,SALLY,2020,142.4,1,2,70,1,0,0,0,,,,0,0,0,0,0,0,0,,
"Manatee County Port, FL",2020306N15288,ETA,2020,121.9,1,4,65,1,0,0,0,,,,0,0,0,0,0,0,0,,
"Manatee County Port, FL",2021182N09317,ELSA,2021,107.5,1,1,65,1,1,0.1104,3.84,,,,0,0,0,0,0,0,0,,
"Manatee County Port, FL",2021222N14301,FRED,2021,295.2,0,0,55,1,0,0,0,,,,0,0,0,0,0,0,0,,
"Manatee County Port, FL",2021239N17281,IDA,2021,470.8,2,4,85,0,0,0,0,,,,0,0,0,0,0,0,0,,
"Manatee County Port, FL",2021252N28273,MINDY,2021,361.7,0,0,50,1,1,0.0384,1.298,,,,0,0,0,0,0,0,0,,
"Manatee County Port, FL",2022154N21273,ALEX,2022,143.6,0,0,43,1,1,0.1343,5.274,,,,0,0,0,0,0,0,0,,
"Manatee County Port, FL",2022266N12294,IAN,2022,71.9,5,5,140,1,0,0,0,2022-09-27,2022-09-28,2022-10-01,4,3,1,0,1.79,11.344,0.4927,14.008,25.352
"Manatee County Port, FL",2022311N21293,NICOLE,2022,94.5,1,1,65,1,0,0,0,,,,0,0,0,0,0,0,0,,
"Manatee County Port, FL",2023152N26274,ARLENE,2023,336.8,0,0,35,0,0,0,0,,,,0,0,0,0,0,0,0,,
"Manatee County Port, FL",2023239N21274,IDALIA,2023,229.5,4,4,115,1,0,0,0,,,,0,0,0,0,0,0,0,,
"Milwaukee, WI",2018146N19273,ALBERTO,2018,230,-1,0,30,1,0,0,0,,,,0,0,0,0,0,0,0,,
"Milwaukee, WI",2019299N25265,OLGA,2019,100.8,-4,0,30,1,0,0,0,,,,0,0,0,0,0,0,0,,
"Milwaukee, WI",2020154N19269,CRISTOBAL,2020,190.7,-1,0,35,1,0,0,0,,,,0,0,0,0,0,0,0,,
"Mobile, AL",2016158N22272,COLIN,2016,341,0,0,45,1,0,0,0,,,,0,0,0,0,0,0,0,,
"Mobile, AL",2016242N24279,HERMINE,2016,368.4,1,1,70,1,0,0,0,2016-08-30,2016-08-30,2016-09-03,4,4,1,0,0.594,33.188,0.191,190.622,223.81
"Mobile, AL",2017212N28275,EMILY,2017,363.1,0,0,38,0,0,0,0,,,,0,0,0,0,0,0,0,,
"Mobile, AL",2017228N14314,HARVEY,2017,397.1,0,4,38,1,0,0,0,,,,0,0,0,0,0,0,0,,
"Mobile, AL",2017242N16333,IRMA,2017,338.4,0,5,48,1,0,0,0,,,,0,0,0,0,0,0,0,,
"Mobile, AL",2017277N11279,NATE,2017,70.4,1,1,80,1,0,0,0,,,,0,0,0,0,0,0,0,,
"Mobile, AL",2018146N19273,ALBERTO,2018,190,0,0,55,1,0,0,0,,,,0,0,0,0,0,0,0,,
"Mobile, AL",2018246N22283,GORDON,2018,48.4,0,0,60,1,0,0,0,2018-09-04,2018-09-05,2018-09-06,2,1,0,0,0.512,5.09,0.3177,15.063,20.153
"Mobile, AL",2018280N18273,MICHAEL,2018,254.1,5,5,140,1,0,0,0,,,,0,0,0,0,0,0,0,,
"Mobile, AL",2019192N29274,BARRY,2019,286.4,1,1,65,1,1,0.0497,5.044,,,,0,0,0,0,0,0,0,,
"Mobile, AL",2019291N22264,NESTOR,2019,223.5,0,0,50,1,0,0,0,,,,0,0,0,0,0,0,0,,
"Mobile, AL",2019299N25265,OLGA,2019,214,-4,0,45,1,0,0,0,,,,0,0,0,0,0,0,0,,
"Mobile, AL",2020154N19269,CRISTOBAL,2020,197.9,0,0,45,1,0,0,0,,,,0,0,0,0,0,0,0,,
"Mobile, AL",2020188N28271,FAY,2020,267.5,-3,0,30,1,0,0,0,,,,0,0,0,0,0,0,0,,
"Mobile, AL",2020233N14313,LAURA,2020,497.3,2,4,85,1,0,0,0,,,,0,0,0,0,0,0,0,,
"Mobile, AL",2020234N14280,MARCO,2020,211.1,0,1,55,0,0,0,0,,,,0,0,0,0,0,0,0,,
"Mobile, AL",2020256N25281,SALLY,2020,51.5,2,2,95,1,0,0,0,2020-09-16,2020-09-16,2020-09-18,2,2,1,1,1.0121,10.075,1,13.426,23.5
"Mobile, AL",2020261N21265,BETA,2020,276,-4,0,25,1,0,0,0,,,,0,0,0,0,0,0,0,,
"Mobile, AL",2020279N16284,DELTA,2020,369.7,2,4,85,1,0,0,0,,,,0,0,0,0,0,0,0,,
"Mobile, AL",2020299N18277,ZETA,2020,111.5,3,3,100,1,0,0,0,2020-10-29,2020-10-29,2020-10-30,1,1,0,0,0.4574,9.971,0.4574,11.83,21.8
"Mobile, AL",2021169N23268,CLAUDETTE,2021,114,0,0,40,1,0,0,0,,,,0,0,0,0,0,0,0,,
"Mobile, AL",2021182N09317,ELSA,2021,449.9,0,1,55,1,0,0,0,,,,0,0,0,0,0,0,0,,
"Mobile, AL",2021222N14301,FRED,2021,258.5,0,0,55,1,0,0,0,,,,0,0,0,0,0,0,0,,
"Mobile, AL",2021239N17281,IDA,2021,254.5,4,4,130,1,0,0,0,,,,0,0,0,0,0,0,0,,
"Mobile, AL",2021252N28273,MINDY,2021,267.6,0,0,50,1,0,0,0,,,,0,0,0,0,0,0,0,,
"Mobile, AL",2021256N21265,NICHOLAS,2021,360.8,-1,1,25,1,0,0,0,,,,0,0,0,0,0,0,0,,
"Mobile, AL",2022311N21293,NICOLE,2022,339.1,0,1,38,1,0,0,0,,,,0,0,0,0,0,0,0,,
"Mobile, AL",2023152N26274,ARLENE,2023,334.7,0,0,35,0,0,0,0,2023-06-01,2023-06-01,2023-06-02,1,1,0,0,0.1382,6.664,0.1382,41.57,48.234
"Mobile, AL",2023239N21274,IDALIA,2023,423.3,4,4,115,1,0,0,0,,,,0,0,0,0,0,0,0,,
"Morehead City, NC",2015126N27281,ANA,2015,143.3,0,0,50,1,0,0,0,,,,0,0,0,0,0,0,0,,
"Morehead City, NC",2015193N35285,CLAUDETTE,2015,142.7,-3,0,28,0,0,0,0,2015-07-12,2015-07-15,2015-07-17,5,2,1,4,4.4043,4.294,1,0.692,4.986
"Morehead City, NC",2015313N22289,KATE,2015,467.9,0,1,63,0,0,0,0,,,,0,0,0,0,0,0,0,,
"Morehead City, NC",2016148N27288,BONNIE,2016,93.3,0,0,40,1,0,0,0,2016-05-27,2016-05-28,2016-05-30,3,2,1,2,2.0571,0.78,1,0.255,1.035
"Morehead City, NC",2016158N22272,COLIN,2016,52.4,0,0,50,0,0,0,0,2016-06-04,2016-06-06,2016-06-08,4,2,1,3,3.7055,2.003,1,0.231,2.234
"Morehead City, NC",2016240N31295,UNNAMED,2016,166.1,-1,-1,30,0,0,0,0,,,,0,0,0,0,0,0,0,,
"Morehead City, NC",2016242N24279,HERMINE,2016,46.4,0,1,60,1,0,0,0,,,,0,0,0,0,0,0,0,,
"Morehead City, NC",2016257N27280,JULIA,2016,67.4,0,0,40,1,2,0.1021,1.98,,,,0,0,0,0,0,0,0,,
"Morehead City, NC",2016273N13300,MATTHEW,2016,49.3,2,5,85,1,0,0,0,2016-10-06,2016-10-12,2016-10-13,7,1,0,5,6.1338,2.421,1,0.73,3.15
"Morehead City, NC",2017171N24271,CINDY,2017,489.6,-3,0,25,1,0,0,0,,,,0,0,0,0,0,0,0,,
"Morehead City, NC",2017212N28275,EMILY,2017,465.8,-3,0,30,0,0,0,0,2017-08-02,2017-08-04,2017-08-05,3,1,0,2,2.9447,1.025,1,0.024,1.048
"Morehead City, NC",2017224N22293,GERT,2017,485.9,1,2,73,0,0,0,0,,,,0,0,0,0,0,0,0,,
"Morehead City, NC",2017240N31279,UNNAMED,2017,6.6,-3,-3,40,1,0,0,0,,,,0,0,0,0,0,0,0,,
"Morehead City, NC",2017247N09327,JOSE,2017,475.1,1,4,65,0,0,0,0,,,,0,0,0,0,0,0,0,,
"Morehead City, NC",2017260N12310,MARIA,2017,338.5,1,5,70,0,0,0,0,2017-09-26,2017-09-26,2017-09-27,1,1,0,1,1,0.527,1,0,0.527
"Morehead City, NC",2018186N31292,CHRIS,2018,219.2,2,2,90,0,0,0,0,,,,0,0,0,0,0,0,0,,
"Morehead City, NC",2018242N13343,FLORENCE,2018,70.2,3,4,105,1,0,0,0,,,,0,0,0,0,0,0,0,,
"Morehead City, NC",2018280N18273,MICHAEL,2018,215.3,0,5,60,1,0,0,0,2018-10-11,2018-10-11,2018-10-13,2,2,1,1,1.5662,0.233,1,0.011,0.245
"Morehead City, NC",2019236N10314,DORIAN,2019,42.4,3,5,100,0,0,0,0,,,,0,0,0,0,0,0,0,,
"Morehead City, NC",2019239N32287,ERIN,2019,355.3,0,0,35,0,0,0,0,,,,0,0,0,0,0,0,0,,
"Morehead City, NC",2019282N35286,MELISSA,2019,242.4,-4,0,40,0,0,0,0,,,,0,0,0,0,0,0,0,,
"Morehead City, NC",2019291N22264,NESTOR,2019,194.5,-4,0,40,1,0,0,0,,,,0,0,0,0,0,0,0,,
"Morehead City, NC",2020138N28281,ARTHUR,2020,84.9,0,0,50,0,0,0,0,,,,0,0,0,0,0,0,0,,
"Morehead City, NC",2020148N32281,BERTHA,2020,329.7,0,0,45,1,0,0,0,,,,0,0,0,0,0,0,0,,
"Morehead City, NC",2020188N28271,FAY,2020,70.2,0,0,50,1,0,0,0,,,,0,0,0,0,0,0,0,,
"Morehead City, NC",2020211N13306,ISAIAS,2020,128,1,1,80,1,0,0,0,,,,0,0,0,0,0,0,0,,
"Morehead City, NC",2020228N37286,KYLE,2020,309.5,0,0,35,0,0,0,0,,,,0,0,0,0,0,0,0,,
"Morehead City, NC",2020244N30279,OMAR,2020,190.1,0,0,35,0,0,0,0,,,,0,0,0,0,0,0,0,,
"Morehead City, NC",2020256N25281,SALLY,2020,379.2,-4,2,30,1,0,0,0,,,,0,0,0,0,0,0,0,,
"Morehead City, NC",2020299N18277,ZETA,2020,365.8,0,3,45,1,0,0,0,,,,0,0,0,0,0,0,0,,
"Morehead City, NC",2020306N15288,ETA,2020,154.8,0,4,40,0,0,0,0,,,,0,0,0,0,0,0,0,,
"Morehead City, NC",2021165N32282,BILL,2021,186.7,0,0,38,0,0,0,0,,,,0,0,0,0,0,0,0,,
"Morehead City, NC",2021169N23268,CLAUDETTE,2021,136.2,0,0,40,1,0,0,0,,,,0,0,0,0,0,0,0,,
"Morehead City, NC",2021179N30287,DANNY,2021,368,0,0,40,1,0,0,0,,,,0,0,0,0,0,0,0,,
"Morehead City, NC",2021182N09317,ELSA,2021,202,0,1,50,1,0,0,0,,,,0,0,0,0,0,0,0,,
"Morehead City, NC",2021227N36297,HENRI,2021,386.9,1,1,65,0,0,0,0,2021-08-18,2021-08-20,2021-08-21,3,1,0,3,3,0.278,1,0,0.278
"Morehead City, NC",2021252N28273,MINDY,2021,292.4,-1,0,30,0,0,0,0,,,,0,0,0,0,0,0,0,,
"Morehead City, NC",2021259N30286,ODETTE,2021,181.8,0,0,38,0,2,0.3438,5.962,,,,0,0,0,0,0,0,0,,
"Morehead City, NC",2021299N33284,WANDA,2021,198.4,-4,0,45,0,0,0,0,,,,0,0,0,0,0,0,0,,
"Morehead City, NC",2022183N32280,COLIN,2022,224,0,0,35,1,0,0,0,,,,0,0,0,0,0,0,0,,
"Morehead City, NC",2022266N12294,IAN,2022,237.5,1,5,75,1,0,0,0,,,,0,0,0,0,0,0,0,,
"Morehead City, NC",2023239N21274,IDALIA,2023,117,0,4,55,1,0,0,0,2023-08-31,2023-08-31,2023-09-01,1,1,0,1,1,0.072,1,0,0.072
"Morehead City, NC",2023265N29284,OPHELIA,2023,33.4,0,0,60,1,0,0,0,,,,0,0,0,0,0,0,0,,
"New Haven, CT",2015126N27281,ANA,2015,165.3,-1,0,30,1,0,0,0,,,,0,0,0,0,0,0,0,,
"New Haven, CT",2016158N22272,COLIN,2016,445.1,-4,0,50,0,0,0,0,,,,0,0,0,0,0,0,0,,
"New Haven, CT",2016242N24279,HERMINE,2016,202.8,-4,1,55,1,0,0,0,,,,0,0,0,0,0,0,0,,
"New Haven, CT",2017247N09327,JOSE,2017,346,0,4,60,0,2,0.9949,26.367,,,,0,0,0,0,0,0,0,,
"New Haven, CT",2017277N11279,NATE,2017,285.5,-4,1,25,1,0,0,0,,,,0,0,0,0,0,0,0,,
"New Haven, CT",2018242N13343,FLORENCE,2018,103.7,-4,4,25,1,0,0,0,,,,0,0,0,0,0,0,0,,
"New Haven, CT",2018280N18273,MICHAEL,2018,315.2,-4,5,60,0,0,0,0,,,,0,0,0,0,0,0,0,,
"New Haven, CT",2019236N10314,DORIAN,2019,434.6,2,5,85,0,0,0,0,,,,0,0,0,0,0,0,0,,
"New Haven, CT",2019239N32287,ERIN,2019,482.6,-4,0,35,0,0,0,0,,,,0,0,0,0,0,0,0,,
"New Haven, CT",2019282N35286,MELISSA,2019,425.4,-2,0,55,0,0,0,0,,,,0,0,0,0,0,0,0,,
"New Haven, CT",2019291N22264,NESTOR,2019,444.8,-4,0,40,0,0,0,0,,,,0,0,0,0,0,0,0,,
"New Haven, CT",2020188N28271,FAY,2020,108.5,0,0,50,1,0,0,0,,,,0,0,0,0,0,0,0,,
"New Haven, CT",2020211N13306,ISAIAS,2020,164.2,0,1,58,1,0,0,0,,,,0,0,0,0,0,0,0,,
"New Haven, CT",2020228N37286,KYLE,2020,403.3,0,0,45,0,0,0,0,,,,0,0,0,0,0,0,0,,
"New Haven, CT",2020299N18277,ZETA,2020,226.4,-4,3,45,0,1,0.3926,10.852,,,,0,0,0,0,0,0,0,,
"New Haven, CT",2021169N23268,CLAUDETTE,2021,375.2,0,0,40,0,0,0,0,,,,0,0,0,0,0,0,0,,
"New Haven, CT",2021182N09317,ELSA,2021,69.4,0,1,50,1,0,0,0,,,,0,0,0,0,0,0,0,,
"New Haven, CT",2021222N14301,FRED,2021,154.9,-4,0,25,1,0,0,0,2021-08-18,2021-08-22,2021-08-24,6,2,1,3,4.4361,3.445,1,1.759,5.203
"New Haven, CT",2021227N36297,HENRI,2021,21.2,1,1,65,1,0,0,0,2021-08-18,2021-08-22,2021-08-24,6,2,1,3,4.4478,3.467,1,1.759,5.226
"New Haven, CT",2021239N17281,IDA,2021,79.7,-4,4,40,1,0,0,0,,,,0,0,0,0,0,0,0,,
"New Haven, CT",2021259N30286,ODETTE,2021,478.5,0,0,40,0,0,0,0,2021-09-17,2021-09-18,2021-09-20,3,2,1,0,1.4538,2.82,0.7378,3.042,5.862
"New Haven, CT",2021299N33284,WANDA,2021,251.7,-4,0,60,0,0,0,0,,,,0,0,0,0,0,0,0,,
"New Haven, CT",2023265N29284,OPHELIA,2023,431.4,-4,0,20,1,0,0,0,,,,0,0,0,0,0,0,0,,
"New Orleans, LA",2016158N22272,COLIN,2016,438.2,0,0,45,0,0,0,0,,,,0,0,0,0,0,0,0,,
"New Orleans, LA",2016242N24279,HERMINE,2016,498.2,0,1,63,0,0,0,0,,,,0,0,0,0,0,0,0,,
"New Orleans, LA",2017171N24271,CINDY,2017,354.3,0,0,50,1,0,0,0,,,,0,0,0,0,0,0,0,,
"New Orleans, LA",2017212N28275,EMILY,2017,484,-1,0,30,0,0,0,0,,,,0,0,0,0,0,0,0,,
"New Orleans, LA",2017228N14314,HARVEY,2017,283.3,0,4,45,1,1,0.0534,19.449,,,,0,0,0,0,0,0,0,,
"New Orleans, LA",2017277N11279,NATE,2017,80.1,1,1,80,1,0,0,0,2017-10-07,2017-10-08,2017-10-09,2,1,0,0,0.2585,53.567,0.1681,358.983,412.551
"New Orleans, LA",2018146N19273,ALBERTO,2018,384,0,0,55,1,0,0,0,,,,0,0,0,0,0,0,0,,
"New Orleans, LA",2018246N22283,GORDON,2018,141.5,0,0,60,1,0,0,0,,,,0,0,0,0,0,0,0,,
"New Orleans, LA",2018280N18273,MICHAEL,2018,377.9,5,5,140,1,0,0,0,,,,0,0,0,0,0,0,0,,
"New Orleans, LA",2019192N29274,BARRY,2019,193.6,1,1,65,1,0,0,0,2019-07-13,2019-07-13,2019-07-14,1,1,0,0,0.0185,2.557,0.0185,135.59,138.147
"New Orleans, LA",2019261N28264,IMELDA,2019,472.7,-1,0,30,1,0,0,0,,,,0,0,0,0,0,0,0,,
"New Orleans, LA",2019291N22264,NESTOR,2019,320.3,0,0,50,1,0,0,0,,,,0,0,0,0,0,0,0,,
"New Orleans, LA",2019299N25265,OLGA,2019,57.1,-4,0,45,1,0,0,0,,,,0,0,0,0,0,0,0,,
"New Orleans, LA",2020154N19269,CRISTOBAL,2020,31,0,0,45,1,0,0,0,,,,0,0,0,0,0,0,0,,
"New Orleans, LA",2020188N28271,FAY,2020,287.9,-3,0,30,1,0,0,0,,,,0,0,0,0,0,0,0,,
"New Orleans, LA",2020205N26272,HANNA,2020,422,0,1,50,0,0,0,0,,,,0,0,0,0,0,0,0,,
"New Orleans, LA",2020233N14313,LAURA,2020,318.3,4,4,130,1,0,0,0,,,,0,0,0,0,0,0,0,,
"New Orleans, LA",2020234N14280,MARCO,2020,140.7,0,1,55,0,0,0,0,,,,0,0,0,0,0,0,0,,
"New Orleans, LA",2020256N25281,SALLY,2020,194.7,2,2,95,1,0,0,0,,,,0,0,0,0,0,0,0,,
"New Orleans, LA",2020261N21265,BETA,2020,220.7,0,0,55,1,0,0,0,,,,0,0,0,0,0,0,0,,
"New Orleans, LA",2020279N16284,DELTA,2020,252.4,3,4,100,1,0,0,0,,,,0,0,0,0,0,0,0,,
"New Orleans, LA",2020299N18277,ZETA,2020,18.7,3,3,100,1,0,0,0,,,,0,0,0,0,0,0,0,,
"New Orleans, LA",2021169N23268,CLAUDETTE,2021,37.7,0,0,40,1,0,0,0,,,,0,0,0,0,0,0,0,,
"New Orleans, LA",2021222N14301,FRED,2021,443.6,0,0,55,1,0,0,0,2021-08-16,2021-08-16,2021-08-17,1,1,0,0,0.0108,1.922,0.0108,175.971,177.892
"New Orleans, LA",2021239N17281,IDA,2021,59.5,4,4,130,1,0,0,0,2021-08-28,2021-08-30,2021-09-08,11,9,1,0,5.2405,1023.06,0.9401,1130.26,2153.32
"New Orleans, LA",2021252N28273,MINDY,2021,362.2,0,0,50,1,0,0,0,2021-09-09,2021-09-09,2021-09-10,1,1,0,0,0.053,10.404,0.053,185.709,196.113
"New Orleans, LA",2021256N21265,NICHOLAS,2021,165.6,0,1,35,1,0,0,0,,,,0,0,0,0,0,0,0,,
"New Orleans, LA",2023152N26274,ARLENE,2023,411.1,0,0,35,0,0,0,0,,,,0,0,0,0,0,0,0,,
"New York, NY & NJ",2015126N27281,ANA,2015,175.3,-1,0,30,1,0,0,0,,,,0,0,0,0,0,0,0,,
"New York, NY & NJ",2016158N22272,COLIN,2016,459,-4,0,50,0,0,0,0,,,,0,0,0,0,0,0,0,,
"New York, NY & NJ",2016240N31295,UNNAMED,2016,498.8,-1,-1,30,0,0,0,0,,,,0,0,0,0,0,0,0,,
"New York, NY & NJ",2016242N24279,HERMINE,2016,199.2,-4,1,55,1,0,0,0,2016-09-05,2016-09-05,2016-09-07,2,2,1,0,0.4478,197.416,0.3279,696.754,894.17
"New York, NY & NJ",2017171N24271,CINDY,2017,430.9,-3,0,25,1,0,0,0,2017-06-24,2017-06-27,2017-06-28,4,1,0,0,2.5703,926.278,0.9476,490.23,1416.51
"New York, NY & NJ",2017247N09327,JOSE,2017,396.5,0,4,60,0,1,0.006,4.181,,,,0,0,0,0,0,0,0,,
"New York, NY & NJ",2017260N12310,MARIA,2017,483.3,1,5,65,0,0,0,0,,,,0,0,0,0,0,0,0,,
"New York, NY & NJ",2017277N11279,NATE,2017,325.7,-4,1,25,1,0,0,0,,,,0,0,0,0,0,0,0,,
"New York, NY & NJ",2018242N13343,FLORENCE,2018,155.5,-4,4,25,1,0,0,0,,,,0,0,0,0,0,0,0,,
"New York, NY & NJ",2018280N18273,MICHAEL,2018,305.5,-4,5,60,1,0,0,0,,,,0,0,0,0,0,0,0,,
"New York, NY & NJ",2019236N10314,DORIAN,2019,441.4,2,5,85,0,0,0,0,,,,0,0,0,0,0,0,0,,
"New York, NY & NJ",2019239N32287,ERIN,2019,494.6,-4,0,35,0,0,0,0,,,,0,0,0,0,0,0,0,,
"New York, NY & NJ",2019282N35286,MELISSA,2019,458.4,-2,0,55,0,0,0,0,,,,0,0,0,0,0,0,0,,
"New York, NY & NJ",2019291N22264,NESTOR,2019,358.5,-4,0,40,1,0,0,0,,,,0,0,0,0,0,0,0,,
"New York, NY & NJ",2020138N28281,ARTHUR,2020,490.5,0,0,50,0,0,0,0,,,,0,0,0,0,0,0,0,,
"New York, NY & NJ",2020188N28271,FAY,2020,24.7,0,0,50,1,0,0,0,,,,0,0,0,0,0,0,0,,
"New York, NY & NJ",2020211N13306,ISAIAS,2020,92.2,0,1,60,1,0,0,0,,,,0,0,0,0,0,0,0,,
"New York, NY & NJ",2020228N37286,KYLE,2020,385.5,0,0,45,0,0,0,0,,,,0,0,0,0,0,0,0,,
"New York, NY & NJ",2020299N18277,ZETA,2020,237.6,-4,3,45,1,0,0,0,,,,0,0,0,0,0,0,0,,
"New York, NY & NJ",2021169N23268,CLAUDETTE,2021,373.3,0,0,40,0,0,0,0,,,,0,0,0,0,0,0,0,,
"New York, NY & NJ",2021182N09317,ELSA,2021,90.9,0,1,50,1,0,0,0,,,,0,0,0,0,0,0,0,,
"New York, NY & NJ",2021222N14301,FRED,2021,208.4,-3,0,25,1,0,0,0,2021-08-19,2021-08-19,2021-08-20,1,1,0,0,0.3365,157.31,0.3365,310.154,467.463
"New York, NY & NJ",2021227N36297,HENRI,2021,88.7,1,1,65,1,0,0,0,,,,0,0,0,0,0,0,0,,
"New York, NY & NJ",2021239N17281,IDA,2021,57.8,-4,4,40,1,0,0,0,,,,0,0,0,0,0,0,0,,
"New York, NY & NJ",2021259N30286,ODETTE,2021,479.6,0,0,40,0,0,0,0,,,,0,0,0,0,0,0,0,,
"New York, NY & NJ",2021299N33284,WANDA,2021,340,-4,0,60,0,0,0,0,,,,0,0,0,0,0,0,0,,
"New York, NY & NJ",2023265N29284,OPHELIA,2023,316.4,-4,0,25,1,0,0,0,,,,0,0,0,0,0,0,0,,
"Northern Indiana District, IN",2015167N27266,BILL,2015,383.6,-3,0,20,1,0,0,0,,,,0,0,0,0,0,0,0,,
"Northern Indiana District, IN",2017171N24271,CINDY,2017,481.3,-3,0,25,1,0,0,0,,,,0,0,0,0,0,0,0,,
"Northern Indiana District, IN",2017228N14314,HARVEY,2017,419.8,-4,4,20,1,0,0,0,,,,0,0,0,0,0,0,0,,
"Northern Indiana District, IN",2017277N11279,NATE,2017,410.4,-3,1,23,1,0,0,0,,,,0,0,0,0,0,0,0,,
"Northern Indiana District, IN",2018146N19273,ALBERTO,2018,88.7,-1,0,30,1,0,0,0,,,,0,0,0,0,0,0,0,,
"Northern Indiana District, IN",2019299N25265,OLGA,2019,46.2,-4,0,35,1,0,0,0,,,,0,0,0,0,0,0,0,,
"Northern Indiana District, IN",2020154N19269,CRISTOBAL,2020,331.2,-1,0,35,1,0,0,0,,,,0,0,0,0,0,0,0,,
"Northern Indiana District, IN",2020233N14313,LAURA,2020,404.4,-1,4,25,1,0,0,0,,,,0,0,0,0,0,0,0,,
"Orange County Nav District, TX",2015167N27266,BILL,2015,303,0,0,50,1,0,0,0,,,,0,0,0,0,0,0,0,,
"Orange County Nav District, TX",2017171N24271,CINDY,2017,21.4,0,0,50,1,0,0,0,,,,0,0,0,0,0,0,0,,
"Orange County Nav District, TX",2017228N14314,HARVEY,2017,45.6,4,4,115,1,0,0,0,,,,0,0,0,0,0,0,0,,
"Orange County Nav District, TX",2017277N11279,NATE,2017,452.7,1,1,75,1,0,0,0,,,,0,0,0,0,0,0,0,,
"Orange County Nav District, TX",2018246N22283,GORDON,2018,424.2,0,0,45,1,0,0,0,,,,0,0,0,0,0,0,0,,
"Orange County Nav District, TX",2019192N29274,BARRY,2019,107,1,1,65,1,0,0,0,,,,0,0,0,0,0,0,0,,
"Orange County Nav District, TX",2019261N28264,IMELDA,2019,118.4,0,0,40,1,0,0,0,,,,0,0,0,0,0,0,0,,
"Orange County Nav District, TX",2019299N25265,OLGA,2019,299.7,0,0,45,1,0,0,0,,,,0,0,0,0,0,0,0,,
"Orange County Nav District, TX",2020154N19269,CRISTOBAL,2020,287.8,0,0,45,1,0,0,0,,,,0,0,0,0,0,0,0,,
"Orange County Nav District, TX",2020205N26272,HANNA,2020,325.9,1,1,80,0,0,0,0,2020-07-23,2020-07-25,2020-07-26,3,1,0,0,0.2007,8.433,0.1121,117.515,125.948
"Orange County Nav District, TX",2020233N14313,LAURA,2020,63.2,4,4,130,1,0,0,0,,,,0,0,0,0,0,0,0,,
"Orange County Nav District, TX",2020234N14280,MARCO,2020,191.8,0,1,35,0,0,0,0,,,,0,0,0,0,0,0,0,,
"Orange County Nav District, TX",2020261N21265,BETA,2020,21.4,0,0,55,1,0,0,0,,,,0,0,0,0,0,0,0,,
"Orange County Nav District, TX",2020279N16284,DELTA,2020,84.7,3,4,105,1,0,0,0,,,,0,0,0,0,0,0,0,,
"Orange County Nav District, TX",2020299N18277,ZETA,2020,334.6,3,3,100,1,1,0.0031,0.254,,,,0,0,0,0,0,0,0,,
"Orange County Nav District, TX",2021169N23268,CLAUDETTE,2021,298,0,0,40,1,0,0,0,,,,0,0,0,0,0,0,0,,
"Orange County Nav District, TX",2021239N17281,IDA,2021,301.6,4,4,130,1,0,0,0,,,,0,0,0,0,0,0,0,,
"Orange County Nav District, TX",2021256N21265,NICHOLAS,2021,12.3,1,1,65,1,0,0,0,,,,0,0,0,0,0,0,0,,
"Orange County Nav District, TX",2023234N25271,HAROLD,2023,443.5,0,0,50,0,0,0,0,,,,0,0,0,0,0,0,0,,
"Panama City Port Authority, FL",2016158N22272,COLIN,2016,158.8,0,0,45,1,0,0,0,,,,0,0,0,0,0,0,0,,
"Panama City Port Authority, FL",2016242N24279,HERMINE,2016,143.6,1,1,70,1,0,0,0,2016-09-01,2016-09-01,2016-09-02,1,1,0,1,1,0.309,1,0,0.309
"Panama City Port Authority, FL",2016257N27280,JULIA,2016,378.4,0,0,45,1,0,0,0,,,,0,0,0,0,0,0,0,,
"Panama City Port Authority, FL",2016273N13300,MATTHEW,2016,473.9,3,5,103,0,0,0,0,,,,0,0,0,0,0,0,0,,
"Panama City Port Authority, FL",2017212N28275,EMILY,2017,205.6,0,0,50,1,0,0,0,,,,0,0,0,0,0,0,0,,
"Panama City Port Authority, FL",2017240N31279,UNNAMED,2017,475.5,-3,-3,35,0,0,0,0,,,,0,0,0,0,0,0,0,,
"Panama City Port Authority, FL",2017242N16333,IRMA,2017,209.9,1,5,73,1,0,0,0,,,,0,0,0,0,0,0,0,,
"Panama City Port Authority, FL",2017277N11279,NATE,2017,294.2,1,1,80,1,0,0,0,2017-10-06,2017-10-08,2017-10-09,3,1,0,2,2.5791,2.517,1,0.437,2.954
"Panama City Port Authority, FL",2018146N19273,ALBERTO,2018,35.9,0,0,55,1,0,0,0,,,,0,0,0,0,0,0,0,,
"Panama City Port Authority, FL",2018246N22283,GORDON,2018,212.4,0,0,60,1,0,0,0,,,,0,0,0,0,0,0,0,,
"Panama City Port Authority, FL",2018280N18273,MICHAEL,2018,22.8,5,5,140,1,0,0,0,2018-10-06,2018-10-11,2018-10-13,7,2,1,2,3.3049,5.438,1,5.249,10.686
"Panama City Port Authority, FL",2019192N29274,BARRY,2019,210.7,0,1,48,0,0,0,0,,,,0,0,0,0,0,0,0,,
"Panama City Port Authority, FL",2019291N22264,NESTOR,2019,22.8,0,0,50,1,0,0,0,,,,0,0,0,0,0,0,0,,
"Panama City Port Authority, FL",2019299N25265,OLGA,2019,447,-4,0,45,1,0,0,0,,,,0,0,0,0,0,0,0,,
"Panama City Port Authority, FL",2020154N19269,CRISTOBAL,2020,413.7,0,0,45,1,0,0,0,,,,0,0,0,0,0,0,0,,
"Panama City Port Authority, FL",2020188N28271,FAY,2020,43.7,-3,0,30,1,0,0,0,,,,0,0,0,0,0,0,0,,
"Panama City Port Authority, FL",2020234N14280,MARCO,2020,334.3,0,1,55,0,0,0,0,,,,0,0,0,0,0,0,0,,
"Panama City Port Authority, FL",2020244N30279,OMAR,2020,473.9,-3,0,25,0,0,0,0,,,,0,0,0,0,0,0,0,,
"Panama City Port Authority, FL",2020256N25281,SALLY,2020,177.9,2,2,95,1,0,0,0,,,,0,0,0,0,0,0,0,,
"Panama City Port Authority, FL",2020261N21265,BETA,2020,417.4,-4,0,23,1,0,0,0,,,,0,0,0,0,0,0,0,,
"Panama City Port Authority, FL",2020299N18277,ZETA,2020,335.4,3,3,100,1,0,0,0,,,,0,0,0,0,0,0,0,,
"Panama City Port Authority, FL",2020306N15288,ETA,2020,288,0,4,63,1,0,0,0,,,,0,0,0,0,0,0,0,,
"Panama City Port Authority, FL",2021169N23268,CLAUDETTE,2021,316.5,0,0,38,1,0,0,0,,,,0,0,0,0,0,0,0,,
"Panama City Port Authority, FL",2021182N09317,ELSA,2021,208.6,1,1,65,1,0,0,0,,,,0,0,0,0,0,0,0,,
"Panama City Port Authority, FL",2021222N14301,FRED,2021,27.1,0,0,55,1,0,0,0,,,,0,0,0,0,0,0,0,,
"Panama City Port Authority, FL",2021239N17281,IDA,2021,418.5,4,4,130,1,0,0,0,,,,0,0,0,0,0,0,0,,
"Panama City Port Authority, FL",2021252N28273,MINDY,2021,78.8,0,0,50,1,0,0,0,2021-09-06,2021-09-08,2021-09-09,3,1,0,0,0.2612,1.035,0.1349,10.835,11.87
"Panama City Port Authority, FL",2022311N21293,NICOLE,2022,124.9,0,1,55,1,0,0,0,,,,0,0,0,0,0,0,0,,
"Panama City Port Authority, FL",2023152N26274,ARLENE,2023,262.7,0,0,35,0,0,0,0,,,,0,0,0,0,0,0,0,,
"Panama City Port Authority, FL",2023239N21274,IDALIA,2023,194.8,4,4,115,1,4,11.6818,167.179,,,,0,0,0,0,0,0,0,,
"Philadelphia Regional Port, PA",2015126N27281,ANA,2015,164.9,-1,0,30,1,0,0,0,,,,0,0,0,0,0,0,0,,
"Philadelphia Regional Port, PA",2016148N27288,BONNIE,2016,496,-1,0,33,0,0,0,0,,,,0,0,0,0,0,0,0,,
"Philadelphia Regional Port, PA",2016158N22272,COLIN,2016,431.1,-4,0,50,0,0,0,0,,,,0,0,0,0,0,0,0,,
"Philadelphia Regional Port, PA",2016240N31295,UNNAMED,2016,490.2,-1,-1,30,0,0,0,0,,,,0,0,0,0,0,0,0,,
"Philadelphia Regional Port, PA",2016242N24279,HERMINE,2016,234.8,-4,1,60,1,0,0,0,2016-09-06,2016-09-08,2016-09-09,3,1,0,0,0.397,35.416,0.3244,232.613,268.029
"Philadelphia Regional Port, PA",2017171N24271,CINDY,2017,324.9,-3,0,25,1,0,0,0,,,,0,0,0,0,0,0,0,,
"Philadelphia Regional Port, PA",2017247N09327,JOSE,2017,423.1,0,4,60,0,0,0,0,,,,0,0,0,0,0,0,0,,
"Philadelphia Regional Port, PA",2017260N12310,MARIA,2017,454.7,1,5,65,0,0,0,0,,,,0,0,0,0,0,0,0,,
"Philadelphia Regional Port, PA",2017277N11279,NATE,2017,356.4,-4,1,25,1,0,0,0,,,,0,0,0,0,0,0,0,,
"Philadelphia Regional Port, PA",2018242N13343,FLORENCE,2018,205.5,-4,4,25,1,0,0,0,,,,0,0,0,0,0,0,0,,
"Philadelphia Regional Port, PA",2018280N18273,MICHAEL,2018,282.8,-4,5,60,1,0,0,0,,,,0,0,0,0,0,0,0,,
"Philadelphia Regional Port, PA",2019236N10314,DORIAN,2019,421.8,2,5,85,0,0,0,0,,,,0,0,0,0,0,0,0,,
"Philadelphia Regional Port, PA",2019282N35286,MELISSA,2019,494.5,-4,0,43,0,0,0,0,,,,0,0,0,0,0,0,0,,
"Philadelphia Regional Port, PA",2019291N22264,NESTOR,2019,286.2,-4,0,40,1,0,0,0,,,,0,0,0,0,0,0,0,,
"Philadelphia Regional Port, PA",2020138N28281,ARTHUR,2020,458.9,0,0,50,0,0,0,0,,,,0,0,0,0,0,0,0,,
"Philadelphia Regional Port, PA",2020148N32281,BERTHA,2020,476.1,-4,0,20,1,0,0,0,,,,0,0,0,0,0,0,0,,
"Philadelphia Regional Port, PA",2020188N28271,FAY,2020,63.3,0,0,50,1,0,0,0,,,,0,0,0,0,0,0,0,,
"Philadelphia Regional Port, PA",2020211N13306,ISAIAS,2020,95.7,0,1,60,1,0,0,0,,,,0,0,0,0,0,0,0,,
"Philadelphia Regional Port, PA",2020228N37286,KYLE,2020,360.8,0,0,43,0,0,0,0,,,,0,0,0,0,0,0,0,,
"Philadelphia Regional Port, PA",2020299N18277,ZETA,2020,149.2,-4,3,45,1,0,0,0,,,,0,0,0,0,0,0,0,,
"Philadelphia Regional Port, PA",2021169N23268,CLAUDETTE,2021,362.6,0,0,40,1,0,0,0,,,,0,0,0,0,0,0,0,,
"Philadelphia Regional Port, PA",2021182N09317,ELSA,2021,94,0,1,50,1,0,0,0,,,,0,0,0,0,0,0,0,,
"Philadelphia Regional Port, PA",2021222N14301,FRED,2021,250.4,-3,0,25,1,0,0,0,,,,0,0,0,0,0,0,0,,
"Philadelphia Regional Port, PA",2021227N36297,HENRI,2021,179.5,1,1,65,1,0,0,0,,,,0,0,0,0,0,0,0,,
"Philadelphia Regional Port, PA",2021239N17281,IDA,2021,56.7,-4,4,40,1,0,0,0,,,,0,0,0,0,0,0,0,,
"Philadelphia Regional Port, PA",2021259N30286,ODETTE,2021,478.3,0,0,40,0,0,0,0,,,,0,0,0,0,0,0,0,,
"Philadelphia Regional Port, PA",2021299N33284,WANDA,2021,419.1,-4,0,60,0,0,0,0,,,,0,0,0,0,0,0,0,,
"Philadelphia Regional Port, PA",2023265N29284,OPHELIA,2023,205.7,0,0,40,1,0,0,0,,,,0,0,0,0,0,0,0,,
"Plaquemines Port District, LA",2016158N22272,COLIN,2016,349.9,0,0,45,0,0,0,0,,,,0,0,0,0,0,0,0,,
"Plaquemines Port District, LA",2016242N24279,HERMINE,2016,413.9,1,1,70,0,0,0,0,,,,0,0,0,0,0,0,0,,
"Plaquemines Port District, LA",2017171N24271,CINDY,2017,347,0,0,50,1,0,0,0,,,,0,0,0,0,0,0,0,,
"Plaquemines Port District, LA",2017212N28275,EMILY,2017,412.1,-1,0,33,0,0,0,0,,,,0,0,0,0,0,0,0,,
"Plaquemines Port District, LA",2017228N14314,HARVEY,2017,367.4,0,4,45,1,0,0,0,,,,0,0,0,0,0,0,0,,
"Plaquemines Port District, LA",2017277N11279,NATE,2017,41.6,1,1,80,1,0,0,0,2017-10-07,2017-10-07,2017-10-09,2,2,1,0,0.3603,150.198,0.271,688.792,838.99
"Plaquemines Port District, LA",2018146N19273,ALBERTO,2018,344.5,0,0,55,1,0,0,0,,,,0,0,0,0,0,0,0,,
"Plaquemines Port District, LA",2018246N22283,GORDON,2018,147.6,0,0,60,1,0,0,0,,,,0,0,0,0,0,0,0,,
"Plaquemines Port District, LA",2018280N18273,MICHAEL,2018,310.2,5,5,140,1,0,0,0,,,,0,0,0,0,0,0,0,,
"Plaquemines Port District, LA",2019192N29274,BARRY,2019,158.7,1,1,65,1,0,0,0,,,,0,0,0,0,0,0,0,,
"Plaquemines Port District, LA",2019291N22264,NESTOR,2019,235.8,0,0,50,1,0,0,0,,,,0,0,0,0,0,0,0,,
"Plaquemines Port District, LA",2019299N25265,OLGA,2019,128,0,0,45,1,0,0,0,,,,0,0,0,0,0,0,0,,
"Plaquemines Port District, LA",2020154N19269,CRISTOBAL,2020,32.1,0,0,45,1,0,0,0,2020-06-07,2020-06-07,2020-06-08,1,1,0,0,0.3286,55.362,0.3286,113.135,168.497
"Plaquemines Port District, LA",2020188N28271,FAY,2020,198.5,-3,0,30,1,0,0,0,,,,0,0,0,0,0,0,0,,
"Plaquemines Port District, LA",2020205N26272,HANNA,2020,384,0,1,50,0,0,0,0,,,,0,0,0,0,0,0,0,,
"Plaquemines Port District, LA",2020233N14313,LAURA,2020,356,4,4,130,1,0,0,0,,,,0,0,0,0,0,0,0,,
"Plaquemines Port District, LA",2020234N14280,MARCO,2020,56.4,1,1,65,0,0,0,0,2020-08-24,2020-08-24,2020-08-26,2,2,1,0,1.1245,195.733,0.6113,150.683,346.416
"Plaquemines Port District, LA",2020256N25281,SALLY,2020,134.3,2,2,95,1,0,0,0,2020-09-14,2020-09-15,2020-09-16,2,1,0,0,1.0385,185.983,0.5273,171.951,357.935
"Plaquemines Port District, LA",2020261N21265,BETA,2020,307.8,0,0,55,1,0,0,0,,,,0,0,0,0,0,0,0,,
"Plaquemines Port District, LA",2020279N16284,DELTA,2020,330.4,3,4,100,1,0,0,0,2020-10-09,2020-10-09,2020-10-10,1,1,0,0,0.0243,3.733,0.0243,150.152,153.885
"Plaquemines Port District, LA",2020299N18277,ZETA,2020,99.6,3,3,100,1,0,0,0,,,,0,0,0,0,0,0,0,,
"Plaquemines Port District, LA",2021169N23268,CLAUDETTE,2021,119.3,0,0,40,1,0,0,0,,,,0,0,0,0,0,0,0,,
"Plaquemines Port District, LA",2021222N14301,FRED,2021,375.4,0,0,55,1,0,0,0,,,,0,0,0,0,0,0,0,,
"Plaquemines Port District, LA",2021239N17281,IDA,2021,67.2,4,4,130,1,0,0,0,2021-08-28,2021-08-30,2021-09-03,6,4,1,0,3.3799,1074.59,0.9515,822.49,1897.08
"Plaquemines Port District, LA",2021252N28273,MINDY,2021,283,0,0,50,1,0,0,0,,,,0,0,0,0,0,0,0,,
"Plaquemines Port District, LA",2021256N21265,NICHOLAS,2021,205.2,-1,1,30,1,0,0,0,,,,0,0,0,0,0,0,0,,
"Plaquemines Port District, LA",2023152N26274,ARLENE,2023,328.9,0,0,35,0,1,0.0046,2.559,,,,0,0,0,0,0,0,0,,
"Plaquemines Port District, LA",2023239N21274,IDALIA,2023,499.9,3,4,105,0,0,0,0,,,,0,0,0,0,0,0,0,,
"Port Arthur, TX",2015167N27266,BILL,2015,283.8,0,0,50,1,0,0,0,,,,0,0,0,0,0,0,0,,
"Port Arthur, TX",2017171N24271,CINDY,2017,24.9,0,0,50,1,0,0,0,,,,0,0,0,0,0,0,0,,
"Port Arthur, TX",2017228N14314,HARVEY,2017,41.7,4,4,115,1,0,0,0,,,,0,0,0,0,0,0,0,,
"Port Arthur, TX",2017277N11279,NATE,2017,456.1,1,1,78,1,0,0,0,,,,0,0,0,0,0,0,0,,
"Port Arthur, TX",2018246N22283,GORDON,2018,443.4,0,0,45,1,0,0,0,,,,0,0,0,0,0,0,0,,
"Port Arthur, TX",2019192N29274,BARRY,2019,122.4,1,1,65,1,0,0,0,2019-07-12,2019-07-13,2019-07-14,2,1,0,0,0.1491,3.813,0.1339,48.205,52.018
"Port Arthur, TX",2019261N28264,IMELDA,2019,128.9,0,0,40,1,0,0,0,,,,0,0,0,0,0,0,0,,
"Port Arthur, TX",2019299N25265,OLGA,2019,291.6,0,0,45,1,0,0,0,,,,0,0,0,0,0,0,0,,
"Port Arthur, TX",2020154N19269,CRISTOBAL,2020,302.5,0,0,45,1,0,0,0,,,,0,0,0,0,0,0,0,,
"Port Arthur, TX",2020205N26272,HANNA,2020,300.4,1,1,80,1,0,0,0,,,,0,0,0,0,0,0,0,,
"Port Arthur, TX",2020233N14313,LAURA,2020,61.9,4,4,130,1,0,0,0,2020-08-26,2020-08-27,2020-08-28,2,1,0,0,0.5836,7.139,0.2932,17.316,24.455
"Port Arthur, TX",2020234N14280,MARCO,2020,181.1,0,1,38,0,0,0,0,,,,0,0,0,0,0,0,0,,
"Port Arthur, TX",2020261N21265,BETA,2020,42.4,0,0,55,1,0,0,0,,,,0,0,0,0,0,0,0,,
"Port Arthur, TX",2020279N16284,DELTA,2020,81,3,4,105,1,0,0,0,,,,0,0,0,0,0,0,0,,
"Port Arthur, TX",2020299N18277,ZETA,2020,331.5,3,3,100,1,0,0,0,,,,0,0,0,0,0,0,0,,
"Port Arthur, TX",2021169N23268,CLAUDETTE,2021,294,0,0,40,1,0,0,0,,,,0,0,0,0,0,0,0,,
"Port Arthur, TX",2021239N17281,IDA,2021,310.8,4,4,130,1,0,0,0,,,,0,0,0,0,0,0,0,,
"Port Arthur, TX",2021256N21265,NICHOLAS,2021,27.7,1,1,65,1,0,0,0,2021-09-14,2021-09-14,2021-09-16,2,2,1,0,0.4864,26.584,0.2879,82.814,109.398
"Port Arthur, TX",2023234N25271,HAROLD,2023,420.6,0,0,50,0,0,0,0,,,,0,0,0,0,0,0,0,,
"Port Everglades, FL",2015126N27281,ANA,2015,144.3,-3,0,25,0,0,0,0,,,,0,0,0,0,0,0,0,,
"Port Everglades, FL",2015313N22289,KATE,2015,425.2,0,1,55,0,0,0,0,,,,0,0,0,0,0,0,0,,
"Port Everglades, FL",2016148N27288,BONNIE,2016,491,0,0,35,0,0,0,0,,,,0,0,0,0,0,0,0,,
"Port Everglades, FL",2016242N24279,HERMINE,2016,278.3,-1,1,30,0,0,0,0,,,,0,0,0,0,0,0,0,,
"Port Everglades, FL",2016257N27280,JULIA,2016,130.2,0,0,45,1,0,0,0,,,,0,0,0,0,0,0,0,,
"Port Everglades, FL",2016273N13300,MATTHEW,2016,156.8,4,5,120,0,0,0,0,2016-10-06,2016-10-06,2016-10-07,1,1,0,0,0.0639,6.345,0.0639,93.014,99.359
"Port Everglades, FL",2017212N28275,EMILY,2017,164.6,0,0,50,1,0,0,0,,,,0,0,0,0,0,0,0,,
"Port Everglades, FL",2017242N16333,IRMA,2017,124.3,4,5,130,1,0,0,0,2017-09-08,2017-09-10,2017-09-12,4,2,1,0,2.0607,180.221,0.6033,166.501,346.722
"Port Everglades, FL",2017301N18276,PHILIPPE,2017,391.2,0,0,35,1,0,0,0,,,,0,0,0,0,0,0,0,,
"Port Everglades, FL",2018146N19273,ALBERTO,2018,386.2,-2,0,45,0,0,0,0,,,,0,0,0,0,0,0,0,,
"Port Everglades, FL",2018246N22283,GORDON,2018,112,0,0,55,1,0,0,0,,,,0,0,0,0,0,0,0,,
"Port Everglades, FL",2019204N25283,UNNAMED,2019,95.5,-1,-1,30,1,0,0,0,,,,0,0,0,0,0,0,0,,
"Port Everglades, FL",2019236N10314,DORIAN,2019,211.6,5,5,160,0,0,0,0,2019-09-02,2019-09-02,2019-09-03,1,1,0,0,0.1989,10.591,0.1989,42.647,53.238
"Port Everglades, FL",2019256N23286,HUMBERTO,2019,339.8,1,3,70,0,0,0,0,,,,0,0,0,0,0,0,0,,
"Port Everglades, FL",2020138N28281,ARTHUR,2020,269.2,0,0,35,0,0,0,0,,,,0,0,0,0,0,0,0,,
"Port Everglades, FL",2020211N13306,ISAIAS,2020,105.5,1,1,75,1,0,0,0,,,,0,0,0,0,0,0,0,,
"Port Everglades, FL",2020244N30279,OMAR,2020,450.8,-3,0,28,0,0,0,0,,,,0,0,0,0,0,0,0,,
"Port Everglades, FL",2020256N25281,SALLY,2020,66.5,0,2,50,1,0,0,0,,,,0,0,0,0,0,0,0,,
"Port Everglades, FL",2020306N15288,ETA,2020,141.4,1,4,65,1,0,0,0,,,,0,0,0,0,0,0,0,,
"Port Everglades, FL",2021182N09317,ELSA,2021,254.7,1,1,65,1,0,0,0,,,,0,0,0,0,0,0,0,,
"Port Everglades, FL",2021222N14301,FRED,2021,393.2,0,0,40,1,0,0,0,,,,0,0,0,0,0,0,0,,
"Port Everglades, FL",2022154N21273,ALEX,2022,95.9,0,0,45,1,0,0,0,,,,0,0,0,0,0,0,0,,
"Port Everglades, FL",2022266N12294,IAN,2022,169.7,5,5,140,1,0,0,0,2022-09-28,2022-09-28,2022-09-30,2,2,1,0,0.2466,28.755,0.1511,205.826,234.581
"Port Everglades, FL",2022311N21293,NICOLE,2022,143.3,1,1,65,1,0,0,0,2022-11-09,2022-11-09,2022-11-11,2,2,1,0,0.4502,71.172,0.2769,245.977,317.149
"Port Everglades, FL",2023152N26274,ARLENE,2023,408.1,-3,0,25,0,0,0,0,,,,0,0,0,0,0,0,0,,
"Port Everglades, FL",2023239N21274,IDALIA,2023,430.3,4,4,115,0,0,0,0,,,,0,0,0,0,0,0,0,,
"Port Freeport, TX",2015167N27266,BILL,2015,135.6,0,0,50,1,0,0,0,,,,0,0,0,0,0,0,0,,
"Port Freeport, TX",2017171N24271,CINDY,2017,186.2,0,0,50,1,0,0,0,,,,0,0,0,0,0,0,0,,
"Port Freeport, TX",2017228N14314,HARVEY,2017,90.9,4,4,115,1,0,0,0,2017-08-25,2017-08-28,2017-08-31,6,3,1,1,5.2357,48.447,1,6.924,55.372
"Port Freeport, TX",2019192N29274,BARRY,2019,295.7,1,1,65,1,1,0.0309,4.367,,,,0,0,0,0,0,0,0,,
"Port Freeport, TX",2019261N28264,IMELDA,2019,17.8,0,0,40,1,0,0,0,2019-09-19,2019-09-19,2019-09-20,1,1,0,0,0.102,3.023,0.102,26.627,29.651
"Port Freeport, TX",2019299N25265,OLGA,2019,377.9,0,0,45,1,0,0,0,,,,0,0,0,0,0,0,0,,
"Port Freeport, TX",2020154N19269,CRISTOBAL,2020,475.8,0,0,35,1,0,0,0,,,,0,0,0,0,0,0,0,,
"Port Freeport, TX",2020205N26272,HANNA,2020,226.7,1,1,80,1,0,0,0,,,,0,0,0,0,0,0,0,,
"Port Freeport, TX",2020233N14313,LAURA,2020,223.1,4,4,130,1,0,0,0,,,,0,0,0,0,0,0,0,,
"Port Freeport, TX",2020234N14280,MARCO,2020,310.5,-3,1,25,0,0,0,0,,,,0,0,0,0,0,0,0,,
"Port Freeport, TX",2020261N21265,BETA,2020,12.3,0,0,55,1,0,0,0,2020-09-21,2020-09-21,2020-09-23,2,2,1,0,0.7796,12.541,0.4967,19.313,31.854
"Port Freeport, TX",2020279N16284,DELTA,2020,190.8,3,4,105,1,0,0,0,,,,0,0,0,0,0,0,0,,
"Port Freeport, TX",2020299N18277,ZETA,2020,447.5,3,3,100,1,0,0,0,,,,0,0,0,0,0,0,0,,
"Port Freeport, TX",2021169N23268,CLAUDETTE,2021,426.6,0,0,40,1,0,0,0,,,,0,0,0,0,0,0,0,,
"Port Freeport, TX",2021239N17281,IDA,2021,476.4,4,4,125,1,1,0.1532,25.698,,,,0,0,0,0,0,0,0,,
"Port Freeport, TX",2021256N21265,NICHOLAS,2021,12.3,1,1,65,1,0,0,0,,,,0,0,0,0,0,0,0,,
"Port Freeport, TX",2023234N25271,HAROLD,2023,274.5,0,0,50,1,0,0,0,,,,0,0,0,0,0,0,0,,
"Port Jefferson, NY",2015126N27281,ANA,2015,141.4,-1,0,30,1,0,0,0,,,,0,0,0,0,0,0,0,,
"Port Jefferson, NY",2016158N22272,COLIN,2016,423,-4,0,50,0,0,0,0,,,,0,0,0,0,0,0,0,,
"Port Jefferson, NY",2016240N31295,UNNAMED,2016,491,-1,-1,30,0,0,0,0,,,,0,0,0,0,0,0,0,,
"Port Jefferson, NY",2016242N24279,HERMINE,2016,176,-4,1,60,1,0,0,0,,,,0,0,0,0,0,0,0,,
"Port Jefferson, NY",2017247N09327,JOSE,2017,338.1,0,4,60,0,0,0,0,2017-09-24,2017-09-24,2017-09-25,1,1,0,0,0.2816,1.409,0.2816,3.594,5.004
"Port Jefferson, NY",2017260N12310,MARIA,2017,487,1,5,65,0,0,0,0,,,,0,0,0,0,0,0,0,,
"Port Jefferson, NY",2017277N11279,NATE,2017,317.7,-4,1,25,1,0,0,0,,,,0,0,0,0,0,0,0,,
"Port Jefferson, NY",2018242N13343,FLORENCE,2018,138.7,-4,4,25,1,0,0,0,,,,0,0,0,0,0,0,0,,
"Port Jefferson, NY",2018280N18273,MICHAEL,2018,296.5,-4,5,60,0,0,0,0,,,,0,0,0,0,0,0,0,,
"Port Jefferson, NY",2019236N10314,DORIAN,2019,414.3,2,5,85,0,0,0,0,,,,0,0,0,0,0,0,0,,
"Port Jefferson, NY",2019239N32287,ERIN,2019,460.2,-4,0,35,0,0,0,0,,,,0,0,0,0,0,0,0,,
"Port Jefferson, NY",2019282N35286,MELISSA,2019,410.5,-2,0,55,0,0,0,0,,,,0,0,0,0,0,0,0,,
"Port Jefferson, NY",2019291N22264,NESTOR,2019,403.7,-4,0,40,0,4,0.1023,1.357,,,,0,0,0,0,0,0,0,,
"Port Jefferson, NY",2020138N28281,ARTHUR,2020,485.5,0,0,53,0,0,0,0,,,,0,0,0,0,0,0,0,,
"Port Jefferson, NY",2020188N28271,FAY,2020,103.1,0,0,50,1,0,0,0,,,,0,0,0,0,0,0,0,,
"Port Jefferson, NY",2020211N13306,ISAIAS,2020,168.8,0,1,60,1,0,0,0,,,,0,0,0,0,0,0,0,,
"Port Jefferson, NY",2020228N37286,KYLE,2020,375.2,0,0,45,0,0,0,0,,,,0,0,0,0,0,0,0,,
"Port Jefferson, NY",2020299N18277,ZETA,2020,201.1,-4,3,45,0,0,0,0,,,,0,0,0,0,0,0,0,,
"Port Jefferson, NY",2021169N23268,CLAUDETTE,2021,350.9,0,0,40,0,0,0,0,,,,0,0,0,0,0,0,0,,
"Port Jefferson, NY",2021182N09317,ELSA,2021,67,0,1,50,1,0,0,0,,,,0,0,0,0,0,0,0,,
"Port Jefferson, NY",2021222N14301,FRED,2021,194.7,-3,0,25,1,0,0,0,2021-08-19,2021-08-19,2021-08-20,1,1,0,0,0.2752,2.113,0.2752,5.566,7.679
"Port Jefferson, NY",2021227N36297,HENRI,2021,51.6,1,1,65,1,0,0,0,,,,0,0,0,0,0,0,0,,
"Port Jefferson, NY",2021239N17281,IDA,2021,47.3,-4,4,40,1,0,0,0,,,,0,0,0,0,0,0,0,,
"Port Jefferson, NY",2021259N30286,ODETTE,2021,454,0,0,40,0,0,0,0,,,,0,0,0,0,0,0,0,,
"Port Jefferson, NY",2021299N33284,WANDA,2021,260.6,-4,0,60,0,0,0,0,,,,0,0,0,0,0,0,0,,
"Port Jefferson, NY",2023265N29284,OPHELIA,2023,397.4,-4,0,20,1,0,0,0,,,,0,0,0,0,0,0,0,,
"Port of Brunswick, GA",2015126N27281,ANA,2015,355.4,0,0,50,1,0,0,0,,,,0,0,0,0,0,0,0,,
"Port of Brunswick, GA",2016148N27288,BONNIE,2016,199.3,0,0,40,1,0,0,0,,,,0,0,0,0,0,0,0,,
"Port of Brunswick, GA",2016158N22272,COLIN,2016,76.6,0,0,45,1,0,0,0,,,,0,0,0,0,0,0,0,,
"Port of Brunswick, GA",2016242N24279,HERMINE,2016,96.7,1,1,70,1,0,0,0,,,,0,0,0,0,0,0,0,,
"Port of Brunswick, GA",2016257N27280,JULIA,2016,17,0,0,45,1,1,0.5309,13.618,,,,0,0,0,0,0,0,0,,
"Port of Brunswick, GA",2016273N13300,MATTHEW,2016,84.8,4,5,113,1,0,0,0,2016-10-06,2016-10-07,2016-10-08,2,1,0,0,0.4579,2.573,0.3746,8.452,11.025
"Port of Brunswick, GA",2017212N28275,EMILY,2017,320.3,0,0,50,1,0,0,0,,,,0,0,0,0,0,0,0,,
"Port of Brunswick, GA",2017240N31279,UNNAMED,2017,90.2,-3,-3,35,0,0,0,0,,,,0,0,0,0,0,0,0,,
"Port of Brunswick, GA",2017242N16333,IRMA,2017,180.5,1,5,80,1,0,0,0,,,,0,0,0,0,0,0,0,,
"Port of Brunswick, GA",2018146N19273,ALBERTO,2018,440.2,0,0,50,1,0,0,0,,,,0,0,0,0,0,0,0,,
"Port of Brunswick, GA",2018242N13343,FLORENCE,2018,272.7,1,4,80,1,0,0,0,,,,0,0,0,0,0,0,0,,
"Port of Brunswick, GA",2018280N18273,MICHAEL,2018,244.6,5,5,140,1,0,0,0,,,,0,0,0,0,0,0,0,,
"Port of Brunswick, GA",2019204N25283,UNNAMED,2019,317.6,-1,-1,30,0,0,0,0,2019-07-23,2019-07-23,2019-07-24,1,1,0,0,0.0338,0.162,0.0338,4.64,4.802
"Port of Brunswick, GA",2019236N10314,DORIAN,2019,171.2,3,5,100,0,0,0,0,,,,0,0,0,0,0,0,0,,
"Port of Brunswick, GA",2019256N23286,HUMBERTO,2019,397.5,1,3,75,0,0,0,0,,,,0,0,0,0,0,0,0,,
"Port of Brunswick, GA",2019291N22264,NESTOR,2019,185.7,-4,0,40,1,0,0,0,,,,0,0,0,0,0,0,0,,
"Port of Brunswick, GA",2020138N28281,ARTHUR,2020,392.7,0,0,40,0,0,0,0,,,,0,0,0,0,0,0,0,,
"Port of Brunswick, GA",2020148N32281,BERTHA,2020,245.3,0,0,45,1,0,0,0,,,,0,0,0,0,0,0,0,,
"Port of Brunswick, GA",2020188N28271,FAY,2020,239.6,-3,0,30,1,0,0,0,,,,0,0,0,0,0,0,0,,
"Port of Brunswick, GA",2020211N13306,ISAIAS,2020,163.4,1,1,80,1,0,0,0,,,,0,0,0,0,0,0,0,,
"Port of Brunswick, GA",2020244N30279,OMAR,2020,129.6,-1,0,30,0,0,0,0,,,,0,0,0,0,0,0,0,,
"Port of Brunswick, GA",2020256N25281,SALLY,2020,293.9,0,2,35,1,0,0,0,,,,0,0,0,0,0,0,0,,
"Port of Brunswick, GA",2020306N15288,ETA,2020,32.9,0,4,58,1,0,0,0,,,,0,0,0,0,0,0,0,,
"Port of Brunswick, GA",2021165N32282,BILL,2021,331.9,-3,0,20,0,0,0,0,,,,0,0,0,0,0,0,0,,
"Port of Brunswick, GA",2021169N23268,CLAUDETTE,2021,324.1,0,0,40,1,0,0,0,,,,0,0,0,0,0,0,0,,
"Port of Brunswick, GA",2021179N30287,DANNY,2021,158,0,0,40,1,0,0,0,,,,0,0,0,0,0,0,0,,
"Port of Brunswick, GA",2021182N09317,ELSA,2021,121.5,0,1,60,1,0,0,0,,,,0,0,0,0,0,0,0,,
"Port of Brunswick, GA",2021222N14301,FRED,2021,372.3,0,0,55,1,0,0,0,,,,0,0,0,0,0,0,0,,
"Port of Brunswick, GA",2021252N28273,MINDY,2021,30.2,0,0,50,1,2,0.2126,5.475,,,,0,0,0,0,0,0,0,,
"Port of Brunswick, GA",2022154N21273,ALEX,2022,434.8,0,0,45,1,0,0,0,,,,0,0,0,0,0,0,0,,
"Port of Brunswick, GA",2022183N32280,COLIN,2022,118.6,0,0,35,1,0,0,0,,,,0,0,0,0,0,0,0,,
"Port of Brunswick, GA",2022266N12294,IAN,2022,239.6,4,5,130,1,0,0,0,2022-09-28,2022-09-30,2022-10-01,3,1,0,0,1.6906,11.682,0.7533,8.668,20.35
"Port of Brunswick, GA",2022311N21293,NICOLE,2022,251.4,1,1,65,1,0,0,0,,,,0,0,0,0,0,0,0,,
"Port of Brunswick, GA",2023239N21274,IDALIA,2023,103.7,4,4,115,1,0,0,0,2023-08-30,2023-08-30,2023-08-31,1,1,0,0,0.0712,0.272,0.0712,3.547,3.819
"Port of Charleston, SC",2015126N27281,ANA,2015,137.3,0,0,50,1,0,0,0,,,,0,0,0,0,0,0,0,,
"Port of Charleston, SC",2016148N27288,BONNIE,2016,9.2,0,0,40,1,0,0,0,,,,0,0,0,0,0,0,0,,
"Port of Charleston, SC",2016158N22272,COLIN,2016,132.2,0,0,48,1,0,0,0,,,,0,0,0,0,0,0,0,,
"Port of Charleston, SC",2016240N31295,UNNAMED,2016,477.2,-1,-1,30,0,6,0.5549,91.516,,,,0,0,0,0,0,0,0,,
"Port of Charleston, SC",2016242N24279,HERMINE,2016,15.5,1,1,65,1,0,0,0,,,,0,0,0,0,0,0,0,,
"Port of Charleston, SC",2016257N27280,JULIA,2016,125,0,0,45,1,0,0,0,,,,0,0,0,0,0,0,0,,
"Port of Charleston, SC",2016273N13300,MATTHEW,2016,50.1,3,5,105,1,0,0,0,2016-10-07,2016-10-09,2016-10-10,3,1,0,0,0.5635,41.495,0.2124,178.174,219.67
"Port of Charleston, SC",2017212N28275,EMILY,2017,316.5,-1,0,30,0,0,0,0,,,,0,0,0,0,0,0,0,,
"Port of Charleston, SC",2017240N31279,UNNAMED,2017,68.7,-3,-3,40,1,0,0,0,,,,0,0,0,0,0,0,0,,
"Port of Charleston, SC",2017242N16333,IRMA,2017,403.1,0,5,50,1,0,0,0,2017-09-11,2017-09-11,2017-09-13,2,2,1,0,0.5049,31.87,0.4185,95.296,127.166
"Port of Charleston, SC",2018186N31292,CHRIS,2018,432.1,0,2,43,0,0,0,0,,,,0,0,0,0,0,0,0,,
"Port of Charleston, SC",2018242N13343,FLORENCE,2018,64.3,3,4,98,1,0,0,0,2018-09-13,2018-09-14,2018-09-16,3,2,1,0,0.5374,43.339,0.2084,198.316,241.655
"Port of Charleston, SC",2018280N18273,MICHAEL,2018,195.2,1,5,80,1,0,0,0,,,,0,0,0,0,0,0,0,,
"Port of Charleston, SC",2019204N25283,UNNAMED,2019,491.8,-1,-1,30,0,0,0,0,,,,0,0,0,0,0,0,0,,
"Port of Charleston, SC",2019236N10314,DORIAN,2019,111.7,3,5,100,0,0,0,0,2019-09-05,2019-09-05,2019-09-06,1,1,0,0,0.1065,9.44,0.1065,79.178,88.618
"Port of Charleston, SC",2019256N23286,HUMBERTO,2019,467.2,1,3,75,0,0,0,0,,,,0,0,0,0,0,0,0,,
"Port of Charleston, SC",2019291N22264,NESTOR,2019,124.4,-4,0,40,1,0,0,0,,,,0,0,0,0,0,0,0,,
"Port of Charleston, SC",2020138N28281,ARTHUR,2020,299,0,0,45,0,0,0,0,2020-05-17,2020-05-17,2020-05-18,1,1,0,0,0.0096,1.033,0.0096,106.781,107.814
"Port of Charleston, SC",2020148N32281,BERTHA,2020,23.4,0,0,45,1,0,0,0,,,,0,0,0,0,0,0,0,,
"Port of Charleston, SC",2020188N28271,FAY,2020,33.3,-3,0,35,1,0,0,0,,,,0,0,0,0,0,0,0,,
"Port of Charleston, SC",2020211N13306,ISAIAS,2020,90.8,1,1,80,1,0,0,0,,,,0,0,0,0,0,0,0,,
"Port of Charleston, SC",2020244N30279,OMAR,2020,300.2,-1,0,30,0,0,0,0,,,,0,0,0,0,0,0,0,,
"Port of Charleston, SC",2020256N25281,SALLY,2020,139.1,-4,2,30,1,0,0,0,,,,0,0,0,0,0,0,0,,
"Port of Charleston, SC",2020299N18277,ZETA,2020,409.4,0,3,45,1,0,0,0,,,,0,0,0,0,0,0,0,,
"Port of Charleston, SC",2020306N15288,ETA,2020,125.5,0,4,40,1,0,0,0,,,,0,0,0,0,0,0,0,,
"Port of Charleston, SC",2021165N32282,BILL,2021,220.4,-1,0,28,0,10,0.8465,161.709,,,,0,0,0,0,0,0,0,,
"Port of Charleston, SC",2021169N23268,CLAUDETTE,2021,169.5,0,0,40,1,6,0.275,53.915,,,,0,0,0,0,0,0,0,,
"Port of Charleston, SC",2021179N30287,DANNY,2021,91.4,0,0,40,1,0,0,0,,,,0,0,0,0,0,0,0,,
"Port of Charleston, SC",2021182N09317,ELSA,2021,120.5,0,1,55,1,0,0,0,,,,0,0,0,0,0,0,0,,
"Port of Charleston, SC",2021222N14301,FRED,2021,437,-1,0,25,1,0,0,0,,,,0,0,0,0,0,0,0,,
"Port of Charleston, SC",2021252N28273,MINDY,2021,158.8,0,0,35,1,0,0,0,,,,0,0,0,0,0,0,0,,
"Port of Charleston, SC",2021259N30286,ODETTE,2021,441.9,-3,0,30,0,0,0,0,,,,0,0,0,0,0,0,0,,
"Port of Charleston, SC",2021299N33284,WANDA,2021,354.1,-4,0,40,0,0,0,0,,,,0,0,0,0,0,0,0,,
"Port of Charleston, SC",2022183N32280,COLIN,2022,13,0,0,35,1,0,0,0,2022-07-02,2022-07-02,2022-07-03,1,1,0,0,0.225,22.489,0.225,77.483,99.972
"Port of Charleston, SC",2022266N12294,IAN,2022,83.7,1,5,75,1,0,0,0,2022-09-29,2022-09-30,2022-10-02,3,2,1,0,0.9974,94.05,0.498,188.818,282.868
"Port of Charleston, SC",2022311N21293,NICOLE,2022,419.3,0,1,38,1,0,0,0,2022-11-11,2022-11-11,2022-11-12,1,1,0,0,0.0839,7.959,0.0839,86.954,94.913
"Port of Charleston, SC",2023239N21274,IDALIA,2023,23.4,3,4,100,1,0,0,0,2023-08-30,2023-08-31,2023-09-01,2,1,0,0,0.5193,39.072,0.3533,111.026,150.098
"Port of Charleston, SC",2023265N29284,OPHELIA,2023,285.9,0,0,60,1,0,0,0,,,,0,0,0,0,0,0,0,,
"Port of Greater Baton Rouge, LA",2015167N27266,BILL,2015,482.4,0,0,45,0,0,0,0,,,,0,0,0,0,0,0,0,,
"Port of Greater Baton Rouge, LA",2017171N24271,CINDY,2017,239.6,0,0,50,1,0,0,0,,,,0,0,0,0,0,0,0,,
"Port of Greater Baton Rouge, LA",2017228N14314,HARVEY,2017,156,0,4,45,1,0,0,0,,,,0,0,0,0,0,0,0,,
"Port of Greater Baton Rouge, LA",2017277N11279,NATE,2017,210.9,1,1,80,1,0,0,0,,,,0,0,0,0,0,0,0,,
"Port of Greater Baton Rouge, LA",2018146N19273,ALBERTO,2018,475.3,-1,0,30,1,0,0,0,,,,0,0,0,0,0,0,0,,
"Port of Greater Baton Rouge, LA",2018246N22283,GORDON,2018,209.8,0,0,60,1,0,0,0,,,,0,0,0,0,0,0,0,,
"Port of Greater Baton Rouge, LA",2019192N29274,BARRY,2019,122.2,1,1,65,1,0,0,0,,,,0,0,0,0,0,0,0,,
"Port of Greater Baton Rouge, LA",2019261N28264,IMELDA,2019,342.1,0,0,40,1,0,0,0,,,,0,0,0,0,0,0,0,,
"Port of Greater Baton Rouge, LA",2019291N22264,NESTOR,2019,447.1,0,0,50,0,0,0,0,,,,0,0,0,0,0,0,0,,
"Port of Greater Baton Rouge, LA",2019299N25265,OLGA,2019,83.8,0,0,45,1,0,0,0,,,,0,0,0,0,0,0,0,,
"Port of Greater Baton Rouge, LA",2020154N19269,CRISTOBAL,2020,69.1,0,0,45,1,0,0,0,2020-06-09,2020-06-09,2020-06-10,1,1,0,0,0.6151,23.703,0.6151,14.831,38.534
"Port of Greater Baton Rouge, LA",2020188N28271,FAY,2020,390.5,-3,0,28,0,0,0,0,,,,0,0,0,0,0,0,0,,
"Port of Greater Baton Rouge, LA",2020205N26272,HANNA,2020,400.2,0,1,55,0,0,0,0,,,,0,0,0,0,0,0,0,,
"Port of Greater Baton Rouge, LA",2020233N14313,LAURA,2020,201.3,4,4,130,1,0,0,0,,,,0,0,0,0,0,0,0,,
"Port of Greater Baton Rouge, LA",2020234N14280,MARCO,2020,178.5,0,1,50,0,0,0,0,,,,0,0,0,0,0,0,0,,
"Port of Greater Baton Rouge, LA",2020256N25281,SALLY,2020,325.8,2,2,95,1,0,0,0,,,,0,0,0,0,0,0,0,,
"Port of Greater Baton Rouge, LA",2020261N21265,BETA,2020,101.2,0,0,55,1,0,0,0,,,,0,0,0,0,0,0,0,,
"Port of Greater Baton Rouge, LA",2020279N16284,DELTA,2020,121.2,3,4,103,1,0,0,0,,,,0,0,0,0,0,0,0,,
"Port of Greater Baton Rouge, LA",2020299N18277,ZETA,2020,137.2,3,3,100,1,0,0,0,,,,0,0,0,0,0,0,0,,
"Port of Greater Baton Rouge, LA",2021169N23268,CLAUDETTE,2021,94.8,0,0,40,1,0,0,0,,,,0,0,0,0,0,0,0,,
"Port of Greater Baton Rouge, LA",2021239N17281,IDA,2021,50.7,4,4,130,1,1,0.0575,11.359,2021-08-30,2021-08-31,2021-09-01,2,1,0,0,1.8572,122.78,0.9352,9.45,132.23
"Port of Greater Baton Rouge, LA",2021252N28273,MINDY,2021,491.8,0,0,35,0,1,0.1478,29.604,,,,0,0,0,0,0,0,0,,
"Port of Greater Baton Rouge, LA",2021256N21265,NICHOLAS,2021,77.8,1,1,65,1,0,0,0,,,,0,0,0,0,0,0,0,,
"Port of Gulfport, MS",2016158N22272,COLIN,2016,386.7,0,0,45,0,0,0,0,,,,0,0,0,0,0,0,0,,
"Port of Gulfport, MS",2016242N24279,HERMINE,2016,437,1,1,70,1,0,0,0,,,,0,0,0,0,0,0,0,,
"Port of Gulfport, MS",2017171N24271,CINDY,2017,450.7,0,0,50,1,0,0,0,,,,0,0,0,0,0,0,0,,
"Port of Gulfport, MS",2017212N28275,EMILY,2017,420.5,-1,0,33,0,0,0,0,,,,0,0,0,0,0,0,0,,
"Port of Gulfport, MS",2017228N14314,HARVEY,2017,340.1,0,4,45,1,0,0,0,,,,0,0,0,0,0,0,0,,
"Port of Gulfport, MS",2017242N16333,IRMA,2017,413.3,0,5,35,1,0,0,0,,,,0,0,0,0,0,0,0,,
"Port of Gulfport, MS",2017277N11279,NATE,2017,7,1,1,80,1,0,0,0,,,,0,0,0,0,0,0,0,,
"Port of Gulfport, MS",2018146N19273,ALBERTO,2018,285.7,0,0,55,1,0,0,0,2018-05-28,2018-05-28,2018-05-29,1,1,0,1,1,1.466,1,0,1.466
"Port of Gulfport, MS",2018246N22283,GORDON,2018,54.6,0,0,60,1,0,0,0,,,,0,0,0,0,0,0,0,,
"Port of Gulfport, MS",2018280N18273,MICHAEL,2018,310.6,5,5,140,1,0,0,0,,,,0,0,0,0,0,0,0,,
"Port of Gulfport, MS",2019192N29274,BARRY,2019,274.7,1,1,65,1,0,0,0,,,,0,0,0,0,0,0,0,,
"Port of Gulfport, MS",2019291N22264,NESTOR,2019,276.9,0,0,50,1,0,0,0,,,,0,0,0,0,0,0,0,,
"Port of Gulfport, MS",2019299N25265,OLGA,2019,154.4,-4,0,45,1,0,0,0,,,,0,0,0,0,0,0,0,,
"Port of Gulfport, MS",2020154N19269,CRISTOBAL,2020,105.6,0,0,45,1,0,0,0,,,,0,0,0,0,0,0,0,,
"Port of Gulfport, MS",2020188N28271,FAY,2020,290.1,-3,0,30,1,0,0,0,,,,0,0,0,0,0,0,0,,
"Port of Gulfport, MS",2020233N14313,LAURA,2020,412.8,4,4,130,1,0,0,0,,,,0,0,0,0,0,0,0,,
"Port of Gulfport, MS",2020234N14280,MARCO,2020,169.9,0,1,55,0,0,0,0,,,,0,0,0,0,0,0,0,,
"Port of Gulfport, MS",2020256N25281,SALLY,2020,126.5,2,2,95,1,0,0,0,,,,0,0,0,0,0,0,0,,
"Port of Gulfport, MS",2020261N21265,BETA,2020,261,0,0,50,1,0,0,0,,,,0,0,0,0,0,0,0,,
"Port of Gulfport, MS",2020279N16284,DELTA,2020,313.5,2,4,90,1,0,0,0,,,,0,0,0,0,0,0,0,,
"Port of Gulfport, MS",2020299N18277,ZETA,2020,83.5,3,3,100,1,0,0,0,,,,0,0,0,0,0,0,0,,
"Port of Gulfport, MS",2021169N23268,CLAUDETTE,2021,81.8,0,0,40,1,0,0,0,,,,0,0,0,0,0,0,0,,
"Port of Gulfport, MS",2021222N14301,FRED,2021,352.1,0,0,55,1,0,0,0,,,,0,0,0,0,0,0,0,,
"Port of Gulfport, MS",2021239N17281,IDA,2021,158.2,4,4,130,1,0,0,0,,,,0,0,0,0,0,0,0,,
"Port of Gulfport, MS",2021252N28273,MINDY,2021,314.3,0,0,50,1,13,8.859,71.502,,,,0,0,0,0,0,0,0,,
"Port of Gulfport, MS",2021256N21265,NICHOLAS,2021,264.4,-1,1,30,1,12,8.8434,71.414,,,,0,0,0,0,0,0,0,,
"Port of Gulfport, MS",2022311N21293,NICOLE,2022,435.5,0,1,35,1,0,0,0,,,,0,0,0,0,0,0,0,,
"Port of Gulfport, MS",2023152N26274,ARLENE,2023,366.9,0,0,35,0,0,0,0,,,,0,0,0,0,0,0,0,,
"Port of Palm Beach District, FL",2015126N27281,ANA,2015,129,-3,0,28,0,0,0,0,,,,0,0,0,0,0,0,0,,
"Port of Palm Beach District, FL",2015313N22289,KATE,2015,419.4,0,1,55,0,0,0,0,,,,0,0,0,0,0,0,0,,
"Port of Palm Beach District, FL",2016148N27288,BONNIE,2016,441.5,0,0,40,0,0,0,0,,,,0,0,0,0,0,0,0,,
"Port of Palm Beach District, FL",2016158N22272,COLIN,2016,459.2,0,0,45,1,0,0,0,,,,0,0,0,0,0,0,0,,
"Port of Palm Beach District, FL",2016242N24279,HERMINE,2016,334.1,1,1,70,0,0,0,0,,,,0,0,0,0,0,0,0,,
"Port of Palm Beach District, FL",2016257N27280,JULIA,2016,73.7,0,0,45,1,0,0,0,,,,0,0,0,0,0,0,0,,
"Port of Palm Beach District, FL",2016273N13300,MATTHEW,2016,122.2,4,5,120,0,0,0,0,,,,0,0,0,0,0,0,0,,
"Port of Palm Beach District, FL",2017212N28275,EMILY,2017,105.6,0,0,50,1,0,0,0,,,,0,0,0,0,0,0,0,,
"Port of Palm Beach District, FL",2017240N31279,UNNAMED,2017,446.3,-3,-3,35,0,0,0,0,,,,0,0,0,0,0,0,0,,
"Port of Palm Beach District, FL",2017242N16333,IRMA,2017,120.5,4,5,120,1,0,0,0,,,,0,0,0,0,0,0,0,,
"Port of Palm Beach District, FL",2017301N18276,PHILIPPE,2017,449.5,-1,0,30,1,0,0,0,,,,0,0,0,0,0,0,0,,
"Port of Palm Beach District, FL",2018146N19273,ALBERTO,2018,388.4,-2,0,45,0,0,0,0,,,,0,0,0,0,0,0,0,,
"Port of Palm Beach District, FL",2018246N22283,GORDON,2018,160,0,0,55,1,0,0,0,,,,0,0,0,0,0,0,0,,
"Port of Palm Beach District, FL",2019204N25283,UNNAMED,2019,91.6,-1,-1,30,1,0,0,0,,,,0,0,0,0,0,0,0,,
"Port of Palm Beach District, FL",2019236N10314,DORIAN,2019,199.2,5,5,160,0,0,0,0,,,,0,0,0,0,0,0,0,,
"Port of Palm Beach District, FL",2019256N23286,HUMBERTO,2019,316.6,1,3,73,0,0,0,0,,,,0,0,0,0,0,0,0,,
"Port of Palm Beach District, FL",2020138N28281,ARTHUR,2020,229.2,0,0,35,0,0,0,0,,,,0,0,0,0,0,0,0,,
"Port of Palm Beach District, FL",2020211N13306,ISAIAS,2020,95,1,1,73,1,0,0,0,,,,0,0,0,0,0,0,0,,
"Port of Palm Beach District, FL",2020244N30279,OMAR,2020,390.7,-1,0,30,0,0,0,0,,,,0,0,0,0,0,0,0,,
"Port of Palm Beach District, FL",2020256N25281,SALLY,2020,124.8,0,2,50,1,0,0,0,,,,0,0,0,0,0,0,0,,
"Port of Palm Beach District, FL",2020306N15288,ETA,2020,200.2,1,4,65,1,0,0,0,,,,0,0,0,0,0,0,0,,
"Port of Palm Beach District, FL",2021182N09317,ELSA,2021,261.4,1,1,65,1,0,0,0,,,,0,0,0,0,0,0,0,,
"Port of Palm Beach District, FL",2021222N14301,FRED,2021,425.2,0,0,45,1,0,0,0,,,,0,0,0,0,0,0,0,,
"Port of Palm Beach District, FL",2022154N21273,ALEX,2022,57.4,0,0,45,1,0,0,0,,,,0,0,0,0,0,0,0,,
"Port of Palm Beach District, FL",2022266N12294,IAN,2022,127.1,5,5,140,1,0,0,0,,,,0,0,0,0,0,0,0,,
"Port of Palm Beach District, FL",2022311N21293,NICOLE,2022,96.5,1,1,65,1,0,0,0,,,,0,0,0,0,0,0,0,,
"Port of Palm Beach District, FL",2023152N26274,ARLENE,2023,453.8,-3,0,25,0,0,0,0,,,,0,0,0,0,0,0,0,,
"Port of Palm Beach District, FL",2023239N21274,IDALIA,2023,418.2,4,4,115,1,0,0,0,,,,0,0,0,0,0,0,0,,
"Port of Palm Beach District, FL",2023265N29284,OPHELIA,2023,486.3,-4,0,30,0,16,3.1114,165.588,,,,0,0,0,0,0,0,0,,
"Port of Pascagoula, MS",2016158N22272,COLIN,2016,359,0,0,45,1,0,0,0,,,,0,0,0,0,0,0,0,,
"Port of Pascagoula, MS",2016242N24279,HERMINE,2016,403.1,1,1,70,1,0,0,0,,,,0,0,0,0,0,0,0,,
"Port of Pascagoula, MS",2017171N24271,CINDY,2017,491.7,0,0,50,1,0,0,0,,,,0,0,0,0,0,0,0,,
"Port of Pascagoula, MS",2017212N28275,EMILY,2017,387.3,0,0,35,0,0,0,0,,,,0,0,0,0,0,0,0,,
"Port of Pascagoula, MS",2017228N14314,HARVEY,2017,369.3,0,4,40,1,1,0.1353,16.113,,,,0,0,0,0,0,0,0,,
"Port of Pascagoula, MS",2017242N16333,IRMA,2017,384.2,0,5,45,1,0,0,0,,,,0,0,0,0,0,0,0,,
"Port of Pascagoula, MS",2017277N11279,NATE,2017,26.9,1,1,80,1,0,0,0,2017-10-07,2017-10-08,2017-10-10,3,2,1,0,2.2803,67.551,0.874,21.362,88.914
"Port of Pascagoula, MS",2018146N19273,ALBERTO,2018,244.8,0,0,55,1,0,0,0,,,,0,0,0,0,0,0,0,,
"Port of Pascagoula, MS",2018246N22283,GORDON,2018,13.7,0,0,60,1,0,0,0,2018-09-04,2018-09-05,2018-09-07,3,2,1,0,1.9026,63.05,0.8818,37.308,100.357
"Port of Pascagoula, MS",2018280N18273,MICHAEL,2018,277.1,5,5,140,1,0,0,0,2018-10-09,2018-10-09,2018-10-11,2,2,1,0,1.4545,35.52,0.7368,13.3,48.82
"Port of Pascagoula, MS",2019192N29274,BARRY,2019,298.4,1,1,65,1,0,0,0,,,,0,0,0,0,0,0,0,,
"Port of Pascagoula, MS",2019291N22264,NESTOR,2019,247.4,0,0,50,1,0,0,0,,,,0,0,0,0,0,0,0,,
"Port of Pascagoula, MS",2019299N25265,OLGA,2019,190,-4,0,45,1,0,0,0,,,,0,0,0,0,0,0,0,,
"Port of Pascagoula, MS",2020154N19269,CRISTOBAL,2020,143.3,0,0,45,1,0,0,0,,,,0,0,0,0,0,0,0,,
"Port of Pascagoula, MS",2020188N28271,FAY,2020,274.7,-3,0,30,1,0,0,0,,,,0,0,0,0,0,0,0,,
"Port of Pascagoula, MS",2020233N14313,LAURA,2020,454,4,4,130,1,0,0,0,,,,0,0,0,0,0,0,0,,
"Port of Pascagoula, MS",2020234N14280,MARCO,2020,175.9,0,1,55,0,0,0,0,,,,0,0,0,0,0,0,0,,
"Port of Pascagoula, MS",2020256N25281,SALLY,2020,90.4,2,2,95,1,0,0,0,2020-09-15,2020-09-16,2020-09-17,2,1,0,0,1.046,9.982,0.5934,8.903,18.885
"Port of Pascagoula, MS",2020261N21265,BETA,2020,276.6,-4,0,25,1,0,0,0,,,,0,0,0,0,0,0,0,,
"Port of Pascagoula, MS",2020279N16284,DELTA,2020,347,2,4,87,1,0,0,0,,,,0,0,0,0,0,0,0,,
"Port of Pascagoula, MS",2020299N18277,ZETA,2020,107.5,3,3,100,1,0,0,0,2020-10-28,2020-10-29,2020-10-30,2,1,0,0,0.9321,14.274,0.6474,16.284,30.558
"Port of Pascagoula, MS",2021169N23268,CLAUDETTE,2021,102.6,0,0,40,1,0,0,0,,,,0,0,0,0,0,0,0,,
"Port of Pascagoula, MS",2021182N09317,ELSA,2021,496.3,0,1,55,1,0,0,0,,,,0,0,0,0,0,0,0,,
"Port of Pascagoula, MS",2021222N14301,FRED,2021,309,0,0,55,1,0,0,0,,,,0,0,0,0,0,0,0,,
"Port of Pascagoula, MS",2021239N17281,IDA,2021,200.1,4,4,130,1,0,0,0,2021-08-29,2021-08-29,2021-08-31,2,2,1,0,0.1972,2.198,0.125,19.913,22.111
"Port of Pascagoula, MS",2021252N28273,MINDY,2021,289.5,0,0,50,1,0,0,0,,,,0,0,0,0,0,0,0,,
"Port of Pascagoula, MS",2021256N21265,NICHOLAS,2021,306.1,-1,1,30,1,0,0,0,,,,0,0,0,0,0,0,0,,
"Port of Pascagoula, MS",2022311N21293,NICOLE,2022,392.7,0,1,35,1,0,0,0,,,,0,0,0,0,0,0,0,,
"Port of Pascagoula, MS",2023152N26274,ARLENE,2023,342.7,0,0,35,0,0,0,0,,,,0,0,0,0,0,0,0,,
"Port of Pascagoula, MS",2023239N21274,IDALIA,2023,462,4,4,115,1,0,0,0,,,,0,0,0,0,0,0,0,,
"Port of Providence, RI",2015126N27281,ANA,2015,125.2,-3,0,28,0,0,0,0,,,,0,0,0,0,0,0,0,,
"Port of Providence, RI",2016158N22272,COLIN,2016,438.8,-4,0,50,0,0,0,0,,,,0,0,0,0,0,0,0,,
"Port of Providence, RI",2016242N24279,HERMINE,2016,113.4,-4,1,58,1,0,0,0,,,,0,0,0,0,0,0,0,,
"Port of Providence, RI",2017247N09327,JOSE,2017,291.9,0,4,60,0,2,0.4285,9.908,,,,0,0,0,0,0,0,0,,
"Port of Providence, RI",2017277N11279,NATE,2017,271.5,-4,1,25,1,0,0,0,,,,0,0,0,0,0,0,0,,
"Port of Providence, RI",2018242N13343,FLORENCE,2018,163.9,-4,4,25,1,0,0,0,,,,0,0,0,0,0,0,0,,
"Port of Providence, RI",2018280N18273,MICHAEL,2018,307.5,-4,5,60,0,0,0,0,,,,0,0,0,0,0,0,0,,
"Port of Providence, RI",2019236N10314,DORIAN,2019,368.4,2,5,85,0,0,0,0,,,,0,0,0,0,0,0,0,,
"Port of Providence, RI",2019239N32287,ERIN,2019,441.4,-4,0,35,0,0,0,0,,,,0,0,0,0,0,0,0,,
"Port of Providence, RI",2019282N35286,MELISSA,2019,390.2,-2,0,55,0,0,0,0,,,,0,0,0,0,0,0,0,,
"Port of Providence, RI",2020188N28271,FAY,2020,233.3,0,0,50,1,0,0,0,,,,0,0,0,0,0,0,0,,
"Port of Providence, RI",2020211N13306,ISAIAS,2020,236.5,0,1,58,1,0,0,0,,,,0,0,0,0,0,0,0,,
"Port of Providence, RI",2020228N37286,KYLE,2020,415,0,0,45,0,0,0,0,,,,0,0,0,0,0,0,0,,
"Port of Providence, RI",2020299N18277,ZETA,2020,257,-4,3,45,0,0,0,0,,,,0,0,0,0,0,0,0,,
"Port of Providence, RI",2021169N23268,CLAUDETTE,2021,362.3,0,0,40,0,0,0,0,,,,0,0,0,0,0,0,0,,
"Port of Providence, RI",2021182N09317,ELSA,2021,39.3,0,1,50,1,0,0,0,,,,0,0,0,0,0,0,0,,
"Port of Providence, RI",2021222N14301,FRED,2021,94.7,-4,0,25,1,0,0,0,,,,0,0,0,0,0,0,0,,
"Port of Providence, RI",2021227N36297,HENRI,2021,19.4,1,1,65,1,1,0.108,2.859,,,,0,0,0,0,0,0,0,,
"Port of Providence, RI",2021239N17281,IDA,2021,101.2,-4,4,40,1,4,0.615,16.207,,,,0,0,0,0,0,0,0,,
"Port of Providence, RI",2021259N30286,ODETTE,2021,458.5,0,0,40,0,0,0,0,,,,0,0,0,0,0,0,0,,
"Port of Providence, RI",2021299N33284,WANDA,2021,160.7,-4,0,60,0,0,0,0,,,,0,0,0,0,0,0,0,,
"Port of Providence, RI",2023249N12320,LEE,2023,430.8,-4,5,70,0,0,0,0,,,,0,0,0,0,0,0,0,,
"Port of Savannah, GA",2015126N27281,ANA,2015,279.5,0,0,50,1,0,0,0,,,,0,0,0,0,0,0,0,,
"Port of Savannah, GA",2016148N27288,BONNIE,2016,102.2,0,0,40,1,0,0,0,,,,0,0,0,0,0,0,0,,
"Port of Savannah, GA",2016158N22272,COLIN,2016,62.8,0,0,48,1,0,0,0,,,,0,0,0,0,0,0,0,,
"Port of Savannah, GA",2016242N24279,HERMINE,2016,34.3,1,1,70,1,0,0,0,2016-09-01,2016-09-02,2016-09-03,2,1,0,0,0.9133,46.841,0.7542,51.553,98.393
"Port of Savannah, GA",2016257N27280,JULIA,2016,51.9,0,0,45,1,0,0,0,,,,0,0,0,0,0,0,0,,
"Port of Savannah, GA",2016273N13300,MATTHEW,2016,58.7,3,5,108,1,0,0,0,2016-10-06,2016-10-10,2016-10-12,6,2,1,0,4.3401,226.254,0.7986,85.678,311.932
"Port of Savannah, GA",2017212N28275,EMILY,2017,326.3,-1,0,30,0,0,0,0,,,,0,0,0,0,0,0,0,,
"Port of Savannah, GA",2017240N31279,UNNAMED,2017,93.2,-3,-3,38,1,0,0,0,,,,0,0,0,0,0,0,0,,
"Port of Savannah, GA",2017242N16333,IRMA,2017,261.8,1,5,65,1,0,0,0,2017-09-09,2017-09-11,2017-09-13,4,2,1,0,3.0111,155.806,0.8685,52.735,208.541
"Port of Savannah, GA",2018146N19273,ALBERTO,2018,490.2,-1,0,30,1,0,0,0,,,,0,0,0,0,0,0,0,,
"Port of Savannah, GA",2018242N13343,FLORENCE,2018,167.2,2,4,90,1,0,0,0,2018-09-16,2018-09-16,2018-09-17,1,1,0,0,0.084,3.825,0.084,41.69,45.515
"Port of Savannah, GA",2018280N18273,MICHAEL,2018,193.7,5,5,140,1,0,0,0,,,,0,0,0,0,0,0,0,,
"Port of Savannah, GA",2019204N25283,UNNAMED,2019,403.6,-1,-1,30,0,0,0,0,,,,0,0,0,0,0,0,0,,
"Port of Savannah, GA",2019236N10314,DORIAN,2019,163.6,3,5,100,0,0,0,0,2019-09-02,2019-09-05,2019-09-07,5,2,1,0,3.1428,137.055,0.8658,81.032,218.088
"Port of Savannah, GA",2019256N23286,HUMBERTO,2019,439.4,1,3,75,0,0,0,0,,,,0,0,0,0,0,0,0,,
"Port of Savannah, GA",2019291N22264,NESTOR,2019,123.8,-4,0,40,1,0,0,0,,,,0,0,0,0,0,0,0,,
"Port of Savannah, GA",2020138N28281,ARTHUR,2020,379,0,0,43,0,0,0,0,,,,0,0,0,0,0,0,0,,
"Port of Savannah, GA",2020148N32281,BERTHA,2020,160.5,0,0,45,1,0,0,0,,,,0,0,0,0,0,0,0,,
"Port of Savannah, GA",2020188N28271,FAY,2020,133.7,-3,0,30,1,0,0,0,,,,0,0,0,0,0,0,0,,
"Port of Savannah, GA",2020211N13306,ISAIAS,2020,154.6,1,1,80,1,0,0,0,,,,0,0,0,0,0,0,0,,
"Port of Savannah, GA",2020244N30279,OMAR,2020,214.9,-1,0,30,0,0,0,0,,,,0,0,0,0,0,0,0,,
"Port of Savannah, GA",2020256N25281,SALLY,2020,203.4,-1,2,33,1,0,0,0,,,,0,0,0,0,0,0,0,,
"Port of Savannah, GA",2020299N18277,ZETA,2020,423.4,0,3,53,1,0,0,0,,,,0,0,0,0,0,0,0,,
"Port of Savannah, GA",2020306N15288,ETA,2020,87.3,0,4,53,1,0,0,0,,,,0,0,0,0,0,0,0,,
"Port of Savannah, GA",2021165N32282,BILL,2021,285.9,-3,0,23,0,0,0,0,,,,0,0,0,0,0,0,0,,
"Port of Savannah, GA",2021169N23268,CLAUDETTE,2021,233.8,0,0,40,1,0,0,0,,,,0,0,0,0,0,0,0,,
"Port of Savannah, GA",2021179N30287,DANNY,2021,52.1,0,0,40,1,0,0,0,,,,0,0,0,0,0,0,0,,
"Port of Savannah, GA",2021182N09317,ELSA,2021,100.6,0,1,55,1,0,0,0,,,,0,0,0,0,0,0,0,,
"Port of Savannah, GA",2021222N14301,FRED,2021,386.6,0,0,55,1,0,0,0,,,,0,0,0,0,0,0,0,,
"Port of Savannah, GA",2021252N28273,MINDY,2021,82.9,0,0,50,1,0,0,0,,,,0,0,0,0,0,0,0,,
"Port of Savannah, GA",2021299N33284,WANDA,2021,455.5,-4,0,35,0,0,0,0,,,,0,0,0,0,0,0,0,,
"Port of Savannah, GA",2022183N32280,COLIN,2022,41.3,0,0,35,1,0,0,0,2022-07-02,2022-07-02,2022-07-03,1,1,0,0,0.0133,0.97,0.0133,72.031,73.001
"Port of Savannah, GA",2022266N12294,IAN,2022,201.4,1,5,75,1,0,0,0,2022-09-29,2022-09-30,2022-10-02,3,2,1,0,1.7296,141.768,0.7851,103.619,245.387
"Port of Savannah, GA",2022311N21293,NICOLE,2022,336.9,0,1,62,1,0,0,0,2022-11-11,2022-11-11,2022-11-12,1,1,0,0,0.0803,6.434,0.0803,73.741,80.175
"Port of Savannah, GA",2023239N21274,IDALIA,2023,64.7,4,4,115,1,0,0,0,2023-08-30,2023-08-30,2023-09-01,2,2,1,0,1.2822,98.849,0.7063,55.317,154.166
"Port of Savannah, GA",2023265N29284,OPHELIA,2023,420.4,0,0,60,1,11,1.9289,305.057,,,,0,0,0,0,0,0,0,,
"PortMiami, FL",2015126N27281,ANA,2015,185.2,-3,0,25,0,0,0,0,,,,0,0,0,0,0,0,0,,
"PortMiami, FL",2015313N22289,KATE,2015,438.5,0,1,53,0,0,0,0,,,,0,0,0,0,0,0,0,,
"PortMiami, FL",2016242N24279,HERMINE,2016,220.9,-1,1,30,0,0,0,0,,,,0,0,0,0,0,0,0,,
"PortMiami, FL",2016257N27280,JULIA,2016,190.3,0,0,45,1,0,0,0,,,,0,0,0,0,0,0,0,,
"PortMiami, FL",2016273N13300,MATTHEW,2016,191.5,4,5,120,0,0,0,0,,,,0,0,0,0,0,0,0,,
"PortMiami, FL",2017212N28275,EMILY,2017,223.3,0,0,50,1,0,0,0,,,,0,0,0,0,0,0,0,,
"PortMiami, FL",2017242N16333,IRMA,2017,120.5,5,5,145,1,0,0,0,,,,0,0,0,0,0,0,0,,
"PortMiami, FL",2017301N18276,PHILIPPE,2017,331.3,0,0,35,1,0,0,0,,,,0,0,0,0,0,0,0,,
"PortMiami, FL",2018146N19273,ALBERTO,2018,381.4,-2,0,45,0,0,0,0,,,,0,0,0,0,0,0,0,,
"PortMiami, FL",2018246N22283,GORDON,2018,60.2,0,0,55,1,0,0,0,,,,0,0,0,0,0,0,0,,
"PortMiami, FL",2019204N25283,UNNAMED,2019,119.5,-1,-1,30,1,0,0,0,,,,0,0,0,0,0,0,0,,
"PortMiami, FL",2019236N10314,DORIAN,2019,242,5,5,160,0,0,0,0,,,,0,0,0,0,0,0,0,,
"PortMiami, FL",2019256N23286,HUMBERTO,2019,373.1,1,3,65,0,0,0,0,,,,0,0,0,0,0,0,0,,
"PortMiami, FL",2020138N28281,ARTHUR,2020,320.2,0,0,35,0,0,0,0,,,,0,0,0,0,0,0,0,,
"PortMiami, FL",2020211N13306,ISAIAS,2020,128,1,1,75,1,0,0,0,2020-08-01,2020-08-01,2020-08-03,2,2,1,0,0.8213,51.84,0.462,73.306,125.145
"PortMiami, FL",2020233N14313,LAURA,2020,455.6,0,4,58,1,0,0,0,2020-08-24,2020-08-24,2020-08-25,1,1,0,0,0.3024,17.409,0.3024,40.16,57.569
"PortMiami, FL",2020256N25281,SALLY,2020,12.2,0,2,50,1,0,0,0,2020-09-12,2020-09-12,2020-09-13,1,1,0,0,0.3532,21.486,0.3532,39.337,60.823
"PortMiami, FL",2020306N15288,ETA,2020,81.5,1,4,65,1,0,0,0,2020-11-07,2020-11-08,2020-11-10,3,2,1,0,0.8017,57.831,0.4264,167.447,225.278
"PortMiami, FL",2021182N09317,ELSA,2021,241.1,1,1,65,1,0,0,0,,,,0,0,0,0,0,0,0,,
"PortMiami, FL",2021222N14301,FRED,2021,333.6,0,0,40,1,5,1.1644,172.339,,,,0,0,0,0,0,0,0,,
"PortMiami, FL",2021239N17281,IDA,2021,450.1,1,4,70,1,0,0,0,,,,0,0,0,0,0,0,0,,
"PortMiami, FL",2022154N21273,ALEX,2022,140,0,0,45,1,0,0,0,,,,0,0,0,0,0,0,0,,
"PortMiami, FL",2022266N12294,IAN,2022,199.9,5,5,140,1,0,0,0,,,,0,0,0,0,0,0,0,,
"PortMiami, FL",2022311N21293,NICOLE,2022,200.4,1,1,65,1,0,0,0,2022-11-09,2022-11-09,2022-11-10,1,1,0,0,0.1548,8.496,0.1548,46.407,54.903
"PortMiami, FL",2023152N26274,ARLENE,2023,360.6,-3,0,25,0,0,0,0,,,,0,0,0,0,0,0,0,,
"PortMiami, FL",2023239N21274,IDALIA,2023,433.2,3,4,105,0,0,0,0,,,,0,0,0,0,0,0,0,,
"Portland, ME",2015126N27281,ANA,2015,228.6,-3,0,25,0,0,0,0,2015-05-11,2015-05-12,2015-05-14,3,2,1,0,2.1722,21.725,0.8331,8.425,30.15
"Portland, ME",2016242N24279,HERMINE,2016,217.1,-4,1,55,1,0,0,0,,,,0,0,0,0,0,0,0,,
"Portland, ME",2017247N09327,JOSE,2017,445.5,0,4,60,0,1,0.2715,12.032,,,,0,0,0,0,0,0,0,,
"Portland, ME",2017277N11279,NATE,2017,143.8,-4,1,25,1,0,0,0,,,,0,0,0,0,0,0,0,,
"Portland, ME",2018242N13343,FLORENCE,2018,296.8,-4,4,25,1,0,0,0,,,,0,0,0,0,0,0,0,,
"Portland, ME",2018280N18273,MICHAEL,2018,422.4,-4,5,60,0,0,0,0,,,,0,0,0,0,0,0,0,,
"Portland, ME",2019236N10314,DORIAN,2019,418.8,2,5,85,0,0,0,0,,,,0,0,0,0,0,0,0,,
"Portland, ME",2020188N28271,FAY,2020,304.8,-1,0,33,1,0,0,0,,,,0,0,0,0,0,0,0,,
"Portland, ME",2020211N13306,ISAIAS,2020,233.2,0,1,50,1,0,0,0,,,,0,0,0,0,0,0,0,,
"Portland, ME",2020299N18277,ZETA,2020,476.7,-4,3,45,0,0,0,0,,,,0,0,0,0,0,0,0,,
"Portland, ME",2021169N23268,CLAUDETTE,2021,474.6,-4,0,40,0,0,0,0,,,,0,0,0,0,0,0,0,,
"Portland, ME",2021182N09317,ELSA,2021,83.7,0,1,50,1,0,0,0,,,,0,0,0,0,0,0,0,,
"Portland, ME",2021222N14301,FRED,2021,131.7,-4,0,25,1,0,0,0,,,,0,0,0,0,0,0,0,,
"Portland, ME",2021227N36297,HENRI,2021,168.8,1,1,65,1,0,0,0,,,,0,0,0,0,0,0,0,,
"Portland, ME",2021239N17281,IDA,2021,219.4,-4,4,40,1,0,0,0,,,,0,0,0,0,0,0,0,,
"Portland, ME",2021299N33284,WANDA,2021,258.8,-4,0,60,0,0,0,0,,,,0,0,0,0,0,0,0,,
"Portland, ME",2023249N12320,LEE,2023,308.6,-4,5,70,1,0,0,0,,,,0,0,0,0,0,0,0,,
"Sabine Pass Port Authority, TX",2015167N27266,BILL,2015,256.9,0,0,50,1,0,0,0,,,,0,0,0,0,0,0,0,,
"Sabine Pass Port Authority, TX",2017171N24271,CINDY,2017,41.4,0,0,50,1,0,0,0,2017-06-21,2017-06-22,2017-06-24,3,2,1,0,0.6925,3.051,0.6004,10.775,13.826
"Sabine Pass Port Authority, TX",2017228N14314,HARVEY,2017,60.3,4,4,115,1,0,0,0,,,,0,0,0,0,0,0,0,,
"Sabine Pass Port Authority, TX",2017277N11279,NATE,2017,474.8,1,1,75,1,0,0,0,,,,0,0,0,0,0,0,0,,
"Sabine Pass Port Authority, TX",2018246N22283,GORDON,2018,470.5,0,0,38,1,0,0,0,,,,0,0,0,0,0,0,0,,
"Sabine Pass Port Authority, TX",2019192N29274,BARRY,2019,148.1,1,1,65,1,0,0,0,,,,0,0,0,0,0,0,0,,
"Sabine Pass Port Authority, TX",2019261N28264,IMELDA,2019,126.3,0,0,40,1,0,0,0,,,,0,0,0,0,0,0,0,,
"Sabine Pass Port Authority, TX",2019299N25265,OLGA,2019,300.4,0,0,45,1,0,0,0,,,,0,0,0,0,0,0,0,,
"Sabine Pass Port Authority, TX",2020154N19269,CRISTOBAL,2020,328,0,0,45,1,0,0,0,,,,0,0,0,0,0,0,0,,
"Sabine Pass Port Authority, TX",2020205N26272,HANNA,2020,279,1,1,80,1,0,0,0,,,,0,0,0,0,0,0,0,,
"Sabine Pass Port Authority, TX",2020233N14313,LAURA,2020,79.5,4,4,130,1,0,0,0,2020-08-25,2020-08-26,2020-08-29,4,3,1,0,1.6695,7.553,0.663,10.324,17.878
"Sabine Pass Port Authority, TX",2020234N14280,MARCO,2020,188.6,0,1,35,0,0,0,0,2020-08-25,2020-08-26,2020-08-29,4,3,1,0,1.6615,7.494,0.662,10.324,17.819
"Sabine Pass Port Authority, TX",2020261N21265,BETA,2020,55.1,0,0,55,1,0,0,0,2020-09-21,2020-09-21,2020-09-22,1,1,0,0,0.1924,0.797,0.1924,3.346,4.143
"Sabine Pass Port Authority, TX",2020279N16284,DELTA,2020,82.9,3,4,105,1,0,0,0,,,,0,0,0,0,0,0,0,,
"Sabine Pass Port Authority, TX",2020299N18277,ZETA,2020,345.1,3,3,100,1,0,0,0,,,,0,0,0,0,0,0,0,,
"Sabine Pass Port Authority, TX",2021169N23268,CLAUDETTE,2021,306,0,0,40,1,0,0,0,,,,0,0,0,0,0,0,0,,
"Sabine Pass Port Authority, TX",2021239N17281,IDA,2021,333.6,4,4,130,1,0,0,0,,,,0,0,0,0,0,0,0,,
"Sabine Pass Port Authority, TX",2021256N21265,NICHOLAS,2021,34.6,1,1,65,1,0,0,0,,,,0,0,0,0,0,0,0,,
"Sabine Pass Port Authority, TX",2023234N25271,HAROLD,2023,393.3,0,0,50,1,0,0,0,,,,0,0,0,0,0,0,0,,
"San Juan, PR",2015237N14315,ERIKA,2015,115.1,0,0,45,0,0,0,0,,,,0,0,0,0,0,0,0,,
"San Juan, PR",2016273N13300,MATTHEW,2016,469.7,1,5,68,0,0,0,0,,,,0,0,0,0,0,0,0,,
"San Juan, PR",2017224N22293,GERT,2017,448.8,-3,2,25,0,0,0,0,,,,0,0,0,0,0,0,0,,
"San Juan, PR",2017242N16333,IRMA,2017,87.6,5,5,155,0,0,0,0,,,,0,0,0,0,0,0,0,,
"San Juan, PR",2017247N09327,JOSE,2017,296.3,4,4,120,0,0,0,0,,,,0,0,0,0,0,0,0,,
"San Juan, PR",2017260N12310,MARIA,2017,28.4,5,5,150,1,0,0,0,,,,0,0,0,0,0,0,0,,
"San Juan, PR",2018186N10325,BERYL,2018,180.9,-3,1,35,0,0,0,0,,,,0,0,0,0,0,0,0,,
"San Juan, PR",2018251N13325,ISAAC,2018,358.3,0,1,35,0,1,0.0551,4.245,,,,0,0,0,0,0,0,0,,
"San Juan, PR",2018265N08338,KIRK,2018,489.6,0,0,35,0,0,0,0,,,,0,0,0,0,0,0,0,,
"San Juan, PR",2019236N10314,DORIAN,2019,80,1,5,78,0,0,0,0,,,,0,0,0,0,0,0,0,,
"San Juan, PR",2019260N13317,JERRY,2019,393,0,2,63,0,0,0,0,,,,0,0,0,0,0,0,0,,
"San Juan, PR",2019265N12301,KAREN,2019,76.2,0,0,40,0,0,0,0,,,,0,0,0,0,0,0,0,,
"San Juan, PR",2020211N13306,ISAIAS,2020,226,0,1,63,1,0,0,0,2020-07-30,2020-07-30,2020-07-31,1,1,0,0,0.3551,1.887,0.3551,3.428,5.315
"San Juan, PR",2020224N11326,JOSEPHINE,2020,257.2,0,0,35,0,0,0,0,,,,0,0,0,0,0,0,0,,
"San Juan, PR",2020233N14313,LAURA,2020,82.3,0,4,45,1,0,0,0,2020-08-22,2020-08-22,2020-08-23,1,1,0,0,0.6931,7.739,0.6931,3.426,11.165
"San Juan, PR",2021182N09317,ELSA,2021,359.9,1,1,70,0,0,0,0,,,,0,0,0,0,0,0,0,,
"San Juan, PR",2021222N14301,FRED,2021,124.8,0,0,40,1,0,0,0,,,,0,0,0,0,0,0,0,,
"San Juan, PR",2021225N15313,GRACE,2021,158.2,-1,3,33,0,0,0,0,2021-08-15,2021-08-15,2021-08-16,1,1,0,0,0.6483,16.209,0.6483,8.791,25
"San Juan, PR",2021262N16307,PETER,2021,250.6,0,0,45,0,0,0,0,,,,0,0,0,0,0,0,0,,
"San Juan, PR",2022246N18301,EARL,2022,207.6,0,2,60,0,0,0,0,,,,0,0,0,0,0,0,0,,
"San Juan, PR",2022257N16312,FIONA,2022,111.9,2,4,95,1,0,0,0,2022-09-17,2022-09-18,2022-09-19,2,1,0,0,0.808,22.835,0.4259,33.423,56.259
"San Juan, PR",2022311N21293,NICOLE,2022,254,-3,1,35,0,0,0,0,,,,0,0,0,0,0,0,0,,
"San Juan, PR",2023232N13300,FRANKLIN,2023,397,0,4,60,0,0,0,0,,,,0,0,0,0,0,0,0,,
"San Juan, PR",2023266N16323,PHILIPPE,2023,150.7,0,0,45,0,0,0,0,,,,0,0,0,0,0,0,0,,
"San Juan, PR",2023292N13309,TAMMY,2023,292.2,1,2,80,0,0,0,0,2023-10-21,2023-10-22,2023-10-23,2,1,0,0,0.3292,10.783,0.2563,57.524,68.307
"South Jersey Port Corp, NJ",2015126N27281,ANA,2015,118.2,-1,0,30,1,0,0,0,,,,0,0,0,0,0,0,0,,
"South Jersey Port Corp, NJ",2015193N35285,CLAUDETTE,2015,466.1,-3,0,25,0,0,0,0,,,,0,0,0,0,0,0,0,,
"South Jersey Port Corp, NJ",2016148N27288,BONNIE,2016,445.6,0,0,35,0,0,0,0,,,,0,0,0,0,0,0,0,,
"South Jersey Port Corp, NJ",2016158N22272,COLIN,2016,387,-4,0,50,0,0,0,0,,,,0,0,0,0,0,0,0,,
"South Jersey Port Corp, NJ",2016240N31295,UNNAMED,2016,447.9,-1,-1,30,0,0,0,0,,,,0,0,0,0,0,0,0,,
"South Jersey Port Corp, NJ",2016242N24279,HERMINE,2016,214.6,0,1,60,1,0,0,0,,,,0,0,0,0,0,0,0,,
"South Jersey Port Corp, NJ",2016257N27280,JULIA,2016,467.1,-4,0,25,1,0,0,0,,,,0,0,0,0,0,0,0,,
"South Jersey Port Corp, NJ",2017171N24271,CINDY,2017,315.5,-3,0,25,1,0,0,0,,,,0,0,0,0,0,0,0,,
"South Jersey Port Corp, NJ",2017240N31279,UNNAMED,2017,468.6,-4,-3,40,0,0,0,0,,,,0,0,0,0,0,0,0,,
"South Jersey Port Corp, NJ",2017247N09327,JOSE,2017,393.7,0,4,63,0,0,0,0,2017-09-19,2017-09-20,2017-09-21,2,1,0,0,0.0719,4.383,0.0616,112.035,116.418
"South Jersey Port Corp, NJ",2017260N12310,MARIA,2017,410.3,1,5,65,0,0,0,0,,,,0,0,0,0,0,0,0,,
"South Jersey Port Corp, NJ",2017277N11279,NATE,2017,406.1,-4,1,25,1,0,0,0,,,,0,0,0,0,0,0,0,,
"South Jersey Port Corp, NJ",2018242N13343,FLORENCE,2018,246.3,-4,4,25,1,0,0,0,,,,0,0,0,0,0,0,0,,
"South Jersey Port Corp, NJ",2018280N18273,MICHAEL,2018,242.7,-4,5,60,1,0,0,0,,,,0,0,0,0,0,0,0,,
"South Jersey Port Corp, NJ",2019236N10314,DORIAN,2019,376.9,2,5,85,0,0,0,0,,,,0,0,0,0,0,0,0,,
"South Jersey Port Corp, NJ",2019239N32287,ERIN,2019,463,-1,0,35,0,0,0,0,,,,0,0,0,0,0,0,0,,
"South Jersey Port Corp, NJ",2019282N35286,MELISSA,2019,448,-2,0,50,0,0,0,0,,,,0,0,0,0,0,0,0,,
"South Jersey Port Corp, NJ",2019291N22264,NESTOR,2019,235.8,-4,0,40,1,0,0,0,,,,0,0,0,0,0,0,0,,
"South Jersey Port Corp, NJ",2020138N28281,ARTHUR,2020,410.4,0,0,53,0,0,0,0,,,,0,0,0,0,0,0,0,,
"South Jersey Port Corp, NJ",2020148N32281,BERTHA,2020,484.5,-4,0,20,1,0,0,0,2020-05-28,2020-05-28,2020-05-29,1,1,0,0,0.0041,0.096,0.0041,23.085,23.181
"South Jersey Port Corp, NJ",2020188N28271,FAY,2020,46.8,0,0,50,1,0,0,0,,,,0,0,0,0,0,0,0,,
"South Jersey Port Corp, NJ",2020211N13306,ISAIAS,2020,96.1,0,1,60,1,0,0,0,2020-08-04,2020-08-04,2020-08-05,1,1,0,0,0.0881,2.748,0.0881,28.445,31.193
"South Jersey Port Corp, NJ",2020228N37286,KYLE,2020,317.9,0,0,43,0,0,0,0,,,,0,0,0,0,0,0,0,,
"South Jersey Port Corp, NJ",2020299N18277,ZETA,2020,99.3,-4,3,45,1,0,0,0,,,,0,0,0,0,0,0,0,,
"South Jersey Port Corp, NJ",2021169N23268,CLAUDETTE,2021,314.6,0,0,40,1,0,0,0,,,,0,0,0,0,0,0,0,,
"South Jersey Port Corp, NJ",2021182N09317,ELSA,2021,59.4,0,1,50,1,0,0,0,,,,0,0,0,0,0,0,0,,
"South Jersey Port Corp, NJ",2021222N14301,FRED,2021,296.1,-3,0,25,1,0,0,0,2021-08-18,2021-08-19,2021-08-20,2,1,0,0,0.3591,18.108,0.3084,84.12,102.228
"South Jersey Port Corp, NJ",2021227N36297,HENRI,2021,223.9,1,1,65,1,0,0,0,,,,0,0,0,0,0,0,0,,
"South Jersey Port Corp, NJ",2021239N17281,IDA,2021,60.6,-4,4,40,1,0,0,0,,,,0,0,0,0,0,0,0,,
"South Jersey Port Corp, NJ",2021259N30286,ODETTE,2021,433.7,0,0,40,0,0,0,0,,,,0,0,0,0,0,0,0,,
"South Jersey Port Corp, NJ",2021299N33284,WANDA,2021,415.7,-4,0,58,0,0,0,0,,,,0,0,0,0,0,0,0,,
"South Jersey Port Corp, NJ",2023015N36289,UNNAMED,2023,477.4,-4,-2,45,0,0,0,0,,,,0,0,0,0,0,0,0,,
"South Jersey Port Corp, NJ",2023265N29284,OPHELIA,2023,185,0,0,45,1,2,0.0747,10.695,,,,0,0,0,0,0,0,0,,
"South Louisiana, LA, Port of",2016158N22272,COLIN,2016,471.5,0,0,45,0,0,0,0,,,,0,0,0,0,0,0,0,,
"South Louisiana, LA, Port of",2017171N24271,CINDY,2017,306.5,0,0,50,1,0,0,0,2017-06-23,2017-06-27,2017-06-28,5,1,0,0,2.4943,706.56,0.9558,732.078,1438.64
"South Louisiana, LA, Port of",2017228N14314,HARVEY,2017,245.6,0,4,45,1,0,0,0,2017-08-28,2017-08-28,2017-08-30,2,2,1,0,0.2399,71.534,0.1549,525.191,596.725
"South Louisiana, LA, Port of",2017277N11279,NATE,2017,126.7,1,1,80,1,0,0,0,,,,0,0,0,0,0,0,0,,
"South Louisiana, LA, Port of",2018146N19273,ALBERTO,2018,427.2,0,0,55,1,0,0,0,,,,0,0,0,0,0,0,0,,
"South Louisiana, LA, Port of",2018246N22283,GORDON,2018,182.5,0,0,60,1,0,0,0,,,,0,0,0,0,0,0,0,,
"South Louisiana, LA, Port of",2018280N18273,MICHAEL,2018,422.7,5,5,140,1,0,0,0,,,,0,0,0,0,0,0,0,,
"South Louisiana, LA, Port of",2019192N29274,BARRY,2019,154.2,1,1,65,1,0,0,0,,,,0,0,0,0,0,0,0,,
"South Louisiana, LA, Port of",2019261N28264,IMELDA,2019,428.1,0,0,40,1,0,0,0,,,,0,0,0,0,0,0,0,,
"South Louisiana, LA, Port of",2019291N22264,NESTOR,2019,357.3,0,0,50,1,0,0,0,,,,0,0,0,0,0,0,0,,
"South Louisiana, LA, Port of",2019299N25265,OLGA,2019,9.2,0,0,45,1,0,0,0,,,,0,0,0,0,0,0,0,,
"South Louisiana, LA, Port of",2020154N19269,CRISTOBAL,2020,42.9,0,0,45,1,0,0,0,,,,0,0,0,0,0,0,0,,
"South Louisiana, LA, Port of",2020188N28271,FAY,2020,306.9,-3,0,30,1,0,0,0,,,,0,0,0,0,0,0,0,,
"South Louisiana, LA, Port of",2020205N26272,HANNA,2020,393.2,0,1,53,0,0,0,0,,,,0,0,0,0,0,0,0,,
"South Louisiana, LA, Port of",2020233N14313,LAURA,2020,270.2,4,4,130,1,0,0,0,,,,0,0,0,0,0,0,0,,
"South Louisiana, LA, Port of",2020234N14280,MARCO,2020,146.8,0,1,55,0,0,0,0,,,,0,0,0,0,0,0,0,,
"South Louisiana, LA, Port of",2020256N25281,SALLY,2020,239.5,2,2,95,1,0,0,0,,,,0,0,0,0,0,0,0,,
"South Louisiana, LA, Port of",2020261N21265,BETA,2020,187,0,0,55,1,0,0,0,,,,0,0,0,0,0,0,0,,
"South Louisiana, LA, Port of",2020279N16284,DELTA,2020,209.8,3,4,103,1,0,0,0,,,,0,0,0,0,0,0,0,,
"South Louisiana, LA, Port of",2020299N18277,ZETA,2020,61.8,3,3,100,1,0,0,0,,,,0,0,0,0,0,0,0,,
"South Louisiana, LA, Port of",2021169N23268,CLAUDETTE,2021,13.6,0,0,40,1,0,0,0,,,,0,0,0,0,0,0,0,,
"South Louisiana, LA, Port of",2021222N14301,FRED,2021,488.5,0,0,55,1,0,0,0,,,,0,0,0,0,0,0,0,,
"South Louisiana, LA, Port of",2021239N17281,IDA,2021,16.1,4,4,130,1,0,0,0,2021-08-28,2021-09-05,2021-09-10,13,5,1,0,5.4893,1110.56,0.913,1535.27,2645.83
"South Louisiana, LA, Port of",2021252N28273,MINDY,2021,402.4,0,0,45,0,0,0,0,2021-08-29,2021-09-05,2021-09-10,12,5,1,0,5.5006,1119.93,0.9132,1339.39,2459.31
"South Louisiana, LA, Port of",2021256N21265,NICHOLAS,2021,120.3,0,1,50,1,0,0,0,,,,0,0,0,0,0,0,0,,
"South Louisiana, LA, Port of",2023152N26274,ARLENE,2023,449.8,-1,0,33,0,0,0,0,,,,0,0,0,0,0,0,0,,
"Tampa Port Authority, FL",2015126N27281,ANA,2015,334.3,-3,0,25,0,0,0,0,,,,0,0,0,0,0,0,0,,
"Tampa Port Authority, FL",2016148N27288,BONNIE,2016,436.7,0,0,40,0,0,0,0,,,,0,0,0,0,0,0,0,,
"Tampa Port Authority, FL",2016158N22272,COLIN,2016,243.3,0,0,45,1,0,0,0,,,,0,0,0,0,0,0,0,,
"Tampa Port Authority, FL",2016242N24279,HERMINE,2016,267.8,1,1,70,1,0,0,0,,,,0,0,0,0,0,0,0,,
"Tampa Port Authority, FL",2016257N27280,JULIA,2016,147.6,0,0,45,1,0,0,0,,,,0,0,0,0,0,0,0,,
"Tampa Port Authority, FL",2016273N13300,MATTHEW,2016,228.7,4,5,120,0,0,0,0,,,,0,0,0,0,0,0,0,,
"Tampa Port Authority, FL",2017212N28275,EMILY,2017,47.5,0,0,50,1,0,0,0,,,,0,0,0,0,0,0,0,,
"Tampa Port Authority, FL",2017240N31279,UNNAMED,2017,349.2,-3,-3,35,0,0,0,0,,,,0,0,0,0,0,0,0,,
"Tampa Port Authority, FL",2017242N16333,IRMA,2017,35.7,4,5,115,1,0,0,0,2017-09-09,2017-09-11,2017-09-12,3,1,0,0,1.7726,56.111,0.7285,40.259,96.371
"Tampa Port Authority, FL",2018146N19273,ALBERTO,2018,235.6,0,0,55,1,1,0.0524,7.815,,,,0,0,0,0,0,0,0,,
"Tampa Port Authority, FL",2018246N22283,GORDON,2018,173.2,0,0,60,1,0,0,0,,,,0,0,0,0,0,0,0,,
"Tampa Port Authority, FL",2018280N18273,MICHAEL,2018,384.4,5,5,140,1,0,0,0,,,,0,0,0,0,0,0,0,,
"Tampa Port Authority, FL",2019192N29274,BARRY,2019,412.3,-3,1,30,0,0,0,0,,,,0,0,0,0,0,0,0,,
"Tampa Port Authority, FL",2019204N25283,UNNAMED,2019,242.5,-1,-1,30,0,0,0,0,,,,0,0,0,0,0,0,0,,
"Tampa Port Authority, FL",2019236N10314,DORIAN,2019,321.2,5,5,155,0,1,0.0053,0.786,,,,0,0,0,0,0,0,0,,
"Tampa Port Authority, FL",2019256N23286,HUMBERTO,2019,435.7,1,3,68,0,0,0,0,,,,0,0,0,0,0,0,0,,
"Tampa Port Authority, FL",2019291N22264,NESTOR,2019,388.6,0,0,50,1,0,0,0,,,,0,0,0,0,0,0,0,,
"Tampa Port Authority, FL",2020138N28281,ARTHUR,2020,358.3,0,0,35,0,0,0,0,,,,0,0,0,0,0,0,0,,
"Tampa Port Authority, FL",2020188N28271,FAY,2020,366.9,-3,0,30,1,0,0,0,,,,0,0,0,0,0,0,0,,
"Tampa Port Authority, FL",2020211N13306,ISAIAS,2020,261.1,1,1,65,0,0,0,0,,,,0,0,0,0,0,0,0,,
"Tampa Port Authority, FL",2020244N30279,OMAR,2020,301.1,-3,0,28,0,0,0,0,,,,0,0,0,0,0,0,0,,
"Tampa Port Authority, FL",2020256N25281,SALLY,2020,176,1,2,75,1,0,0,0,,,,0,0,0,0,0,0,0,,
"Tampa Port Authority, FL",2020306N15288,ETA,2020,112.2,1,4,65,1,0,0,0,,,,0,0,0,0,0,0,0,,
"Tampa Port Authority, FL",2021182N09317,ELSA,2021,114,1,1,65,1,0,0,0,,,,0,0,0,0,0,0,0,,
"Tampa Port Authority, FL",2021222N14301,FRED,2021,323,0,0,55,1,0,0,0,,,,0,0,0,0,0,0,0,,
"Tampa Port Authority, FL",2021239N17281,IDA,2021,494,1,4,80,0,0,0,0,,,,0,0,0,0,0,0,0,,
"Tampa Port Authority, FL",2021252N28273,MINDY,2021,325.4,0,0,50,1,0,0,0,,,,0,0,0,0,0,0,0,,
"Tampa Port Authority, FL",2022154N21273,ALEX,2022,175.6,0,0,43,1,0,0,0,,,,0,0,0,0,0,0,0,,
"Tampa Port Authority, FL",2022183N32280,COLIN,2022,468.1,-1,0,33,0,0,0,0,,,,0,0,0,0,0,0,0,,
"Tampa Port Authority, FL",2022266N12294,IAN,2022,101.2,5,5,140,1,0,0,0,2022-09-27,2022-09-30,2022-10-02,5,2,1,0,2.6873,141.526,0.7346,131.318,272.844
"Tampa Port Authority, FL",2022311N21293,NICOLE,2022,56.7,1,1,65,1,4,0.6699,118.847,,,,0,0,0,0,0,0,0,,
"Tampa Port Authority, FL",2023152N26274,ARLENE,2023,349.4,0,0,35,0,0,0,0,,,,0,0,0,0,0,0,0,,
"Tampa Port Authority, FL",2023239N21274,IDALIA,2023,215.7,4,4,115,1,0,0,0,2023-08-29,2023-08-30,2023-09-01,3,2,1,0,1.4871,81.019,0.6447,81.558,162.577
"Terrebonne Parish Port, LA",2015167N27266,BILL,2015,427.5,0,0,48,0,0,0,0,,,,0,0,0,0,0,0,0,,
"Terrebonne Parish Port, LA",2016158N22272,COLIN,2016,455.5,0,0,45,0,1,0.0258,1.518,,,,0,0,0,0,0,0,0,,
"Terrebonne Parish Port, LA",2017171N24271,CINDY,2017,266.2,0,0,50,1,0,0,0,2017-06-23,2017-06-23,2017-06-24,1,1,0,0,0.1903,3.65,0.1903,15.53,19.18
"Terrebonne Parish Port, LA",2017228N14314,HARVEY,2017,259.2,0,4,45,1,0,0,0,,,,0,0,0,0,0,0,0,,
"Terrebonne Parish Port, LA",2017277N11279,NATE,2017,161.1,1,1,80,1,1,0.1704,8.898,,,,0,0,0,0,0,0,0,,
"Terrebonne Parish Port, LA",2018146N19273,ALBERTO,2018,473.9,0,0,55,1,2,0.2036,7.114,,,,0,0,0,0,0,0,0,,
"Terrebonne Parish Port, LA",2018246N22283,GORDON,2018,254.5,0,0,60,1,0,0,0,,,,0,0,0,0,0,0,0,,
"Terrebonne Parish Port, LA",2018280N18273,MICHAEL,2018,435,4,5,133,0,0,0,0,,,,0,0,0,0,0,0,0,,
"Terrebonne Parish Port, LA",2019192N29274,BARRY,2019,80.7,1,1,65,1,0,0,0,,,,0,0,0,0,0,0,0,,
"Terrebonne Parish Port, LA",2019261N28264,IMELDA,2019,423.3,0,0,40,1,0,0,0,,,,0,0,0,0,0,0,0,,
"Terrebonne Parish Port, LA",2019291N22264,NESTOR,2019,338.2,0,0,50,0,1,0.0993,3.729,,,,0,0,0,0,0,0,0,,
"Terrebonne Parish Port, LA",2019299N25265,OLGA,2019,69.4,0,0,45,1,0,0,0,,,,0,0,0,0,0,0,0,,
"Terrebonne Parish Port, LA",2020154N19269,CRISTOBAL,2020,100.7,0,0,45,1,0,0,0,,,,0,0,0,0,0,0,0,,
"Terrebonne Parish Port, LA",2020188N28271,FAY,2020,269.8,-3,0,30,0,0,0,0,,,,0,0,0,0,0,0,0,,
"Terrebonne Parish Port, LA",2020205N26272,HANNA,2020,311.4,0,1,58,0,0,0,0,,,,0,0,0,0,0,0,0,,
"Terrebonne Parish Port, LA",2020233N14313,LAURA,2020,230.1,4,4,130,1,0,0,0,,,,0,0,0,0,0,0,0,,
"Terrebonne Parish Port, LA",2020234N14280,MARCO,2020,78.1,0,1,55,0,0,0,0,,,,0,0,0,0,0,0,0,,
"Terrebonne Parish Port, LA",2020256N25281,SALLY,2020,265.4,2,2,95,1,0,0,0,,,,0,0,0,0,0,0,0,,
"Terrebonne Parish Port, LA",2020261N21265,BETA,2020,221.4,0,0,55,1,0,0,0,,,,0,0,0,0,0,0,0,,
"Terrebonne Parish Port, LA",2020279N16284,DELTA,2020,216.4,3,4,105,1,0,0,0,,,,0,0,0,0,0,0,0,,
"Terrebonne Parish Port, LA",2020299N18277,ZETA,2020,27.7,3,3,100,1,0,0,0,,,,0,0,0,0,0,0,0,,
"Terrebonne Parish Port, LA",2021169N23268,CLAUDETTE,2021,18.4,0,0,40,1,0,0,0,,,,0,0,0,0,0,0,0,,
"Terrebonne Parish Port, LA",2021239N17281,IDA,2021,29.2,4,4,130,1,0,0,0,2021-08-30,2021-08-31,2021-09-02,3,2,1,0,1.4184,9.863,0.8072,11.498,21.361
"Terrebonne Parish Port, LA",2021252N28273,MINDY,2021,406.7,0,0,40,0,0,0,0,,,,0,0,0,0,0,0,0,,
"Terrebonne Parish Port, LA",2021256N21265,NICHOLAS,2021,74,1,1,65,1,0,0,0,,,,0,0,0,0,0,0,0,,
"Terrebonne Parish Port, LA",2023152N26274,ARLENE,2023,448.5,0,0,35,0,0,0,0,,,,0,0,0,0,0,0,0,,
"Terrebonne Parish Port, LA",2023234N25271,HAROLD,2023,464.2,0,0,35,0,0,0,0,,,,0,0,0,0,0,0,0,,
"Texas City, TX",2015167N27266,BILL,2015,193.7,0,0,50,1,0,0,0,2015-06-16,2015-06-16,2015-06-18,2,2,1,0,0.6804,38.914,0.4038,75.54,114.454
"Texas City, TX",2017171N24271,CINDY,2017,121.9,0,0,50,1,0,0,0,,,,0,0,0,0,0,0,0,,
"Texas City, TX",2017228N14314,HARVEY,2017,120.3,4,4,115,1,0,0,0,2017-08-25,2017-08-29,2017-09-01,7,3,1,2,5.3139,267.304,1,87.56,354.865
"Texas City, TX",2019192N29274,BARRY,2019,228,1,1,65,1,0,0,0,,,,0,0,0,0,0,0,0,,
"Texas City, TX",2019261N28264,IMELDA,2019,49.2,0,0,40,1,0,0,0,,,,0,0,0,0,0,0,0,,
"Texas City, TX",2019299N25265,OLGA,2019,345,0,0,45,1,0,0,0,,,,0,0,0,0,0,0,0,,
"Texas City, TX",2020154N19269,CRISTOBAL,2020,408.1,0,0,45,1,0,0,0,,,,0,0,0,0,0,0,0,,
"Texas City, TX",2020205N26272,HANNA,2020,261.1,1,1,80,1,0,0,0,,,,0,0,0,0,0,0,0,,
"Texas City, TX",2020233N14313,LAURA,2020,159,4,4,130,1,0,0,0,2020-08-26,2020-08-26,2020-08-28,2,2,1,0,1.0782,19.981,0.6224,17.456,37.438
"Texas City, TX",2020234N14280,MARCO,2020,254.6,-1,1,30,0,0,0,0,,,,0,0,0,0,0,0,0,,
"Texas City, TX",2020261N21265,BETA,2020,29.8,0,0,55,1,0,0,0,2020-09-21,2020-09-21,2020-09-24,3,3,1,1,2.0927,56.787,1,23.236,80.023
"Texas City, TX",2020279N16284,DELTA,2020,145.8,3,4,105,1,0,0,0,,,,0,0,0,0,0,0,0,,
"Texas City, TX",2020299N18277,ZETA,2020,403.5,3,3,100,1,0,0,0,,,,0,0,0,0,0,0,0,,
"Texas City, TX",2021169N23268,CLAUDETTE,2021,373.4,0,0,40,1,0,0,0,,,,0,0,0,0,0,0,0,,
"Texas City, TX",2021239N17281,IDA,2021,413.2,4,4,130,1,0,0,0,,,,0,0,0,0,0,0,0,,
"Texas City, TX",2021256N21265,NICHOLAS,2021,16.9,1,1,65,1,0,0,0,2021-09-14,2021-09-14,2021-09-15,1,1,0,0,0.9666,55.032,0.9666,1.902,56.934
"Texas City, TX",2023234N25271,HAROLD,2023,329.3,0,0,50,1,0,0,0,,,,0,0,0,0,0,0,0,,
"Toledo-Lucas County Port, OH",2015167N27266,BILL,2015,341.9,-3,0,15,1,0,0,0,,,,0,0,0,0,0,0,0,,
"Toledo-Lucas County Port, OH",2017171N24271,CINDY,2017,405.3,-3,0,25,1,0,0,0,,,,0,0,0,0,0,0,0,,
"Toledo-Lucas County Port, OH",2017228N14314,HARVEY,2017,401.4,-4,4,20,1,0,0,0,,,,0,0,0,0,0,0,0,,
"Toledo-Lucas County Port, OH",2017277N11279,NATE,2017,183.2,-3,1,25,1,0,0,0,,,,0,0,0,0,0,0,0,,
"Toledo-Lucas County Port, OH",2018146N19273,ALBERTO,2018,170.9,-1,0,30,1,0,0,0,,,,0,0,0,0,0,0,0,,
"Toledo-Lucas County Port, OH",2018242N13343,FLORENCE,2018,332.2,-4,4,25,1,0,0,0,,,,0,0,0,0,0,0,0,,
"Toledo-Lucas County Port, OH",2019299N25265,OLGA,2019,302.8,-4,0,30,1,0,0,0,,,,0,0,0,0,0,0,0,,
"Toledo-Lucas County Port, OH",2020148N32281,BERTHA,2020,312.5,-4,0,20,1,0,0,0,,,,0,0,0,0,0,0,0,,
"Toledo-Lucas County Port, OH",2020233N14313,LAURA,2020,393.1,-1,4,23,1,0,0,0,,,,0,0,0,0,0,0,0,,
"Toledo-Lucas County Port, OH",2021222N14301,FRED,2021,325.7,-3,0,20,1,0,0,0,,,,0,0,0,0,0,0,0,,
"Toledo-Lucas County Port, OH",2021239N17281,IDA,2021,464.2,-4,4,28,1,0,0,0,,,,0,0,0,0,0,0,0,,
"Virgin Islands - St. Croix, VI",2015229N10331,DANNY,2015,425.5,-1,3,33,0,0,0,0,,,,0,0,0,0,0,0,0,,
"Virgin Islands - St. Croix, VI",2015237N14315,ERIKA,2015,70.3,0,0,45,0,0,0,0,,,,0,0,0,0,0,0,0,,
"Virgin Islands - St. Croix, VI",2016273N13300,MATTHEW,2016,412.2,1,5,68,0,0,0,0,,,,0,0,0,0,0,0,0,,
"Virgin Islands - St. Croix, VI",2017228N14314,HARVEY,2017,481.9,0,4,35,0,0,0,0,,,,0,0,0,0,0,0,0,,
"Virgin Islands - St. Croix, VI",2017242N16333,IRMA,2017,92.6,5,5,155,0,0,0,0,,,,0,0,0,0,0,0,0,,
"Virgin Islands - St. Croix, VI",2017247N09327,JOSE,2017,268.7,4,4,128,0,0,0,0,,,,0,0,0,0,0,0,0,,
"Virgin Islands - St. Croix, VI",2017260N12310,MARIA,2017,40.2,5,5,150,1,0,0,0,,,,0,0,0,0,0,0,0,,
"Virgin Islands - St. Croix, VI",2018186N10325,BERYL,2018,139.2,-3,1,35,0,0,0,0,,,,0,0,0,0,0,0,0,,
"Virgin Islands - St. Croix, VI",2018251N13325,ISAAC,2018,303.8,0,1,38,0,0,0,0,,,,0,0,0,0,0,0,0,,
"Virgin Islands - St. Croix, VI",2018265N08338,KIRK,2018,375.5,0,0,40,0,0,0,0,,,,0,0,0,0,0,0,0,,
"Virgin Islands - St. Croix, VI",2019236N10314,DORIAN,2019,17.2,1,5,75,0,0,0,0,,,,0,0,0,0,0,0,0,,
"Virgin Islands - St. Croix, VI",2019260N13317,JERRY,2019,360.7,1,2,70,0,0,0,0,,,,0,0,0,0,0,0,0,,
"Virgin Islands - St. Croix, VI",2019265N12301,KAREN,2019,80,0,0,40,0,0,0,0,,,,0,0,0,0,0,0,0,,
"Virgin Islands - St. Croix, VI",2019323N19302,SEBASTIEN,2019,467.4,0,0,45,0,0,0,0,,,,0,0,0,0,0,0,0,,
"Virgin Islands - St. Croix, VI",2020211N13306,ISAIAS,2020,237.9,0,1,55,0,0,0,0,,,,0,0,0,0,0,0,0,,
"Virgin Islands - St. Croix, VI",2020224N11326,JOSEPHINE,2020,274.4,0,0,35,0,0,0,0,2020-08-16,2020-08-16,2020-08-17,1,1,0,0,0.9654,1.641,0.9654,0.059,1.7
"Virgin Islands - St. Croix, VI",2020233N14313,LAURA,2020,50.2,0,4,45,1,0,0,0,2020-08-22,2020-08-22,2020-08-23,1,1,0,0,0.562,0.156,0.562,0.122,0.278
"Virgin Islands - St. Croix, VI",2021182N09317,ELSA,2021,338.2,1,1,73,0,0,0,0,,,,0,0,0,0,0,0,0,,
"Virgin Islands - St. Croix, VI",2021222N14301,FRED,2021,107.1,0,0,40,0,0,0,0,,,,0,0,0,0,0,0,0,,
"Virgin Islands - St. Croix, VI",2021225N15313,GRACE,2021,105.2,-1,3,33,0,0,0,0,,,,0,0,0,0,0,0,0,,
"Virgin Islands - St. Croix, VI",2021262N16307,PETER,2021,242.7,0,0,45,0,0,0,0,,,,0,0,0,0,0,0,0,,
"Virgin Islands - St. Croix, VI",2022246N18301,EARL,2022,205.5,0,2,60,0,0,0,0,,,,0,0,0,0,0,0,0,,
"Virgin Islands - St. Croix, VI",2022257N16312,FIONA,2022,121.1,1,4,80,1,0,0,0,,,,0,0,0,0,0,0,0,,
"Virgin Islands - St. Croix, VI",2022311N21293,NICOLE,2022,384.6,-3,1,33,0,0,0,0,,,,0,0,0,0,0,0,0,,
"Virgin Islands - St. Croix, VI",2023231N15313,GERT,2023,481.8,-3,0,25,0,1,0.2986,16.247,,,,0,0,0,0,0,0,0,,
"Virgin Islands - St. Croix, VI",2023232N13300,FRANKLIN,2023,401.4,0,4,45,0,0,0,0,,,,0,0,0,0,0,0,0,,
"Virgin Islands - St. Croix, VI",2023266N16323,PHILIPPE,2023,146.4,0,0,45,0,0,0,0,,,,0,0,0,0,0,0,0,,
"Virgin Islands - St. Croix, VI",2023292N13309,TAMMY,2023,223.6,1,2,80,0,0,0,0,,,,0,0,0,0,0,0,0,,
"Virginia, VA, Port of",2015126N27281,ANA,2015,12.4,0,0,48,1,0,0,0,,,,0,0,0,0,0,0,0,,
"Virginia, VA, Port of",2015167N27266,BILL,2015,490,-3,0,15,1,0,0,0,,,,0,0,0,0,0,0,0,,
"Virginia, VA, Port of",2015193N35285,CLAUDETTE,2015,185.6,-1,0,30,0,0,0,0,,,,0,0,0,0,0,0,0,,
"Virginia, VA, Port of",2016148N27288,BONNIE,2016,203.9,0,0,35,1,0,0,0,,,,0,0,0,0,0,0,0,,
"Virginia, VA, Port of",2016158N22272,COLIN,2016,232.1,-4,0,50,0,0,0,0,,,,0,0,0,0,0,0,0,,
"Virginia, VA, Port of",2016240N31295,UNNAMED,2016,284.5,-1,-1,30,0,0,0,0,,,,0,0,0,0,0,0,0,,
"Virginia, VA, Port of",2016242N24279,HERMINE,2016,142.2,0,1,60,1,0,0,0,,,,0,0,0,0,0,0,0,,
"Virginia, VA, Port of",2016257N27280,JULIA,2016,145.6,-3,0,30,1,0,0,0,,,,0,0,0,0,0,0,0,,
"Virginia, VA, Port of",2016273N13300,MATTHEW,2016,240,1,5,70,0,0,0,0,,,,0,0,0,0,0,0,0,,
"Virginia, VA, Port of",2017171N24271,CINDY,2017,293.6,-3,0,25,1,0,0,0,,,,0,0,0,0,0,0,0,,
"Virginia, VA, Port of",2017240N31279,UNNAMED,2017,181.8,-3,-3,40,1,0,0,0,,,,0,0,0,0,0,0,0,,
"Virginia, VA, Port of",2017247N09327,JOSE,2017,418.4,1,4,65,0,0,0,0,,,,0,0,0,0,0,0,0,,
"Virginia, VA, Port of",2017260N12310,MARIA,2017,347.9,1,5,65,0,0,0,0,,,,0,0,0,0,0,0,0,,
"Virginia, VA, Port of",2018186N31292,CHRIS,2018,430,0,2,43,0,0,0,0,,,,0,0,0,0,0,0,0,,
"Virginia, VA, Port of",2018242N13343,FLORENCE,2018,307,3,4,98,1,0,0,0,2018-09-11,2018-09-13,2018-09-16,5,3,1,0,1.9166,236.235,0.5855,381.963,618.198
"Virginia, VA, Port of",2018280N18273,MICHAEL,2018,18.3,0,5,60,1,0,0,0,,,,0,0,0,0,0,0,0,,
"Virginia, VA, Port of",2019236N10314,DORIAN,2019,184.2,2,5,93,0,0,0,0,2019-09-06,2019-09-06,2019-09-07,1,1,0,0,0.1781,21.994,0.1781,101.514,123.508
"Virginia, VA, Port of",2019239N32287,ERIN,2019,400.1,-1,0,35,0,0,0,0,,,,0,0,0,0,0,0,0,,
"Virginia, VA, Port of",2019282N35286,MELISSA,2019,290.6,-4,0,43,0,0,0,0,,,,0,0,0,0,0,0,0,,
"Virginia, VA, Port of",2019291N22264,NESTOR,2019,35.1,-4,0,40,1,0,0,0,,,,0,0,0,0,0,0,0,,
"Virginia, VA, Port of",2020138N28281,ARTHUR,2020,212.8,0,0,50,0,0,0,0,,,,0,0,0,0,0,0,0,,
"Virginia, VA, Port of",2020148N32281,BERTHA,2020,424.3,-1,0,30,1,0,0,0,,,,0,0,0,0,0,0,0,,
"Virginia, VA, Port of",2020188N28271,FAY,2020,136.4,0,0,50,1,0,0,0,,,,0,0,0,0,0,0,0,,
"Virginia, VA, Port of",2020211N13306,ISAIAS,2020,99.1,1,1,80,1,0,0,0,,,,0,0,0,0,0,0,0,,
"Virginia, VA, Port of",2020228N37286,KYLE,2020,192.4,0,0,40,0,0,0,0,,,,0,0,0,0,0,0,0,,
"Virginia, VA, Port of",2020244N30279,OMAR,2020,346.4,0,0,35,0,0,0,0,,,,0,0,0,0,0,0,0,,
"Virginia, VA, Port of",2020299N18277,ZETA,2020,193.8,0,3,45,1,0,0,0,,,,0,0,0,0,0,0,0,,
"Virginia, VA, Port of",2020306N15288,ETA,2020,334.7,0,4,40,0,0,0,0,,,,0,0,0,0,0,0,0,,
"Virginia, VA, Port of",2021165N32282,BILL,2021,361.7,0,0,38,0,0,0,0,2021-06-13,2021-06-13,2021-06-15,2,2,1,0,0.7914,110.699,0.6476,171.839,282.538
"Virginia, VA, Port of",2021169N23268,CLAUDETTE,2021,100.3,0,0,40,1,0,0,0,,,,0,0,0,0,0,0,0,,
"Virginia, VA, Port of",2021182N09317,ELSA,2021,80.2,0,1,50,1,2,0.0433,12.918,,,,0,0,0,0,0,0,0,,
"Virginia, VA, Port of",2021222N14301,FRED,2021,487.5,-3,0,20,1,0,0,0,,,,0,0,0,0,0,0,0,,
"Virginia, VA, Port of",2021227N36297,HENRI,2021,439.1,1,1,65,0,0,0,0,,,,0,0,0,0,0,0,0,,
"Virginia, VA, Port of",2021239N17281,IDA,2021,285.1,-4,4,38,1,0,0,0,,,,0,0,0,0,0,0,0,,
"Virginia, VA, Port of",2021259N30286,ODETTE,2021,303.3,0,0,40,0,0,0,0,,,,0,0,0,0,0,0,0,,
"Virginia, VA, Port of",2021299N33284,WANDA,2021,360.8,-4,0,45,0,0,0,0,,,,0,0,0,0,0,0,0,,
"Virginia, VA, Port of",2022183N32280,COLIN,2022,415.3,0,0,35,1,0,0,0,,,,0,0,0,0,0,0,0,,
"Virginia, VA, Port of",2022266N12294,IAN,2022,350.8,1,5,70,1,0,0,0,,,,0,0,0,0,0,0,0,,
"Virginia, VA, Port of",2023015N36289,UNNAMED,2023,451.9,-4,-2,45,0,0,0,0,,,,0,0,0,0,0,0,0,,
"Virginia, VA, Port of",2023239N21274,IDALIA,2023,358.1,0,4,55,0,0,0,0,,,,0,0,0,0,0,0,0,,
"Virginia, VA, Port of",2023265N29284,OPHELIA,2023,113.6,0,0,60,1,0,0,0,,,,0,0,0,0,0,0,0,,
"Wilmington, DE",2015126N27281,ANA,2015,162.3,-1,0,30,1,2,0.5537,28.752,,,,0,0,0,0,0,0,0,,
"Wilmington, DE",2015193N35285,CLAUDETTE,2015,482.2,-3,0,25,0,0,0,0,,,,0,0,0,0,0,0,0,,
"Wilmington, DE",2016148N27288,BONNIE,2016,468.6,0,0,35,0,0,0,0,,,,0,0,0,0,0,0,0,,
"Wilmington, DE",2016158N22272,COLIN,2016,431.1,-4,0,50,0,0,0,0,,,,0,0,0,0,0,0,0,,
"Wilmington, DE",2016240N31295,UNNAMED,2016,491.2,-1,-1,30,0,0,0,0,,,,0,0,0,0,0,0,0,,
"Wilmington, DE",2016242N24279,HERMINE,2016,266.6,0,1,60,1,0,0,0,,,,0,0,0,0,0,0,0,,
"Wilmington, DE",2016257N27280,JULIA,2016,469.4,-4,0,25,1,0,0,0,,,,0,0,0,0,0,0,0,,
"Wilmington, DE",2017171N24271,CINDY,2017,272,-3,0,25,1,0,0,0,,,,0,0,0,0,0,0,0,,
"Wilmington, DE",2017240N31279,UNNAMED,2017,482,-4,-3,40,0,0,0,0,,,,0,0,0,0,0,0,0,,
"Wilmington, DE",2017247N09327,JOSE,2017,444.4,0,4,60,0,0,0,0,,,,0,0,0,0,0,0,0,,
"Wilmington, DE",2017260N12310,MARIA,2017,454,1,5,65,0,0,0,0,,,,0,0,0,0,0,0,0,,
"Wilmington, DE",2017277N11279,NATE,2017,379.7,-4,1,25,1,0,0,0,,,,0,0,0,0,0,0,0,,
"Wilmington, DE",2018242N13343,FLORENCE,2018,204.5,-4,4,25,1,0,0,0,,,,0,0,0,0,0,0,0,,
"Wilmington, DE",2018280N18273,MICHAEL,2018,274.6,-4,5,60,1,3,0.1169,4.495,,,,0,0,0,0,0,0,0,,
"Wilmington, DE",2019236N10314,DORIAN,2019,419.9,2,5,85,0,0,0,0,,,,0,0,0,0,0,0,0,,
"Wilmington, DE",2019282N35286,MELISSA,2019,488.5,-4,0,40,0,0,0,0,,,,0,0,0,0,0,0,0,,
"Wilmington, DE",2019291N22264,NESTOR,2019,259.7,-4,0,40,1,0,0,0,,,,0,0,0,0,0,0,0,,
"Wilmington, DE",2020138N28281,ARTHUR,2020,447,0,0,50,0,0,0,0,,,,0,0,0,0,0,0,0,,
"Wilmington, DE",2020148N32281,BERTHA,2020,433.5,-4,0,20,1,0,0,0,,,,0,0,0,0,0,0,0,,
"Wilmington, DE",2020188N28271,FAY,2020,97.7,0,0,50,1,0,0,0,,,,0,0,0,0,0,0,0,,
"Wilmington, DE",2020211N13306,ISAIAS,2020,63.1,0,1,60,1,0,0,0,,,,0,0,0,0,0,0,0,,
"Wilmington, DE",2020228N37286,KYLE,2020,356.2,0,0,43,0,0,0,0,,,,0,0,0,0,0,0,0,,
"Wilmington, DE",2020299N18277,ZETA,2020,123.8,-4,3,45,1,0,0,0,,,,0,0,0,0,0,0,0,,
"Wilmington, DE",2021169N23268,CLAUDETTE,2021,351.8,0,0,40,1,0,0,0,,,,0,0,0,0,0,0,0,,
"Wilmington, DE",2021182N09317,ELSA,2021,111.7,0,1,50,1,0,0,0,,,,0,0,0,0,0,0,0,,
"Wilmington, DE",2021222N14301,FRED,2021,260.1,-3,0,25,1,0,0,0,,,,0,0,0,0,0,0,0,,
"Wilmington, DE",2021227N36297,HENRI,2021,228.2,1,1,65,1,0,0,0,,,,0,0,0,0,0,0,0,,
"Wilmington, DE",2021239N17281,IDA,2021,9.5,-4,4,40,1,0,0,0,,,,0,0,0,0,0,0,0,,
"Wilmington, DE",2021259N30286,ODETTE,2021,477,0,0,40,0,0,0,0,,,,0,0,0,0,0,0,0,,
"Wilmington, DE",2021299N33284,WANDA,2021,463.9,-4,0,58,0,0,0,0,,,,0,0,0,0,0,0,0,,
"Wilmington, DE",2023265N29284,OPHELIA,2023,150.2,0,0,45,1,0,0,0,,,,0,0,0,0,0,0,0,,
"Wilmington, NC",2015126N27281,ANA,2015,73,0,0,50,1,0,0,0,,,,0,0,0,0,0,0,0,,
"Wilmington, NC",2015193N35285,CLAUDETTE,2015,262.8,-3,0,25,0,0,0,0,,,,0,0,0,0,0,0,0,,
"Wilmington, NC",2015313N22289,KATE,2015,494.2,0,1,60,0,0,0,0,,,,0,0,0,0,0,0,0,,
"Wilmington, NC",2016148N27288,BONNIE,2016,90.1,0,0,40,1,0,0,0,,,,0,0,0,0,0,0,0,,
"Wilmington, NC",2016158N22272,COLIN,2016,125.8,0,0,50,0,0,0,0,,,,0,0,0,0,0,0,0,,
"Wilmington, NC",2016240N31295,UNNAMED,2016,265.5,-1,-1,30,0,0,0,0,,,,0,0,0,0,0,0,0,,
"Wilmington, NC",2016242N24279,HERMINE,2016,30.5,0,1,60,1,1,0.2068,5.862,,,,0,0,0,0,0,0,0,,
"Wilmington, NC",2016257N27280,JULIA,2016,139.1,0,0,40,1,0,0,0,,,,0,0,0,0,0,0,0,,
"Wilmington, NC",2016273N13300,MATTHEW,2016,63.6,2,5,95,1,0,0,0,,,,0,0,0,0,0,0,0,,
"Wilmington, NC",2017212N28275,EMILY,2017,390.8,-1,0,30,0,0,0,0,,,,0,0,0,0,0,0,0,,
"Wilmington, NC",2017240N31279,UNNAMED,2017,24.7,-3,-3,40,1,0,0,0,,,,0,0,0,0,0,0,0,,
"Wilmington, NC",2017260N12310,MARIA,2017,440.2,1,5,68,0,0,0,0,,,,0,0,0,0,0,0,0,,
"Wilmington, NC",2018186N31292,CHRIS,2018,261.2,1,2,75,0,0,0,0,,,,0,0,0,0,0,0,0,,
"Wilmington, NC",2018242N13343,FLORENCE,2018,8.1,3,4,103,1,0,0,0,2018-09-12,2018-09-15,2018-09-16,4,1,0,4,4,5.646,1,0,5.646
"Wilmington, NC",2018280N18273,MICHAEL,2018,229.5,0,5,60,1,0,0,0,,,,0,0,0,0,0,0,0,,
"Wilmington, NC",2019236N10314,DORIAN,2019,72.3,3,5,100,0,0,0,0,2019-09-05,2019-09-05,2019-09-07,2,2,1,0,0.5902,1.65,0.4098,3.936,5.586
"Wilmington, NC",2019239N32287,ERIN,2019,451.5,0,0,35,0,0,0,0,,,,0,0,0,0,0,0,0,,
"Wilmington, NC",2019256N23286,HUMBERTO,2019,486.9,2,3,83,0,0,0,0,,,,0,0,0,0,0,0,0,,
"Wilmington, NC",2019282N35286,MELISSA,2019,357.5,-4,0,40,0,0,0,0,,,,0,0,0,0,0,0,0,,
"Wilmington, NC",2019291N22264,NESTOR,2019,148.7,-4,0,40,1,0,0,0,,,,0,0,0,0,0,0,0,,
"Wilmington, NC",2020138N28281,ARTHUR,2020,144.4,0,0,50,0,0,0,0,,,,0,0,0,0,0,0,0,,
"Wilmington, NC",2020148N32281,BERTHA,2020,211.8,0,0,45,1,0,0,0,,,,0,0,0,0,0,0,0,,
"Wilmington, NC",2020188N28271,FAY,2020,56.7,0,0,50,1,0,0,0,,,,0,0,0,0,0,0,0,,
"Wilmington, NC",2020211N13306,ISAIAS,2020,66.2,1,1,80,1,0,0,0,,,,0,0,0,0,0,0,0,,
"Wilmington, NC",2020228N37286,KYLE,2020,426.9,0,0,35,0,0,0,0,,,,0,0,0,0,0,0,0,,
"Wilmington, NC",2020244N30279,OMAR,2020,213.7,0,0,35,0,0,0,0,,,,0,0,0,0,0,0,0,,
"Wilmington, NC",2020256N25281,SALLY,2020,268.3,-4,2,30,1,0,0,0,,,,0,0,0,0,0,0,0,,
"Wilmington, NC",2020299N18277,ZETA,2020,394.2,0,3,45,1,0,0,0,,,,0,0,0,0,0,0,0,,
"Wilmington, NC",2020306N15288,ETA,2020,149.3,0,4,40,0,0,0,0,,,,0,0,0,0,0,0,0,,
"Wilmington, NC",2021165N32282,BILL,2021,202.8,0,0,35,0,0,0,0,2021-06-13,2021-06-13,2021-06-14,1,1,0,0,0.0906,0.102,0.0906,1.024,1.127
"Wilmington, NC",2021169N23268,CLAUDETTE,2021,141.6,0,0,40,1,0,0,0,,,,0,0,0,0,0,0,0,,
"Wilmington, NC",2021179N30287,DANNY,2021,276.1,0,0,40,1,0,0,0,,,,0,0,0,0,0,0,0,,
"Wilmington, NC",2021182N09317,ELSA,2021,175.8,0,1,48,1,0,0,0,,,,0,0,0,0,0,0,0,,
"Wilmington, NC",2021227N36297,HENRI,2021,458,1,1,65,0,0,0,0,,,,0,0,0,0,0,0,0,,
"Wilmington, NC",2021252N28273,MINDY,2021,255.5,-1,0,30,1,0,0,0,,,,0,0,0,0,0,0,0,,
"Wilmington, NC",2021259N30286,ODETTE,2021,254.2,-3,0,33,0,0,0,0,,,,0,0,0,0,0,0,0,,
"Wilmington, NC",2021299N33284,WANDA,2021,240.6,-4,0,45,0,0,0,0,,,,0,0,0,0,0,0,0,,
"Wilmington, NC",2022183N32280,COLIN,2022,103.9,0,0,35,1,0,0,0,2022-07-01,2022-07-01,2022-07-02,1,1,0,0,0.2466,1.339,0.2466,4.091,5.429
"Wilmington, NC",2022266N12294,IAN,2022,131.5,1,5,75,1,0,0,0,,,,0,0,0,0,0,0,0,,
"Wilmington, NC",2023239N21274,IDALIA,2023,57.6,0,4,55,1,0,0,0,,,,0,0,0,0,0,0,0,,
"Wilmington, NC",2023265N29284,OPHELIA,2023,75.3,0,0,60,1,0,0,0,,,,0,0,0,0,0,0,0,,
