SID,port,placebo_year,window,g
2015126N27281,"Morehead City, NC",2017,storm,-0.1799507235523181
2015126N27281,"Morehead City, NC",2017,after,0.0135618090386584
2015126N27281,"Morehead City, NC",2017,event30,-0.004746393980437
2015126N27281,"Morehead City, NC",2018,storm,0.085425153600085
2015126N27281,"Morehead City, NC",2018,after,0.0775455832052665
2015126N27281,"Morehead City, NC",2018,event30,-0.0057274169428128
2015126N27281,"Morehead City, NC",2019,storm,0.2723717745808715
2015126N27281,"Morehead City, NC",2019,after,0.0171200791076911
2015126N27281,"Morehead City, NC",2019,event30,0.043895067203967
2015126N27281,"Morehead City, NC",2022,storm,-0.1620681682216133
2015126N27281,"Morehead City, NC",2022,after,0.1532401502955921
2015126N27281,"Morehead City, NC",2022,event30,0.0848983873661238
2015126N27281,"Morehead City, NC",2023,storm,-0.0679180555254286
2015126N27281,"Morehead City, NC",2023,after,-0.1609334475127112
2015126N27281,"Morehead City, NC",2023,event30,-0.1461211268239401
2015126N27281,"Port of Charleston, SC",2017,storm,-0.0489337726919457
2015126N27281,"Port of Charleston, SC",2017,after,-0.0138790272847399
2015126N27281,"Port of Charleston, SC",2017,event30,0.0392261180482594
2015126N27281,"Port of Charleston, SC",2018,storm,0.0173592897698671
2015126N27281,"Port of Charleston, SC",2018,after,0.1343294774069862
2015126N27281,"Port of Charleston, SC",2018,event30,0.0686520223365622
2015126N27281,"Port of Charleston, SC",2019,storm,0.0798914254505241
2015126N27281,"Port of Charleston, SC",2019,after,-0.065830375697201
2015126N27281,"Port of Charleston, SC",2019,event30,-0.0682687800174562
2015126N27281,"Port of Charleston, SC",2022,storm,-0.090363833534173
2015126N27281,"Port of Charleston, SC",2022,after,0.0879549562464988
2015126N27281,"Port of Charleston, SC",2022,event30,0.0297972296093412
2015126N27281,"Port of Charleston, SC",2023,storm,-0.0067028420624966
2015126N27281,"Port of Charleston, SC",2023,after,-0.0782766114112077
2015126N27281,"Port of Charleston, SC",2023,event30,-0.0230774378493021
2015126N27281,"Virginia, VA, Port of",2017,storm,-0.1004769227788888
2015126N27281,"Virginia, VA, Port of",2017,after,-0.1001198286794177
2015126N27281,"Virginia, VA, Port of",2017,event30,-0.0500624985207099
2015126N27281,"Virginia, VA, Port of",2018,storm,0.1262379238012762
2015126N27281,"Virginia, VA, Port of",2018,after,0.1803973734605484
2015126N27281,"Virginia, VA, Port of",2018,event30,0.1233596640750719
2015126N27281,"Virginia, VA, Port of",2019,storm,0.011052199829877
2015126N27281,"Virginia, VA, Port of",2019,after,-0.0223683653256233
2015126N27281,"Virginia, VA, Port of",2019,event30,0.0034538300048428
2015126N27281,"Virginia, VA, Port of",2022,storm,-0.0689454890306791
2015126N27281,"Virginia, VA, Port of",2022,after,0.0243810124247727
2015126N27281,"Virginia, VA, Port of",2022,event30,0.012559679008501
2015126N27281,"Virginia, VA, Port of",2023,storm,-0.0302172184053425
2015126N27281,"Virginia, VA, Port of",2023,after,-0.1189468578973567
2015126N27281,"Virginia, VA, Port of",2023,event30,-0.1490463188906313
2015126N27281,"Wilmington, NC",2017,storm,-0.1741481585171092
2015126N27281,"Wilmington, NC",2017,after,-0.2742013356422382
2015126N27281,"Wilmington, NC",2017,event30,-0.1976326760436542
2015126N27281,"Wilmington, NC",2018,storm,0.0235827212594226
2015126N27281,"Wilmington, NC",2018,after,-0.1386633831052719
2015126N27281,"Wilmington, NC",2018,event30,-0.0276308086604657
2015126N27281,"Wilmington, NC",2019,storm,0.3183981061441239
2015126N27281,"Wilmington, NC",2019,after,0.3626866040604271
2015126N27281,"Wilmington, NC",2019,event30,0.1871752840888274
2015126N27281,"Wilmington, NC",2022,storm,0.0438617686920976
2015126N27281,"Wilmington, NC",2022,after,0.4402563134906209
2015126N27281,"Wilmington, NC",2022,event30,0.2902228510112744
2015126N27281,"Wilmington, NC",2023,storm,-0.1089336321634806
2015126N27281,"Wilmington, NC",2023,after,-0.1935087011821611
2015126N27281,"Wilmington, NC",2023,event30,-0.1508338705441023
2015167N27266,"Calhoun Port Authority, TX",2016,storm,-0.1046042411735794
2015167N27266,"Calhoun Port Authority, TX",2016,after,0.2255024853974107
2015167N27266,"Calhoun Port Authority, TX",2016,event30,0.2946573982606977
2015167N27266,"Calhoun Port Authority, TX",2017,storm,0.1978870044780183
2015167N27266,"Calhoun Port Authority, TX",2017,after,0.343294161143639
2015167N27266,"Calhoun Port Authority, TX",2017,event30,0.1209956901565589
2015167N27266,"Calhoun Port Authority, TX",2018,storm,0.2861321997601295
2015167N27266,"Calhoun Port Authority, TX",2018,after,-0.0448006422870725
2015167N27266,"Calhoun Port Authority, TX",2018,event30,-0.1642414820163177
2015167N27266,"Calhoun Port Authority, TX",2019,storm,-0.3074707532271434
2015167N27266,"Calhoun Port Authority, TX",2019,after,-0.11536778635551
2015167N27266,"Calhoun Port Authority, TX",2019,event30,0.0333023659253646
2015167N27266,"Calhoun Port Authority, TX",2021,storm,0.0849413776657243
2015167N27266,"Calhoun Port Authority, TX",2021,after,-0.2074118136657738
2015167N27266,"Calhoun Port Authority, TX",2021,event30,-0.0563976548091503
2015167N27266,"Calhoun Port Authority, TX",2022,storm,-0.2080779761175974
2015167N27266,"Calhoun Port Authority, TX",2022,after,-0.2391237926422965
2015167N27266,"Calhoun Port Authority, TX",2022,event30,-0.2049587721233184
2015167N27266,"Calhoun Port Authority, TX",2023,storm,0.1037008267384435
2015167N27266,"Calhoun Port Authority, TX",2023,after,0.3343592065774087
2015167N27266,"Calhoun Port Authority, TX",2023,event30,0.1399539943998912
2015167N27266,"Corpus Christi, TX",2016,storm,-0.4138136524417843
2015167N27266,"Corpus Christi, TX",2016,after,-0.0340145907435901
2015167N27266,"Corpus Christi, TX",2016,event30,-0.0105909630022081
2015167N27266,"Corpus Christi, TX",2017,storm,-0.0325225472156239
2015167N27266,"Corpus Christi, TX",2017,after,-0.0596708836115167
2015167N27266,"Corpus Christi, TX",2017,event30,0.0034532803917995
2015167N27266,"Corpus Christi, TX",2018,storm,-0.0131242033450285
2015167N27266,"Corpus Christi, TX",2018,after,0.0335401983783713
2015167N27266,"Corpus Christi, TX",2018,event30,0.0363719552731286
2015167N27266,"Corpus Christi, TX",2019,storm,-0.3247594916648264
2015167N27266,"Corpus Christi, TX",2019,after,-0.0949926729526739
2015167N27266,"Corpus Christi, TX",2019,event30,-0.0764110121965375
2015167N27266,"Corpus Christi, TX",2021,storm,0.0447839165376415
2015167N27266,"Corpus Christi, TX",2021,after,0.0396137079423196
2015167N27266,"Corpus Christi, TX",2021,event30,0.0748778001135377
2015167N27266,"Corpus Christi, TX",2022,storm,-0.0143415473737593
2015167N27266,"Corpus Christi, TX",2022,after,-0.0500742041648343
2015167N27266,"Corpus Christi, TX",2022,event30,-0.1007497728357993
2015167N27266,"Corpus Christi, TX",2023,storm,0.119687750369751
2015167N27266,"Corpus Christi, TX",2023,after,0.1314451380764428
2015167N27266,"Corpus Christi, TX",2023,event30,0.019201083684572
2015167N27266,"Galveston, TX",2016,storm,-0.1141407366894214
2015167N27266,"Galveston, TX",2016,after,-0.1111639997981491
2015167N27266,"Galveston, TX",2016,event30,-0.0860883104051156
2015167N27266,"Galveston, TX",2018,storm,-0.0305449147241885
2015167N27266,"Galveston, TX",2018,after,-0.0088781547261874
2015167N27266,"Galveston, TX",2018,event30,0.0194614666275184
2015167N27266,"Galveston, TX",2021,storm,0.0844259953655851
2015167N27266,"Galveston, TX",2021,after,0.0573571858792247
2015167N27266,"Galveston, TX",2021,event30,0.008528216803074
2015167N27266,"Galveston, TX",2022,storm,-0.0550753975105697
2015167N27266,"Galveston, TX",2022,after,0.0109719001123464
2015167N27266,"Galveston, TX",2022,event30,-0.0574201269681072
2015167N27266,"Galveston, TX",2023,storm,0.223664637669453
2015167N27266,"Galveston, TX",2023,after,0.1355583255869916
2015167N27266,"Galveston, TX",2023,event30,0.12908020181284
2015167N27266,"Houston Port Authority, TX",2016,storm,-0.1801909646453079
2015167N27266,"Houston Port Authority, TX",2016,after,-0.0868231027870867
2015167N27266,"Houston Port Authority, TX",2016,event30,-0.0603992862063514
2015167N27266,"Houston Port Authority, TX",2018,storm,-0.0618927099930763
2015167N27266,"Houston Port Authority, TX",2018,after,-0.0665754651121701
2015167N27266,"Houston Port Authority, TX",2018,event30,0.0653639676484605
2015167N27266,"Houston Port Authority, TX",2020,storm,0.1769281910718267
2015167N27266,"Houston Port Authority, TX",2020,after,0.0590539845711482
2015167N27266,"Houston Port Authority, TX",2020,event30,0.0772494557705791
2015167N27266,"Houston Port Authority, TX",2021,storm,0.0757399856648904
2015167N27266,"Houston Port Authority, TX",2021,after,-0.0200838128873513
2015167N27266,"Houston Port Authority, TX",2021,event30,-0.0240695108957498
2015167N27266,"Houston Port Authority, TX",2022,storm,-0.0367869547495159
2015167N27266,"Houston Port Authority, TX",2022,after,0.0500533796608116
2015167N27266,"Houston Port Authority, TX",2022,event30,-0.0228380721708177
2015167N27266,"Houston Port Authority, TX",2023,storm,0.1121057484832839
2015167N27266,"Houston Port Authority, TX",2023,after,0.07304237376072
2015167N27266,"Houston Port Authority, TX",2023,event30,0.0356014889024841
2015167N27266,"Port Freeport, TX",2016,storm,-0.1234521947502869
2015167N27266,"Port Freeport, TX",2016,after,-0.0685187522376258
2015167N27266,"Port Freeport, TX",2016,event30,-0.0266094891696055
2015167N27266,"Port Freeport, TX",2018,storm,-0.1483073734381128
2015167N27266,"Port Freeport, TX",2018,after,-0.0338113479685464
2015167N27266,"Port Freeport, TX",2018,event30,0.0035713981303683
2015167N27266,"Port Freeport, TX",2019,storm,0.0111411088417777
2015167N27266,"Port Freeport, TX",2019,after,0.0564186619401309
2015167N27266,"Port Freeport, TX",2019,event30,-0.0479441944322856
2015167N27266,"Port Freeport, TX",2021,storm,0.1208450429526734
2015167N27266,"Port Freeport, TX",2021,after,0.2809491471599258
2015167N27266,"Port Freeport, TX",2021,event30,0.1917766494522221
2015167N27266,"Port Freeport, TX",2022,storm,-0.0852428142183288
2015167N27266,"Port Freeport, TX",2022,after,-0.0928033059697363
2015167N27266,"Port Freeport, TX",2022,event30,-0.1090134856953342
2015167N27266,"Port Freeport, TX",2023,storm,0.1060688841430819
2015167N27266,"Port Freeport, TX",2023,after,-0.0544350102374187
2015167N27266,"Port Freeport, TX",2023,event30,0.0248604145748135
2015167N27266,"Texas City, TX",2016,storm,-0.0237646533726428
2015167N27266,"Texas City, TX",2016,after,-0.1178749570549638
2015167N27266,"Texas City, TX",2016,event30,-0.0079373463690905
2015167N27266,"Texas City, TX",2018,storm,0.0524930539793771
2015167N27266,"Texas City, TX",2018,after,-0.2429962838594886
2015167N27266,"Texas City, TX",2018,event30,-0.1718795043034156
2015167N27266,"Texas City, TX",2020,storm,-0.2412895929512602
2015167N27266,"Texas City, TX",2020,after,0.0442075259942209
2015167N27266,"Texas City, TX",2020,event30,-0.0155569138837464
2015167N27266,"Texas City, TX",2021,storm,0.2090071572402256
2015167N27266,"Texas City, TX",2021,after,0.1969412422268461
2015167N27266,"Texas City, TX",2021,event30,0.2046934819343707
2015167N27266,"Texas City, TX",2022,storm,0.0971849570702282
2015167N27266,"Texas City, TX",2022,after,0.1384798612224574
2015167N27266,"Texas City, TX",2022,event30,0.0320576492407846
2015167N27266,"Texas City, TX",2023,storm,0.1170703503510254
2015167N27266,"Texas City, TX",2023,after,0.1184375139123483
2015167N27266,"Texas City, TX",2023,event30,0.002175316687107
2016148N27288,"Port of Brunswick, GA",2015,storm,-0.2094094878692073
2016148N27288,"Port of Brunswick, GA",2015,after,0.0319022156102944
2016148N27288,"Port of Brunswick, GA",2015,event30,-0.0302097789579673
2016148N27288,"Port of Brunswick, GA",2017,storm,-0.0291376848187226
2016148N27288,"Port of Brunswick, GA",2017,after,-0.0097010337935157
2016148N27288,"Port of Brunswick, GA",2017,event30,-0.0073258231092594
2016148N27288,"Port of Brunswick, GA",2018,storm,0.1221705245685322
2016148N27288,"Port of Brunswick, GA",2018,after,-0.1343180863412628
2016148N27288,"Port of Brunswick, GA",2018,event30,0.0101641269970789
2016148N27288,"Port of Brunswick, GA",2019,storm,-0.0144027149325807
2016148N27288,"Port of Brunswick, GA",2019,after,0.1461184339402773
2016148N27288,"Port of Brunswick, GA",2019,event30,0.1006752060730678
2016148N27288,"Port of Brunswick, GA",2023,storm,0.1194024293305013
2016148N27288,"Port of Brunswick, GA",2023,after,-0.0590495933926376
2016148N27288,"Port of Brunswick, GA",2023,event30,0.0179040593479725
2016148N27288,"Port of Charleston, SC",2017,storm,0.2540580605536621
2016148N27288,"Port of Charleston, SC",2017,after,0.1671028110935552
2016148N27288,"Port of Charleston, SC",2017,event30,0.1842289295786088
2016148N27288,"Port of Charleston, SC",2018,storm,-0.0006055456003127
2016148N27288,"Port of Charleston, SC",2018,after,-0.0590631623206884
2016148N27288,"Port of Charleston, SC",2018,event30,-0.0705146744076776
2016148N27288,"Port of Charleston, SC",2019,storm,-0.0518679184140721
2016148N27288,"Port of Charleston, SC",2019,after,-0.2441808347566461
2016148N27288,"Port of Charleston, SC",2019,event30,-0.1328986958631111
2016148N27288,"Port of Charleston, SC",2023,storm,0.0849624042076339
2016148N27288,"Port of Charleston, SC",2023,after,0.0834819056785955
2016148N27288,"Port of Charleston, SC",2023,event30,0.0892627478202907
2016148N27288,"Port of Savannah, GA",2015,storm,0.0431111700750056
2016148N27288,"Port of Savannah, GA",2015,after,0.045172598313281
2016148N27288,"Port of Savannah, GA",2015,event30,0.0283744437144089
2016148N27288,"Port of Savannah, GA",2017,storm,-0.1465796705092931
2016148N27288,"Port of Savannah, GA",2017,after,-0.2371276967660764
2016148N27288,"Port of Savannah, GA",2017,event30,-0.1819615372960149
2016148N27288,"Port of Savannah, GA",2018,storm,-0.00942777764274
2016148N27288,"Port of Savannah, GA",2018,after,0.046503014235273
2016148N27288,"Port of Savannah, GA",2018,event30,0.1190390171581431
2016148N27288,"Port of Savannah, GA",2019,storm,0.1118324123781473
2016148N27288,"Port of Savannah, GA",2019,after,0.0652781884444203
2016148N27288,"Port of Savannah, GA",2019,event30,0.0800281886849956
2016148N27288,"Port of Savannah, GA",2023,storm,0.0025623558491885
2016148N27288,"Port of Savannah, GA",2023,after,0.051183753849718
2016148N27288,"Port of Savannah, GA",2023,event30,0.004692472319367
2016148N27288,"Wilmington, NC",2017,storm,0.0579581754046951
2016148N27288,"Wilmington, NC",2017,after,0.1785015272441978
2016148N27288,"Wilmington, NC",2017,event30,-0.0397835170489231
2016148N27288,"Wilmington, NC",2018,storm,0.0355649433727905
2016148N27288,"Wilmington, NC",2018,after,-0.0134752248284534
2016148N27288,"Wilmington, NC",2018,event30,-0.0154684296186628
2016148N27288,"Wilmington, NC",2019,storm,0.0444826902405557
2016148N27288,"Wilmington, NC",2019,after,-0.2300651993575351
2016148N27288,"Wilmington, NC",2019,event30,-0.1072008949851843
2016148N27288,"Wilmington, NC",2023,storm,0.0534584564334384
2016148N27288,"Wilmington, NC",2023,after,0.1480378947837
2016148N27288,"Wilmington, NC",2023,event30,0.1730744653960322
2016158N22272,"Jacksonville, FL",2015,storm,0.1384871583082783
2016158N22272,"Jacksonville, FL",2015,after,-0.0617638064710124
2016158N22272,"Jacksonville, FL",2015,event30,-0.0410641050579538
2016158N22272,"Jacksonville, FL",2017,storm,0.0378272915335984
2016158N22272,"Jacksonville, FL",2017,after,0.1464510155428477
2016158N22272,"Jacksonville, FL",2017,event30,0.0818699323449561
2016158N22272,"Jacksonville, FL",2018,storm,0.0607331950203496
2016158N22272,"Jacksonville, FL",2018,after,0.0343590781448892
2016158N22272,"Jacksonville, FL",2018,event30,0.0634542806378508
2016158N22272,"Jacksonville, FL",2019,storm,-0.240188014442287
2016158N22272,"Jacksonville, FL",2019,after,-0.1369576950593076
2016158N22272,"Jacksonville, FL",2019,event30,-0.1659573804793003
2016158N22272,"Jacksonville, FL",2020,storm,0.1659397632494663
2016158N22272,"Jacksonville, FL",2020,after,0.1669364907581703
2016158N22272,"Jacksonville, FL",2020,event30,0.0757607604738356
2016158N22272,"Jacksonville, FL",2023,storm,-0.0988308502234788
2016158N22272,"Jacksonville, FL",2023,after,-0.080545826475695
2016158N22272,"Jacksonville, FL",2023,event30,-0.0379789489791211
2016158N22272,"Panama City Port Authority, FL",2015,storm,0.2648541185098618
2016158N22272,"Panama City Port Authority, FL",2015,after,-0.0525040082148675
2016158N22272,"Panama City Port Authority, FL",2015,event30,0.0269985165003112
2016158N22272,"Panama City Port Authority, FL",2017,storm,-0.3207811169688985
2016158N22272,"Panama City Port Authority, FL",2017,after,0.0192103141125215
2016158N22272,"Panama City Port Authority, FL",2017,event30,-0.0667369066249124
2016158N22272,"Panama City Port Authority, FL",2022,storm,0.2394407976684874
2016158N22272,"Panama City Port Authority, FL",2022,after,0.2821394449441644
2016158N22272,"Panama City Port Authority, FL",2022,event30,0.1963343994080178
2016158N22272,"Panama City Port Authority, FL",2023,storm,-0.3580611553108423
2016158N22272,"Panama City Port Authority, FL",2023,after,0.0210253300252317
2016158N22272,"Panama City Port Authority, FL",2023,event30,-0.0294774192963609
2016158N22272,"Port of Brunswick, GA",2015,storm,0.3791670043377352
2016158N22272,"Port of Brunswick, GA",2015,after,0.0596373522466543
2016158N22272,"Port of Brunswick, GA",2015,event30,-0.0334519984848364
2016158N22272,"Port of Brunswick, GA",2017,storm,-0.0179712762687416
2016158N22272,"Port of Brunswick, GA",2017,after,-0.0799519831627327
2016158N22272,"Port of Brunswick, GA",2017,event30,0.0638186635270811
2016158N22272,"Port of Brunswick, GA",2018,storm,-0.5446384455718772
2016158N22272,"Port of Brunswick, GA",2018,after,0.0303297236704684
2016158N22272,"Port of Brunswick, GA",2018,event30,-0.0598638517627263
2016158N22272,"Port of Brunswick, GA",2019,storm,0.082433898201955
2016158N22272,"Port of Brunswick, GA",2019,after,0.0956475595948706
2016158N22272,"Port of Brunswick, GA",2019,event30,0.1254055002083627
2016158N22272,"Port of Brunswick, GA",2023,storm,0.0060563653617989
2016158N22272,"Port of Brunswick, GA",2023,after,0.1028171359816929
2016158N22272,"Port of Brunswick, GA",2023,event30,0.0716199008259234
2016158N22272,"Port of Charleston, SC",2017,storm,0.0123884773388417
2016158N22272,"Port of Charleston, SC",2017,after,0.2454287141069834
2016158N22272,"Port of Charleston, SC",2017,event30,0.1433646759835659
2016158N22272,"Port of Charleston, SC",2018,storm,-0.008615856965922
2016158N22272,"Port of Charleston, SC",2018,after,-0.0656830970363305
2016158N22272,"Port of Charleston, SC",2018,event30,-0.1343040454779634
2016158N22272,"Port of Charleston, SC",2019,storm,-0.3800377851423037
2016158N22272,"Port of Charleston, SC",2019,after,-0.1687347312552507
2016158N22272,"Port of Charleston, SC",2019,event30,-0.1596222031741701
2016158N22272,"Port of Charleston, SC",2023,storm,0.2809121040410163
2016158N22272,"Port of Charleston, SC",2023,after,0.066362462680703
2016158N22272,"Port of Charleston, SC",2023,event30,0.1319634332792919
2016158N22272,"Port of Savannah, GA",2015,storm,-0.0286181921758693
2016158N22272,"Port of Savannah, GA",2015,after,-0.0542535755878829
2016158N22272,"Port of Savannah, GA",2015,event30,-0.0186948968505835
2016158N22272,"Port of Savannah, GA",2017,storm,-0.2249783871153245
2016158N22272,"Port of Savannah, GA",2017,after,-0.2223353093719218
2016158N22272,"Port of Savannah, GA",2017,event30,-0.168962102643143
2016158N22272,"Port of Savannah, GA",2018,storm,-0.0963768824368206
2016158N22272,"Port of Savannah, GA",2018,after,0.256998130436423
2016158N22272,"Port of Savannah, GA",2018,event30,0.1642624713865089
2016158N22272,"Port of Savannah, GA",2019,storm,0.101212681339158
2016158N22272,"Port of Savannah, GA",2019,after,0.0531782083372707
2016158N22272,"Port of Savannah, GA",2019,event30,0.0746455797845726
2016158N22272,"Port of Savannah, GA",2023,storm,-0.0339648279424597
2016158N22272,"Port of Savannah, GA",2023,after,-0.0153866733105221
2016158N22272,"Port of Savannah, GA",2023,event30,-0.016266416184471
2016158N22272,"Wilmington, NC",2017,storm,0.3837530681407949
2016158N22272,"Wilmington, NC",2017,after,0.2059349605182635
2016158N22272,"Wilmington, NC",2017,event30,-0.0528586283522139
2016158N22272,"Wilmington, NC",2018,storm,-0.036704833467443
2016158N22272,"Wilmington, NC",2018,after,0.0179921474402295
2016158N22272,"Wilmington, NC",2018,event30,-0.0269823149266719
2016158N22272,"Wilmington, NC",2019,storm,-0.1275514824055573
2016158N22272,"Wilmington, NC",2019,after,-0.3859672318751616
2016158N22272,"Wilmington, NC",2019,event30,-0.2290392953489603
2016158N22272,"Wilmington, NC",2023,storm,0.3950807109416574
2016158N22272,"Wilmington, NC",2023,after,0.1671101686378645
2016158N22272,"Wilmington, NC",2023,event30,0.243728752510734
2016242N24279,"Boston, MA",2015,storm,0.0615509515428763
2016242N24279,"Boston, MA",2015,after,0.0710009244101488
2016242N24279,"Boston, MA",2015,event30,0.0375269120140399
2016242N24279,"Boston, MA",2019,storm,-0.3461206797070432
2016242N24279,"Boston, MA",2019,after,-0.2970432962315147
2016242N24279,"Boston, MA",2019,event30,-0.146893721318688
2016242N24279,"Boston, MA",2020,storm,-0.0680140807142823
2016242N24279,"Boston, MA",2020,after,-0.0053974048012222
2016242N24279,"Boston, MA",2020,event30,-0.0580648953230452
2016242N24279,"Boston, MA",2022,storm,0.1813239488847958
2016242N24279,"Boston, MA",2022,after,0.1512164860862249
2016242N24279,"Boston, MA",2022,event30,0.1940423754514439
2016242N24279,"Boston, MA",2023,storm,-0.0204584925082546
2016242N24279,"Boston, MA",2023,after,-0.0141132265195236
2016242N24279,"Boston, MA",2023,event30,0.0133647135736634
2016242N24279,"New York, NY & NJ",2015,storm,-0.0250934445102115
2016242N24279,"New York, NY & NJ",2015,after,0.0773298290039237
2016242N24279,"New York, NY & NJ",2015,event30,0.0160111133764654
2016242N24279,"New York, NY & NJ",2017,storm,0.1399497058955047
2016242N24279,"New York, NY & NJ",2017,after,0.0841289656687524
2016242N24279,"New York, NY & NJ",2017,event30,0.0931303027214259
2016242N24279,"New York, NY & NJ",2019,storm,-0.2700550568882744
2016242N24279,"New York, NY & NJ",2019,after,-0.1305420644335932
2016242N24279,"New York, NY & NJ",2019,event30,-0.0993481910205579
2016242N24279,"New York, NY & NJ",2022,storm,0.065436785555459
2016242N24279,"New York, NY & NJ",2022,after,0.1339401507975911
2016242N24279,"New York, NY & NJ",2022,event30,0.0636270496372766
2016242N24279,"New York, NY & NJ",2023,storm,0.0081117483962975
2016242N24279,"New York, NY & NJ",2023,after,-0.0978757034356642
2016242N24279,"New York, NY & NJ",2023,event30,-0.0180136172421364
2016242N24279,"Port Jefferson, NY",2015,storm,0.0475963242398482
2016242N24279,"Port Jefferson, NY",2015,after,-0.1992751085948845
2016242N24279,"Port Jefferson, NY",2015,event30,-0.1212209734211294
2016242N24279,"Port Jefferson, NY",2017,storm,0.0602289217399868
2016242N24279,"Port Jefferson, NY",2017,after,0.2277134232874317
2016242N24279,"Port Jefferson, NY",2017,event30,0.0152654583450681
2016242N24279,"Port Jefferson, NY",2019,storm,-0.1450700859635621
2016242N24279,"Port Jefferson, NY",2019,after,-0.1724853794760676
2016242N24279,"Port Jefferson, NY",2019,event30,-0.1351049598584964
2016242N24279,"Port Jefferson, NY",2022,storm,0.1320034636901436
2016242N24279,"Port Jefferson, NY",2022,after,0.128766890335911
2016242N24279,"Port Jefferson, NY",2022,event30,0.1248752881657388
2016242N24279,"Port Jefferson, NY",2023,storm,0.0343766714350567
2016242N24279,"Port Jefferson, NY",2023,after,0.1827433307278006
2016242N24279,"Port Jefferson, NY",2023,event30,0.1880401617336811
2016242N24279,"Port of Providence, RI",2015,storm,-0.0209581609724609
2016242N24279,"Port of Providence, RI",2015,after,-0.0760910531565022
2016242N24279,"Port of Providence, RI",2015,event30,-0.0654948048538629
2016242N24279,"Port of Providence, RI",2017,storm,0.0845844493855776
2016242N24279,"Port of Providence, RI",2017,after,0.0823848784387736
2016242N24279,"Port of Providence, RI",2017,event30,-0.0201708604660453
2016242N24279,"Port of Providence, RI",2019,storm,-0.1858699411068765
2016242N24279,"Port of Providence, RI",2019,after,-0.0768739882167579
2016242N24279,"Port of Providence, RI",2019,event30,-0.0377412593896143
2016242N24279,"Port of Providence, RI",2022,storm,0.0057308872414508
2016242N24279,"Port of Providence, RI",2022,after,0.0452447866588203
2016242N24279,"Port of Providence, RI",2022,event30,0.0511057491356775
2016242N24279,"Port of Providence, RI",2023,storm,0.0790034044391874
2016242N24279,"Port of Providence, RI",2023,after,0.0449731050695208
2016242N24279,"Port of Providence, RI",2023,event30,0.0345834522659695
2016257N27280,"Canaveral Port District, FL",2015,storm,0.0203315062685994
2016257N27280,"Canaveral Port District, FL",2015,after,0.0297947493660675
2016257N27280,"Canaveral Port District, FL",2015,event30,-0.0659272918917699
2016257N27280,"Canaveral Port District, FL",2018,storm,-0.2098762480712751
2016257N27280,"Canaveral Port District, FL",2018,after,0.0662686743229407
2016257N27280,"Canaveral Port District, FL",2018,event30,-0.0106986470072875
2016257N27280,"Canaveral Port District, FL",2021,storm,0.1259416490606025
2016257N27280,"Canaveral Port District, FL",2021,after,0.1830612181480655
2016257N27280,"Canaveral Port District, FL",2021,event30,0.0929293350587673
2016257N27280,"Canaveral Port District, FL",2023,storm,-0.0175960606298662
2016257N27280,"Canaveral Port District, FL",2023,after,-0.1540205210284004
2016257N27280,"Canaveral Port District, FL",2023,event30,-0.0301264218194035
2016273N13300,"Canaveral Port District, FL",2015,storm,-0.2664593981703143
2016273N13300,"Canaveral Port District, FL",2015,after,-0.0923294479513099
2016273N13300,"Canaveral Port District, FL",2015,event30,-0.0587009433420634
2016273N13300,"Canaveral Port District, FL",2018,storm,-0.1464254298349284
2016273N13300,"Canaveral Port District, FL",2018,after,0.020180329357852
2016273N13300,"Canaveral Port District, FL",2018,event30,0.0408925000867988
2016273N13300,"Canaveral Port District, FL",2021,storm,0.0857111029862387
2016273N13300,"Canaveral Port District, FL",2021,after,-0.0449161552526696
2016273N13300,"Canaveral Port District, FL",2021,event30,0.0728884905854311
2016273N13300,"Canaveral Port District, FL",2023,storm,0.0108723489769178
2016273N13300,"Canaveral Port District, FL",2023,after,0.0581980885421241
2016273N13300,"Canaveral Port District, FL",2023,event30,-0.091814976953742
2017171N24271,"Beaumont, TX",2015,storm,0.3796303332268043
2017171N24271,"Beaumont, TX",2015,after,0.4142196999464453
2017171N24271,"Beaumont, TX",2015,event30,0.2507779688473553
2017171N24271,"Beaumont, TX",2016,storm,0.439065781236068
2017171N24271,"Beaumont, TX",2016,after,0.0501607539923884
2017171N24271,"Beaumont, TX",2016,event30,0.0312397166233102
2017171N24271,"Beaumont, TX",2018,storm,0.0530452534422292
2017171N24271,"Beaumont, TX",2018,after,0.0139701813205203
2017171N24271,"Beaumont, TX",2018,event30,0.2829318491133693
2017171N24271,"Beaumont, TX",2020,storm,-0.4972618828677747
2017171N24271,"Beaumont, TX",2020,after,-0.3824586808987066
2017171N24271,"Beaumont, TX",2020,event30,-0.1343539733732498
2017171N24271,"Beaumont, TX",2021,storm,0.2265435381933764
2017171N24271,"Beaumont, TX",2021,after,0.3422686150417092
2017171N24271,"Beaumont, TX",2021,event30,0.0936154197277998
2017171N24271,"Beaumont, TX",2022,storm,-0.0926609628142529
2017171N24271,"Beaumont, TX",2022,after,0.2438649371332371
2017171N24271,"Beaumont, TX",2022,event30,0.0746851775309767
2017171N24271,"Beaumont, TX",2023,storm,-0.1306318332902675
2017171N24271,"Beaumont, TX",2023,after,0.0980203030246808
2017171N24271,"Beaumont, TX",2023,event30,0.0203212578961299
2017171N24271,"Galveston, TX",2016,storm,-0.0861032139149719
2017171N24271,"Galveston, TX",2016,after,-0.0703411662251165
2017171N24271,"Galveston, TX",2016,event30,-0.0632373249625736
2017171N24271,"Galveston, TX",2018,storm,0.0233321878882837
2017171N24271,"Galveston, TX",2018,after,-0.0297620010852488
2017171N24271,"Galveston, TX",2018,event30,-0.0037187887796075
2017171N24271,"Galveston, TX",2021,storm,0.0334080794983883
2017171N24271,"Galveston, TX",2021,after,0.0189925824299201
2017171N24271,"Galveston, TX",2021,event30,-0.0156246535147368
2017171N24271,"Galveston, TX",2022,storm,-0.00477019997333
2017171N24271,"Galveston, TX",2022,after,0.0060534999019308
2017171N24271,"Galveston, TX",2022,event30,-0.0498976704991552
2017171N24271,"Galveston, TX",2023,storm,0.1553023189307738
2017171N24271,"Galveston, TX",2023,after,0.1666905486242562
2017171N24271,"Galveston, TX",2023,event30,0.13049164223721
2017171N24271,"Houston Port Authority, TX",2016,storm,-0.0446009080137627
2017171N24271,"Houston Port Authority, TX",2016,after,-0.0356704205985524
2017171N24271,"Houston Port Authority, TX",2016,event30,0.0056954573141212
2017171N24271,"Houston Port Authority, TX",2018,storm,-0.0378933143215063
2017171N24271,"Houston Port Authority, TX",2018,after,0.048682238720144
2017171N24271,"Houston Port Authority, TX",2018,event30,0.0833588975097542
2017171N24271,"Houston Port Authority, TX",2020,storm,-0.0477317294846843
2017171N24271,"Houston Port Authority, TX",2020,after,0.0565466152336776
2017171N24271,"Houston Port Authority, TX",2020,event30,0.0164733752573463
2017171N24271,"Houston Port Authority, TX",2021,storm,-0.0401636830941923
2017171N24271,"Houston Port Authority, TX",2021,after,-0.0450797335379443
2017171N24271,"Houston Port Authority, TX",2021,event30,-0.0417019074586493
2017171N24271,"Houston Port Authority, TX",2022,storm,0.1167869981458644
2017171N24271,"Houston Port Authority, TX",2022,after,-0.0282283680420715
2017171N24271,"Houston Port Authority, TX",2022,event30,-0.0004513850488869
2017171N24271,"Houston Port Authority, TX",2023,storm,0.1486682513734498
2017171N24271,"Houston Port Authority, TX",2023,after,0.0274694038032377
2017171N24271,"Houston Port Authority, TX",2023,event30,0.0198062384967493
2017171N24271,"Lake Charles Harbor District, LA",2015,storm,-0.007494512533009
2017171N24271,"Lake Charles Harbor District, LA",2015,after,0.1260211015144102
2017171N24271,"Lake Charles Harbor District, LA",2015,event30,0.0349053730451409
2017171N24271,"Lake Charles Harbor District, LA",2016,storm,-0.1680262281370606
2017171N24271,"Lake Charles Harbor District, LA",2016,after,-0.0521947049979199
2017171N24271,"Lake Charles Harbor District, LA",2016,event30,-0.1039604659952554
2017171N24271,"Lake Charles Harbor District, LA",2018,storm,0.2075299438693206
2017171N24271,"Lake Charles Harbor District, LA",2018,after,0.1467153371793765
2017171N24271,"Lake Charles Harbor District, LA",2018,event30,0.1524121801254226
2017171N24271,"Lake Charles Harbor District, LA",2022,storm,-0.2057713001797581
2017171N24271,"Lake Charles Harbor District, LA",2022,after,-0.0372849764584587
2017171N24271,"Lake Charles Harbor District, LA",2022,event30,-0.0077059338905491
2017171N24271,"Lake Charles Harbor District, LA",2023,storm,0.0141168307501347
2017171N24271,"Lake Charles Harbor District, LA",2023,after,0.0034461878197084
2017171N24271,"Lake Charles Harbor District, LA",2023,event30,0.0532784322834497
2017171N24271,"Orange County Nav District, TX",2015,storm,0.2881828018358123
2017171N24271,"Orange County Nav District, TX",2015,after,0.1827040467981577
2017171N24271,"Orange County Nav District, TX",2015,event30,0.1587486313120862
2017171N24271,"Orange County Nav District, TX",2016,storm,-0.1191051389503687
2017171N24271,"Orange County Nav District, TX",2016,after,0.0066811880961457
2017171N24271,"Orange County Nav District, TX",2016,event30,-0.034305821106927
2017171N24271,"Orange County Nav District, TX",2018,storm,-0.3167793015827586
2017171N24271,"Orange County Nav District, TX",2018,after,-0.1212244525497243
2017171N24271,"Orange County Nav District, TX",2018,event30,-0.1175144433924377
2017171N24271,"Orange County Nav District, TX",2020,storm,-0.1854094653701699
2017171N24271,"Orange County Nav District, TX",2020,after,0.2415499916513175
2017171N24271,"Orange County Nav District, TX",2020,event30,0.1650069734182284
2017171N24271,"Orange County Nav District, TX",2021,storm,-0.0620191815666755
2017171N24271,"Orange County Nav District, TX",2021,after,-0.0223705381297095
2017171N24271,"Orange County Nav District, TX",2021,event30,-0.0002322376366734
2017171N24271,"Orange County Nav District, TX",2022,storm,-0.0029160500784664
2017171N24271,"Orange County Nav District, TX",2022,after,-0.1174338663046314
2017171N24271,"Orange County Nav District, TX",2022,event30,-0.1570717841162874
2017171N24271,"Orange County Nav District, TX",2023,storm,0.1365510993634331
2017171N24271,"Orange County Nav District, TX",2023,after,-0.0605936943894663
2017171N24271,"Orange County Nav District, TX",2023,event30,0.0237072361303066
2017171N24271,"Port Arthur, TX",2015,storm,0.1921158142397804
2017171N24271,"Port Arthur, TX",2015,after,0.381959407778583
2017171N24271,"Port Arthur, TX",2015,event30,0.2599335280724337
2017171N24271,"Port Arthur, TX",2016,storm,0.4474439687427757
2017171N24271,"Port Arthur, TX",2016,after,0.1170136266784086
2017171N24271,"Port Arthur, TX",2016,event30,0.0622429763110159
2017171N24271,"Port Arthur, TX",2018,storm,0.264930125429962
2017171N24271,"Port Arthur, TX",2018,after,0.0556649020091889
2017171N24271,"Port Arthur, TX",2018,event30,0.2457183146975988
2017171N24271,"Port Arthur, TX",2020,storm,-0.6937773900486696
2017171N24271,"Port Arthur, TX",2020,after,0.5070261800552471
2017171N24271,"Port Arthur, TX",2020,event30,0.0652614636413378
2017171N24271,"Port Arthur, TX",2021,storm,-0.5633674428139117
2017171N24271,"Port Arthur, TX",2021,after,0.4594394131312073
2017171N24271,"Port Arthur, TX",2021,event30,0.4415155301970094
2017171N24271,"Port Arthur, TX",2022,storm,0.6952625047936826
2017171N24271,"Port Arthur, TX",2022,after,0.4553424481879372
2017171N24271,"Port Arthur, TX",2022,event30,0.3802507872631074
2017171N24271,"Port Arthur, TX",2023,storm,-0.1430628373829753
2017171N24271,"Port Arthur, TX",2023,after,-0.7703123942699743
2017171N24271,"Port Arthur, TX",2023,event30,-0.6253297458871061
2017171N24271,"Port Freeport, TX",2016,storm,-0.1275385252233684
2017171N24271,"Port Freeport, TX",2016,after,0.0246168233214214
2017171N24271,"Port Freeport, TX",2016,event30,-0.0278333213603121
2017171N24271,"Port Freeport, TX",2018,storm,0.0949999209758852
2017171N24271,"Port Freeport, TX",2018,after,0.0207691751839993
2017171N24271,"Port Freeport, TX",2018,event30,0.0190875867137299
2017171N24271,"Port Freeport, TX",2019,storm,0.0467095328314662
2017171N24271,"Port Freeport, TX",2019,after,0.0227847331091895
2017171N24271,"Port Freeport, TX",2019,event30,-0.0309811893769226
2017171N24271,"Port Freeport, TX",2021,storm,0.3718925927441603
2017171N24271,"Port Freeport, TX",2021,after,0.1091917337762737
2017171N24271,"Port Freeport, TX",2021,event30,0.1609950860386212
2017171N24271,"Port Freeport, TX",2022,storm,-0.1037612776100496
2017171N24271,"Port Freeport, TX",2022,after,-0.148905498847666
2017171N24271,"Port Freeport, TX",2022,event30,-0.1200002198737669
2017171N24271,"Port Freeport, TX",2023,storm,0.0111707730772348
2017171N24271,"Port Freeport, TX",2023,after,0.0271261079380743
2017171N24271,"Port Freeport, TX",2023,event30,0.0395174257065619
2017171N24271,"Port of Iberia District, LA",2015,storm,-0.3718566371060211
2017171N24271,"Port of Iberia District, LA",2015,after,-0.3008172864265789
2017171N24271,"Port of Iberia District, LA",2015,event30,-0.2331394735932707
2017171N24271,"Port of Iberia District, LA",2016,storm,0.1428102655519804
2017171N24271,"Port of Iberia District, LA",2016,after,0.262624127070765
2017171N24271,"Port of Iberia District, LA",2016,event30,0.3256611342264812
2017171N24271,"Port of Iberia District, LA",2018,storm,0.0497049845050413
2017171N24271,"Port of Iberia District, LA",2018,after,0.0389766979853577
2017171N24271,"Port of Iberia District, LA",2018,event30,-0.1030347486678902
2017171N24271,"Port of Iberia District, LA",2022,storm,-0.0388588496665791
2017171N24271,"Port of Iberia District, LA",2022,after,-0.1699002381982491
2017171N24271,"Port of Iberia District, LA",2022,event30,-0.2061533176817391
2017171N24271,"Port of Iberia District, LA",2023,storm,0.0853941638670474
2017171N24271,"Port of Iberia District, LA",2023,after,0.0389107397425528
2017171N24271,"Port of Iberia District, LA",2023,event30,0.0352421045712566
2017171N24271,"Sabine Pass Port Authority, TX",2015,storm,0.2139303029769091
2017171N24271,"Sabine Pass Port Authority, TX",2015,after,-0.0904644386049278
2017171N24271,"Sabine Pass Port Authority, TX",2015,event30,-0.024641695472672
2017171N24271,"Sabine Pass Port Authority, TX",2016,storm,0.3033799829434314
2017171N24271,"Sabine Pass Port Authority, TX",2016,after,0.0116627506654807
2017171N24271,"Sabine Pass Port Authority, TX",2016,event30,0.1346834619389436
2017171N24271,"Sabine Pass Port Authority, TX",2018,storm,-0.1749192804301678
2017171N24271,"Sabine Pass Port Authority, TX",2018,after,-0.1114730777835238
2017171N24271,"Sabine Pass Port Authority, TX",2018,event30,-0.1337737900340291
2017171N24271,"Sabine Pass Port Authority, TX",2020,storm,-0.0218531454632131
2017171N24271,"Sabine Pass Port Authority, TX",2020,after,0.026215523120675
2017171N24271,"Sabine Pass Port Authority, TX",2020,event30,0.0066207655493722
2017171N24271,"Sabine Pass Port Authority, TX",2021,storm,-0.0487245100367759
2017171N24271,"Sabine Pass Port Authority, TX",2021,after,-0.012029758925674
2017171N24271,"Sabine Pass Port Authority, TX",2021,event30,0.010077019242576
2017171N24271,"Sabine Pass Port Authority, TX",2022,storm,-0.0590138933472858
2017171N24271,"Sabine Pass Port Authority, TX",2022,after,0.0109169350827336
2017171N24271,"Sabine Pass Port Authority, TX",2022,event30,-0.0703783619140657
2017171N24271,"Sabine Pass Port Authority, TX",2023,storm,0.0129004552653686
2017171N24271,"Sabine Pass Port Authority, TX",2023,after,0.125778692893612
2017171N24271,"Sabine Pass Port Authority, TX",2023,event30,0.0980157827596764
2017171N24271,"Texas City, TX",2016,storm,0.0278764494803522
2017171N24271,"Texas City, TX",2016,after,0.0213682086460967
2017171N24271,"Texas City, TX",2016,event30,0.0659492007136558
2017171N24271,"Texas City, TX",2018,storm,-0.2833820006115262
2017171N24271,"Texas City, TX",2018,after,-0.1918808189645915
2017171N24271,"Texas City, TX",2018,event30,-0.1762444009784965
2017171N24271,"Texas City, TX",2020,storm,0.3140386824375738
2017171N24271,"Texas City, TX",2020,after,0.0582129235255261
2017171N24271,"Texas City, TX",2020,event30,0.0577844174954148
2017171N24271,"Texas City, TX",2021,storm,0.1704794618219041
2017171N24271,"Texas City, TX",2021,after,0.2392524564136645
2017171N24271,"Texas City, TX",2021,event30,0.1658098713034304
2017171N24271,"Texas City, TX",2022,storm,0.0533253641070503
2017171N24271,"Texas City, TX",2022,after,0.0448918457530393
2017171N24271,"Texas City, TX",2022,event30,-0.0237628501236927
2017171N24271,"Texas City, TX",2023,storm,-0.0723578173624728
2017171N24271,"Texas City, TX",2023,after,-0.0473186644986755
2017171N24271,"Texas City, TX",2023,event30,-0.0291945179094903
2017212N28275,"Canaveral Port District, FL",2015,storm,-0.0762762799324905
2017212N28275,"Canaveral Port District, FL",2015,after,0.0233676301129355
2017212N28275,"Canaveral Port District, FL",2015,event30,-0.0196708890311834
2017212N28275,"Canaveral Port District, FL",2018,storm,-0.1357944549545441
2017212N28275,"Canaveral Port District, FL",2018,after,0.0493833757863551
2017212N28275,"Canaveral Port District, FL",2018,event30,-0.0272470437215121
2017212N28275,"Canaveral Port District, FL",2021,storm,0.1181162736482
2017212N28275,"Canaveral Port District, FL",2021,after,0.2032416916242011
2017212N28275,"Canaveral Port District, FL",2021,event30,0.0613926340930218
2017212N28275,"Canaveral Port District, FL",2023,storm,-0.0107451990578998
2017212N28275,"Canaveral Port District, FL",2023,after,-0.2670106737116577
2017212N28275,"Canaveral Port District, FL",2023,event30,0.0107783002605213
2017228N14314,"Beaumont, TX",2015,storm,0.0074739497902016
2017228N14314,"Beaumont, TX",2015,after,0.0198224096792887
2017228N14314,"Beaumont, TX",2015,event30,0.0034889062275814
2017228N14314,"Beaumont, TX",2016,storm,0.0981271353579166
2017228N14314,"Beaumont, TX",2016,after,0.3267098873866417
2017228N14314,"Beaumont, TX",2016,event30,0.0253780549678012
2017228N14314,"Beaumont, TX",2018,storm,0.1576091473380454
2017228N14314,"Beaumont, TX",2018,after,-0.3595298149034218
2017228N14314,"Beaumont, TX",2018,event30,-0.1761384167881587
2017228N14314,"Beaumont, TX",2022,storm,0.4036614999147446
2017228N14314,"Beaumont, TX",2022,after,0.1147518508554361
2017228N14314,"Beaumont, TX",2022,event30,0.1102212830074422
2017228N14314,"Beaumont, TX",2023,storm,-0.1188390423952407
2017228N14314,"Beaumont, TX",2023,after,0.0278456870098326
2017228N14314,"Beaumont, TX",2023,event30,0.0708458446299847
2017228N14314,"Calhoun Port Authority, TX",2015,storm,-0.0408132915866197
2017228N14314,"Calhoun Port Authority, TX",2015,after,-0.185208584623153
2017228N14314,"Calhoun Port Authority, TX",2015,event30,-0.1243547475469814
2017228N14314,"Calhoun Port Authority, TX",2016,storm,0.4692736738352857
2017228N14314,"Calhoun Port Authority, TX",2016,after,-0.1034621010173393
2017228N14314,"Calhoun Port Authority, TX",2016,event30,0.0363340213724953
2017228N14314,"Calhoun Port Authority, TX",2018,storm,-0.088673846054187
2017228N14314,"Calhoun Port Authority, TX",2018,after,0.0119573536161826
2017228N14314,"Calhoun Port Authority, TX",2018,event30,0.0957607354169884
2017228N14314,"Calhoun Port Authority, TX",2022,storm,-0.2454505489534193
2017228N14314,"Calhoun Port Authority, TX",2022,after,0.3889315342384283
2017228N14314,"Calhoun Port Authority, TX",2022,event30,0.03692867402623
2017228N14314,"Corpus Christi, TX",2015,storm,0.0188765058227435
2017228N14314,"Corpus Christi, TX",2015,after,0.2044025058661581
2017228N14314,"Corpus Christi, TX",2015,event30,0.1062455946609746
2017228N14314,"Corpus Christi, TX",2016,storm,-0.1590788117652107
2017228N14314,"Corpus Christi, TX",2016,after,-0.3347911246796385
2017228N14314,"Corpus Christi, TX",2016,event30,-0.1447138276394797
2017228N14314,"Corpus Christi, TX",2018,storm,-0.0226093201151659
2017228N14314,"Corpus Christi, TX",2018,after,0.0044133476618546
2017228N14314,"Corpus Christi, TX",2018,event30,-0.0465925137204586
2017228N14314,"Corpus Christi, TX",2022,storm,0.1059509836714921
2017228N14314,"Corpus Christi, TX",2022,after,0.1281077500429047
2017228N14314,"Corpus Christi, TX",2022,event30,0.0655683232398773
2017228N14314,"Galveston, TX",2015,storm,-0.1682317706085557
2017228N14314,"Galveston, TX",2015,after,-0.0379855090941732
2017228N14314,"Galveston, TX",2015,event30,-0.0697703818864445
2017228N14314,"Galveston, TX",2016,storm,0.0663292976008464
2017228N14314,"Galveston, TX",2016,after,0.096163032160442
2017228N14314,"Galveston, TX",2016,event30,0.0886703406568269
2017228N14314,"Galveston, TX",2018,storm,-0.0228450945348116
2017228N14314,"Galveston, TX",2018,after,-0.1094075171273875
2017228N14314,"Galveston, TX",2018,event30,-0.0248857708082579
2017228N14314,"Galveston, TX",2022,storm,0.0973363236966242
2017228N14314,"Galveston, TX",2022,after,0.0304643621942638
2017228N14314,"Galveston, TX",2022,event30,0.0253264131799169
2017228N14314,"Galveston, TX",2023,storm,0.0785355497046421
2017228N14314,"Galveston, TX",2023,after,-0.071858674682216
2017228N14314,"Galveston, TX",2023,event30,0.0066483491815234
2017228N14314,"Houston Port Authority, TX",2015,storm,-0.1597566972630497
2017228N14314,"Houston Port Authority, TX",2015,after,-0.0314863598170551
2017228N14314,"Houston Port Authority, TX",2015,event30,-0.0539780294691277
2017228N14314,"Houston Port Authority, TX",2016,storm,-0.012605327816462
2017228N14314,"Houston Port Authority, TX",2016,after,-0.0080080015283644
2017228N14314,"Houston Port Authority, TX",2016,event30,-0.0091834828989689
2017228N14314,"Houston Port Authority, TX",2018,storm,0.1235747018127046
2017228N14314,"Houston Port Authority, TX",2018,after,0.0643261293840146
2017228N14314,"Houston Port Authority, TX",2018,event30,0.0448740673729449
2017228N14314,"Houston Port Authority, TX",2022,storm,0.0422285350180955
2017228N14314,"Houston Port Authority, TX",2022,after,-0.0375160162870774
2017228N14314,"Houston Port Authority, TX",2022,event30,-0.0352701732386702
2017228N14314,"Houston Port Authority, TX",2023,storm,0.0478078149981687
2017228N14314,"Houston Port Authority, TX",2023,after,0.0171925756535632
2017228N14314,"Houston Port Authority, TX",2023,event30,0.0379154303757159
2017228N14314,"Lake Charles Harbor District, LA",2015,storm,0.1738697091918795
2017228N14314,"Lake Charles Harbor District, LA",2015,after,0.1501699023741248
2017228N14314,"Lake Charles Harbor District, LA",2015,event30,0.1073484687219837
2017228N14314,"Lake Charles Harbor District, LA",2016,storm,-0.1569662187558804
2017228N14314,"Lake Charles Harbor District, LA",2016,after,-0.0763904379858514
2017228N14314,"Lake Charles Harbor District, LA",2016,event30,-0.0485227838550854
2017228N14314,"Lake Charles Harbor District, LA",2018,storm,-0.1943903513273867
2017228N14314,"Lake Charles Harbor District, LA",2018,after,-0.0878420444529426
2017228N14314,"Lake Charles Harbor District, LA",2018,event30,-0.0706715691712565
2017228N14314,"Lake Charles Harbor District, LA",2022,storm,0.0020512934603496
2017228N14314,"Lake Charles Harbor District, LA",2022,after,-0.0175952066050639
2017228N14314,"Lake Charles Harbor District, LA",2022,event30,-0.0545998242969747
2017228N14314,"Lake Charles Harbor District, LA",2023,storm,-0.0298711614986018
2017228N14314,"Lake Charles Harbor District, LA",2023,after,0.0729474599493471
2017228N14314,"Lake Charles Harbor District, LA",2023,event30,0.0198307799190975
2017228N14314,"Orange County Nav District, TX",2015,storm,0.1316070442426797
2017228N14314,"Orange County Nav District, TX",2015,after,-0.0597805724371542
2017228N14314,"Orange County Nav District, TX",2015,event30,-0.1284266352306973
2017228N14314,"Orange County Nav District, TX",2016,storm,0.1273960823410439
2017228N14314,"Orange County Nav District, TX",2016,after,0.078025923624051
2017228N14314,"Orange County Nav District, TX",2016,event30,0.1531429215620348
2017228N14314,"Orange County Nav District, TX",2018,storm,-0.1084996143057443
2017228N14314,"Orange County Nav District, TX",2018,after,-0.0818542451866324
2017228N14314,"Orange County Nav District, TX",2018,event30,-0.0068164114723297
2017228N14314,"Orange County Nav District, TX",2022,storm,-0.2562553206130306
2017228N14314,"Orange County Nav District, TX",2022,after,0.0539868384873736
2017228N14314,"Orange County Nav District, TX",2022,event30,0.0260776304008018
2017228N14314,"Orange County Nav District, TX",2023,storm,0.2726209302729011
2017228N14314,"Orange County Nav District, TX",2023,after,0.0377980477908428
2017228N14314,"Orange County Nav District, TX",2023,event30,0.0966692625602077
2017228N14314,"Port Arthur, TX",2015,storm,1.0624171134037583
2017228N14314,"Port Arthur, TX",2015,after,0.5566964546316466
2017228N14314,"Port Arthur, TX",2015,event30,0.544181629878841
2017228N14314,"Port Arthur, TX",2016,storm,-0.0340205709456374
2017228N14314,"Port Arthur, TX",2016,after,-0.4692291203361153
2017228N14314,"Port Arthur, TX",2016,event30,-0.149603416470565
2017228N14314,"Port Arthur, TX",2018,storm,-0.8026776277355103
2017228N14314,"Port Arthur, TX",2018,after,-0.1109307967348616
2017228N14314,"Port Arthur, TX",2018,event30,-0.2071727118877644
2017228N14314,"Port Arthur, TX",2022,storm,0.0883680867729993
2017228N14314,"Port Arthur, TX",2022,after,0.5807818393172464
2017228N14314,"Port Arthur, TX",2022,event30,0.2944740344241704
2017228N14314,"Port Arthur, TX",2023,storm,0.477829799409476
2017228N14314,"Port Arthur, TX",2023,after,0.238145845514958
2017228N14314,"Port Arthur, TX",2023,event30,0.2978585937047058
2017228N14314,"Port Freeport, TX",2015,storm,0.1573393383870073
2017228N14314,"Port Freeport, TX",2015,after,0.1027471005905294
2017228N14314,"Port Freeport, TX",2015,event30,0.071989082187391
2017228N14314,"Port Freeport, TX",2016,storm,0.0126546453844008
2017228N14314,"Port Freeport, TX",2016,after,0.0578593042940936
2017228N14314,"Port Freeport, TX",2016,event30,-0.0166189227670217
2017228N14314,"Port Freeport, TX",2018,storm,-0.1314182610670295
2017228N14314,"Port Freeport, TX",2018,after,0.0110913114437354
2017228N14314,"Port Freeport, TX",2018,event30,0.0165025086431628
2017228N14314,"Port Freeport, TX",2022,storm,-0.0929820979867854
2017228N14314,"Port Freeport, TX",2022,after,-0.0396159137669593
2017228N14314,"Port Freeport, TX",2022,event30,-0.0587447911918382
2017228N14314,"Port Freeport, TX",2023,storm,0.0312409381765916
2017228N14314,"Port Freeport, TX",2023,after,0.0219801747616389
2017228N14314,"Port Freeport, TX",2023,event30,0.0492073254151461
2017228N14314,"Port of Greater Baton Rouge, LA",2015,storm,0.0531946468626302
2017228N14314,"Port of Greater Baton Rouge, LA",2015,after,0.0439704171946246
2017228N14314,"Port of Greater Baton Rouge, LA",2015,event30,0.0334088016037075
2017228N14314,"Port of Greater Baton Rouge, LA",2016,storm,-0.1304930763252439
2017228N14314,"Port of Greater Baton Rouge, LA",2016,after,-0.0633344267053373
2017228N14314,"Port of Greater Baton Rouge, LA",2016,event30,-0.0254853574493947
2017228N14314,"Port of Greater Baton Rouge, LA",2022,storm,0.3499911182429315
2017228N14314,"Port of Greater Baton Rouge, LA",2022,after,0.0858360989385512
2017228N14314,"Port of Greater Baton Rouge, LA",2022,event30,0.1311854825638442
2017228N14314,"Port of Greater Baton Rouge, LA",2023,storm,-0.377646752249482
2017228N14314,"Port of Greater Baton Rouge, LA",2023,after,-0.0822404639222767
2017228N14314,"Port of Greater Baton Rouge, LA",2023,event30,-0.1857711185141116
2017228N14314,"Port of Iberia District, LA",2015,storm,0.1978728373024484
2017228N14314,"Port of Iberia District, LA",2015,after,-0.1715169203721769
2017228N14314,"Port of Iberia District, LA",2015,event30,-0.0661140655835309
2017228N14314,"Port of Iberia District, LA",2016,storm,-0.1373683216628291
2017228N14314,"Port of Iberia District, LA",2016,after,0.1129876348590028
2017228N14314,"Port of Iberia District, LA",2016,event30,0.0221595844095958
2017228N14314,"Port of Iberia District, LA",2018,storm,0.1259816702098145
2017228N14314,"Port of Iberia District, LA",2018,after,0.3826818328749918
2017228N14314,"Port of Iberia District, LA",2018,event30,0.2688985312975797
2017228N14314,"Port of Iberia District, LA",2022,storm,-0.0197397335571423
2017228N14314,"Port of Iberia District, LA",2022,after,-0.0394145057364117
2017228N14314,"Port of Iberia District, LA",2022,event30,-0.207409742385391
2017228N14314,"Port of Iberia District, LA",2023,storm,-0.0469020525433746
2017228N14314,"Port of Iberia District, LA",2023,after,0.0185338333595836
2017228N14314,"Port of Iberia District, LA",2023,event30,0.0064631228669292
2017228N14314,"Sabine Pass Port Authority, TX",2015,storm,0.3091834911482741
2017228N14314,"Sabine Pass Port Authority, TX",2015,after,0.1055539283015017
2017228N14314,"Sabine Pass Port Authority, TX",2015,event30,0.1390982516288823
2017228N14314,"Sabine Pass Port Authority, TX",2016,storm,0.0332008795103139
2017228N14314,"Sabine Pass Port Authority, TX",2016,after,0.1092605336249742
2017228N14314,"Sabine Pass Port Authority, TX",2016,event30,-0.0717109588647367
2017228N14314,"Sabine Pass Port Authority, TX",2018,storm,0.2012824281997194
2017228N14314,"Sabine Pass Port Authority, TX",2018,after,0.2509962609116963
2017228N14314,"Sabine Pass Port Authority, TX",2018,event30,0.1713492756101012
2017228N14314,"Sabine Pass Port Authority, TX",2022,storm,-0.3030271208389391
2017228N14314,"Sabine Pass Port Authority, TX",2022,after,-0.2078456306099647
2017228N14314,"Sabine Pass Port Authority, TX",2022,event30,-0.130877320881793
2017228N14314,"Sabine Pass Port Authority, TX",2023,storm,-0.0608047137230612
2017228N14314,"Sabine Pass Port Authority, TX",2023,after,-0.0950238609831161
2017228N14314,"Sabine Pass Port Authority, TX",2023,event30,-0.0551059088087948
2017228N14314,"Texas City, TX",2015,storm,-0.1820465827675767
2017228N14314,"Texas City, TX",2015,after,-0.3004309823345102
2017228N14314,"Texas City, TX",2015,event30,-0.1115003189295415
2017228N14314,"Texas City, TX",2016,storm,0.1832782411180778
2017228N14314,"Texas City, TX",2016,after,0.3001311259384274
2017228N14314,"Texas City, TX",2016,event30,0.1218108736259397
2017228N14314,"Texas City, TX",2018,storm,0.0598505523589739
2017228N14314,"Texas City, TX",2018,after,0.1589108242041903
2017228N14314,"Texas City, TX",2018,event30,0.1566827726729449
2017228N14314,"Texas City, TX",2022,storm,0.1241294361811333
2017228N14314,"Texas City, TX",2022,after,0.0895196180921814
2017228N14314,"Texas City, TX",2022,event30,0.0323197417163494
2017228N14314,"Texas City, TX",2023,storm,-0.0375952131798824
2017228N14314,"Texas City, TX",2023,after,-0.2380015487177476
2017228N14314,"Texas City, TX",2023,event30,-0.1395255600385739
2017242N16333,"Canaveral Port District, FL",2015,storm,-0.0519438858202859
2017242N16333,"Canaveral Port District, FL",2015,after,0.0640061731522923
2017242N16333,"Canaveral Port District, FL",2015,event30,-0.0447808042849557
2017242N16333,"Canaveral Port District, FL",2018,storm,0.2410848560697066
2017242N16333,"Canaveral Port District, FL",2018,after,-0.1263889073688411
2017242N16333,"Canaveral Port District, FL",2018,event30,-0.0317284404803544
2017242N16333,"Canaveral Port District, FL",2021,storm,-0.1031458304234559
2017242N16333,"Canaveral Port District, FL",2021,after,0.0929016164003248
2017242N16333,"Canaveral Port District, FL",2021,event30,0.0844148484353315
2017242N16333,"Canaveral Port District, FL",2023,storm,0.2737819415300527
2017242N16333,"Canaveral Port District, FL",2023,after,-0.0355233070375413
2017242N16333,"Canaveral Port District, FL",2023,event30,-0.0097544674885372
2017277N11279,"Greater Lafourche Port, LA",2015,storm,0.2190919873643192
2017277N11279,"Greater Lafourche Port, LA",2015,after,0.0143300198792606
2017277N11279,"Greater Lafourche Port, LA",2015,event30,0.0857052533595677
2017277N11279,"Greater Lafourche Port, LA",2016,storm,0.1054290107199696
2017277N11279,"Greater Lafourche Port, LA",2016,after,0.1772142100436382
2017277N11279,"Greater Lafourche Port, LA",2016,event30,0.1179515708585294
2017277N11279,"Greater Lafourche Port, LA",2022,storm,0.1808623845343877
2017277N11279,"Greater Lafourche Port, LA",2022,after,0.2041715455382569
2017277N11279,"Greater Lafourche Port, LA",2022,event30,0.0925985433091271
2017277N11279,"Greater Lafourche Port, LA",2023,storm,-0.3957350367467061
2017277N11279,"Greater Lafourche Port, LA",2023,after,-0.1695818725150535
2017277N11279,"Greater Lafourche Port, LA",2023,event30,-0.1315138193495161
2017277N11279,"Mobile, AL",2015,storm,-0.1082205839113423
2017277N11279,"Mobile, AL",2015,after,-0.2972474422359928
2017277N11279,"Mobile, AL",2015,event30,-0.1716258552970134
2017277N11279,"Mobile, AL",2016,storm,0.2501783134564954
2017277N11279,"Mobile, AL",2016,after,-0.0227604043404935
2017277N11279,"Mobile, AL",2016,event30,0.0159814442030471
2017277N11279,"Mobile, AL",2021,storm,0.1054908847497476
2017277N11279,"Mobile, AL",2021,after,0.1361150928465484
2017277N11279,"Mobile, AL",2021,event30,0.0660010167245139
2017277N11279,"Mobile, AL",2022,storm,-0.039915314946362
2017277N11279,"Mobile, AL",2022,after,0.0265009663333431
2017277N11279,"Mobile, AL",2022,event30,-0.0383320522908416
2017277N11279,"Mobile, AL",2023,storm,-0.0998103031728361
2017277N11279,"Mobile, AL",2023,after,-0.0270142382330582
2017277N11279,"Mobile, AL",2023,event30,0.0205911190670895
2017277N11279,"New Orleans, LA",2015,storm,-0.3224210603640843
2017277N11279,"New Orleans, LA",2015,after,-0.0180655105906812
2017277N11279,"New Orleans, LA",2015,event30,0.0157477128340971
2017277N11279,"New Orleans, LA",2016,storm,0.0170294440291705
2017277N11279,"New Orleans, LA",2016,after,0.1520963870713722
2017277N11279,"New Orleans, LA",2016,event30,0.0225543667483871
2017277N11279,"New Orleans, LA",2022,storm,0.1016256289158359
2017277N11279,"New Orleans, LA",2022,after,-0.202159804492094
2017277N11279,"New Orleans, LA",2022,event30,0.0592065723455175
2017277N11279,"New Orleans, LA",2023,storm,-0.0268954067075714
2017277N11279,"New Orleans, LA",2023,after,0.0841620005605871
2017277N11279,"New Orleans, LA",2023,event30,-0.026826948899026
2017277N11279,"Plaquemines Port District, LA",2015,storm,-0.0210670562593059
2017277N11279,"Plaquemines Port District, LA",2015,after,-0.0739196398790885
2017277N11279,"Plaquemines Port District, LA",2015,event30,-0.017542544078591
2017277N11279,"Plaquemines Port District, LA",2016,storm,-0.007972818734946
2017277N11279,"Plaquemines Port District, LA",2016,after,-0.0003983356667941
2017277N11279,"Plaquemines Port District, LA",2016,event30,0.0038634967356875
2017277N11279,"Plaquemines Port District, LA",2022,storm,-0.0060944953734592
2017277N11279,"Plaquemines Port District, LA",2022,after,-0.0727001030043666
2017277N11279,"Plaquemines Port District, LA",2022,event30,-0.0515771145859742
2017277N11279,"Plaquemines Port District, LA",2023,storm,0.0715564992831908
2017277N11279,"Plaquemines Port District, LA",2023,after,0.0707059507290481
2017277N11279,"Plaquemines Port District, LA",2023,event30,0.1151749683596444
2017277N11279,"Port of Pascagoula, MS",2015,storm,0.1920296318653321
2017277N11279,"Port of Pascagoula, MS",2015,after,0.2712816588116573
2017277N11279,"Port of Pascagoula, MS",2015,event30,0.2644456716628116
2017277N11279,"Port of Pascagoula, MS",2016,storm,0.110079695925934
2017277N11279,"Port of Pascagoula, MS",2016,after,0.1566564734116378
2017277N11279,"Port of Pascagoula, MS",2016,event30,0.0921747799070071
2017277N11279,"Port of Pascagoula, MS",2022,storm,-0.0313447290019969
2017277N11279,"Port of Pascagoula, MS",2022,after,-0.1529397687796476
2017277N11279,"Port of Pascagoula, MS",2022,event30,-0.0023070017911138
2017277N11279,"Port of Pascagoula, MS",2023,storm,-0.286042914692558
2017277N11279,"Port of Pascagoula, MS",2023,after,-0.1943448323513864
2017277N11279,"Port of Pascagoula, MS",2023,event30,-0.2291721805279491
2017277N11279,"South Louisiana, LA, Port of",2015,storm,-0.5065556619354783
2017277N11279,"South Louisiana, LA, Port of",2015,after,0.1536499902503194
2017277N11279,"South Louisiana, LA, Port of",2015,event30,0.0192603058100441
2017277N11279,"South Louisiana, LA, Port of",2016,storm,-0.124859009260335
2017277N11279,"South Louisiana, LA, Port of",2016,after,0.1614274431829027
2017277N11279,"South Louisiana, LA, Port of",2016,event30,0.087970234469219
2017277N11279,"South Louisiana, LA, Port of",2022,storm,0.1979551379439978
2017277N11279,"South Louisiana, LA, Port of",2022,after,-0.1021637895701973
2017277N11279,"South Louisiana, LA, Port of",2022,event30,-0.0663183374917707
2017277N11279,"South Louisiana, LA, Port of",2023,storm,0.1876078084650363
2017277N11279,"South Louisiana, LA, Port of",2023,after,-0.0913929199858659
2017277N11279,"South Louisiana, LA, Port of",2023,event30,0.0270177294607269
2017277N11279,"Terrebonne Parish Port, LA",2015,storm,0.0579718211222224
2017277N11279,"Terrebonne Parish Port, LA",2015,after,-0.1288396615356786
2017277N11279,"Terrebonne Parish Port, LA",2015,event30,-0.0609647853203217
2017277N11279,"Terrebonne Parish Port, LA",2016,storm,0.2277283805951829
2017277N11279,"Terrebonne Parish Port, LA",2016,after,0.1423771035761016
2017277N11279,"Terrebonne Parish Port, LA",2016,event30,0.1803628854173909
2017277N11279,"Terrebonne Parish Port, LA",2018,storm,0.0046059015227443
2017277N11279,"Terrebonne Parish Port, LA",2018,after,0.0804680734719978
2017277N11279,"Terrebonne Parish Port, LA",2018,event30,0.0505237381138895
2017277N11279,"Terrebonne Parish Port, LA",2022,storm,0.0034301708680899
2017277N11279,"Terrebonne Parish Port, LA",2022,after,0.1096669771451612
2017277N11279,"Terrebonne Parish Port, LA",2022,event30,0.0209029926084589
2017277N11279,"Terrebonne Parish Port, LA",2023,storm,-0.1980469664467131
2017277N11279,"Terrebonne Parish Port, LA",2023,after,-0.085380074635993
2017277N11279,"Terrebonne Parish Port, LA",2023,event30,-0.063952192680861
2018146N19273,"Mobile, AL",2015,storm,-0.0296171519401602
2018146N19273,"Mobile, AL",2015,after,0.0756320614596471
2018146N19273,"Mobile, AL",2015,event30,0.0066896096275387
2018146N19273,"Mobile, AL",2016,storm,0.0549103556676859
2018146N19273,"Mobile, AL",2016,after,0.0392420452826587
2018146N19273,"Mobile, AL",2016,event30,0.0496951323405805
2018146N19273,"Mobile, AL",2017,storm,-0.0852223477035512
2018146N19273,"Mobile, AL",2017,after,-0.0998812510869989
2018146N19273,"Mobile, AL",2017,event30,-0.0535183053730503
2018146N19273,"Mobile, AL",2019,storm,0.1855682679148804
2018146N19273,"Mobile, AL",2019,after,0.0918406991417706
2018146N19273,"Mobile, AL",2019,event30,0.152374178801666
2018146N19273,"Mobile, AL",2022,storm,-0.0103680462208961
2018146N19273,"Mobile, AL",2022,after,-0.0330081663741331
2018146N19273,"Mobile, AL",2022,event30,-0.109577670876599
2018146N19273,"Mobile, AL",2023,storm,-0.3761803421782533
2018146N19273,"Mobile, AL",2023,after,0.0844641285043489
2018146N19273,"Mobile, AL",2023,event30,-0.0381213765334046
2018146N19273,"Panama City Port Authority, FL",2015,storm,-0.1851347139220945
2018146N19273,"Panama City Port Authority, FL",2015,after,-0.2790419358681307
2018146N19273,"Panama City Port Authority, FL",2015,event30,-0.2017001546426691
2018146N19273,"Panama City Port Authority, FL",2017,storm,0.27091131401829
2018146N19273,"Panama City Port Authority, FL",2017,after,0.0576686434326974
2018146N19273,"Panama City Port Authority, FL",2017,event30,0.0365216328324757
2018146N19273,"Panama City Port Authority, FL",2022,storm,-0.1907820408613009
2018146N19273,"Panama City Port Authority, FL",2022,after,0.1713799525258488
2018146N19273,"Panama City Port Authority, FL",2022,event30,0.1541021066011758
2018146N19273,"Panama City Port Authority, FL",2023,storm,0.2100471473461933
2018146N19273,"Panama City Port Authority, FL",2023,after,-0.1662686427174484
2018146N19273,"Panama City Port Authority, FL",2023,event30,0.0224394647172343
2018246N22283,"Mobile, AL",2015,storm,-0.2684259283771165
2018246N22283,"Mobile, AL",2015,after,-0.150938254060236
2018246N22283,"Mobile, AL",2015,event30,-0.2331703207414979
2018246N22283,"Mobile, AL",2016,storm,-0.1481703305097784
2018246N22283,"Mobile, AL",2016,after,-0.0176447899237423
2018246N22283,"Mobile, AL",2016,event30,-0.1424516391807564
2018246N22283,"Mobile, AL",2021,storm,0.098577570020039
2018246N22283,"Mobile, AL",2021,after,-0.0872782476895186
2018246N22283,"Mobile, AL",2021,event30,-0.0386587995476732
2018246N22283,"Mobile, AL",2022,storm,0.3408294190930319
2018246N22283,"Mobile, AL",2022,after,0.1342479812800094
2018246N22283,"Mobile, AL",2022,event30,0.1538860024199481
2018246N22283,"Mobile, AL",2023,storm,0.1202905176417175
2018246N22283,"Mobile, AL",2023,after,0.0182249503551256
2018246N22283,"Mobile, AL",2023,event30,0.17765973924798
2018246N22283,"New Orleans, LA",2015,storm,-0.193846460812149
2018246N22283,"New Orleans, LA",2015,after,0.0518619847430077
2018246N22283,"New Orleans, LA",2015,event30,0.0306690979112474
2018246N22283,"New Orleans, LA",2016,storm,-0.2207057368882063
2018246N22283,"New Orleans, LA",2016,after,-0.1616383514350391
2018246N22283,"New Orleans, LA",2016,event30,-0.150112532439567
2018246N22283,"New Orleans, LA",2022,storm,0.1961525025790957
2018246N22283,"New Orleans, LA",2022,after,-0.0420347667331213
2018246N22283,"New Orleans, LA",2022,event30,0.1113619804016452
2018246N22283,"New Orleans, LA",2023,storm,0.2777038019275988
2018246N22283,"New Orleans, LA",2023,after,0.2084655079932387
2018246N22283,"New Orleans, LA",2023,event30,0.0817101160341372
2018246N22283,"Plaquemines Port District, LA",2015,storm,0.0540761356616711
2018246N22283,"Plaquemines Port District, LA",2015,after,0.0182895993547336
2018246N22283,"Plaquemines Port District, LA",2015,event30,0.0514364104494267
2018246N22283,"Plaquemines Port District, LA",2016,storm,-0.0316345907669333
2018246N22283,"Plaquemines Port District, LA",2016,after,0.0437708202595374
2018246N22283,"Plaquemines Port District, LA",2016,event30,0.0068696232502555
2018246N22283,"Plaquemines Port District, LA",2022,storm,0.015260775263854
2018246N22283,"Plaquemines Port District, LA",2022,after,0.0113103686969792
2018246N22283,"Plaquemines Port District, LA",2022,event30,0.0233412134906962
2018246N22283,"Plaquemines Port District, LA",2023,storm,-0.1052411760763126
2018246N22283,"Plaquemines Port District, LA",2023,after,-0.1064284256700067
2018246N22283,"Plaquemines Port District, LA",2023,event30,-0.0684545447554973
2018246N22283,"Port of Pascagoula, MS",2015,storm,-0.0306010713516315
2018246N22283,"Port of Pascagoula, MS",2015,after,-0.1673682191938292
2018246N22283,"Port of Pascagoula, MS",2015,event30,0.055351321090896
2018246N22283,"Port of Pascagoula, MS",2016,storm,-0.2692871939796092
2018246N22283,"Port of Pascagoula, MS",2016,after,0.0134135022627651
2018246N22283,"Port of Pascagoula, MS",2016,event30,-0.0993484202679583
2018246N22283,"Port of Pascagoula, MS",2022,storm,-0.2719328519810279
2018246N22283,"Port of Pascagoula, MS",2022,after,-0.2304295863557571
2018246N22283,"Port of Pascagoula, MS",2022,event30,-0.1771246531524326
2018246N22283,"Port of Pascagoula, MS",2023,storm,0.3955486711921188
2018246N22283,"Port of Pascagoula, MS",2023,after,0.3449806579876912
2018246N22283,"Port of Pascagoula, MS",2023,event30,0.2491361056122913
2018246N22283,"South Louisiana, LA, Port of",2015,storm,0.4752265299562488
2018246N22283,"South Louisiana, LA, Port of",2015,after,0.4806695931178455
2018246N22283,"South Louisiana, LA, Port of",2015,event30,0.2529636122340604
2018246N22283,"South Louisiana, LA, Port of",2016,storm,-0.3326223075353676
2018246N22283,"South Louisiana, LA, Port of",2016,after,-0.4342054984238659
2018246N22283,"South Louisiana, LA, Port of",2016,event30,-0.3012295066383403
2018246N22283,"South Louisiana, LA, Port of",2022,storm,0.3958944663182768
2018246N22283,"South Louisiana, LA, Port of",2022,after,-0.052174540111687
2018246N22283,"South Louisiana, LA, Port of",2022,event30,0.1059077639010493
2018246N22283,"South Louisiana, LA, Port of",2023,storm,-0.70957861095613
2018246N22283,"South Louisiana, LA, Port of",2023,after,-0.1090880276085757
2018246N22283,"South Louisiana, LA, Port of",2023,event30,-0.0800925538720293
2019192N29274,"Beaumont, TX",2015,storm,0.5091746500786188
2019192N29274,"Beaumont, TX",2015,after,-0.1321467433324882
2019192N29274,"Beaumont, TX",2015,event30,0.0394513003071387
2019192N29274,"Beaumont, TX",2016,storm,-0.4513517220402945
2019192N29274,"Beaumont, TX",2016,after,-0.1185083967750419
2019192N29274,"Beaumont, TX",2016,event30,0.0514321584568364
2019192N29274,"Beaumont, TX",2018,storm,0.3125194923984474
2019192N29274,"Beaumont, TX",2018,after,0.4031486662192907
2019192N29274,"Beaumont, TX",2018,event30,0.2490458599665652
2019192N29274,"Beaumont, TX",2021,storm,-0.5412592962006313
2019192N29274,"Beaumont, TX",2021,after,-0.0609363870013725
2019192N29274,"Beaumont, TX",2021,event30,0.1410420147018112
2019192N29274,"Beaumont, TX",2022,storm,-0.2514614787824153
2019192N29274,"Beaumont, TX",2022,after,0.0820864946314156
2019192N29274,"Beaumont, TX",2022,event30,-0.11342937734271
2019192N29274,"Beaumont, TX",2023,storm,0.0667508513046466
2019192N29274,"Beaumont, TX",2023,after,-0.1037651507991511
2019192N29274,"Beaumont, TX",2023,event30,-0.1725744569597804
2019192N29274,"Greater Lafourche Port, LA",2015,storm,-0.0212979092904301
2019192N29274,"Greater Lafourche Port, LA",2015,after,-0.0057776073769568
2019192N29274,"Greater Lafourche Port, LA",2015,event30,-0.0289198173842431
2019192N29274,"Greater Lafourche Port, LA",2016,storm,-0.161078140979614
2019192N29274,"Greater Lafourche Port, LA",2016,after,-0.0208488400411225
2019192N29274,"Greater Lafourche Port, LA",2016,event30,-0.0951895929459705
2019192N29274,"Greater Lafourche Port, LA",2017,storm,0.0561141276784628
2019192N29274,"Greater Lafourche Port, LA",2017,after,0.0373745028897218
2019192N29274,"Greater Lafourche Port, LA",2017,event30,0.072511284803113
2019192N29274,"Greater Lafourche Port, LA",2018,storm,-0.0698783546865209
2019192N29274,"Greater Lafourche Port, LA",2018,after,-0.1926252022105307
2019192N29274,"Greater Lafourche Port, LA",2018,event30,-0.1079851032678502
2019192N29274,"Greater Lafourche Port, LA",2022,storm,0.2561262475788456
2019192N29274,"Greater Lafourche Port, LA",2022,after,0.1837063745189461
2019192N29274,"Greater Lafourche Port, LA",2022,event30,0.1393287469599199
2019192N29274,"Greater Lafourche Port, LA",2023,storm,0.0259555494380059
2019192N29274,"Greater Lafourche Port, LA",2023,after,0.0656151772995754
2019192N29274,"Greater Lafourche Port, LA",2023,event30,0.1130826330036373
2019192N29274,"Lake Charles Harbor District, LA",2015,storm,-0.0785899276439418
2019192N29274,"Lake Charles Harbor District, LA",2015,after,-0.0653569075981019
2019192N29274,"Lake Charles Harbor District, LA",2015,event30,-0.0959219444406761
2019192N29274,"Lake Charles Harbor District, LA",2016,storm,-0.1232056948938349
2019192N29274,"Lake Charles Harbor District, LA",2016,after,-0.0590634335867195
2019192N29274,"Lake Charles Harbor District, LA",2016,event30,-0.0590225450615284
2019192N29274,"Lake Charles Harbor District, LA",2018,storm,0.1307684578653437
2019192N29274,"Lake Charles Harbor District, LA",2018,after,0.0817512380528673
2019192N29274,"Lake Charles Harbor District, LA",2018,event30,0.0829667754841999
2019192N29274,"Lake Charles Harbor District, LA",2022,storm,0.1486506771842146
2019192N29274,"Lake Charles Harbor District, LA",2022,after,0.0952979277607896
2019192N29274,"Lake Charles Harbor District, LA",2022,event30,0.0752376146850173
2019192N29274,"Lake Charles Harbor District, LA",2023,storm,0.066972212991687
2019192N29274,"Lake Charles Harbor District, LA",2023,after,0.0678083605153127
2019192N29274,"Lake Charles Harbor District, LA",2023,event30,0.0462353592123485
2019192N29274,"New Orleans, LA",2015,storm,0.1493553839433047
2019192N29274,"New Orleans, LA",2015,after,-0.2213192668024749
2019192N29274,"New Orleans, LA",2015,event30,0.0289314683944451
2019192N29274,"New Orleans, LA",2016,storm,-0.0758349119987392
2019192N29274,"New Orleans, LA",2016,after,0.3070737223342926
2019192N29274,"New Orleans, LA",2016,event30,0.0981656283603968
2019192N29274,"New Orleans, LA",2017,storm,0.0567168661453754
2019192N29274,"New Orleans, LA",2017,after,0.2605083006794547
2019192N29274,"New Orleans, LA",2017,event30,0.0535019421102577
2019192N29274,"New Orleans, LA",2018,storm,-0.0529552868230781
2019192N29274,"New Orleans, LA",2018,after,-0.2456870563213593
2019192N29274,"New Orleans, LA",2018,event30,-0.0035038826426324
2019192N29274,"New Orleans, LA",2022,storm,-0.2462461972116429
2019192N29274,"New Orleans, LA",2022,after,-0.1425422028398908
2019192N29274,"New Orleans, LA",2022,event30,-0.0416786356572182
2019192N29274,"New Orleans, LA",2023,storm,0.3429824669971565
2019192N29274,"New Orleans, LA",2023,after,0.0402674117640126
2019192N29274,"New Orleans, LA",2023,event30,-0.0013138075634219
2019192N29274,"Orange County Nav District, TX",2015,storm,0.225487948993636
2019192N29274,"Orange County Nav District, TX",2015,after,-0.0001777981990994
2019192N29274,"Orange County Nav District, TX",2015,event30,0.1049046999674918
2019192N29274,"Orange County Nav District, TX",2016,storm,0.2192741797644036
2019192N29274,"Orange County Nav District, TX",2016,after,0.0396036258298247
2019192N29274,"Orange County Nav District, TX",2016,event30,0.0309141188086158
2019192N29274,"Orange County Nav District, TX",2018,storm,-0.0571491364025913
2019192N29274,"Orange County Nav District, TX",2018,after,-0.0695873105888962
2019192N29274,"Orange County Nav District, TX",2018,event30,-0.1464479025904795
2019192N29274,"Orange County Nav District, TX",2021,storm,0.0183632298226749
2019192N29274,"Orange County Nav District, TX",2021,after,0.1302183215763
2019192N29274,"Orange County Nav District, TX",2021,event30,0.1134898423412195
2019192N29274,"Orange County Nav District, TX",2022,storm,-0.4952976755511087
2019192N29274,"Orange County Nav District, TX",2022,after,-0.0897086617972797
2019192N29274,"Orange County Nav District, TX",2022,event30,-0.1756249293162609
2019192N29274,"Orange County Nav District, TX",2023,storm,0.1630094015895843
2019192N29274,"Orange County Nav District, TX",2023,after,0.0478729409478845
2019192N29274,"Orange County Nav District, TX",2023,event30,0.0648961042197527
2019192N29274,"Plaquemines Port District, LA",2015,storm,-0.0351725324104492
2019192N29274,"Plaquemines Port District, LA",2015,after,-0.0702556817342666
2019192N29274,"Plaquemines Port District, LA",2015,event30,0.0040826451542309
2019192N29274,"Plaquemines Port District, LA",2016,storm,0.0553929172297467
2019192N29274,"Plaquemines Port District, LA",2016,after,0.0327407305515391
2019192N29274,"Plaquemines Port District, LA",2016,event30,0.0011354508887458
2019192N29274,"Plaquemines Port District, LA",2017,storm,0.0335357314525884
2019192N29274,"Plaquemines Port District, LA",2017,after,0.0133936153320927
2019192N29274,"Plaquemines Port District, LA",2017,event30,-0.0317373266103208
2019192N29274,"Plaquemines Port District, LA",2018,storm,-0.0318196220008487
2019192N29274,"Plaquemines Port District, LA",2018,after,-0.1148588973624336
2019192N29274,"Plaquemines Port District, LA",2018,event30,-0.0731737076310286
2019192N29274,"Plaquemines Port District, LA",2022,storm,-0.0033837710130981
2019192N29274,"Plaquemines Port District, LA",2022,after,0.0099739133215889
2019192N29274,"Plaquemines Port District, LA",2022,event30,-0.0125112843624004
2019192N29274,"Plaquemines Port District, LA",2023,storm,0.0222602188494541
2019192N29274,"Plaquemines Port District, LA",2023,after,0.0891699903716564
2019192N29274,"Plaquemines Port District, LA",2023,event30,0.1048844695297878
2019192N29274,"Port Arthur, TX",2015,storm,0.1522580763719764
2019192N29274,"Port Arthur, TX",2015,after,0.04414278714405
2019192N29274,"Port Arthur, TX",2015,event30,0.1693283192374545
2019192N29274,"Port Arthur, TX",2016,storm,-0.47489144624059
2019192N29274,"Port Arthur, TX",2016,after,-0.1908425901759822
2019192N29274,"Port Arthur, TX",2016,event30,-0.0132463666963143
2019192N29274,"Port Arthur, TX",2018,storm,0.6787245959553723
2019192N29274,"Port Arthur, TX",2018,after,0.0658470934882543
2019192N29274,"Port Arthur, TX",2018,event30,0.1338562929062129
2019192N29274,"Port Arthur, TX",2021,storm,0.7356058406290052
2019192N29274,"Port Arthur, TX",2021,after,0.5890545366261809
2019192N29274,"Port Arthur, TX",2021,event30,0.3892845328990323
2019192N29274,"Port Arthur, TX",2022,storm,-0.4389004173929977
2019192N29274,"Port Arthur, TX",2022,after,0.2774095217030884
2019192N29274,"Port Arthur, TX",2022,event30,-0.0336416814259475
2019192N29274,"Port Arthur, TX",2023,storm,-0.402788667611193
2019192N29274,"Port Arthur, TX",2023,after,-0.349299060088155
2019192N29274,"Port Arthur, TX",2023,event30,-0.3162646618989155
2019192N29274,"Port of Greater Baton Rouge, LA",2015,storm,-0.463665961294463
2019192N29274,"Port of Greater Baton Rouge, LA",2015,after,-0.0722080152780262
2019192N29274,"Port of Greater Baton Rouge, LA",2015,event30,-0.2506811261429136
2019192N29274,"Port of Greater Baton Rouge, LA",2016,storm,0.1612551642635428
2019192N29274,"Port of Greater Baton Rouge, LA",2016,after,0.0150149054069966
2019192N29274,"Port of Greater Baton Rouge, LA",2016,event30,-0.0387911082212954
2019192N29274,"Port of Greater Baton Rouge, LA",2018,storm,0.1318800057057175
2019192N29274,"Port of Greater Baton Rouge, LA",2018,after,0.2941265000113294
2019192N29274,"Port of Greater Baton Rouge, LA",2018,event30,0.243930278581189
2019192N29274,"Port of Greater Baton Rouge, LA",2022,storm,-0.0646781959172936
2019192N29274,"Port of Greater Baton Rouge, LA",2022,after,0.0157234182982778
2019192N29274,"Port of Greater Baton Rouge, LA",2022,event30,-0.0165441893740789
2019192N29274,"Port of Greater Baton Rouge, LA",2023,storm,0.1946388570369525
2019192N29274,"Port of Greater Baton Rouge, LA",2023,after,-0.0705328931383879
2019192N29274,"Port of Greater Baton Rouge, LA",2023,event30,0.0808986698930408
2019192N29274,"Port of Iberia District, LA",2015,storm,0.1033357725611665
2019192N29274,"Port of Iberia District, LA",2015,after,0.0110686247896564
2019192N29274,"Port of Iberia District, LA",2015,event30,0.0285886778689656
2019192N29274,"Port of Iberia District, LA",2016,storm,0.4089369899182177
2019192N29274,"Port of Iberia District, LA",2016,after,0.1338776285583742
2019192N29274,"Port of Iberia District, LA",2016,event30,0.1970210593734601
2019192N29274,"Port of Iberia District, LA",2018,storm,-0.1653022220347205
2019192N29274,"Port of Iberia District, LA",2018,after,-0.2043670628245684
2019192N29274,"Port of Iberia District, LA",2018,event30,-0.237142061214068
2019192N29274,"Port of Iberia District, LA",2022,storm,-0.3682884134777721
2019192N29274,"Port of Iberia District, LA",2022,after,-0.1711034656074896
2019192N29274,"Port of Iberia District, LA",2022,event30,-0.0701521014275918
2019192N29274,"Port of Iberia District, LA",2023,storm,-0.00540804688497
2019192N29274,"Port of Iberia District, LA",2023,after,0.0267076845878801
2019192N29274,"Port of Iberia District, LA",2023,event30,-0.0428437727672307
2019192N29274,"Sabine Pass Port Authority, TX",2015,storm,-0.12195053531283
2019192N29274,"Sabine Pass Port Authority, TX",2015,after,0.0197849802560455
2019192N29274,"Sabine Pass Port Authority, TX",2015,event30,-0.0674978241403563
2019192N29274,"Sabine Pass Port Authority, TX",2016,storm,0.1909888040363174
2019192N29274,"Sabine Pass Port Authority, TX",2016,after,-0.0718940085457755
2019192N29274,"Sabine Pass Port Authority, TX",2016,event30,0.0299040638111027
2019192N29274,"Sabine Pass Port Authority, TX",2018,storm,-0.0237416945570076
2019192N29274,"Sabine Pass Port Authority, TX",2018,after,-0.1289796886211658
2019192N29274,"Sabine Pass Port Authority, TX",2018,event30,-0.0965961252850977
2019192N29274,"Sabine Pass Port Authority, TX",2021,storm,-0.0299883263541384
2019192N29274,"Sabine Pass Port Authority, TX",2021,after,-0.0922187849581304
2019192N29274,"Sabine Pass Port Authority, TX",2021,event30,-0.0140189163313093
2019192N29274,"Sabine Pass Port Authority, TX",2022,storm,-0.034717842702622
2019192N29274,"Sabine Pass Port Authority, TX",2022,after,-0.05657820327631
2019192N29274,"Sabine Pass Port Authority, TX",2022,event30,0.0344772352311044
2019192N29274,"Sabine Pass Port Authority, TX",2023,storm,0.0724998919740481
2019192N29274,"Sabine Pass Port Authority, TX",2023,after,0.1947278327169999
2019192N29274,"Sabine Pass Port Authority, TX",2023,event30,0.0974622036961926
2019192N29274,"South Louisiana, LA, Port of",2015,storm,-0.5026588616957853
2019192N29274,"South Louisiana, LA, Port of",2015,after,-0.1790853882772766
2019192N29274,"South Louisiana, LA, Port of",2015,event30,-0.2308341309479581
2019192N29274,"South Louisiana, LA, Port of",2016,storm,0.1721725354622463
2019192N29274,"South Louisiana, LA, Port of",2016,after,-0.1215215229084316
2019192N29274,"South Louisiana, LA, Port of",2016,event30,-0.1502249248055677
2019192N29274,"South Louisiana, LA, Port of",2017,storm,0.4676926735250822
2019192N29274,"South Louisiana, LA, Port of",2017,after,0.4450308148497937
2019192N29274,"South Louisiana, LA, Port of",2017,event30,0.4208312869940131
2019192N29274,"South Louisiana, LA, Port of",2018,storm,0.0847895160067029
2019192N29274,"South Louisiana, LA, Port of",2018,after,-0.24191779044244
2019192N29274,"South Louisiana, LA, Port of",2018,event30,-0.187801079098416
2019192N29274,"South Louisiana, LA, Port of",2022,storm,-0.1352836477033677
2019192N29274,"South Louisiana, LA, Port of",2022,after,0.2333153155117456
2019192N29274,"South Louisiana, LA, Port of",2022,event30,-0.0345042038692886
2019192N29274,"South Louisiana, LA, Port of",2023,storm,0.0836736404590079
2019192N29274,"South Louisiana, LA, Port of",2023,after,-0.1179177688641838
2019192N29274,"South Louisiana, LA, Port of",2023,event30,-0.0765819797874992
2019192N29274,"Terrebonne Parish Port, LA",2015,storm,0.1245125251962424
2019192N29274,"Terrebonne Parish Port, LA",2015,after,0.0497075643457274
2019192N29274,"Terrebonne Parish Port, LA",2015,event30,-0.0175920792349709
2019192N29274,"Terrebonne Parish Port, LA",2016,storm,0.148543629304559
2019192N29274,"Terrebonne Parish Port, LA",2016,after,0.0518243048595824
2019192N29274,"Terrebonne Parish Port, LA",2016,event30,0.0334701546785836
2019192N29274,"Terrebonne Parish Port, LA",2017,storm,-0.1876717732819486
2019192N29274,"Terrebonne Parish Port, LA",2017,after,0.0146154277555342
2019192N29274,"Terrebonne Parish Port, LA",2017,event30,0.007676656728238
2019192N29274,"Terrebonne Parish Port, LA",2018,storm,0.2165213689607002
2019192N29274,"Terrebonne Parish Port, LA",2018,after,0.2125049945420883
2019192N29274,"Terrebonne Parish Port, LA",2018,event30,0.1408456151064975
2019192N29274,"Terrebonne Parish Port, LA",2022,storm,-0.2978311962620872
2019192N29274,"Terrebonne Parish Port, LA",2022,after,-0.2093669799487426
2019192N29274,"Terrebonne Parish Port, LA",2022,event30,-0.2192093779963089
2019192N29274,"Terrebonne Parish Port, LA",2023,storm,0.0650842831730848
2019192N29274,"Terrebonne Parish Port, LA",2023,after,0.0101026169645031
2019192N29274,"Terrebonne Parish Port, LA",2023,event30,0.0130616465543654
2019236N10314,"Canaveral Port District, FL",2015,storm,0.0133556304466692
2019236N10314,"Canaveral Port District, FL",2015,after,0.1134806961787276
2019236N10314,"Canaveral Port District, FL",2015,event30,0.0429434353957067
2019236N10314,"Canaveral Port District, FL",2018,storm,-0.0927043288770118
2019236N10314,"Canaveral Port District, FL",2018,after,-0.0490536678421921
2019236N10314,"Canaveral Port District, FL",2018,event30,-0.032138791630002
2019236N10314,"Canaveral Port District, FL",2021,storm,-0.0875140401290014
2019236N10314,"Canaveral Port District, FL",2021,after,-0.067539970240987
2019236N10314,"Canaveral Port District, FL",2021,event30,0.0105141295236042
2019236N10314,"Canaveral Port District, FL",2023,storm,0.0689700352342441
2019236N10314,"Canaveral Port District, FL",2023,after,0.1103204302287506
2019236N10314,"Canaveral Port District, FL",2023,event30,-0.012494816489603
2019261N28264,"Beaumont, TX",2015,storm,-0.0399194331119269
2019261N28264,"Beaumont, TX",2015,after,-0.0718714146837954
2019261N28264,"Beaumont, TX",2015,event30,-0.0574695343258296
2019261N28264,"Beaumont, TX",2016,storm,-0.3817089447204425
2019261N28264,"Beaumont, TX",2016,after,-0.1609070851747452
2019261N28264,"Beaumont, TX",2016,event30,-0.2651956790070255
2019261N28264,"Beaumont, TX",2018,storm,-0.1302410587008199
2019261N28264,"Beaumont, TX",2018,after,-0.1942448388119514
2019261N28264,"Beaumont, TX",2018,event30,-0.0764745847348379
2019261N28264,"Beaumont, TX",2022,storm,0.2542412713797741
2019261N28264,"Beaumont, TX",2022,after,0.0513104848316657
2019261N28264,"Beaumont, TX",2022,event30,0.0762626293386421
2019261N28264,"Beaumont, TX",2023,storm,-0.1027656371872305
2019261N28264,"Beaumont, TX",2023,after,0.0611124508399709
2019261N28264,"Beaumont, TX",2023,event30,0.16754680152871
2019261N28264,"Calhoun Port Authority, TX",2015,storm,-0.106200036915791
2019261N28264,"Calhoun Port Authority, TX",2015,after,-0.0584114335370983
2019261N28264,"Calhoun Port Authority, TX",2015,event30,0.0353689200788485
2019261N28264,"Calhoun Port Authority, TX",2016,storm,-0.563017860518151
2019261N28264,"Calhoun Port Authority, TX",2016,after,-0.0563361868488842
2019261N28264,"Calhoun Port Authority, TX",2016,event30,0.0150562621771143
2019261N28264,"Calhoun Port Authority, TX",2018,storm,0.8236262154026761
2019261N28264,"Calhoun Port Authority, TX",2018,after,0.0927978994011127
2019261N28264,"Calhoun Port Authority, TX",2018,event30,0.1733655767302404
2019261N28264,"Calhoun Port Authority, TX",2022,storm,-0.4027141349252519
2019261N28264,"Calhoun Port Authority, TX",2022,after,-0.1070390962183695
2019261N28264,"Calhoun Port Authority, TX",2022,event30,-0.234761412897384
2019261N28264,"Corpus Christi, TX",2015,storm,0.1829009462617904
2019261N28264,"Corpus Christi, TX",2015,after,-0.1149019021685705
2019261N28264,"Corpus Christi, TX",2015,event30,-0.0280819278205256
2019261N28264,"Corpus Christi, TX",2016,storm,0.0905397792678056
2019261N28264,"Corpus Christi, TX",2016,after,0.1969738503191834
2019261N28264,"Corpus Christi, TX",2016,event30,0.1818822432050328
2019261N28264,"Corpus Christi, TX",2018,storm,-0.0936056800341445
2019261N28264,"Corpus Christi, TX",2018,after,-0.0439183935996223
2019261N28264,"Corpus Christi, TX",2018,event30,-0.153074888743485
2019261N28264,"Corpus Christi, TX",2022,storm,-0.0837873742917447
2019261N28264,"Corpus Christi, TX",2022,after,-0.0635231028805975
2019261N28264,"Corpus Christi, TX",2022,event30,-0.035115132037998
2019261N28264,"Galveston, TX",2015,storm,-0.0394412458742994
2019261N28264,"Galveston, TX",2015,after,-0.0620354207761417
2019261N28264,"Galveston, TX",2015,event30,-0.0160309055506183
2019261N28264,"Galveston, TX",2016,storm,0.1361332807100889
2019261N28264,"Galveston, TX",2016,after,0.0452561811128701
2019261N28264,"Galveston, TX",2016,event30,0.0539085361487934
2019261N28264,"Galveston, TX",2018,storm,0.0315512798306071
2019261N28264,"Galveston, TX",2018,after,0.0848739998258545
2019261N28264,"Galveston, TX",2018,event30,0.0592775056167494
2019261N28264,"Galveston, TX",2022,storm,-0.0210942867694459
2019261N28264,"Galveston, TX",2022,after,-0.0704397655229778
2019261N28264,"Galveston, TX",2022,event30,-0.0651955051905428
2019261N28264,"Galveston, TX",2023,storm,0.0608862774561784
2019261N28264,"Galveston, TX",2023,after,0.0160349632327794
2019261N28264,"Galveston, TX",2023,event30,0.0279235777616695
2019261N28264,"Houston Port Authority, TX",2015,storm,0.0620436586760188
2019261N28264,"Houston Port Authority, TX",2015,after,0.0238354160299348
2019261N28264,"Houston Port Authority, TX",2015,event30,0.0421904317479497
2019261N28264,"Houston Port Authority, TX",2016,storm,-0.065779163249615
2019261N28264,"Houston Port Authority, TX",2016,after,0.0773899639796906
2019261N28264,"Houston Port Authority, TX",2016,event30,0.0386490276957656
2019261N28264,"Houston Port Authority, TX",2018,storm,-0.0710859823949392
2019261N28264,"Houston Port Authority, TX",2018,after,-0.0607754075175522
2019261N28264,"Houston Port Authority, TX",2018,event30,-0.0409888209750286
2019261N28264,"Houston Port Authority, TX",2022,storm,-0.0037663033595613
2019261N28264,"Houston Port Authority, TX",2022,after,-0.0680856389914957
2019261N28264,"Houston Port Authority, TX",2022,event30,-0.0559878159147012
2019261N28264,"Houston Port Authority, TX",2023,storm,0.0024573774226754
2019261N28264,"Houston Port Authority, TX",2023,after,-0.0006660694841205
2019261N28264,"Houston Port Authority, TX",2023,event30,0.0314372769511481
2019261N28264,"Lake Charles Harbor District, LA",2015,storm,-0.0048346723890072
2019261N28264,"Lake Charles Harbor District, LA",2015,after,-0.0736961333744594
2019261N28264,"Lake Charles Harbor District, LA",2015,event30,-0.1150367406814129
2019261N28264,"Lake Charles Harbor District, LA",2016,storm,0.0522408042938113
2019261N28264,"Lake Charles Harbor District, LA",2016,after,0.0644918411718235
2019261N28264,"Lake Charles Harbor District, LA",2016,event30,0.0430344420305097
2019261N28264,"Lake Charles Harbor District, LA",2018,storm,0.0682252068439459
2019261N28264,"Lake Charles Harbor District, LA",2018,after,0.0587256494679331
2019261N28264,"Lake Charles Harbor District, LA",2018,event30,0.0984565888248559
2019261N28264,"Lake Charles Harbor District, LA",2022,storm,-0.0808714419066358
2019261N28264,"Lake Charles Harbor District, LA",2022,after,-0.1199907270225237
2019261N28264,"Lake Charles Harbor District, LA",2022,event30,-0.0616757440232772
2019261N28264,"Lake Charles Harbor District, LA",2023,storm,-0.0017089092193902
2019261N28264,"Lake Charles Harbor District, LA",2023,after,0.0511966535923753
2019261N28264,"Lake Charles Harbor District, LA",2023,event30,0.0119065812024132
2019261N28264,"Orange County Nav District, TX",2015,storm,-0.3379415181776189
2019261N28264,"Orange County Nav District, TX",2015,after,-0.218216994890239
2019261N28264,"Orange County Nav District, TX",2015,event30,-0.1666664311620199
2019261N28264,"Orange County Nav District, TX",2016,storm,0.0295433589604926
2019261N28264,"Orange County Nav District, TX",2016,after,0.2624486374941573
2019261N28264,"Orange County Nav District, TX",2016,event30,0.0667727286096456
2019261N28264,"Orange County Nav District, TX",2018,storm,0.3452982631978412
2019261N28264,"Orange County Nav District, TX",2018,after,0.1208942073833829
2019261N28264,"Orange County Nav District, TX",2018,event30,0.161283330369602
2019261N28264,"Orange County Nav District, TX",2022,storm,0.3002851320664307
2019261N28264,"Orange County Nav District, TX",2022,after,0.0287911643833228
2019261N28264,"Orange County Nav District, TX",2022,event30,0.1033892224477892
2019261N28264,"Orange County Nav District, TX",2023,storm,-0.239175674292092
2019261N28264,"Orange County Nav District, TX",2023,after,-0.0391101561481096
2019261N28264,"Orange County Nav District, TX",2023,event30,0.0279932204411889
2019261N28264,"Port Arthur, TX",2015,storm,-0.1415506110576557
2019261N28264,"Port Arthur, TX",2015,after,0.6600122394739488
2019261N28264,"Port Arthur, TX",2015,event30,0.3188936965494157
2019261N28264,"Port Arthur, TX",2016,storm,-0.2081359440253016
2019261N28264,"Port Arthur, TX",2016,after,-0.1579153939591451
2019261N28264,"Port Arthur, TX",2016,event30,-0.183235500856984
2019261N28264,"Port Arthur, TX",2018,storm,-0.3188448642550813
2019261N28264,"Port Arthur, TX",2018,after,0.2203944947404546
2019261N28264,"Port Arthur, TX",2018,event30,0.2880661220847928
2019261N28264,"Port Arthur, TX",2022,storm,0.5174747730665858
2019261N28264,"Port Arthur, TX",2022,after,0.144451261406745
2019261N28264,"Port Arthur, TX",2022,event30,0.0562435992464003
2019261N28264,"Port Arthur, TX",2023,storm,0.2698613534778779
2019261N28264,"Port Arthur, TX",2023,after,0.2284129241927299
2019261N28264,"Port Arthur, TX",2023,event30,0.3449590397647636
2019261N28264,"Port Freeport, TX",2015,storm,-0.1560750934883163
2019261N28264,"Port Freeport, TX",2015,after,0.076630615229676
2019261N28264,"Port Freeport, TX",2015,event30,0.0337935166839557
2019261N28264,"Port Freeport, TX",2016,storm,-0.0389767925345845
2019261N28264,"Port Freeport, TX",2016,after,-0.0759710390267871
2019261N28264,"Port Freeport, TX",2016,event30,0.0260167811186255
2019261N28264,"Port Freeport, TX",2018,storm,0.2019641204473404
2019261N28264,"Port Freeport, TX",2018,after,0.2068118492289332
2019261N28264,"Port Freeport, TX",2018,event30,0.143412391378948
2019261N28264,"Port Freeport, TX",2022,storm,-0.0599484498837926
2019261N28264,"Port Freeport, TX",2022,after,-0.178070576865679
2019261N28264,"Port Freeport, TX",2022,event30,-0.0850695353858344
2019261N28264,"Port Freeport, TX",2023,storm,0.175918917918434
2019261N28264,"Port Freeport, TX",2023,after,0.0298591657358029
2019261N28264,"Port Freeport, TX",2023,event30,0.0062549810565947
2019261N28264,"Sabine Pass Port Authority, TX",2015,storm,0.1906847372384845
2019261N28264,"Sabine Pass Port Authority, TX",2015,after,-0.0439058705278513
2019261N28264,"Sabine Pass Port Authority, TX",2015,event30,0.0525602082471396
2019261N28264,"Sabine Pass Port Authority, TX",2016,storm,-0.2327002169700379
2019261N28264,"Sabine Pass Port Authority, TX",2016,after,-0.3774056148082141
2019261N28264,"Sabine Pass Port Authority, TX",2016,event30,-0.3277500802924617
2019261N28264,"Sabine Pass Port Authority, TX",2018,storm,-0.02301952333843
2019261N28264,"Sabine Pass Port Authority, TX",2018,after,-0.0554237614895658
2019261N28264,"Sabine Pass Port Authority, TX",2018,event30,0.0419347516067635
2019261N28264,"Sabine Pass Port Authority, TX",2022,storm,0.033025231969799
2019261N28264,"Sabine Pass Port Authority, TX",2022,after,0.1441694070589448
2019261N28264,"Sabine Pass Port Authority, TX",2022,event30,0.0962064821934621
2019261N28264,"Sabine Pass Port Authority, TX",2023,storm,-0.1515614490529051
2019261N28264,"Sabine Pass Port Authority, TX",2023,after,0.1460370187424276
2019261N28264,"Sabine Pass Port Authority, TX",2023,event30,0.0728872754180157
2019261N28264,"Texas City, TX",2015,storm,0.1060493705007837
2019261N28264,"Texas City, TX",2015,after,0.1716261926191516
2019261N28264,"Texas City, TX",2015,event30,0.1408237401893148
2019261N28264,"Texas City, TX",2016,storm,-0.1412594020823967
2019261N28264,"Texas City, TX",2016,after,0.0520056906752014
2019261N28264,"Texas City, TX",2016,event30,0.0312259453268612
2019261N28264,"Texas City, TX",2018,storm,0.2957329954382461
2019261N28264,"Texas City, TX",2018,after,0.0681286795864728
2019261N28264,"Texas City, TX",2018,event30,0.1173438725102252
2019261N28264,"Texas City, TX",2022,storm,-0.1932263146099997
2019261N28264,"Texas City, TX",2022,after,-0.108779148643194
2019261N28264,"Texas City, TX",2022,event30,-0.0809212257233313
2019261N28264,"Texas City, TX",2023,storm,-0.3247523479274405
2019261N28264,"Texas City, TX",2023,after,-0.1179100700883336
2019261N28264,"Texas City, TX",2023,event30,-0.1519431786607097
2019299N25265,"Greater Lafourche Port, LA",2015,storm,-0.1515161633169597
2019299N25265,"Greater Lafourche Port, LA",2015,after,0.177098746926234
2019299N25265,"Greater Lafourche Port, LA",2015,event30,0.0718401210850495
2019299N25265,"Greater Lafourche Port, LA",2016,storm,0.1171997540318021
2019299N25265,"Greater Lafourche Port, LA",2016,after,0.0279587983621073
2019299N25265,"Greater Lafourche Port, LA",2016,event30,0.0983665346182983
2019299N25265,"Greater Lafourche Port, LA",2022,storm,0.0957833118819593
2019299N25265,"Greater Lafourche Port, LA",2022,after,0.0040730912427954
2019299N25265,"Greater Lafourche Port, LA",2022,event30,-0.0369462429769512
2019299N25265,"Greater Lafourche Port, LA",2023,storm,-0.4063571056402734
2019299N25265,"Greater Lafourche Port, LA",2023,after,-0.0060376053187383
2019299N25265,"Greater Lafourche Port, LA",2023,event30,-0.0464125983621976
2019299N25265,"New Orleans, LA",2015,storm,0.3245856992426515
2019299N25265,"New Orleans, LA",2015,after,-0.0996798126168827
2019299N25265,"New Orleans, LA",2015,event30,-0.0645092747790729
2019299N25265,"New Orleans, LA",2016,storm,-0.3972272361538657
2019299N25265,"New Orleans, LA",2016,after,0.2036771075950742
2019299N25265,"New Orleans, LA",2016,event30,0.1030166817007335
2019299N25265,"New Orleans, LA",2022,storm,0.0218907442961135
2019299N25265,"New Orleans, LA",2022,after,0.09147931478476
2019299N25265,"New Orleans, LA",2022,event30,-0.0863056504729464
2019299N25265,"New Orleans, LA",2023,storm,0.1413463490547504
2019299N25265,"New Orleans, LA",2023,after,-0.0417917929263999
2019299N25265,"New Orleans, LA",2023,event30,0.0970029344769244
2019299N25265,"Plaquemines Port District, LA",2015,storm,-0.1200983419325362
2019299N25265,"Plaquemines Port District, LA",2015,after,0.0308877738992665
2019299N25265,"Plaquemines Port District, LA",2015,event30,0.0136454139598152
2019299N25265,"Plaquemines Port District, LA",2016,storm,-0.0294349731885866
2019299N25265,"Plaquemines Port District, LA",2016,after,0.0529470465179961
2019299N25265,"Plaquemines Port District, LA",2016,event30,0.0809913027515468
2019299N25265,"Plaquemines Port District, LA",2022,storm,-0.0141340594063982
2019299N25265,"Plaquemines Port District, LA",2022,after,-0.0420894103331175
2019299N25265,"Plaquemines Port District, LA",2022,event30,-0.0609114105269195
2019299N25265,"Plaquemines Port District, LA",2023,storm,0.030647595333648
2019299N25265,"Plaquemines Port District, LA",2023,after,0.0223318350500569
2019299N25265,"Plaquemines Port District, LA",2023,event30,0.0931537039490118
2019299N25265,"Port of Greater Baton Rouge, LA",2015,storm,-0.1552075156232757
2019299N25265,"Port of Greater Baton Rouge, LA",2015,after,-0.2399664703635356
2019299N25265,"Port of Greater Baton Rouge, LA",2015,event30,-0.0487815917128616
2019299N25265,"Port of Greater Baton Rouge, LA",2016,storm,-0.2218630901087717
2019299N25265,"Port of Greater Baton Rouge, LA",2016,after,0.00744817478942
2019299N25265,"Port of Greater Baton Rouge, LA",2016,event30,0.0037344228139432
2019299N25265,"Port of Greater Baton Rouge, LA",2022,storm,0.0749359564315496
2019299N25265,"Port of Greater Baton Rouge, LA",2022,after,0.006337537456293
2019299N25265,"Port of Greater Baton Rouge, LA",2022,event30,0.0272703244183998
2019299N25265,"Port of Greater Baton Rouge, LA",2023,storm,0.1858553116640113
2019299N25265,"Port of Greater Baton Rouge, LA",2023,after,0.2495303369335086
2019299N25265,"Port of Greater Baton Rouge, LA",2023,event30,0.0662145526004602
2019299N25265,"Port of Iberia District, LA",2015,storm,-0.6184790529158852
2019299N25265,"Port of Iberia District, LA",2015,after,0.0008648049353404
2019299N25265,"Port of Iberia District, LA",2015,event30,-0.0664468832886207
2019299N25265,"Port of Iberia District, LA",2016,storm,-0.1638196525465525
2019299N25265,"Port of Iberia District, LA",2016,after,-0.0071463510985217
2019299N25265,"Port of Iberia District, LA",2016,event30,-0.0225239357720586
2019299N25265,"Port of Iberia District, LA",2018,storm,0.164648723388056
2019299N25265,"Port of Iberia District, LA",2018,after,-0.0717198810373031
2019299N25265,"Port of Iberia District, LA",2018,event30,-0.1106161486543587
2019299N25265,"Port of Iberia District, LA",2022,storm,-0.0075046788214887
2019299N25265,"Port of Iberia District, LA",2022,after,0.0596382780172549
2019299N25265,"Port of Iberia District, LA",2022,event30,0.0754013972879167
2019299N25265,"Port of Iberia District, LA",2023,storm,-0.0016133506283434
2019299N25265,"Port of Iberia District, LA",2023,after,-0.0832383493384861
2019299N25265,"Port of Iberia District, LA",2023,event30,0.040163377098755
2019299N25265,"Port of Pascagoula, MS",2015,storm,-0.0133417282559066
2019299N25265,"Port of Pascagoula, MS",2015,after,0.1395156450610205
2019299N25265,"Port of Pascagoula, MS",2015,event30,-0.0449235304264642
2019299N25265,"Port of Pascagoula, MS",2016,storm,0.055727460771521
2019299N25265,"Port of Pascagoula, MS",2016,after,-0.2424564751991266
2019299N25265,"Port of Pascagoula, MS",2016,event30,-0.1688269267017604
2019299N25265,"Port of Pascagoula, MS",2022,storm,0.2864926870348956
2019299N25265,"Port of Pascagoula, MS",2022,after,0.3390625735602535
2019299N25265,"Port of Pascagoula, MS",2022,event30,0.2118597799240797
2019299N25265,"Port of Pascagoula, MS",2023,storm,-0.3838806927369782
2019299N25265,"Port of Pascagoula, MS",2023,after,-0.0239051163833423
2019299N25265,"Port of Pascagoula, MS",2023,event30,0.0894149101648382
2019299N25265,"South Louisiana, LA, Port of",2015,storm,0.2063926376680987
2019299N25265,"South Louisiana, LA, Port of",2015,after,0.0710611389855579
2019299N25265,"South Louisiana, LA, Port of",2015,event30,-0.0797414375073474
2019299N25265,"South Louisiana, LA, Port of",2016,storm,-0.002708684905159
2019299N25265,"South Louisiana, LA, Port of",2016,after,0.0761672883760693
2019299N25265,"South Louisiana, LA, Port of",2016,event30,0.1734932371378983
2019299N25265,"South Louisiana, LA, Port of",2022,storm,-0.1837153081513865
2019299N25265,"South Louisiana, LA, Port of",2022,after,-0.1927848189750615
2019299N25265,"South Louisiana, LA, Port of",2022,event30,-0.0847271033975698
2019299N25265,"South Louisiana, LA, Port of",2023,storm,0.2287412735484184
2019299N25265,"South Louisiana, LA, Port of",2023,after,0.0136192925255703
2019299N25265,"South Louisiana, LA, Port of",2023,event30,0.0670725076770574
2019299N25265,"Terrebonne Parish Port, LA",2015,storm,-0.2850701415638723
2019299N25265,"Terrebonne Parish Port, LA",2015,after,-0.0014258101091387
2019299N25265,"Terrebonne Parish Port, LA",2015,event30,0.0414558179235891
2019299N25265,"Terrebonne Parish Port, LA",2016,storm,0.0373967033708866
2019299N25265,"Terrebonne Parish Port, LA",2016,after,0.1538129625446131
2019299N25265,"Terrebonne Parish Port, LA",2016,event30,0.3058949524576155
2019299N25265,"Terrebonne Parish Port, LA",2018,storm,-0.0917993074206218
2019299N25265,"Terrebonne Parish Port, LA",2018,after,0.0760142014076985
2019299N25265,"Terrebonne Parish Port, LA",2018,event30,-0.1095069699404621
2019299N25265,"Terrebonne Parish Port, LA",2022,storm,-0.0871492715709429
2019299N25265,"Terrebonne Parish Port, LA",2022,after,0.0552333794216788
2019299N25265,"Terrebonne Parish Port, LA",2022,event30,0.0507497203020245
2019299N25265,"Terrebonne Parish Port, LA",2023,storm,0.0520588548788759
2019299N25265,"Terrebonne Parish Port, LA",2023,after,-0.0610492038142974
2019299N25265,"Terrebonne Parish Port, LA",2023,event30,-0.039327490921421
2020138N28281,"Morehead City, NC",2017,storm,0.1108439449071972
2020138N28281,"Morehead City, NC",2017,after,0.1642813406096929
2020138N28281,"Morehead City, NC",2017,event30,0.1303262593143706
2020138N28281,"Morehead City, NC",2018,storm,0.0552861000157791
2020138N28281,"Morehead City, NC",2018,after,0.0558328357609161
2020138N28281,"Morehead City, NC",2018,event30,-0.052050417429643
2020138N28281,"Morehead City, NC",2019,storm,-0.002649792130421
2020138N28281,"Morehead City, NC",2019,after,0.0051510704247004
2020138N28281,"Morehead City, NC",2019,event30,0.0063595785015418
2020138N28281,"Morehead City, NC",2023,storm,-0.1926236187622253
2020138N28281,"Morehead City, NC",2023,after,-0.2242196808898905
2020138N28281,"Morehead City, NC",2023,event30,-0.0968733990153457
2020138N28281,"Wilmington, NC",2017,storm,-0.1633503055404089
2020138N28281,"Wilmington, NC",2017,after,-0.1924127198228921
2020138N28281,"Wilmington, NC",2017,event30,-0.0777827063893541
2020138N28281,"Wilmington, NC",2018,storm,-0.1158381937715337
2020138N28281,"Wilmington, NC",2018,after,-0.1507673466346846
2020138N28281,"Wilmington, NC",2018,event30,-0.0954234570770708
2020138N28281,"Wilmington, NC",2019,storm,0.4417525583457946
2020138N28281,"Wilmington, NC",2019,after,0.1878441190924985
2020138N28281,"Wilmington, NC",2019,event30,0.083968880052152
2020138N28281,"Wilmington, NC",2023,storm,0.1576763856523004
2020138N28281,"Wilmington, NC",2023,after,0.1944230141382279
2020138N28281,"Wilmington, NC",2023,event30,0.1252720824413412
2020148N32281,"Port of Charleston, SC",2017,storm,0.2398626665789907
2020148N32281,"Port of Charleston, SC",2017,after,0.200712652053901
2020148N32281,"Port of Charleston, SC",2017,event30,0.2026380786113562
2020148N32281,"Port of Charleston, SC",2018,storm,-0.0184211514766622
2020148N32281,"Port of Charleston, SC",2018,after,-0.0322754963167797
2020148N32281,"Port of Charleston, SC",2018,event30,-0.07844261797991
2020148N32281,"Port of Charleston, SC",2019,storm,0.0372214034648726
2020148N32281,"Port of Charleston, SC",2019,after,-0.1877528134317973
2020148N32281,"Port of Charleston, SC",2019,event30,-0.1432234675174474
2020148N32281,"Port of Charleston, SC",2023,storm,-0.2059680159692003
2020148N32281,"Port of Charleston, SC",2023,after,0.1242105113453794
2020148N32281,"Port of Charleston, SC",2023,event30,0.0693791767130091
2020148N32281,"Port of Savannah, GA",2015,storm,-0.0422418232648086
2020148N32281,"Port of Savannah, GA",2015,after,0.0601526088487825
2020148N32281,"Port of Savannah, GA",2015,event30,0.0182599664750551
2020148N32281,"Port of Savannah, GA",2017,storm,-0.0100775099396922
2020148N32281,"Port of Savannah, GA",2017,after,-0.2469188562172825
2020148N32281,"Port of Savannah, GA",2017,event30,-0.1785659213052867
2020148N32281,"Port of Savannah, GA",2018,storm,0.0877817602285759
2020148N32281,"Port of Savannah, GA",2018,after,-0.0241532382180575
2020148N32281,"Port of Savannah, GA",2018,event30,0.1192326410583667
2020148N32281,"Port of Savannah, GA",2019,storm,0.2246572316560077
2020148N32281,"Port of Savannah, GA",2019,after,0.0470413679916328
2020148N32281,"Port of Savannah, GA",2019,event30,0.0629896622929683
2020148N32281,"Port of Savannah, GA",2023,storm,-0.120041323577637
2020148N32281,"Port of Savannah, GA",2023,after,0.0633238695937328
2020148N32281,"Port of Savannah, GA",2023,event30,0.0207155188361198
2020154N19269,"Greater Lafourche Port, LA",2015,storm,0.0539493527056091
2020154N19269,"Greater Lafourche Port, LA",2015,after,0.064581984362696
2020154N19269,"Greater Lafourche Port, LA",2015,event30,0.089179722000489
2020154N19269,"Greater Lafourche Port, LA",2016,storm,-0.3199169559736831
2020154N19269,"Greater Lafourche Port, LA",2016,after,-0.2487631440178548
2020154N19269,"Greater Lafourche Port, LA",2016,event30,-0.1962041040405971
2020154N19269,"Greater Lafourche Port, LA",2017,storm,-0.0640762781108796
2020154N19269,"Greater Lafourche Port, LA",2017,after,0.0870044380188055
2020154N19269,"Greater Lafourche Port, LA",2017,event30,0.0672041204744474
2020154N19269,"Greater Lafourche Port, LA",2018,storm,0.1470366044515328
2020154N19269,"Greater Lafourche Port, LA",2018,after,-0.0309421465950118
2020154N19269,"Greater Lafourche Port, LA",2018,event30,0.0137947293323051
2020154N19269,"Greater Lafourche Port, LA",2022,storm,-0.1028175423161619
2020154N19269,"Greater Lafourche Port, LA",2022,after,0.0418053437882355
2020154N19269,"Greater Lafourche Port, LA",2022,event30,-0.0209775541664156
2020154N19269,"Greater Lafourche Port, LA",2023,storm,0.0041133401676444
2020154N19269,"Greater Lafourche Port, LA",2023,after,-0.0486068521031522
2020154N19269,"Greater Lafourche Port, LA",2023,event30,0.0022025490115903
2020154N19269,"Mobile, AL",2015,storm,-0.1387041426724814
2020154N19269,"Mobile, AL",2015,after,-0.2098604062307637
2020154N19269,"Mobile, AL",2015,event30,0.003148893065528
2020154N19269,"Mobile, AL",2016,storm,-0.3904227359977861
2020154N19269,"Mobile, AL",2016,after,-0.0870378558588719
2020154N19269,"Mobile, AL",2016,event30,-0.0901288410954563
2020154N19269,"Mobile, AL",2017,storm,0.2939825499784341
2020154N19269,"Mobile, AL",2017,after,0.0931554719660889
2020154N19269,"Mobile, AL",2017,event30,0.0616104978435403
2020154N19269,"Mobile, AL",2019,storm,0.3329152736577458
2020154N19269,"Mobile, AL",2019,after,0.1906231244153337
2020154N19269,"Mobile, AL",2019,event30,0.1364982825324376
2020154N19269,"Mobile, AL",2022,storm,-0.3573409656729119
2020154N19269,"Mobile, AL",2022,after,-0.1970769846620824
2020154N19269,"Mobile, AL",2022,event30,-0.1165875253224078
2020154N19269,"Mobile, AL",2023,storm,0.3334686477671853
2020154N19269,"Mobile, AL",2023,after,0.220901088191231
2020154N19269,"Mobile, AL",2023,event30,0.0880291676638584
2020154N19269,"New Orleans, LA",2015,storm,-0.0521693910740017
2020154N19269,"New Orleans, LA",2015,after,0.2570535056527437
2020154N19269,"New Orleans, LA",2015,event30,0.1948750955770536
2020154N19269,"New Orleans, LA",2016,storm,-0.0727847665418237
2020154N19269,"New Orleans, LA",2016,after,0.0719204076269813
2020154N19269,"New Orleans, LA",2016,event30,0.0276358104949087
2020154N19269,"New Orleans, LA",2017,storm,-0.0157557043027837
2020154N19269,"New Orleans, LA",2017,after,-0.2411528720169938
2020154N19269,"New Orleans, LA",2017,event30,-0.1645312955083369
2020154N19269,"New Orleans, LA",2018,storm,-0.0900504865237488
2020154N19269,"New Orleans, LA",2018,after,-0.1722034412879443
2020154N19269,"New Orleans, LA",2018,event30,-0.1354354562214179
2020154N19269,"New Orleans, LA",2022,storm,0.07232722795962
2020154N19269,"New Orleans, LA",2022,after,0.1991749164423954
2020154N19269,"New Orleans, LA",2022,event30,0.0548577649961182
2020154N19269,"New Orleans, LA",2023,storm,0.1763733759711784
2020154N19269,"New Orleans, LA",2023,after,0.2224246273191448
2020154N19269,"New Orleans, LA",2023,event30,0.2329706766208795
2020154N19269,"Plaquemines Port District, LA",2015,storm,-0.019161987698622
2020154N19269,"Plaquemines Port District, LA",2015,after,0.0308362245174663
2020154N19269,"Plaquemines Port District, LA",2015,event30,0.0380103059661145
2020154N19269,"Plaquemines Port District, LA",2016,storm,-0.0545477035718887
2020154N19269,"Plaquemines Port District, LA",2016,after,-0.0308517483033994
2020154N19269,"Plaquemines Port District, LA",2016,event30,-0.0674994890576815
2020154N19269,"Plaquemines Port District, LA",2017,storm,-0.0022706880076233
2020154N19269,"Plaquemines Port District, LA",2017,after,-0.0318468858612717
2020154N19269,"Plaquemines Port District, LA",2017,event30,-0.0059726101431144
2020154N19269,"Plaquemines Port District, LA",2018,storm,0.015269491164919
2020154N19269,"Plaquemines Port District, LA",2018,after,0.1480050960632663
2020154N19269,"Plaquemines Port District, LA",2018,event30,0.1327373094941161
2020154N19269,"Plaquemines Port District, LA",2022,storm,0.0494049509418304
2020154N19269,"Plaquemines Port District, LA",2022,after,-0.0192462553174928
2020154N19269,"Plaquemines Port District, LA",2022,event30,-0.0330099290850958
2020154N19269,"Plaquemines Port District, LA",2023,storm,-0.0455104088128709
2020154N19269,"Plaquemines Port District, LA",2023,after,-0.1260592999485663
2020154N19269,"Plaquemines Port District, LA",2023,event30,-0.0664092167730444
2020154N19269,"Port of Greater Baton Rouge, LA",2015,storm,0.3927485012947949
2020154N19269,"Port of Greater Baton Rouge, LA",2015,after,0.2535672069254618
2020154N19269,"Port of Greater Baton Rouge, LA",2015,event30,0.1697718007137482
2020154N19269,"Port of Greater Baton Rouge, LA",2016,storm,-0.2188861183535859
2020154N19269,"Port of Greater Baton Rouge, LA",2016,after,-0.2495209421364295
2020154N19269,"Port of Greater Baton Rouge, LA",2016,event30,-0.1764837313427646
2020154N19269,"Port of Greater Baton Rouge, LA",2018,storm,0.0932290269228554
2020154N19269,"Port of Greater Baton Rouge, LA",2018,after,-0.1428376187476111
2020154N19269,"Port of Greater Baton Rouge, LA",2018,event30,-0.1233846077836524
2020154N19269,"Port of Greater Baton Rouge, LA",2022,storm,0.1382878682883892
2020154N19269,"Port of Greater Baton Rouge, LA",2022,after,-0.0477032961800315
2020154N19269,"Port of Greater Baton Rouge, LA",2022,event30,0.0077179792811628
2020154N19269,"Port of Greater Baton Rouge, LA",2023,storm,0.3028623029245675
2020154N19269,"Port of Greater Baton Rouge, LA",2023,after,0.1618607532415728
2020154N19269,"Port of Greater Baton Rouge, LA",2023,event30,0.1967580571102809
2020154N19269,"Port of Iberia District, LA",2015,storm,-0.1301365564870417
2020154N19269,"Port of Iberia District, LA",2015,after,-0.2276058720805946
2020154N19269,"Port of Iberia District, LA",2015,event30,-0.214841547933755
2020154N19269,"Port of Iberia District, LA",2016,storm,0.1545714467401698
2020154N19269,"Port of Iberia District, LA",2016,after,0.2683702001356862
2020154N19269,"Port of Iberia District, LA",2016,event30,0.2595619088115363
2020154N19269,"Port of Iberia District, LA",2018,storm,0.0006769252423644
2020154N19269,"Port of Iberia District, LA",2018,after,-0.1122076050690606
2020154N19269,"Port of Iberia District, LA",2018,event30,-0.0262237852749253
2020154N19269,"Port of Iberia District, LA",2022,storm,0.0540574622818158
2020154N19269,"Port of Iberia District, LA",2022,after,0.130600631423128
2020154N19269,"Port of Iberia District, LA",2022,event30,-0.0458874894463394
2020154N19269,"Port of Iberia District, LA",2023,storm,-0.2969308630628995
2020154N19269,"Port of Iberia District, LA",2023,after,-0.0887368069102728
2020154N19269,"Port of Iberia District, LA",2023,event30,-0.0915631656778932
2020154N19269,"Port of Pascagoula, MS",2015,storm,-0.2875433679574453
2020154N19269,"Port of Pascagoula, MS",2015,after,-0.0851893278858719
2020154N19269,"Port of Pascagoula, MS",2015,event30,-0.1718470180833991
2020154N19269,"Port of Pascagoula, MS",2016,storm,0.2419574155130296
2020154N19269,"Port of Pascagoula, MS",2016,after,0.2603190171188737
2020154N19269,"Port of Pascagoula, MS",2016,event30,0.2211320068920149
2020154N19269,"Port of Pascagoula, MS",2017,storm,0.3707260619885884
2020154N19269,"Port of Pascagoula, MS",2017,after,0.3885794659472724
2020154N19269,"Port of Pascagoula, MS",2017,event30,0.3341988866964253
2020154N19269,"Port of Pascagoula, MS",2019,storm,-0.4047415243084948
2020154N19269,"Port of Pascagoula, MS",2019,after,-0.449182244453676
2020154N19269,"Port of Pascagoula, MS",2019,event30,-0.3356327038507658
2020154N19269,"Port of Pascagoula, MS",2022,storm,-0.1150440907441288
2020154N19269,"Port of Pascagoula, MS",2022,after,-0.1568714599992608
2020154N19269,"Port of Pascagoula, MS",2022,event30,-0.0830819024460026
2020154N19269,"Port of Pascagoula, MS",2023,storm,0.0383396491117884
2020154N19269,"Port of Pascagoula, MS",2023,after,-0.1263368181822613
2020154N19269,"Port of Pascagoula, MS",2023,event30,-0.0185834121159533
2020154N19269,"South Louisiana, LA, Port of",2015,storm,0.2960860784602364
2020154N19269,"South Louisiana, LA, Port of",2015,after,0.2310372774028556
2020154N19269,"South Louisiana, LA, Port of",2015,event30,0.2579368989119737
2020154N19269,"South Louisiana, LA, Port of",2016,storm,0.6135840231052366
2020154N19269,"South Louisiana, LA, Port of",2016,after,0.0923592832330822
2020154N19269,"South Louisiana, LA, Port of",2016,event30,0.1899588076253728
2020154N19269,"South Louisiana, LA, Port of",2017,storm,-0.3026877811942229
2020154N19269,"South Louisiana, LA, Port of",2017,after,-0.4632410086357051
2020154N19269,"South Louisiana, LA, Port of",2017,event30,-0.2354256315688464
2020154N19269,"South Louisiana, LA, Port of",2018,storm,0.5146983069358383
2020154N19269,"South Louisiana, LA, Port of",2018,after,0.5521967588533352
2020154N19269,"South Louisiana, LA, Port of",2018,event30,0.4000401517516897
2020154N19269,"South Louisiana, LA, Port of",2022,storm,-0.3937877838085217
2020154N19269,"South Louisiana, LA, Port of",2022,after,-0.1543265744986524
2020154N19269,"South Louisiana, LA, Port of",2022,event30,-0.2804793260876922
2020154N19269,"South Louisiana, LA, Port of",2023,storm,-0.2410608094873825
2020154N19269,"South Louisiana, LA, Port of",2023,after,-0.1124221728737725
2020154N19269,"South Louisiana, LA, Port of",2023,event30,-0.0520880121543253
2020154N19269,"Terrebonne Parish Port, LA",2015,storm,0.0445769301868599
2020154N19269,"Terrebonne Parish Port, LA",2015,after,0.0369357210744366
2020154N19269,"Terrebonne Parish Port, LA",2015,event30,-0.0155490258827553
2020154N19269,"Terrebonne Parish Port, LA",2016,storm,0.1231316148562366
2020154N19269,"Terrebonne Parish Port, LA",2016,after,0.0833436582600209
2020154N19269,"Terrebonne Parish Port, LA",2016,event30,-0.0031719448534828
2020154N19269,"Terrebonne Parish Port, LA",2017,storm,-0.0568332362466588
2020154N19269,"Terrebonne Parish Port, LA",2017,after,0.1114631957292461
2020154N19269,"Terrebonne Parish Port, LA",2017,event30,0.076798466845394
2020154N19269,"Terrebonne Parish Port, LA",2018,storm,-0.198426496908383
2020154N19269,"Terrebonne Parish Port, LA",2018,after,-0.3264020316451023
2020154N19269,"Terrebonne Parish Port, LA",2018,event30,-0.0554775560207229
2020154N19269,"Terrebonne Parish Port, LA",2022,storm,-0.0684760503357069
2020154N19269,"Terrebonne Parish Port, LA",2022,after,-0.0512423236419622
2020154N19269,"Terrebonne Parish Port, LA",2022,event30,-0.1123796177602294
2020154N19269,"Terrebonne Parish Port, LA",2023,storm,-0.2266608325627258
2020154N19269,"Terrebonne Parish Port, LA",2023,after,0.0923496358576345
2020154N19269,"Terrebonne Parish Port, LA",2023,event30,0.0276968479366055
2020188N28271,"Albany Port District, NY",2015,storm,0.1308318297004538
2020188N28271,"Albany Port District, NY",2015,after,0.0651282331622342
2020188N28271,"Albany Port District, NY",2015,event30,0.0078528239975742
2020188N28271,"Albany Port District, NY",2016,storm,-0.0463423144189697
2020188N28271,"Albany Port District, NY",2016,after,0.0288910773952918
2020188N28271,"Albany Port District, NY",2016,event30,0.0221351536451584
2020188N28271,"Albany Port District, NY",2017,storm,0.2418832886697679
2020188N28271,"Albany Port District, NY",2017,after,0.0811102662049953
2020188N28271,"Albany Port District, NY",2017,event30,0.0725962398215833
2020188N28271,"Albany Port District, NY",2018,storm,-0.0267276860660666
2020188N28271,"Albany Port District, NY",2018,after,0.0331187846875284
2020188N28271,"Albany Port District, NY",2018,event30,0.046296137999955
2020188N28271,"Albany Port District, NY",2019,storm,-0.1052244466891259
2020188N28271,"Albany Port District, NY",2019,after,-0.0716162718119545
2020188N28271,"Albany Port District, NY",2019,event30,-0.0815320927692135
2020188N28271,"Albany Port District, NY",2022,storm,0.0603821619032368
2020188N28271,"Albany Port District, NY",2022,after,0.0577761650339427
2020188N28271,"Albany Port District, NY",2022,event30,-0.0079915148690598
2020188N28271,"Albany Port District, NY",2023,storm,-0.2289890622641912
2020188N28271,"Albany Port District, NY",2023,after,0.040826087146769
2020188N28271,"Albany Port District, NY",2023,event30,-0.1045289712063981
2020188N28271,"Baltimore, MD",2016,storm,0.1341841132679241
2020188N28271,"Baltimore, MD",2016,after,0.0951022536516246
2020188N28271,"Baltimore, MD",2016,event30,0.0444308756078918
2020188N28271,"Baltimore, MD",2018,storm,-0.1588023787422245
2020188N28271,"Baltimore, MD",2018,after,-0.1981676079050358
2020188N28271,"Baltimore, MD",2018,event30,-0.1826564916222053
2020188N28271,"Baltimore, MD",2019,storm,0.1185925442873006
2020188N28271,"Baltimore, MD",2019,after,0.0078519563309367
2020188N28271,"Baltimore, MD",2019,event30,0.0171171954713983
2020188N28271,"Baltimore, MD",2022,storm,-0.012542781576752
2020188N28271,"Baltimore, MD",2022,after,0.1193007906066554
2020188N28271,"Baltimore, MD",2022,event30,0.1372394647881597
2020188N28271,"Baltimore, MD",2023,storm,0.0667448017607676
2020188N28271,"Baltimore, MD",2023,after,-0.0127120013950902
2020188N28271,"Baltimore, MD",2023,event30,-0.0215669446014447
2020188N28271,"Bridgeport, CT",2016,storm,0.4438760114697614
2020188N28271,"Bridgeport, CT",2016,after,0.1385294635661469
2020188N28271,"Bridgeport, CT",2016,event30,0.0657270126264113
2020188N28271,"Bridgeport, CT",2017,storm,0.2203596876844958
2020188N28271,"Bridgeport, CT",2017,after,0.4140462870515579
2020188N28271,"Bridgeport, CT",2017,event30,0.1635096235223131
2020188N28271,"Bridgeport, CT",2018,storm,-0.1900115254784115
2020188N28271,"Bridgeport, CT",2018,after,-0.2939425011841942
2020188N28271,"Bridgeport, CT",2018,event30,-0.1404501734919074
2020188N28271,"Bridgeport, CT",2019,storm,0.4106825680941972
2020188N28271,"Bridgeport, CT",2019,after,0.3627758084528836
2020188N28271,"Bridgeport, CT",2019,event30,0.1643854239036773
2020188N28271,"Bridgeport, CT",2022,storm,-0.4752574845197926
2020188N28271,"Bridgeport, CT",2022,after,-0.2818046390417474
2020188N28271,"Bridgeport, CT",2022,event30,-0.4227585371510156
2020188N28271,"Bridgeport, CT",2023,storm,-0.3999621227596714
2020188N28271,"Bridgeport, CT",2023,after,-0.3222281429078777
2020188N28271,"Bridgeport, CT",2023,event30,-0.2191224469785155
2020188N28271,"New Haven, CT",2016,storm,0.205432668571377
2020188N28271,"New Haven, CT",2016,after,0.0450068044133108
2020188N28271,"New Haven, CT",2016,event30,-0.0045743798913301
2020188N28271,"New Haven, CT",2017,storm,-0.3021972056817853
2020188N28271,"New Haven, CT",2017,after,-0.2161051470070056
2020188N28271,"New Haven, CT",2017,event30,-0.148859837607753
2020188N28271,"New Haven, CT",2018,storm,0.2323583129421457
2020188N28271,"New Haven, CT",2018,after,0.2090438353373775
2020188N28271,"New Haven, CT",2018,event30,0.1842103922781442
2020188N28271,"New Haven, CT",2019,storm,-0.0581287617887958
2020188N28271,"New Haven, CT",2019,after,-0.1116382522052151
2020188N28271,"New Haven, CT",2019,event30,-0.0645223519549463
2020188N28271,"New Haven, CT",2022,storm,0.1575942938198058
2020188N28271,"New Haven, CT",2022,after,0.2120436704764806
2020188N28271,"New Haven, CT",2022,event30,0.2334676723846658
2020188N28271,"New Haven, CT",2023,storm,-0.1401662487753024
2020188N28271,"New Haven, CT",2023,after,-0.0060722713892315
2020188N28271,"New Haven, CT",2023,event30,-0.1281968854141089
2020188N28271,"New York, NY & NJ",2016,storm,-0.008877925594885
2020188N28271,"New York, NY & NJ",2016,after,-0.0572287674071102
2020188N28271,"New York, NY & NJ",2016,event30,-0.0376304069498202
2020188N28271,"New York, NY & NJ",2017,storm,-0.0060843361662479
2020188N28271,"New York, NY & NJ",2017,after,-0.007397401950186
2020188N28271,"New York, NY & NJ",2017,event30,-0.0655163861533289
2020188N28271,"New York, NY & NJ",2018,storm,-0.0354005813199442
2020188N28271,"New York, NY & NJ",2018,after,-0.1441681632184011
2020188N28271,"New York, NY & NJ",2018,event30,-0.0619611888282511
2020188N28271,"New York, NY & NJ",2019,storm,-0.0154081876465305
2020188N28271,"New York, NY & NJ",2019,after,0.1308489170005263
2020188N28271,"New York, NY & NJ",2019,event30,0.1524056400941537
2020188N28271,"New York, NY & NJ",2022,storm,-0.1043224603808896
2020188N28271,"New York, NY & NJ",2022,after,-0.158994668583765
2020188N28271,"New York, NY & NJ",2022,event30,-0.1148262418483992
2020188N28271,"New York, NY & NJ",2023,storm,0.0652616988955622
2020188N28271,"New York, NY & NJ",2023,after,0.0988266568833151
2020188N28271,"New York, NY & NJ",2023,event30,0.0486836918576992
2020188N28271,"Philadelphia Regional Port, PA",2016,storm,-0.087463760446194
2020188N28271,"Philadelphia Regional Port, PA",2016,after,0.207459186343247
2020188N28271,"Philadelphia Regional Port, PA",2016,event30,0.2170337360413681
2020188N28271,"Philadelphia Regional Port, PA",2017,storm,-0.0233148949978403
2020188N28271,"Philadelphia Regional Port, PA",2017,after,-0.1644694385329053
2020188N28271,"Philadelphia Regional Port, PA",2017,event30,0.0577224403424885
2020188N28271,"Philadelphia Regional Port, PA",2018,storm,-0.0559017677024157
2020188N28271,"Philadelphia Regional Port, PA",2018,after,0.0535718604677036
2020188N28271,"Philadelphia Regional Port, PA",2018,event30,-0.1400342740278566
2020188N28271,"Philadelphia Regional Port, PA",2019,storm,-0.1731315136735385
2020188N28271,"Philadelphia Regional Port, PA",2019,after,0.1692432816663896
2020188N28271,"Philadelphia Regional Port, PA",2019,event30,-0.0511700572358971
2020188N28271,"Philadelphia Regional Port, PA",2022,storm,-0.0195683769870623
2020188N28271,"Philadelphia Regional Port, PA",2022,after,-0.0607385269449062
2020188N28271,"Philadelphia Regional Port, PA",2022,event30,-0.0707567907302751
2020188N28271,"Philadelphia Regional Port, PA",2023,storm,0.1680998895191853
2020188N28271,"Philadelphia Regional Port, PA",2023,after,-0.0634472088233189
2020188N28271,"Philadelphia Regional Port, PA",2023,event30,0.0231600488410618
2020188N28271,"Port Jefferson, NY",2016,storm,0.4184737031501291
2020188N28271,"Port Jefferson, NY",2016,after,0.2248556023579745
2020188N28271,"Port Jefferson, NY",2016,event30,0.2032542649826638
2020188N28271,"Port Jefferson, NY",2017,storm,0.072313668029647
2020188N28271,"Port Jefferson, NY",2017,after,0.1129165524982606
2020188N28271,"Port Jefferson, NY",2017,event30,0.078134537273411
2020188N28271,"Port Jefferson, NY",2018,storm,-0.2661365429676259
2020188N28271,"Port Jefferson, NY",2018,after,0.0511774146149099
2020188N28271,"Port Jefferson, NY",2018,event30,-0.0598634970213126
2020188N28271,"Port Jefferson, NY",2019,storm,-0.1558606505261821
2020188N28271,"Port Jefferson, NY",2019,after,0.0584475708052144
2020188N28271,"Port Jefferson, NY",2019,event30,0.0875350049999667
2020188N28271,"Port Jefferson, NY",2022,storm,-0.3617928470736592
2020188N28271,"Port Jefferson, NY",2022,after,-0.0969467163832266
2020188N28271,"Port Jefferson, NY",2022,event30,-0.0953365199708621
2020188N28271,"Port Jefferson, NY",2023,storm,-0.1041315271344697
2020188N28271,"Port Jefferson, NY",2023,after,-0.0722289478352177
2020188N28271,"Port Jefferson, NY",2023,event30,-0.1013678443446518
2020188N28271,"Port of Charleston, SC",2017,storm,0.0542978896772001
2020188N28271,"Port of Charleston, SC",2017,after,-0.1031080002028077
2020188N28271,"Port of Charleston, SC",2017,event30,-0.1496132725187114
2020188N28271,"Port of Charleston, SC",2018,storm,-0.1305037101818278
2020188N28271,"Port of Charleston, SC",2018,after,-0.1626328768629036
2020188N28271,"Port of Charleston, SC",2018,event30,-0.1723381172455283
2020188N28271,"Port of Charleston, SC",2019,storm,-0.0856368001496428
2020188N28271,"Port of Charleston, SC",2019,after,0.0141561243225088
2020188N28271,"Port of Charleston, SC",2019,event30,0.056010507737512
2020188N28271,"Port of Charleston, SC",2023,storm,0.2274161719844722
2020188N28271,"Port of Charleston, SC",2023,after,0.0977444967341512
2020188N28271,"Port of Charleston, SC",2023,event30,0.1744355356128078
2020188N28271,"South Jersey Port Corp, NJ",2016,storm,0.0334179381234781
2020188N28271,"South Jersey Port Corp, NJ",2016,after,0.05921195511501
2020188N28271,"South Jersey Port Corp, NJ",2016,event30,0.0108442313142663
2020188N28271,"South Jersey Port Corp, NJ",2017,storm,-0.1074979628255868
2020188N28271,"South Jersey Port Corp, NJ",2017,after,-0.0740715839447621
2020188N28271,"South Jersey Port Corp, NJ",2017,event30,-0.0783408179653056
2020188N28271,"South Jersey Port Corp, NJ",2018,storm,-0.1593429961612812
2020188N28271,"South Jersey Port Corp, NJ",2018,after,-0.140660565839823
2020188N28271,"South Jersey Port Corp, NJ",2018,event30,-0.1281524572894048
2020188N28271,"South Jersey Port Corp, NJ",2019,storm,0.2128880953456959
2020188N28271,"South Jersey Port Corp, NJ",2019,after,0.1603051572620182
2020188N28271,"South Jersey Port Corp, NJ",2019,event30,0.1717097160188327
2020188N28271,"South Jersey Port Corp, NJ",2022,storm,-0.0170384699833397
2020188N28271,"South Jersey Port Corp, NJ",2022,after,0.05256244474688
2020188N28271,"South Jersey Port Corp, NJ",2022,event30,0.0065617844875789
2020188N28271,"South Jersey Port Corp, NJ",2023,storm,-0.1539184417299711
2020188N28271,"South Jersey Port Corp, NJ",2023,after,-0.0409731740119277
2020188N28271,"South Jersey Port Corp, NJ",2023,event30,-0.0297286221181787
2020188N28271,"Virginia, VA, Port of",2017,storm,0.0654644872689128
2020188N28271,"Virginia, VA, Port of",2017,after,0.0064415644327232
2020188N28271,"Virginia, VA, Port of",2017,event30,0.0092692137589066
2020188N28271,"Virginia, VA, Port of",2018,storm,-0.160649450385283
2020188N28271,"Virginia, VA, Port of",2018,after,-0.0476101317457003
2020188N28271,"Virginia, VA, Port of",2018,event30,-0.0096414892144641
2020188N28271,"Virginia, VA, Port of",2019,storm,0.0376158289143597
2020188N28271,"Virginia, VA, Port of",2019,after,0.0047747205481
2020188N28271,"Virginia, VA, Port of",2019,event30,-0.0297054871154607
2020188N28271,"Virginia, VA, Port of",2022,storm,-0.0191484785604161
2020188N28271,"Virginia, VA, Port of",2022,after,-0.0169524113805301
2020188N28271,"Virginia, VA, Port of",2022,event30,-0.0090426266244877
2020188N28271,"Virginia, VA, Port of",2023,storm,0.1417562765713541
2020188N28271,"Virginia, VA, Port of",2023,after,-0.0299014056486506
2020188N28271,"Virginia, VA, Port of",2023,event30,0.0322055744288381
2020188N28271,"Wilmington, NC",2017,storm,0.0101631001658384
2020188N28271,"Wilmington, NC",2017,after,-0.2194239410660288
2020188N28271,"Wilmington, NC",2017,event30,-0.1654013629865037
2020188N28271,"Wilmington, NC",2018,storm,0.4167259663015648
2020188N28271,"Wilmington, NC",2018,after,0.217805972450175
2020188N28271,"Wilmington, NC",2018,event30,0.1397561442373909
2020188N28271,"Wilmington, NC",2019,storm,-0.1266100039596562
2020188N28271,"Wilmington, NC",2019,after,0.0405562095719512
2020188N28271,"Wilmington, NC",2019,event30,0.0263984196001612
2020188N28271,"Wilmington, NC",2023,storm,0.1257916828996492
2020188N28271,"Wilmington, NC",2023,after,0.1401470602911824
2020188N28271,"Wilmington, NC",2023,event30,0.1045016280061234
2020205N26272,"Brownsville, TX",2015,storm,-0.2692462442219062
2020205N26272,"Brownsville, TX",2015,after,-0.4144277048852645
2020205N26272,"Brownsville, TX",2015,event30,-0.3622554094701493
2020205N26272,"Brownsville, TX",2016,storm,0.0257983435449855
2020205N26272,"Brownsville, TX",2016,after,0.2622179547422427
2020205N26272,"Brownsville, TX",2016,event30,0.2469598056932502
2020205N26272,"Brownsville, TX",2018,storm,-0.3125970641996154
2020205N26272,"Brownsville, TX",2018,after,-0.1113194058196128
2020205N26272,"Brownsville, TX",2018,event30,-0.2287984137591703
2020205N26272,"Brownsville, TX",2021,storm,0.2617395555059914
2020205N26272,"Brownsville, TX",2021,after,0.0564676445204913
2020205N26272,"Brownsville, TX",2021,event30,0.1564407483221016
2020205N26272,"Calhoun Port Authority, TX",2016,storm,0.035398796812208
2020205N26272,"Calhoun Port Authority, TX",2016,after,0.5404450226858738
2020205N26272,"Calhoun Port Authority, TX",2016,event30,0.406177266052074
2020205N26272,"Calhoun Port Authority, TX",2018,storm,-0.3437506755577672
2020205N26272,"Calhoun Port Authority, TX",2018,after,-0.3519232433701279
2020205N26272,"Calhoun Port Authority, TX",2018,event30,-0.5029640217200118
2020205N26272,"Calhoun Port Authority, TX",2019,storm,-0.1970423492324677
2020205N26272,"Calhoun Port Authority, TX",2019,after,0.2309324776897237
2020205N26272,"Calhoun Port Authority, TX",2019,event30,0.2970916330542117
2020205N26272,"Calhoun Port Authority, TX",2021,storm,0.1914938920764439
2020205N26272,"Calhoun Port Authority, TX",2021,after,0.1065076344829518
2020205N26272,"Calhoun Port Authority, TX",2021,event30,0.1586932020383308
2020205N26272,"Calhoun Port Authority, TX",2022,storm,0.2022364877876354
2020205N26272,"Calhoun Port Authority, TX",2022,after,0.1048607775490642
2020205N26272,"Calhoun Port Authority, TX",2022,event30,0.2728695367935229
2020205N26272,"Corpus Christi, TX",2016,storm,0.3076266957422423
2020205N26272,"Corpus Christi, TX",2016,after,0.0192886174733328
2020205N26272,"Corpus Christi, TX",2016,event30,0.0198060148640932
2020205N26272,"Corpus Christi, TX",2018,storm,0.2520773093611928
2020205N26272,"Corpus Christi, TX",2018,after,0.1551484096928524
2020205N26272,"Corpus Christi, TX",2018,event30,0.059434952887594
2020205N26272,"Corpus Christi, TX",2019,storm,-0.3765325422627745
2020205N26272,"Corpus Christi, TX",2019,after,-0.1673267392276395
2020205N26272,"Corpus Christi, TX",2019,event30,-0.0745524548415852
2020205N26272,"Corpus Christi, TX",2021,storm,-0.4582797890085583
2020205N26272,"Corpus Christi, TX",2021,after,-0.2024576313733763
2020205N26272,"Corpus Christi, TX",2021,event30,-0.2208066187823315
2020205N26272,"Corpus Christi, TX",2022,storm,0.0792948678517204
2020205N26272,"Corpus Christi, TX",2022,after,0.1887240255617814
2020205N26272,"Corpus Christi, TX",2022,event30,0.1968400706743254
2020211N13306,"Albany Port District, NY",2015,storm,-0.1177601093373679
2020211N13306,"Albany Port District, NY",2015,after,-0.0044254074861511
2020211N13306,"Albany Port District, NY",2015,event30,-0.0933404153085113
2020211N13306,"Albany Port District, NY",2016,storm,0.0724791329371837
2020211N13306,"Albany Port District, NY",2016,after,0.0741847179187513
2020211N13306,"Albany Port District, NY",2016,event30,0.0353642264388137
2020211N13306,"Albany Port District, NY",2017,storm,0.1143652913423328
2020211N13306,"Albany Port District, NY",2017,after,-0.0283800818401064
2020211N13306,"Albany Port District, NY",2017,event30,0.0394149374872606
2020211N13306,"Albany Port District, NY",2019,storm,0.0198111819134472
2020211N13306,"Albany Port District, NY",2019,after,-0.0708427339052745
2020211N13306,"Albany Port District, NY",2019,event30,0.0143380151800005
2020211N13306,"Albany Port District, NY",2022,storm,-0.1336963143038147
2020211N13306,"Albany Port District, NY",2022,after,-0.1006039840386955
2020211N13306,"Albany Port District, NY",2022,event30,-0.1143890961676039
2020211N13306,"Albany Port District, NY",2023,storm,-0.0856594171549969
2020211N13306,"Albany Port District, NY",2023,after,-0.0408882478132094
2020211N13306,"Albany Port District, NY",2023,event30,0.0188479237910774
2020211N13306,"Baltimore, MD",2015,storm,0.1091918848484704
2020211N13306,"Baltimore, MD",2015,after,-0.0329908624479119
2020211N13306,"Baltimore, MD",2015,event30,0.0276169371128785
2020211N13306,"Baltimore, MD",2016,storm,-0.2728372401658607
2020211N13306,"Baltimore, MD",2016,after,-0.0259338329798786
2020211N13306,"Baltimore, MD",2016,event30,0.0295776085996549
2020211N13306,"Baltimore, MD",2019,storm,0.1239079819555532
2020211N13306,"Baltimore, MD",2019,after,-0.0766248839003431
2020211N13306,"Baltimore, MD",2019,event30,-0.0507824060046349
2020211N13306,"Baltimore, MD",2022,storm,0.3670676215936664
2020211N13306,"Baltimore, MD",2022,after,0.0240453942265762
2020211N13306,"Baltimore, MD",2022,event30,0.0904954487785212
2020211N13306,"Baltimore, MD",2023,storm,-0.1359931539559964
2020211N13306,"Baltimore, MD",2023,after,0.0453838636615068
2020211N13306,"Baltimore, MD",2023,event30,-0.0953235097667989
2020211N13306,"Bridgeport, CT",2015,storm,0.0648607910920885
2020211N13306,"Bridgeport, CT",2015,after,0.0696697222613351
2020211N13306,"Bridgeport, CT",2015,event30,0.0256805527737204
2020211N13306,"Bridgeport, CT",2017,storm,-0.0523070181882896
2020211N13306,"Bridgeport, CT",2017,after,-0.035828033978927
2020211N13306,"Bridgeport, CT",2017,event30,-0.0237336029780986
2020211N13306,"Bridgeport, CT",2019,storm,0.0437932918137586
2020211N13306,"Bridgeport, CT",2019,after,-0.1657133149777088
2020211N13306,"Bridgeport, CT",2019,event30,-0.0854574798632062
2020211N13306,"Bridgeport, CT",2022,storm,-0.1782382444141958
2020211N13306,"Bridgeport, CT",2022,after,-0.3724126516341874
2020211N13306,"Bridgeport, CT",2022,event30,-0.2908990308835158
2020211N13306,"Bridgeport, CT",2023,storm,0.3515463016132689
2020211N13306,"Bridgeport, CT",2023,after,0.3693974758981664
2020211N13306,"Bridgeport, CT",2023,event30,0.3795344024983796
2020211N13306,"Canaveral Port District, FL",2015,storm,0.0527902190503755
2020211N13306,"Canaveral Port District, FL",2015,after,0.0911880044104223
2020211N13306,"Canaveral Port District, FL",2015,event30,0.0235331029323435
2020211N13306,"Canaveral Port District, FL",2018,storm,-0.1448248973241606
2020211N13306,"Canaveral Port District, FL",2018,after,0.0191047632454459
2020211N13306,"Canaveral Port District, FL",2018,event30,-0.053930711129272
2020211N13306,"Canaveral Port District, FL",2021,storm,0.0986014437030395
2020211N13306,"Canaveral Port District, FL",2021,after,0.1922013835029967
2020211N13306,"Canaveral Port District, FL",2021,event30,0.0474304947155936
2020211N13306,"Canaveral Port District, FL",2023,storm,-0.1054110686000473
2020211N13306,"Canaveral Port District, FL",2023,after,-0.2507622616134744
2020211N13306,"Canaveral Port District, FL",2023,event30,-0.0025357280991794
2020211N13306,"New Haven, CT",2015,storm,0.0190793370702037
2020211N13306,"New Haven, CT",2015,after,0.0296382482547239
2020211N13306,"New Haven, CT",2015,event30,0.036721980514037
2020211N13306,"New Haven, CT",2017,storm,-0.0429346103114829
2020211N13306,"New Haven, CT",2017,after,0.0408603243766563
2020211N13306,"New Haven, CT",2017,event30,0.0355589507571349
2020211N13306,"New Haven, CT",2019,storm,0.0540921849922401
2020211N13306,"New Haven, CT",2019,after,0.0683779583202542
2020211N13306,"New Haven, CT",2019,event30,0.1053136537762612
2020211N13306,"New Haven, CT",2022,storm,0.1898785473525668
2020211N13306,"New Haven, CT",2022,after,-0.0202310590283639
2020211N13306,"New Haven, CT",2022,event30,0.0476369720053297
2020211N13306,"New Haven, CT",2023,storm,0.0161763640057142
2020211N13306,"New Haven, CT",2023,after,-0.1371944435138225
2020211N13306,"New Haven, CT",2023,event30,-0.1481054632231535
2020211N13306,"New York, NY & NJ",2015,storm,0.0066077935976038
2020211N13306,"New York, NY & NJ",2015,after,0.091704528303694
2020211N13306,"New York, NY & NJ",2015,event30,0.0410027924430638
2020211N13306,"New York, NY & NJ",2017,storm,-0.1040725503734917
2020211N13306,"New York, NY & NJ",2017,after,-0.1057098309135778
2020211N13306,"New York, NY & NJ",2017,event30,-0.0429272207361996
2020211N13306,"New York, NY & NJ",2019,storm,0.1050402174915374
2020211N13306,"New York, NY & NJ",2019,after,0.0808389787758691
2020211N13306,"New York, NY & NJ",2019,event30,0.1073153280125154
2020211N13306,"New York, NY & NJ",2022,storm,0.0253274175630334
2020211N13306,"New York, NY & NJ",2022,after,-0.0362357139153151
2020211N13306,"New York, NY & NJ",2022,event30,0.0299467458354468
2020211N13306,"New York, NY & NJ",2023,storm,-0.0328824764409858
2020211N13306,"New York, NY & NJ",2023,after,-0.086435456100419
2020211N13306,"New York, NY & NJ",2023,event30,-0.1161900710078304
2020211N13306,"Philadelphia Regional Port, PA",2015,storm,-0.0029275962689338
2020211N13306,"Philadelphia Regional Port, PA",2015,after,0.0532124212753662
2020211N13306,"Philadelphia Regional Port, PA",2015,event30,0.0144319325189349
2020211N13306,"Philadelphia Regional Port, PA",2017,storm,0.086903547924429
2020211N13306,"Philadelphia Regional Port, PA",2017,after,0.2207682879294542
2020211N13306,"Philadelphia Regional Port, PA",2017,event30,0.1894480565890881
2020211N13306,"Philadelphia Regional Port, PA",2019,storm,-0.8255581961402878
2020211N13306,"Philadelphia Regional Port, PA",2019,after,0.0145510148023573
2020211N13306,"Philadelphia Regional Port, PA",2019,event30,-0.14989922476975
2020211N13306,"Philadelphia Regional Port, PA",2022,storm,-0.0262556807833477
2020211N13306,"Philadelphia Regional Port, PA",2022,after,0.1655242639739545
2020211N13306,"Philadelphia Regional Port, PA",2022,event30,0.1673388625997246
2020211N13306,"Philadelphia Regional Port, PA",2023,storm,-0.0408447628190391
2020211N13306,"Philadelphia Regional Port, PA",2023,after,0.0224551486078076
2020211N13306,"Philadelphia Regional Port, PA",2023,event30,-0.0239202441645157
2020211N13306,"Port Jefferson, NY",2015,storm,-0.0617089232484676
2020211N13306,"Port Jefferson, NY",2015,after,-0.1247093078375282
2020211N13306,"Port Jefferson, NY",2015,event30,-0.0668568256923066
2020211N13306,"Port Jefferson, NY",2017,storm,-0.0357329954882379
2020211N13306,"Port Jefferson, NY",2017,after,0.0661675470917631
2020211N13306,"Port Jefferson, NY",2017,event30,-0.0296096472038757
2020211N13306,"Port Jefferson, NY",2019,storm,-0.0515648291254007
2020211N13306,"Port Jefferson, NY",2019,after,0.1032971236137804
2020211N13306,"Port Jefferson, NY",2019,event30,0.013365910264752
2020211N13306,"Port Jefferson, NY",2022,storm,-0.0881874370606087
2020211N13306,"Port Jefferson, NY",2022,after,0.0994113966219974
2020211N13306,"Port Jefferson, NY",2022,event30,0.0315305770733803
2020211N13306,"Port Jefferson, NY",2023,storm,-0.041669104291581
2020211N13306,"Port Jefferson, NY",2023,after,-0.0346257532059617
2020211N13306,"Port Jefferson, NY",2023,event30,0.0618981423335403
2020211N13306,"South Jersey Port Corp, NJ",2015,storm,-0.1555819813706771
2020211N13306,"South Jersey Port Corp, NJ",2015,after,0.0646789320256383
2020211N13306,"South Jersey Port Corp, NJ",2015,event30,-0.0098268652576571
2020211N13306,"South Jersey Port Corp, NJ",2017,storm,0.0120781399878063
2020211N13306,"South Jersey Port Corp, NJ",2017,after,0.0495080887962604
2020211N13306,"South Jersey Port Corp, NJ",2017,event30,0.0088601027850836
2020211N13306,"South Jersey Port Corp, NJ",2019,storm,-0.029020364136424
2020211N13306,"South Jersey Port Corp, NJ",2019,after,0.0407022433742574
2020211N13306,"South Jersey Port Corp, NJ",2019,event30,-0.003014555398428
2020211N13306,"South Jersey Port Corp, NJ",2022,storm,0.0477247225947703
2020211N13306,"South Jersey Port Corp, NJ",2022,after,-0.1745735941105371
2020211N13306,"South Jersey Port Corp, NJ",2022,event30,-0.0070709501921649
2020211N13306,"South Jersey Port Corp, NJ",2023,storm,-0.1387465322863919
2020211N13306,"South Jersey Port Corp, NJ",2023,after,-0.0424537365244844
2020211N13306,"South Jersey Port Corp, NJ",2023,event30,-0.003886365196172
2020233N14313,"Beaumont, TX",2015,storm,0.2552440901940301
2020233N14313,"Beaumont, TX",2015,after,0.0166880979058786
2020233N14313,"Beaumont, TX",2015,event30,0.0530813073511566
2020233N14313,"Beaumont, TX",2016,storm,0.2086326060746089
2020233N14313,"Beaumont, TX",2016,after,-0.1442547432835172
2020233N14313,"Beaumont, TX",2016,event30,0.0642856858062971
2020233N14313,"Beaumont, TX",2018,storm,-0.1709782267784937
2020233N14313,"Beaumont, TX",2018,after,-0.1328860205585234
2020233N14313,"Beaumont, TX",2018,event30,-0.2011243091083061
2020233N14313,"Beaumont, TX",2022,storm,0.6820228518053352
2020233N14313,"Beaumont, TX",2022,after,0.2610813504571002
2020233N14313,"Beaumont, TX",2022,event30,0.1379860563818475
2020233N14313,"Beaumont, TX",2023,storm,0.1685236044024716
2020233N14313,"Beaumont, TX",2023,after,-0.1145154037824026
2020233N14313,"Beaumont, TX",2023,event30,0.0303530198312803
2020233N14313,"Galveston, TX",2015,storm,-0.1946374281108311
2020233N14313,"Galveston, TX",2015,after,-0.0766005755802375
2020233N14313,"Galveston, TX",2015,event30,-0.0746541861925532
2020233N14313,"Galveston, TX",2016,storm,0.1403016220153783
2020233N14313,"Galveston, TX",2016,after,0.0629527323768765
2020233N14313,"Galveston, TX",2016,event30,0.0830623883182762
2020233N14313,"Galveston, TX",2018,storm,-0.0342115184763158
2020233N14313,"Galveston, TX",2018,after,-0.11506892811481
2020233N14313,"Galveston, TX",2018,event30,-0.0378696969139456
2020233N14313,"Galveston, TX",2022,storm,0.1070369462270406
2020233N14313,"Galveston, TX",2022,after,0.0543535130417697
2020233N14313,"Galveston, TX",2022,event30,0.0437938095324752
2020233N14313,"Galveston, TX",2023,storm,0.1209510368658967
2020233N14313,"Galveston, TX",2023,after,-0.000313640542559
2020233N14313,"Galveston, TX",2023,event30,0.0009431721078651
2020233N14313,"Lake Charles Harbor District, LA",2015,storm,0.2234734826835449
2020233N14313,"Lake Charles Harbor District, LA",2015,after,0.1513051039238033
2020233N14313,"Lake Charles Harbor District, LA",2015,event30,0.1153414121024333
2020233N14313,"Lake Charles Harbor District, LA",2016,storm,-0.1659995055179617
2020233N14313,"Lake Charles Harbor District, LA",2016,after,-0.1303434515410254
2020233N14313,"Lake Charles Harbor District, LA",2016,event30,-0.0432903329809509
2020233N14313,"Lake Charles Harbor District, LA",2018,storm,-0.0148110167235425
2020233N14313,"Lake Charles Harbor District, LA",2018,after,-0.1819776450746119
2020233N14313,"Lake Charles Harbor District, LA",2018,event30,-0.0779642787814441
2020233N14313,"Lake Charles Harbor District, LA",2022,storm,-0.0574551827338752
2020233N14313,"Lake Charles Harbor District, LA",2022,after,0.0364400945889081
2020233N14313,"Lake Charles Harbor District, LA",2022,event30,-0.0391820729546175
2020233N14313,"Lake Charles Harbor District, LA",2023,storm,-0.0418172344920309
2020233N14313,"Lake Charles Harbor District, LA",2023,after,0.0457573298665457
2020233N14313,"Lake Charles Harbor District, LA",2023,event30,0.0236404657303331
2020233N14313,"Orange County Nav District, TX",2015,storm,0.0994415257376942
2020233N14313,"Orange County Nav District, TX",2015,after,-0.0001658658318132
2020233N14313,"Orange County Nav District, TX",2015,event30,-0.1461440102388012
2020233N14313,"Orange County Nav District, TX",2016,storm,0.156777467128233
2020233N14313,"Orange County Nav District, TX",2016,after,0.0432453774933031
2020233N14313,"Orange County Nav District, TX",2016,event30,0.1421881451965407
2020233N14313,"Orange County Nav District, TX",2018,storm,-0.066887771751871
2020233N14313,"Orange County Nav District, TX",2018,after,-0.17104054352818
2020233N14313,"Orange County Nav District, TX",2018,event30,0.0129239736156278
2020233N14313,"Orange County Nav District, TX",2022,storm,-0.3121598561203732
2020233N14313,"Orange County Nav District, TX",2022,after,0.0106615536847852
2020233N14313,"Orange County Nav District, TX",2022,event30,0.022548535791762
2020233N14313,"Orange County Nav District, TX",2023,storm,0.3569719672732861
2020233N14313,"Orange County Nav District, TX",2023,after,0.1362341762991478
2020233N14313,"Orange County Nav District, TX",2023,event30,0.1032574265736885
2020233N14313,"Port Arthur, TX",2015,storm,0.9311829735186544
2020233N14313,"Port Arthur, TX",2015,after,0.7356622878541044
2020233N14313,"Port Arthur, TX",2015,event30,0.5389570153011612
2020233N14313,"Port Arthur, TX",2016,storm,0.2601499691585778
2020233N14313,"Port Arthur, TX",2016,after,-0.695988488516798
2020233N14313,"Port Arthur, TX",2016,event30,-0.1155267179275471
2020233N14313,"Port Arthur, TX",2018,storm,-0.7507462345362856
2020233N14313,"Port Arthur, TX",2018,after,-0.3734848943574542
2020233N14313,"Port Arthur, TX",2018,event30,-0.3035456535586034
2020233N14313,"Port Arthur, TX",2022,storm,0.3526609460173631
2020233N14313,"Port Arthur, TX",2022,after,0.1858285328303687
2020233N14313,"Port Arthur, TX",2022,event30,0.3570139764081698
2020233N14313,"Port Arthur, TX",2023,storm,0.8863155746594998
2020233N14313,"Port Arthur, TX",2023,after,0.3489197074167801
2020233N14313,"Port Arthur, TX",2023,event30,0.2993719573353144
2020233N14313,"Port of Iberia District, LA",2015,storm,-0.076395950142439
2020233N14313,"Port of Iberia District, LA",2015,after,-0.0351107217877803
2020233N14313,"Port of Iberia District, LA",2015,event30,-0.1040939358339504
2020233N14313,"Port of Iberia District, LA",2016,storm,0.066767302767869
2020233N14313,"Port of Iberia District, LA",2016,after,-0.016826695602114
2020233N14313,"Port of Iberia District, LA",2016,event30,-0.0080722723249768
2020233N14313,"Port of Iberia District, LA",2018,storm,0.1516127432692363
2020233N14313,"Port of Iberia District, LA",2018,after,0.3086775175904412
2020233N14313,"Port of Iberia District, LA",2018,event30,0.3044602548593492
2020233N14313,"Port of Iberia District, LA",2022,storm,-0.1734611447150318
2020233N14313,"Port of Iberia District, LA",2022,after,-0.0100102461509704
2020233N14313,"Port of Iberia District, LA",2022,event30,-0.1422502257058172
2020233N14313,"Port of Iberia District, LA",2023,storm,-0.2348836277129498
2020233N14313,"Port of Iberia District, LA",2023,after,-0.0983092484049691
2020233N14313,"Port of Iberia District, LA",2023,event30,-0.0144973124390285
2020233N14313,"Sabine Pass Port Authority, TX",2015,storm,0.5276682698808639
2020233N14313,"Sabine Pass Port Authority, TX",2015,after,0.0762419768532067
2020233N14313,"Sabine Pass Port Authority, TX",2015,event30,0.1809120844383793
2020233N14313,"Sabine Pass Port Authority, TX",2016,storm,0.1369168036694799
2020233N14313,"Sabine Pass Port Authority, TX",2016,after,0.0968914607257195
2020233N14313,"Sabine Pass Port Authority, TX",2016,event30,-0.0469241274132462
2020233N14313,"Sabine Pass Port Authority, TX",2018,storm,0.1406595783346288
2020233N14313,"Sabine Pass Port Authority, TX",2018,after,0.2517465758811328
2020233N14313,"Sabine Pass Port Authority, TX",2018,event30,0.1768693302766214
2020233N14313,"Sabine Pass Port Authority, TX",2022,storm,-0.3655076696931061
2020233N14313,"Sabine Pass Port Authority, TX",2022,after,-0.2459260730450984
2020233N14313,"Sabine Pass Port Authority, TX",2022,event30,-0.1432884898067465
2020233N14313,"Sabine Pass Port Authority, TX",2023,storm,-0.1006933853004534
2020233N14313,"Sabine Pass Port Authority, TX",2023,after,-0.0575319496994117
2020233N14313,"Sabine Pass Port Authority, TX",2023,event30,-0.0726357250532518
2020233N14313,"Texas City, TX",2015,storm,-0.18792772393241
2020233N14313,"Texas City, TX",2015,after,-0.2711536469280513
2020233N14313,"Texas City, TX",2015,event30,-0.141805929122013
2020233N14313,"Texas City, TX",2016,storm,0.3236638602485477
2020233N14313,"Texas City, TX",2016,after,0.2239303240773678
2020233N14313,"Texas City, TX",2016,event30,0.1478339075587519
2020233N14313,"Texas City, TX",2018,storm,-0.0504318487752137
2020233N14313,"Texas City, TX",2018,after,0.1586198581450714
2020233N14313,"Texas City, TX",2018,event30,0.1716047715773952
2020233N14313,"Texas City, TX",2022,storm,0.1213810198731389
2020233N14313,"Texas City, TX",2022,after,0.0838414692149641
2020233N14313,"Texas City, TX",2022,event30,0.0511801383702015
2020233N14313,"Texas City, TX",2023,storm,-0.1090453545917781
2020233N14313,"Texas City, TX",2023,after,-0.1612065152305838
2020233N14313,"Texas City, TX",2023,event30,-0.1654173138203828
2020234N14280,"Greater Lafourche Port, LA",2015,storm,-0.2633218132637408
2020234N14280,"Greater Lafourche Port, LA",2015,after,-0.0432299961607654
2020234N14280,"Greater Lafourche Port, LA",2015,event30,-0.0979802674202387
2020234N14280,"Greater Lafourche Port, LA",2016,storm,0.0798848115542037
2020234N14280,"Greater Lafourche Port, LA",2016,after,-0.0594067989163655
2020234N14280,"Greater Lafourche Port, LA",2016,event30,0.0242439107562622
2020234N14280,"Greater Lafourche Port, LA",2022,storm,0.0290026660129293
2020234N14280,"Greater Lafourche Port, LA",2022,after,0.1337103873909418
2020234N14280,"Greater Lafourche Port, LA",2022,event30,0.0745570610107655
2020234N14280,"Greater Lafourche Port, LA",2023,storm,0.156242551240786
2020234N14280,"Greater Lafourche Port, LA",2023,after,-0.0288029046768965
2020234N14280,"Greater Lafourche Port, LA",2023,event30,0.0218203986599722
2020234N14280,"Lake Charles Harbor District, LA",2015,storm,0.2233811832952159
2020234N14280,"Lake Charles Harbor District, LA",2015,after,0.1809061149508457
2020234N14280,"Lake Charles Harbor District, LA",2015,event30,0.1294130651893696
2020234N14280,"Lake Charles Harbor District, LA",2016,storm,-0.1406901566390541
2020234N14280,"Lake Charles Harbor District, LA",2016,after,-0.1552194896410606
2020234N14280,"Lake Charles Harbor District, LA",2016,event30,-0.0748883225581442
2020234N14280,"Lake Charles Harbor District, LA",2018,storm,-0.2436140060205781
2020234N14280,"Lake Charles Harbor District, LA",2018,after,-0.1751346547430798
2020234N14280,"Lake Charles Harbor District, LA",2018,event30,-0.0864820382751783
2020234N14280,"Lake Charles Harbor District, LA",2022,storm,-0.0784878021022762
2020234N14280,"Lake Charles Harbor District, LA",2022,after,0.0379979050363878
2020234N14280,"Lake Charles Harbor District, LA",2022,event30,-0.0443982967763006
2020234N14280,"Lake Charles Harbor District, LA",2023,storm,-0.032351697066635
2020234N14280,"Lake Charles Harbor District, LA",2023,after,0.0199861362208669
2020234N14280,"Lake Charles Harbor District, LA",2023,event30,-0.0009819595848623
2020234N14280,"New Orleans, LA",2015,storm,0.0645998677361015
2020234N14280,"New Orleans, LA",2015,after,0.0934113227174092
2020234N14280,"New Orleans, LA",2015,event30,0.0654073179514537
2020234N14280,"New Orleans, LA",2016,storm,0.1358320662462491
2020234N14280,"New Orleans, LA",2016,after,-0.0135035523034036
2020234N14280,"New Orleans, LA",2016,event30,-0.031242733488111
2020234N14280,"New Orleans, LA",2022,storm,-0.0830007062957009
2020234N14280,"New Orleans, LA",2022,after,0.0988800693112252
2020234N14280,"New Orleans, LA",2022,event30,0.0765357245093217
2020234N14280,"New Orleans, LA",2023,storm,-0.0839638792490397
2020234N14280,"New Orleans, LA",2023,after,-0.057748653213886
2020234N14280,"New Orleans, LA",2023,event30,-0.0034332706438018
2020234N14280,"Orange County Nav District, TX",2015,storm,0.06047999276619
2020234N14280,"Orange County Nav District, TX",2015,after,0.0834811683556151
2020234N14280,"Orange County Nav District, TX",2015,event30,-0.1401503099987077
2020234N14280,"Orange County Nav District, TX",2016,storm,0.3387003240204995
2020234N14280,"Orange County Nav District, TX",2016,after,0.0284546507337834
2020234N14280,"Orange County Nav District, TX",2016,event30,0.1631157707744001
2020234N14280,"Orange County Nav District, TX",2018,storm,-0.1471173119307441
2020234N14280,"Orange County Nav District, TX",2018,after,-0.1102370296408449
2020234N14280,"Orange County Nav District, TX",2018,event30,0.0092666666537839
2020234N14280,"Orange County Nav District, TX",2022,storm,-0.3063965959767469
2020234N14280,"Orange County Nav District, TX",2022,after,-0.0895679004794487
2020234N14280,"Orange County Nav District, TX",2022,event30,0.0008688867215369
2020234N14280,"Orange County Nav District, TX",2023,storm,0.2488990831249167
2020234N14280,"Orange County Nav District, TX",2023,after,0.2478197388099137
2020234N14280,"Orange County Nav District, TX",2023,event30,0.092379764062581
2020234N14280,"Plaquemines Port District, LA",2015,storm,0.1665181660225845
2020234N14280,"Plaquemines Port District, LA",2015,after,0.1387797504178666
2020234N14280,"Plaquemines Port District, LA",2015,event30,0.0891731570435702
2020234N14280,"Plaquemines Port District, LA",2016,storm,-0.1437337892290671
2020234N14280,"Plaquemines Port District, LA",2016,after,-0.1093958533805971
2020234N14280,"Plaquemines Port District, LA",2016,event30,-0.040904229561727
2020234N14280,"Plaquemines Port District, LA",2022,storm,-0.0301231382243833
2020234N14280,"Plaquemines Port District, LA",2022,after,0.0677491159770691
2020234N14280,"Plaquemines Port District, LA",2022,event30,0.006750869855044
2020234N14280,"Plaquemines Port District, LA",2023,storm,-0.0700333028371279
2020234N14280,"Plaquemines Port District, LA",2023,after,-0.1084454693781682
2020234N14280,"Plaquemines Port District, LA",2023,event30,-0.0609143160658761
2020234N14280,"Port Arthur, TX",2015,storm,0.8499978911690356
2020234N14280,"Port Arthur, TX",2015,after,0.7896660432177787
2020234N14280,"Port Arthur, TX",2015,event30,0.5134419574628106
2020234N14280,"Port Arthur, TX",2016,storm,0.3850367740161881
2020234N14280,"Port Arthur, TX",2016,after,-0.3369657992780273
2020234N14280,"Port Arthur, TX",2016,event30,-0.0845860726668964
2020234N14280,"Port Arthur, TX",2018,storm,-0.5727511643568315
2020234N14280,"Port Arthur, TX",2018,after,-0.370035860505764
2020234N14280,"Port Arthur, TX",2018,event30,-0.2357694105477922
2020234N14280,"Port Arthur, TX",2022,storm,-0.173285392690194
2020234N14280,"Port Arthur, TX",2022,after,0.2242912457431993
2020234N14280,"Port Arthur, TX",2022,event30,0.2674132111796048
2020234N14280,"Port Arthur, TX",2023,storm,0.8297705868541171
2020234N14280,"Port Arthur, TX",2023,after,0.4206426707745058
2020234N14280,"Port Arthur, TX",2023,event30,0.2588656305886133
2020234N14280,"Port of Greater Baton Rouge, LA",2015,storm,-0.0046818399529225
2020234N14280,"Port of Greater Baton Rouge, LA",2015,after,0.2185235684352853
2020234N14280,"Port of Greater Baton Rouge, LA",2015,event30,0.0899433118847479
2020234N14280,"Port of Greater Baton Rouge, LA",2016,storm,-0.0897749928939838
2020234N14280,"Port of Greater Baton Rouge, LA",2016,after,-0.1526440259036391
2020234N14280,"Port of Greater Baton Rouge, LA",2016,event30,-0.1355065482907605
2020234N14280,"Port of Greater Baton Rouge, LA",2022,storm,0.170825276143488
2020234N14280,"Port of Greater Baton Rouge, LA",2022,after,0.2704751991917501
2020234N14280,"Port of Greater Baton Rouge, LA",2022,event30,0.2088901916605257
2020234N14280,"Port of Greater Baton Rouge, LA",2023,storm,-0.1456841986688078
2020234N14280,"Port of Greater Baton Rouge, LA",2023,after,-0.339723870671115
2020234N14280,"Port of Greater Baton Rouge, LA",2023,event30,-0.2130999902538619
2020234N14280,"Port of Iberia District, LA",2015,storm,-0.2310534876652079
2020234N14280,"Port of Iberia District, LA",2015,after,-0.0222556971533171
2020234N14280,"Port of Iberia District, LA",2015,event30,-0.1019889978251902
2020234N14280,"Port of Iberia District, LA",2016,storm,-0.0387764743714978
2020234N14280,"Port of Iberia District, LA",2016,after,-0.0110826118657034
2020234N14280,"Port of Iberia District, LA",2016,event30,-0.0144507739584759
2020234N14280,"Port of Iberia District, LA",2018,storm,0.4150981843611607
2020234N14280,"Port of Iberia District, LA",2018,after,0.2515563998573901
2020234N14280,"Port of Iberia District, LA",2018,event30,0.3162132386238147
2020234N14280,"Port of Iberia District, LA",2022,storm,-0.0335875748465525
2020234N14280,"Port of Iberia District, LA",2022,after,-0.008941239371046
2020234N14280,"Port of Iberia District, LA",2022,event30,-0.1031051025464996
2020234N14280,"Port of Iberia District, LA",2023,storm,-0.1496929186966958
2020234N14280,"Port of Iberia District, LA",2023,after,-0.1247685396320383
2020234N14280,"Port of Iberia District, LA",2023,event30,-0.0275170109024203
2020234N14280,"Port of Pascagoula, MS",2015,storm,0.1003681364195734
2020234N14280,"Port of Pascagoula, MS",2015,after,0.2123355602377065
2020234N14280,"Port of Pascagoula, MS",2015,event30,0.060221606296296
2020234N14280,"Port of Pascagoula, MS",2016,storm,0.0303283314443792
2020234N14280,"Port of Pascagoula, MS",2016,after,-0.3839190495446553
2020234N14280,"Port of Pascagoula, MS",2016,event30,-0.084043668840111
2020234N14280,"Port of Pascagoula, MS",2019,storm,-0.2706457577334642
2020234N14280,"Port of Pascagoula, MS",2019,after,0.0144114696279203
2020234N14280,"Port of Pascagoula, MS",2019,event30,-0.1185856291262109
2020234N14280,"Port of Pascagoula, MS",2022,storm,0.0277325817612316
2020234N14280,"Port of Pascagoula, MS",2022,after,-0.216790909652806
2020234N14280,"Port of Pascagoula, MS",2022,event30,-0.1787587165372003
2020234N14280,"Port of Pascagoula, MS",2023,storm,0.3166082196662244
2020234N14280,"Port of Pascagoula, MS",2023,after,0.173392995396393
2020234N14280,"Port of Pascagoula, MS",2023,event30,0.2464734382201739
2020234N14280,"Sabine Pass Port Authority, TX",2015,storm,0.3089478021390342
2020234N14280,"Sabine Pass Port Authority, TX",2015,after,0.1711119680575988
2020234N14280,"Sabine Pass Port Authority, TX",2015,event30,0.1815223083706273
2020234N14280,"Sabine Pass Port Authority, TX",2016,storm,-0.2959730764807208
2020234N14280,"Sabine Pass Port Authority, TX",2016,after,0.1006998907309724
2020234N14280,"Sabine Pass Port Authority, TX",2016,event30,-0.0308464315519934
2020234N14280,"Sabine Pass Port Authority, TX",2018,storm,0.0964613417165856
2020234N14280,"Sabine Pass Port Authority, TX",2018,after,0.2044125077199299
2020234N14280,"Sabine Pass Port Authority, TX",2018,event30,0.1757431740719162
2020234N14280,"Sabine Pass Port Authority, TX",2022,storm,-0.3679154443948657
2020234N14280,"Sabine Pass Port Authority, TX",2022,after,-0.2410090694408222
2020234N14280,"Sabine Pass Port Authority, TX",2022,event30,-0.1500007237695585
2020234N14280,"Sabine Pass Port Authority, TX",2023,storm,-0.0675135580226368
2020234N14280,"Sabine Pass Port Authority, TX",2023,after,-0.0629750345344163
2020234N14280,"Sabine Pass Port Authority, TX",2023,event30,-0.0932975978427945
2020234N14280,"South Louisiana, LA, Port of",2015,storm,0.1257696657226861
2020234N14280,"South Louisiana, LA, Port of",2015,after,0.3727184287079684
2020234N14280,"South Louisiana, LA, Port of",2015,event30,0.342220976836952
2020234N14280,"South Louisiana, LA, Port of",2016,storm,-0.0312542803886056
2020234N14280,"South Louisiana, LA, Port of",2016,after,-0.2185686209509828
2020234N14280,"South Louisiana, LA, Port of",2016,event30,-0.2871910100669717
2020234N14280,"South Louisiana, LA, Port of",2022,storm,0.0499893318778778
2020234N14280,"South Louisiana, LA, Port of",2022,after,-0.0058402080567494
2020234N14280,"South Louisiana, LA, Port of",2022,event30,0.0607332123791085
2020234N14280,"South Louisiana, LA, Port of",2023,storm,0.1725055311558151
2020234N14280,"South Louisiana, LA, Port of",2023,after,-0.0116901628347076
2020234N14280,"South Louisiana, LA, Port of",2023,event30,-0.0501723384154714
2020234N14280,"Terrebonne Parish Port, LA",2015,storm,-0.133336765960537
2020234N14280,"Terrebonne Parish Port, LA",2015,after,0.0538586843575701
2020234N14280,"Terrebonne Parish Port, LA",2015,event30,-0.0013679214828142
2020234N14280,"Terrebonne Parish Port, LA",2016,storm,-0.055150090749451
2020234N14280,"Terrebonne Parish Port, LA",2016,after,-0.1838624638457728
2020234N14280,"Terrebonne Parish Port, LA",2016,event30,-0.1203280950478658
2020234N14280,"Terrebonne Parish Port, LA",2018,storm,-0.1985230684434941
2020234N14280,"Terrebonne Parish Port, LA",2018,after,-0.1422876030124021
2020234N14280,"Terrebonne Parish Port, LA",2018,event30,-0.150605065235901
2020234N14280,"Terrebonne Parish Port, LA",2022,storm,0.2788360465780227
2020234N14280,"Terrebonne Parish Port, LA",2022,after,0.3745344987590545
2020234N14280,"Terrebonne Parish Port, LA",2022,event30,0.3104480456849053
2020234N14280,"Terrebonne Parish Port, LA",2023,storm,-0.0715713777746108
2020234N14280,"Terrebonne Parish Port, LA",2023,after,-0.0015454255278088
2020234N14280,"Terrebonne Parish Port, LA",2023,event30,0.0402583921234914
2020256N25281,"Mobile, AL",2015,storm,-0.2555053303661352
2020256N25281,"Mobile, AL",2015,after,-0.2426123581172633
2020256N25281,"Mobile, AL",2015,event30,-0.2911277054597716
2020256N25281,"Mobile, AL",2016,storm,0.0817339292835429
2020256N25281,"Mobile, AL",2016,after,-0.1708586663451736
2020256N25281,"Mobile, AL",2016,event30,-0.0761858963113545
2020256N25281,"Mobile, AL",2021,storm,-0.0555149087735136
2020256N25281,"Mobile, AL",2021,after,-0.0495829468473068
2020256N25281,"Mobile, AL",2021,event30,-0.0115365681257664
2020256N25281,"Mobile, AL",2022,storm,-0.0023967289894167
2020256N25281,"Mobile, AL",2022,after,0.0315337137783185
2020256N25281,"Mobile, AL",2022,event30,0.0418465151231788
2020256N25281,"Mobile, AL",2023,storm,0.1064766759994512
2020256N25281,"Mobile, AL",2023,after,0.3110133812162159
2020256N25281,"Mobile, AL",2023,event30,0.2021677320916011
2020256N25281,"New Orleans, LA",2015,storm,-0.1112088939646591
2020256N25281,"New Orleans, LA",2015,after,0.0396306474855097
2020256N25281,"New Orleans, LA",2015,event30,-0.0228541982011562
2020256N25281,"New Orleans, LA",2016,storm,0.0926956979843773
2020256N25281,"New Orleans, LA",2016,after,-0.0151947181687987
2020256N25281,"New Orleans, LA",2016,event30,-0.010608201836793
2020256N25281,"New Orleans, LA",2022,storm,0.0348159903232955
2020256N25281,"New Orleans, LA",2022,after,0.0707243210809306
2020256N25281,"New Orleans, LA",2022,event30,0.0252013231420595
2020256N25281,"New Orleans, LA",2023,storm,0.1522451108885313
2020256N25281,"New Orleans, LA",2023,after,-0.0142181475595877
2020256N25281,"New Orleans, LA",2023,event30,0.0561821248017917
2020256N25281,"Plaquemines Port District, LA",2015,storm,-0.0545920362643889
2020256N25281,"Plaquemines Port District, LA",2015,after,-0.0408799459066777
2020256N25281,"Plaquemines Port District, LA",2015,event30,-0.0027115443063271
2020256N25281,"Plaquemines Port District, LA",2016,storm,0.0730019644010405
2020256N25281,"Plaquemines Port District, LA",2016,after,0.0519382527890686
2020256N25281,"Plaquemines Port District, LA",2016,event30,0.012679897532332
2020256N25281,"Plaquemines Port District, LA",2022,storm,0.0330860747048301
2020256N25281,"Plaquemines Port District, LA",2022,after,0.0663425863255336
2020256N25281,"Plaquemines Port District, LA",2022,event30,0.0236347421227724
2020256N25281,"Plaquemines Port District, LA",2023,storm,-0.0589797989361871
2020256N25281,"Plaquemines Port District, LA",2023,after,-0.042572087550816
2020256N25281,"Plaquemines Port District, LA",2023,event30,-0.025997559344617
2020256N25281,"Port of Pascagoula, MS",2015,storm,-0.0844682357481282
2020256N25281,"Port of Pascagoula, MS",2015,after,-0.0836658984135285
2020256N25281,"Port of Pascagoula, MS",2015,event30,0.0821285373636195
2020256N25281,"Port of Pascagoula, MS",2016,storm,-0.0995758331371075
2020256N25281,"Port of Pascagoula, MS",2016,after,0.1263382000860495
2020256N25281,"Port of Pascagoula, MS",2016,event30,0.0230881355983881
2020256N25281,"Port of Pascagoula, MS",2022,storm,-0.0974321599343808
2020256N25281,"Port of Pascagoula, MS",2022,after,-0.0751364973017223
2020256N25281,"Port of Pascagoula, MS",2022,event30,-0.1141747343083547
2020256N25281,"Port of Pascagoula, MS",2023,storm,0.2705732906231216
2020256N25281,"Port of Pascagoula, MS",2023,after,0.0630056434522804
2020256N25281,"Port of Pascagoula, MS",2023,event30,0.0860840905733453
2020261N21265,"Beaumont, TX",2015,storm,-0.0671881834836828
2020261N21265,"Beaumont, TX",2015,after,-0.2023927533364065
2020261N21265,"Beaumont, TX",2015,event30,-0.0881597212424477
2020261N21265,"Beaumont, TX",2016,storm,0.0558561349892773
2020261N21265,"Beaumont, TX",2016,after,-0.4701179523267396
2020261N21265,"Beaumont, TX",2016,event30,-0.1690193430656754
2020261N21265,"Beaumont, TX",2018,storm,-0.1416332216509453
2020261N21265,"Beaumont, TX",2018,after,-0.240905758890011
2020261N21265,"Beaumont, TX",2018,event30,-0.1059655995484538
2020261N21265,"Beaumont, TX",2022,storm,-0.1668205431915367
2020261N21265,"Beaumont, TX",2022,after,0.2506154783597032
2020261N21265,"Beaumont, TX",2022,event30,0.0519605842802084
2020261N21265,"Beaumont, TX",2023,storm,-0.091898485894796
2020261N21265,"Beaumont, TX",2023,after,0.1369458930977948
2020261N21265,"Beaumont, TX",2023,event30,0.2120906839289011
2020261N21265,"Calhoun Port Authority, TX",2015,storm,-0.2694586381685318
2020261N21265,"Calhoun Port Authority, TX",2015,after,0.4025363961265534
2020261N21265,"Calhoun Port Authority, TX",2015,event30,0.0517532491105666
2020261N21265,"Calhoun Port Authority, TX",2016,storm,0.0672981667472563
2020261N21265,"Calhoun Port Authority, TX",2016,after,0.1208041235601482
2020261N21265,"Calhoun Port Authority, TX",2016,event30,0.0719011014385369
2020261N21265,"Calhoun Port Authority, TX",2018,storm,0.3727324606660724
2020261N21265,"Calhoun Port Authority, TX",2018,after,-0.1577979132705831
2020261N21265,"Calhoun Port Authority, TX",2018,event30,0.1700018032398082
2020261N21265,"Calhoun Port Authority, TX",2022,storm,-0.193102959152524
2020261N21265,"Calhoun Port Authority, TX",2022,after,-0.2760004395498905
2020261N21265,"Calhoun Port Authority, TX",2022,event30,-0.2590094653234142
2020261N21265,"Corpus Christi, TX",2015,storm,0.0044876303920829
2020261N21265,"Corpus Christi, TX",2015,after,-0.0137269289034927
2020261N21265,"Corpus Christi, TX",2015,event30,-0.0356347334487556
2020261N21265,"Corpus Christi, TX",2016,storm,0.1480126349988025
2020261N21265,"Corpus Christi, TX",2016,after,0.205486660277683
2020261N21265,"Corpus Christi, TX",2016,event30,0.203829487473077
2020261N21265,"Corpus Christi, TX",2018,storm,-0.0865245297426451
2020261N21265,"Corpus Christi, TX",2018,after,-0.0127300040337913
2020261N21265,"Corpus Christi, TX",2018,event30,-0.1821677475040028
2020261N21265,"Corpus Christi, TX",2022,storm,-0.0166368025542964
2020261N21265,"Corpus Christi, TX",2022,after,-0.1941795936225996
2020261N21265,"Corpus Christi, TX",2022,event30,-0.0333007632970607
2020261N21265,"Galveston, TX",2015,storm,-0.0305317746889642
2020261N21265,"Galveston, TX",2015,after,-0.0659314783548307
2020261N21265,"Galveston, TX",2015,event30,-0.0304199863934513
2020261N21265,"Galveston, TX",2016,storm,0.0434365374563623
2020261N21265,"Galveston, TX",2016,after,0.0143926745327483
2020261N21265,"Galveston, TX",2016,event30,0.0398272016071094
2020261N21265,"Galveston, TX",2018,storm,0.0368195543063082
2020261N21265,"Galveston, TX",2018,after,0.1171056044674128
2020261N21265,"Galveston, TX",2018,event30,0.0527424716549639
2020261N21265,"Galveston, TX",2022,storm,-0.0313993155228261
2020261N21265,"Galveston, TX",2022,after,-0.0938162342115988
2020261N21265,"Galveston, TX",2022,event30,-0.0558712366181384
2020261N21265,"Galveston, TX",2023,storm,0.02346620871404
2020261N21265,"Galveston, TX",2023,after,0.0384897527861087
2020261N21265,"Galveston, TX",2023,event30,0.0265534375885246
2020261N21265,"Houston Port Authority, TX",2015,storm,-0.0225106004734537
2020261N21265,"Houston Port Authority, TX",2015,after,0.0482501290013283
2020261N21265,"Houston Port Authority, TX",2015,event30,0.0408849791749096
2020261N21265,"Houston Port Authority, TX",2016,storm,0.0593222542767818
2020261N21265,"Houston Port Authority, TX",2016,after,0.0963378895067903
2020261N21265,"Houston Port Authority, TX",2016,event30,0.049216291626093
2020261N21265,"Houston Port Authority, TX",2018,storm,-0.0906925978860912
2020261N21265,"Houston Port Authority, TX",2018,after,-0.0091008937259988
2020261N21265,"Houston Port Authority, TX",2018,event30,-0.0431244032374875
2020261N21265,"Houston Port Authority, TX",2022,storm,-0.0360040096631393
2020261N21265,"Houston Port Authority, TX",2022,after,-0.1400832861691383
2020261N21265,"Houston Port Authority, TX",2022,event30,-0.047708129944445
2020261N21265,"Houston Port Authority, TX",2023,storm,0.0299875001473319
2020261N21265,"Houston Port Authority, TX",2023,after,-0.0460460885628092
2020261N21265,"Houston Port Authority, TX",2023,event30,0.0216710345152513
2020261N21265,"Lake Charles Harbor District, LA",2015,storm,-0.0445030476965212
2020261N21265,"Lake Charles Harbor District, LA",2015,after,-0.111552407504286
2020261N21265,"Lake Charles Harbor District, LA",2015,event30,-0.1312264822636413
2020261N21265,"Lake Charles Harbor District, LA",2016,storm,0.0644820854347819
2020261N21265,"Lake Charles Harbor District, LA",2016,after,0.0363821730167793
2020261N21265,"Lake Charles Harbor District, LA",2016,event30,0.0547816897986426
2020261N21265,"Lake Charles Harbor District, LA",2018,storm,0.0658964326252339
2020261N21265,"Lake Charles Harbor District, LA",2018,after,0.0516672471424683
2020261N21265,"Lake Charles Harbor District, LA",2018,event30,0.0949474862607288
2020261N21265,"Lake Charles Harbor District, LA",2022,storm,-0.0806114584949303
2020261N21265,"Lake Charles Harbor District, LA",2022,after,-0.1031499571911246
2020261N21265,"Lake Charles Harbor District, LA",2022,event30,-0.0588391024909451
2020261N21265,"Lake Charles Harbor District, LA",2023,storm,0.0038289114982938
2020261N21265,"Lake Charles Harbor District, LA",2023,after,0.0657756768739642
2020261N21265,"Lake Charles Harbor District, LA",2023,event30,0.0352133119071029
2020261N21265,"Orange County Nav District, TX",2015,storm,-0.3075064341082301
2020261N21265,"Orange County Nav District, TX",2015,after,-0.0841766831146471
2020261N21265,"Orange County Nav District, TX",2015,event30,-0.1837533815737548
2020261N21265,"Orange County Nav District, TX",2016,storm,0.3682114118105041
2020261N21265,"Orange County Nav District, TX",2016,after,0.0014560696754569
2020261N21265,"Orange County Nav District, TX",2016,event30,0.0556173798585497
2020261N21265,"Orange County Nav District, TX",2018,storm,0.2431780538910299
2020261N21265,"Orange County Nav District, TX",2018,after,0.0982100882387549
2020261N21265,"Orange County Nav District, TX",2018,event30,0.1018577312101835
2020261N21265,"Orange County Nav District, TX",2022,storm,-0.0152369235984117
2020261N21265,"Orange County Nav District, TX",2022,after,0.175603639202073
2020261N21265,"Orange County Nav District, TX",2022,event30,0.1095718850789942
2020261N21265,"Orange County Nav District, TX",2023,storm,-0.0719468807243053
2020261N21265,"Orange County Nav District, TX",2023,after,-0.0152648172303668
2020261N21265,"Orange County Nav District, TX",2023,event30,0.0742962445849619
2020261N21265,"Port Arthur, TX",2015,storm,0.5728598002733652
2020261N21265,"Port Arthur, TX",2015,after,0.1669084228425299
2020261N21265,"Port Arthur, TX",2015,event30,0.2498480577810886
2020261N21265,"Port Arthur, TX",2016,storm,0.0210776102628537
2020261N21265,"Port Arthur, TX",2016,after,-0.1981921296401938
2020261N21265,"Port Arthur, TX",2016,event30,-0.3030136230543632
2020261N21265,"Port Arthur, TX",2018,storm,0.0810473452457828
2020261N21265,"Port Arthur, TX",2018,after,0.2380009361409531
2020261N21265,"Port Arthur, TX",2018,event30,0.3169819055265831
2020261N21265,"Port Arthur, TX",2022,storm,-0.030608096926636
2020261N21265,"Port Arthur, TX",2022,after,0.1703069325563157
2020261N21265,"Port Arthur, TX",2022,event30,-0.0498766955664064
2020261N21265,"Port Arthur, TX",2023,storm,0.2318908705114424
2020261N21265,"Port Arthur, TX",2023,after,0.2329903733257369
2020261N21265,"Port Arthur, TX",2023,event30,0.3888746019393298
2020261N21265,"Port Freeport, TX",2015,storm,-0.0472348815195585
2020261N21265,"Port Freeport, TX",2015,after,0.1372879424134624
2020261N21265,"Port Freeport, TX",2015,event30,0.0297733776054048
2020261N21265,"Port Freeport, TX",2016,storm,-0.1435286758724764
2020261N21265,"Port Freeport, TX",2016,after,0.0210290664869935
2020261N21265,"Port Freeport, TX",2016,event30,0.0343240159866733
2020261N21265,"Port Freeport, TX",2018,storm,0.2293864305839651
2020261N21265,"Port Freeport, TX",2018,after,0.1812303539304702
2020261N21265,"Port Freeport, TX",2018,event30,0.134241976503451
2020261N21265,"Port Freeport, TX",2022,storm,-0.1354036082273806
2020261N21265,"Port Freeport, TX",2022,after,-0.0964204933868354
2020261N21265,"Port Freeport, TX",2022,event30,-0.0552561983856247
2020261N21265,"Port Freeport, TX",2023,storm,0.1200516227956391
2020261N21265,"Port Freeport, TX",2023,after,-0.1406403455986284
2020261N21265,"Port Freeport, TX",2023,event30,-0.0360211404577969
2020261N21265,"Port of Greater Baton Rouge, LA",2015,storm,0.1599757235426291
2020261N21265,"Port of Greater Baton Rouge, LA",2015,after,-0.1509664180039489
2020261N21265,"Port of Greater Baton Rouge, LA",2015,event30,-0.0263602590856042
2020261N21265,"Port of Greater Baton Rouge, LA",2016,storm,-0.0186309416021043
2020261N21265,"Port of Greater Baton Rouge, LA",2016,after,0.1756649823295368
2020261N21265,"Port of Greater Baton Rouge, LA",2016,event30,0.0389183607503569
2020261N21265,"Port of Greater Baton Rouge, LA",2022,storm,0.0805873218522602
2020261N21265,"Port of Greater Baton Rouge, LA",2022,after,-0.051518846602888
2020261N21265,"Port of Greater Baton Rouge, LA",2022,event30,-0.03695978897781
2020261N21265,"Port of Greater Baton Rouge, LA",2023,storm,-0.1383361552008091
2020261N21265,"Port of Greater Baton Rouge, LA",2023,after,0.0195943028777632
2020261N21265,"Port of Greater Baton Rouge, LA",2023,event30,0.0803845001832799
2020261N21265,"Port of Iberia District, LA",2015,storm,0.0363306089753206
2020261N21265,"Port of Iberia District, LA",2015,after,0.1922391222304031
2020261N21265,"Port of Iberia District, LA",2015,event30,0.0326162704005207
2020261N21265,"Port of Iberia District, LA",2016,storm,-0.0255205408399195
2020261N21265,"Port of Iberia District, LA",2016,after,-0.0206418179473984
2020261N21265,"Port of Iberia District, LA",2016,event30,-0.0314338367185204
2020261N21265,"Port of Iberia District, LA",2018,storm,-0.0354189837046993
2020261N21265,"Port of Iberia District, LA",2018,after,-0.0621064043966653
2020261N21265,"Port of Iberia District, LA",2018,event30,-0.0823806818774972
2020261N21265,"Port of Iberia District, LA",2022,storm,-0.1726178080820298
2020261N21265,"Port of Iberia District, LA",2022,after,-0.3170667532720101
2020261N21265,"Port of Iberia District, LA",2022,event30,-0.1557501355637918
2020261N21265,"Port of Iberia District, LA",2023,storm,0.070199702740877
2020261N21265,"Port of Iberia District, LA",2023,after,0.0694763935183803
2020261N21265,"Port of Iberia District, LA",2023,event30,0.1744081199005516
2020261N21265,"Sabine Pass Port Authority, TX",2015,storm,0.1127497923183348
2020261N21265,"Sabine Pass Port Authority, TX",2015,after,-0.1994958564678141
2020261N21265,"Sabine Pass Port Authority, TX",2015,event30,-0.0111804681657204
2020261N21265,"Sabine Pass Port Authority, TX",2016,storm,-0.329445091240912
2020261N21265,"Sabine Pass Port Authority, TX",2016,after,-0.4569144462836963
2020261N21265,"Sabine Pass Port Authority, TX",2016,event30,-0.2946966801056695
2020261N21265,"Sabine Pass Port Authority, TX",2018,storm,-0.0559246263014247
2020261N21265,"Sabine Pass Port Authority, TX",2018,after,0.082224393934349
2020261N21265,"Sabine Pass Port Authority, TX",2018,event30,-0.0003752112167123
2020261N21265,"Sabine Pass Port Authority, TX",2022,storm,0.1996719986937317
2020261N21265,"Sabine Pass Port Authority, TX",2022,after,0.0919066951059184
2020261N21265,"Sabine Pass Port Authority, TX",2022,event30,0.107711375463008
2020261N21265,"Sabine Pass Port Authority, TX",2023,storm,0.0664684984235123
2020261N21265,"Sabine Pass Port Authority, TX",2023,after,0.2322676998702403
2020261N21265,"Sabine Pass Port Authority, TX",2023,event30,0.1083099279156592
2020261N21265,"South Louisiana, LA, Port of",2015,storm,-0.2004230519797256
2020261N21265,"South Louisiana, LA, Port of",2015,after,-0.1259732558814322
2020261N21265,"South Louisiana, LA, Port of",2015,event30,0.0076903694266563
2020261N21265,"South Louisiana, LA, Port of",2016,storm,-0.2961683375090034
2020261N21265,"South Louisiana, LA, Port of",2016,after,-0.1926911516464483
2020261N21265,"South Louisiana, LA, Port of",2016,event30,-0.1645223390448089
2020261N21265,"South Louisiana, LA, Port of",2022,storm,0.1435381712141731
2020261N21265,"South Louisiana, LA, Port of",2022,after,0.1698281124349322
2020261N21265,"South Louisiana, LA, Port of",2022,event30,0.0479254138669253
2020261N21265,"South Louisiana, LA, Port of",2023,storm,0.2884599149297151
2020261N21265,"South Louisiana, LA, Port of",2023,after,0.0882059557803703
2020261N21265,"South Louisiana, LA, Port of",2023,event30,0.1120916559526035
2020261N21265,"Texas City, TX",2015,storm,0.169087175394858
2020261N21265,"Texas City, TX",2015,after,0.2751931205946992
2020261N21265,"Texas City, TX",2015,event30,0.1571271133456028
2020261N21265,"Texas City, TX",2016,storm,0.0410410765115365
2020261N21265,"Texas City, TX",2016,after,0.0596224080417441
2020261N21265,"Texas City, TX",2016,event30,0.0359252477549298
2020261N21265,"Texas City, TX",2018,storm,0.0058592174208194
2020261N21265,"Texas City, TX",2018,after,0.0940541632880278
2020261N21265,"Texas City, TX",2018,event30,0.0929391746456477
2020261N21265,"Texas City, TX",2022,storm,-0.0658128394076344
2020261N21265,"Texas City, TX",2022,after,-0.1122531974204595
2020261N21265,"Texas City, TX",2022,event30,-0.0698946495733261
2020261N21265,"Texas City, TX",2023,storm,-0.3321166048893671
2020261N21265,"Texas City, TX",2023,after,0.0019839310946507
2020261N21265,"Texas City, TX",2023,event30,-0.1557652979653678
2020279N16284,"Beaumont, TX",2015,storm,-0.0357543968438253
2020279N16284,"Beaumont, TX",2015,after,-0.2640676115587291
2020279N16284,"Beaumont, TX",2015,event30,-0.1264856858944573
2020279N16284,"Beaumont, TX",2016,storm,-0.1812718224321179
2020279N16284,"Beaumont, TX",2016,after,-0.3403329531358607
2020279N16284,"Beaumont, TX",2016,event30,-0.1163590234396337
2020279N16284,"Beaumont, TX",2018,storm,0.3009434398981911
2020279N16284,"Beaumont, TX",2018,after,0.1225857011727793
2020279N16284,"Beaumont, TX",2018,event30,0.1068680915335864
2020279N16284,"Beaumont, TX",2022,storm,-0.0118358366685083
2020279N16284,"Beaumont, TX",2022,after,0.012172051359299
2020279N16284,"Beaumont, TX",2022,event30,-0.0956860513943156
2020279N16284,"Beaumont, TX",2023,storm,-0.0278917537598827
2020279N16284,"Beaumont, TX",2023,after,0.2273333824804961
2020279N16284,"Beaumont, TX",2023,event30,0.2903819633449751
2020279N16284,"Galveston, TX",2015,storm,0.0500042384725599
2020279N16284,"Galveston, TX",2015,after,0.0749222669339996
2020279N16284,"Galveston, TX",2015,event30,0.0448459769949673
2020279N16284,"Galveston, TX",2016,storm,0.0544983652648955
2020279N16284,"Galveston, TX",2016,after,0.026707421732036
2020279N16284,"Galveston, TX",2016,event30,-0.0021767253142992
2020279N16284,"Galveston, TX",2018,storm,-0.0616614131012316
2020279N16284,"Galveston, TX",2018,after,0.0437947692925494
2020279N16284,"Galveston, TX",2018,event30,0.0717752988959169
2020279N16284,"Galveston, TX",2022,storm,-0.146335442249853
2020279N16284,"Galveston, TX",2022,after,-0.0567713237865263
2020279N16284,"Galveston, TX",2022,event30,-0.0484597206624297
2020279N16284,"Galveston, TX",2023,storm,0.0582404807286002
2020279N16284,"Galveston, TX",2023,after,0.0257278787545339
2020279N16284,"Galveston, TX",2023,event30,-0.0250442479378529
2020279N16284,"Lake Charles Harbor District, LA",2015,storm,-0.2550052046436231
2020279N16284,"Lake Charles Harbor District, LA",2015,after,-0.2047963438867876
2020279N16284,"Lake Charles Harbor District, LA",2015,event30,-0.1463975716676643
2020279N16284,"Lake Charles Harbor District, LA",2016,storm,-0.1159113841001467
2020279N16284,"Lake Charles Harbor District, LA",2016,after,0.0839276399976141
2020279N16284,"Lake Charles Harbor District, LA",2016,event30,0.0666053981971729
2020279N16284,"Lake Charles Harbor District, LA",2018,storm,-0.0983547587912213
2020279N16284,"Lake Charles Harbor District, LA",2018,after,0.1961708734622993
2020279N16284,"Lake Charles Harbor District, LA",2018,event30,0.1478234012514352
2020279N16284,"Lake Charles Harbor District, LA",2022,storm,-0.0361981523419991
2020279N16284,"Lake Charles Harbor District, LA",2022,after,-0.0423981393756473
2020279N16284,"Lake Charles Harbor District, LA",2022,event30,-0.0312029344942438
2020279N16284,"Lake Charles Harbor District, LA",2023,storm,0.0723202936789126
2020279N16284,"Lake Charles Harbor District, LA",2023,after,-0.094837408180724
2020279N16284,"Lake Charles Harbor District, LA",2023,event30,-0.0999877535799559
2020279N16284,"Orange County Nav District, TX",2015,storm,0.0157859639852718
2020279N16284,"Orange County Nav District, TX",2015,after,0.0313464610556306
2020279N16284,"Orange County Nav District, TX",2015,event30,-0.0360573316368927
2020279N16284,"Orange County Nav District, TX",2016,storm,-0.3752702222199245
2020279N16284,"Orange County Nav District, TX",2016,after,-0.014879662046379
2020279N16284,"Orange County Nav District, TX",2016,event30,-0.1055318420996274
2020279N16284,"Orange County Nav District, TX",2018,storm,0.1888344763617811
2020279N16284,"Orange County Nav District, TX",2018,after,-0.1447284860418279
2020279N16284,"Orange County Nav District, TX",2018,event30,-0.0808644192828722
2020279N16284,"Orange County Nav District, TX",2022,storm,0.0571455539713532
2020279N16284,"Orange County Nav District, TX",2022,after,0.0625471478473638
2020279N16284,"Orange County Nav District, TX",2022,event30,0.0497731706130388
2020279N16284,"Orange County Nav District, TX",2023,storm,-0.0580178437123489
2020279N16284,"Orange County Nav District, TX",2023,after,0.267590936483568
2020279N16284,"Orange County Nav District, TX",2023,event30,0.1262626115408291
2020279N16284,"Port Arthur, TX",2015,storm,0.8711064935523648
2020279N16284,"Port Arthur, TX",2015,after,-0.0154627473961184
2020279N16284,"Port Arthur, TX",2015,event30,0.0075030901784062
2020279N16284,"Port Arthur, TX",2016,storm,-0.7021693912980493
2020279N16284,"Port Arthur, TX",2016,after,-0.3690267907573359
2020279N16284,"Port Arthur, TX",2016,event30,-0.4372434974482845
2020279N16284,"Port Arthur, TX",2018,storm,1.086042903271372
2020279N16284,"Port Arthur, TX",2018,after,0.5755407583805356
2020279N16284,"Port Arthur, TX",2018,event30,0.6426830934454267
2020279N16284,"Port Arthur, TX",2022,storm,-0.3651262540718573
2020279N16284,"Port Arthur, TX",2022,after,-0.2908048404314851
2020279N16284,"Port Arthur, TX",2022,event30,-0.0016324813988503
2020279N16284,"Port Arthur, TX",2023,storm,0.7180906505983197
2020279N16284,"Port Arthur, TX",2023,after,0.4319838613842544
2020279N16284,"Port Arthur, TX",2023,event30,0.4988056253926234
2020279N16284,"Port Freeport, TX",2015,storm,0.1868742289900912
2020279N16284,"Port Freeport, TX",2015,after,0.0234332269130913
2020279N16284,"Port Freeport, TX",2015,event30,0.0179123182511475
2020279N16284,"Port Freeport, TX",2016,storm,0.0028045953748641
2020279N16284,"Port Freeport, TX",2016,after,0.1412673955308641
2020279N16284,"Port Freeport, TX",2016,event30,0.1638997489832054
2020279N16284,"Port Freeport, TX",2018,storm,0.0677413267863261
2020279N16284,"Port Freeport, TX",2018,after,-0.1027232159536815
2020279N16284,"Port Freeport, TX",2018,event30,-0.1366255427510334
2020279N16284,"Port Freeport, TX",2022,storm,0.1275120273399009
2020279N16284,"Port Freeport, TX",2022,after,0.0446641694173491
2020279N16284,"Port Freeport, TX",2022,event30,0.1585250157742743
2020279N16284,"Port Freeport, TX",2023,storm,-0.2524285717133873
2020279N16284,"Port Freeport, TX",2023,after,-0.146710533528313
2020279N16284,"Port Freeport, TX",2023,event30,-0.2233446562872406
2020279N16284,"Port of Greater Baton Rouge, LA",2015,storm,0.1655782267753759
2020279N16284,"Port of Greater Baton Rouge, LA",2015,after,0.0013738581036527
2020279N16284,"Port of Greater Baton Rouge, LA",2015,event30,-0.114425341241717
2020279N16284,"Port of Greater Baton Rouge, LA",2016,storm,-0.1492664058268551
2020279N16284,"Port of Greater Baton Rouge, LA",2016,after,0.154767426814324
2020279N16284,"Port of Greater Baton Rouge, LA",2016,event30,0.0500097203558174
2020279N16284,"Port of Greater Baton Rouge, LA",2022,storm,-0.0794825001385012
2020279N16284,"Port of Greater Baton Rouge, LA",2022,after,-0.241130321982098
2020279N16284,"Port of Greater Baton Rouge, LA",2022,event30,-0.1114179706695691
2020279N16284,"Port of Greater Baton Rouge, LA",2023,storm,0.3873488340956402
2020279N16284,"Port of Greater Baton Rouge, LA",2023,after,0.1275232928280011
2020279N16284,"Port of Greater Baton Rouge, LA",2023,event30,0.2699511031297539
2020279N16284,"Port of Iberia District, LA",2015,storm,0.0862471438727096
2020279N16284,"Port of Iberia District, LA",2015,after,-0.0953888725259881
2020279N16284,"Port of Iberia District, LA",2015,event30,-0.0968604135068401
2020279N16284,"Port of Iberia District, LA",2016,storm,-0.1938152521184609
2020279N16284,"Port of Iberia District, LA",2016,after,-0.0796561319102958
2020279N16284,"Port of Iberia District, LA",2016,event30,-0.1220110934137264
2020279N16284,"Port of Iberia District, LA",2018,storm,-0.4227601961099065
2020279N16284,"Port of Iberia District, LA",2018,after,-0.0752145951372624
2020279N16284,"Port of Iberia District, LA",2018,event30,-0.1588274603322182
2020279N16284,"Port of Iberia District, LA",2022,storm,0.0643466697334619
2020279N16284,"Port of Iberia District, LA",2022,after,0.130477955489072
2020279N16284,"Port of Iberia District, LA",2022,event30,0.0769359151023711
2020279N16284,"Port of Iberia District, LA",2023,storm,0.4566765806195161
2020279N16284,"Port of Iberia District, LA",2023,after,0.1310594698475347
2020279N16284,"Port of Iberia District, LA",2023,event30,0.164077979260404
2020279N16284,"Sabine Pass Port Authority, TX",2015,storm,0.071231873652505
2020279N16284,"Sabine Pass Port Authority, TX",2015,after,-0.0771250449076929
2020279N16284,"Sabine Pass Port Authority, TX",2015,event30,-0.1686807286956881
2020279N16284,"Sabine Pass Port Authority, TX",2016,storm,-0.1699899576401482
2020279N16284,"Sabine Pass Port Authority, TX",2016,after,-0.0981487566999832
2020279N16284,"Sabine Pass Port Authority, TX",2016,event30,-0.1095854999534635
2020279N16284,"Sabine Pass Port Authority, TX",2018,storm,0.105507503876387
2020279N16284,"Sabine Pass Port Authority, TX",2018,after,-0.0454128654689765
2020279N16284,"Sabine Pass Port Authority, TX",2018,event30,0.0052409178021494
2020279N16284,"Sabine Pass Port Authority, TX",2022,storm,-0.0881367764351106
2020279N16284,"Sabine Pass Port Authority, TX",2022,after,0.2139735344787556
2020279N16284,"Sabine Pass Port Authority, TX",2022,event30,0.1286785266596994
2020279N16284,"Sabine Pass Port Authority, TX",2023,storm,0.0739286306748679
2020279N16284,"Sabine Pass Port Authority, TX",2023,after,0.0609420847873015
2020279N16284,"Sabine Pass Port Authority, TX",2023,event30,0.0796081794013548
2020279N16284,"Texas City, TX",2015,storm,0.0043113225760291
2020279N16284,"Texas City, TX",2015,after,0.1616034994544493
2020279N16284,"Texas City, TX",2015,event30,0.0076282523922842
2020279N16284,"Texas City, TX",2016,storm,0.0315333784207574
2020279N16284,"Texas City, TX",2016,after,0.0084026087702493
2020279N16284,"Texas City, TX",2016,event30,0.0408742734640877
2020279N16284,"Texas City, TX",2018,storm,-0.2323276523168473
2020279N16284,"Texas City, TX",2018,after,-0.0879946288923743
2020279N16284,"Texas City, TX",2018,event30,-0.099241605998576
2020279N16284,"Texas City, TX",2022,storm,-0.0577553979125696
2020279N16284,"Texas City, TX",2022,after,0.0547734396781919
2020279N16284,"Texas City, TX",2022,event30,0.030339361610497
2020279N16284,"Texas City, TX",2023,storm,-0.0329515033408449
2020279N16284,"Texas City, TX",2023,after,-0.0204324523871428
2020279N16284,"Texas City, TX",2023,event30,-0.0285907056155815
2020299N18277,"Baltimore, MD",2015,storm,-0.1789768688299353
2020299N18277,"Baltimore, MD",2015,after,-0.0501913980000194
2020299N18277,"Baltimore, MD",2015,event30,-0.0194190731785798
2020299N18277,"Baltimore, MD",2016,storm,-0.1569221767831171
2020299N18277,"Baltimore, MD",2016,after,0.0585240556876438
2020299N18277,"Baltimore, MD",2016,event30,0.0508164111792528
2020299N18277,"Baltimore, MD",2017,storm,-0.0511222281986168
2020299N18277,"Baltimore, MD",2017,after,0.1209605729590637
2020299N18277,"Baltimore, MD",2017,event30,0.0610700947525185
2020299N18277,"Baltimore, MD",2022,storm,-0.1980406353932551
2020299N18277,"Baltimore, MD",2022,after,-0.040004439010161
2020299N18277,"Baltimore, MD",2022,event30,-0.0605688980965213
2020299N18277,"Greater Lafourche Port, LA",2015,storm,0.368834721682531
2020299N18277,"Greater Lafourche Port, LA",2015,after,0.1046430559256294
2020299N18277,"Greater Lafourche Port, LA",2015,event30,0.0533349326124242
2020299N18277,"Greater Lafourche Port, LA",2016,storm,-0.1843875357023962
2020299N18277,"Greater Lafourche Port, LA",2016,after,-0.0033806320147919
2020299N18277,"Greater Lafourche Port, LA",2016,event30,0.0548338470273887
2020299N18277,"Greater Lafourche Port, LA",2022,storm,0.1833399070472434
2020299N18277,"Greater Lafourche Port, LA",2022,after,-0.0808381325030109
2020299N18277,"Greater Lafourche Port, LA",2022,event30,-0.0541625627440935
2020299N18277,"Greater Lafourche Port, LA",2023,storm,0.1647027310117563
2020299N18277,"Greater Lafourche Port, LA",2023,after,0.0332825482748308
2020299N18277,"Greater Lafourche Port, LA",2023,event30,-0.0066559164204008
2020299N18277,"Mobile, AL",2015,storm,0.0735989562877441
2020299N18277,"Mobile, AL",2015,after,-0.0068120940214134
2020299N18277,"Mobile, AL",2015,event30,0.0457396327929874
2020299N18277,"Mobile, AL",2016,storm,-0.060622600999616
2020299N18277,"Mobile, AL",2016,after,0.0344131071069516
2020299N18277,"Mobile, AL",2016,event30,0.0018210199161083
2020299N18277,"Mobile, AL",2021,storm,-0.1999834121520499
2020299N18277,"Mobile, AL",2021,after,0.2160000595190065
2020299N18277,"Mobile, AL",2021,event30,0.1513527149747384
2020299N18277,"Mobile, AL",2022,storm,0.1460361158730544
2020299N18277,"Mobile, AL",2022,after,-0.1459031527591847
2020299N18277,"Mobile, AL",2022,event30,-0.1768333918490293
2020299N18277,"Mobile, AL",2023,storm,-0.2018419951990637
2020299N18277,"Mobile, AL",2023,after,-0.056483898784598
2020299N18277,"Mobile, AL",2023,event30,-0.0221196946188759
2020299N18277,"New Orleans, LA",2015,storm,-0.0540410491821098
2020299N18277,"New Orleans, LA",2015,after,-0.1269438413227933
2020299N18277,"New Orleans, LA",2015,event30,-0.0734200563390163
2020299N18277,"New Orleans, LA",2016,storm,0.1136662806660119
2020299N18277,"New Orleans, LA",2016,after,0.2425001098423455
2020299N18277,"New Orleans, LA",2016,event30,0.087173289271028
2020299N18277,"New Orleans, LA",2022,storm,0.0507554697459579
2020299N18277,"New Orleans, LA",2022,after,0.0197888193858391
2020299N18277,"New Orleans, LA",2022,event30,-0.1063269216352668
2020299N18277,"New Orleans, LA",2023,storm,-0.0136824031147907
2020299N18277,"New Orleans, LA",2023,after,-0.059169799643037
2020299N18277,"New Orleans, LA",2023,event30,0.1059802325857755
2020299N18277,"Philadelphia Regional Port, PA",2015,storm,0.5794343496614635
2020299N18277,"Philadelphia Regional Port, PA",2015,after,-0.1176695004975912
2020299N18277,"Philadelphia Regional Port, PA",2015,event30,0.0924887979158068
2020299N18277,"Philadelphia Regional Port, PA",2017,storm,0.1270120955650583
2020299N18277,"Philadelphia Regional Port, PA",2017,after,-0.0815888520405814
2020299N18277,"Philadelphia Regional Port, PA",2017,event30,-0.0092290328467314
2020299N18277,"Philadelphia Regional Port, PA",2019,storm,-0.4067277271546017
2020299N18277,"Philadelphia Regional Port, PA",2019,after,-0.1324933066030968
2020299N18277,"Philadelphia Regional Port, PA",2019,event30,-0.3288339603897153
2020299N18277,"Philadelphia Regional Port, PA",2022,storm,-0.1723624212661447
2020299N18277,"Philadelphia Regional Port, PA",2022,after,0.5630326010415277
2020299N18277,"Philadelphia Regional Port, PA",2022,event30,0.347547509536265
2020299N18277,"Plaquemines Port District, LA",2015,storm,0.059470491400087
2020299N18277,"Plaquemines Port District, LA",2015,after,-0.0112943215880662
2020299N18277,"Plaquemines Port District, LA",2015,event30,0.0116534974700187
2020299N18277,"Plaquemines Port District, LA",2016,storm,-0.0578928370873846
2020299N18277,"Plaquemines Port District, LA",2016,after,0.072512446858549
2020299N18277,"Plaquemines Port District, LA",2016,event30,0.0967657978498997
2020299N18277,"Plaquemines Port District, LA",2022,storm,0.053089953587443
2020299N18277,"Plaquemines Port District, LA",2022,after,-0.0521167167036801
2020299N18277,"Plaquemines Port District, LA",2022,event30,-0.0662715801197752
2020299N18277,"Plaquemines Port District, LA",2023,storm,0.0117151264042174
2020299N18277,"Plaquemines Port District, LA",2023,after,0.056754043868053
2020299N18277,"Plaquemines Port District, LA",2023,event30,0.0589499010077692
2020299N18277,"Port of Greater Baton Rouge, LA",2015,storm,-0.06980298486106
2020299N18277,"Port of Greater Baton Rouge, LA",2015,after,-0.2283700911752744
2020299N18277,"Port of Greater Baton Rouge, LA",2015,event30,-0.0005133829091981
2020299N18277,"Port of Greater Baton Rouge, LA",2016,storm,-0.203974102128439
2020299N18277,"Port of Greater Baton Rouge, LA",2016,after,0.1053156533983792
2020299N18277,"Port of Greater Baton Rouge, LA",2016,event30,0.0226588751549512
2020299N18277,"Port of Greater Baton Rouge, LA",2022,storm,0.0761962715115689
2020299N18277,"Port of Greater Baton Rouge, LA",2022,after,-0.0297610117716947
2020299N18277,"Port of Greater Baton Rouge, LA",2022,event30,0.0224646146632467
2020299N18277,"Port of Greater Baton Rouge, LA",2023,storm,0.251550385373807
2020299N18277,"Port of Greater Baton Rouge, LA",2023,after,0.2312502662631616
2020299N18277,"Port of Greater Baton Rouge, LA",2023,event30,0.0362215638109781
2020299N18277,"Port of Iberia District, LA",2015,storm,-0.0536119753074472
2020299N18277,"Port of Iberia District, LA",2015,after,-0.114192078772828
2020299N18277,"Port of Iberia District, LA",2015,event30,-0.0960145860697576
2020299N18277,"Port of Iberia District, LA",2016,storm,-0.0912743652281011
2020299N18277,"Port of Iberia District, LA",2016,after,-0.0348086004162312
2020299N18277,"Port of Iberia District, LA",2016,event30,0.0080645956463225
2020299N18277,"Port of Iberia District, LA",2018,storm,0.1965611950336868
2020299N18277,"Port of Iberia District, LA",2018,after,-0.1214134651359742
2020299N18277,"Port of Iberia District, LA",2018,event30,-0.1286604392576668
2020299N18277,"Port of Iberia District, LA",2022,storm,-0.0586150583561844
2020299N18277,"Port of Iberia District, LA",2022,after,0.0940699452639689
2020299N18277,"Port of Iberia District, LA",2022,event30,0.0532106432050143
2020299N18277,"Port of Iberia District, LA",2023,storm,0.0833280659645663
2020299N18277,"Port of Iberia District, LA",2023,after,0.019518073728932
2020299N18277,"Port of Iberia District, LA",2023,event30,0.0115619817188377
2020299N18277,"Port of Pascagoula, MS",2015,storm,0.2756652718528273
2020299N18277,"Port of Pascagoula, MS",2015,after,0.0618362101807146
2020299N18277,"Port of Pascagoula, MS",2015,event30,-0.0870163620550958
2020299N18277,"Port of Pascagoula, MS",2016,storm,-0.064671132219394
2020299N18277,"Port of Pascagoula, MS",2016,after,-0.3306089283470262
2020299N18277,"Port of Pascagoula, MS",2016,event30,-0.2231792071371355
2020299N18277,"Port of Pascagoula, MS",2022,storm,0.3322070885698189
2020299N18277,"Port of Pascagoula, MS",2022,after,0.3713331301760093
2020299N18277,"Port of Pascagoula, MS",2022,event30,0.2106105686166808
2020299N18277,"Port of Pascagoula, MS",2023,storm,-0.0914723662821341
2020299N18277,"Port of Pascagoula, MS",2023,after,0.0726671224157088
2020299N18277,"Port of Pascagoula, MS",2023,event30,0.1709414545657205
2020299N18277,"South Louisiana, LA, Port of",2015,storm,0.0971039151163928
2020299N18277,"South Louisiana, LA, Port of",2015,after,0.0377944240676925
2020299N18277,"South Louisiana, LA, Port of",2015,event30,-0.0375683724989528
2020299N18277,"South Louisiana, LA, Port of",2016,storm,0.2143070854462208
2020299N18277,"South Louisiana, LA, Port of",2016,after,0.1335129202821708
2020299N18277,"South Louisiana, LA, Port of",2016,event30,0.1796784863734784
2020299N18277,"South Louisiana, LA, Port of",2022,storm,-0.4050142316453469
2020299N18277,"South Louisiana, LA, Port of",2022,after,-0.1222208964062517
2020299N18277,"South Louisiana, LA, Port of",2022,event30,-0.105478858797332
2020299N18277,"South Louisiana, LA, Port of",2023,storm,-0.3218091150292367
2020299N18277,"South Louisiana, LA, Port of",2023,after,0.0907423929979664
2020299N18277,"South Louisiana, LA, Port of",2023,event30,0.0730226722165484
2020299N18277,"Terrebonne Parish Port, LA",2015,storm,-0.0555657587149569
2020299N18277,"Terrebonne Parish Port, LA",2015,after,0.0033441811869222
2020299N18277,"Terrebonne Parish Port, LA",2015,event30,0.0256103328961194
2020299N18277,"Terrebonne Parish Port, LA",2016,storm,-0.0061525417995394
2020299N18277,"Terrebonne Parish Port, LA",2016,after,0.0954947166893241
2020299N18277,"Terrebonne Parish Port, LA",2016,event30,0.3152170191290956
2020299N18277,"Terrebonne Parish Port, LA",2018,storm,0.2055175030053945
2020299N18277,"Terrebonne Parish Port, LA",2018,after,-0.0225240587824684
2020299N18277,"Terrebonne Parish Port, LA",2018,event30,-0.1031059042966557
2020299N18277,"Terrebonne Parish Port, LA",2022,storm,-0.0792289909485085
2020299N18277,"Terrebonne Parish Port, LA",2022,after,0.1221985945466019
2020299N18277,"Terrebonne Parish Port, LA",2022,event30,0.0489682779311484
2020299N18277,"Terrebonne Parish Port, LA",2023,storm,0.0376755945011772
2020299N18277,"Terrebonne Parish Port, LA",2023,after,0.0557590659230352
2020299N18277,"Terrebonne Parish Port, LA",2023,event30,-0.033716403413136
2020299N18277,"Virginia, VA, Port of",2015,storm,-0.0266729843167831
2020299N18277,"Virginia, VA, Port of",2015,after,0.0736396931984345
2020299N18277,"Virginia, VA, Port of",2015,event30,0.0157719907094522
2020299N18277,"Virginia, VA, Port of",2017,storm,0.0069407291835292
2020299N18277,"Virginia, VA, Port of",2017,after,0.0190455756264772
2020299N18277,"Virginia, VA, Port of",2017,event30,0.0493501334290932
2020299N18277,"Virginia, VA, Port of",2021,storm,-0.1979566117552003
2020299N18277,"Virginia, VA, Port of",2021,after,-0.0464575059634502
2020299N18277,"Virginia, VA, Port of",2021,event30,-0.051057339792854
2020299N18277,"Virginia, VA, Port of",2022,storm,-0.162518974392905
2020299N18277,"Virginia, VA, Port of",2022,after,-0.0790948390369106
2020299N18277,"Virginia, VA, Port of",2022,event30,-0.0751720826464532
2020306N15288,"Jacksonville, FL",2015,storm,0.1473334628741734
2020306N15288,"Jacksonville, FL",2015,after,0.0322182233210653
2020306N15288,"Jacksonville, FL",2015,event30,-0.0006036447584063
2020306N15288,"Jacksonville, FL",2018,storm,-0.1035978845090329
2020306N15288,"Jacksonville, FL",2018,after,-0.1036572471276276
2020306N15288,"Jacksonville, FL",2018,event30,-0.0277063263064863
2020306N15288,"Jacksonville, FL",2021,storm,0.1207129710144305
2020306N15288,"Jacksonville, FL",2021,after,0.0934418495291065
2020306N15288,"Jacksonville, FL",2021,event30,0.1045399388062722
2020306N15288,"Jacksonville, FL",2023,storm,0.1346632957537626
2020306N15288,"Jacksonville, FL",2023,after,-0.1178561888981534
2020306N15288,"Jacksonville, FL",2023,event30,-0.024005485533341
2020306N15288,"Manatee County Port, FL",2015,storm,0.1040880069001605
2020306N15288,"Manatee County Port, FL",2015,after,0.0157207863905567
2020306N15288,"Manatee County Port, FL",2015,event30,-0.2105954091566937
2020306N15288,"Manatee County Port, FL",2018,storm,0.1790405675183366
2020306N15288,"Manatee County Port, FL",2018,after,0.0128475854536724
2020306N15288,"Manatee County Port, FL",2018,event30,-0.0111858104490389
2020306N15288,"Manatee County Port, FL",2019,storm,-0.3907854894199855
2020306N15288,"Manatee County Port, FL",2019,after,0.0609406928821977
2020306N15288,"Manatee County Port, FL",2019,event30,0.0996554649565144
2020306N15288,"Manatee County Port, FL",2021,storm,0.6056259636868235
2020306N15288,"Manatee County Port, FL",2021,after,0.7662210114191638
2020306N15288,"Manatee County Port, FL",2021,event30,0.6399290042081054
2020306N15288,"Manatee County Port, FL",2023,storm,-0.5360820688312286
2020306N15288,"Manatee County Port, FL",2023,after,-0.4272767031379335
2020306N15288,"Manatee County Port, FL",2023,event30,-0.4043374673401853
2020306N15288,"Port Everglades, FL",2015,storm,-0.118267934277641
2020306N15288,"Port Everglades, FL",2015,after,0.1820995569613131
2020306N15288,"Port Everglades, FL",2015,event30,-0.0681340701337326
2020306N15288,"Port Everglades, FL",2018,storm,0.0917023644625406
2020306N15288,"Port Everglades, FL",2018,after,-0.0016113103977843
2020306N15288,"Port Everglades, FL",2018,event30,-0.0091672891664838
2020306N15288,"Port Everglades, FL",2019,storm,-0.310902672974733
2020306N15288,"Port Everglades, FL",2019,after,-0.2336214323056843
2020306N15288,"Port Everglades, FL",2019,event30,-0.0392682920073598
2020306N15288,"Port Everglades, FL",2021,storm,0.0073841779757659
2020306N15288,"Port Everglades, FL",2021,after,0.0576858959323544
2020306N15288,"Port Everglades, FL",2021,event30,0.0194750292553753
2020306N15288,"Port Everglades, FL",2023,storm,0.1813153526892659
2020306N15288,"Port Everglades, FL",2023,after,0.1328512421120246
2020306N15288,"Port Everglades, FL",2023,event30,0.1424096117293589
2020306N15288,"Port of Charleston, SC",2015,storm,0.0579908136400042
2020306N15288,"Port of Charleston, SC",2015,after,-0.0259853657071427
2020306N15288,"Port of Charleston, SC",2015,event30,0.0421037873188715
2020306N15288,"Port of Charleston, SC",2017,storm,0.1073407889240526
2020306N15288,"Port of Charleston, SC",2017,after,0.1002564756886779
2020306N15288,"Port of Charleston, SC",2017,event30,0.0572340423513449
2020306N15288,"Port of Charleston, SC",2021,storm,0.0134139751482019
2020306N15288,"Port of Charleston, SC",2021,after,-0.0437963034280739
2020306N15288,"Port of Charleston, SC",2021,event30,0.0038367158759526
2020306N15288,"Port of Charleston, SC",2023,storm,-0.0084499630676366
2020306N15288,"Port of Charleston, SC",2023,after,-0.099768320608861
2020306N15288,"Port of Charleston, SC",2023,event30,-0.0387468784646239
2020306N15288,"Port of Savannah, GA",2015,storm,-0.0539115467371872
2020306N15288,"Port of Savannah, GA",2015,after,-0.0619771462030855
2020306N15288,"Port of Savannah, GA",2015,event30,-0.0340946918344932
2020306N15288,"Port of Savannah, GA",2017,storm,0.2059693016694701
2020306N15288,"Port of Savannah, GA",2017,after,0.1215214328192912
2020306N15288,"Port of Savannah, GA",2017,event30,0.1084681178372395
2020306N15288,"Port of Savannah, GA",2021,storm,0.1159805245252642
2020306N15288,"Port of Savannah, GA",2021,after,-0.0224949073493604
2020306N15288,"Port of Savannah, GA",2021,event30,0.0183008157256153
2020306N15288,"Port of Savannah, GA",2023,storm,-0.0654913191885505
2020306N15288,"Port of Savannah, GA",2023,after,-0.0746046102209379
2020306N15288,"Port of Savannah, GA",2023,event30,-0.1156011684426472
2020306N15288,"PortMiami, FL",2015,storm,0.1495699411013881
2020306N15288,"PortMiami, FL",2015,after,0.0739533599879703
2020306N15288,"PortMiami, FL",2015,event30,0.0259241728826683
2020306N15288,"PortMiami, FL",2018,storm,-0.0281477594472665
2020306N15288,"PortMiami, FL",2018,after,-0.0836320213290313
2020306N15288,"PortMiami, FL",2018,event30,-0.0632284896980802
2020306N15288,"PortMiami, FL",2019,storm,-0.1225621573728486
2020306N15288,"PortMiami, FL",2019,after,-0.029157754368977
2020306N15288,"PortMiami, FL",2019,event30,-0.0428203789430176
2020306N15288,"PortMiami, FL",2021,storm,-0.0426974870958917
2020306N15288,"PortMiami, FL",2021,after,0.0475747891063397
2020306N15288,"PortMiami, FL",2021,event30,-0.0046444679328767
2020306N15288,"PortMiami, FL",2023,storm,0.0330972654681297
2020306N15288,"PortMiami, FL",2023,after,0.1341856312337578
2020306N15288,"PortMiami, FL",2023,event30,0.078736226411653
2020306N15288,"Tampa Port Authority, FL",2015,storm,-0.0071676758770497
2020306N15288,"Tampa Port Authority, FL",2015,after,0.048252901649046
2020306N15288,"Tampa Port Authority, FL",2015,event30,0.0198805528361918
2020306N15288,"Tampa Port Authority, FL",2018,storm,-0.1137101264232754
2020306N15288,"Tampa Port Authority, FL",2018,after,-0.014294193837869
2020306N15288,"Tampa Port Authority, FL",2018,event30,-0.0875317129684143
2020306N15288,"Tampa Port Authority, FL",2019,storm,-0.1555105476030125
2020306N15288,"Tampa Port Authority, FL",2019,after,-0.1860933309371901
2020306N15288,"Tampa Port Authority, FL",2019,event30,-0.0624492177661628
2020306N15288,"Tampa Port Authority, FL",2021,storm,0.2023677585835901
2020306N15288,"Tampa Port Authority, FL",2021,after,0.2347282740053225
2020306N15288,"Tampa Port Authority, FL",2021,event30,0.2527218518303133
2020306N15288,"Tampa Port Authority, FL",2023,storm,0.060500939396709
2020306N15288,"Tampa Port Authority, FL",2023,after,-0.0742182852667901
2020306N15288,"Tampa Port Authority, FL",2023,event30,-0.1226228009742187
2021169N23268,"Greater Lafourche Port, LA",2015,storm,0.2949645048451371
2021169N23268,"Greater Lafourche Port, LA",2015,after,0.0462702086655573
2021169N23268,"Greater Lafourche Port, LA",2015,event30,0.066811239143486
2021169N23268,"Greater Lafourche Port, LA",2016,storm,-0.0050047725799007
2021169N23268,"Greater Lafourche Port, LA",2016,after,-0.0909562953759488
2021169N23268,"Greater Lafourche Port, LA",2016,event30,-0.1287798259811041
2021169N23268,"Greater Lafourche Port, LA",2017,storm,0.032009018501235
2021169N23268,"Greater Lafourche Port, LA",2017,after,-0.0706739880515772
2021169N23268,"Greater Lafourche Port, LA",2017,event30,0.0611944657223534
2021169N23268,"Greater Lafourche Port, LA",2018,storm,-0.0724228178458693
2021169N23268,"Greater Lafourche Port, LA",2018,after,-0.0747271530465037
2021169N23268,"Greater Lafourche Port, LA",2018,event30,-0.0720330982622179
2021169N23268,"Greater Lafourche Port, LA",2022,storm,0.0179821744813029
2021169N23268,"Greater Lafourche Port, LA",2022,after,-0.0027220866830003
2021169N23268,"Greater Lafourche Port, LA",2022,event30,0.122085036371437
2021169N23268,"Greater Lafourche Port, LA",2023,storm,-0.0312598011280679
2021169N23268,"Greater Lafourche Port, LA",2023,after,0.0285505093816949
2021169N23268,"Greater Lafourche Port, LA",2023,event30,0.032540246282996
2021169N23268,"Mobile, AL",2015,storm,-0.1819347935241764
2021169N23268,"Mobile, AL",2015,after,0.1524530203252385
2021169N23268,"Mobile, AL",2015,event30,-0.0838033622941958
2021169N23268,"Mobile, AL",2016,storm,-0.1674195526977251
2021169N23268,"Mobile, AL",2016,after,0.0052134208980692
2021169N23268,"Mobile, AL",2016,event30,-0.0881560307164284
2021169N23268,"Mobile, AL",2017,storm,0.269582578130608
2021169N23268,"Mobile, AL",2017,after,0.0790232132044951
2021169N23268,"Mobile, AL",2017,event30,0.2010874361640147
2021169N23268,"Mobile, AL",2019,storm,-0.2439209438180885
2021169N23268,"Mobile, AL",2019,after,0.1012376242289493
2021169N23268,"Mobile, AL",2019,event30,0.0715737478833374
2021169N23268,"Mobile, AL",2022,storm,-0.1905526199201374
2021169N23268,"Mobile, AL",2022,after,-0.0141637449851295
2021169N23268,"Mobile, AL",2022,event30,-0.0016040209197519
2021169N23268,"Mobile, AL",2023,storm,0.0304617958388261
2021169N23268,"Mobile, AL",2023,after,-0.2023069376159168
2021169N23268,"Mobile, AL",2023,event30,-0.012425597634938
2021169N23268,"New Orleans, LA",2015,storm,0.1028605095999871
2021169N23268,"New Orleans, LA",2015,after,-0.0683614654766453
2021169N23268,"New Orleans, LA",2015,event30,0.0841939995058865
2021169N23268,"New Orleans, LA",2016,storm,-0.1703675113158063
2021169N23268,"New Orleans, LA",2016,after,-0.0456383778847397
2021169N23268,"New Orleans, LA",2016,event30,-0.0070077870282917
2021169N23268,"New Orleans, LA",2017,storm,-0.0739723509058993
2021169N23268,"New Orleans, LA",2017,after,-0.0433594973028428
2021169N23268,"New Orleans, LA",2017,event30,-0.0672948790202446
2021169N23268,"New Orleans, LA",2018,storm,-0.5695822142051031
2021169N23268,"New Orleans, LA",2018,after,-0.1995103064676642
2021169N23268,"New Orleans, LA",2018,event30,-0.2683776284190429
2021169N23268,"New Orleans, LA",2022,storm,0.2866741209861822
2021169N23268,"New Orleans, LA",2022,after,0.1005903966324466
2021169N23268,"New Orleans, LA",2022,event30,0.0158958526722972
2021169N23268,"New Orleans, LA",2023,storm,0.4639435394796261
2021169N23268,"New Orleans, LA",2023,after,0.3080001127091893
2021169N23268,"New Orleans, LA",2023,event30,0.3487939914708644
2021169N23268,"Plaquemines Port District, LA",2015,storm,0.0519382035548412
2021169N23268,"Plaquemines Port District, LA",2015,after,0.0815299055392431
2021169N23268,"Plaquemines Port District, LA",2015,event30,0.0315628813392513
2021169N23268,"Plaquemines Port District, LA",2016,storm,-0.0520074683914727
2021169N23268,"Plaquemines Port District, LA",2016,after,-0.0700745697857644
2021169N23268,"Plaquemines Port District, LA",2016,event30,-0.0607483644424344
2021169N23268,"Plaquemines Port District, LA",2017,storm,0.0223866238907083
2021169N23268,"Plaquemines Port District, LA",2017,after,-0.01583278455752
2021169N23268,"Plaquemines Port District, LA",2017,event30,0.0199933964208181
2021169N23268,"Plaquemines Port District, LA",2018,storm,0.1984325556227623
2021169N23268,"Plaquemines Port District, LA",2018,after,0.1126445960384668
2021169N23268,"Plaquemines Port District, LA",2018,event30,0.0870885953417382
2021169N23268,"Plaquemines Port District, LA",2022,storm,-0.1745749419498198
2021169N23268,"Plaquemines Port District, LA",2022,after,-0.099536162636797
2021169N23268,"Plaquemines Port District, LA",2022,event30,-0.0631125498478207
2021169N23268,"Plaquemines Port District, LA",2023,storm,0.0248665691571945
2021169N23268,"Plaquemines Port District, LA",2023,after,0.018870634289032
2021169N23268,"Plaquemines Port District, LA",2023,event30,0.000743397030798
2021169N23268,"Port of Charleston, SC",2017,storm,0.122842639832946
2021169N23268,"Port of Charleston, SC",2017,after,0.0137145629763392
2021169N23268,"Port of Charleston, SC",2017,event30,0.0255822186561364
2021169N23268,"Port of Charleston, SC",2018,storm,-0.0031429885058137
2021169N23268,"Port of Charleston, SC",2018,after,-0.0971447923701882
2021169N23268,"Port of Charleston, SC",2018,event30,-0.1366266803483267
2021169N23268,"Port of Charleston, SC",2019,storm,-0.0108842445456474
2021169N23268,"Port of Charleston, SC",2019,after,-0.0388832733502583
2021169N23268,"Port of Charleston, SC",2019,event30,-0.0300731806164426
2021169N23268,"Port of Charleston, SC",2023,storm,0.0079293926194843
2021169N23268,"Port of Charleston, SC",2023,after,0.135139922999429
2021169N23268,"Port of Charleston, SC",2023,event30,0.1299912858792258
2021169N23268,"Port of Greater Baton Rouge, LA",2015,storm,0.0944607662151275
2021169N23268,"Port of Greater Baton Rouge, LA",2015,after,-0.0920981024135127
2021169N23268,"Port of Greater Baton Rouge, LA",2015,event30,-0.0844833582638886
2021169N23268,"Port of Greater Baton Rouge, LA",2016,storm,-0.2431765755612411
2021169N23268,"Port of Greater Baton Rouge, LA",2016,after,-0.0916238469538016
2021169N23268,"Port of Greater Baton Rouge, LA",2016,event30,-0.0073129065874352
2021169N23268,"Port of Greater Baton Rouge, LA",2018,storm,0.1557590824948596
2021169N23268,"Port of Greater Baton Rouge, LA",2018,after,-0.0744228572910545
2021169N23268,"Port of Greater Baton Rouge, LA",2018,event30,-0.0075550851767289
2021169N23268,"Port of Greater Baton Rouge, LA",2022,storm,0.012346850635867
2021169N23268,"Port of Greater Baton Rouge, LA",2022,after,0.1123612926794976
2021169N23268,"Port of Greater Baton Rouge, LA",2022,event30,0.0259043174786856
2021169N23268,"Port of Greater Baton Rouge, LA",2023,storm,0.0523826091173193
2021169N23268,"Port of Greater Baton Rouge, LA",2023,after,0.0204592189958037
2021169N23268,"Port of Greater Baton Rouge, LA",2023,event30,0.1669285657960505
2021169N23268,"Port of Iberia District, LA",2015,storm,-0.1929691727793148
2021169N23268,"Port of Iberia District, LA",2015,after,-0.3003573822609393
2021169N23268,"Port of Iberia District, LA",2015,event30,-0.2530099082096088
2021169N23268,"Port of Iberia District, LA",2016,storm,0.15146451744299
2021169N23268,"Port of Iberia District, LA",2016,after,0.1912306880861726
2021169N23268,"Port of Iberia District, LA",2016,event30,0.3376813117610111
2021169N23268,"Port of Iberia District, LA",2018,storm,-0.10110660400479
2021169N23268,"Port of Iberia District, LA",2018,after,0.0309404096614034
2021169N23268,"Port of Iberia District, LA",2018,event30,-0.0944569587628594
2021169N23268,"Port of Iberia District, LA",2022,storm,0.0189335255603285
2021169N23268,"Port of Iberia District, LA",2022,after,-0.1065129568635846
2021169N23268,"Port of Iberia District, LA",2022,event30,-0.1794225685259595
2021169N23268,"Port of Iberia District, LA",2023,storm,0.0963503644298806
2021169N23268,"Port of Iberia District, LA",2023,after,0.0388247294649816
2021169N23268,"Port of Iberia District, LA",2023,event30,0.0029395243644587
2021169N23268,"Port of Pascagoula, MS",2015,storm,-0.0334328597810132
2021169N23268,"Port of Pascagoula, MS",2015,after,-0.1653001563196797
2021169N23268,"Port of Pascagoula, MS",2015,event30,-0.1308877357961896
2021169N23268,"Port of Pascagoula, MS",2016,storm,0.1297271785269071
2021169N23268,"Port of Pascagoula, MS",2016,after,0.2225918456518169
2021169N23268,"Port of Pascagoula, MS",2016,event30,0.1144127163055453
2021169N23268,"Port of Pascagoula, MS",2017,storm,0.449118467517675
2021169N23268,"Port of Pascagoula, MS",2017,after,0.3564311576697804
2021169N23268,"Port of Pascagoula, MS",2017,event30,0.3270137783484058
2021169N23268,"Port of Pascagoula, MS",2019,storm,-0.1720130147546428
2021169N23268,"Port of Pascagoula, MS",2019,after,-0.2621811810381871
2021169N23268,"Port of Pascagoula, MS",2019,event30,-0.1862607623936497
2021169N23268,"Port of Pascagoula, MS",2022,storm,-0.1778983122940377
2021169N23268,"Port of Pascagoula, MS",2022,after,-0.0082864841264963
2021169N23268,"Port of Pascagoula, MS",2022,event30,0.0260220047703396
2021169N23268,"Port of Pascagoula, MS",2023,storm,0.056764955372409
2021169N23268,"Port of Pascagoula, MS",2023,after,0.0606199873233601
2021169N23268,"Port of Pascagoula, MS",2023,event30,0.1197403039923353
2021169N23268,"South Louisiana, LA, Port of",2015,storm,0.4429132176021215
2021169N23268,"South Louisiana, LA, Port of",2015,after,0.4965144651575833
2021169N23268,"South Louisiana, LA, Port of",2015,event30,0.1593362100891229
2021169N23268,"South Louisiana, LA, Port of",2016,storm,-0.0845849807780142
2021169N23268,"South Louisiana, LA, Port of",2016,after,-0.0831751118872878
2021169N23268,"South Louisiana, LA, Port of",2016,event30,0.0316494681484948
2021169N23268,"South Louisiana, LA, Port of",2017,storm,-0.2856460040434134
2021169N23268,"South Louisiana, LA, Port of",2017,after,-0.1983648341837574
2021169N23268,"South Louisiana, LA, Port of",2017,event30,0.0231767110370408
2021169N23268,"South Louisiana, LA, Port of",2018,storm,0.3648250731327092
2021169N23268,"South Louisiana, LA, Port of",2018,after,0.2884947982231727
2021169N23268,"South Louisiana, LA, Port of",2018,event30,0.2446362219422552
2021169N23268,"South Louisiana, LA, Port of",2022,storm,-0.0358719169920016
2021169N23268,"South Louisiana, LA, Port of",2022,after,-0.2621203963389507
2021169N23268,"South Louisiana, LA, Port of",2022,event30,-0.2492078707826334
2021169N23268,"South Louisiana, LA, Port of",2023,storm,-0.1757633529691435
2021169N23268,"South Louisiana, LA, Port of",2023,after,0.1968637623137589
2021169N23268,"South Louisiana, LA, Port of",2023,event30,-0.0142336250236783
2021169N23268,"Terrebonne Parish Port, LA",2015,storm,0.02359233894666
2021169N23268,"Terrebonne Parish Port, LA",2015,after,-0.0682480089082691
2021169N23268,"Terrebonne Parish Port, LA",2015,event30,-0.0455539135754217
2021169N23268,"Terrebonne Parish Port, LA",2016,storm,-0.0839073117131229
2021169N23268,"Terrebonne Parish Port, LA",2016,after,-0.1403247114078248
2021169N23268,"Terrebonne Parish Port, LA",2016,event30,0.0127531977773446
2021169N23268,"Terrebonne Parish Port, LA",2017,storm,0.0206625054837165
2021169N23268,"Terrebonne Parish Port, LA",2017,after,-0.0808686471802332
2021169N23268,"Terrebonne Parish Port, LA",2017,event30,0.0345093071378387
2021169N23268,"Terrebonne Parish Port, LA",2018,storm,-0.2480028696195162
2021169N23268,"Terrebonne Parish Port, LA",2018,after,0.1247374272188511
2021169N23268,"Terrebonne Parish Port, LA",2018,event30,0.0663772754158328
2021169N23268,"Terrebonne Parish Port, LA",2022,storm,-0.208586842814803
2021169N23268,"Terrebonne Parish Port, LA",2022,after,-0.1783256016818362
2021169N23268,"Terrebonne Parish Port, LA",2022,event30,-0.2107977366081179
2021169N23268,"Terrebonne Parish Port, LA",2023,storm,0.1081008808412239
2021169N23268,"Terrebonne Parish Port, LA",2023,after,0.0403424661606255
2021169N23268,"Terrebonne Parish Port, LA",2023,event30,0.0726804720353962
2021169N23268,"Virginia, VA, Port of",2017,storm,0.1719704838194083
2021169N23268,"Virginia, VA, Port of",2017,after,0.0919952980630079
2021169N23268,"Virginia, VA, Port of",2017,event30,0.0950481590403943
2021169N23268,"Virginia, VA, Port of",2018,storm,0.0031243857479427
2021169N23268,"Virginia, VA, Port of",2018,after,-0.1687439077048148
2021169N23268,"Virginia, VA, Port of",2018,event30,-0.1437960509356433
2021169N23268,"Virginia, VA, Port of",2019,storm,-0.0298523321822117
2021169N23268,"Virginia, VA, Port of",2019,after,0.1790624122939766
2021169N23268,"Virginia, VA, Port of",2019,event30,0.1016238344684891
2021169N23268,"Virginia, VA, Port of",2022,storm,0.0413658590717199
2021169N23268,"Virginia, VA, Port of",2022,after,0.1446811474518478
2021169N23268,"Virginia, VA, Port of",2022,event30,0.0785764194671076
2021169N23268,"Virginia, VA, Port of",2023,storm,-0.095289961995094
2021169N23268,"Virginia, VA, Port of",2023,after,-0.0313481244273255
2021169N23268,"Virginia, VA, Port of",2023,event30,-0.0558299619327257
2021169N23268,"Wilmington, NC",2017,storm,0.0220135022005223
2021169N23268,"Wilmington, NC",2017,after,-0.3240580268727233
2021169N23268,"Wilmington, NC",2017,event30,-0.2185279904601377
2021169N23268,"Wilmington, NC",2018,storm,0.1475238455211665
2021169N23268,"Wilmington, NC",2018,after,-0.070596369492917
2021169N23268,"Wilmington, NC",2018,event30,0.1512686152938712
2021169N23268,"Wilmington, NC",2019,storm,-0.1893458452110523
2021169N23268,"Wilmington, NC",2019,after,-0.1110599336727662
2021169N23268,"Wilmington, NC",2019,event30,-0.1324344378201346
2021169N23268,"Wilmington, NC",2023,storm,0.0714130875842272
2021169N23268,"Wilmington, NC",2023,after,0.1636713710206007
2021169N23268,"Wilmington, NC",2023,event30,0.1912659016896441
2021179N30287,"Port of Brunswick, GA",2015,storm,0.0656602933915971
2021179N30287,"Port of Brunswick, GA",2015,after,-0.1597522752969139
2021179N30287,"Port of Brunswick, GA",2015,event30,-0.135271245297359
2021179N30287,"Port of Brunswick, GA",2017,storm,0.638965213928906
2021179N30287,"Port of Brunswick, GA",2017,after,0.3005772205187803
2021179N30287,"Port of Brunswick, GA",2017,event30,0.3654406472265749
2021179N30287,"Port of Brunswick, GA",2018,storm,-0.1360692981853391
2021179N30287,"Port of Brunswick, GA",2018,after,0.0122803661807996
2021179N30287,"Port of Brunswick, GA",2018,event30,-0.1823289067423196
2021179N30287,"Port of Brunswick, GA",2019,storm,0.0849815148504194
2021179N30287,"Port of Brunswick, GA",2019,after,-0.0205322165316034
2021179N30287,"Port of Brunswick, GA",2019,event30,0.0195350975524594
2021179N30287,"Port of Brunswick, GA",2023,storm,0.0639218744545014
2021179N30287,"Port of Brunswick, GA",2023,after,0.041909855464613
2021179N30287,"Port of Brunswick, GA",2023,event30,0.1341513895588791
2021179N30287,"Port of Charleston, SC",2017,storm,-0.0908258293924659
2021179N30287,"Port of Charleston, SC",2017,after,-0.037259305971571
2021179N30287,"Port of Charleston, SC",2017,event30,-0.1028503123257648
2021179N30287,"Port of Charleston, SC",2018,storm,-0.0395517426498303
2021179N30287,"Port of Charleston, SC",2018,after,-0.1463957633028345
2021179N30287,"Port of Charleston, SC",2018,event30,-0.1738459357275751
2021179N30287,"Port of Charleston, SC",2019,storm,0.040388848939362
2021179N30287,"Port of Charleston, SC",2019,after,-0.0666711638412498
2021179N30287,"Port of Charleston, SC",2019,event30,0.0679914334275666
2021179N30287,"Port of Charleston, SC",2023,storm,0.1402936072464717
2021179N30287,"Port of Charleston, SC",2023,after,0.1655141715320556
2021179N30287,"Port of Charleston, SC",2023,event30,0.2059065765855579
2021179N30287,"Port of Savannah, GA",2015,storm,0.0279840487804951
2021179N30287,"Port of Savannah, GA",2015,after,0.0334822894850225
2021179N30287,"Port of Savannah, GA",2015,event30,0.0598840053943484
2021179N30287,"Port of Savannah, GA",2017,storm,0.0631099170504699
2021179N30287,"Port of Savannah, GA",2017,after,0.0023806146143728
2021179N30287,"Port of Savannah, GA",2017,event30,0.0157616354990524
2021179N30287,"Port of Savannah, GA",2018,storm,0.1060671677044447
2021179N30287,"Port of Savannah, GA",2018,after,0.0257748930701964
2021179N30287,"Port of Savannah, GA",2018,event30,-0.0409001527415569
2021179N30287,"Port of Savannah, GA",2019,storm,0.1191141278865864
2021179N30287,"Port of Savannah, GA",2019,after,0.1243511878839806
2021179N30287,"Port of Savannah, GA",2019,event30,0.0596127085862882
2021179N30287,"Port of Savannah, GA",2023,storm,-0.1689699023926728
2021179N30287,"Port of Savannah, GA",2023,after,-0.1146524642000584
2021179N30287,"Port of Savannah, GA",2023,event30,-0.0092811289220682
2021182N09317,"Baltimore, MD",2016,storm,-0.0482277619816809
2021182N09317,"Baltimore, MD",2016,after,0.078404344435022
2021182N09317,"Baltimore, MD",2016,event30,0.0512156072882285
2021182N09317,"Baltimore, MD",2018,storm,-0.0411952256097317
2021182N09317,"Baltimore, MD",2018,after,-0.1988229902637308
2021182N09317,"Baltimore, MD",2018,event30,-0.1565862791533931
2021182N09317,"Baltimore, MD",2019,storm,0.0228775235087386
2021182N09317,"Baltimore, MD",2019,after,0.0317921268084559
2021182N09317,"Baltimore, MD",2019,event30,0.0209651441182494
2021182N09317,"Baltimore, MD",2022,storm,-0.1310317140733395
2021182N09317,"Baltimore, MD",2022,after,0.0982108565708495
2021182N09317,"Baltimore, MD",2022,event30,0.1449416993589348
2021182N09317,"Baltimore, MD",2023,storm,0.0009596015523514
2021182N09317,"Baltimore, MD",2023,after,0.0128213671485416
2021182N09317,"Baltimore, MD",2023,event30,-0.0231888144892567
2021182N09317,"Boston, MA",2016,storm,-0.1905047386857304
2021182N09317,"Boston, MA",2016,after,-0.0599263254072288
2021182N09317,"Boston, MA",2016,event30,-0.0701563344131853
2021182N09317,"Boston, MA",2017,storm,0.4005273039289556
2021182N09317,"Boston, MA",2017,after,0.1931306276661651
2021182N09317,"Boston, MA",2017,event30,0.2144378484081528
2021182N09317,"Boston, MA",2018,storm,-0.1889367886037981
2021182N09317,"Boston, MA",2018,after,-0.3535937242595564
2021182N09317,"Boston, MA",2018,event30,-0.284241538249023
2021182N09317,"Boston, MA",2019,storm,0.0274317734054375
2021182N09317,"Boston, MA",2019,after,-0.1406094406193781
2021182N09317,"Boston, MA",2019,event30,-0.1853238788531848
2021182N09317,"Boston, MA",2020,storm,0.2695284422645241
2021182N09317,"Boston, MA",2020,after,-0.085721267041564
2021182N09317,"Boston, MA",2020,event30,-0.0839904910647734
2021182N09317,"Boston, MA",2022,storm,0.679463168736365
2021182N09317,"Boston, MA",2022,after,0.2425698262499601
2021182N09317,"Boston, MA",2022,event30,0.2950458431959884
2021182N09317,"Boston, MA",2023,storm,-0.185184194878967
2021182N09317,"Boston, MA",2023,after,0.0787586298783868
2021182N09317,"Boston, MA",2023,event30,0.0994710400184049
2021182N09317,"Bridgeport, CT",2016,storm,0.2134208010964998
2021182N09317,"Bridgeport, CT",2016,after,0.2193191824724246
2021182N09317,"Bridgeport, CT",2016,event30,0.0565184553851015
2021182N09317,"Bridgeport, CT",2017,storm,0.2785201700728336
2021182N09317,"Bridgeport, CT",2017,after,0.3987483267683566
2021182N09317,"Bridgeport, CT",2017,event30,0.1670890015325312
2021182N09317,"Bridgeport, CT",2018,storm,0.3261088510109059
2021182N09317,"Bridgeport, CT",2018,after,-0.3346548084045911
2021182N09317,"Bridgeport, CT",2018,event30,-0.1609877528553587
2021182N09317,"Bridgeport, CT",2019,storm,0.3874984425772759
2021182N09317,"Bridgeport, CT",2019,after,0.4581165847086815
2021182N09317,"Bridgeport, CT",2019,event30,0.1887066230436528
2021182N09317,"Bridgeport, CT",2022,storm,-0.1930732831206195
2021182N09317,"Bridgeport, CT",2022,after,-0.2993439731998317
2021182N09317,"Bridgeport, CT",2022,event30,-0.3934546549804331
2021182N09317,"Bridgeport, CT",2023,storm,-0.2564249465223715
2021182N09317,"Bridgeport, CT",2023,after,-0.3569585272344107
2021182N09317,"Bridgeport, CT",2023,event30,-0.2446152674002174
2021182N09317,"Jacksonville, FL",2015,storm,-0.0624505129041813
2021182N09317,"Jacksonville, FL",2015,after,-0.0677393901043068
2021182N09317,"Jacksonville, FL",2015,event30,-0.0689271431145046
2021182N09317,"Jacksonville, FL",2017,storm,0.0061399350731848
2021182N09317,"Jacksonville, FL",2017,after,-0.0601618684590131
2021182N09317,"Jacksonville, FL",2017,event30,-0.0398715996577859
2021182N09317,"Jacksonville, FL",2018,storm,0.036921210635371
2021182N09317,"Jacksonville, FL",2018,after,-0.0545596989244586
2021182N09317,"Jacksonville, FL",2018,event30,-0.0801265592686163
2021182N09317,"Jacksonville, FL",2019,storm,0.056176003158643
2021182N09317,"Jacksonville, FL",2019,after,0.1264790926973284
2021182N09317,"Jacksonville, FL",2019,event30,0.0242966808131469
2021182N09317,"Jacksonville, FL",2023,storm,0.0790589878368142
2021182N09317,"Jacksonville, FL",2023,after,0.0859651751692533
2021182N09317,"Jacksonville, FL",2023,event30,0.1621231659905171
2021182N09317,"Manatee County Port, FL",2015,storm,0.3886633304662497
2021182N09317,"Manatee County Port, FL",2015,after,0.1586245693174259
2021182N09317,"Manatee County Port, FL",2015,event30,0.2073834474584074
2021182N09317,"Manatee County Port, FL",2016,storm,0.1939412509139358
2021182N09317,"Manatee County Port, FL",2016,after,0.2379837144365729
2021182N09317,"Manatee County Port, FL",2016,event30,0.1936640884623418
2021182N09317,"Manatee County Port, FL",2019,storm,-0.4793116192815331
2021182N09317,"Manatee County Port, FL",2019,after,-0.3444404805941624
2021182N09317,"Manatee County Port, FL",2019,event30,-0.5221404409377338
2021182N09317,"Manatee County Port, FL",2020,storm,0.2630874186038295
2021182N09317,"Manatee County Port, FL",2020,after,0.0175756786558336
2021182N09317,"Manatee County Port, FL",2020,event30,0.1164737959570972
2021182N09317,"Manatee County Port, FL",2023,storm,0.0833814757194033
2021182N09317,"Manatee County Port, FL",2023,after,-0.0169771124286527
2021182N09317,"Manatee County Port, FL",2023,event30,0.0447558945730946
2021182N09317,"New Haven, CT",2016,storm,0.0452468850750676
2021182N09317,"New Haven, CT",2016,after,0.0570091028478827
2021182N09317,"New Haven, CT",2016,event30,-0.000487201719708
2021182N09317,"New Haven, CT",2017,storm,-0.1893195833743747
2021182N09317,"New Haven, CT",2017,after,-0.2121345756486701
2021182N09317,"New Haven, CT",2017,event30,-0.1376030994268859
2021182N09317,"New Haven, CT",2018,storm,0.1847705734834233
2021182N09317,"New Haven, CT",2018,after,0.1994048301691991
2021182N09317,"New Haven, CT",2018,event30,0.1919946310769742
2021182N09317,"New Haven, CT",2019,storm,-0.1831734924373456
2021182N09317,"New Haven, CT",2019,after,-0.1037059440896489
2021182N09317,"New Haven, CT",2019,event30,-0.0622190889921239
2021182N09317,"New Haven, CT",2022,storm,0.2039934536133371
2021182N09317,"New Haven, CT",2022,after,0.2357836286771626
2021182N09317,"New Haven, CT",2022,event30,0.2507625215101539
2021182N09317,"New Haven, CT",2023,storm,-0.2160048309681788
2021182N09317,"New Haven, CT",2023,after,-0.0308337459198905
2021182N09317,"New Haven, CT",2023,event30,-0.1292740979673303
2021182N09317,"New York, NY & NJ",2016,storm,0.053043012451935
2021182N09317,"New York, NY & NJ",2016,after,-0.046011834133968
2021182N09317,"New York, NY & NJ",2016,event30,-0.0526328249803604
2021182N09317,"New York, NY & NJ",2017,storm,-0.2461199361575743
2021182N09317,"New York, NY & NJ",2017,after,-0.0004525730227335
2021182N09317,"New York, NY & NJ",2017,event30,-0.0547520597402975
2021182N09317,"New York, NY & NJ",2018,storm,-0.0042064871868665
2021182N09317,"New York, NY & NJ",2018,after,-0.1358539234882309
2021182N09317,"New York, NY & NJ",2018,event30,-0.0638107518707307
2021182N09317,"New York, NY & NJ",2019,storm,0.0337660638617589
2021182N09317,"New York, NY & NJ",2019,after,0.0759090693983906
2021182N09317,"New York, NY & NJ",2019,event30,0.1461223117987288
2021182N09317,"New York, NY & NJ",2022,storm,-0.2161531312605397
2021182N09317,"New York, NY & NJ",2022,after,-0.1715955284097819
2021182N09317,"New York, NY & NJ",2022,event30,-0.1177330885226213
2021182N09317,"New York, NY & NJ",2023,storm,0.1845216636487125
2021182N09317,"New York, NY & NJ",2023,after,0.095657404606351
2021182N09317,"New York, NY & NJ",2023,event30,0.0440760498653386
2021182N09317,"Philadelphia Regional Port, PA",2016,storm,0.053165759189964
2021182N09317,"Philadelphia Regional Port, PA",2016,after,0.0789752824333816
2021182N09317,"Philadelphia Regional Port, PA",2016,event30,0.2084789287699234
2021182N09317,"Philadelphia Regional Port, PA",2017,storm,0.0915639489123359
2021182N09317,"Philadelphia Regional Port, PA",2017,after,-0.2137669849501614
2021182N09317,"Philadelphia Regional Port, PA",2017,event30,0.0492048479841378
2021182N09317,"Philadelphia Regional Port, PA",2018,storm,-0.6027537994624844
2021182N09317,"Philadelphia Regional Port, PA",2018,after,0.063443875705602
2021182N09317,"Philadelphia Regional Port, PA",2018,event30,-0.1281271683203396
2021182N09317,"Philadelphia Regional Port, PA",2019,storm,-0.4003009667854182
2021182N09317,"Philadelphia Regional Port, PA",2019,after,0.153962734508489
2021182N09317,"Philadelphia Regional Port, PA",2019,event30,-0.081458925812006
2021182N09317,"Philadelphia Regional Port, PA",2022,storm,-0.2556365221989756
2021182N09317,"Philadelphia Regional Port, PA",2022,after,-0.0425314399136128
2021182N09317,"Philadelphia Regional Port, PA",2022,event30,-0.0669628507754589
2021182N09317,"Philadelphia Regional Port, PA",2023,storm,-0.0942254711811715
2021182N09317,"Philadelphia Regional Port, PA",2023,after,0.0544189636003697
2021182N09317,"Philadelphia Regional Port, PA",2023,event30,0.0475146298234738
2021182N09317,"Port Jefferson, NY",2016,storm,0.1825015298778789
2021182N09317,"Port Jefferson, NY",2016,after,0.2877321778819285
2021182N09317,"Port Jefferson, NY",2016,event30,0.1928618840541169
2021182N09317,"Port Jefferson, NY",2017,storm,-0.1624040149572674
2021182N09317,"Port Jefferson, NY",2017,after,0.1317983621912218
2021182N09317,"Port Jefferson, NY",2017,event30,0.0808769501437511
2021182N09317,"Port Jefferson, NY",2018,storm,0.2531771862712272
2021182N09317,"Port Jefferson, NY",2018,after,-0.0211762238271371
2021182N09317,"Port Jefferson, NY",2018,event30,-0.0594728650807191
2021182N09317,"Port Jefferson, NY",2019,storm,0.3649101909041374
2021182N09317,"Port Jefferson, NY",2019,after,-0.0120638125757931
2021182N09317,"Port Jefferson, NY",2019,event30,0.0828093111318833
2021182N09317,"Port Jefferson, NY",2022,storm,-0.217910925895891
2021182N09317,"Port Jefferson, NY",2022,after,-0.1717731877160546
2021182N09317,"Port Jefferson, NY",2022,event30,-0.107141335079874
2021182N09317,"Port Jefferson, NY",2023,storm,-0.176066648488504
2021182N09317,"Port Jefferson, NY",2023,after,-0.0644496345123269
2021182N09317,"Port Jefferson, NY",2023,event30,-0.1083014688810476
2021182N09317,"Port of Brunswick, GA",2015,storm,-0.2688878335493556
2021182N09317,"Port of Brunswick, GA",2015,after,0.0208165251123474
2021182N09317,"Port of Brunswick, GA",2015,event30,-0.0360143325340095
2021182N09317,"Port of Brunswick, GA",2017,storm,0.4217908595874126
2021182N09317,"Port of Brunswick, GA",2017,after,0.2206391258844836
2021182N09317,"Port of Brunswick, GA",2017,event30,0.287208308221174
2021182N09317,"Port of Brunswick, GA",2018,storm,-0.1641019095927146
2021182N09317,"Port of Brunswick, GA",2018,after,-0.095816045117811
2021182N09317,"Port of Brunswick, GA",2018,event30,-0.1661170315083601
2021182N09317,"Port of Brunswick, GA",2019,storm,0.0694814619213987
2021182N09317,"Port of Brunswick, GA",2019,after,0.0023973428437421
2021182N09317,"Port of Brunswick, GA",2019,event30,-0.0535701434382769
2021182N09317,"Port of Brunswick, GA",2023,storm,0.0441690864095288
2021182N09317,"Port of Brunswick, GA",2023,after,0.2127109035461521
2021182N09317,"Port of Brunswick, GA",2023,event30,0.0707426620939839
2021182N09317,"Port of Charleston, SC",2017,storm,0.0358084704244765
2021182N09317,"Port of Charleston, SC",2017,after,-0.1152082377127989
2021182N09317,"Port of Charleston, SC",2017,event30,-0.1648049904312687
2021182N09317,"Port of Charleston, SC",2018,storm,-0.1872876339769878
2021182N09317,"Port of Charleston, SC",2018,after,-0.1643263032059625
2021182N09317,"Port of Charleston, SC",2018,event30,-0.1772153266309511
2021182N09317,"Port of Charleston, SC",2019,storm,-0.086182080301271
2021182N09317,"Port of Charleston, SC",2019,after,0.0068640525570463
2021182N09317,"Port of Charleston, SC",2019,event30,0.0453658071176734
2021182N09317,"Port of Charleston, SC",2023,storm,0.2983485979015778
2021182N09317,"Port of Charleston, SC",2023,after,0.0875274569675009
2021182N09317,"Port of Charleston, SC",2023,event30,0.1727579602675235
2021182N09317,"Port of Providence, RI",2016,storm,0.0384893225613094
2021182N09317,"Port of Providence, RI",2016,after,-0.0695943459941412
2021182N09317,"Port of Providence, RI",2016,event30,-0.0753470400193873
2021182N09317,"Port of Providence, RI",2017,storm,0.2763649042807874
2021182N09317,"Port of Providence, RI",2017,after,-0.0856842775590708
2021182N09317,"Port of Providence, RI",2017,event30,-0.0548040848503524
2021182N09317,"Port of Providence, RI",2018,storm,0.1443699542135576
2021182N09317,"Port of Providence, RI",2018,after,0.0368859129947085
2021182N09317,"Port of Providence, RI",2018,event30,0.0387068769703695
2021182N09317,"Port of Providence, RI",2019,storm,-0.2223968940799912
2021182N09317,"Port of Providence, RI",2019,after,0.0065919805643712
2021182N09317,"Port of Providence, RI",2019,event30,0.0163255131197801
2021182N09317,"Port of Providence, RI",2022,storm,0.0440030429717028
2021182N09317,"Port of Providence, RI",2022,after,0.0818654603954131
2021182N09317,"Port of Providence, RI",2022,event30,0.0812466164806932
2021182N09317,"Port of Providence, RI",2023,storm,0.0675240044493866
2021182N09317,"Port of Providence, RI",2023,after,0.0603400184071877
2021182N09317,"Port of Providence, RI",2023,event30,0.0631467898741409
2021182N09317,"Port of Savannah, GA",2015,storm,0.0117085301267643
2021182N09317,"Port of Savannah, GA",2015,after,0.104885453466486
2021182N09317,"Port of Savannah, GA",2015,event30,0.0457163246401737
2021182N09317,"Port of Savannah, GA",2017,storm,0.2246124105458979
2021182N09317,"Port of Savannah, GA",2017,after,-0.0088440510557606
2021182N09317,"Port of Savannah, GA",2017,event30,0.1044579661621114
2021182N09317,"Port of Savannah, GA",2018,storm,-0.0313060712625826
2021182N09317,"Port of Savannah, GA",2018,after,0.0280121428127445
2021182N09317,"Port of Savannah, GA",2018,event30,-0.0935336166333039
2021182N09317,"Port of Savannah, GA",2019,storm,0.0088152973931652
2021182N09317,"Port of Savannah, GA",2019,after,-0.0553480048267301
2021182N09317,"Port of Savannah, GA",2019,event30,-0.0266204802310768
2021182N09317,"Port of Savannah, GA",2023,storm,-0.1440106745738005
2021182N09317,"Port of Savannah, GA",2023,after,0.0842215869702243
2021182N09317,"Port of Savannah, GA",2023,event30,-0.0331432802454485
2021182N09317,"Portland, ME",2016,storm,0.0990987476771477
2021182N09317,"Portland, ME",2016,after,0.1021325765140346
2021182N09317,"Portland, ME",2016,event30,0.1112189572165228
2021182N09317,"Portland, ME",2017,storm,-0.4896932961958792
2021182N09317,"Portland, ME",2017,after,-0.349737592558036
2021182N09317,"Portland, ME",2017,event30,-0.2901730181882335
2021182N09317,"Portland, ME",2018,storm,0.011702937492184
2021182N09317,"Portland, ME",2018,after,0.1194804252168438
2021182N09317,"Portland, ME",2018,event30,0.2650576169738707
2021182N09317,"Portland, ME",2019,storm,-0.1828697733843329
2021182N09317,"Portland, ME",2019,after,0.148565775372014
2021182N09317,"Portland, ME",2019,event30,0.0127783270777131
2021182N09317,"Portland, ME",2022,storm,-0.0631784439947082
2021182N09317,"Portland, ME",2022,after,-0.3211930469755091
2021182N09317,"Portland, ME",2022,event30,-0.0874199263318744
2021182N09317,"Portland, ME",2023,storm,0.1146441750218874
2021182N09317,"Portland, ME",2023,after,-0.1494260092278185
2021182N09317,"Portland, ME",2023,event30,-0.0490769695000174
2021182N09317,"Searsport, ME",2016,storm,0.0308633282237351
2021182N09317,"Searsport, ME",2016,after,-0.2031778292297964
2021182N09317,"Searsport, ME",2016,event30,-0.1513170703508392
2021182N09317,"Searsport, ME",2017,storm,0.0986417625874016
2021182N09317,"Searsport, ME",2017,after,0.0195206579624452
2021182N09317,"Searsport, ME",2017,event30,-0.0537099350171436
2021182N09317,"Searsport, ME",2018,storm,0.0770876219306936
2021182N09317,"Searsport, ME",2018,after,0.1590933619765471
2021182N09317,"Searsport, ME",2018,event30,0.1497607386013404
2021182N09317,"Searsport, ME",2019,storm,-0.2621943195719076
2021182N09317,"Searsport, ME",2019,after,-0.1710640940699156
2021182N09317,"Searsport, ME",2019,event30,-0.1488909600327041
2021182N09317,"Searsport, ME",2020,storm,0.0172350626335326
2021182N09317,"Searsport, ME",2020,after,-0.032594706260702
2021182N09317,"Searsport, ME",2020,event30,-0.0191824289423458
2021182N09317,"Searsport, ME",2022,storm,-0.1625928856428281
2021182N09317,"Searsport, ME",2022,after,-0.2001422104036427
2021182N09317,"Searsport, ME",2022,event30,-0.0807423661103209
2021182N09317,"Searsport, ME",2023,storm,0.0601936298161373
2021182N09317,"Searsport, ME",2023,after,0.0792484001559717
2021182N09317,"Searsport, ME",2023,event30,0.1393316022368192
2021182N09317,"South Jersey Port Corp, NJ",2016,storm,0.1009942691889643
2021182N09317,"South Jersey Port Corp, NJ",2016,after,0.0460599916447945
2021182N09317,"South Jersey Port Corp, NJ",2016,event30,0.0025590266850991
2021182N09317,"South Jersey Port Corp, NJ",2017,storm,-0.1613367692448362
2021182N09317,"South Jersey Port Corp, NJ",2017,after,-0.0738247905052552
2021182N09317,"South Jersey Port Corp, NJ",2017,event30,-0.0874113885383645
2021182N09317,"South Jersey Port Corp, NJ",2018,storm,-0.2049320117055056
2021182N09317,"South Jersey Port Corp, NJ",2018,after,-0.141670319197033
2021182N09317,"South Jersey Port Corp, NJ",2018,event30,-0.1374857237552212
2021182N09317,"South Jersey Port Corp, NJ",2019,storm,0.1120335005178125
2021182N09317,"South Jersey Port Corp, NJ",2019,after,0.2075609278088868
2021182N09317,"South Jersey Port Corp, NJ",2019,event30,0.1682241780543124
2021182N09317,"South Jersey Port Corp, NJ",2022,storm,-0.0156532516820999
2021182N09317,"South Jersey Port Corp, NJ",2022,after,0.0207142759757568
2021182N09317,"South Jersey Port Corp, NJ",2022,event30,0.0118497613589873
2021182N09317,"South Jersey Port Corp, NJ",2023,storm,-0.0670453717818287
2021182N09317,"South Jersey Port Corp, NJ",2023,after,-0.0498887899060707
2021182N09317,"South Jersey Port Corp, NJ",2023,event30,-0.0224710449722593
2021182N09317,"Virginia, VA, Port of",2017,storm,0.0514160656834072
2021182N09317,"Virginia, VA, Port of",2017,after,0.0214526679735601
2021182N09317,"Virginia, VA, Port of",2017,event30,0.0124355527900251
2021182N09317,"Virginia, VA, Port of",2018,storm,-0.1974965453847647
2021182N09317,"Virginia, VA, Port of",2018,after,-0.07018150493992
2021182N09317,"Virginia, VA, Port of",2018,event30,-0.0145258631596237
2021182N09317,"Virginia, VA, Port of",2019,storm,0.0643340968737748
2021182N09317,"Virginia, VA, Port of",2019,after,0.0144071647124824
2021182N09317,"Virginia, VA, Port of",2019,event30,-0.0249798034634833
2021182N09317,"Virginia, VA, Port of",2022,storm,-0.039746179839548
2021182N09317,"Virginia, VA, Port of",2022,after,-0.0296523870978463
2021182N09317,"Virginia, VA, Port of",2022,event30,-0.0112247257568913
2021182N09317,"Virginia, VA, Port of",2023,storm,0.0623798324230837
2021182N09317,"Virginia, VA, Port of",2023,after,0.0384335072120554
2021182N09317,"Virginia, VA, Port of",2023,event30,0.026236592398866
2021182N09317,"Wilmington, NC",2017,storm,-0.0157514322188962
2021182N09317,"Wilmington, NC",2017,after,-0.1848094506269511
2021182N09317,"Wilmington, NC",2017,event30,-0.1522751048692688
2021182N09317,"Wilmington, NC",2018,storm,0.5524532412314055
2021182N09317,"Wilmington, NC",2018,after,0.1903107461310048
2021182N09317,"Wilmington, NC",2018,event30,0.1190279547617457
2021182N09317,"Wilmington, NC",2019,storm,-0.1870028156859497
2021182N09317,"Wilmington, NC",2019,after,-0.0055514846602484
2021182N09317,"Wilmington, NC",2019,event30,0.0244222852974955
2021182N09317,"Wilmington, NC",2023,storm,0.1432194564244449
2021182N09317,"Wilmington, NC",2023,after,0.1318847021375486
2021182N09317,"Wilmington, NC",2023,event30,0.0975116748628376
2021227N36297,"Albany Port District, NY",2015,storm,-0.1425711450300359
2021227N36297,"Albany Port District, NY",2015,after,-0.1703555702810414
2021227N36297,"Albany Port District, NY",2015,event30,-0.0564082055541733
2021227N36297,"Albany Port District, NY",2016,storm,-0.0458109623803969
2021227N36297,"Albany Port District, NY",2016,after,0.0315802186498225
2021227N36297,"Albany Port District, NY",2016,event30,-0.027865198366338
2021227N36297,"Albany Port District, NY",2017,storm,0.0455382919281815
2021227N36297,"Albany Port District, NY",2017,after,0.1009649819618819
2021227N36297,"Albany Port District, NY",2017,event30,0.0766046138180211
2021227N36297,"Albany Port District, NY",2019,storm,-0.0257859885845104
2021227N36297,"Albany Port District, NY",2019,after,0.023356123032311
2021227N36297,"Albany Port District, NY",2019,event30,0.0042770698831136
2021227N36297,"Albany Port District, NY",2022,storm,-0.1318549411833391
2021227N36297,"Albany Port District, NY",2022,after,-0.0869580725124773
2021227N36297,"Albany Port District, NY",2022,event30,-0.0679188389013675
2021227N36297,"Albany Port District, NY",2023,storm,0.1337042315812815
2021227N36297,"Albany Port District, NY",2023,after,0.1189255778998063
2021227N36297,"Albany Port District, NY",2023,event30,0.0899575943769629
2021227N36297,"Boston, MA",2015,storm,0.0128317375730241
2021227N36297,"Boston, MA",2015,after,-0.0607804830408473
2021227N36297,"Boston, MA",2015,event30,-0.0743438382878347
2021227N36297,"Boston, MA",2017,storm,0.1295730444764897
2021227N36297,"Boston, MA",2017,after,0.1311502690003211
2021227N36297,"Boston, MA",2017,event30,0.1052584414796687
2021227N36297,"Boston, MA",2019,storm,0.12101374250566
2021227N36297,"Boston, MA",2019,after,-0.0921003664380973
2021227N36297,"Boston, MA",2019,event30,-0.1536055808238578
2021227N36297,"Boston, MA",2020,storm,-0.1029379941552562
2021227N36297,"Boston, MA",2020,after,-0.175361656487489
2021227N36297,"Boston, MA",2020,event30,-0.1569895941056835
2021227N36297,"Boston, MA",2022,storm,-0.0438307577563819
2021227N36297,"Boston, MA",2022,after,0.2311654565580128
2021227N36297,"Boston, MA",2022,event30,0.1270522855238851
2021227N36297,"Boston, MA",2023,storm,0.2816652015544211
2021227N36297,"Boston, MA",2023,after,0.0544851485239396
2021227N36297,"Boston, MA",2023,event30,0.0976253113540474
2021227N36297,"Bridgeport, CT",2015,storm,-0.0177892450789724
2021227N36297,"Bridgeport, CT",2015,after,-0.1141797630159752
2021227N36297,"Bridgeport, CT",2015,event30,-0.1953089717471752
2021227N36297,"Bridgeport, CT",2017,storm,-0.2172351754150025
2021227N36297,"Bridgeport, CT",2017,after,-0.0322595515417537
2021227N36297,"Bridgeport, CT",2017,event30,-0.2123462621053788
2021227N36297,"Bridgeport, CT",2019,storm,-0.1144880902884926
2021227N36297,"Bridgeport, CT",2019,after,-0.103198031089276
2021227N36297,"Bridgeport, CT",2019,event30,-0.0566211723031769
2021227N36297,"Bridgeport, CT",2022,storm,-0.1440829142333878
2021227N36297,"Bridgeport, CT",2022,after,-0.090644948350484
2021227N36297,"Bridgeport, CT",2022,event30,0.001444953744729
2021227N36297,"Bridgeport, CT",2023,storm,0.4270944615110179
2021227N36297,"Bridgeport, CT",2023,after,0.1111682594502214
2021227N36297,"Bridgeport, CT",2023,event30,0.1305412110774321
2021227N36297,"New Haven, CT",2015,storm,-0.0025543772307389
2021227N36297,"New Haven, CT",2015,after,0.0327522060978334
2021227N36297,"New Haven, CT",2015,event30,0.0459408106816836
2021227N36297,"New Haven, CT",2017,storm,-0.0137666186292109
2021227N36297,"New Haven, CT",2017,after,0.0521485932109503
2021227N36297,"New Haven, CT",2017,event30,0.0529271307982216
2021227N36297,"New Haven, CT",2019,storm,0.2212329032982312
2021227N36297,"New Haven, CT",2019,after,0.0842332389422556
2021227N36297,"New Haven, CT",2019,event30,0.1707785870418187
2021227N36297,"New Haven, CT",2022,storm,-0.0833380330720101
2021227N36297,"New Haven, CT",2022,after,0.0919273283427093
2021227N36297,"New Haven, CT",2022,event30,0.0083995610269712
2021227N36297,"New Haven, CT",2023,storm,-0.0305314278049083
2021227N36297,"New Haven, CT",2023,after,-0.2796780482786136
2021227N36297,"New Haven, CT",2023,event30,-0.2577636230944103
2021227N36297,"New York, NY & NJ",2015,storm,-0.0787046739610204
2021227N36297,"New York, NY & NJ",2015,after,-0.0026005933338714
2021227N36297,"New York, NY & NJ",2015,event30,0.0156033337749797
2021227N36297,"New York, NY & NJ",2017,storm,0.1367270938587262
2021227N36297,"New York, NY & NJ",2017,after,-0.0278654859110697
2021227N36297,"New York, NY & NJ",2017,event30,0.0764360499154125
2021227N36297,"New York, NY & NJ",2019,storm,-0.0294140817998727
2021227N36297,"New York, NY & NJ",2019,after,0.0535951465084304
2021227N36297,"New York, NY & NJ",2019,event30,-0.0627592556796429
2021227N36297,"New York, NY & NJ",2022,storm,0.1169540514086324
2021227N36297,"New York, NY & NJ",2022,after,0.1420349545275298
2021227N36297,"New York, NY & NJ",2022,event30,0.1516721888847049
2021227N36297,"New York, NY & NJ",2023,storm,-0.1814539992380054
2021227N36297,"New York, NY & NJ",2023,after,-0.0795536077064942
2021227N36297,"New York, NY & NJ",2023,event30,-0.1245830832259597
2021227N36297,"Philadelphia Regional Port, PA",2015,storm,-0.0945218700417325
2021227N36297,"Philadelphia Regional Port, PA",2015,after,-0.0700193007312072
2021227N36297,"Philadelphia Regional Port, PA",2015,event30,0.0773777252173462
2021227N36297,"Philadelphia Regional Port, PA",2017,storm,-0.0270904255423724
2021227N36297,"Philadelphia Regional Port, PA",2017,after,0.0112277467142766
2021227N36297,"Philadelphia Regional Port, PA",2017,event30,-0.1593784407745385
2021227N36297,"Philadelphia Regional Port, PA",2019,storm,-0.0403156340825317
2021227N36297,"Philadelphia Regional Port, PA",2019,after,0.0502308292716598
2021227N36297,"Philadelphia Regional Port, PA",2019,event30,0.2244784964612745
2021227N36297,"Philadelphia Regional Port, PA",2022,storm,-0.1375105276690552
2021227N36297,"Philadelphia Regional Port, PA",2022,after,0.1982990274604857
2021227N36297,"Philadelphia Regional Port, PA",2022,event30,0.1048575922866839
2021227N36297,"Port Jefferson, NY",2015,storm,0.074778194813085
2021227N36297,"Port Jefferson, NY",2015,after,-0.0320941360977906
2021227N36297,"Port Jefferson, NY",2015,event30,-0.0952074685415809
2021227N36297,"Port Jefferson, NY",2017,storm,-0.2581672160729479
2021227N36297,"Port Jefferson, NY",2017,after,-0.0540060847039898
2021227N36297,"Port Jefferson, NY",2017,event30,-0.0137416060971388
2021227N36297,"Port Jefferson, NY",2019,storm,-0.01417741830397
2021227N36297,"Port Jefferson, NY",2019,after,-0.1455508562580867
2021227N36297,"Port Jefferson, NY",2019,event30,-0.1303948854335258
2021227N36297,"Port Jefferson, NY",2022,storm,0.0417060707282039
2021227N36297,"Port Jefferson, NY",2022,after,0.0516791667741049
2021227N36297,"Port Jefferson, NY",2022,event30,0.0977628695951926
2021227N36297,"Port Jefferson, NY",2023,storm,0.0639658506633125
2021227N36297,"Port Jefferson, NY",2023,after,0.2031509274612562
2021227N36297,"Port Jefferson, NY",2023,event30,0.1776473013619863
2021227N36297,"Port of Providence, RI",2015,storm,0.1774149838722777
2021227N36297,"Port of Providence, RI",2015,after,0.0270028064908138
2021227N36297,"Port of Providence, RI",2015,event30,0.0227384204211345
2021227N36297,"Port of Providence, RI",2017,storm,-0.2263081955101046
2021227N36297,"Port of Providence, RI",2017,after,-0.1842514326476068
2021227N36297,"Port of Providence, RI",2017,event30,-0.1289508799308816
2021227N36297,"Port of Providence, RI",2019,storm,-0.0192216376690706
2021227N36297,"Port of Providence, RI",2019,after,-0.0831914455463583
2021227N36297,"Port of Providence, RI",2019,event30,-0.1013379673674145
2021227N36297,"Port of Providence, RI",2022,storm,0.0101599956208928
2021227N36297,"Port of Providence, RI",2022,after,0.1659227355416261
2021227N36297,"Port of Providence, RI",2022,event30,0.0773523003954826
2021227N36297,"Port of Providence, RI",2023,storm,0.0508724655754243
2021227N36297,"Port of Providence, RI",2023,after,0.0948217683463752
2021227N36297,"Port of Providence, RI",2023,event30,0.0907655244054713
2021227N36297,"Portland, ME",2015,storm,-0.0095010694465258
2021227N36297,"Portland, ME",2015,after,0.0191286833761659
2021227N36297,"Portland, ME",2015,event30,0.0403334016803472
2021227N36297,"Portland, ME",2017,storm,-0.0013018456010692
2021227N36297,"Portland, ME",2017,after,-0.0038971696554396
2021227N36297,"Portland, ME",2017,event30,0.0189743004648171
2021227N36297,"Portland, ME",2018,storm,0.1225021870932663
2021227N36297,"Portland, ME",2018,after,-0.083674547761893
2021227N36297,"Portland, ME",2018,event30,-0.4052121912905673
2021227N36297,"Portland, ME",2019,storm,-0.2013170878522847
2021227N36297,"Portland, ME",2019,after,-0.1518795487299575
2021227N36297,"Portland, ME",2019,event30,0.0124654670992322
2021227N36297,"Portland, ME",2022,storm,-0.2165225954799043
2021227N36297,"Portland, ME",2022,after,0.0299967631114496
2021227N36297,"Portland, ME",2022,event30,0.2528500707252762
2021227N36297,"Portland, ME",2023,storm,0.1394739963679654
2021227N36297,"Portland, ME",2023,after,0.2766894906127429
2021227N36297,"Portland, ME",2023,event30,0.1481832897621561
2021239N17281,"Baltimore, MD",2015,storm,0.1922492880445198
2021239N17281,"Baltimore, MD",2015,after,0.1205920244786223
2021239N17281,"Baltimore, MD",2015,event30,0.0901623936842149
2021239N17281,"Baltimore, MD",2016,storm,0.0762259088015852
2021239N17281,"Baltimore, MD",2016,after,-0.0288652836122927
2021239N17281,"Baltimore, MD",2016,event30,0.0024441554985105
2021239N17281,"Baltimore, MD",2017,storm,0.1726807995780234
2021239N17281,"Baltimore, MD",2017,after,0.0448412418241569
2021239N17281,"Baltimore, MD",2017,event30,-0.0495266169167324
2021239N17281,"Baltimore, MD",2019,storm,-0.1540802919973408
2021239N17281,"Baltimore, MD",2019,after,-0.08778744935206
2021239N17281,"Baltimore, MD",2019,event30,-0.0555021641731342
2021239N17281,"Baltimore, MD",2022,storm,-0.052401340531083
2021239N17281,"Baltimore, MD",2022,after,0.0215274804843081
2021239N17281,"Baltimore, MD",2022,event30,0.0263351755115387
2021239N17281,"Boston, MA",2015,storm,0.0531218941899345
2021239N17281,"Boston, MA",2015,after,-0.050686109593736
2021239N17281,"Boston, MA",2015,event30,0.0035951363362293
2021239N17281,"Boston, MA",2019,storm,-0.1811042385551033
2021239N17281,"Boston, MA",2019,after,-0.3600819025499896
2021239N17281,"Boston, MA",2019,event30,-0.2029735056449659
2021239N17281,"Boston, MA",2020,storm,0.2249090097165755
2021239N17281,"Boston, MA",2020,after,-0.0156564582334873
2021239N17281,"Boston, MA",2020,event30,-0.0249177778722322
2021239N17281,"Boston, MA",2022,storm,0.1913638463192637
2021239N17281,"Boston, MA",2022,after,0.1932641765408569
2021239N17281,"Boston, MA",2022,event30,0.1927847635235855
2021239N17281,"Boston, MA",2023,storm,-0.0746543145300835
2021239N17281,"Boston, MA",2023,after,0.0110479506804687
2021239N17281,"Boston, MA",2023,event30,0.0057917985532527
2021239N17281,"Bridgeport, CT",2015,storm,-0.2928594213161913
2021239N17281,"Bridgeport, CT",2015,after,-0.1453906749259024
2021239N17281,"Bridgeport, CT",2015,event30,-0.1228064080864356
2021239N17281,"Bridgeport, CT",2017,storm,0.0339081014060549
2021239N17281,"Bridgeport, CT",2017,after,-0.3256810109411306
2021239N17281,"Bridgeport, CT",2017,event30,-0.1867907315196508
2021239N17281,"Bridgeport, CT",2019,storm,0.1290696641889495
2021239N17281,"Bridgeport, CT",2019,after,0.1291892096072838
2021239N17281,"Bridgeport, CT",2019,event30,0.0662643337480483
2021239N17281,"Bridgeport, CT",2022,storm,-0.0836677631250558
2021239N17281,"Bridgeport, CT",2022,after,-0.0048428209830581
2021239N17281,"Bridgeport, CT",2022,event30,0.0100859445534853
2021239N17281,"Bridgeport, CT",2023,storm,0.0305865013160262
2021239N17281,"Bridgeport, CT",2023,after,-0.0086805261453261
2021239N17281,"Bridgeport, CT",2023,event30,-0.2675924459114636
2021239N17281,"Greater Lafourche Port, LA",2015,storm,-0.0395121422718386
2021239N17281,"Greater Lafourche Port, LA",2015,after,-0.0536298082613171
2021239N17281,"Greater Lafourche Port, LA",2015,event30,-0.0572450953199647
2021239N17281,"Greater Lafourche Port, LA",2016,storm,-0.1500932365536093
2021239N17281,"Greater Lafourche Port, LA",2016,after,0.0513190091264133
2021239N17281,"Greater Lafourche Port, LA",2016,event30,-0.0008789236023906
2021239N17281,"Greater Lafourche Port, LA",2022,storm,0.142563234824605
2021239N17281,"Greater Lafourche Port, LA",2022,after,0.0395183283191353
2021239N17281,"Greater Lafourche Port, LA",2022,event30,0.0234595574945561
2021239N17281,"Greater Lafourche Port, LA",2023,storm,-0.1032951475571577
2021239N17281,"Greater Lafourche Port, LA",2023,after,-0.0203883932768083
2021239N17281,"Greater Lafourche Port, LA",2023,event30,0.0396561234505477
2021239N17281,"New Haven, CT",2015,storm,0.1315683680437572
2021239N17281,"New Haven, CT",2015,after,0.0950221608756787
2021239N17281,"New Haven, CT",2015,event30,0.0696878079867796
2021239N17281,"New Haven, CT",2017,storm,0.1264443796532393
2021239N17281,"New Haven, CT",2017,after,0.0369661831433302
2021239N17281,"New Haven, CT",2017,event30,0.0995589367441013
2021239N17281,"New Haven, CT",2019,storm,0.2892126915171569
2021239N17281,"New Haven, CT",2019,after,0.1802772591620284
2021239N17281,"New Haven, CT",2019,event30,0.1940917661057546
2021239N17281,"New Haven, CT",2022,storm,0.0122010089870437
2021239N17281,"New Haven, CT",2022,after,-0.0872974468443262
2021239N17281,"New Haven, CT",2022,event30,0.0119989441602056
2021239N17281,"New Haven, CT",2023,storm,-0.1515001081133526
2021239N17281,"New Haven, CT",2023,after,-0.2166522986391226
2021239N17281,"New Haven, CT",2023,event30,-0.248339453491763
2021239N17281,"New Orleans, LA",2015,storm,0.2137575682033746
2021239N17281,"New Orleans, LA",2015,after,0.020281979910735
2021239N17281,"New Orleans, LA",2015,event30,0.1092996258634949
2021239N17281,"New Orleans, LA",2016,storm,-0.1043340161757251
2021239N17281,"New Orleans, LA",2016,after,-0.189223853838984
2021239N17281,"New Orleans, LA",2016,event30,-0.1173541787500104
2021239N17281,"New Orleans, LA",2022,storm,0.1829613496934339
2021239N17281,"New Orleans, LA",2022,after,0.0433648229689813
2021239N17281,"New Orleans, LA",2022,event30,0.0857882529976571
2021239N17281,"New Orleans, LA",2023,storm,-0.0590833682539188
2021239N17281,"New Orleans, LA",2023,after,0.1573253235815516
2021239N17281,"New Orleans, LA",2023,event30,0.0462369609134809
2021239N17281,"New York, NY & NJ",2015,storm,0.0311253947745848
2021239N17281,"New York, NY & NJ",2015,after,0.056522959202899
2021239N17281,"New York, NY & NJ",2015,event30,0.0285031456085543
2021239N17281,"New York, NY & NJ",2017,storm,-0.0423368305047068
2021239N17281,"New York, NY & NJ",2017,after,0.1229253131376783
2021239N17281,"New York, NY & NJ",2017,event30,0.0831414214988566
2021239N17281,"New York, NY & NJ",2019,storm,-0.0509749694367749
2021239N17281,"New York, NY & NJ",2019,after,-0.197783832471102
2021239N17281,"New York, NY & NJ",2019,event30,-0.0937522376329752
2021239N17281,"New York, NY & NJ",2022,storm,0.1477152630305864
2021239N17281,"New York, NY & NJ",2022,after,0.1090864636816389
2021239N17281,"New York, NY & NJ",2022,event30,0.094089469406467
2021239N17281,"New York, NY & NJ",2023,storm,-0.0033721193813444
2021239N17281,"New York, NY & NJ",2023,after,-0.0488728912795734
2021239N17281,"New York, NY & NJ",2023,event30,-0.0547119031307331
2021239N17281,"Philadelphia Regional Port, PA",2015,storm,-0.293657419019795
2021239N17281,"Philadelphia Regional Port, PA",2015,after,0.0805824615067734
2021239N17281,"Philadelphia Regional Port, PA",2015,event30,0.0608031145614117
2021239N17281,"Philadelphia Regional Port, PA",2017,storm,-0.180254447896824
2021239N17281,"Philadelphia Regional Port, PA",2017,after,-0.4332060109046342
2021239N17281,"Philadelphia Regional Port, PA",2017,event30,-0.200934692640373
2021239N17281,"Philadelphia Regional Port, PA",2019,storm,0.1169416532867937
2021239N17281,"Philadelphia Regional Port, PA",2019,after,0.1373424484596843
2021239N17281,"Philadelphia Regional Port, PA",2019,event30,0.4212327940483434
2021239N17281,"Philadelphia Regional Port, PA",2022,storm,0.2066808610953079
2021239N17281,"Philadelphia Regional Port, PA",2022,after,0.1486994635515084
2021239N17281,"Philadelphia Regional Port, PA",2022,event30,-0.0847548222059855
2021239N17281,"Plaquemines Port District, LA",2015,storm,0.1464722933862379
2021239N17281,"Plaquemines Port District, LA",2015,after,0.1020388521318226
2021239N17281,"Plaquemines Port District, LA",2015,event30,0.0720736128503019
2021239N17281,"Plaquemines Port District, LA",2016,storm,-0.1102564803683002
2021239N17281,"Plaquemines Port District, LA",2016,after,-0.0388375827724962
2021239N17281,"Plaquemines Port District, LA",2016,event30,-0.0261544383138987
2021239N17281,"Plaquemines Port District, LA",2022,storm,0.0833431326995364
2021239N17281,"Plaquemines Port District, LA",2022,after,0.0201376167130444
2021239N17281,"Plaquemines Port District, LA",2022,event30,0.02190561829774
2021239N17281,"Plaquemines Port District, LA",2023,storm,-0.1742099585456528
2021239N17281,"Plaquemines Port District, LA",2023,after,-0.0975434720139932
2021239N17281,"Plaquemines Port District, LA",2023,event30,-0.0643275129972351
2021239N17281,"Port Jefferson, NY",2015,storm,-0.1976106466326389
2021239N17281,"Port Jefferson, NY",2015,after,-0.048014305970552
2021239N17281,"Port Jefferson, NY",2015,event30,-0.1159915445493919
2021239N17281,"Port Jefferson, NY",2017,storm,0.1026099696824805
2021239N17281,"Port Jefferson, NY",2017,after,0.0818905251843672
2021239N17281,"Port Jefferson, NY",2017,event30,-0.0184381235816222
2021239N17281,"Port Jefferson, NY",2019,storm,0.0067697483711062
2021239N17281,"Port Jefferson, NY",2019,after,-0.1514090207749166
2021239N17281,"Port Jefferson, NY",2019,event30,-0.1293348569479261
2021239N17281,"Port Jefferson, NY",2022,storm,0.2172552924817735
2021239N17281,"Port Jefferson, NY",2022,after,0.1813536167087765
2021239N17281,"Port Jefferson, NY",2022,event30,0.1354399136416719
2021239N17281,"Port Jefferson, NY",2023,storm,0.2705180432001592
2021239N17281,"Port Jefferson, NY",2023,after,0.1276910866905789
2021239N17281,"Port Jefferson, NY",2023,event30,0.2010749573968298
2021239N17281,"Port of Greater Baton Rouge, LA",2015,storm,0.0223339098265786
2021239N17281,"Port of Greater Baton Rouge, LA",2015,after,0.0875423009674013
2021239N17281,"Port of Greater Baton Rouge, LA",2015,event30,0.0260810834074352
2021239N17281,"Port of Greater Baton Rouge, LA",2016,storm,-0.1672991978479814
2021239N17281,"Port of Greater Baton Rouge, LA",2016,after,-0.0711773216038306
2021239N17281,"Port of Greater Baton Rouge, LA",2016,event30,-0.0299668053607317
2021239N17281,"Port of Greater Baton Rouge, LA",2022,storm,0.4796455316786153
2021239N17281,"Port of Greater Baton Rouge, LA",2022,after,0.0884249651766341
2021239N17281,"Port of Greater Baton Rouge, LA",2022,event30,0.129537147323087
2021239N17281,"Port of Greater Baton Rouge, LA",2023,storm,-0.4382186100404415
2021239N17281,"Port of Greater Baton Rouge, LA",2023,after,-0.0868644065440608
2021239N17281,"Port of Greater Baton Rouge, LA",2023,event30,-0.1741416243287051
2021239N17281,"Port of Iberia District, LA",2015,storm,0.2647947092086701
2021239N17281,"Port of Iberia District, LA",2015,after,-0.1702970367607143
2021239N17281,"Port of Iberia District, LA",2015,event30,-0.061062950702568
2021239N17281,"Port of Iberia District, LA",2016,storm,-0.1356567798187576
2021239N17281,"Port of Iberia District, LA",2016,after,0.1167334755256747
2021239N17281,"Port of Iberia District, LA",2016,event30,0.020470075767033
2021239N17281,"Port of Iberia District, LA",2018,storm,0.1764473058453499
2021239N17281,"Port of Iberia District, LA",2018,after,0.3762371625949759
2021239N17281,"Port of Iberia District, LA",2018,event30,0.2569338839520886
2021239N17281,"Port of Iberia District, LA",2022,storm,0.0047598955084712
2021239N17281,"Port of Iberia District, LA",2022,after,-0.0456777181255133
2021239N17281,"Port of Iberia District, LA",2022,event30,-0.208086645684375
2021239N17281,"Port of Iberia District, LA",2023,storm,-0.0369584287055585
2021239N17281,"Port of Iberia District, LA",2023,after,0.0157965967443405
2021239N17281,"Port of Iberia District, LA",2023,event30,0.01118772099098
2021239N17281,"Port of Providence, RI",2015,storm,-0.2769654196458837
2021239N17281,"Port of Providence, RI",2015,after,-0.0942732621605129
2021239N17281,"Port of Providence, RI",2015,event30,-0.067014684017893
2021239N17281,"Port of Providence, RI",2017,storm,-0.0181035299720784
2021239N17281,"Port of Providence, RI",2017,after,0.0774332207348341
2021239N17281,"Port of Providence, RI",2017,event30,-0.0419515919090665
2021239N17281,"Port of Providence, RI",2019,storm,0.153774791978765
2021239N17281,"Port of Providence, RI",2019,after,-0.1177122466924235
2021239N17281,"Port of Providence, RI",2019,event30,-0.0354824406139856
2021239N17281,"Port of Providence, RI",2022,storm,0.0013264866814635
2021239N17281,"Port of Providence, RI",2022,after,0.0437111000841511
2021239N17281,"Port of Providence, RI",2022,event30,0.0639124349873226
2021239N17281,"Port of Providence, RI",2023,storm,0.1611319267745552
2021239N17281,"Port of Providence, RI",2023,after,0.0871856633322123
2021239N17281,"Port of Providence, RI",2023,event30,0.0503453289474484
2021239N17281,"Searsport, ME",2015,storm,0.1013925747255488
2021239N17281,"Searsport, ME",2015,after,-0.1376628165860624
2021239N17281,"Searsport, ME",2015,event30,-0.125106603663792
2021239N17281,"Searsport, ME",2016,storm,0.3151634499294696
2021239N17281,"Searsport, ME",2016,after,0.2151035012539712
2021239N17281,"Searsport, ME",2016,event30,0.2297198004893744
2021239N17281,"Searsport, ME",2018,storm,-0.1426286384294879
2021239N17281,"Searsport, ME",2018,after,-0.1728142472706811
2021239N17281,"Searsport, ME",2018,event30,-0.1470858381182762
2021239N17281,"Searsport, ME",2019,storm,0.1813339104155191
2021239N17281,"Searsport, ME",2019,after,0.2280539551840412
2021239N17281,"Searsport, ME",2019,event30,0.1764921515179213
2021239N17281,"Searsport, ME",2020,storm,-0.2929340361779994
2021239N17281,"Searsport, ME",2020,after,-0.0780710303041623
2021239N17281,"Searsport, ME",2020,event30,-0.1842943913663776
2021239N17281,"Searsport, ME",2022,storm,-0.1055121036108603
2021239N17281,"Searsport, ME",2022,after,-0.0276742422696239
2021239N17281,"Searsport, ME",2022,event30,-0.0044935757695051
2021239N17281,"South Jersey Port Corp, NJ",2015,storm,-0.0804787189738332
2021239N17281,"South Jersey Port Corp, NJ",2015,after,0.0411593635051341
2021239N17281,"South Jersey Port Corp, NJ",2015,event30,0.0239392255415612
2021239N17281,"South Jersey Port Corp, NJ",2017,storm,0.0782967681380429
2021239N17281,"South Jersey Port Corp, NJ",2017,after,0.0214977465364411
2021239N17281,"South Jersey Port Corp, NJ",2017,event30,0.1238236373142627
2021239N17281,"South Jersey Port Corp, NJ",2019,storm,-0.3226069084296244
2021239N17281,"South Jersey Port Corp, NJ",2019,after,-0.1462942367925392
2021239N17281,"South Jersey Port Corp, NJ",2019,event30,-0.1295880685903677
2021239N17281,"South Jersey Port Corp, NJ",2022,storm,0.1562965958892894
2021239N17281,"South Jersey Port Corp, NJ",2022,after,-0.0356369585669242
2021239N17281,"South Jersey Port Corp, NJ",2022,event30,-0.0186285341908772
2021239N17281,"South Louisiana, LA, Port of",2015,storm,0.2245379405781019
2021239N17281,"South Louisiana, LA, Port of",2015,after,0.5315609911084342
2021239N17281,"South Louisiana, LA, Port of",2015,event30,0.2875941279610043
2021239N17281,"South Louisiana, LA, Port of",2016,storm,-0.1902911523291865
2021239N17281,"South Louisiana, LA, Port of",2016,after,-0.3573829559766895
2021239N17281,"South Louisiana, LA, Port of",2016,event30,-0.2812868848403599
2021239N17281,"South Louisiana, LA, Port of",2022,storm,-0.2070667830573345
2021239N17281,"South Louisiana, LA, Port of",2022,after,0.3037773831352499
2021239N17281,"South Louisiana, LA, Port of",2022,event30,0.0572882627830229
2021239N17281,"South Louisiana, LA, Port of",2023,storm,0.1628892239563245
2021239N17281,"South Louisiana, LA, Port of",2023,after,-0.3469552644105023
2021239N17281,"South Louisiana, LA, Port of",2023,event30,-0.0364419471426524
2021239N17281,"Terrebonne Parish Port, LA",2015,storm,0.1750264437448751
2021239N17281,"Terrebonne Parish Port, LA",2015,after,0.0523367098535055
2021239N17281,"Terrebonne Parish Port, LA",2015,event30,0.0201280563161343
2021239N17281,"Terrebonne Parish Port, LA",2016,storm,-0.2441704710419034
2021239N17281,"Terrebonne Parish Port, LA",2016,after,-0.0506575643694444
2021239N17281,"Terrebonne Parish Port, LA",2016,event30,-0.083457608304221
2021239N17281,"Terrebonne Parish Port, LA",2018,storm,-0.131214868948428
2021239N17281,"Terrebonne Parish Port, LA",2018,after,-0.2654014476277424
2021239N17281,"Terrebonne Parish Port, LA",2018,event30,-0.1477310225704327
2021239N17281,"Terrebonne Parish Port, LA",2022,storm,0.4045704661975455
2021239N17281,"Terrebonne Parish Port, LA",2022,after,0.2391995284568683
2021239N17281,"Terrebonne Parish Port, LA",2022,event30,0.1896611433469063
2021239N17281,"Terrebonne Parish Port, LA",2023,storm,-0.0245249208486298
2021239N17281,"Terrebonne Parish Port, LA",2023,after,0.0150545832344481
2021239N17281,"Terrebonne Parish Port, LA",2023,event30,0.0044516643370784
2021256N21265,"Beaumont, TX",2015,storm,0.0701716440561481
2021256N21265,"Beaumont, TX",2015,after,-0.0073028000292259
2021256N21265,"Beaumont, TX",2015,event30,-0.0333786694351047
2021256N21265,"Beaumont, TX",2016,storm,-0.2969355214977709
2021256N21265,"Beaumont, TX",2016,after,-0.1770233010898103
2021256N21265,"Beaumont, TX",2016,event30,-0.3249210749549485
2021256N21265,"Beaumont, TX",2018,storm,0.0718090723010462
2021256N21265,"Beaumont, TX",2018,after,-0.1192483383806982
2021256N21265,"Beaumont, TX",2018,event30,-0.0129309838660929
2021256N21265,"Beaumont, TX",2022,storm,0.0920256795338687
2021256N21265,"Beaumont, TX",2022,after,-0.0251615454899363
2021256N21265,"Beaumont, TX",2022,event30,-0.0557195030829932
2021256N21265,"Beaumont, TX",2023,storm,0.3284812071325876
2021256N21265,"Beaumont, TX",2023,after,0.0039313040260992
2021256N21265,"Beaumont, TX",2023,event30,0.2056272671642498
2021256N21265,"Calhoun Port Authority, TX",2015,storm,-0.0826402270117059
2021256N21265,"Calhoun Port Authority, TX",2015,after,-0.2370792840291093
2021256N21265,"Calhoun Port Authority, TX",2015,event30,0.0515978072129313
2021256N21265,"Calhoun Port Authority, TX",2016,storm,-0.3383075055364264
2021256N21265,"Calhoun Port Authority, TX",2016,after,-0.1033089737311346
2021256N21265,"Calhoun Port Authority, TX",2016,event30,-0.0417595797216471
2021256N21265,"Calhoun Port Authority, TX",2018,storm,0.4932792709616323
2021256N21265,"Calhoun Port Authority, TX",2018,after,0.3649250168051988
2021256N21265,"Calhoun Port Authority, TX",2018,event30,0.1992542752346778
2021256N21265,"Calhoun Port Authority, TX",2022,storm,-0.2336808023166888
2021256N21265,"Calhoun Port Authority, TX",2022,after,-0.1479258097900423
2021256N21265,"Calhoun Port Authority, TX",2022,event30,-0.1501053531951347
2021256N21265,"Corpus Christi, TX",2015,storm,0.0817642544896107
2021256N21265,"Corpus Christi, TX",2015,after,0.0794251113142933
2021256N21265,"Corpus Christi, TX",2015,event30,-0.0019816237620446
2021256N21265,"Corpus Christi, TX",2016,storm,0.0291046303738867
2021256N21265,"Corpus Christi, TX",2016,after,0.1199051599805467
2021256N21265,"Corpus Christi, TX",2016,event30,0.1479497081850211
2021256N21265,"Corpus Christi, TX",2018,storm,0.0344903040313966
2021256N21265,"Corpus Christi, TX",2018,after,-0.0649106232014234
2021256N21265,"Corpus Christi, TX",2018,event30,-0.1188304445620815
2021256N21265,"Corpus Christi, TX",2022,storm,-0.1309500225221434
2021256N21265,"Corpus Christi, TX",2022,after,-0.0357876468101948
2021256N21265,"Corpus Christi, TX",2022,event30,-0.0226354179066838
2021256N21265,"Galveston, TX",2015,storm,0.0083153758730641
2021256N21265,"Galveston, TX",2015,after,-0.0502043053131083
2021256N21265,"Galveston, TX",2015,event30,-0.0089541581479497
2021256N21265,"Galveston, TX",2016,storm,0.0328976279565957
2021256N21265,"Galveston, TX",2016,after,0.0920217015928358
2021256N21265,"Galveston, TX",2016,event30,0.0720732678671024
2021256N21265,"Galveston, TX",2018,storm,-0.0292157339882131
2021256N21265,"Galveston, TX",2018,after,0.0409877306430643
2021256N21265,"Galveston, TX",2018,event30,0.0343205243933018
2021256N21265,"Galveston, TX",2022,storm,0.0246276148464937
2021256N21265,"Galveston, TX",2022,after,-0.0466357574113788
2021256N21265,"Galveston, TX",2022,event30,-0.058019233959446
2021256N21265,"Galveston, TX",2023,storm,-0.0132057706197571
2021256N21265,"Galveston, TX",2023,after,0.0312107304841898
2021256N21265,"Galveston, TX",2023,event30,0.0257038224863347
2021256N21265,"Greater Lafourche Port, LA",2015,storm,0.0011929482404359
2021256N21265,"Greater Lafourche Port, LA",2015,after,-0.010101839943835
2021256N21265,"Greater Lafourche Port, LA",2015,event30,0.0540910477951888
2021256N21265,"Greater Lafourche Port, LA",2016,storm,0.1005822763439841
2021256N21265,"Greater Lafourche Port, LA",2016,after,0.0090801376284404
2021256N21265,"Greater Lafourche Port, LA",2016,event30,0.0381125550652562
2021256N21265,"Greater Lafourche Port, LA",2022,storm,0.0109054507326167
2021256N21265,"Greater Lafourche Port, LA",2022,after,0.0038057952686463
2021256N21265,"Greater Lafourche Port, LA",2022,event30,0.0405140883214204
2021256N21265,"Greater Lafourche Port, LA",2023,storm,-0.0912378836234858
2021256N21265,"Greater Lafourche Port, LA",2023,after,0.0587032017059549
2021256N21265,"Greater Lafourche Port, LA",2023,event30,-0.0849022910505214
2021256N21265,"Houston Port Authority, TX",2015,storm,0.0760179412800456
2021256N21265,"Houston Port Authority, TX",2015,after,-0.0005525409701847
2021256N21265,"Houston Port Authority, TX",2015,event30,0.0500750777783368
2021256N21265,"Houston Port Authority, TX",2016,storm,0.0105066667020833
2021256N21265,"Houston Port Authority, TX",2016,after,0.0475217671038111
2021256N21265,"Houston Port Authority, TX",2016,event30,0.0492241344727433
2021256N21265,"Houston Port Authority, TX",2018,storm,-0.0047794961714258
2021256N21265,"Houston Port Authority, TX",2018,after,-0.0481045906666047
2021256N21265,"Houston Port Authority, TX",2018,event30,-0.0247316262586962
2021256N21265,"Houston Port Authority, TX",2022,storm,-0.0998867495783452
2021256N21265,"Houston Port Authority, TX",2022,after,-0.0543236267182414
2021256N21265,"Houston Port Authority, TX",2022,event30,-0.0869345628286872
2021256N21265,"Houston Port Authority, TX",2023,storm,0.0435718855610721
2021256N21265,"Houston Port Authority, TX",2023,after,0.0059545949371805
2021256N21265,"Houston Port Authority, TX",2023,event30,0.0292006126532722
2021256N21265,"Lake Charles Harbor District, LA",2015,storm,-0.0404604593677356
2021256N21265,"Lake Charles Harbor District, LA",2015,after,-0.0109659105047177
2021256N21265,"Lake Charles Harbor District, LA",2015,event30,-0.0804808666317584
2021256N21265,"Lake Charles Harbor District, LA",2016,storm,0.1400840174149485
2021256N21265,"Lake Charles Harbor District, LA",2016,after,0.0519517805219787
2021256N21265,"Lake Charles Harbor District, LA",2016,event30,0.0310830964965698
2021256N21265,"Lake Charles Harbor District, LA",2018,storm,0.0399698556297622
2021256N21265,"Lake Charles Harbor District, LA",2018,after,0.0344131768318314
2021256N21265,"Lake Charles Harbor District, LA",2018,event30,0.0736135580852482
2021256N21265,"Lake Charles Harbor District, LA",2022,storm,-0.065335965654629
2021256N21265,"Lake Charles Harbor District, LA",2022,after,-0.0943395670784658
2021256N21265,"Lake Charles Harbor District, LA",2022,event30,-0.0443620823468394
2021256N21265,"Lake Charles Harbor District, LA",2023,storm,-0.0251151273540995
2021256N21265,"Lake Charles Harbor District, LA",2023,after,0.0173748912571973
2021256N21265,"Lake Charles Harbor District, LA",2023,event30,0.0017833731801049
2021256N21265,"New Orleans, LA",2015,storm,-0.1275407326715798
2021256N21265,"New Orleans, LA",2015,after,0.0451308490557393
2021256N21265,"New Orleans, LA",2015,event30,-0.0207402482824049
2021256N21265,"New Orleans, LA",2016,storm,0.1538199197559859
2021256N21265,"New Orleans, LA",2016,after,-0.0059250005728962
2021256N21265,"New Orleans, LA",2016,event30,-0.00092441942666
2021256N21265,"New Orleans, LA",2022,storm,0.0629850408730931
2021256N21265,"New Orleans, LA",2022,after,0.06327409054766
2021256N21265,"New Orleans, LA",2022,event30,0.0201087072345276
2021256N21265,"New Orleans, LA",2023,storm,0.1163550495923487
2021256N21265,"New Orleans, LA",2023,after,-0.0202236046421414
2021256N21265,"New Orleans, LA",2023,event30,0.0412527135161669
2021256N21265,"Orange County Nav District, TX",2015,storm,-0.4073509357211041
2021256N21265,"Orange County Nav District, TX",2015,after,-0.2446386266844498
2021256N21265,"Orange County Nav District, TX",2015,event30,-0.2102705564902184
2021256N21265,"Orange County Nav District, TX",2016,storm,0.0785094540705136
2021256N21265,"Orange County Nav District, TX",2016,after,0.2571765834072061
2021256N21265,"Orange County Nav District, TX",2016,event30,0.0756832410384573
2021256N21265,"Orange County Nav District, TX",2018,storm,0.2200443520100599
2021256N21265,"Orange County Nav District, TX",2018,after,0.1730647774329919
2021256N21265,"Orange County Nav District, TX",2018,event30,0.1414905413744634
2021256N21265,"Orange County Nav District, TX",2022,storm,0.1298225704954813
2021256N21265,"Orange County Nav District, TX",2022,after,0.1356146463766724
2021256N21265,"Orange County Nav District, TX",2022,event30,0.1098900852681048
2021256N21265,"Orange County Nav District, TX",2023,storm,0.0337901921401169
2021256N21265,"Orange County Nav District, TX",2023,after,-0.0490114778624568
2021256N21265,"Orange County Nav District, TX",2023,event30,0.0283219167491657
2021256N21265,"Port Arthur, TX",2015,storm,-0.3947583308912215
2021256N21265,"Port Arthur, TX",2015,after,0.5895970727168622
2021256N21265,"Port Arthur, TX",2015,event30,0.3084237234290746
2021256N21265,"Port Arthur, TX",2016,storm,0.5387164353806327
2021256N21265,"Port Arthur, TX",2016,after,-0.1489156354725948
2021256N21265,"Port Arthur, TX",2016,event30,-0.1538726429247555
2021256N21265,"Port Arthur, TX",2018,storm,0.1064024591682877
2021256N21265,"Port Arthur, TX",2018,after,-0.0476217078424294
2021256N21265,"Port Arthur, TX",2018,event30,0.2262585978257923
2021256N21265,"Port Arthur, TX",2022,storm,0.2148148288562526
2021256N21265,"Port Arthur, TX",2022,after,0.4089299528229184
2021256N21265,"Port Arthur, TX",2022,event30,0.1331254472840078
2021256N21265,"Port Arthur, TX",2023,storm,0.0422943178853678
2021256N21265,"Port Arthur, TX",2023,after,0.2131702825534405
2021256N21265,"Port Arthur, TX",2023,event30,0.2569032825833067
2021256N21265,"Port Freeport, TX",2015,storm,-0.0721398060167956
2021256N21265,"Port Freeport, TX",2015,after,0.0179563723127497
2021256N21265,"Port Freeport, TX",2015,event30,0.0425184267426062
2021256N21265,"Port Freeport, TX",2016,storm,-0.07779988252825
2021256N21265,"Port Freeport, TX",2016,after,-0.0887740873001449
2021256N21265,"Port Freeport, TX",2016,event30,0.0140463441291908
2021256N21265,"Port Freeport, TX",2018,storm,0.0930014478514912
2021256N21265,"Port Freeport, TX",2018,after,0.2062545270275729
2021256N21265,"Port Freeport, TX",2018,event30,0.1328137358114388
2021256N21265,"Port Freeport, TX",2022,storm,-0.0238861391398881
2021256N21265,"Port Freeport, TX",2022,after,-0.1274980715058706
2021256N21265,"Port Freeport, TX",2022,event30,-0.0663399089630235
2021256N21265,"Port Freeport, TX",2023,storm,0.1514415022624531
2021256N21265,"Port Freeport, TX",2023,after,0.0918790207347371
2021256N21265,"Port Freeport, TX",2023,event30,0.0007784791517924
2021256N21265,"Port of Greater Baton Rouge, LA",2015,storm,-0.1384925302104436
2021256N21265,"Port of Greater Baton Rouge, LA",2015,after,0.1310727583710124
2021256N21265,"Port of Greater Baton Rouge, LA",2015,event30,-0.0012742043510701
2021256N21265,"Port of Greater Baton Rouge, LA",2016,storm,-0.0338625484977344
2021256N21265,"Port of Greater Baton Rouge, LA",2016,after,0.027467601148126
2021256N21265,"Port of Greater Baton Rouge, LA",2016,event30,0.0436052161718191
2021256N21265,"Port of Greater Baton Rouge, LA",2022,storm,0.0259303039794066
2021256N21265,"Port of Greater Baton Rouge, LA",2022,after,0.0463956452575202
2021256N21265,"Port of Greater Baton Rouge, LA",2022,event30,-0.0448754607281046
2021256N21265,"Port of Greater Baton Rouge, LA",2023,storm,-0.15719672313563
2021256N21265,"Port of Greater Baton Rouge, LA",2023,after,-0.1105590293117352
2021256N21265,"Port of Greater Baton Rouge, LA",2023,event30,0.0179378714661559
2021256N21265,"Port of Iberia District, LA",2015,storm,-0.1629551086828471
2021256N21265,"Port of Iberia District, LA",2015,after,0.0257235925867573
2021256N21265,"Port of Iberia District, LA",2015,event30,0.0439109925168874
2021256N21265,"Port of Iberia District, LA",2016,storm,-0.1504820619081471
2021256N21265,"Port of Iberia District, LA",2016,after,-0.0100657667910479
2021256N21265,"Port of Iberia District, LA",2016,event30,-0.0435201280872395
2021256N21265,"Port of Iberia District, LA",2018,storm,0.2829913295429457
2021256N21265,"Port of Iberia District, LA",2018,after,0.0046451541235703
2021256N21265,"Port of Iberia District, LA",2018,event30,0.0344173968266484
2021256N21265,"Port of Iberia District, LA",2022,storm,-0.5483642789533337
2021256N21265,"Port of Iberia District, LA",2022,after,-0.2513606918228831
2021256N21265,"Port of Iberia District, LA",2022,event30,-0.2179491924719605
2021256N21265,"Port of Iberia District, LA",2023,storm,0.309705787163304
2021256N21265,"Port of Iberia District, LA",2023,after,0.0523288431486783
2021256N21265,"Port of Iberia District, LA",2023,event30,0.135070734591276
2021256N21265,"Sabine Pass Port Authority, TX",2015,storm,0.2523409242503996
2021256N21265,"Sabine Pass Port Authority, TX",2015,after,0.0511402447661655
2021256N21265,"Sabine Pass Port Authority, TX",2015,event30,0.0574783640768232
2021256N21265,"Sabine Pass Port Authority, TX",2016,storm,-0.1245256887670267
2021256N21265,"Sabine Pass Port Authority, TX",2016,after,-0.325188183600282
2021256N21265,"Sabine Pass Port Authority, TX",2016,event30,-0.2976132950519753
2021256N21265,"Sabine Pass Port Authority, TX",2018,storm,0.0430183318337283
2021256N21265,"Sabine Pass Port Authority, TX",2018,after,0.0347095944932666
2021256N21265,"Sabine Pass Port Authority, TX",2018,event30,0.0974394142832736
2021256N21265,"Sabine Pass Port Authority, TX",2022,storm,0.1113623173311265
2021256N21265,"Sabine Pass Port Authority, TX",2022,after,0.0926722197265652
2021256N21265,"Sabine Pass Port Authority, TX",2022,event30,0.0534104754141507
2021256N21265,"Sabine Pass Port Authority, TX",2023,storm,-0.1290294698921676
2021256N21265,"Sabine Pass Port Authority, TX",2023,after,0.062758929960321
2021256N21265,"Sabine Pass Port Authority, TX",2023,event30,0.0381946989318938
2021256N21265,"South Louisiana, LA, Port of",2015,storm,0.4258115646769525
2021256N21265,"South Louisiana, LA, Port of",2015,after,-0.1080443528576993
2021256N21265,"South Louisiana, LA, Port of",2015,event30,0.096889682239568
2021256N21265,"South Louisiana, LA, Port of",2016,storm,-0.0526982945140831
2021256N21265,"South Louisiana, LA, Port of",2016,after,-0.2698602841946836
2021256N21265,"South Louisiana, LA, Port of",2016,event30,-0.1771641433508404
2021256N21265,"South Louisiana, LA, Port of",2022,storm,-0.4326812773904533
2021256N21265,"South Louisiana, LA, Port of",2022,after,0.2723653875145321
2021256N21265,"South Louisiana, LA, Port of",2022,event30,0.0360009672470828
2021256N21265,"South Louisiana, LA, Port of",2023,storm,-0.0407322450899037
2021256N21265,"South Louisiana, LA, Port of",2023,after,0.1412671866665282
2021256N21265,"South Louisiana, LA, Port of",2023,event30,-0.0165313775904747
2021256N21265,"Terrebonne Parish Port, LA",2015,storm,0.130086834498742
2021256N21265,"Terrebonne Parish Port, LA",2015,after,-0.0319173635283765
2021256N21265,"Terrebonne Parish Port, LA",2015,event30,0.039396430084924
2021256N21265,"Terrebonne Parish Port, LA",2016,storm,-0.2661849697163628
2021256N21265,"Terrebonne Parish Port, LA",2016,after,0.0340352304253243
2021256N21265,"Terrebonne Parish Port, LA",2016,event30,0.0018767092908693
2021256N21265,"Terrebonne Parish Port, LA",2018,storm,0.0465054952249388
2021256N21265,"Terrebonne Parish Port, LA",2018,after,-0.0044056477089175
2021256N21265,"Terrebonne Parish Port, LA",2018,event30,0.0041020217988725
2021256N21265,"Terrebonne Parish Port, LA",2022,storm,-0.0090902014786579
2021256N21265,"Terrebonne Parish Port, LA",2022,after,0.0464702521827933
2021256N21265,"Terrebonne Parish Port, LA",2022,event30,0.0372283560321557
2021256N21265,"Terrebonne Parish Port, LA",2023,storm,-0.0191571650182988
2021256N21265,"Terrebonne Parish Port, LA",2023,after,-0.0782769145676037
2021256N21265,"Terrebonne Parish Port, LA",2023,event30,-0.075076458000385
2021256N21265,"Texas City, TX",2015,storm,0.0385539124379024
2021256N21265,"Texas City, TX",2015,after,0.0920794322570526
2021256N21265,"Texas City, TX",2015,event30,0.0786177408307607
2021256N21265,"Texas City, TX",2016,storm,-0.1412839847961839
2021256N21265,"Texas City, TX",2016,after,0.0461488164784408
2021256N21265,"Texas City, TX",2016,event30,0.0133367247641815
2021256N21265,"Texas City, TX",2018,storm,0.4451073974218478
2021256N21265,"Texas City, TX",2018,after,0.1466014234726879
2021256N21265,"Texas City, TX",2018,event30,0.1631349911284873
2021256N21265,"Texas City, TX",2022,storm,-0.1048420202660517
2021256N21265,"Texas City, TX",2022,after,-0.0520290289165752
2021256N21265,"Texas City, TX",2022,event30,-0.0545373401619874
2021256N21265,"Texas City, TX",2023,storm,-0.0576067950808556
2021256N21265,"Texas City, TX",2023,after,-0.2414454739529094
2021256N21265,"Texas City, TX",2023,event30,-0.1565406016303755
2021299N33284,"Boston, MA",2015,storm,-0.1983565996225962
2021299N33284,"Boston, MA",2015,after,-0.0925088608344591
2021299N33284,"Boston, MA",2015,event30,-0.0821064590345472
2021299N33284,"Boston, MA",2019,storm,0.0494142540043618
2021299N33284,"Boston, MA",2019,after,-0.0231728866695381
2021299N33284,"Boston, MA",2019,event30,0.0925082954746421
2021299N33284,"Boston, MA",2020,storm,-0.0119514820109584
2021299N33284,"Boston, MA",2020,after,0.2676853660363202
2021299N33284,"Boston, MA",2020,event30,0.3519023664150592
2021299N33284,"Boston, MA",2022,storm,-0.0267484794677595
2021299N33284,"Boston, MA",2022,after,0.0899409951440644
2021299N33284,"Boston, MA",2022,event30,0.0379943835332098
2021299N33284,"Boston, MA",2023,storm,0.04265638103963
2021299N33284,"Boston, MA",2023,after,0.0215502202448613
2021299N33284,"Boston, MA",2023,event30,-0.108864095243283
2021299N33284,"Port of Providence, RI",2015,storm,-0.120452200814027
2021299N33284,"Port of Providence, RI",2015,after,-0.1397729500799447
2021299N33284,"Port of Providence, RI",2015,event30,-0.0456434502048305
2021299N33284,"Port of Providence, RI",2017,storm,-0.3008025424053908
2021299N33284,"Port of Providence, RI",2017,after,0.1547248950558325
2021299N33284,"Port of Providence, RI",2017,event30,0.1377572803961145
2021299N33284,"Port of Providence, RI",2019,storm,-0.0564669854792198
2021299N33284,"Port of Providence, RI",2019,after,0.047933586446081
2021299N33284,"Port of Providence, RI",2019,event30,0.0091035976049976
2021299N33284,"Port of Providence, RI",2020,storm,-0.1304448329724855
2021299N33284,"Port of Providence, RI",2020,after,-0.0620809921340937
2021299N33284,"Port of Providence, RI",2020,event30,0.105606130733513
2021299N33284,"Port of Providence, RI",2022,storm,-0.0543686257665414
2021299N33284,"Port of Providence, RI",2022,after,-0.0115743151007759
2021299N33284,"Port of Providence, RI",2022,event30,-0.1319709488984002
2021299N33284,"Port of Providence, RI",2023,storm,-0.0691984407839937
2021299N33284,"Port of Providence, RI",2023,after,0.0273977752395251
2021299N33284,"Port of Providence, RI",2023,event30,0.0257041388891276
2022154N21273,"Canaveral Port District, FL",2016,storm,0.3488789906796288
2022154N21273,"Canaveral Port District, FL",2016,after,0.3592789301833367
2022154N21273,"Canaveral Port District, FL",2016,event30,0.1560642756440323
2022154N21273,"Canaveral Port District, FL",2017,storm,0.0693474855492649
2022154N21273,"Canaveral Port District, FL",2017,after,0.0327877038851962
2022154N21273,"Canaveral Port District, FL",2017,event30,0.0802957466584056
2022154N21273,"Canaveral Port District, FL",2018,storm,0.1564959407832248
2022154N21273,"Canaveral Port District, FL",2018,after,0.0854433595049821
2022154N21273,"Canaveral Port District, FL",2018,event30,0.0444503749785606
2022154N21273,"Canaveral Port District, FL",2019,storm,-0.1888531104544495
2022154N21273,"Canaveral Port District, FL",2019,after,-0.1042511615176259
2022154N21273,"Canaveral Port District, FL",2019,event30,-0.022366903174977
2022154N21273,"Canaveral Port District, FL",2021,storm,0.0627389537999719
2022154N21273,"Canaveral Port District, FL",2021,after,0.0270653008648339
2022154N21273,"Canaveral Port District, FL",2021,event30,-0.0480855917931495
2022154N21273,"Canaveral Port District, FL",2023,storm,-0.1390290917654137
2022154N21273,"Canaveral Port District, FL",2023,after,-0.2031794115687076
2022154N21273,"Canaveral Port District, FL",2023,event30,-0.070594949273972
2022154N21273,"Manatee County Port, FL",2015,storm,-0.2733948689807285
2022154N21273,"Manatee County Port, FL",2015,after,-0.1456262303521922
2022154N21273,"Manatee County Port, FL",2015,event30,-0.0640199911008095
2022154N21273,"Manatee County Port, FL",2016,storm,0.4780638337854547
2022154N21273,"Manatee County Port, FL",2016,after,0.2184039703111948
2022154N21273,"Manatee County Port, FL",2016,event30,0.0341096207052124
2022154N21273,"Manatee County Port, FL",2017,storm,-0.008350867982739
2022154N21273,"Manatee County Port, FL",2017,after,-0.1963631608172735
2022154N21273,"Manatee County Port, FL",2017,event30,-0.1788737385996268
2022154N21273,"Manatee County Port, FL",2019,storm,0.6337613144845993
2022154N21273,"Manatee County Port, FL",2019,after,-0.0467661629391835
2022154N21273,"Manatee County Port, FL",2019,event30,-0.0502134482998543
2022154N21273,"Manatee County Port, FL",2020,storm,0.2884515777502365
2022154N21273,"Manatee County Port, FL",2020,after,0.3747468700043428
2022154N21273,"Manatee County Port, FL",2020,event30,0.1725112937433074
2022154N21273,"Manatee County Port, FL",2023,storm,-0.3127729886920279
2022154N21273,"Manatee County Port, FL",2023,after,0.0784123790368006
2022154N21273,"Manatee County Port, FL",2023,event30,0.1355718609686745
2022154N21273,"Port Everglades, FL",2016,storm,0.2431352243885534
2022154N21273,"Port Everglades, FL",2016,after,0.2586170413001281
2022154N21273,"Port Everglades, FL",2016,event30,0.1744089151786428
2022154N21273,"Port Everglades, FL",2017,storm,-0.1349563536607591
2022154N21273,"Port Everglades, FL",2017,after,0.0487438303081808
2022154N21273,"Port Everglades, FL",2017,event30,-0.0235553589760038
2022154N21273,"Port Everglades, FL",2018,storm,-0.0191123828563864
2022154N21273,"Port Everglades, FL",2018,after,-0.1126932926782778
2022154N21273,"Port Everglades, FL",2018,event30,-0.0126691994234081
2022154N21273,"Port Everglades, FL",2019,storm,-0.1991796650818325
2022154N21273,"Port Everglades, FL",2019,after,-0.095092235323677
2022154N21273,"Port Everglades, FL",2019,event30,-0.0268584425089568
2022154N21273,"Port Everglades, FL",2020,storm,-0.0282804499268183
2022154N21273,"Port Everglades, FL",2020,after,-0.1819059831860903
2022154N21273,"Port Everglades, FL",2020,event30,0.0800750495868071
2022154N21273,"Port Everglades, FL",2021,storm,-0.2276399164081348
2022154N21273,"Port Everglades, FL",2021,after,-0.0806162025650612
2022154N21273,"Port Everglades, FL",2021,event30,-0.0239965696447451
2022154N21273,"Port Everglades, FL",2023,storm,-0.0760448027128176
2022154N21273,"Port Everglades, FL",2023,after,-0.0373430247647295
2022154N21273,"Port Everglades, FL",2023,event30,-0.0502064229215942
2022154N21273,"Port of Palm Beach District, FL",2016,storm,0.2743258562674807
2022154N21273,"Port of Palm Beach District, FL",2016,after,0.0975476607940308
2022154N21273,"Port of Palm Beach District, FL",2016,event30,0.0460704798079382
2022154N21273,"Port of Palm Beach District, FL",2017,storm,-0.0868988319614012
2022154N21273,"Port of Palm Beach District, FL",2017,after,-0.1771810528703202
2022154N21273,"Port of Palm Beach District, FL",2017,event30,-0.0845003586169738
2022154N21273,"Port of Palm Beach District, FL",2018,storm,0.0551485297916013
2022154N21273,"Port of Palm Beach District, FL",2018,after,0.1143302260899995
2022154N21273,"Port of Palm Beach District, FL",2018,event30,0.0975349772080683
2022154N21273,"Port of Palm Beach District, FL",2019,storm,-0.2563564627617469
2022154N21273,"Port of Palm Beach District, FL",2019,after,-0.0952590930127345
2022154N21273,"Port of Palm Beach District, FL",2019,event30,-0.1048699958585342
2022154N21273,"Port of Palm Beach District, FL",2021,storm,0.2533599556058131
2022154N21273,"Port of Palm Beach District, FL",2021,after,0.2073445683107189
2022154N21273,"Port of Palm Beach District, FL",2021,event30,0.149067764266164
2022154N21273,"Port of Palm Beach District, FL",2023,storm,-0.0356303721921552
2022154N21273,"Port of Palm Beach District, FL",2023,after,0.1203778411269932
2022154N21273,"Port of Palm Beach District, FL",2023,event30,0.1359915811499135
2022154N21273,"PortMiami, FL",2016,storm,0.1338900979128837
2022154N21273,"PortMiami, FL",2016,after,0.0596888603371786
2022154N21273,"PortMiami, FL",2016,event30,0.0165032035468766
2022154N21273,"PortMiami, FL",2017,storm,0.1871699918914365
2022154N21273,"PortMiami, FL",2017,after,0.0868835587464226
2022154N21273,"PortMiami, FL",2017,event30,0.1130746841542308
2022154N21273,"PortMiami, FL",2018,storm,0.0163148435574808
2022154N21273,"PortMiami, FL",2018,after,0.016553917326936
2022154N21273,"PortMiami, FL",2018,event30,0.0271054316741198
2022154N21273,"PortMiami, FL",2019,storm,-0.0153830903685684
2022154N21273,"PortMiami, FL",2019,after,0.0575488623216662
2022154N21273,"PortMiami, FL",2019,event30,0.0660342420059943
2022154N21273,"PortMiami, FL",2020,storm,-0.0235979814781026
2022154N21273,"PortMiami, FL",2020,after,-0.0863222631660651
2022154N21273,"PortMiami, FL",2020,event30,0.0313928594395706
2022154N21273,"PortMiami, FL",2023,storm,-0.0540078905323899
2022154N21273,"PortMiami, FL",2023,after,-0.0737709986619716
2022154N21273,"PortMiami, FL",2023,event30,-0.0531635461168183
2022154N21273,"Tampa Port Authority, FL",2015,storm,-0.1184179419799434
2022154N21273,"Tampa Port Authority, FL",2015,after,-0.145269113776013
2022154N21273,"Tampa Port Authority, FL",2015,event30,-0.2451557281353733
2022154N21273,"Tampa Port Authority, FL",2017,storm,0.0120936033644897
2022154N21273,"Tampa Port Authority, FL",2017,after,0.0516105305203421
2022154N21273,"Tampa Port Authority, FL",2017,event30,0.0809261615703809
2022154N21273,"Tampa Port Authority, FL",2019,storm,0.1691790906977604
2022154N21273,"Tampa Port Authority, FL",2019,after,0.0600768385131519
2022154N21273,"Tampa Port Authority, FL",2019,event30,0.1500521396663926
2022154N21273,"Tampa Port Authority, FL",2020,storm,-0.2244032329845866
2022154N21273,"Tampa Port Authority, FL",2020,after,0.0020267141054331
2022154N21273,"Tampa Port Authority, FL",2020,event30,-0.0185280023133765
2022154N21273,"Tampa Port Authority, FL",2023,storm,-0.0661950448342754
2022154N21273,"Tampa Port Authority, FL",2023,after,0.0545644182055694
2022154N21273,"Tampa Port Authority, FL",2023,event30,-0.0373732800261367
2022183N32280,"Jacksonville, FL",2015,storm,-0.0153657650348539
2022183N32280,"Jacksonville, FL",2015,after,-0.0711977300613962
2022183N32280,"Jacksonville, FL",2015,event30,-0.0379470076083989
2022183N32280,"Jacksonville, FL",2017,storm,0.1323764221316616
2022183N32280,"Jacksonville, FL",2017,after,-0.019672246026584
2022183N32280,"Jacksonville, FL",2017,event30,-0.0244339951663997
2022183N32280,"Jacksonville, FL",2018,storm,0.2067308873341821
2022183N32280,"Jacksonville, FL",2018,after,0.081132830257297
2022183N32280,"Jacksonville, FL",2018,event30,-0.0275906013002083
2022183N32280,"Jacksonville, FL",2019,storm,-0.0098477042955573
2022183N32280,"Jacksonville, FL",2019,after,0.0495227577634467
2022183N32280,"Jacksonville, FL",2019,event30,0.0062623044735788
2022183N32280,"Jacksonville, FL",2023,storm,0.2049361388419225
2022183N32280,"Jacksonville, FL",2023,after,0.0798665113208845
2022183N32280,"Jacksonville, FL",2023,event30,0.1486442493637443
2022183N32280,"Port of Brunswick, GA",2015,storm,-0.1678577920511336
2022183N32280,"Port of Brunswick, GA",2015,after,-0.1884667080083494
2022183N32280,"Port of Brunswick, GA",2015,event30,-0.1345232121304714
2022183N32280,"Port of Brunswick, GA",2017,storm,0.2278992492378541
2022183N32280,"Port of Brunswick, GA",2017,after,0.3026069805559911
2022183N32280,"Port of Brunswick, GA",2017,event30,0.3551952541144542
2022183N32280,"Port of Brunswick, GA",2018,storm,0.19853110303877
2022183N32280,"Port of Brunswick, GA",2018,after,0.0181030583914259
2022183N32280,"Port of Brunswick, GA",2018,event30,-0.1796943180191353
2022183N32280,"Port of Brunswick, GA",2019,storm,-0.1119923700781456
2022183N32280,"Port of Brunswick, GA",2019,after,0.0115439313964313
2022183N32280,"Port of Brunswick, GA",2019,event30,-0.0225324097519133
2022183N32280,"Port of Brunswick, GA",2023,storm,0.0940706376238678
2022183N32280,"Port of Brunswick, GA",2023,after,0.0945732087565509
2022183N32280,"Port of Brunswick, GA",2023,event30,0.1097622981015238
2022183N32280,"Port of Charleston, SC",2017,storm,-0.0763449890408766
2022183N32280,"Port of Charleston, SC",2017,after,-0.0201878402104991
2022183N32280,"Port of Charleston, SC",2017,event30,-0.1120241315836918
2022183N32280,"Port of Charleston, SC",2018,storm,0.0207332730593784
2022183N32280,"Port of Charleston, SC",2018,after,-0.2082492703484517
2022183N32280,"Port of Charleston, SC",2018,event30,-0.1675834025047604
2022183N32280,"Port of Charleston, SC",2019,storm,0.0251458341902452
2022183N32280,"Port of Charleston, SC",2019,after,-0.0837381883706994
2022183N32280,"Port of Charleston, SC",2019,event30,0.066748018786397
2022183N32280,"Port of Charleston, SC",2023,storm,0.1192582551252536
2022183N32280,"Port of Charleston, SC",2023,after,0.1581180733111291
2022183N32280,"Port of Charleston, SC",2023,event30,0.1987014788663039
2022183N32280,"Port of Savannah, GA",2015,storm,0.0467196578001325
2022183N32280,"Port of Savannah, GA",2015,after,0.0421449376194536
2022183N32280,"Port of Savannah, GA",2015,event30,0.0567724814362406
2022183N32280,"Port of Savannah, GA",2017,storm,0.0339301660406903
2022183N32280,"Port of Savannah, GA",2017,after,0.0602875906492896
2022183N32280,"Port of Savannah, GA",2017,event30,0.0655139406416976
2022183N32280,"Port of Savannah, GA",2018,storm,0.0866431936962899
2022183N32280,"Port of Savannah, GA",2018,after,0.0029615360934254
2022183N32280,"Port of Savannah, GA",2018,event30,-0.0753701124901285
2022183N32280,"Port of Savannah, GA",2019,storm,0.3678670335211049
2022183N32280,"Port of Savannah, GA",2019,after,-0.0361539716448106
2022183N32280,"Port of Savannah, GA",2019,event30,0.0280243169402411
2022183N32280,"Port of Savannah, GA",2023,storm,0.0141517291261876
2022183N32280,"Port of Savannah, GA",2023,after,-0.084233733978492
2022183N32280,"Port of Savannah, GA",2023,event30,-0.0340324449357428
2022183N32280,"Wilmington, NC",2017,storm,-0.2002835391850412
2022183N32280,"Wilmington, NC",2017,after,-0.1926909047616792
2022183N32280,"Wilmington, NC",2017,event30,-0.2121912760919529
2022183N32280,"Wilmington, NC",2018,storm,0.0598328106751432
2022183N32280,"Wilmington, NC",2018,after,0.2548010378937224
2022183N32280,"Wilmington, NC",2018,event30,0.1248905515314317
2022183N32280,"Wilmington, NC",2019,storm,-0.0686773734451458
2022183N32280,"Wilmington, NC",2019,after,-0.0662921141653706
2022183N32280,"Wilmington, NC",2019,event30,-0.0291474485077367
2022183N32280,"Wilmington, NC",2023,storm,0.1799364007814146
2022183N32280,"Wilmington, NC",2023,after,0.164322780423799
2022183N32280,"Wilmington, NC",2023,event30,0.1767343651735053
2022266N12294,"Canaveral Port District, FL",2015,storm,0.0809728649895365
2022266N12294,"Canaveral Port District, FL",2015,after,-0.1905415650145203
2022266N12294,"Canaveral Port District, FL",2015,event30,-0.0829793596961385
2022266N12294,"Canaveral Port District, FL",2018,storm,0.1367581460765111
2022266N12294,"Canaveral Port District, FL",2018,after,-0.0169044372709538
2022266N12294,"Canaveral Port District, FL",2018,event30,0.0520369413845609
2022266N12294,"Canaveral Port District, FL",2021,storm,0.1220071299043097
2022266N12294,"Canaveral Port District, FL",2021,after,0.2462665097233819
2022266N12294,"Canaveral Port District, FL",2021,event30,0.1518817817814363
2022266N12294,"Canaveral Port District, FL",2023,storm,-0.2879089070219171
2022266N12294,"Canaveral Port District, FL",2023,after,-0.1809840605521321
2022266N12294,"Canaveral Port District, FL",2023,event30,-0.1866615114382609
2022311N21293,"Canaveral Port District, FL",2015,storm,-0.1289598320321675
2022311N21293,"Canaveral Port District, FL",2015,after,0.1078872233498532
2022311N21293,"Canaveral Port District, FL",2015,event30,0.0624132261016364
2022311N21293,"Canaveral Port District, FL",2018,storm,-0.2479771129809213
2022311N21293,"Canaveral Port District, FL",2018,after,-0.0330409736126892
2022311N21293,"Canaveral Port District, FL",2018,event30,-0.1218239472803529
2022311N21293,"Canaveral Port District, FL",2019,storm,0.2463350029781982
2022311N21293,"Canaveral Port District, FL",2019,after,0.2223387399679441
2022311N21293,"Canaveral Port District, FL",2019,event30,0.1099210021753898
2022311N21293,"Canaveral Port District, FL",2021,storm,0.0670367298902996
2022311N21293,"Canaveral Port District, FL",2021,after,-0.1238251205760578
2022311N21293,"Canaveral Port District, FL",2021,event30,-0.0261978752884685
2022311N21293,"Canaveral Port District, FL",2023,storm,0.0719959952183045
2022311N21293,"Canaveral Port District, FL",2023,after,-0.0993919509185477
2022311N21293,"Canaveral Port District, FL",2023,event30,0.0473511073206093
2022311N21293,"Jacksonville, FL",2015,storm,-0.036125897498492
2022311N21293,"Jacksonville, FL",2015,after,0.0798585969792364
2022311N21293,"Jacksonville, FL",2015,event30,-0.0059882879266759
2022311N21293,"Jacksonville, FL",2018,storm,-0.0177230883115495
2022311N21293,"Jacksonville, FL",2018,after,-0.0754308038284157
2022311N21293,"Jacksonville, FL",2018,event30,-0.0265323581633238
2022311N21293,"Jacksonville, FL",2021,storm,0.1057373710969123
2022311N21293,"Jacksonville, FL",2021,after,0.1111678687620996
2022311N21293,"Jacksonville, FL",2021,event30,0.0762654584230345
2022311N21293,"Jacksonville, FL",2023,storm,0.1569200325351135
2022311N21293,"Jacksonville, FL",2023,after,-0.0952764384531913
2022311N21293,"Jacksonville, FL",2023,event30,0.0024437048618621
2022311N21293,"Manatee County Port, FL",2015,storm,-0.0391048965358019
2022311N21293,"Manatee County Port, FL",2015,after,0.0262167074062776
2022311N21293,"Manatee County Port, FL",2015,event30,-0.2535973224600661
2022311N21293,"Manatee County Port, FL",2018,storm,0.1689593621042283
2022311N21293,"Manatee County Port, FL",2018,after,-0.024689300649461
2022311N21293,"Manatee County Port, FL",2018,event30,-0.0288941691286337
2022311N21293,"Manatee County Port, FL",2019,storm,-0.1870224768798369
2022311N21293,"Manatee County Port, FL",2019,after,0.0101710781252273
2022311N21293,"Manatee County Port, FL",2019,event30,0.1275629649392777
2022311N21293,"Manatee County Port, FL",2021,storm,0.4319533569236049
2022311N21293,"Manatee County Port, FL",2021,after,0.7430357511038126
2022311N21293,"Manatee County Port, FL",2021,event30,0.6731056801935069
2022311N21293,"Manatee County Port, FL",2023,storm,-0.6777429824950112
2022311N21293,"Manatee County Port, FL",2023,after,-0.3338251914045259
2022311N21293,"Manatee County Port, FL",2023,event30,-0.3534940365112243
2022311N21293,"Panama City Port Authority, FL",2015,storm,-0.9330686527911204
2022311N21293,"Panama City Port Authority, FL",2015,after,0.1045802010536688
2022311N21293,"Panama City Port Authority, FL",2015,event30,0.0801442250032821
2022311N21293,"Panama City Port Authority, FL",2016,storm,-0.150441140057268
2022311N21293,"Panama City Port Authority, FL",2016,after,-0.1337516253078376
2022311N21293,"Panama City Port Authority, FL",2016,event30,-0.1894574513351631
2022311N21293,"Panama City Port Authority, FL",2021,storm,0.0658776261991113
2022311N21293,"Panama City Port Authority, FL",2021,after,-0.1159608349936682
2022311N21293,"Panama City Port Authority, FL",2021,event30,0.0059127625988604
2022311N21293,"Panama City Port Authority, FL",2023,storm,0.3268278374200754
2022311N21293,"Panama City Port Authority, FL",2023,after,0.0070151131059587
2022311N21293,"Panama City Port Authority, FL",2023,event30,0.0222927515045336
2022311N21293,"Port Everglades, FL",2015,storm,-0.1135291815232146
2022311N21293,"Port Everglades, FL",2015,after,0.0576697207819638
2022311N21293,"Port Everglades, FL",2015,event30,-0.0680383049773273
2022311N21293,"Port Everglades, FL",2018,storm,0.2063192695045459
2022311N21293,"Port Everglades, FL",2018,after,-0.0083967973399656
2022311N21293,"Port Everglades, FL",2018,event30,-0.0055526958062942
2022311N21293,"Port Everglades, FL",2019,storm,-0.3412709530815603
2022311N21293,"Port Everglades, FL",2019,after,-0.2617308652066614
2022311N21293,"Port Everglades, FL",2019,event30,-0.0219803428245127
2022311N21293,"Port Everglades, FL",2021,storm,0.0545310745965386
2022311N21293,"Port Everglades, FL",2021,after,0.0780325164308214
2022311N21293,"Port Everglades, FL",2021,event30,0.0015992688341478
2022311N21293,"Port Everglades, FL",2023,storm,0.2208905453323068
2022311N21293,"Port Everglades, FL",2023,after,0.0874563872459817
2022311N21293,"Port Everglades, FL",2023,event30,0.1345551450458411
2022311N21293,"Port of Palm Beach District, FL",2015,storm,0.041289051329153
2022311N21293,"Port of Palm Beach District, FL",2015,after,-0.0104227781517664
2022311N21293,"Port of Palm Beach District, FL",2015,event30,-0.0189714774693475
2022311N21293,"Port of Palm Beach District, FL",2018,storm,0.1188599185041895
2022311N21293,"Port of Palm Beach District, FL",2018,after,0.0455847877567321
2022311N21293,"Port of Palm Beach District, FL",2018,event30,0.0930700016766274
2022311N21293,"Port of Palm Beach District, FL",2019,storm,-0.3791656587128528
2022311N21293,"Port of Palm Beach District, FL",2019,after,-0.1988903184487276
2022311N21293,"Port of Palm Beach District, FL",2019,event30,-0.0681895798318847
2022311N21293,"Port of Palm Beach District, FL",2021,storm,-0.0783408872867671
2022311N21293,"Port of Palm Beach District, FL",2021,after,0.1950473600404505
2022311N21293,"Port of Palm Beach District, FL",2021,event30,0.0513249107298841
2022311N21293,"Port of Palm Beach District, FL",2023,storm,1.0483187077489449
2022311N21293,"Port of Palm Beach District, FL",2023,after,0.8147946454550292
2022311N21293,"Port of Palm Beach District, FL",2023,event30,0.5546338954068021
2022311N21293,"Tampa Port Authority, FL",2015,storm,0.0528034093591028
2022311N21293,"Tampa Port Authority, FL",2015,after,0.0479690434509653
2022311N21293,"Tampa Port Authority, FL",2015,event30,0.019772068509433
2022311N21293,"Tampa Port Authority, FL",2018,storm,-0.107231623527817
2022311N21293,"Tampa Port Authority, FL",2018,after,-0.0476887224046943
2022311N21293,"Tampa Port Authority, FL",2018,event30,-0.0819635612924611
2022311N21293,"Tampa Port Authority, FL",2019,storm,-0.122015169036225
2022311N21293,"Tampa Port Authority, FL",2019,after,-0.1709533251862868
2022311N21293,"Tampa Port Authority, FL",2019,event30,-0.0686855574029132
2022311N21293,"Tampa Port Authority, FL",2021,storm,0.1834327355150076
2022311N21293,"Tampa Port Authority, FL",2021,after,0.2102958238949961
2022311N21293,"Tampa Port Authority, FL",2021,event30,0.248318886222526
2022311N21293,"Tampa Port Authority, FL",2023,storm,0.0575568942880632
2022311N21293,"Tampa Port Authority, FL",2023,after,-0.0920113427396094
2022311N21293,"Tampa Port Authority, FL",2023,event30,-0.1188608652405933
2023234N25271,"Calhoun Port Authority, TX",2015,storm,-0.1010186536282294
2023234N25271,"Calhoun Port Authority, TX",2015,after,-0.1190989441967364
2023234N25271,"Calhoun Port Authority, TX",2015,event30,-0.1627921250238571
2023234N25271,"Calhoun Port Authority, TX",2016,storm,0.3908080755927246
2023234N25271,"Calhoun Port Authority, TX",2016,after,0.3257221052916328
2023234N25271,"Calhoun Port Authority, TX",2016,event30,0.0321202120048817
2023234N25271,"Calhoun Port Authority, TX",2018,storm,0.1230880933191137
2023234N25271,"Calhoun Port Authority, TX",2018,after,-0.0290091982388865
2023234N25271,"Calhoun Port Authority, TX",2018,event30,0.1054213947529845
2023234N25271,"Calhoun Port Authority, TX",2022,storm,0.1777828368413541
2023234N25271,"Calhoun Port Authority, TX",2022,after,-0.207888282998886
2023234N25271,"Calhoun Port Authority, TX",2022,event30,0.0969390251963852
2023234N25271,"Corpus Christi, TX",2015,storm,-0.0896176708706563
2023234N25271,"Corpus Christi, TX",2015,after,0.0702292598739964
2023234N25271,"Corpus Christi, TX",2015,event30,0.1328853990324905
2023234N25271,"Corpus Christi, TX",2016,storm,-0.029623947605928
2023234N25271,"Corpus Christi, TX",2016,after,-0.2261398495133412
2023234N25271,"Corpus Christi, TX",2016,event30,-0.1948547201350218
2023234N25271,"Corpus Christi, TX",2018,storm,-0.1464191614916362
2023234N25271,"Corpus Christi, TX",2018,after,-0.0169144320788024
2023234N25271,"Corpus Christi, TX",2018,event30,-0.0421883295914311
2023234N25271,"Corpus Christi, TX",2022,storm,0.0138900356268666
2023234N25271,"Corpus Christi, TX",2022,after,0.1464636568052344
2023234N25271,"Corpus Christi, TX",2022,event30,0.1053125510660213
2023265N29284,"Baltimore, MD",2015,storm,0.0047953047133012
2023265N29284,"Baltimore, MD",2015,after,0.0912548304907972
2023265N29284,"Baltimore, MD",2015,event30,0.0446072044359523
2023265N29284,"Baltimore, MD",2016,storm,-0.1683550701577661
2023265N29284,"Baltimore, MD",2016,after,-0.0019458912457012
2023265N29284,"Baltimore, MD",2016,event30,-0.0341617239510349
2023265N29284,"Baltimore, MD",2017,storm,-0.0993444158659125
2023265N29284,"Baltimore, MD",2017,after,-0.1879368841637858
2023265N29284,"Baltimore, MD",2017,event30,-0.1125461629291533
2023265N29284,"Baltimore, MD",2022,storm,0.2484116749537932
2023265N29284,"Baltimore, MD",2022,after,0.1857401232455948
2023265N29284,"Baltimore, MD",2022,event30,0.1144159874846474
