SID,port,window,intensity,lh,lc,g,cls_co2
2015126N27281,"Morehead City, NC",storm,Tropical storm <50 kt,0.0281567273527949,-0.106150204285875,-0.13430693163867,no response
2015126N27281,"Morehead City, NC",after,Tropical storm <50 kt,0.1025833312855466,0.0604789576189165,-0.04210437366663,no response
2015126N27281,"Morehead City, NC",event30,Tropical storm <50 kt,0.0918635418718467,0.0004023849203175,-0.0914611569515291,no response
2015126N27281,"Port of Charleston, SC",storm,Tropical storm <50 kt,0.0303478771005806,-0.0292573894194078,-0.0596052665199885,no response
2015126N27281,"Port of Charleston, SC",after,Tropical storm <50 kt,0.1289660657131402,0.1302329259201265,0.0012668602069863,no response
2015126N27281,"Port of Charleston, SC",event30,Tropical storm <50 kt,0.0746827218330895,0.074375248998537,-0.0003074728345525,no response
2015126N27281,"Virginia, VA, Port of",storm,Tropical storm <50 kt,-0.2125737776615036,-0.2223110292981272,-0.0097372516366236,no response
2015126N27281,"Virginia, VA, Port of",after,Tropical storm <50 kt,-0.1481600592427012,-0.0724893626117804,0.0756706966309207,no response
2015126N27281,"Virginia, VA, Port of",event30,Tropical storm <50 kt,-0.1836193911680191,-0.1120423351841275,0.0715770559838916,no response
2015126N27281,"Wilmington, NC",storm,Tropical storm <50 kt,0.1662018688040945,-0.1071008682520935,-0.2733027370561881,no response
2015126N27281,"Wilmington, NC",after,Tropical storm <50 kt,0.2632103474301733,0.1624214615919458,-0.1007888858382274,no response
2015126N27281,"Wilmington, NC",event30,Tropical storm <50 kt,0.1679948090097275,0.0546071523140244,-0.1133876566957031,no response
2015167N27266,"Calhoun Port Authority, TX",storm,Tropical storm <50 kt,-0.5474981375181356,-0.8771847979833894,-0.3296866604652538,coupled
2015167N27266,"Calhoun Port Authority, TX",after,Tropical storm <50 kt,-0.0427576772905501,-0.2022927588254082,-0.1595350815348581,no response
2015167N27266,"Calhoun Port Authority, TX",event30,Tropical storm <50 kt,-0.1039911474174183,-0.1549922930497059,-0.0510011456322876,no response
2015167N27266,"Corpus Christi, TX",storm,Strong TS 50–63 kt,-0.0151546879364336,-0.2441436105637998,-0.2289889226273662,no response
2015167N27266,"Corpus Christi, TX",after,Strong TS 50–63 kt,0.019672873052073,-0.0532746175989365,-0.0729474906510096,no response
2015167N27266,"Corpus Christi, TX",event30,Strong TS 50–63 kt,0.0264772479060223,-0.0495009712828528,-0.0759782191888751,no response
2015167N27266,"Galveston, TX",storm,Tropical storm <50 kt,0.1033059061274955,0.1399576713244456,0.0366517651969501,no response
2015167N27266,"Galveston, TX",after,Tropical storm <50 kt,-0.0183098520819718,0.0403998888676886,0.0587097409496604,no response
2015167N27266,"Galveston, TX",event30,Tropical storm <50 kt,-0.0303305768221502,0.0136004706197656,0.0439310474419159,no response
2015167N27266,"Houston Port Authority, TX",storm,Tropical storm <50 kt,-0.0269003844298026,0.0403140136639056,0.0672143980937083,no response
2015167N27266,"Houston Port Authority, TX",after,Tropical storm <50 kt,-0.0261454046179869,0.0239848194859714,0.0501302241039583,no response
2015167N27266,"Houston Port Authority, TX",event30,Tropical storm <50 kt,-0.0645111938282246,-0.0071562061715322,0.0573549876566924,no response
2015167N27266,"Port Freeport, TX",storm,Strong TS 50–63 kt,-0.8945699654542332,-0.9623323227810404,-0.0677623573268071,coupled
2015167N27266,"Port Freeport, TX",after,Strong TS 50–63 kt,-0.3145204162954034,-0.2521931427507298,0.0623272735446735,no response
2015167N27266,"Port Freeport, TX",event30,Strong TS 50–63 kt,-0.1377325177442865,-0.1559579161871206,-0.0182253984428341,no response
2015167N27266,"Texas City, TX",storm,Strong TS 50–63 kt,-0.3895654618309628,-1.0516255155963274,-0.6620600537653647,relative (amplified)
2015167N27266,"Texas City, TX",after,Strong TS 50–63 kt,-0.068047503145435,0.0097590230529129,0.0778065261983479,no response
2015167N27266,"Texas City, TX",event30,Strong TS 50–63 kt,-0.0834216409961215,-0.1531420651590115,-0.06972042416289,no response
2016148N27288,"Morehead City, NC",storm,Tropical storm <50 kt,0.1580046706964723,0.1028328120692939,-0.0551718586271783,no response
2016148N27288,"Morehead City, NC",after,Tropical storm <50 kt,0.0605708944538662,0.0119360256975872,-0.048634868756279,no response
2016148N27288,"Morehead City, NC",event30,Tropical storm <50 kt,0.1275437237517986,0.0419649577166137,-0.0855787660351849,no response
2016148N27288,"Port of Brunswick, GA",storm,Tropical storm <50 kt,-0.2339466885375061,-0.0220565657402012,0.2118901227973048,no response
2016148N27288,"Port of Brunswick, GA",after,Tropical storm <50 kt,-0.1938116007430447,-0.1753156785173046,0.0184959222257401,no response
2016148N27288,"Port of Brunswick, GA",event30,Tropical storm <50 kt,-0.1077162816756771,-0.0131734734532312,0.0945428082224459,no response
2016148N27288,"Port of Charleston, SC",storm,Tropical storm <50 kt,-0.0885266394629484,0.1029638549058174,0.1914904943687659,no response
2016148N27288,"Port of Charleston, SC",after,Tropical storm <50 kt,0.0394033332516379,0.0330594235808849,-0.0063439096707529,no response
2016148N27288,"Port of Charleston, SC",event30,Tropical storm <50 kt,-0.0130880388422257,0.0259514560063696,0.0390394948485953,no response
2016148N27288,"Port of Savannah, GA",storm,Tropical storm <50 kt,-0.1474244773887044,0.1553163432286612,0.3027408206173656,no response
2016148N27288,"Port of Savannah, GA",after,Tropical storm <50 kt,-0.063923285260506,0.0783603049663489,0.142283590226855,no response
2016148N27288,"Port of Savannah, GA",event30,Tropical storm <50 kt,-0.0969731293623127,0.0494841528876981,0.1464572822500108,no response
2016148N27288,"Wilmington, NC",storm,Tropical storm <50 kt,0.0049432711036613,0.118626591700778,0.1136833205971167,no response
2016148N27288,"Wilmington, NC",after,Tropical storm <50 kt,0.3640465027376987,0.1531336180276048,-0.2109128847100938,no response
2016148N27288,"Wilmington, NC",event30,Tropical storm <50 kt,0.1483310402696494,0.0745769749704078,-0.0737540652992416,no response
2016158N22272,"Jacksonville, FL",storm,Tropical storm <50 kt,-0.0678154657580469,-0.1056882146104616,-0.0378727488524147,no response
2016158N22272,"Jacksonville, FL",after,Tropical storm <50 kt,-0.1131031549010161,0.0435521705488892,0.1566553254499053,no response
2016158N22272,"Jacksonville, FL",event30,Tropical storm <50 kt,-0.124675796019117,-0.0646266453811899,0.060049150637927,no response
2016158N22272,"Morehead City, NC",storm,Tropical storm <50 kt,-0.476556891725509,-0.7883249914990951,-0.311768099773586,coupled
2016158N22272,"Morehead City, NC",after,Tropical storm <50 kt,0.0013347734026421,-0.0165760532912502,-0.0179108266938924,no response
2016158N22272,"Morehead City, NC",event30,Tropical storm <50 kt,0.0214226995572812,-0.0491263141469534,-0.0705490137042346,no response
2016158N22272,"Panama City Port Authority, FL",storm,Tropical storm <50 kt,0.1188944012394354,0.1210725612063781,0.0021781599669426,no response
2016158N22272,"Panama City Port Authority, FL",after,Tropical storm <50 kt,0.3006838350137709,0.278718245464805,-0.0219655895489658,no response
2016158N22272,"Panama City Port Authority, FL",event30,Tropical storm <50 kt,0.1550092254129858,0.2515778214829907,0.0965685960700048,no response
2016158N22272,"Port of Brunswick, GA",storm,Tropical storm <50 kt,-0.2714894650452052,-0.3468413109567165,-0.0753518459115113,no response
2016158N22272,"Port of Brunswick, GA",after,Tropical storm <50 kt,-0.2783003742772998,-0.1923282178239856,0.0859721564533142,no response
2016158N22272,"Port of Brunswick, GA",event30,Tropical storm <50 kt,-0.1988395171940413,-0.0699581076813181,0.1288814095127231,no response
2016158N22272,"Port of Charleston, SC",storm,Tropical storm <50 kt,0.1113711820626064,-0.0253461882243964,-0.1367173702870028,no response
2016158N22272,"Port of Charleston, SC",after,Tropical storm <50 kt,0.0703557541725316,0.0423970507220037,-0.0279587034505278,no response
2016158N22272,"Port of Charleston, SC",event30,Tropical storm <50 kt,0.0176570265011312,-0.0216734849723235,-0.0393305114734547,no response
2016158N22272,"Port of Savannah, GA",storm,Tropical storm <50 kt,0.0699386028550257,0.2223515509815204,0.1524129481264947,no response
2016158N22272,"Port of Savannah, GA",after,Tropical storm <50 kt,-0.1295860933127514,-0.0019755052198361,0.1276105880929152,no response
2016158N22272,"Port of Savannah, GA",event30,Tropical storm <50 kt,-0.0482287411838044,-0.0052904445110452,0.0429382966727591,no response
2016158N22272,"Wilmington, NC",storm,Tropical storm <50 kt,0.1329858978508561,-0.5361019351174988,-0.669087832968355,no response
2016158N22272,"Wilmington, NC",after,Tropical storm <50 kt,0.3610016992387133,0.1173846722521412,-0.243617026986572,no response
2016158N22272,"Wilmington, NC",event30,Tropical storm <50 kt,0.1930516433738441,0.0204527789559536,-0.1725988644178904,no response
2016242N24279,"Boston, MA",storm,Tropical storm <50 kt,0.0346697074246461,-0.2658293823475943,-0.3004990897722404,no response
2016242N24279,"Boston, MA",after,Tropical storm <50 kt,0.1364877315147879,0.1135615189360151,-0.0229262125787727,no response
2016242N24279,"Boston, MA",event30,Tropical storm <50 kt,0.0838132105244411,0.0285441810571351,-0.055269029467306,no response
2016242N24279,"New York, NY & NJ",storm,Tropical storm <50 kt,-0.2000123465977969,-0.3097435310320036,-0.1097311844342066,no response
2016242N24279,"New York, NY & NJ",after,Tropical storm <50 kt,-0.0722117000048717,-0.0082179607773767,0.063993739227495,no response
2016242N24279,"New York, NY & NJ",event30,Tropical storm <50 kt,-0.0380338605874906,0.0554896105599547,0.0935234711474454,no response
2016242N24279,"Port Jefferson, NY",storm,Tropical storm <50 kt,-0.4399904283238261,-0.4080788591261943,0.0319115691976317,no response
2016242N24279,"Port Jefferson, NY",after,Tropical storm <50 kt,-0.2216829827258259,-0.0334411771204725,0.1882418056053533,no response
2016242N24279,"Port Jefferson, NY",event30,Tropical storm <50 kt,-0.1919216337534776,-0.0839996048883897,0.1079220288650878,no response
2016242N24279,"Port of Providence, RI",storm,Tropical storm <50 kt,-0.1017975570304287,-0.2779185808968687,-0.1761210238664399,no response
2016242N24279,"Port of Providence, RI",after,Tropical storm <50 kt,0.0956957430525129,0.0695436292206107,-0.0261521138319022,no response
2016242N24279,"Port of Providence, RI",event30,Tropical storm <50 kt,0.0096674996048735,-0.0376750132808467,-0.0473425128857203,no response
2016257N27280,"Canaveral Port District, FL",storm,Tropical storm <50 kt,0.2175601021896734,0.0468003884569405,-0.1707597137327329,no response
2016257N27280,"Canaveral Port District, FL",after,Tropical storm <50 kt,0.1600009896575339,0.0284755946967999,-0.1315253949607339,no response
2016257N27280,"Canaveral Port District, FL",event30,Tropical storm <50 kt,0.0475705434051362,-0.0414675398341291,-0.0890380832392653,no response
2016257N27280,"Manatee County Port, FL",storm,Tropical storm <50 kt,-0.4210384083384966,0.1287341050933361,0.5497725134318328,no response
2016257N27280,"Manatee County Port, FL",after,Tropical storm <50 kt,0.092462880293357,0.2178828749091596,0.1254199946158026,no response
2016257N27280,"Manatee County Port, FL",event30,Tropical storm <50 kt,-0.2019723741678353,0.0630066874270653,0.2649790615949007,no response
2016257N27280,"Port Everglades, FL",storm,Tropical storm <50 kt,0.1120917364582202,0.2885152627368337,0.1764235262786134,no response
2016257N27280,"Port Everglades, FL",after,Tropical storm <50 kt,0.2411043081972007,0.4246149658939779,0.1835106576967772,coupled
2016257N27280,"Port Everglades, FL",event30,Tropical storm <50 kt,0.2296339061462642,0.240791076618222,0.0111571704719577,no response
2016257N27280,"Port of Palm Beach District, FL",storm,Tropical storm <50 kt,0.0349118837584251,0.0925069449820265,0.0575950612236014,no response
2016257N27280,"Port of Palm Beach District, FL",after,Tropical storm <50 kt,0.0726788771001086,0.1655191996380536,0.0928403225379449,no response
2016257N27280,"Port of Palm Beach District, FL",event30,Tropical storm <50 kt,-0.0037980322627968,0.0196729664381717,0.0234709987009685,no response
2016257N27280,"PortMiami, FL",storm,Tropical storm <50 kt,-0.0722702518135001,-0.1802239725020627,-0.1079537206885625,no response
2016257N27280,"PortMiami, FL",after,Tropical storm <50 kt,0.070504966483356,0.1078253831053837,0.0373204166220277,no response
2016257N27280,"PortMiami, FL",event30,Tropical storm <50 kt,0.0197707096685625,-0.0505486156224737,-0.0703193252910363,no response
2016273N13300,"Canaveral Port District, FL",storm,Hurricane ≥64 kt,-1.7337806685842585,-1.8412278694961075,-0.107447200911849,coupled
2016273N13300,"Canaveral Port District, FL",after,Hurricane ≥64 kt,0.184320995897623,0.2355967269970301,0.0512757310994071,no response
2016273N13300,"Canaveral Port District, FL",event30,Hurricane ≥64 kt,-0.1972209136152926,-0.036164846280648,0.1610560673346445,no response
2016273N13300,"Port Everglades, FL",storm,Hurricane ≥64 kt,-0.1067290700061217,-1.3648938979210656,-1.258164827914944,relative (amplified)
2016273N13300,"Port Everglades, FL",after,Hurricane ≥64 kt,0.0932150096763762,-0.0470590377571964,-0.1402740474335727,no response
2016273N13300,"Port Everglades, FL",event30,Hurricane ≥64 kt,0.1643892784577756,-0.0325364291799674,-0.196925707637743,no response
2016273N13300,"Port of Palm Beach District, FL",storm,Hurricane ≥64 kt,-0.3609727395311445,-0.9896004894222176,-0.6286277498910728,relative (amplified)
2016273N13300,"Port of Palm Beach District, FL",after,Hurricane ≥64 kt,-0.1030558131600842,-0.0524417837176511,0.0506140294424331,no response
2016273N13300,"Port of Palm Beach District, FL",event30,Hurricane ≥64 kt,-0.0138911692482919,-0.0250566416297083,-0.0111654723814163,no response
2016273N13300,"PortMiami, FL",storm,Hurricane ≥64 kt,0.0262892034087613,-0.3164287362288502,-0.3427179396376115,no response
2016273N13300,"PortMiami, FL",after,Hurricane ≥64 kt,-0.0034218844166909,-0.1189347729892511,-0.1155128885725601,no response
2016273N13300,"PortMiami, FL",event30,Hurricane ≥64 kt,-0.0001628406243717,-0.0912588904001208,-0.091096049775749,no response
2017171N24271,"Beaumont, TX",storm,Tropical storm <50 kt,-0.1567197828793577,0.1285743280024328,0.2852941108817904,no response
2017171N24271,"Beaumont, TX",after,Tropical storm <50 kt,-0.6882838454410388,-1.000034689273144,-0.3117508438321051,coupled
2017171N24271,"Beaumont, TX",event30,Tropical storm <50 kt,0.0837272936160512,0.0806653116621929,-0.0030619819538582,no response
2017171N24271,"Galveston, TX",storm,Tropical storm <50 kt,-0.1354899426971507,-0.3229579572262874,-0.1874680145291366,coupled
2017171N24271,"Galveston, TX",after,Tropical storm <50 kt,-0.5496823413689954,-0.5470975558842327,0.0025847854847627,coupled
2017171N24271,"Galveston, TX",event30,Tropical storm <50 kt,-0.1230793524475464,-0.1316054179642612,-0.0085260655167147,no response
2017171N24271,"Houston Port Authority, TX",storm,Tropical storm <50 kt,-0.1165391019518753,-0.2012825508078551,-0.0847434488559798,no response
2017171N24271,"Houston Port Authority, TX",after,Tropical storm <50 kt,-0.4680278369410785,-0.4670803590180053,0.0009474779230732,coupled
2017171N24271,"Houston Port Authority, TX",event30,Tropical storm <50 kt,-0.1061613481827601,-0.1559073815909352,-0.0497460334081751,no response
2017171N24271,"Lake Charles Harbor District, LA",storm,Tropical storm <50 kt,-0.3007149018069663,-0.6993313495636109,-0.3986164477566445,relative (amplified)
2017171N24271,"Lake Charles Harbor District, LA",after,Tropical storm <50 kt,-0.5225559789269543,-0.4704043571502393,0.0521516217767149,coupled
2017171N24271,"Lake Charles Harbor District, LA",event30,Tropical storm <50 kt,-0.1032065252031393,-0.1167986644202736,-0.0135921392171343,no response
2017171N24271,"Orange County Nav District, TX",storm,Tropical storm <50 kt,-0.0993289442889382,-0.0147976760916789,0.0845312681972593,no response
2017171N24271,"Orange County Nav District, TX",after,Tropical storm <50 kt,-0.2880216581082381,-0.3399602550583364,-0.0519385969500982,no response
2017171N24271,"Orange County Nav District, TX",event30,Tropical storm <50 kt,-0.0179197964134563,-0.1015747793332974,-0.083654982919841,no response
2017171N24271,"Port Arthur, TX",storm,Tropical storm <50 kt,0.3289818355020414,0.0687563115909078,-0.2602255239111335,no response
2017171N24271,"Port Arthur, TX",after,Tropical storm <50 kt,-0.5243850435443697,-0.1325114552777158,0.3918735882666538,no response
2017171N24271,"Port Arthur, TX",event30,Tropical storm <50 kt,0.0256303207939398,0.2509473371917198,0.22531701639778,no response
2017171N24271,"Port Freeport, TX",storm,Tropical storm <50 kt,0.080725595550624,0.1989959339642506,0.1182703384136266,no response
2017171N24271,"Port Freeport, TX",after,Tropical storm <50 kt,-0.3530060944394434,-0.3138593196624068,0.0391467747770366,coupled
2017171N24271,"Port Freeport, TX",event30,Tropical storm <50 kt,0.0075592528148838,0.0802318292703873,0.0726725764555034,no response
2017171N24271,"Port of Iberia District, LA",storm,Tropical storm <50 kt,-0.3077718311584462,-0.8618192814534736,-0.5540474502950274,relative (amplified)
2017171N24271,"Port of Iberia District, LA",after,Tropical storm <50 kt,-0.6066300775645148,-0.5355757158982434,0.0710543616662714,coupled
2017171N24271,"Port of Iberia District, LA",event30,Tropical storm <50 kt,-0.2657142163741368,-0.2748686297461046,-0.0091544133719678,no response
2017171N24271,"Sabine Pass Port Authority, TX",storm,Tropical storm <50 kt,-0.2750315863534769,-0.8629175722750573,-0.5878859859215804,relative (amplified)
2017171N24271,"Sabine Pass Port Authority, TX",after,Tropical storm <50 kt,-0.3482759072354138,-0.412524089766935,-0.0642481825315212,coupled
2017171N24271,"Sabine Pass Port Authority, TX",event30,Tropical storm <50 kt,0.0410875248034269,0.083134486240571,0.0420469614371441,no response
2017171N24271,"Texas City, TX",storm,Tropical storm <50 kt,-0.2982510566603933,-0.1636020751254181,0.1346489815349752,no response
2017171N24271,"Texas City, TX",after,Tropical storm <50 kt,-0.5403705994798798,-0.5336283913296653,0.0067422081502144,coupled
2017171N24271,"Texas City, TX",event30,Tropical storm <50 kt,-0.2573644304470982,-0.1679439884447383,0.0894204420023599,no response
2017212N28275,"Canaveral Port District, FL",storm,Tropical storm <50 kt,0.2882094643997621,0.234773665850728,-0.053435798549034,no response
2017212N28275,"Canaveral Port District, FL",after,Tropical storm <50 kt,0.1818101850665616,0.0882803997502016,-0.09352978531636,no response
2017212N28275,"Canaveral Port District, FL",event30,Tropical storm <50 kt,0.2082970060583091,0.1425496061319973,-0.0657473999263117,no response
2017212N28275,"Port Everglades, FL",storm,Tropical storm <50 kt,0.0105564972271091,0.0715232875220179,0.0609667902949087,no response
2017212N28275,"Port Everglades, FL",after,Tropical storm <50 kt,0.1005738746749716,0.271823758029223,0.1712498833542513,no response
2017212N28275,"Port Everglades, FL",event30,Tropical storm <50 kt,0.1433691375681055,0.3099827028741513,0.1666135653060458,coupled
2017212N28275,"Port of Palm Beach District, FL",storm,Tropical storm <50 kt,0.2255665167693444,0.0899284183937514,-0.1356380983755929,no response
2017212N28275,"Port of Palm Beach District, FL",after,Tropical storm <50 kt,0.2231389480723603,0.230560232822143,0.0074212847497826,no response
2017212N28275,"Port of Palm Beach District, FL",event30,Tropical storm <50 kt,0.2263087834049204,0.1895110596253102,-0.0367977237796101,no response
2017228N14314,"Beaumont, TX",storm,Tropical storm <50 kt,-0.544412309610423,-0.8437458358920222,-0.2993335262815992,coupled
2017228N14314,"Beaumont, TX",after,Tropical storm <50 kt,-0.5213848526247494,-0.734695189901873,-0.2133103372771235,coupled
2017228N14314,"Beaumont, TX",event30,Tropical storm <50 kt,-0.2192930548954458,-0.2748816540488539,-0.0555885991534081,no response
2017228N14314,"Brownsville, TX",storm,Hurricane ≥64 kt,-0.9177375499418996,-0.6467608136290977,0.270976736312802,coupled
2017228N14314,"Brownsville, TX",after,Hurricane ≥64 kt,0.0747539818334655,0.0334437901276549,-0.0413101917058106,no response
2017228N14314,"Brownsville, TX",event30,Hurricane ≥64 kt,0.4435370623842286,0.3566232547428116,-0.0869138076414169,coupled
2017228N14314,"Calhoun Port Authority, TX",storm,Tropical storm <50 kt,-1.4393686931262657,-0.7005233744572198,0.7388453186690457,relative (damped)
2017228N14314,"Calhoun Port Authority, TX",after,Tropical storm <50 kt,0.2306773232366469,0.40847711912953,0.1777997958928831,no response
2017228N14314,"Calhoun Port Authority, TX",event30,Tropical storm <50 kt,0.1948274886536043,0.3945004545836948,0.1996729659300905,no response
2017228N14314,"Corpus Christi, TX",storm,Hurricane ≥64 kt,-0.6847352395214308,-1.097932685563905,-0.4131974460424743,relative (amplified)
2017228N14314,"Corpus Christi, TX",after,Hurricane ≥64 kt,-0.0557941440306397,-0.1210322735817747,-0.065238129551135,no response
2017228N14314,"Corpus Christi, TX",event30,Hurricane ≥64 kt,-0.1205047636859785,-0.084031028452966,0.0364737352330124,no response
2017228N14314,"Galveston, TX",storm,Tropical storm <50 kt,-0.4414442634592991,-0.6439940897531358,-0.2025498262938366,relative (amplified)
2017228N14314,"Galveston, TX",after,Tropical storm <50 kt,0.6783504420491554,0.4527761840731933,-0.2255742579759621,relative (damped)
2017228N14314,"Galveston, TX",event30,Tropical storm <50 kt,0.3147629802746605,0.2451800522912429,-0.0695829279834176,coupled
2017228N14314,"Houston Port Authority, TX",storm,Tropical storm <50 kt,-1.7108732229130088,-2.096387866687392,-0.3855146437743832,relative (amplified)
2017228N14314,"Houston Port Authority, TX",after,Tropical storm <50 kt,-0.1977475890125008,-0.133813805632475,0.0639337833800258,no response
2017228N14314,"Houston Port Authority, TX",event30,Tropical storm <50 kt,-0.1725045450524136,-0.1419634411207899,0.0305411039316236,no response
2017228N14314,"Lake Charles Harbor District, LA",storm,Tropical storm <50 kt,0.2415505711716753,-0.1302983290966974,-0.3718489002683727,relative (damped)
2017228N14314,"Lake Charles Harbor District, LA",after,Tropical storm <50 kt,0.2688698068399831,0.2945621068284885,0.0256922999885054,coupled
2017228N14314,"Lake Charles Harbor District, LA",event30,Tropical storm <50 kt,0.256333758951047,0.2884381224706369,0.0321043635195898,coupled
2017228N14314,"Orange County Nav District, TX",storm,Tropical storm <50 kt,0.0893016603376576,0.0672928061801253,-0.0220088541575323,no response
2017228N14314,"Orange County Nav District, TX",after,Tropical storm <50 kt,0.2445631740473576,0.1471859418128879,-0.0973772322344697,no response
2017228N14314,"Orange County Nav District, TX",event30,Tropical storm <50 kt,0.0820470178517516,-0.0117615410296366,-0.0938085588813883,no response
2017228N14314,"Port Arthur, TX",storm,Tropical storm <50 kt,0.1461611578027308,0.260978405103536,0.1148172473008051,no response
2017228N14314,"Port Arthur, TX",after,Tropical storm <50 kt,-0.4672578612689757,-0.2663148366665073,0.2009430246024683,no response
2017228N14314,"Port Arthur, TX",event30,Tropical storm <50 kt,-0.2992014454112815,-0.2414190173899453,0.0577824280213362,no response
2017228N14314,"Port Freeport, TX",storm,Tropical storm <50 kt,-0.7326640873950854,-0.9262016568784835,-0.1935375694833983,coupled
2017228N14314,"Port Freeport, TX",after,Tropical storm <50 kt,0.0562419226120175,-0.0876279205763227,-0.1438698431883402,no response
2017228N14314,"Port Freeport, TX",event30,Tropical storm <50 kt,0.0492015099512119,-0.0768055425577425,-0.1260070525089544,no response
2017228N14314,"Port of Greater Baton Rouge, LA",storm,Tropical storm <50 kt,0.0831097117322594,0.0230571201066672,-0.0600525916255922,no response
2017228N14314,"Port of Greater Baton Rouge, LA",after,Tropical storm <50 kt,0.1197255851891696,0.1044727684936197,-0.0152528166955499,no response
2017228N14314,"Port of Greater Baton Rouge, LA",event30,Tropical storm <50 kt,0.0510814718555956,0.0070074627845243,-0.0440740090710713,no response
2017228N14314,"Port of Iberia District, LA",storm,Tropical storm <50 kt,0.0916519253893807,-0.5133113001092513,-0.604963225498632,no response
2017228N14314,"Port of Iberia District, LA",after,Tropical storm <50 kt,0.2935697264532685,0.3085088246389214,0.0149390981856528,no response
2017228N14314,"Port of Iberia District, LA",event30,Tropical storm <50 kt,0.276728920696779,0.227047264423266,-0.0496816562735129,no response
2017228N14314,"Sabine Pass Port Authority, TX",storm,Tropical storm <50 kt,0.0659458807961647,-0.3726656353245449,-0.4386115161207097,relative (amplified)
2017228N14314,"Sabine Pass Port Authority, TX",after,Tropical storm <50 kt,0.446496416753435,0.6015687706251904,0.1550723538717554,coupled
2017228N14314,"Sabine Pass Port Authority, TX",event30,Tropical storm <50 kt,0.2573981501514889,0.3628506412268089,0.1054524910753199,coupled
2017228N14314,"Texas City, TX",storm,Tropical storm <50 kt,-0.9260241611177789,-2.061899670685948,-1.1358755095681694,relative (amplified)
2017228N14314,"Texas City, TX",after,Tropical storm <50 kt,0.149162153961272,0.0583183954312064,-0.0908437585300655,no response
2017228N14314,"Texas City, TX",event30,Tropical storm <50 kt,0.0883324711535657,-0.0612402963053084,-0.1495727674588741,no response
2017242N16333,"Canaveral Port District, FL",storm,Hurricane ≥64 kt,,,,no data
2017242N16333,"Canaveral Port District, FL",after,Hurricane ≥64 kt,0.2670066042826225,0.2576459638551033,-0.0093606404275192,no response
2017242N16333,"Canaveral Port District, FL",event30,Hurricane ≥64 kt,0.1422495986682257,0.0735958368392137,-0.0686537618290119,no response
2017242N16333,"Manatee County Port, FL",storm,Hurricane ≥64 kt,-2.5689239379333304,-2.77085165935871,-0.2019277214253794,coupled
2017242N16333,"Manatee County Port, FL",after,Hurricane ≥64 kt,0.5254862575709135,0.6937168448223172,0.1682305872514037,coupled
2017242N16333,"Manatee County Port, FL",event30,Hurricane ≥64 kt,0.1601552719013848,0.1959626407221556,0.0358073688207708,no response
2017242N16333,"Port Everglades, FL",storm,Hurricane ≥64 kt,-0.6635093246856862,-2.053163755461986,-1.3896544307762997,relative (amplified)
2017242N16333,"Port Everglades, FL",after,Hurricane ≥64 kt,0.1617542583058601,0.3029111049383631,0.1411568466325029,no response
2017242N16333,"Port Everglades, FL",event30,Hurricane ≥64 kt,0.1045323248101488,0.1008725636994497,-0.0036597611106991,no response
2017242N16333,"Port of Palm Beach District, FL",storm,Hurricane ≥64 kt,-1.428913115270274,-3.194505604859003,-1.7655924895887287,relative (amplified)
2017242N16333,"Port of Palm Beach District, FL",after,Hurricane ≥64 kt,-0.1371253283139437,0.3969620270963778,0.5340873554103216,no response
2017242N16333,"Port of Palm Beach District, FL",event30,Hurricane ≥64 kt,-0.2368481207330145,0.0839261499959585,0.3207742707289731,no response
2017242N16333,"PortMiami, FL",storm,Hurricane ≥64 kt,-1.455997970704452,-2.0741133286492053,-0.6181153579447531,relative (amplified)
2017242N16333,"PortMiami, FL",after,Hurricane ≥64 kt,0.2219140891157489,0.3436113705690816,0.1216972814533326,relative (amplified)
2017242N16333,"PortMiami, FL",event30,Hurricane ≥64 kt,-0.010025386458906,0.0445243320043234,0.0545497184632295,no response
2017277N11279,"Greater Lafourche Port, LA",storm,Hurricane ≥64 kt,0.0175117155016162,-0.4495127647376602,-0.4670244802392765,relative (amplified)
2017277N11279,"Greater Lafourche Port, LA",after,Hurricane ≥64 kt,-0.0573048344846583,0.0025404052141001,0.0598452396987585,no response
2017277N11279,"Greater Lafourche Port, LA",event30,Hurricane ≥64 kt,-0.0532162247508293,-0.114085859014879,-0.0608696342640497,no response
2017277N11279,"Mobile, AL",storm,Tropical storm <50 kt,-0.4949926658121392,-0.4150421917486276,0.0799504740635115,no response
2017277N11279,"Mobile, AL",after,Tropical storm <50 kt,0.139988175382579,0.4836981009537879,0.3437099255712089,no response
2017277N11279,"Mobile, AL",event30,Tropical storm <50 kt,-0.000667517088355,0.0799583513854556,0.0806258684738106,no response
2017277N11279,"New Orleans, LA",storm,Hurricane ≥64 kt,0.0835459510738008,0.1653256637012311,0.0817797126274302,no response
2017277N11279,"New Orleans, LA",after,Hurricane ≥64 kt,0.069073323966475,0.2208937359049179,0.1518204119384428,no response
2017277N11279,"New Orleans, LA",event30,Hurricane ≥64 kt,0.0262498802525451,0.1239871307114561,0.097737250458911,no response
2017277N11279,"Plaquemines Port District, LA",storm,Hurricane ≥64 kt,-0.4668252800530231,-0.635315796978219,-0.1684905169251959,relative (amplified)
2017277N11279,"Plaquemines Port District, LA",after,Hurricane ≥64 kt,0.3355600298667527,0.2418183369674834,-0.0937416928992693,coupled
2017277N11279,"Plaquemines Port District, LA",event30,Hurricane ≥64 kt,0.1213646404776992,0.079771354276211,-0.0415932862014882,no response
2017277N11279,"Port of Pascagoula, MS",storm,Strong TS 50–63 kt,-0.507072909305322,-0.6974913881821853,-0.1904184788768632,coupled
2017277N11279,"Port of Pascagoula, MS",after,Strong TS 50–63 kt,0.0950291067986201,0.2155492512242241,0.1205201444256039,no response
2017277N11279,"Port of Pascagoula, MS",event30,Strong TS 50–63 kt,-0.0299783528635234,0.2063106963474757,0.2362890492109991,no response
2017277N11279,"South Louisiana, LA, Port of",storm,Hurricane ≥64 kt,0.0437024227284711,-0.7308370215598401,-0.7745394442883112,relative (amplified)
2017277N11279,"South Louisiana, LA, Port of",after,Hurricane ≥64 kt,0.2592486631447246,0.2196090896295995,-0.0396395735151251,no response
2017277N11279,"South Louisiana, LA, Port of",event30,Hurricane ≥64 kt,0.2294169995302461,0.0559782505234792,-0.1734387490067669,no response
2017277N11279,"Terrebonne Parish Port, LA",storm,Hurricane ≥64 kt,-0.1363477991712698,0.0031193425345716,0.1394671417058414,no response
2017277N11279,"Terrebonne Parish Port, LA",after,Hurricane ≥64 kt,0.0197525894317753,0.2782249863364525,0.2584723969046772,no response
2017277N11279,"Terrebonne Parish Port, LA",event30,Hurricane ≥64 kt,-0.1001347830958284,0.0913138030663004,0.1914485861621288,no response
2018146N19273,"Mobile, AL",storm,Tropical storm <50 kt,-0.339056109090282,-0.3387719388515002,0.0002841702387818,no response
2018146N19273,"Mobile, AL",after,Tropical storm <50 kt,0.0713262487587079,-0.0732005960978628,-0.1445268448565708,no response
2018146N19273,"Mobile, AL",event30,Tropical storm <50 kt,-0.0172536096538135,-0.1752746108192354,-0.1580210011654218,no response
2018146N19273,"Panama City Port Authority, FL",storm,Tropical storm <50 kt,-0.610816993355872,-1.4033214173199895,-0.7925044239641175,relative (amplified)
2018146N19273,"Panama City Port Authority, FL",after,Tropical storm <50 kt,-0.0044963665620213,-0.1383195420404723,-0.133823175478451,no response
2018146N19273,"Panama City Port Authority, FL",event30,Tropical storm <50 kt,-0.0374042915555677,-0.0667906501243555,-0.0293863585687878,no response
2018246N22283,"Mobile, AL",storm,Strong TS 50–63 kt,-0.63631679745397,-0.8546563412811917,-0.2183395438272217,coupled
2018246N22283,"Mobile, AL",after,Strong TS 50–63 kt,0.0900994880107558,-0.0005310455134922,-0.0906305335242481,no response
2018246N22283,"Mobile, AL",event30,Strong TS 50–63 kt,0.0402229566762399,0.1190702072841891,0.0788472506079492,no response
2018246N22283,"New Orleans, LA",storm,Tropical storm <50 kt,0.3989016925292297,0.0187414158752981,-0.3801602766539315,no response
2018246N22283,"New Orleans, LA",after,Tropical storm <50 kt,0.2888995856737233,0.0950008459053881,-0.1938987397683352,no response
2018246N22283,"New Orleans, LA",event30,Tropical storm <50 kt,0.2496304237942982,0.190825617303948,-0.0588048064903502,no response
2018246N22283,"Plaquemines Port District, LA",storm,Strong TS 50–63 kt,-0.1374946623097313,-0.1882252801386902,-0.0507306178289588,no response
2018246N22283,"Plaquemines Port District, LA",after,Strong TS 50–63 kt,0.0732447662941715,0.0080102489613663,-0.0652345173328051,no response
2018246N22283,"Plaquemines Port District, LA",event30,Strong TS 50–63 kt,0.0536262664336606,0.0493709221997066,-0.004255344233954,no response
2018246N22283,"Port Everglades, FL",storm,Tropical storm <50 kt,-0.0932735709291811,-0.2889353879396073,-0.1956618170104261,no response
2018246N22283,"Port Everglades, FL",after,Tropical storm <50 kt,0.0854858544847459,0.021114177692888,-0.0643716767918578,no response
2018246N22283,"Port Everglades, FL",event30,Tropical storm <50 kt,0.1432481805374813,0.0729852448449952,-0.0702629356924861,no response
2018246N22283,"Port of Palm Beach District, FL",storm,Tropical storm <50 kt,0.0181115118203386,-0.3136438485356205,-0.3317553603559592,no response
2018246N22283,"Port of Palm Beach District, FL",after,Tropical storm <50 kt,0.0137169985146369,-0.0675953864538233,-0.0813123849684602,no response
2018246N22283,"Port of Palm Beach District, FL",event30,Tropical storm <50 kt,-0.0136192706159566,0.1101035426821244,0.1237228132980811,no response
2018246N22283,"Port of Pascagoula, MS",storm,Strong TS 50–63 kt,-0.3525234957497624,-0.7940211364691744,-0.4414976407194119,relative (amplified)
2018246N22283,"Port of Pascagoula, MS",after,Strong TS 50–63 kt,0.0621300948408831,0.0418563810432251,-0.020273713797658,no response
2018246N22283,"Port of Pascagoula, MS",event30,Strong TS 50–63 kt,0.0569648052533832,0.0136933016870498,-0.0432715035663334,no response
2018246N22283,"South Louisiana, LA, Port of",storm,Tropical storm <50 kt,0.0092708081865235,0.0723114379055053,0.0630406297189818,no response
2018246N22283,"South Louisiana, LA, Port of",after,Tropical storm <50 kt,-0.0293760008446891,-0.235617971563734,-0.2062419707190449,no response
2018246N22283,"South Louisiana, LA, Port of",event30,Tropical storm <50 kt,0.0518029461587992,-0.1028133295023874,-0.1546162756611867,no response
2018280N18273,"Virginia, VA, Port of",storm,Strong TS 50–63 kt,-0.1614884028503518,-0.2767346189533203,-0.1152462161029685,no response
2018280N18273,"Virginia, VA, Port of",after,Strong TS 50–63 kt,-0.0496621789476451,0.0555246328384012,0.1051868117860463,no response
2018280N18273,"Virginia, VA, Port of",event30,Strong TS 50–63 kt,-0.0875871942185968,0.0122312350988877,0.0998184293174845,no response
2019192N29274,"Beaumont, TX",storm,Tropical storm <50 kt,-0.4536637508514633,-0.0351534052479588,0.4185103456035045,no response
2019192N29274,"Beaumont, TX",after,Tropical storm <50 kt,0.3587919935746429,0.3952334528079346,0.0364414592332917,no response
2019192N29274,"Beaumont, TX",event30,Tropical storm <50 kt,0.0693861773557104,0.1541375034027877,0.0847513260470773,no response
2019192N29274,"Greater Lafourche Port, LA",storm,Strong TS 50–63 kt,0.4016591825884847,-0.1635441054761512,-0.5652032880646359,relative (damped)
2019192N29274,"Greater Lafourche Port, LA",after,Strong TS 50–63 kt,0.0897071049150797,-0.1152807513164228,-0.2049878562315026,no response
2019192N29274,"Greater Lafourche Port, LA",event30,Strong TS 50–63 kt,0.0788157187195452,-0.1236506167228286,-0.2024663354423739,no response
2019192N29274,"Lake Charles Harbor District, LA",storm,Strong TS 50–63 kt,0.1012566980572155,-0.1366718725871024,-0.2379285706443178,no response
2019192N29274,"Lake Charles Harbor District, LA",after,Strong TS 50–63 kt,-0.0616155122489687,-0.1139477329688369,-0.0523322207198681,no response
2019192N29274,"Lake Charles Harbor District, LA",event30,Strong TS 50–63 kt,-0.0040411608097452,-0.1004119778982721,-0.0963708170885268,no response
2019192N29274,"New Orleans, LA",storm,Strong TS 50–63 kt,0.021687351235233,-0.1189037398711218,-0.1405910911063549,no response
2019192N29274,"New Orleans, LA",after,Strong TS 50–63 kt,0.1631608944552544,0.345767205392797,0.1826063109375426,no response
2019192N29274,"New Orleans, LA",event30,Strong TS 50–63 kt,0.0876904205581141,0.130517142932053,0.0428267223739388,no response
2019192N29274,"Orange County Nav District, TX",storm,Tropical storm <50 kt,-0.2967761410624826,-0.3679075429165749,-0.0711314018540922,no response
2019192N29274,"Orange County Nav District, TX",after,Tropical storm <50 kt,-0.0843610931510625,0.0144348034393752,0.0987958965904377,no response
2019192N29274,"Orange County Nav District, TX",event30,Tropical storm <50 kt,-0.1941999695501667,-0.1203419550991698,0.0738580144509968,no response
2019192N29274,"Plaquemines Port District, LA",storm,Strong TS 50–63 kt,-0.3679976550278701,-0.4237151213813671,-0.055717466353497,coupled
2019192N29274,"Plaquemines Port District, LA",after,Strong TS 50–63 kt,-0.0434432634931269,0.0183741925939951,0.061817456087122,no response
2019192N29274,"Plaquemines Port District, LA",event30,Strong TS 50–63 kt,-0.1538999841101211,-0.1361944573289355,0.0177055267811855,no response
2019192N29274,"Port Arthur, TX",storm,Strong TS 50–63 kt,0.4471587846174811,-0.7418938486423731,-1.189052633259854,relative (amplified)
2019192N29274,"Port Arthur, TX",after,Strong TS 50–63 kt,0.5724985372155085,0.3824672031153194,-0.190031334100189,no response
2019192N29274,"Port Arthur, TX",event30,Strong TS 50–63 kt,0.5525199393007976,0.0900305700652987,-0.4624893692354989,relative (damped)
2019192N29274,"Port of Greater Baton Rouge, LA",storm,Strong TS 50–63 kt,-0.0835303681225665,-0.1487475839105214,-0.0652172157879549,no response
2019192N29274,"Port of Greater Baton Rouge, LA",after,Strong TS 50–63 kt,-0.0477934634047623,-0.0977444895520536,-0.0499510261472912,no response
2019192N29274,"Port of Greater Baton Rouge, LA",event30,Strong TS 50–63 kt,0.0293737449915432,-0.0752272145292873,-0.1046009595208305,no response
2019192N29274,"Port of Iberia District, LA",storm,Hurricane ≥64 kt,-0.2964033453829927,-0.5718048912827592,-0.2754015458997665,coupled
2019192N29274,"Port of Iberia District, LA",after,Hurricane ≥64 kt,-0.0792646738770955,-0.1210454622742387,-0.0417807883971432,no response
2019192N29274,"Port of Iberia District, LA",event30,Hurricane ≥64 kt,-0.1712604190123835,-0.1764502046310883,-0.0051897856187047,no response
2019192N29274,"Sabine Pass Port Authority, TX",storm,Strong TS 50–63 kt,0.121952885386954,0.232725138085495,0.110772252698541,no response
2019192N29274,"Sabine Pass Port Authority, TX",after,Strong TS 50–63 kt,0.1670443365027853,0.2789942028091595,0.1119498663063741,no response
2019192N29274,"Sabine Pass Port Authority, TX",event30,Strong TS 50–63 kt,0.0367443050173229,0.0547712308907265,0.0180269258734036,no response
2019192N29274,"South Louisiana, LA, Port of",storm,Strong TS 50–63 kt,-0.1024791182812921,-0.1169746897289252,-0.014495571447633,no response
2019192N29274,"South Louisiana, LA, Port of",after,Strong TS 50–63 kt,0.0401866556524167,0.2064510881404813,0.1662644324880645,no response
2019192N29274,"South Louisiana, LA, Port of",event30,Strong TS 50–63 kt,-0.0143954491574241,-0.0778375773721583,-0.0634421282147341,no response
2019192N29274,"Terrebonne Parish Port, LA",storm,Strong TS 50–63 kt,-0.3822896178783406,-0.5838604611058581,-0.2015708432275174,coupled
2019192N29274,"Terrebonne Parish Port, LA",after,Strong TS 50–63 kt,-0.1333435474604779,-0.1706552714507272,-0.0373117239902493,no response
2019192N29274,"Terrebonne Parish Port, LA",event30,Strong TS 50–63 kt,-0.194448429419783,-0.301837739996348,-0.107389310576565,coupled
2019236N10314,"Canaveral Port District, FL",storm,Hurricane ≥64 kt,-1.149682739537087,-1.2154632262269331,-0.0657804866898461,coupled
2019236N10314,"Canaveral Port District, FL",after,Hurricane ≥64 kt,0.3449207906299796,0.2223778566789492,-0.1225429339510303,no response
2019236N10314,"Canaveral Port District, FL",event30,Hurricane ≥64 kt,0.2416612856651183,0.080234116073099,-0.1614271695920193,no response
2019236N10314,"Port of Palm Beach District, FL",storm,Hurricane ≥64 kt,-0.8744477948234152,-0.983431449550222,-0.1089836547268067,coupled
2019236N10314,"Port of Palm Beach District, FL",after,Hurricane ≥64 kt,-0.1437288638310067,-0.0159326614410337,0.1277962023899729,no response
2019236N10314,"Port of Palm Beach District, FL",event30,Hurricane ≥64 kt,-0.2095925002535054,-0.0116624054591692,0.1979300947943362,no response
2019246N24266,"Brownsville, TX",storm,Tropical storm <50 kt,-0.0619378129609793,-0.0574435273383137,0.0044942856226656,no response
2019246N24266,"Brownsville, TX",after,Tropical storm <50 kt,0.2442184554817921,0.6327717544115767,0.3885532989297846,coupled
2019246N24266,"Brownsville, TX",event30,Tropical storm <50 kt,0.3339731388490691,0.5435697048086796,0.2095965659596104,coupled
2019261N28264,"Beaumont, TX",storm,Tropical storm <50 kt,-1.4695252753216232,-1.812597503058386,-0.3430722277367628,coupled
2019261N28264,"Beaumont, TX",after,Tropical storm <50 kt,-0.0186710869048435,-0.3424705124039896,-0.3237994254991461,no response
2019261N28264,"Beaumont, TX",event30,Tropical storm <50 kt,-0.1989442612731812,-0.4358024455737227,-0.2368581843005414,coupled
2019261N28264,"Calhoun Port Authority, TX",storm,Tropical storm <50 kt,0.4381734950114745,-0.3775354556674732,-0.8157089506789478,no response
2019261N28264,"Calhoun Port Authority, TX",after,Tropical storm <50 kt,0.445826031688373,-0.1035694518990863,-0.5493954835874594,no response
2019261N28264,"Calhoun Port Authority, TX",event30,Tropical storm <50 kt,0.1176694454235125,-0.3375412069649934,-0.455210652388506,no response
2019261N28264,"Corpus Christi, TX",storm,Tropical storm <50 kt,-0.0169931891512096,0.0330363798870707,0.0500295690382803,no response
2019261N28264,"Corpus Christi, TX",after,Tropical storm <50 kt,-0.1107921113929986,-0.1517106907704384,-0.0409185793774398,no response
2019261N28264,"Corpus Christi, TX",event30,Tropical storm <50 kt,-0.0080525469665078,-0.0338994338617092,-0.0258468868952013,no response
2019261N28264,"Galveston, TX",storm,Tropical storm <50 kt,-0.0384334671363945,-0.0690144625950985,-0.0305809954587039,no response
2019261N28264,"Galveston, TX",after,Tropical storm <50 kt,0.0584838380460657,-0.038385379644627,-0.0968692176906928,no response
2019261N28264,"Galveston, TX",event30,Tropical storm <50 kt,0.0104721051055004,-0.0201495353413901,-0.0306216404468905,no response
2019261N28264,"Houston Port Authority, TX",storm,Tropical storm <50 kt,0.0560669712658597,-0.0074132332910131,-0.0634802045568729,no response
2019261N28264,"Houston Port Authority, TX",after,Tropical storm <50 kt,0.07800405353866,0.0450496093657123,-0.0329544441729477,no response
2019261N28264,"Houston Port Authority, TX",event30,Tropical storm <50 kt,0.0501135665227576,0.0907177902861585,0.0406042237634009,no response
2019261N28264,"Lake Charles Harbor District, LA",storm,Tropical storm <50 kt,-0.2584237905123734,-0.2729696086236245,-0.014545818111251,no response
2019261N28264,"Lake Charles Harbor District, LA",after,Tropical storm <50 kt,-0.0995555210404695,-0.0796238263010024,0.019931694739467,no response
2019261N28264,"Lake Charles Harbor District, LA",event30,Tropical storm <50 kt,-0.121398842115322,-0.0557066119589632,0.0656922301563587,no response
2019261N28264,"Orange County Nav District, TX",storm,Tropical storm <50 kt,-0.2659378574741058,-0.0243999484937128,0.2415379089803929,no response
2019261N28264,"Orange County Nav District, TX",after,Tropical storm <50 kt,-0.1949770075712517,-0.1201517872099642,0.0748252203612875,no response
2019261N28264,"Orange County Nav District, TX",event30,Tropical storm <50 kt,-0.058744973286579,0.0636064156663948,0.1223513889529738,no response
2019261N28264,"Port Arthur, TX",storm,Tropical storm <50 kt,0.0878833864372893,-0.4794743454746433,-0.5673577319119327,no response
2019261N28264,"Port Arthur, TX",after,Tropical storm <50 kt,0.0270330410081694,-0.109157021038163,-0.1361900620463325,no response
2019261N28264,"Port Arthur, TX",event30,Tropical storm <50 kt,0.1059808305654942,-0.1201907763649427,-0.2261716069304369,no response
2019261N28264,"Port Freeport, TX",storm,Tropical storm <50 kt,-0.3412332977904284,-0.4355623518166378,-0.0943290540262093,coupled
2019261N28264,"Port Freeport, TX",after,Tropical storm <50 kt,-0.0207559531182415,0.0678903385687112,0.0886462916869528,no response
2019261N28264,"Port Freeport, TX",event30,Tropical storm <50 kt,-0.0884028313186467,-0.0439054537114426,0.044497377607204,no response
2019261N28264,"Sabine Pass Port Authority, TX",storm,Tropical storm <50 kt,-0.1280361141338935,-0.0204824941946691,0.1075536199392244,no response
2019261N28264,"Sabine Pass Port Authority, TX",after,Tropical storm <50 kt,0.1021882061169589,0.1228446794126908,0.0206564732957318,no response
2019261N28264,"Sabine Pass Port Authority, TX",event30,Tropical storm <50 kt,-0.0306653241361306,0.0961537517311181,0.1268190758672488,no response
2019261N28264,"Texas City, TX",storm,Tropical storm <50 kt,0.256967311510219,0.0565476780009835,-0.2004196335092354,no response
2019261N28264,"Texas City, TX",after,Tropical storm <50 kt,0.1573203638697267,0.0589073478861475,-0.0984130159835792,no response
2019261N28264,"Texas City, TX",event30,Tropical storm <50 kt,0.1722504661282201,0.105264014301277,-0.0669864518269431,no response
2019291N22264,"Virginia, VA, Port of",storm,Tropical storm <50 kt,0.0628241893099326,0.109168292743249,0.0463441034333164,no response
2019291N22264,"Virginia, VA, Port of",after,Tropical storm <50 kt,0.0670962720232096,0.1137476294656343,0.0466513574424247,no response
2019291N22264,"Virginia, VA, Port of",event30,Tropical storm <50 kt,0.1054054689384595,0.0680265422715253,-0.0373789266669342,no response
2019299N25265,"Greater Lafourche Port, LA",storm,Tropical storm <50 kt,0.1882445390060581,0.0463501124487052,-0.1418944265573529,no response
2019299N25265,"Greater Lafourche Port, LA",after,Tropical storm <50 kt,0.0643369394831152,0.075054660111735,0.0107177206286198,no response
2019299N25265,"Greater Lafourche Port, LA",event30,Tropical storm <50 kt,0.0623302021013669,0.1002584468993593,0.0379282447979923,no response
2019299N25265,"New Orleans, LA",storm,Tropical storm <50 kt,0.1090974498222575,-0.0976939829786753,-0.2067914328009329,no response
2019299N25265,"New Orleans, LA",after,Tropical storm <50 kt,0.0768195023621561,-0.1019364990586633,-0.1787560014208194,no response
2019299N25265,"New Orleans, LA",event30,Tropical storm <50 kt,0.0688946505901182,-0.0025790426975645,-0.0714736932876828,no response
2019299N25265,"Plaquemines Port District, LA",storm,Tropical storm <50 kt,-0.1367369076347944,-0.1355375124527651,0.0011993951820293,no response
2019299N25265,"Plaquemines Port District, LA",after,Tropical storm <50 kt,0.0548110524971542,0.0777234443121916,0.0229123918150373,no response
2019299N25265,"Plaquemines Port District, LA",event30,Tropical storm <50 kt,0.0259391308847516,0.0896404121122717,0.0637012812275201,no response
2019299N25265,"Port of Greater Baton Rouge, LA",storm,Tropical storm <50 kt,-0.2652324134168353,-0.0951699952055693,0.1700624182112659,no response
2019299N25265,"Port of Greater Baton Rouge, LA",after,Tropical storm <50 kt,-0.0912857668744191,-0.1930459135834572,-0.101760146709038,no response
2019299N25265,"Port of Greater Baton Rouge, LA",event30,Tropical storm <50 kt,-0.0072590881422451,-0.0181414510110136,-0.0108823628687684,no response
2019299N25265,"Port of Iberia District, LA",storm,Tropical storm <50 kt,-0.2360857758239795,-0.5311880740562345,-0.295102298232255,no response
2019299N25265,"Port of Iberia District, LA",after,Tropical storm <50 kt,-0.3958835637682625,-0.1040881965635827,0.2917953672046798,no response
2019299N25265,"Port of Iberia District, LA",event30,Tropical storm <50 kt,-0.2871876993959207,-0.061409688448122,0.2257780109477986,no response
2019299N25265,"Port of Pascagoula, MS",storm,Tropical storm <50 kt,0.065427934261244,0.1839904501817622,0.1185625159205181,no response
2019299N25265,"Port of Pascagoula, MS",after,Tropical storm <50 kt,0.0906642689301165,0.2846685464341647,0.1940042775040482,no response
2019299N25265,"Port of Pascagoula, MS",event30,Tropical storm <50 kt,0.0327707037639324,0.1686771831119916,0.1359064793480592,no response
2019299N25265,"South Louisiana, LA, Port of",storm,Tropical storm <50 kt,-0.0802363763864543,-0.0952526325217234,-0.0150162561352691,no response
2019299N25265,"South Louisiana, LA, Port of",after,Tropical storm <50 kt,0.0597479945750117,0.2067214486321459,0.1469734540571342,no response
2019299N25265,"South Louisiana, LA, Port of",event30,Tropical storm <50 kt,0.0508250014658464,0.1287585099425571,0.0779335084767106,no response
2019299N25265,"Terrebonne Parish Port, LA",storm,Tropical storm <50 kt,-0.2147761725763604,-0.4739353340759036,-0.2591591614995432,coupled
2019299N25265,"Terrebonne Parish Port, LA",after,Tropical storm <50 kt,0.0624540265887403,0.1163999840203448,0.0539459574316044,no response
2019299N25265,"Terrebonne Parish Port, LA",event30,Tropical storm <50 kt,0.0416597966490857,0.122569218931997,0.0809094222829112,no response
2020138N28281,"Morehead City, NC",storm,Tropical storm <50 kt,0.1122035721245445,-0.202345880703594,-0.3145494528281385,no response
2020138N28281,"Morehead City, NC",after,Tropical storm <50 kt,0.3061454079288926,0.0389743535403383,-0.2671710543885542,no response
2020138N28281,"Morehead City, NC",event30,Tropical storm <50 kt,0.2883955336904644,-0.0175802908227402,-0.3059758245132046,no response
2020138N28281,"Wilmington, NC",storm,Tropical storm <50 kt,-0.4444660578377403,-0.3677748811868102,0.0766911766509301,no response
2020138N28281,"Wilmington, NC",after,Tropical storm <50 kt,-0.0650649232487479,0.0325785874825608,0.0976435107313087,no response
2020138N28281,"Wilmington, NC",event30,Tropical storm <50 kt,-0.1139073538307933,-0.0944160823108565,0.0194912715199367,no response
2020148N32281,"Port of Charleston, SC",storm,Tropical storm <50 kt,0.0224269302363816,0.0279282828438263,0.0055013526074447,no response
2020148N32281,"Port of Charleston, SC",after,Tropical storm <50 kt,-0.0974032823306266,-0.0836406242990315,0.013762658031595,no response
2020148N32281,"Port of Charleston, SC",event30,Tropical storm <50 kt,-0.0768744560938349,-0.0504578174437595,0.0264166386500754,no response
2020148N32281,"Port of Savannah, GA",storm,Tropical storm <50 kt,-0.008947685338632,-0.0918351584539823,-0.0828874731153503,no response
2020148N32281,"Port of Savannah, GA",after,Tropical storm <50 kt,0.1006018647874736,0.0727915709829453,-0.0278102938045283,no response
2020148N32281,"Port of Savannah, GA",event30,Tropical storm <50 kt,0.0983642006025063,0.0386751312572267,-0.0596890693452795,no response
2020154N19269,"Greater Lafourche Port, LA",storm,Tropical storm <50 kt,0.2574828591019599,-0.5907073714028931,-0.848190230504853,relative (amplified)
2020154N19269,"Greater Lafourche Port, LA",after,Tropical storm <50 kt,-0.0488410323086788,-0.0015401593108768,0.0473008729978019,no response
2020154N19269,"Greater Lafourche Port, LA",event30,Tropical storm <50 kt,0.0147049637287194,-0.0884795899526712,-0.1031845536813906,no response
2020154N19269,"Mobile, AL",storm,Tropical storm <50 kt,0.1368423045236905,-0.2284951856905948,-0.3653374902142853,no response
2020154N19269,"Mobile, AL",after,Tropical storm <50 kt,-0.0142780474955166,0.1259222870500693,0.140200334545586,no response
2020154N19269,"Mobile, AL",event30,Tropical storm <50 kt,0.0021879200851166,0.0285532296927918,0.0263653096076752,no response
2020154N19269,"New Orleans, LA",storm,Tropical storm <50 kt,0.2759032306601369,0.1576294175137776,-0.1182738131463592,no response
2020154N19269,"New Orleans, LA",after,Tropical storm <50 kt,0.0967635404510364,0.201164032901014,0.1044004924499775,no response
2020154N19269,"New Orleans, LA",event30,Tropical storm <50 kt,0.0894801742630815,0.218272659070216,0.1287924848071344,no response
2020154N19269,"Plaquemines Port District, LA",storm,Tropical storm <50 kt,-0.4719920555231663,-0.3574826618695335,0.1145093936536328,coupled
2020154N19269,"Plaquemines Port District, LA",after,Tropical storm <50 kt,-0.0751446258037361,0.1060840690940539,0.1812286948977901,no response
2020154N19269,"Plaquemines Port District, LA",event30,Tropical storm <50 kt,-0.069361843223161,0.1085394666274975,0.1779013098506585,no response
2020154N19269,"Port of Greater Baton Rouge, LA",storm,Tropical storm <50 kt,-0.4985869272896178,-0.4561431060795864,0.0424438212100313,no response
2020154N19269,"Port of Greater Baton Rouge, LA",after,Tropical storm <50 kt,0.2633432894724518,0.1344622110650359,-0.1288810784074159,no response
2020154N19269,"Port of Greater Baton Rouge, LA",event30,Tropical storm <50 kt,0.243480762501368,0.1147818406258431,-0.1286989218755248,no response
2020154N19269,"Port of Iberia District, LA",storm,Tropical storm <50 kt,-0.2882411400755942,-0.6869569226724761,-0.3987157825968818,coupled
2020154N19269,"Port of Iberia District, LA",after,Tropical storm <50 kt,-0.0109650435487984,-0.0185907352878868,-0.0076256917390883,no response
2020154N19269,"Port of Iberia District, LA",event30,Tropical storm <50 kt,0.2010954804614234,0.0356947788336236,-0.1654007016277998,no response
2020154N19269,"Port of Pascagoula, MS",storm,Tropical storm <50 kt,-0.4873655612086532,-0.9170185524825206,-0.4296529912738673,coupled
2020154N19269,"Port of Pascagoula, MS",after,Tropical storm <50 kt,-0.1236687985792173,-0.0405258150045543,0.0831429835746629,no response
2020154N19269,"Port of Pascagoula, MS",event30,Tropical storm <50 kt,-0.1327547329465193,-0.1936116134474089,-0.0608568805008895,no response
2020154N19269,"South Louisiana, LA, Port of",storm,Tropical storm <50 kt,0.055465253176482,-0.3747290168343995,-0.4301942700108815,no response
2020154N19269,"South Louisiana, LA, Port of",after,Tropical storm <50 kt,0.1221325319144942,-0.0100327619666694,-0.1321652938811636,no response
2020154N19269,"South Louisiana, LA, Port of",event30,Tropical storm <50 kt,-0.0015127444982482,-0.1139664064864825,-0.1124536619882342,no response
2020154N19269,"Terrebonne Parish Port, LA",storm,Tropical storm <50 kt,-0.2686503864492227,-0.6879454044560138,-0.4192950180067911,relative (amplified)
2020154N19269,"Terrebonne Parish Port, LA",after,Tropical storm <50 kt,0.0873098390429114,0.2731648883473489,0.1858550493044374,no response
2020154N19269,"Terrebonne Parish Port, LA",event30,Tropical storm <50 kt,0.0978116200514491,0.2578308173695619,0.1600191973181127,no response
2020188N28271,"Albany Port District, NY",storm,Tropical storm <50 kt,0.0011565296497207,-0.1213108880570674,-0.1224674177067881,no response
2020188N28271,"Albany Port District, NY",after,Tropical storm <50 kt,-0.0394183732043454,-0.0750660684884932,-0.0356476952841477,no response
2020188N28271,"Albany Port District, NY",event30,Tropical storm <50 kt,0.0346707967143319,-0.0065818709944267,-0.0412526677087587,no response
2020188N28271,"Baltimore, MD",storm,Tropical storm <50 kt,0.1335436507403463,0.1209611511385275,-0.0125824996018187,no response
2020188N28271,"Baltimore, MD",after,Tropical storm <50 kt,0.1316475087426216,0.177184174715476,0.0455366659728543,no response
2020188N28271,"Baltimore, MD",event30,Tropical storm <50 kt,0.1224690401281934,0.1406667088088475,0.018197668680654,no response
2020188N28271,"Bridgeport, CT",storm,Tropical storm <50 kt,-0.6601604505536934,0.0622645247847323,0.7224249753384258,no response
2020188N28271,"Bridgeport, CT",after,Tropical storm <50 kt,-0.5260372716128393,0.0028328760679018,0.5288701476807411,no response
2020188N28271,"Bridgeport, CT",event30,Tropical storm <50 kt,-0.2769565299200595,0.063296650524509,0.3402531804445685,no response
2020188N28271,"Morehead City, NC",storm,Tropical storm <50 kt,-0.2275941977112867,-0.1257386265469441,0.1018555711643426,no response
2020188N28271,"Morehead City, NC",after,Tropical storm <50 kt,-0.1498861631674759,0.0296771978181316,0.1795633609856076,no response
2020188N28271,"Morehead City, NC",event30,Tropical storm <50 kt,-0.1805645231648974,0.0181258316199198,0.1986903547848172,no response
2020188N28271,"New Haven, CT",storm,Tropical storm <50 kt,-0.2840883260794578,-0.0550501122423826,0.2290382138370751,no response
2020188N28271,"New Haven, CT",after,Tropical storm <50 kt,-0.1529185163303922,-0.0824092982497348,0.0705092180806573,no response
2020188N28271,"New Haven, CT",event30,Tropical storm <50 kt,-0.0824551233956918,-0.0416025052715313,0.0408526181241604,no response
2020188N28271,"New York, NY & NJ",storm,Tropical storm <50 kt,0.0369776410697325,-0.0083655091838425,-0.045343150253575,no response
2020188N28271,"New York, NY & NJ",after,Tropical storm <50 kt,0.0468875056645341,0.1783764148176362,0.1314889091531021,no response
2020188N28271,"New York, NY & NJ",event30,Tropical storm <50 kt,-0.0049989907448117,0.0775476439878546,0.0825466347326663,no response
2020188N28271,"Philadelphia Regional Port, PA",storm,Tropical storm <50 kt,-0.19462437899298,-0.0882784094394617,0.1063459695535183,no response
2020188N28271,"Philadelphia Regional Port, PA",after,Tropical storm <50 kt,0.1104671729350137,0.017860155079156,-0.0926070178558576,no response
2020188N28271,"Philadelphia Regional Port, PA",event30,Tropical storm <50 kt,0.0200891449317669,-0.1438083956756035,-0.1638975406073704,no response
2020188N28271,"Port Jefferson, NY",storm,Tropical storm <50 kt,-0.0945033824966276,0.1503522792990028,0.2448556617956304,no response
2020188N28271,"Port Jefferson, NY",after,Tropical storm <50 kt,-0.3690369360790747,-0.0485106849480897,0.320526251130985,no response
2020188N28271,"Port Jefferson, NY",event30,Tropical storm <50 kt,-0.087593112985322,0.011626903472174,0.0992200164574961,no response
2020188N28271,"Port of Charleston, SC",storm,Tropical storm <50 kt,-0.1360664923406785,0.0448534234539663,0.1809199157946448,no response
2020188N28271,"Port of Charleston, SC",after,Tropical storm <50 kt,-0.0244076189691331,0.0502661082958883,0.0746737272650214,no response
2020188N28271,"Port of Charleston, SC",event30,Tropical storm <50 kt,-0.0245031890451975,0.1081797314045378,0.1326829204497354,no response
2020188N28271,"South Jersey Port Corp, NJ",storm,Tropical storm <50 kt,-0.1603713868781339,-0.1798946197793409,-0.019523232901207,no response
2020188N28271,"South Jersey Port Corp, NJ",after,Tropical storm <50 kt,-0.0344856299002545,0.001582263343265,0.0360678932435195,no response
2020188N28271,"South Jersey Port Corp, NJ",event30,Tropical storm <50 kt,-0.045322113277861,-0.0080013688900051,0.0373207443878559,no response
2020188N28271,"Virginia, VA, Port of",storm,Tropical storm <50 kt,0.0560401884491299,0.0488782105652099,-0.00716197788392,no response
2020188N28271,"Virginia, VA, Port of",after,Tropical storm <50 kt,0.0125931001825875,0.0911798187894878,0.0785867186069003,no response
2020188N28271,"Virginia, VA, Port of",event30,Tropical storm <50 kt,-0.0574706286895619,-0.0123758769133747,0.0450947517761872,no response
2020188N28271,"Wilmington, NC",storm,Tropical storm <50 kt,-0.086560962565921,0.0139770910331364,0.1005380535990574,no response
2020188N28271,"Wilmington, NC",after,Tropical storm <50 kt,0.0545396592208508,0.0923635480169935,0.0378238887961426,no response
2020188N28271,"Wilmington, NC",event30,Tropical storm <50 kt,0.0284920253672756,0.0784240354213265,0.0499320100540509,no response
2020205N26272,"Brownsville, TX",storm,Hurricane ≥64 kt,-0.9126023249341584,-0.4460355739054342,0.4665667510287242,coupled
2020205N26272,"Brownsville, TX",after,Hurricane ≥64 kt,-0.0464907106248427,0.0321064180545709,0.0785971286794136,no response
2020205N26272,"Brownsville, TX",event30,Hurricane ≥64 kt,0.0466073098044073,0.0760248871922806,0.0294175773878733,no response
2020205N26272,"Calhoun Port Authority, TX",storm,Hurricane ≥64 kt,0.0005774503612507,-0.5142854463311163,-0.514862896692367,no response
2020205N26272,"Calhoun Port Authority, TX",after,Hurricane ≥64 kt,0.4403546049328086,0.0036538620601635,-0.436700742872645,no response
2020205N26272,"Calhoun Port Authority, TX",event30,Hurricane ≥64 kt,0.3621440025386174,-0.0995516835957586,-0.461695686134376,no response
2020205N26272,"Corpus Christi, TX",storm,Hurricane ≥64 kt,-0.2441232380554257,-0.4816556010722495,-0.2375323630168237,coupled
2020205N26272,"Corpus Christi, TX",after,Hurricane ≥64 kt,0.1307184614608043,0.1527536218520487,0.0220351603912443,no response
2020205N26272,"Corpus Christi, TX",event30,Hurricane ≥64 kt,0.0663303700227141,0.0708069567674258,0.0044765867447116,no response
2020211N13306,"Albany Port District, NY",storm,Strong TS 50–63 kt,-0.1448645805222994,-0.0740803074713408,0.0707842730509585,no response
2020211N13306,"Albany Port District, NY",after,Strong TS 50–63 kt,-0.0299875684267294,-0.1305258947881991,-0.1005383263614697,no response
2020211N13306,"Albany Port District, NY",event30,Strong TS 50–63 kt,0.0647426241976693,-0.0533095798294503,-0.1180522040271197,no response
2020211N13306,"Baltimore, MD",storm,Strong TS 50–63 kt,0.2182791864176632,-0.0838644091837464,-0.3021435956014097,no response
2020211N13306,"Baltimore, MD",after,Strong TS 50–63 kt,0.1467987280202428,0.1497094311732855,0.0029107031530426,no response
2020211N13306,"Baltimore, MD",event30,Strong TS 50–63 kt,0.0683871633493347,0.1139922461999492,0.0456050828506144,no response
2020211N13306,"Bridgeport, CT",storm,Strong TS 50–63 kt,-0.1009206737794664,-0.1531349320886193,-0.0522142583091528,no response
2020211N13306,"Bridgeport, CT",after,Strong TS 50–63 kt,0.1218549405795206,0.1738726559001475,0.0520177153206269,no response
2020211N13306,"Bridgeport, CT",event30,Strong TS 50–63 kt,0.1187472965835815,0.1601442206983499,0.0413969241147683,no response
2020211N13306,"Canaveral Port District, FL",storm,Strong TS 50–63 kt,-0.9902558909663012,-0.7735439767051944,0.2167119142611068,coupled
2020211N13306,"Canaveral Port District, FL",after,Strong TS 50–63 kt,-0.0878703346026532,0.0075833789405566,0.0954537135432099,no response
2020211N13306,"Canaveral Port District, FL",event30,Strong TS 50–63 kt,-0.1282987939861987,-0.0324552229958343,0.0958435709903643,no response
2020211N13306,"New Haven, CT",storm,Strong TS 50–63 kt,-0.2021596753661,-0.5086088349710579,-0.3064491596049578,no response
2020211N13306,"New Haven, CT",after,Strong TS 50–63 kt,0.4761952304036899,0.1954483342523601,-0.2807468961513298,no response
2020211N13306,"New Haven, CT",event30,Strong TS 50–63 kt,0.3080527617983983,0.1701135869041881,-0.1379391748942101,no response
2020211N13306,"New York, NY & NJ",storm,Strong TS 50–63 kt,0.0860514223756872,0.0410372367744763,-0.0450141856012109,no response
2020211N13306,"New York, NY & NJ",after,Strong TS 50–63 kt,0.0557459658580395,0.0517441568069263,-0.0040018090511132,no response
2020211N13306,"New York, NY & NJ",event30,Strong TS 50–63 kt,0.0129204299772395,0.0211123624306678,0.0081919324534282,no response
2020211N13306,"Philadelphia Regional Port, PA",storm,Strong TS 50–63 kt,-0.0641784058540986,-0.6700583649839829,-0.6058799591298841,no response
2020211N13306,"Philadelphia Regional Port, PA",after,Strong TS 50–63 kt,0.1243389256297788,0.1180779135174406,-0.0062610121123381,no response
2020211N13306,"Philadelphia Regional Port, PA",event30,Strong TS 50–63 kt,0.1697660884656108,0.1019018803684081,-0.0678642080972026,no response
2020211N13306,"Port Everglades, FL",storm,Strong TS 50–63 kt,-0.1585694578973707,-0.8472551249731664,-0.6886856670757956,relative (amplified)
2020211N13306,"Port Everglades, FL",after,Strong TS 50–63 kt,-0.0758134158929841,-0.1401789115664541,-0.06436549567347,no response
2020211N13306,"Port Everglades, FL",event30,Strong TS 50–63 kt,-0.0408309095747559,-0.2364416648795523,-0.1956107553047963,no response
2020211N13306,"Port Jefferson, NY",storm,Strong TS 50–63 kt,0.4057055971333309,0.473606051538612,0.0679004544052811,no response
2020211N13306,"Port Jefferson, NY",after,Strong TS 50–63 kt,0.1897324774389502,0.1543490365539683,-0.0353834408849819,no response
2020211N13306,"Port Jefferson, NY",event30,Strong TS 50–63 kt,0.1047417244820483,0.1333954524623708,0.0286537279803224,no response
2020211N13306,"Port of Palm Beach District, FL",storm,Strong TS 50–63 kt,-0.4771338701276362,-0.7185115905266719,-0.2413777203990356,coupled
2020211N13306,"Port of Palm Beach District, FL",after,Strong TS 50–63 kt,-0.1245835762678542,0.0875576944213989,0.2121412706892532,no response
2020211N13306,"Port of Palm Beach District, FL",event30,Strong TS 50–63 kt,-0.1361871167192239,0.0608357295638069,0.1970228462830309,no response
2020211N13306,"South Jersey Port Corp, NJ",storm,Strong TS 50–63 kt,-0.2650398379419154,-0.3817472793422219,-0.1167074414003065,no response
2020211N13306,"South Jersey Port Corp, NJ",after,Strong TS 50–63 kt,0.0992552761370897,0.1701929188517591,0.0709376427146693,no response
2020211N13306,"South Jersey Port Corp, NJ",event30,Strong TS 50–63 kt,-0.0116679776818969,0.0513761844250727,0.0630441621069697,no response
2020211N13306,"Virginia, VA, Port of",storm,Strong TS 50–63 kt,-0.1596274813940402,-0.953914785049666,-0.7942873036556257,relative (amplified)
2020211N13306,"Virginia, VA, Port of",after,Strong TS 50–63 kt,-0.0094377348647333,0.0008203993034166,0.01025813416815,no response
2020211N13306,"Virginia, VA, Port of",event30,Strong TS 50–63 kt,0.070983635229496,-0.0061655217324082,-0.0771491569619043,no response
2020233N14313,"Beaumont, TX",storm,Hurricane ≥64 kt,-2.579052515797326,-3.992140848052227,-1.413088332254901,relative (amplified)
2020233N14313,"Beaumont, TX",after,Hurricane ≥64 kt,-0.6188877154362313,-0.7854643819724985,-0.1665766665362671,coupled
2020233N14313,"Beaumont, TX",event30,Hurricane ≥64 kt,-0.5463523439170879,-0.4326020978288208,0.113750246088267,coupled
2020233N14313,"Galveston, TX",storm,Hurricane ≥64 kt,-1.050298921745733,-1.0073281889233592,0.0429707328223738,coupled
2020233N14313,"Galveston, TX",after,Hurricane ≥64 kt,0.1665099263045383,-0.0185135887817884,-0.1850235150863267,no response
2020233N14313,"Galveston, TX",event30,Hurricane ≥64 kt,0.077766020740729,-0.0866754214723373,-0.1644414422130663,no response
2020233N14313,"Lake Charles Harbor District, LA",storm,Hurricane ≥64 kt,-0.8830552975266934,-1.473009105242431,-0.5899538077157376,relative (amplified)
2020233N14313,"Lake Charles Harbor District, LA",after,Hurricane ≥64 kt,-0.0550313901528039,0.181306133864626,0.23633752401743,no response
2020233N14313,"Lake Charles Harbor District, LA",event30,Hurricane ≥64 kt,-0.2056429023902609,-0.0697707352245015,0.1358721671657594,no response
2020233N14313,"Orange County Nav District, TX",storm,Hurricane ≥64 kt,0.1525484621316541,-0.885547817324746,-1.0380962794564002,relative (amplified)
2020233N14313,"Orange County Nav District, TX",after,Hurricane ≥64 kt,-0.1631135863869596,-0.3916761368390301,-0.2285625504520704,no response
2020233N14313,"Orange County Nav District, TX",event30,Hurricane ≥64 kt,-0.0759061442432613,-0.3264841526189297,-0.2505780083756683,no response
2020233N14313,"Port Arthur, TX",storm,Hurricane ≥64 kt,0.1541945854812234,-0.8306793804743724,-0.9848739659555958,no response
2020233N14313,"Port Arthur, TX",after,Hurricane ≥64 kt,0.475607244967957,-0.1705732810696002,-0.6461805260375573,no response
2020233N14313,"Port Arthur, TX",event30,Hurricane ≥64 kt,0.3344625740996513,0.2078108065395486,-0.1266517675601027,no response
2020233N14313,"Port of Iberia District, LA",storm,Hurricane ≥64 kt,-0.6140201356155346,-1.7520297865113428,-1.1380096508958082,relative (amplified)
2020233N14313,"Port of Iberia District, LA",after,Hurricane ≥64 kt,0.0819935055806606,0.0693584150406442,-0.0126350905400163,no response
2020233N14313,"Port of Iberia District, LA",event30,Hurricane ≥64 kt,0.1319791652185028,-0.0847023989921386,-0.2166815642106414,no response
2020233N14313,"Sabine Pass Port Authority, TX",storm,Hurricane ≥64 kt,-2.0129199743891264,-2.4110498809475125,-0.3981299065583861,coupled
2020233N14313,"Sabine Pass Port Authority, TX",after,Hurricane ≥64 kt,0.1277966711053373,0.1981876242878034,0.0703909531824661,no response
2020233N14313,"Sabine Pass Port Authority, TX",event30,Hurricane ≥64 kt,-0.0528089302829015,0.0829297939126807,0.1357387241955822,no response
2020233N14313,"Texas City, TX",storm,Hurricane ≥64 kt,-1.2349878983152511,-1.6681627961647667,-0.4331748978495155,coupled
2020233N14313,"Texas City, TX",after,Hurricane ≥64 kt,0.0237351476557134,0.0635080360378531,0.0397728883821396,no response
2020233N14313,"Texas City, TX",event30,Hurricane ≥64 kt,0.0767227773495823,0.0476246079419636,-0.0290981694076186,no response
2020234N14280,"Greater Lafourche Port, LA",storm,Tropical storm <50 kt,0.1677186083003989,-0.3166235306046731,-0.484342138905072,no response
2020234N14280,"Greater Lafourche Port, LA",after,Tropical storm <50 kt,-0.0567696079061934,-0.1367049331591872,-0.0799353252529938,no response
2020234N14280,"Greater Lafourche Port, LA",event30,Tropical storm <50 kt,-0.061234109096675,-0.1179529316281125,-0.0567188225314375,no response
2020234N14280,"Lake Charles Harbor District, LA",storm,Tropical storm <50 kt,-0.1811794859526822,-0.3482560642061048,-0.1670765782534225,no response
2020234N14280,"Lake Charles Harbor District, LA",after,Tropical storm <50 kt,-0.1528513914230011,0.0122421157322591,0.1650935071552602,no response
2020234N14280,"Lake Charles Harbor District, LA",event30,Tropical storm <50 kt,-0.2043509929120568,-0.095301722418887,0.1090492704931698,no response
2020234N14280,"New Orleans, LA",storm,Tropical storm <50 kt,-0.0959559133882387,-0.5179345319628966,-0.4219786185746579,no response
2020234N14280,"New Orleans, LA",after,Tropical storm <50 kt,0.0486937535617143,-0.1742948815729368,-0.2229886351346512,no response
2020234N14280,"New Orleans, LA",event30,Tropical storm <50 kt,0.0762098201266082,-0.2255242972480819,-0.3017341173746902,no response
2020234N14280,"Orange County Nav District, TX",storm,Tropical storm <50 kt,-0.3594478171669349,-1.0215247774751428,-0.662076960308208,relative (amplified)
2020234N14280,"Orange County Nav District, TX",after,Tropical storm <50 kt,-0.1644028353909784,-0.7005913242523623,-0.5361884888613838,relative (amplified)
2020234N14280,"Orange County Nav District, TX",event30,Tropical storm <50 kt,-0.0905069519129912,-0.3564670121787604,-0.2659600602657692,relative (amplified)
2020234N14280,"Plaquemines Port District, LA",storm,Tropical storm <50 kt,-0.5576162282926271,-1.1552414598498313,-0.5976252315572042,relative (amplified)
2020234N14280,"Plaquemines Port District, LA",after,Tropical storm <50 kt,0.0739035116515225,-0.039457987389475,-0.1133614990409976,no response
2020234N14280,"Plaquemines Port District, LA",event30,Tropical storm <50 kt,-0.1164116878728402,-0.2910791727286839,-0.1746674848558436,relative (amplified)
2020234N14280,"Port Arthur, TX",storm,Tropical storm <50 kt,0.4894142631870773,-0.0479581619514314,-0.5373724251385089,no response
2020234N14280,"Port Arthur, TX",after,Tropical storm <50 kt,0.4645890409422177,-0.2487049567540334,-0.7132939976962512,no response
2020234N14280,"Port Arthur, TX",event30,Tropical storm <50 kt,0.3005563201044426,0.2355388003623471,-0.0650175197420954,no response
2020234N14280,"Port of Greater Baton Rouge, LA",storm,Tropical storm <50 kt,-0.4010345941155194,-0.2922321676537355,0.1088024264617839,no response
2020234N14280,"Port of Greater Baton Rouge, LA",after,Tropical storm <50 kt,-0.1723776420034216,-0.0289434906261004,0.1434341513773211,no response
2020234N14280,"Port of Greater Baton Rouge, LA",event30,Tropical storm <50 kt,-0.2075088110533215,-0.1430391551025902,0.0644696559507313,no response
2020234N14280,"Port of Iberia District, LA",storm,Tropical storm <50 kt,-0.5123944453783631,-1.3698867576428877,-0.8574923122645244,relative (amplified)
2020234N14280,"Port of Iberia District, LA",after,Tropical storm <50 kt,-0.0421473430083236,-0.1551740512254481,-0.1130267082171244,no response
2020234N14280,"Port of Iberia District, LA",event30,Tropical storm <50 kt,0.126209150388044,-0.0786007085208107,-0.2048098589088547,no response
2020234N14280,"Port of Pascagoula, MS",storm,Tropical storm <50 kt,-0.3906083302409731,-0.6290548102929364,-0.2384464800519632,coupled
2020234N14280,"Port of Pascagoula, MS",after,Tropical storm <50 kt,0.0562552725890514,0.4006589776602282,0.3444037050711768,no response
2020234N14280,"Port of Pascagoula, MS",event30,Tropical storm <50 kt,-0.027654869317373,0.2107839529045629,0.238438822221936,no response
2020234N14280,"Sabine Pass Port Authority, TX",storm,Tropical storm <50 kt,-1.031413155234023,-1.0236610202906953,0.0077521349433278,coupled
2020234N14280,"Sabine Pass Port Authority, TX",after,Tropical storm <50 kt,-0.0471549297381717,-0.0099246431039094,0.0372302866342622,no response
2020234N14280,"Sabine Pass Port Authority, TX",event30,Tropical storm <50 kt,-0.0607103584074849,0.0613572239442202,0.1220675823517052,no response
2020234N14280,"South Louisiana, LA, Port of",storm,Tropical storm <50 kt,-0.2895717136358202,-0.1306903816084773,0.1588813320273429,no response
2020234N14280,"South Louisiana, LA, Port of",after,Tropical storm <50 kt,-0.171674505875031,-0.1949870224686492,-0.0233125165936181,no response
2020234N14280,"South Louisiana, LA, Port of",event30,Tropical storm <50 kt,-0.1501604440473727,-0.309685365781584,-0.1595249217342112,no response
2020234N14280,"Terrebonne Parish Port, LA",storm,Tropical storm <50 kt,-0.535964379299995,-1.3471008558086162,-0.8111364765086212,relative (amplified)
2020234N14280,"Terrebonne Parish Port, LA",after,Tropical storm <50 kt,0.1964905596713575,0.1764491337183668,-0.0200414259529907,no response
2020234N14280,"Terrebonne Parish Port, LA",event30,Tropical storm <50 kt,0.0031079860722502,-0.1367575037892053,-0.1398654898614556,no response
2020256N25281,"Manatee County Port, FL",storm,Tropical storm <50 kt,-0.6860344638472399,-0.201564301535379,0.4844701623118608,coupled
2020256N25281,"Manatee County Port, FL",after,Tropical storm <50 kt,0.0411381785100461,0.2287109631129257,0.1875727846028795,no response
2020256N25281,"Manatee County Port, FL",event30,Tropical storm <50 kt,0.0148205828662598,0.2345550129415886,0.2197344300753288,no response
2020256N25281,"Mobile, AL",storm,Hurricane ≥64 kt,-0.8533302104870956,-0.9175846433208922,-0.0642544328337966,coupled
2020256N25281,"Mobile, AL",after,Hurricane ≥64 kt,-0.0182914386084578,-0.0887841684663002,-0.0704927298578424,no response
2020256N25281,"Mobile, AL",event30,Hurricane ≥64 kt,-0.0437899129186107,-0.0020418732370656,0.0417480396815451,no response
2020256N25281,"New Orleans, LA",storm,Hurricane ≥64 kt,0.1489907108542674,0.0219315493340583,-0.127059161520209,no response
2020256N25281,"New Orleans, LA",after,Hurricane ≥64 kt,0.2335886018029906,0.1250618269724925,-0.1085267748304981,no response
2020256N25281,"New Orleans, LA",event30,Hurricane ≥64 kt,0.2173703050398793,0.015133247256634,-0.2022370577832453,no response
2020256N25281,"Plaquemines Port District, LA",storm,Hurricane ≥64 kt,-0.323201617742209,-0.4975277103502497,-0.1743260926080406,coupled
2020256N25281,"Plaquemines Port District, LA",after,Hurricane ≥64 kt,0.032252080319875,-0.0780531264244835,-0.1103052067443585,no response
2020256N25281,"Plaquemines Port District, LA",event30,Hurricane ≥64 kt,-0.0291695320659983,-0.0520335661575769,-0.0228640340915785,no response
2020256N25281,"Port Everglades, FL",storm,Tropical storm <50 kt,-0.1426712232831456,-0.2656107840437213,-0.1229395607605756,no response
2020256N25281,"Port Everglades, FL",after,Tropical storm <50 kt,0.0487423357652773,0.1932658462487722,0.1445235104834949,no response
2020256N25281,"Port Everglades, FL",event30,Tropical storm <50 kt,0.0096002245138403,0.2078617328787662,0.1982615083649259,no response
2020256N25281,"Port of Palm Beach District, FL",storm,Tropical storm <50 kt,0.0286061347017079,-0.0704061082830814,-0.0990122429847894,no response
2020256N25281,"Port of Palm Beach District, FL",after,Tropical storm <50 kt,0.0497123694924261,0.0476492142267271,-0.002063155265699,no response
2020256N25281,"Port of Palm Beach District, FL",event30,Tropical storm <50 kt,-0.0461771445168932,0.0585360022721677,0.1047131467890609,no response
2020256N25281,"Port of Pascagoula, MS",storm,Hurricane ≥64 kt,-0.6550998455291133,-0.5451439985432858,0.1099558469858275,coupled
2020256N25281,"Port of Pascagoula, MS",after,Hurricane ≥64 kt,0.3584623917339569,0.3722278673527439,0.0137654756187869,no response
2020256N25281,"Port of Pascagoula, MS",event30,Hurricane ≥64 kt,0.0317789297610257,0.1647248084562792,0.1329458786952534,no response
2020256N25281,"PortMiami, FL",storm,Tropical storm <50 kt,-0.193728676020343,-0.1369522108371373,0.0567764651832056,no response
2020256N25281,"PortMiami, FL",after,Tropical storm <50 kt,-0.0754103194258912,0.0158726712851881,0.0912829907110793,no response
2020256N25281,"PortMiami, FL",event30,Tropical storm <50 kt,-0.0950498253710325,-0.011813666925841,0.0832361584451914,no response
2020261N21265,"Beaumont, TX",storm,Tropical storm <50 kt,-0.0284703174844167,0.3678025682652678,0.3962728857496845,no response
2020261N21265,"Beaumont, TX",after,Tropical storm <50 kt,0.5317006082184269,0.447689841267006,-0.0840107669514209,no response
2020261N21265,"Beaumont, TX",event30,Tropical storm <50 kt,0.5365919731895195,0.5691164846169222,0.0325245114274027,coupled
2020261N21265,"Calhoun Port Authority, TX",storm,Tropical storm <50 kt,-0.4600030255642138,-0.589240503080156,-0.1292374775159421,no response
2020261N21265,"Calhoun Port Authority, TX",after,Tropical storm <50 kt,-0.4736589955402736,-0.2898589117831454,0.1838000837571282,no response
2020261N21265,"Calhoun Port Authority, TX",event30,Tropical storm <50 kt,-0.216970933542744,-0.0298302458892723,0.1871406876534717,no response
2020261N21265,"Corpus Christi, TX",storm,Tropical storm <50 kt,-0.1582157364993959,-0.213518158623977,-0.0553024221245811,no response
2020261N21265,"Corpus Christi, TX",after,Tropical storm <50 kt,0.0690770867082089,0.0275479790416469,-0.041529107666562,no response
2020261N21265,"Corpus Christi, TX",event30,Tropical storm <50 kt,-0.0306533580030659,-0.0835426062695187,-0.0528892482664527,no response
2020261N21265,"Galveston, TX",storm,Tropical storm <50 kt,0.0958153697559408,-0.1419179311267888,-0.2377333008827297,no response
2020261N21265,"Galveston, TX",after,Tropical storm <50 kt,0.211405254231247,0.2227209799657006,0.0113157257344536,no response
2020261N21265,"Galveston, TX",event30,Tropical storm <50 kt,0.1740406251949032,0.1203199667107375,-0.0537206584841657,no response
2020261N21265,"Houston Port Authority, TX",storm,Tropical storm <50 kt,-0.3038787440568634,-0.4599782589843697,-0.1560995149275063,coupled
2020261N21265,"Houston Port Authority, TX",after,Tropical storm <50 kt,0.129443213093917,0.1694920439743582,0.0400488308804412,no response
2020261N21265,"Houston Port Authority, TX",event30,Tropical storm <50 kt,0.0512598750432218,0.0943350238160922,0.0430751487728704,no response
2020261N21265,"Lake Charles Harbor District, LA",storm,Tropical storm <50 kt,-0.2820937355467317,-0.2558035400434773,0.0262901955032544,no response
2020261N21265,"Lake Charles Harbor District, LA",after,Tropical storm <50 kt,-0.0725256711468533,0.1204482452332102,0.1929739163800635,no response
2020261N21265,"Lake Charles Harbor District, LA",event30,Tropical storm <50 kt,-0.0758273222575075,0.1395112643652757,0.2153385866227832,no response
2020261N21265,"Orange County Nav District, TX",storm,Tropical storm <50 kt,0.0799253201308478,0.1490597440077629,0.0691344238769151,no response
2020261N21265,"Orange County Nav District, TX",after,Tropical storm <50 kt,0.0743103912349681,0.1522022924170855,0.0778919011821174,no response
2020261N21265,"Orange County Nav District, TX",event30,Tropical storm <50 kt,0.0640601800310909,0.2336979361494501,0.1696377561183591,no response
2020261N21265,"Port Arthur, TX",storm,Tropical storm <50 kt,0.211396575685515,0.9441561680291888,0.7327595923436738,coupled
2020261N21265,"Port Arthur, TX",after,Tropical storm <50 kt,-0.1528914372288843,0.1302167005303714,0.2831081377592558,no response
2020261N21265,"Port Arthur, TX",event30,Tropical storm <50 kt,0.1050251599758132,0.3085554017829093,0.2035302418070961,no response
2020261N21265,"Port Freeport, TX",storm,Tropical storm <50 kt,-0.4423703491946463,-0.7216903230222527,-0.2793199738276063,coupled
2020261N21265,"Port Freeport, TX",after,Tropical storm <50 kt,0.1703849018258371,0.0919062479065948,-0.0784786539192423,no response
2020261N21265,"Port Freeport, TX",event30,Tropical storm <50 kt,0.0525861923986695,-0.0419399190320082,-0.0945261114306777,no response
2020261N21265,"Port of Greater Baton Rouge, LA",storm,Tropical storm <50 kt,-0.0841910645405821,0.0367015563286567,0.1208926208692389,no response
2020261N21265,"Port of Greater Baton Rouge, LA",after,Tropical storm <50 kt,-0.0863126385187354,0.2084677102414968,0.2947803487602322,no response
2020261N21265,"Port of Greater Baton Rouge, LA",event30,Tropical storm <50 kt,-0.1059103653251335,0.0824673904017932,0.1883777557269268,no response
2020261N21265,"Port of Iberia District, LA",storm,Tropical storm <50 kt,0.0457228760503536,-0.682625275311449,-0.7283481513618026,relative (amplified)
2020261N21265,"Port of Iberia District, LA",after,Tropical storm <50 kt,0.0391758423961883,0.1347795119202501,0.0956036695240618,no response
2020261N21265,"Port of Iberia District, LA",event30,Tropical storm <50 kt,0.0745250881478933,0.0068298536942855,-0.0676952344536077,no response
2020261N21265,"Sabine Pass Port Authority, TX",storm,Tropical storm <50 kt,-0.2010852797538898,-0.139400489217768,0.0616847905361217,no response
2020261N21265,"Sabine Pass Port Authority, TX",after,Tropical storm <50 kt,0.1259239721612207,0.2684274742454931,0.1425035020842724,no response
2020261N21265,"Sabine Pass Port Authority, TX",event30,Tropical storm <50 kt,0.0997932900489352,0.2969414962744069,0.1971482062254717,no response
2020261N21265,"South Louisiana, LA, Port of",storm,Tropical storm <50 kt,0.2690264103484034,-0.2229282816967113,-0.4919546920451147,no response
2020261N21265,"South Louisiana, LA, Port of",after,Tropical storm <50 kt,0.2185721020868782,0.42270924121323,0.2041371391263517,no response
2020261N21265,"South Louisiana, LA, Port of",event30,Tropical storm <50 kt,0.1953911834554714,0.1586899304198591,-0.0367012530356123,no response
2020261N21265,"Texas City, TX",storm,Tropical storm <50 kt,-0.0758874484524473,-0.4015800708891998,-0.3256926224367525,no response
2020261N21265,"Texas City, TX",after,Tropical storm <50 kt,0.2894815095578377,0.3711996131040662,0.0817181035462285,no response
2020261N21265,"Texas City, TX",event30,Tropical storm <50 kt,0.3659868535238474,0.2248163531422634,-0.1411705003815839,no response
2020279N16284,"Beaumont, TX",storm,Hurricane ≥64 kt,0.507359751690273,-0.5740368933237903,-1.0813966450140633,no response
2020279N16284,"Beaumont, TX",after,Hurricane ≥64 kt,0.992081714286278,1.0266646966955222,0.0345829824092442,coupled
2020279N16284,"Beaumont, TX",event30,Hurricane ≥64 kt,0.792305754376754,0.5802286399323106,-0.2120771144444434,coupled
2020279N16284,"Galveston, TX",storm,Hurricane ≥64 kt,-0.1120159919884344,-0.2980514207309023,-0.1860354287424679,no response
2020279N16284,"Galveston, TX",after,Hurricane ≥64 kt,0.1173528741091328,0.1112956696194007,-0.0060572044897321,no response
2020279N16284,"Galveston, TX",event30,Hurricane ≥64 kt,0.1388544552540219,0.2396896601325921,0.1008352048785702,coupled
2020279N16284,"Lake Charles Harbor District, LA",storm,Hurricane ≥64 kt,-0.6844319664310071,-0.383096129458967,0.3013358369720401,coupled
2020279N16284,"Lake Charles Harbor District, LA",after,Hurricane ≥64 kt,0.2647048821085561,0.4071544579798953,0.1424495758713392,coupled
2020279N16284,"Lake Charles Harbor District, LA",event30,Hurricane ≥64 kt,0.1868490654402221,0.2509710713908256,0.0641220059506035,no response
2020279N16284,"Orange County Nav District, TX",storm,Hurricane ≥64 kt,-0.1110778422603043,-0.3364109174839997,-0.2253330752236953,no response
2020279N16284,"Orange County Nav District, TX",after,Hurricane ≥64 kt,0.1204026625327546,0.4508845033885029,0.3304818408557483,no response
2020279N16284,"Orange County Nav District, TX",event30,Hurricane ≥64 kt,0.0311863734823175,0.2634465302867993,0.2322601568044817,no response
2020279N16284,"Port Arthur, TX",storm,Hurricane ≥64 kt,0.047392961094534,-0.6193673026675677,-0.6667602637621017,no response
2020279N16284,"Port Arthur, TX",after,Hurricane ≥64 kt,0.115155253397832,0.031280253681686,-0.0838749997161459,no response
2020279N16284,"Port Arthur, TX",event30,Hurricane ≥64 kt,-0.0829772675647643,0.2455983490709231,0.3285756166356874,no response
2020279N16284,"Port Freeport, TX",storm,Hurricane ≥64 kt,0.4858195764824911,0.3617978925569138,-0.1240216839255772,coupled
2020279N16284,"Port Freeport, TX",after,Hurricane ≥64 kt,0.1439059806236229,0.1566631261470602,0.0127571455234373,no response
2020279N16284,"Port Freeport, TX",event30,Hurricane ≥64 kt,0.1488344879084028,0.1442696963286764,-0.0045647915797264,no response
2020279N16284,"Port of Greater Baton Rouge, LA",storm,Strong TS 50–63 kt,-0.2935508991099331,-0.1807643916942319,0.1127865074157011,no response
2020279N16284,"Port of Greater Baton Rouge, LA",after,Strong TS 50–63 kt,0.0611206322299056,0.094857478214547,0.0337368459846414,no response
2020279N16284,"Port of Greater Baton Rouge, LA",event30,Strong TS 50–63 kt,-0.0990731078233996,-0.1748296157909746,-0.075756507967575,no response
2020279N16284,"Port of Iberia District, LA",storm,Hurricane ≥64 kt,-0.9800446938340492,-0.8274736284412482,0.1525710653928009,coupled
2020279N16284,"Port of Iberia District, LA",after,Hurricane ≥64 kt,0.1018359293675012,0.2474944625094265,0.1456585331419253,no response
2020279N16284,"Port of Iberia District, LA",event30,Hurricane ≥64 kt,-0.1132258172995048,0.1349411741988351,0.2481669914983399,no response
2020279N16284,"Sabine Pass Port Authority, TX",storm,Hurricane ≥64 kt,-0.7219592375335421,-0.976894272672567,-0.2549350351390249,coupled
2020279N16284,"Sabine Pass Port Authority, TX",after,Hurricane ≥64 kt,0.3770469106910617,0.4622807801028145,0.0852338694117528,coupled
2020279N16284,"Sabine Pass Port Authority, TX",event30,Hurricane ≥64 kt,0.1987408065341001,0.1566242889427395,-0.0421165175913606,no response
2020279N16284,"Texas City, TX",storm,Hurricane ≥64 kt,0.4055016998936943,0.0325629551275721,-0.3729387447661221,no response
2020279N16284,"Texas City, TX",after,Hurricane ≥64 kt,0.3095003007464412,0.3326366713369885,0.0231363705905473,no response
2020279N16284,"Texas City, TX",event30,Hurricane ≥64 kt,0.3713641608916631,0.2265197391303587,-0.1448444217613043,coupled
2020299N18277,"Baltimore, MD",storm,Tropical storm <50 kt,0.2901206929983135,0.2652436774515546,-0.0248770155467589,no response
2020299N18277,"Baltimore, MD",after,Tropical storm <50 kt,0.0983132258922401,-0.0033233116795484,-0.1016365375717886,no response
2020299N18277,"Baltimore, MD",event30,Tropical storm <50 kt,0.1761150479575193,0.0890655804007097,-0.0870494675568095,no response
2020299N18277,"Greater Lafourche Port, LA",storm,Hurricane ≥64 kt,0.1306529337569188,-0.3715543611719339,-0.5022072949288527,no response
2020299N18277,"Greater Lafourche Port, LA",after,Hurricane ≥64 kt,0.0205037529450819,0.0073251420631348,-0.0131786108819471,no response
2020299N18277,"Greater Lafourche Port, LA",event30,Hurricane ≥64 kt,-0.0395827222380118,0.005814871689119,0.0453975939271309,no response
2020299N18277,"Mobile, AL",storm,Hurricane ≥64 kt,-0.8672820971287208,-0.7886930367449901,0.0785890603837307,coupled
2020299N18277,"Mobile, AL",after,Hurricane ≥64 kt,-0.0653505396190874,0.0666395226151528,0.1319900622342403,no response
2020299N18277,"Mobile, AL",event30,Hurricane ≥64 kt,0.0773895178505983,0.2418429877675739,0.1644534699169756,no response
2020299N18277,"New Orleans, LA",storm,Hurricane ≥64 kt,0.1548256512451436,0.2213415466865787,0.0665158954414351,no response
2020299N18277,"New Orleans, LA",after,Hurricane ≥64 kt,0.0948507037310857,0.3446120079601323,0.2497613042290465,no response
2020299N18277,"New Orleans, LA",event30,Hurricane ≥64 kt,-0.0133499901068912,0.0768599867472273,0.0902099768541185,no response
2020299N18277,"Philadelphia Regional Port, PA",storm,Tropical storm <50 kt,0.2044441699535282,-0.0696640112152534,-0.2741081811687816,no response
2020299N18277,"Philadelphia Regional Port, PA",after,Tropical storm <50 kt,-0.0868006420117579,-0.2020053293363476,-0.1152046873245897,no response
2020299N18277,"Philadelphia Regional Port, PA",event30,Tropical storm <50 kt,-0.0226392575652163,0.0062591107303016,0.0288983682955179,no response
2020299N18277,"Plaquemines Port District, LA",storm,Hurricane ≥64 kt,-0.3648724516931985,-0.563329108387524,-0.1984566566943255,coupled
2020299N18277,"Plaquemines Port District, LA",after,Hurricane ≥64 kt,0.0871848046797343,0.0113074637348026,-0.0758773409449316,no response
2020299N18277,"Plaquemines Port District, LA",event30,Hurricane ≥64 kt,0.1355774948357191,0.0261984290198557,-0.1093790658158634,no response
2020299N18277,"Port of Greater Baton Rouge, LA",storm,Hurricane ≥64 kt,-0.5809740648763901,-0.8914621603638077,-0.3104880954874175,coupled
2020299N18277,"Port of Greater Baton Rouge, LA",after,Hurricane ≥64 kt,-0.0060675799310677,-0.3880389835082672,-0.3819714035771994,no response
2020299N18277,"Port of Greater Baton Rouge, LA",event30,Hurricane ≥64 kt,0.0128179046998878,-0.1710701438185188,-0.1838880485184066,no response
2020299N18277,"Port of Iberia District, LA",storm,Hurricane ≥64 kt,0.0573726773160419,-0.3036629483936212,-0.3610356257096631,no response
2020299N18277,"Port of Iberia District, LA",after,Hurricane ≥64 kt,-0.3338912076503136,0.1001930263293079,0.4340842339796215,no response
2020299N18277,"Port of Iberia District, LA",event30,Hurricane ≥64 kt,-0.1628342184246493,0.106270160568841,0.2691043789934904,no response
2020299N18277,"Port of Pascagoula, MS",storm,Hurricane ≥64 kt,-0.2005003809068527,-0.4491097920972409,-0.2486094111903881,no response
2020299N18277,"Port of Pascagoula, MS",after,Hurricane ≥64 kt,0.2854972608154307,0.3539795894605309,0.0684823286451001,no response
2020299N18277,"Port of Pascagoula, MS",event30,Hurricane ≥64 kt,0.2120746582817596,0.1727472939096192,-0.0393273643721403,no response
2020299N18277,"South Jersey Port Corp, NJ",storm,Tropical storm <50 kt,0.1213142015838524,-0.2293676642469098,-0.3506818658307623,no response
2020299N18277,"South Jersey Port Corp, NJ",after,Tropical storm <50 kt,0.0049193182352763,-0.1818887047282654,-0.1868080229635417,no response
2020299N18277,"South Jersey Port Corp, NJ",event30,Tropical storm <50 kt,0.0577555112360706,-0.069534440189007,-0.1272899514250777,no response
2020299N18277,"South Louisiana, LA, Port of",storm,Hurricane ≥64 kt,0.070507735286616,-0.2275839716381896,-0.2980917069248057,no response
2020299N18277,"South Louisiana, LA, Port of",after,Hurricane ≥64 kt,0.183036743208994,-0.1888052430922697,-0.3718419863012637,no response
2020299N18277,"South Louisiana, LA, Port of",event30,Hurricane ≥64 kt,0.1182864200000995,-0.1289244901688916,-0.2472109101689911,no response
2020299N18277,"Terrebonne Parish Port, LA",storm,Hurricane ≥64 kt,-0.320778983009985,-0.8351324055888409,-0.514353422578856,relative (amplified)
2020299N18277,"Terrebonne Parish Port, LA",after,Hurricane ≥64 kt,-0.117102403326726,-0.1421013770705939,-0.0249989737438679,no response
2020299N18277,"Terrebonne Parish Port, LA",event30,Hurricane ≥64 kt,0.0766493693525309,0.0476077125298471,-0.0290416568226837,no response
2020299N18277,"Virginia, VA, Port of",storm,Tropical storm <50 kt,-0.0454110002159017,0.0246159759053592,0.0700269761212609,no response
2020299N18277,"Virginia, VA, Port of",after,Tropical storm <50 kt,0.0188837942784866,-0.0359294005980579,-0.0548131948765446,no response
2020299N18277,"Virginia, VA, Port of",event30,Tropical storm <50 kt,0.0666901914698736,0.0522854417706303,-0.0144047496992432,no response
2020306N15288,"Jacksonville, FL",storm,Tropical storm <50 kt,-0.2409757683417647,-0.1753812271466519,0.0655945411951127,no response
2020306N15288,"Jacksonville, FL",after,Tropical storm <50 kt,0.0355245100537134,0.0065630928313984,-0.028961417222315,no response
2020306N15288,"Jacksonville, FL",event30,Tropical storm <50 kt,-0.0428080202404539,-0.0049588333987651,0.0378491868416887,no response
2020306N15288,"Manatee County Port, FL",storm,Strong TS 50–63 kt,-0.411189455768684,-0.9780243122532204,-0.5668348564845362,coupled
2020306N15288,"Manatee County Port, FL",after,Strong TS 50–63 kt,0.4650629804453,0.5507396266921053,0.0856766462468052,no response
2020306N15288,"Manatee County Port, FL",event30,Strong TS 50–63 kt,-0.0229073377451785,0.0335527761590578,0.0564601139042363,no response
2020306N15288,"Port Everglades, FL",storm,Strong TS 50–63 kt,-0.1120843052563641,-0.1237417144071612,-0.0116574091507971,no response
2020306N15288,"Port Everglades, FL",after,Strong TS 50–63 kt,-0.0798509018496611,0.2366025414408765,0.3164534432905377,no response
2020306N15288,"Port Everglades, FL",event30,Strong TS 50–63 kt,-0.1599353972073405,-0.0369373446105284,0.122998052596812,no response
2020306N15288,"Port of Brunswick, GA",storm,Tropical storm <50 kt,-0.2367463544174718,-0.3990539661177871,-0.1623076117003153,no response
2020306N15288,"Port of Brunswick, GA",after,Tropical storm <50 kt,-0.0089230593036912,0.1349809220462878,0.1439039813499791,no response
2020306N15288,"Port of Brunswick, GA",event30,Tropical storm <50 kt,-0.0567938520534008,0.0025145714886877,0.0593084235420885,no response
2020306N15288,"Port of Charleston, SC",storm,Tropical storm <50 kt,0.0434406121536109,0.0060097594373311,-0.0374308527162797,no response
2020306N15288,"Port of Charleston, SC",after,Tropical storm <50 kt,0.053920078698782,0.0999873424432083,0.0460672637444263,no response
2020306N15288,"Port of Charleston, SC",event30,Tropical storm <50 kt,0.0299562979620887,0.08682990825134,0.0568736102892513,no response
2020306N15288,"Port of Savannah, GA",storm,Tropical storm <50 kt,-0.0855041796232404,-0.0374218039945144,0.0480823756287259,no response
2020306N15288,"Port of Savannah, GA",after,Tropical storm <50 kt,0.1114058111415113,0.2004846171397267,0.0890788059982153,no response
2020306N15288,"Port of Savannah, GA",event30,Tropical storm <50 kt,0.0548653617768335,0.1346003393971249,0.0797349776202914,no response
2020306N15288,"PortMiami, FL",storm,Strong TS 50–63 kt,-0.311089881754597,-0.410811833268932,-0.099721951514335,coupled
2020306N15288,"PortMiami, FL",after,Strong TS 50–63 kt,0.016791308597796,0.0494960712453299,0.0327047626475339,no response
2020306N15288,"PortMiami, FL",event30,Strong TS 50–63 kt,-0.1265960036325791,-0.131207558298811,-0.0046115546662318,no response
2020306N15288,"Tampa Port Authority, FL",storm,Strong TS 50–63 kt,0.1778513230029158,-0.0361686632390209,-0.2140199862419368,no response
2020306N15288,"Tampa Port Authority, FL",after,Strong TS 50–63 kt,0.1343573115390136,0.1041031033233538,-0.0302542082156598,no response
2020306N15288,"Tampa Port Authority, FL",event30,Strong TS 50–63 kt,0.0396930535557922,0.0013389355377086,-0.0383541180180836,no response
2021165N32282,"Morehead City, NC",storm,Tropical storm <50 kt,-0.9337182152344344,-0.8721934304350886,0.0615247847993459,coupled
2021165N32282,"Morehead City, NC",after,Tropical storm <50 kt,0.0457358067625093,0.0491906716972429,0.0034548649347336,no response
2021165N32282,"Morehead City, NC",event30,Tropical storm <50 kt,-0.0620205961221637,-0.0831867922192139,-0.0211661960970501,no response
2021169N23268,"Greater Lafourche Port, LA",storm,Tropical storm <50 kt,0.2898659575930723,-0.106738561089288,-0.3966045186823604,no response
2021169N23268,"Greater Lafourche Port, LA",after,Tropical storm <50 kt,0.031834924918707,-0.0073239320022412,-0.0391588569209482,no response
2021169N23268,"Greater Lafourche Port, LA",event30,Tropical storm <50 kt,0.0519007740405797,0.049638885937958,-0.0022618881026216,no response
2021169N23268,"Mobile, AL",storm,Tropical storm <50 kt,0.251088491871193,0.2323975596625644,-0.0186909322086285,no response
2021169N23268,"Mobile, AL",after,Tropical storm <50 kt,0.1576490736459055,0.227353613005951,0.0697045393600454,no response
2021169N23268,"Mobile, AL",event30,Tropical storm <50 kt,0.1201513576121543,0.1688434933618401,0.0486921357496857,no response
2021169N23268,"Morehead City, NC",storm,Tropical storm <50 kt,-0.2422230711563649,-0.4037545602504143,-0.1615314890940493,no response
2021169N23268,"Morehead City, NC",after,Tropical storm <50 kt,-0.0302210915412724,-0.122576166704635,-0.0923550751633626,no response
2021169N23268,"Morehead City, NC",event30,Tropical storm <50 kt,-0.0884485586611796,-0.1727221249316745,-0.0842735662704948,no response
2021169N23268,"New Orleans, LA",storm,Tropical storm <50 kt,-0.1097124467808737,-0.045774387972543,0.0639380588083307,no response
2021169N23268,"New Orleans, LA",after,Tropical storm <50 kt,-0.058251057023095,0.0441838625108753,0.1024349195339703,no response
2021169N23268,"New Orleans, LA",event30,Tropical storm <50 kt,-0.0378193553729054,0.082080088890283,0.1198994442631884,no response
2021169N23268,"Plaquemines Port District, LA",storm,Tropical storm <50 kt,-0.4254073373606648,-0.4676129120469666,-0.0422055746863018,coupled
2021169N23268,"Plaquemines Port District, LA",after,Tropical storm <50 kt,-0.1906789525249597,-0.1794972475978316,0.0111817049271281,no response
2021169N23268,"Plaquemines Port District, LA",event30,Tropical storm <50 kt,-0.1557295371469473,-0.2010287729481664,-0.045299235801219,coupled
2021169N23268,"Port of Charleston, SC",storm,Tropical storm <50 kt,-0.0616327134053157,-0.1474593920615247,-0.085826678656209,no response
2021169N23268,"Port of Charleston, SC",after,Tropical storm <50 kt,-0.1112648045734772,-0.1670456858786172,-0.05578088130514,no response
2021169N23268,"Port of Charleston, SC",event30,Tropical storm <50 kt,-0.0288834259759276,-0.1218551969366467,-0.0929717709607191,no response
2021169N23268,"Port of Greater Baton Rouge, LA",storm,Tropical storm <50 kt,0.0915761137729709,0.1825193563941869,0.0909432426212159,no response
2021169N23268,"Port of Greater Baton Rouge, LA",after,Tropical storm <50 kt,0.0832033886504481,0.0982743078898626,0.0150709192394145,no response
2021169N23268,"Port of Greater Baton Rouge, LA",event30,Tropical storm <50 kt,-0.0011384741753561,0.0576676727898219,0.058806146965178,no response
2021169N23268,"Port of Iberia District, LA",storm,Tropical storm <50 kt,-0.4337350543168771,-0.3865462805598196,0.0471887737570575,no response
2021169N23268,"Port of Iberia District, LA",after,Tropical storm <50 kt,-0.0567943850972817,-0.0578941178677189,-0.0010997327704372,no response
2021169N23268,"Port of Iberia District, LA",event30,Tropical storm <50 kt,-0.0272858866009818,-0.0246685947875582,0.0026172918134235,no response
2021169N23268,"Port of Pascagoula, MS",storm,Tropical storm <50 kt,-0.1997815551642016,-0.3277813818103691,-0.1279998266461675,no response
2021169N23268,"Port of Pascagoula, MS",after,Tropical storm <50 kt,0.1862242847693165,0.3948376628391601,0.2086133780698435,no response
2021169N23268,"Port of Pascagoula, MS",event30,Tropical storm <50 kt,0.0783221272547191,0.110003033581589,0.0316809063268699,no response
2021169N23268,"South Louisiana, LA, Port of",storm,Tropical storm <50 kt,-0.3976666100947576,-0.1836121044529413,0.2140545056418163,no response
2021169N23268,"South Louisiana, LA, Port of",after,Tropical storm <50 kt,-0.250603440577942,-0.1135545741616573,0.1370488664162846,no response
2021169N23268,"South Louisiana, LA, Port of",event30,Tropical storm <50 kt,-0.1405523939514519,-0.1302141004173943,0.0103382935340575,no response
2021169N23268,"Terrebonne Parish Port, LA",storm,Tropical storm <50 kt,-0.520004010713496,-0.9271601901084616,-0.4071561793949656,relative (amplified)
2021169N23268,"Terrebonne Parish Port, LA",after,Tropical storm <50 kt,-0.2294718528517519,-0.3939872881686931,-0.1645154353169411,coupled
2021169N23268,"Terrebonne Parish Port, LA",event30,Tropical storm <50 kt,-0.1206344206553504,-0.1724838864394816,-0.0518494657841311,no response
2021169N23268,"Virginia, VA, Port of",storm,Tropical storm <50 kt,-0.0353550331896452,0.0286643226533808,0.0640193558430261,no response
2021169N23268,"Virginia, VA, Port of",after,Tropical storm <50 kt,-0.2395260446770567,-0.169888439554195,0.0696376051228617,no response
2021169N23268,"Virginia, VA, Port of",event30,Tropical storm <50 kt,-0.1703749167423707,-0.0928375382589074,0.0775373784834632,no response
2021169N23268,"Wilmington, NC",storm,Tropical storm <50 kt,-0.2087159371678511,-0.0910569976288339,0.1176589395390172,no response
2021169N23268,"Wilmington, NC",after,Tropical storm <50 kt,0.1593799685348793,-0.0227930993968438,-0.1821730679317231,no response
2021169N23268,"Wilmington, NC",event30,Tropical storm <50 kt,0.0014989924344774,-0.0680601599849142,-0.0695591524193916,no response
2021179N30287,"Port of Brunswick, GA",storm,Tropical storm <50 kt,-0.1667866801401749,-0.1916833746713915,-0.0248966945312166,no response
2021179N30287,"Port of Brunswick, GA",after,Tropical storm <50 kt,-0.1798761887139502,-0.201587725219809,-0.0217115365058588,no response
2021179N30287,"Port of Brunswick, GA",event30,Tropical storm <50 kt,-0.1207452624358275,-0.1316473158224591,-0.0109020533866316,no response
2021179N30287,"Port of Charleston, SC",storm,Tropical storm <50 kt,-0.1231238559142627,-0.2642610300299501,-0.1411371741156873,no response
2021179N30287,"Port of Charleston, SC",after,Tropical storm <50 kt,0.074041491971802,-0.0975435319388559,-0.171585023910658,no response
2021179N30287,"Port of Charleston, SC",event30,Tropical storm <50 kt,-0.0151070382499496,-0.1285552004649512,-0.1134481622150016,no response
2021179N30287,"Port of Savannah, GA",storm,Tropical storm <50 kt,-0.2571525060260088,-0.2879489182310872,-0.0307964122050784,no response
2021179N30287,"Port of Savannah, GA",after,Tropical storm <50 kt,-0.0646814695257217,0.0757136828649056,0.1403951523906274,no response
2021179N30287,"Port of Savannah, GA",event30,Tropical storm <50 kt,0.0107760427373996,0.0815954664460816,0.0708194237086819,no response
2021182N09317,"Baltimore, MD",storm,Strong TS 50–63 kt,-0.0909574725922897,-0.1607776482511139,-0.0698201756588242,no response
2021182N09317,"Baltimore, MD",after,Strong TS 50–63 kt,-0.1681479672506529,-0.1128360934671008,0.0553118737835521,no response
2021182N09317,"Baltimore, MD",event30,Strong TS 50–63 kt,-0.1369701795561829,-0.1220226880777972,0.0149474914783856,no response
2021182N09317,"Boston, MA",storm,Tropical storm <50 kt,-0.0684521203813284,-0.4129344556667345,-0.344482335285406,no response
2021182N09317,"Boston, MA",after,Tropical storm <50 kt,-0.0954069996866205,-0.185742946720351,-0.0903359470337305,no response
2021182N09317,"Boston, MA",event30,Tropical storm <50 kt,-0.0036530035198325,-0.1944155999030209,-0.1907625963831883,no response
2021182N09317,"Bridgeport, CT",storm,Strong TS 50–63 kt,0.3695574114820942,0.1112358371412787,-0.2583215743408155,no response
2021182N09317,"Bridgeport, CT",after,Strong TS 50–63 kt,-0.2612413146392635,-0.0535008509362641,0.2077404637029993,no response
2021182N09317,"Bridgeport, CT",event30,Strong TS 50–63 kt,-0.0003428370142279,0.0151939531542592,0.0155367901684871,no response
2021182N09317,"Jacksonville, FL",storm,Tropical storm <50 kt,-0.0517172580385292,-0.0445735695069292,0.0071436885316,no response
2021182N09317,"Jacksonville, FL",after,Tropical storm <50 kt,-0.0225614861222341,-0.0236561064078484,-0.0010946202856142,no response
2021182N09317,"Jacksonville, FL",event30,Tropical storm <50 kt,-0.1151362448367554,-0.0984584722669246,0.0166777725698307,no response
2021182N09317,"Manatee County Port, FL",storm,Strong TS 50–63 kt,0.2474434814682434,0.2347232286207814,-0.012720252847462,no response
2021182N09317,"Manatee County Port, FL",after,Strong TS 50–63 kt,0.1208507689834673,0.2062845074607009,0.0854337384772336,no response
2021182N09317,"Manatee County Port, FL",event30,Strong TS 50–63 kt,0.1276300991027326,0.1312037368933515,0.0035736377906189,no response
2021182N09317,"New Haven, CT",storm,Strong TS 50–63 kt,-0.1599870140721828,-0.3176914540344305,-0.1577044399622477,no response
2021182N09317,"New Haven, CT",after,Strong TS 50–63 kt,-0.3961106918768871,-0.2513710476842303,0.1447396441926567,no response
2021182N09317,"New Haven, CT",event30,Strong TS 50–63 kt,-0.2655167582741486,-0.223492838308603,0.0420239199655456,no response
2021182N09317,"New York, NY & NJ",storm,Strong TS 50–63 kt,0.1492982371701633,-0.1747046307160132,-0.3240028678861766,no response
2021182N09317,"New York, NY & NJ",after,Strong TS 50–63 kt,-0.1187354599707284,-0.2335358223207214,-0.114800362349993,no response
2021182N09317,"New York, NY & NJ",event30,Strong TS 50–63 kt,-0.1295077174224397,-0.2149494919055671,-0.0854417744831274,no response
2021182N09317,"Philadelphia Regional Port, PA",storm,Strong TS 50–63 kt,0.0693378966842808,0.3294737044038532,0.2601358077195724,no response
2021182N09317,"Philadelphia Regional Port, PA",after,Strong TS 50–63 kt,-0.0591934381892191,0.0525554883423848,0.111748926531604,no response
2021182N09317,"Philadelphia Regional Port, PA",event30,Strong TS 50–63 kt,-0.0678194995517636,-0.0329683477539773,0.0348511517977863,no response
2021182N09317,"Port Jefferson, NY",storm,Strong TS 50–63 kt,-0.2584969490360161,-0.1257782374202968,0.1327187116157193,no response
2021182N09317,"Port Jefferson, NY",after,Strong TS 50–63 kt,-0.2176232933715181,-0.251524020362157,-0.0339007269906388,no response
2021182N09317,"Port Jefferson, NY",event30,Strong TS 50–63 kt,-0.0976800620174725,-0.1581320566787186,-0.060451994661246,no response
2021182N09317,"Port of Brunswick, GA",storm,Tropical storm <50 kt,-0.4606163143922213,-0.9381661978420694,-0.4775498834498481,coupled
2021182N09317,"Port of Brunswick, GA",after,Tropical storm <50 kt,-0.0130512380663942,0.1356060295807745,0.1486572676471688,no response
2021182N09317,"Port of Brunswick, GA",event30,Tropical storm <50 kt,-0.0707823087374528,-0.1246060936437525,-0.0538237849062996,no response
2021182N09317,"Port of Charleston, SC",storm,Tropical storm <50 kt,0.157891063195404,-0.0351888077959689,-0.193079870991373,no response
2021182N09317,"Port of Charleston, SC",after,Tropical storm <50 kt,-0.0190725774522352,-0.1717704462558965,-0.1526978688036613,no response
2021182N09317,"Port of Charleston, SC",event30,Tropical storm <50 kt,0.027170916295515,-0.1266181169896505,-0.1537890332851655,no response
2021182N09317,"Port of Providence, RI",storm,Tropical storm <50 kt,-0.1253850733062607,-0.1894402223217481,-0.0640551490154874,no response
2021182N09317,"Port of Providence, RI",after,Tropical storm <50 kt,-0.0985370598090731,-0.1629396129558402,-0.064402553146767,no response
2021182N09317,"Port of Providence, RI",event30,Tropical storm <50 kt,-0.1275724052381999,-0.150074932597432,-0.0225025273592321,no response
2021182N09317,"Port of Savannah, GA",storm,Tropical storm <50 kt,-0.0379216971511457,0.0709404834113827,0.1088621805625284,no response
2021182N09317,"Port of Savannah, GA",after,Tropical storm <50 kt,0.0287944970145237,0.0663565010478225,0.0375620040332988,no response
2021182N09317,"Port of Savannah, GA",event30,Tropical storm <50 kt,0.0809058257678567,0.1183943542211672,0.0374885284533105,no response
2021182N09317,"Portland, ME",storm,Tropical storm <50 kt,0.7095205719159812,0.339705312847277,-0.3698152590687041,no response
2021182N09317,"Portland, ME",after,Tropical storm <50 kt,0.3910969489480299,0.1431832200512684,-0.2479137288967614,no response
2021182N09317,"Portland, ME",event30,Tropical storm <50 kt,0.3913392731685504,0.0736941555122605,-0.3176451176562899,no response
2021182N09317,"Searsport, ME",storm,Tropical storm <50 kt,-0.2530195183700107,-0.0657512934292122,0.1872682249407984,no response
2021182N09317,"Searsport, ME",after,Tropical storm <50 kt,-0.1886277605444874,-0.1826968150294552,0.0059309455150321,no response
2021182N09317,"Searsport, ME",event30,Tropical storm <50 kt,-0.3191804750482561,-0.277634270785532,0.041546204262724,coupled
2021182N09317,"South Jersey Port Corp, NJ",storm,Strong TS 50–63 kt,-0.2269484347043805,-0.3445691926317431,-0.1176207579273625,no response
2021182N09317,"South Jersey Port Corp, NJ",after,Strong TS 50–63 kt,-0.1669959375885946,-0.1965657416354863,-0.0295698040468917,no response
2021182N09317,"South Jersey Port Corp, NJ",event30,Strong TS 50–63 kt,-0.1489048491448878,-0.1671417690581285,-0.0182369199132407,no response
2021182N09317,"Tampa Port Authority, FL",storm,Strong TS 50–63 kt,0.0138403894086815,-0.0799907412383817,-0.0938311306470632,no response
2021182N09317,"Tampa Port Authority, FL",after,Strong TS 50–63 kt,0.157122689580719,0.2862005296912437,0.1290778401105247,no response
2021182N09317,"Tampa Port Authority, FL",event30,Strong TS 50–63 kt,0.0936467753628938,0.1181541597366553,0.0245073843737615,no response
2021182N09317,"Virginia, VA, Port of",storm,Tropical storm <50 kt,0.0204927832726559,-0.0877695937284726,-0.1082623770011284,no response
2021182N09317,"Virginia, VA, Port of",after,Tropical storm <50 kt,-0.1746195481759315,-0.0456180827902459,0.1290014653856855,no response
2021182N09317,"Virginia, VA, Port of",event30,Tropical storm <50 kt,-0.1728807123226409,-0.1066266032833927,0.0662541090392482,no response
2021182N09317,"Wilmington, NC",storm,Tropical storm <50 kt,-0.2901827050373621,-0.191929427417254,0.098253277620108,no response
2021182N09317,"Wilmington, NC",after,Tropical storm <50 kt,-0.0967048281414024,-0.1023127386744463,-0.0056079105330439,no response
2021182N09317,"Wilmington, NC",event30,Tropical storm <50 kt,-0.2302106872815869,-0.1026310032469857,0.1275796840346011,no response
2021227N36297,"Albany Port District, NY",storm,Tropical storm <50 kt,0.2221445144158283,0.315411066347305,0.0932665519314766,no response
2021227N36297,"Albany Port District, NY",after,Tropical storm <50 kt,0.290654553717828,0.3207999876291084,0.0301454339112804,no response
2021227N36297,"Albany Port District, NY",event30,Tropical storm <50 kt,0.1445152351262262,0.1806927611431496,0.0361775260169234,no response
2021227N36297,"Boston, MA",storm,Tropical storm <50 kt,0.2944525266697873,0.4441175160921584,0.1496649894223711,no response
2021227N36297,"Boston, MA",after,Tropical storm <50 kt,0.0713215850333928,0.3220680053340718,0.2507464203006789,no response
2021227N36297,"Boston, MA",event30,Tropical storm <50 kt,0.0112564305565881,0.2041833265650505,0.1929268960084623,no response
2021227N36297,"Bridgeport, CT",storm,Tropical storm <50 kt,0.4322186426167175,-0.0361717361027043,-0.4683903787194218,no response
2021227N36297,"Bridgeport, CT",after,Tropical storm <50 kt,0.3712794998973587,0.2356012849892107,-0.1356782149081479,no response
2021227N36297,"Bridgeport, CT",event30,Tropical storm <50 kt,0.2621424549584496,0.1766939406581552,-0.0854485143002944,no response
2021227N36297,"New Haven, CT",storm,Tropical storm <50 kt,-0.4883878742951284,-0.315209016572146,0.1731788577229823,no response
2021227N36297,"New Haven, CT",after,Tropical storm <50 kt,0.1530444814060905,0.2357182269008268,0.0826737454947363,no response
2021227N36297,"New Haven, CT",event30,Tropical storm <50 kt,0.1201175107246636,0.0795777927950273,-0.0405397179296362,no response
2021227N36297,"New York, NY & NJ",storm,Tropical storm <50 kt,0.218655588565786,0.2619451967566827,0.0432896081908967,no response
2021227N36297,"New York, NY & NJ",after,Tropical storm <50 kt,0.1281350946503703,0.2248136510346159,0.0966785563842455,no response
2021227N36297,"New York, NY & NJ",event30,Tropical storm <50 kt,0.1510734790030276,0.2424592177207327,0.0913857387177051,no response
2021227N36297,"Philadelphia Regional Port, PA",storm,Tropical storm <50 kt,0.0858710053049057,0.0688443743232977,-0.017026630981608,no response
2021227N36297,"Philadelphia Regional Port, PA",after,Tropical storm <50 kt,0.1831850078361573,0.4410001421554643,0.257815134319307,no response
2021227N36297,"Philadelphia Regional Port, PA",event30,Tropical storm <50 kt,0.2040651349361474,0.2021687202005512,-0.0018964147355961,no response
2021227N36297,"Port Jefferson, NY",storm,Tropical storm <50 kt,0.0499644145058129,-0.0157075807708653,-0.0656719952766783,no response
2021227N36297,"Port Jefferson, NY",after,Tropical storm <50 kt,0.366357284453058,0.3216029344465976,-0.0447543500064603,no response
2021227N36297,"Port Jefferson, NY",event30,Tropical storm <50 kt,0.2425792639930141,0.2696497844007953,0.0270705204077811,no response
2021227N36297,"Port of Providence, RI",storm,Tropical storm <50 kt,0.1638959214116329,0.0198925754979007,-0.1440033459137322,no response
2021227N36297,"Port of Providence, RI",after,Tropical storm <50 kt,0.3640578973606757,0.2999738068955598,-0.0640840904651159,coupled
2021227N36297,"Port of Providence, RI",event30,Tropical storm <50 kt,0.3550414047578336,0.2392819015511132,-0.1157595032067203,coupled
2021227N36297,"Portland, ME",storm,Tropical storm <50 kt,0.5447188502660173,0.4495288301971481,-0.0951900200688691,no response
2021227N36297,"Portland, ME",after,Tropical storm <50 kt,0.303288754710992,0.1419974826608718,-0.1612912720501201,no response
2021227N36297,"Portland, ME",event30,Tropical storm <50 kt,0.1637770687976799,-0.0048466292356926,-0.1686236980333726,no response
2021239N17281,"Baltimore, MD",storm,Tropical storm <50 kt,0.166630934636079,0.0545365986348218,-0.1120943360012571,no response
2021239N17281,"Baltimore, MD",after,Tropical storm <50 kt,0.2778617003373979,0.2491070378332321,-0.0287546625041657,no response
2021239N17281,"Baltimore, MD",event30,Tropical storm <50 kt,0.2128533172003992,0.1457159340237276,-0.0671373831766715,no response
2021239N17281,"Boston, MA",storm,Tropical storm <50 kt,-0.096403284752652,0.0597923730834598,0.1561956578361118,no response
2021239N17281,"Boston, MA",after,Tropical storm <50 kt,-0.2485709423746651,-0.0309942234428269,0.2175767189318382,no response
2021239N17281,"Boston, MA",event30,Tropical storm <50 kt,-0.0683292578998147,0.0177006111591726,0.0860298690589874,no response
2021239N17281,"Bridgeport, CT",storm,Tropical storm <50 kt,0.6169836193446436,0.2290078184562329,-0.3879758008884107,no response
2021239N17281,"Bridgeport, CT",after,Tropical storm <50 kt,0.1792837949463821,0.169975733465969,-0.009308061480413,no response
2021239N17281,"Bridgeport, CT",event30,Tropical storm <50 kt,0.2073119368267569,0.1324785554524145,-0.0748333813743424,no response
2021239N17281,"Greater Lafourche Port, LA",storm,Hurricane ≥64 kt,-1.4570581166142913,-1.607437741795931,-0.1503796251816394,coupled
2021239N17281,"Greater Lafourche Port, LA",after,Hurricane ≥64 kt,-0.9361297412478914,-1.0312263128133354,-0.095096571565444,coupled
2021239N17281,"Greater Lafourche Port, LA",event30,Hurricane ≥64 kt,-0.451422731416919,-0.419179636909351,0.0322430945075679,coupled
2021239N17281,"New Haven, CT",storm,Tropical storm <50 kt,0.1914354218664011,-0.0446826762610389,-0.2361180981274401,no response
2021239N17281,"New Haven, CT",after,Tropical storm <50 kt,0.245590223436946,0.1361579141085247,-0.1094323093284213,no response
2021239N17281,"New Haven, CT",event30,Tropical storm <50 kt,0.3178403908804144,0.127902453064826,-0.1899379378155883,no response
2021239N17281,"New Orleans, LA",storm,Hurricane ≥64 kt,-0.9260578251177576,-1.5435142837082725,-0.6174564585905148,relative (amplified)
2021239N17281,"New Orleans, LA",after,Hurricane ≥64 kt,0.0286153937758111,-0.4527352545770403,-0.4813506483528514,no response
2021239N17281,"New Orleans, LA",event30,Hurricane ≥64 kt,0.193991249241203,0.0012235191067991,-0.1927677301344038,no response
2021239N17281,"New York, NY & NJ",storm,Tropical storm <50 kt,0.0940769915955141,0.045078286838495,-0.048998704757019,no response
2021239N17281,"New York, NY & NJ",after,Tropical storm <50 kt,0.0584370068485285,0.0223642301351895,-0.0360727767133389,no response
2021239N17281,"New York, NY & NJ",event30,Tropical storm <50 kt,0.0981453767392844,0.174509068302772,0.0763636915634875,no response
2021239N17281,"Philadelphia Regional Port, PA",storm,Tropical storm <50 kt,0.3412956262108915,0.4731977148319318,0.1319020886210402,no response
2021239N17281,"Philadelphia Regional Port, PA",after,Tropical storm <50 kt,0.2864459102538401,0.0202825748005582,-0.2661633354532819,no response
2021239N17281,"Philadelphia Regional Port, PA",event30,Tropical storm <50 kt,0.2160637511612586,0.2438954699161549,0.0278317187548963,no response
2021239N17281,"Plaquemines Port District, LA",storm,Hurricane ≥64 kt,-1.0300543816419392,-1.267436302811524,-0.2373819211695849,relative (amplified)
2021239N17281,"Plaquemines Port District, LA",after,Hurricane ≥64 kt,0.1501315926717024,-0.2057188746453657,-0.3558504673170681,no response
2021239N17281,"Plaquemines Port District, LA",event30,Hurricane ≥64 kt,0.147224142882999,-0.091710207400806,-0.238934350283805,no response
2021239N17281,"Port Jefferson, NY",storm,Tropical storm <50 kt,0.2978192797098214,0.2473176296774628,-0.0505016500323586,no response
2021239N17281,"Port Jefferson, NY",after,Tropical storm <50 kt,0.1100090788229905,0.1596620390803758,0.0496529602573852,no response
2021239N17281,"Port Jefferson, NY",event30,Tropical storm <50 kt,0.1062846025986031,0.1066848462884714,0.0004002436898682,no response
2021239N17281,"Port of Greater Baton Rouge, LA",storm,Hurricane ≥64 kt,-1.0507846661178677,-0.7850036021973997,0.2657810639204679,coupled
2021239N17281,"Port of Greater Baton Rouge, LA",after,Hurricane ≥64 kt,-0.0241323284787959,0.0645023508082979,0.0886346792870938,no response
2021239N17281,"Port of Greater Baton Rouge, LA",event30,Hurricane ≥64 kt,-0.0671265386339587,-0.0732979818599621,-0.0061714432260033,no response
2021239N17281,"Port of Iberia District, LA",storm,Hurricane ≥64 kt,-0.0085831553294267,-0.1879532480341474,-0.1793700927047207,no response
2021239N17281,"Port of Iberia District, LA",after,Hurricane ≥64 kt,0.4148661906470505,0.5032509071917918,0.0883847165447412,coupled
2021239N17281,"Port of Iberia District, LA",event30,Hurricane ≥64 kt,0.3649879413985232,0.3915822566671296,0.0265943152686064,coupled
2021239N17281,"Port of Providence, RI",storm,Tropical storm <50 kt,0.2822726567649263,0.0114571645418133,-0.2708154922231129,no response
2021239N17281,"Port of Providence, RI",after,Tropical storm <50 kt,0.2785994572731063,0.138675923139108,-0.1399235341339983,no response
2021239N17281,"Port of Providence, RI",event30,Tropical storm <50 kt,0.3333804461125187,0.1318801741675273,-0.2015002719449914,relative (damped)
2021239N17281,"Searsport, ME",storm,Tropical storm <50 kt,-0.2223057909877444,-0.6652042030640525,-0.442898412076308,coupled
2021239N17281,"Searsport, ME",after,Tropical storm <50 kt,0.2461589971367389,-0.2227122966322943,-0.4688712937690332,no response
2021239N17281,"Searsport, ME",event30,Tropical storm <50 kt,0.1807024148730988,-0.231172061539026,-0.4118744764121249,no response
2021239N17281,"South Jersey Port Corp, NJ",storm,Tropical storm <50 kt,0.1651800255394362,0.0441001514748459,-0.1210798740645903,no response
2021239N17281,"South Jersey Port Corp, NJ",after,Tropical storm <50 kt,0.1743752149726867,0.1872805113528919,0.0129052963802052,no response
2021239N17281,"South Jersey Port Corp, NJ",event30,Tropical storm <50 kt,0.1978026563007949,0.2350211892043947,0.0372185329035998,no response
2021239N17281,"South Louisiana, LA, Port of",storm,Hurricane ≥64 kt,-1.129190909951717,-1.5784326557794608,-0.4492417458277438,coupled
2021239N17281,"South Louisiana, LA, Port of",after,Hurricane ≥64 kt,-0.3260404622917897,-0.7050115195430009,-0.3789710572512112,relative (amplified)
2021239N17281,"South Louisiana, LA, Port of",event30,Hurricane ≥64 kt,-0.0143365745879845,-0.2637290960874854,-0.2493925214995009,no response
2021239N17281,"Terrebonne Parish Port, LA",storm,Hurricane ≥64 kt,-1.2188554746705524,-1.5584522293434524,-0.3395967546728999,coupled
2021239N17281,"Terrebonne Parish Port, LA",after,Hurricane ≥64 kt,-0.0010016481237707,-0.0585229405269503,-0.0575212924031795,no response
2021239N17281,"Terrebonne Parish Port, LA",event30,Hurricane ≥64 kt,-0.0624035214379849,-0.1111920006728622,-0.0487884792348773,no response
2021256N21265,"Beaumont, TX",storm,Tropical storm <50 kt,-0.2031992072751292,-0.7235586215042837,-0.5203594142291544,coupled
2021256N21265,"Beaumont, TX",after,Tropical storm <50 kt,-0.1757866231752826,-0.6072905625500582,-0.4315039393747755,relative (amplified)
2021256N21265,"Beaumont, TX",event30,Tropical storm <50 kt,-0.2607159749388777,-0.8851443705597015,-0.6244283956208238,relative (amplified)
2021256N21265,"Brownsville, TX",storm,Strong TS 50–63 kt,-0.2864288195917064,-0.6294621619622679,-0.3430333423705614,no response
2021256N21265,"Brownsville, TX",after,Strong TS 50–63 kt,-0.0583106403842864,-0.0520220762872509,0.0062885640970355,no response
2021256N21265,"Brownsville, TX",event30,Strong TS 50–63 kt,-0.2431196456374229,-0.0891533324435053,0.1539663131939175,no response
2021256N21265,"Calhoun Port Authority, TX",storm,Hurricane ≥64 kt,0.5954278147649624,-0.1094995428600177,-0.7049273576249802,relative (damped)
2021256N21265,"Calhoun Port Authority, TX",after,Hurricane ≥64 kt,0.364493730980978,0.2774800146824963,-0.0870137162984816,no response
2021256N21265,"Calhoun Port Authority, TX",event30,Hurricane ≥64 kt,0.3164078261999137,0.1048231828210943,-0.2115846433788193,no response
2021256N21265,"Corpus Christi, TX",storm,Strong TS 50–63 kt,-0.0938596964659253,-0.2184397023698912,-0.1245800059039659,no response
2021256N21265,"Corpus Christi, TX",after,Strong TS 50–63 kt,0.0089288617492702,0.1091768577447104,0.1002479959954401,no response
2021256N21265,"Corpus Christi, TX",event30,Strong TS 50–63 kt,-0.0500700084566125,0.0496197871890713,0.0996897956456839,no response
2021256N21265,"Galveston, TX",storm,Tropical storm <50 kt,-0.0414212437753966,-0.1122344912377871,-0.0708132474623904,no response
2021256N21265,"Galveston, TX",after,Tropical storm <50 kt,0.1366539412510852,0.2228693657995109,0.0862154245484256,no response
2021256N21265,"Galveston, TX",event30,Tropical storm <50 kt,0.0514112324076218,0.1028290818613206,0.0514178494536987,no response
2021256N21265,"Greater Lafourche Port, LA",storm,Tropical storm <50 kt,0.0425959932210408,-0.0553004249375635,-0.0978964181586044,no response
2021256N21265,"Greater Lafourche Port, LA",after,Tropical storm <50 kt,-0.0706610965549332,0.0101631747178993,0.0808242712728325,no response
2021256N21265,"Greater Lafourche Port, LA",event30,Tropical storm <50 kt,-0.0083727403981579,0.0047121195047533,0.0130848599029112,no response
2021256N21265,"Houston Port Authority, TX",storm,Tropical storm <50 kt,-0.0027668606163926,-0.1607029115890416,-0.1579360509726489,no response
2021256N21265,"Houston Port Authority, TX",after,Tropical storm <50 kt,0.1000441387043264,0.0777080356767914,-0.022336103027535,no response
2021256N21265,"Houston Port Authority, TX",event30,Tropical storm <50 kt,0.0856500223683163,0.0279634973239952,-0.0576865250443211,no response
2021256N21265,"Lake Charles Harbor District, LA",storm,Tropical storm <50 kt,0.1312623171703507,0.0347319601514789,-0.0965303570188718,no response
2021256N21265,"Lake Charles Harbor District, LA",after,Tropical storm <50 kt,0.0480811963809874,0.0513459112806576,0.0032647148996702,no response
2021256N21265,"Lake Charles Harbor District, LA",event30,Tropical storm <50 kt,0.0916258047716698,0.0795069149160969,-0.0121188898555729,no response
2021256N21265,"New Orleans, LA",storm,Tropical storm <50 kt,0.4371991792641016,0.4045751526446818,-0.0326240266194197,no response
2021256N21265,"New Orleans, LA",after,Tropical storm <50 kt,0.4820193721858493,0.3949857901320862,-0.0870335820537631,coupled
2021256N21265,"New Orleans, LA",event30,Tropical storm <50 kt,0.4192437958446517,0.3624911525484835,-0.0567526432961682,coupled
2021256N21265,"Orange County Nav District, TX",storm,Tropical storm <50 kt,-0.2004639098344906,-0.1204802732377023,0.0799836365967882,no response
2021256N21265,"Orange County Nav District, TX",after,Tropical storm <50 kt,-0.2398361547545723,-0.1896715256129536,0.0501646291416187,no response
2021256N21265,"Orange County Nav District, TX",event30,Tropical storm <50 kt,-0.1874102331261646,-0.1391659866030907,0.0482442465230739,no response
2021256N21265,"Port Arthur, TX",storm,Tropical storm <50 kt,0.2402692786318133,0.1443297515204306,-0.0959395271113827,no response
2021256N21265,"Port Arthur, TX",after,Tropical storm <50 kt,0.2600487926064541,0.628160420263152,0.3681116276566978,no response
2021256N21265,"Port Arthur, TX",event30,Tropical storm <50 kt,0.2850963486864225,0.1764933836097957,-0.1086029650766267,no response
2021256N21265,"Port Freeport, TX",storm,Strong TS 50–63 kt,-0.045634279558513,-0.2050455121401426,-0.1594112325816296,no response
2021256N21265,"Port Freeport, TX",after,Strong TS 50–63 kt,0.100430111267555,0.077363805238355,-0.0230663060292,no response
2021256N21265,"Port Freeport, TX",event30,Strong TS 50–63 kt,0.0817984171693725,-0.0296828499877386,-0.1114812671571111,no response
2021256N21265,"Port of Greater Baton Rouge, LA",storm,Tropical storm <50 kt,0.3158827704477655,0.1677307885644397,-0.1481519818833257,no response
2021256N21265,"Port of Greater Baton Rouge, LA",after,Tropical storm <50 kt,0.1277039683415656,-0.1057195096735119,-0.2334234780150775,no response
2021256N21265,"Port of Greater Baton Rouge, LA",event30,Tropical storm <50 kt,0.1505011508770318,-0.0136608884096524,-0.1641620392866843,no response
2021256N21265,"Port of Iberia District, LA",storm,Tropical storm <50 kt,0.3198277121744869,-0.0882564859920376,-0.4080841981665245,no response
2021256N21265,"Port of Iberia District, LA",after,Tropical storm <50 kt,0.2019864200035456,0.1264764409566972,-0.0755099790468483,no response
2021256N21265,"Port of Iberia District, LA",event30,Tropical storm <50 kt,0.119409136862202,0.13473945251149,0.0153303156492879,no response
2021256N21265,"Sabine Pass Port Authority, TX",storm,Tropical storm <50 kt,-0.0093797915468312,0.0513080261263633,0.0606878176731946,no response
2021256N21265,"Sabine Pass Port Authority, TX",after,Tropical storm <50 kt,-0.041103690399038,-0.0216091117928715,0.0194945786061664,no response
2021256N21265,"Sabine Pass Port Authority, TX",event30,Tropical storm <50 kt,0.0303737643574948,0.0648641634269498,0.0344903990694549,no response
2021256N21265,"South Louisiana, LA, Port of",storm,Tropical storm <50 kt,0.375478065958669,0.1257329017358474,-0.2497451642228215,no response
2021256N21265,"South Louisiana, LA, Port of",after,Tropical storm <50 kt,0.3105545757232552,0.2796854735488114,-0.0308691021744438,no response
2021256N21265,"South Louisiana, LA, Port of",event30,Tropical storm <50 kt,0.3521093032906172,0.2698786047047215,-0.0822306985858957,no response
2021256N21265,"Terrebonne Parish Port, LA",storm,Tropical storm <50 kt,-0.0937591665921186,-0.2007245640073809,-0.1069653974152622,no response
2021256N21265,"Terrebonne Parish Port, LA",after,Tropical storm <50 kt,-0.0042626657661396,-0.0477813868719161,-0.0435187211057764,no response
2021256N21265,"Terrebonne Parish Port, LA",event30,Tropical storm <50 kt,0.0867447178523386,0.072133139573251,-0.0146115782790875,no response
2021256N21265,"Texas City, TX",storm,Tropical storm <50 kt,-0.008919935292059,-0.1957934447866732,-0.1868735094946142,no response
2021256N21265,"Texas City, TX",after,Tropical storm <50 kt,0.1023489968825098,0.0125413858982135,-0.0898076109842963,no response
2021256N21265,"Texas City, TX",event30,Tropical storm <50 kt,0.1324217730596882,0.1015960941823865,-0.0308256788773016,no response
2021299N33284,"Boston, MA",storm,Strong TS 50–63 kt,0.2542368255925089,-0.1142360993719439,-0.3684729249644528,no response
2021299N33284,"Boston, MA",after,Strong TS 50–63 kt,-0.1666818679988048,-0.2103806132355636,-0.0436987452367588,no response
2021299N33284,"Boston, MA",event30,Strong TS 50–63 kt,0.0833336535985258,0.1237940902414575,0.0404604366429317,no response
2021299N33284,"Port of Providence, RI",storm,Strong TS 50–63 kt,-0.2378864215490964,-0.4453568842385531,-0.2074704626894566,no response
2021299N33284,"Port of Providence, RI",after,Strong TS 50–63 kt,-0.3478235210023586,-0.3185682075263265,0.0292553134760321,no response
2021299N33284,"Port of Providence, RI",event30,Strong TS 50–63 kt,-0.2373710705868026,-0.1182472347900473,0.1191238357967553,no response
2022154N21273,"Canaveral Port District, FL",storm,Tropical storm <50 kt,-0.034395799916451,-0.0682353914684511,-0.0338395915520001,no response
2022154N21273,"Canaveral Port District, FL",after,Tropical storm <50 kt,-0.2426803665503137,0.0008212843113767,0.2435016508616904,no response
2022154N21273,"Canaveral Port District, FL",event30,Tropical storm <50 kt,-0.0363603234600548,0.0112256904849691,0.047586013945024,no response
2022154N21273,"Manatee County Port, FL",storm,Tropical storm <50 kt,0.1468142004498556,-0.1338192142808608,-0.2806334147307164,no response
2022154N21273,"Manatee County Port, FL",after,Tropical storm <50 kt,0.1199659109845203,0.2827572803172088,0.1627913693326884,no response
2022154N21273,"Manatee County Port, FL",event30,Tropical storm <50 kt,0.0533542648378513,0.1054547120234376,0.0521004471855863,no response
2022154N21273,"Port Everglades, FL",storm,Tropical storm <50 kt,0.0942450641526195,-0.0848832992594504,-0.17912836341207,no response
2022154N21273,"Port Everglades, FL",after,Tropical storm <50 kt,0.2386867141205854,0.2705279460545799,0.0318412319339945,no response
2022154N21273,"Port Everglades, FL",event30,Tropical storm <50 kt,0.0615583665307655,0.0987895168858053,0.0372311503550397,no response
2022154N21273,"Port of Palm Beach District, FL",storm,Tropical storm <50 kt,-0.1093893402562367,-0.4024202022805949,-0.2930308620243582,no response
2022154N21273,"Port of Palm Beach District, FL",after,Tropical storm <50 kt,-0.0130025531026735,0.1274863356533655,0.1404888887560391,no response
2022154N21273,"Port of Palm Beach District, FL",event30,Tropical storm <50 kt,0.040468185154875,0.0764855250757586,0.0360173399208836,no response
2022154N21273,"PortMiami, FL",storm,Tropical storm <50 kt,-0.0047091082448597,0.1476688621130892,0.152377970357949,no response
2022154N21273,"PortMiami, FL",after,Tropical storm <50 kt,0.1211285886738898,0.1420463684841862,0.0209177798102964,no response
2022154N21273,"PortMiami, FL",event30,Tropical storm <50 kt,0.0258726343699899,0.077358059333395,0.051485424963405,no response
2022154N21273,"Tampa Port Authority, FL",storm,Tropical storm <50 kt,-0.1872866084641222,-0.197066032635014,-0.0097794241708918,no response
2022154N21273,"Tampa Port Authority, FL",after,Tropical storm <50 kt,-0.0439563332275673,-0.0109667650410818,0.0329895681864855,no response
2022154N21273,"Tampa Port Authority, FL",event30,Tropical storm <50 kt,-0.033522052793465,-0.0343670333197351,-0.00084498052627,no response
2022183N32280,"Jacksonville, FL",storm,Tropical storm <50 kt,-0.3351271958004969,-0.3030754680426251,0.0320517277578717,no response
2022183N32280,"Jacksonville, FL",after,Tropical storm <50 kt,-0.3396585268862414,-0.2853939677207603,0.054264559165481,no response
2022183N32280,"Jacksonville, FL",event30,Tropical storm <50 kt,-0.1887055716055797,-0.2238091342814544,-0.0351035626758747,no response
2022183N32280,"Port of Brunswick, GA",storm,Tropical storm <50 kt,-0.2101567196702516,-0.1904426877374997,0.0197140319327518,no response
2022183N32280,"Port of Brunswick, GA",after,Tropical storm <50 kt,-0.1361932289985677,-0.2240367440049194,-0.0878435150063517,no response
2022183N32280,"Port of Brunswick, GA",event30,Tropical storm <50 kt,-0.173967402033144,-0.1616622370592365,0.0123051649739074,no response
2022183N32280,"Port of Charleston, SC",storm,Tropical storm <50 kt,-0.1777361162901377,-0.1886619214896508,-0.010925805199513,no response
2022183N32280,"Port of Charleston, SC",after,Tropical storm <50 kt,-0.1652163205002731,-0.271401083695981,-0.1061847631957078,no response
2022183N32280,"Port of Charleston, SC",event30,Tropical storm <50 kt,0.0030081644844698,-0.093492002103714,-0.0965001665881839,no response
2022183N32280,"Port of Savannah, GA",storm,Tropical storm <50 kt,-0.1541397414858288,-0.0291003288369798,0.125039412648849,no response
2022183N32280,"Port of Savannah, GA",after,Tropical storm <50 kt,0.0422729063082678,-0.0123385295010594,-0.0546114358093272,no response
2022183N32280,"Port of Savannah, GA",event30,Tropical storm <50 kt,0.0558370001047191,0.0186233125434867,-0.0372136875612324,no response
2022183N32280,"Wilmington, NC",storm,Tropical storm <50 kt,-0.0291586603851473,-0.1204135646089749,-0.0912549042238276,no response
2022183N32280,"Wilmington, NC",after,Tropical storm <50 kt,-0.1180859413658846,-0.2340237689793823,-0.1159378276134977,no response
2022183N32280,"Wilmington, NC",event30,Tropical storm <50 kt,-0.0597425633677511,-0.1218306829677549,-0.0620881196000037,no response
2022266N12294,"Canaveral Port District, FL",storm,Strong TS 50–63 kt,-2.032573753396476,-1.9890443117008307,0.0435294416956453,coupled
2022266N12294,"Canaveral Port District, FL",after,Strong TS 50–63 kt,-0.1542769208077425,-0.0002223898357383,0.1540545309720041,no response
2022266N12294,"Canaveral Port District, FL",event30,Strong TS 50–63 kt,-0.0558006632900585,-0.0353327087159831,0.0204679545740753,no response
2022266N12294,"Manatee County Port, FL",storm,Hurricane ≥64 kt,-2.1813676646563787,-1.8538208424506075,0.3275468222057711,coupled
2022266N12294,"Manatee County Port, FL",after,Hurricane ≥64 kt,0.0623028122713907,0.1452758354750641,0.0829730232036733,no response
2022266N12294,"Manatee County Port, FL",event30,Hurricane ≥64 kt,-0.02874925879216,0.2052870352792573,0.2340362940714173,no response
2022266N12294,"Port Everglades, FL",storm,Hurricane ≥64 kt,0.1555440999986408,-0.0839947942820101,-0.2395388942806509,no response
2022266N12294,"Port Everglades, FL",after,Hurricane ≥64 kt,0.0956297324247914,0.0523284831606366,-0.0433012492641548,no response
2022266N12294,"Port Everglades, FL",event30,Hurricane ≥64 kt,0.2070815850890799,0.154604217993502,-0.0524773670955779,no response
2022266N12294,"Port of Palm Beach District, FL",storm,Hurricane ≥64 kt,-0.1580792478076125,-0.6128717176721636,-0.4547924698645511,relative (amplified)
2022266N12294,"Port of Palm Beach District, FL",after,Hurricane ≥64 kt,-0.233129683944428,-0.1229583165995298,0.1101713673448981,no response
2022266N12294,"Port of Palm Beach District, FL",event30,Hurricane ≥64 kt,-0.1236268492574497,0.0466567929520964,0.1702836422095461,no response
2022266N12294,"PortMiami, FL",storm,Hurricane ≥64 kt,-0.3030332842755396,-0.7505921200025608,-0.4475588357270211,relative (amplified)
2022266N12294,"PortMiami, FL",after,Hurricane ≥64 kt,-0.0074530906791866,-0.1053203148158303,-0.0978672241366436,no response
2022266N12294,"PortMiami, FL",event30,Hurricane ≥64 kt,0.0201229833695424,-0.0419125559148962,-0.0620355392844387,no response
2022266N12294,"Tampa Port Authority, FL",storm,Hurricane ≥64 kt,-0.5373729627705721,-0.6362404403105999,-0.0988674775400277,coupled
2022266N12294,"Tampa Port Authority, FL",after,Hurricane ≥64 kt,0.243699151622182,0.2919685037987617,0.0482693521765797,no response
2022266N12294,"Tampa Port Authority, FL",event30,Hurricane ≥64 kt,0.2593923795056346,0.3015731672428658,0.0421807877372312,no response
2022311N21293,"Canaveral Port District, FL",storm,Strong TS 50–63 kt,-0.691883617096797,-0.9916780704854588,-0.2997944533886617,coupled
2022311N21293,"Canaveral Port District, FL",after,Strong TS 50–63 kt,0.2657315954034884,0.0900989987372005,-0.1756325966662878,no response
2022311N21293,"Canaveral Port District, FL",event30,Strong TS 50–63 kt,0.072324649222893,0.0042042888050556,-0.0681203604178373,no response
2022311N21293,"Jacksonville, FL",storm,Tropical storm <50 kt,-0.0485860034276597,-0.2841375144857944,-0.2355515110581347,no response
2022311N21293,"Jacksonville, FL",after,Tropical storm <50 kt,0.0957885198734699,0.140078248580639,0.0442897287071691,no response
2022311N21293,"Jacksonville, FL",event30,Tropical storm <50 kt,0.0639204777931179,0.0653216628109062,0.0014011850177883,no response
2022311N21293,"Manatee County Port, FL",storm,Strong TS 50–63 kt,-0.2384817386900311,-0.2112030766575481,0.027278662032483,no response
2022311N21293,"Manatee County Port, FL",after,Strong TS 50–63 kt,0.199688528379281,0.369316838340373,0.169628309961092,no response
2022311N21293,"Manatee County Port, FL",event30,Strong TS 50–63 kt,0.1306133081740228,0.3452224165898075,0.2146091084157846,no response
2022311N21293,"Panama City Port Authority, FL",storm,Tropical storm <50 kt,0.274619049850787,0.084393687735806,-0.190225362114981,no response
2022311N21293,"Panama City Port Authority, FL",after,Tropical storm <50 kt,0.5818164519761947,0.2215670616163298,-0.3602493903598649,coupled
2022311N21293,"Panama City Port Authority, FL",event30,Tropical storm <50 kt,0.5296082201112698,0.3468304599389174,-0.1827777601723524,coupled
2022311N21293,"Port Everglades, FL",storm,Hurricane ≥64 kt,-0.2956793308718413,-0.8326766826869569,-0.5369973518151157,relative (amplified)
2022311N21293,"Port Everglades, FL",after,Hurricane ≥64 kt,-0.0754759178551948,0.3407970707534056,0.4162729886086005,no response
2022311N21293,"Port Everglades, FL",event30,Hurricane ≥64 kt,-0.1602374267435993,0.0882955124256485,0.2485329391692478,no response
2022311N21293,"Port of Palm Beach District, FL",storm,Hurricane ≥64 kt,-0.1971622355297217,-1.064836369467448,-0.8676741339377263,relative (amplified)
2022311N21293,"Port of Palm Beach District, FL",after,Hurricane ≥64 kt,0.0430328295688893,0.1657112418494997,0.1226784122806103,no response
2022311N21293,"Port of Palm Beach District, FL",event30,Hurricane ≥64 kt,-0.0674997502161146,-0.0247895687619279,0.0427101814541866,no response
2022311N21293,"Tampa Port Authority, FL",storm,Tropical storm <50 kt,0.3159813553939619,0.1403189070022951,-0.1756624483916667,no response
2022311N21293,"Tampa Port Authority, FL",after,Tropical storm <50 kt,0.3159180068226993,0.3436691551377109,0.0277511483150116,no response
2022311N21293,"Tampa Port Authority, FL",event30,Tropical storm <50 kt,0.2268741383691678,0.2619332667245337,0.0350591283553659,no response
2023234N25271,"Brownsville, TX",storm,Strong TS 50–63 kt,-0.7814600604538082,-1.129915399507344,-0.3484553390535356,coupled
2023234N25271,"Brownsville, TX",after,Strong TS 50–63 kt,0.8720267391771862,0.5987488297338615,-0.2732779094433247,coupled
2023234N25271,"Brownsville, TX",event30,Strong TS 50–63 kt,0.4384180006735996,0.2976982200810881,-0.1407197805925115,coupled
2023234N25271,"Calhoun Port Authority, TX",storm,Strong TS 50–63 kt,-0.020658402857402,0.0505053307007582,0.0711637335581603,no response
2023234N25271,"Calhoun Port Authority, TX",after,Strong TS 50–63 kt,0.2091991297827338,0.1069311474475291,-0.1022679823352047,no response
2023234N25271,"Calhoun Port Authority, TX",event30,Strong TS 50–63 kt,0.0522092686706487,-0.0398499222161931,-0.0920591908868419,no response
2023234N25271,"Corpus Christi, TX",storm,Strong TS 50–63 kt,0.088776266146001,-0.01517461860435,-0.103950884750351,no response
2023234N25271,"Corpus Christi, TX",after,Strong TS 50–63 kt,0.0690804894806493,0.0955806967631648,0.0265002072825155,no response
2023234N25271,"Corpus Christi, TX",event30,Strong TS 50–63 kt,0.040725400261574,0.1096803494572371,0.068954949195663,no response
2023265N29284,"Baltimore, MD",storm,Tropical storm <50 kt,-0.0118571325829796,-0.3560309425436034,-0.3441738099606238,no response
2023265N29284,"Baltimore, MD",after,Tropical storm <50 kt,-0.1319499839815383,-0.1425363433891628,-0.0105863594076245,no response
2023265N29284,"Baltimore, MD",event30,Tropical storm <50 kt,-0.1026726148065245,-0.0891287080135346,0.0135439067929899,no response
2023265N29284,"South Jersey Port Corp, NJ",storm,Tropical storm <50 kt,-0.0908217161647651,-0.4391668530509856,-0.3483451368862205,relative (amplified)
2023265N29284,"South Jersey Port Corp, NJ",after,Tropical storm <50 kt,-0.015206998741248,-0.1412056138144514,-0.1259986150732034,no response
2023265N29284,"South Jersey Port Corp, NJ",event30,Tropical storm <50 kt,-0.015032813721513,-0.1343495826943811,-0.119316768972868,no response
2023265N29284,"Virginia, VA, Port of",storm,Tropical storm <50 kt,-0.1238131287289022,-0.2500749091573506,-0.1262617804284483,no response
2023265N29284,"Virginia, VA, Port of",after,Tropical storm <50 kt,0.0019479894605019,0.0832399318436047,0.0812919423831028,no response
2023265N29284,"Virginia, VA, Port of",event30,Tropical storm <50 kt,0.0014910843189173,0.0547224184080131,0.0532313340890957,no response
