SID,port,window,vclass,net_excess_wait_h,wait_h_obs,wait_h_exp,net_excess_wait_fuel_t,f_main_t_per_h,storm,season,intensity
2015126N27281,"Morehead City, NC",queue,tanker,15.2755554,15.2755554,0.0,6.18934883,1.12563184181968,ANA,2015,Tropical storm <50 kt
2015126N27281,"Morehead City, NC",queue,cargo,-0.6545446861172157,0.09416669999999999,0.7487113861172157,0.14822723069880667,1.8193424012233592,ANA,2015,Tropical storm <50 kt
2015126N27281,"Morehead City, NC",event30,tanker,19.9350034,19.9350034,0.0,9.02414923,1.168226351268355,ANA,2015,Tropical storm <50 kt
2015126N27281,"Morehead City, NC",event30,cargo,13.472570855296043,23.049190700000004,9.576619844703961,3.7887785604241975,1.8065670554825832,ANA,2015,Tropical storm <50 kt
2015126N27281,"Port of Charleston, SC",queue,tanker,45.886583118528385,46.030543800000004,0.1439606814716213,20.42855663166346,1.062159581030302,ANA,2015,Tropical storm <50 kt
2015126N27281,"Port of Charleston, SC",queue,cargo,51.61902510795022,114.5364449,62.917419792049785,19.453976684798192,1.902573354341661,ANA,2015,Tropical storm <50 kt
2015126N27281,"Port of Charleston, SC",event30,tanker,56.9611350322568,57.467768199999995,0.5066331677431977,29.230130259182722,1.0994482706175674,ANA,2015,Tropical storm <50 kt
2015126N27281,"Port of Charleston, SC",event30,cargo,159.56826179309041,421.3655712,261.79730940690956,54.497755423655434,1.8452177793830449,ANA,2015,Tropical storm <50 kt
2015126N27281,"Virginia, VA, Port of",queue,tanker,7.3403309794151586,12.019444,4.6791130205848415,4.428367792971773,1.109667197376994,ANA,2015,Tropical storm <50 kt
2015126N27281,"Virginia, VA, Port of",queue,cargo,-542.266135470397,669.6203522,1211.886487670397,-41.32692882475365,1.6900093802054807,ANA,2015,Tropical storm <50 kt
2015126N27281,"Virginia, VA, Port of",event30,tanker,3.16657808039292,31.570007699999998,28.403429619607078,6.964871154046181,1.1004105760327376,ANA,2015,Tropical storm <50 kt
2015126N27281,"Virginia, VA, Port of",event30,cargo,-1437.7799731022378,2459.8648040999997,3897.6447772022375,-99.2866637370883,1.568183998540902,ANA,2015,Tropical storm <50 kt
2015126N27281,"Wilmington, NC",queue,tanker,4.55444,4.55444,0.0,2.8278182700000003,1.0834087337658487,ANA,2015,Tropical storm <50 kt
2015126N27281,"Wilmington, NC",queue,cargo,16.96319038347647,19.2010623,2.2378719165235306,0.09441186519872913,2.1422741864752615,ANA,2015,Tropical storm <50 kt
2015126N27281,"Wilmington, NC",event30,tanker,26.658009999999997,26.658009999999997,0.0,16.546274689999997,1.1468405834777524,ANA,2015,Tropical storm <50 kt
2015126N27281,"Wilmington, NC",event30,cargo,-5.241703520135257,19.5493953,24.791098820135257,-4.14504806502956,2.115261984474087,ANA,2015,Tropical storm <50 kt
2015167N27266,"Calhoun Port Authority, TX",queue,tanker,-19.768344334948168,7.767498,27.535842334948168,-1.7023075370633238,1.2923746884595264,BILL,2015,Tropical storm <50 kt
2015167N27266,"Calhoun Port Authority, TX",queue,cargo,0.3441668,0.3441668,0.0,0.23422904,0.918644061654155,BILL,2015,Tropical storm <50 kt
2015167N27266,"Calhoun Port Authority, TX",event30,tanker,18.584972428481976,74.117273,55.53230057151802,28.829378364445734,1.3144078240063182,BILL,2015,Tropical storm <50 kt
2015167N27266,"Calhoun Port Authority, TX",event30,cargo,76.5519572,76.5519572,0.0,11.444030360000001,1.0009514468885934,BILL,2015,Tropical storm <50 kt
2015167N27266,"Corpus Christi, TX",queue,tanker,-382.39398314793175,1147.6777220000001,1530.0717051479319,-35.51663958106178,1.006890755000791,BILL,2015,Strong TS 50–63 kt
2015167N27266,"Corpus Christi, TX",queue,cargo,439.7036527708668,778.560545,338.8568922291332,62.250527035754345,0.9347535655159274,BILL,2015,Strong TS 50–63 kt
2015167N27266,"Corpus Christi, TX",event30,tanker,-684.0209204487273,4168.6727153,4852.6936357487275,217.52802602131578,1.0489323902728624,BILL,2015,Strong TS 50–63 kt
2015167N27266,"Corpus Christi, TX",event30,cargo,490.0678370643218,1622.5438675000003,1132.4760304356785,95.13331191664979,0.9629557095718294,BILL,2015,Strong TS 50–63 kt
2015167N27266,"Galveston, TX",queue,tanker,1693.003660873912,10023.203379499999,8330.199718626087,1123.2759673093587,0.7026009527990222,BILL,2015,Tropical storm <50 kt
2015167N27266,"Galveston, TX",queue,cargo,-1345.0703174999267,2116.8531335999996,3461.9234510999263,-117.36027641306276,1.0025277775233437,BILL,2015,Tropical storm <50 kt
2015167N27266,"Galveston, TX",event30,tanker,5034.831122350948,33432.5242429,28397.69312054905,2292.3269621355867,0.6994234590052829,BILL,2015,Tropical storm <50 kt
2015167N27266,"Galveston, TX",event30,cargo,-5406.026184853393,6414.381891600001,11820.408076453394,-725.9835820206679,1.014634271101541,BILL,2015,Tropical storm <50 kt
2015167N27266,"Houston Port Authority, TX",queue,tanker,0.0,0.0,0.0,0.0,0.9803308009041201,BILL,2015,Tropical storm <50 kt
2015167N27266,"Houston Port Authority, TX",queue,cargo,0.0,0.0,0.0,0.0,1.1789215813125393,BILL,2015,Tropical storm <50 kt
2015167N27266,"Houston Port Authority, TX",event30,tanker,0.0,0.0,0.0,0.0,0.9803308009041201,BILL,2015,Tropical storm <50 kt
2015167N27266,"Houston Port Authority, TX",event30,cargo,0.0,0.0,0.0,0.0,1.1789215813125393,BILL,2015,Tropical storm <50 kt
2015167N27266,"Port Freeport, TX",queue,tanker,16.34387172567972,293.73612869999994,277.3922569743202,-154.99728581799656,1.1093962742057204,BILL,2015,Strong TS 50–63 kt
2015167N27266,"Port Freeport, TX",queue,cargo,3.6860954383013955,3.6888867,0.002791261698604187,0.6611748624590691,1.2168162967512137,BILL,2015,Strong TS 50–63 kt
2015167N27266,"Port Freeport, TX",event30,tanker,-329.12757331808825,512.2804625,841.4080358180883,-619.1686542205887,1.1154708704804202,BILL,2015,Strong TS 50–63 kt
2015167N27266,"Port Freeport, TX",event30,cargo,30.105741389082922,30.1297525,0.024011110917077087,5.456200630526915,1.1830052224684622,BILL,2015,Strong TS 50–63 kt
2015167N27266,"Texas City, TX",queue,tanker,0.0,0.0,0.0,0.0,0.9803308009041201,BILL,2015,Strong TS 50–63 kt
2015167N27266,"Texas City, TX",queue,cargo,0.0,0.0,0.0,0.0,1.1789215813125393,BILL,2015,Strong TS 50–63 kt
2015167N27266,"Texas City, TX",event30,tanker,0.0,0.0,0.0,0.0,0.9803308009041201,BILL,2015,Strong TS 50–63 kt
2015167N27266,"Texas City, TX",event30,cargo,0.0,0.0,0.0,0.0,1.1789215813125393,BILL,2015,Strong TS 50–63 kt
2016148N27288,"Morehead City, NC",queue,tanker,0.0,0.0,0.0,0.0,1.1563919088058672,BONNIE,2016,Tropical storm <50 kt
2016148N27288,"Morehead City, NC",queue,cargo,32.222746713039776,33.088845500000005,0.8660987869602308,3.4624455934911795,1.6305853272900162,BONNIE,2016,Tropical storm <50 kt
2016148N27288,"Morehead City, NC",event30,tanker,6.6780539999999995,6.6780539999999995,0.0,3.332920122,1.1274049532904626,BONNIE,2016,Tropical storm <50 kt
2016148N27288,"Morehead City, NC",event30,cargo,37.44622111233212,39.33940569999999,1.8931845876678766,5.229669611485331,1.659983206264527,BONNIE,2016,Tropical storm <50 kt
2016148N27288,"Port of Brunswick, GA",queue,tanker,0.0,0.0,0.0,0.0,1.170949059124367,BONNIE,2016,Tropical storm <50 kt
2016148N27288,"Port of Brunswick, GA",queue,cargo,-6.633074464911322,4.822223400000001,11.455297864911323,-3.063748385775418,1.491546356809421,BONNIE,2016,Tropical storm <50 kt
2016148N27288,"Port of Brunswick, GA",event30,tanker,0.0,0.0,0.0,0.0,1.3016199060427918,BONNIE,2016,Tropical storm <50 kt
2016148N27288,"Port of Brunswick, GA",event30,cargo,-0.6068845284658195,28.497500900000006,29.104385428465825,-6.301616605120433,1.3171893298840542,BONNIE,2016,Tropical storm <50 kt
2016148N27288,"Port of Charleston, SC",queue,tanker,8.139133506343313,8.2897233,0.1505897936566874,5.152661428476363,1.1236018424475278,BONNIE,2016,Tropical storm <50 kt
2016148N27288,"Port of Charleston, SC",queue,cargo,70.50571448344556,110.9146607,40.40894621655444,14.985999290185113,1.6436268585098652,BONNIE,2016,Tropical storm <50 kt
2016148N27288,"Port of Charleston, SC",event30,tanker,24.61792954025421,25.8074941,1.1895645597457911,15.66968373582993,1.0878855082253858,BONNIE,2016,Tropical storm <50 kt
2016148N27288,"Port of Charleston, SC",event30,cargo,174.77676367730334,482.23979860000003,307.4630349226967,48.528755076946055,1.5885931889897074,BONNIE,2016,Tropical storm <50 kt
2016148N27288,"Port of Savannah, GA",queue,tanker,1.9405490192642048,1.9655586999999999,0.0250096807357951,1.1892422161499943,1.219965259929523,BONNIE,2016,Tropical storm <50 kt
2016148N27288,"Port of Savannah, GA",queue,cargo,-92.6938736073744,96.3308403,189.0247139073744,0.8754425477024625,1.5751606600068646,BONNIE,2016,Tropical storm <50 kt
2016148N27288,"Port of Savannah, GA",event30,tanker,22.220735233702506,23.4641384,1.2434031662974954,17.94554701814947,1.0497894465963613,BONNIE,2016,Tropical storm <50 kt
2016148N27288,"Port of Savannah, GA",event30,cargo,-120.15922651055632,474.4624239,594.6216504105563,-7.937052277750638,1.5637312537442916,BONNIE,2016,Tropical storm <50 kt
2016148N27288,"Wilmington, NC",queue,tanker,16.806666699999997,16.806666699999997,0.0,9.46262277,0.9323734999917939,BONNIE,2016,Tropical storm <50 kt
2016148N27288,"Wilmington, NC",queue,cargo,73.85500744143474,75.28446530000001,1.4294578585652777,5.666337792158533,1.6459204014884028,BONNIE,2016,Tropical storm <50 kt
2016148N27288,"Wilmington, NC",event30,tanker,17.4433331,17.4433331,0.0,9.85575989,0.9736276713138003,BONNIE,2016,Tropical storm <50 kt
2016148N27288,"Wilmington, NC",event30,cargo,114.27127659910124,145.09828749999997,30.827010900898735,23.359677076546575,1.638670262946124,BONNIE,2016,Tropical storm <50 kt
2016158N22272,"Jacksonville, FL",queue,tanker,12.841660000000001,12.841660000000001,0.0,7.80033817,0.996939816767366,COLIN,2016,Tropical storm <50 kt
2016158N22272,"Jacksonville, FL",queue,cargo,-13.242892201096666,24.222769200000002,37.46566140109667,-0.1697197191996569,1.0927057298237877,COLIN,2016,Tropical storm <50 kt
2016158N22272,"Jacksonville, FL",event30,tanker,117.892132,117.892132,0.0,72.51605448999999,1.0642486104125193,COLIN,2016,Tropical storm <50 kt
2016158N22272,"Jacksonville, FL",event30,cargo,-2778.578599932936,270.03483209999996,3048.613432032936,-279.992928761691,1.067652706219052,COLIN,2016,Tropical storm <50 kt
2016158N22272,"Morehead City, NC",queue,tanker,0.0,0.0,0.0,0.0,1.1750174910694253,COLIN,2016,Tropical storm <50 kt
2016158N22272,"Morehead City, NC",queue,cargo,8.318147469384936,8.328608299999999,0.01046083061506294,1.7811428846784692,1.5249512996050443,COLIN,2016,Tropical storm <50 kt
2016158N22272,"Morehead City, NC",event30,tanker,4.1611139999999995,4.1611139999999995,0.0,2.572254802,1.1289454750357755,COLIN,2016,Tropical storm <50 kt
2016158N22272,"Morehead City, NC",event30,cargo,39.00565494787485,39.054683499999996,0.04902855212514598,5.029645189866886,1.572589462534348,COLIN,2016,Tropical storm <50 kt
2016158N22272,"Panama City Port Authority, FL",queue,tanker,0.0,0.0,0.0,0.0,1.302069326714907,COLIN,2016,Tropical storm <50 kt
2016158N22272,"Panama City Port Authority, FL",queue,cargo,-0.633288879863785,0.3672226,1.000511479863785,-0.06885174003826391,0.681789062513548,COLIN,2016,Tropical storm <50 kt
2016158N22272,"Panama City Port Authority, FL",event30,tanker,0.0386111,0.0386111,0.0,0.00979016,1.231979716463585,COLIN,2016,Tropical storm <50 kt
2016158N22272,"Panama City Port Authority, FL",event30,cargo,-5.453543063983542,10.564167100000002,16.017710163983544,0.13757575216825235,0.6297713374248779,COLIN,2016,Tropical storm <50 kt
2016158N22272,"Port of Brunswick, GA",queue,tanker,0.0,0.0,0.0,0.0,1.4517200164514912,COLIN,2016,Tropical storm <50 kt
2016158N22272,"Port of Brunswick, GA",queue,cargo,-18.879338387136567,0.5011110999999999,19.380449487136566,-6.922453184418078,1.4024973543469095,COLIN,2016,Tropical storm <50 kt
2016158N22272,"Port of Brunswick, GA",event30,tanker,0.0,0.0,0.0,0.0,1.3832049637241786,COLIN,2016,Tropical storm <50 kt
2016158N22272,"Port of Brunswick, GA",event30,cargo,-58.231799991040866,1.7897222,60.021522191040866,-18.471920578577134,1.3793638847754313,COLIN,2016,Tropical storm <50 kt
2016158N22272,"Port of Charleston, SC",queue,tanker,8.652599938520122,8.694724,0.0421240614798782,5.270816168182536,1.0842404268998915,COLIN,2016,Tropical storm <50 kt
2016158N22272,"Port of Charleston, SC",queue,cargo,71.66239175573187,109.51217220000001,37.849780444268134,12.7288709576295,1.4794896009995433,COLIN,2016,Tropical storm <50 kt
2016158N22272,"Port of Charleston, SC",event30,tanker,19.393668710091244,19.5380515,0.144382789908756,11.947276406755766,1.0161568181551732,COLIN,2016,Tropical storm <50 kt
2016158N22272,"Port of Charleston, SC",event30,cargo,287.1090949821625,535.3198614,248.21076641783753,42.27039528369596,1.4861427401581744,COLIN,2016,Tropical storm <50 kt
2016158N22272,"Port of Savannah, GA",queue,tanker,14.175476915043433,14.2452472,0.06977028495656691,12.989528070025498,1.1643770068588721,COLIN,2016,Tropical storm <50 kt
2016158N22272,"Port of Savannah, GA",queue,cargo,-118.54903735013433,60.8213894,179.37042675013433,-15.341247361593702,1.652911813916736,COLIN,2016,Tropical storm <50 kt
2016158N22272,"Port of Savannah, GA",event30,tanker,19.620397768732076,21.220246399999997,1.5998486312679228,16.43224193378238,1.1092620891690672,COLIN,2016,Tropical storm <50 kt
2016158N22272,"Port of Savannah, GA",event30,cargo,67.19405907835437,499.904922,432.7108629216456,25.52970933239959,1.6610797338574332,COLIN,2016,Tropical storm <50 kt
2016158N22272,"Wilmington, NC",queue,tanker,0.0583333,0.0583333,0.0,0.06018809,1.0304630534069923,COLIN,2016,Tropical storm <50 kt
2016158N22272,"Wilmington, NC",queue,cargo,96.64995475544968,96.7546453,0.10469054455032681,19.20233738861112,1.7302173171224657,COLIN,2016,Tropical storm <50 kt
2016158N22272,"Wilmington, NC",event30,tanker,17.4041664,17.4041664,0.0,9.80572962,0.9985446696525212,COLIN,2016,Tropical storm <50 kt
2016158N22272,"Wilmington, NC",event30,cargo,110.67179489437227,145.47578869999998,34.80399380562771,22.66934930303845,1.7651039428928883,COLIN,2016,Tropical storm <50 kt
2016242N24279,"Boston, MA",queue,tanker,-63.665654420432006,127.6447184,191.310372820432,-3.1783560846557037,0.8688714480066845,HERMINE,2016,Tropical storm <50 kt
2016242N24279,"Boston, MA",queue,cargo,0.1709698870769477,0.47722260000000005,0.30625271292305234,0.18272052717997878,2.075298042411888,HERMINE,2016,Tropical storm <50 kt
2016242N24279,"Boston, MA",event30,tanker,-303.29415894506735,336.97203509999997,640.2661940450673,-100.82321081344432,0.9224916437485556,HERMINE,2016,Tropical storm <50 kt
2016242N24279,"Boston, MA",event30,cargo,21.06796399813564,28.9503071,7.882343101864363,9.984192890335406,1.9133966855941074,HERMINE,2016,Tropical storm <50 kt
2016242N24279,"New York, NY & NJ",queue,tanker,-290.7035305703762,1193.8391289,1484.5426594703763,63.535306048220036,0.51192123764879,HERMINE,2016,Tropical storm <50 kt
2016242N24279,"New York, NY & NJ",queue,cargo,-118.56836335540953,436.3293839,554.8977472554095,-13.979508169721491,1.0246925389151353,HERMINE,2016,Tropical storm <50 kt
2016242N24279,"New York, NY & NJ",event30,tanker,871.1772671259532,5879.185363999999,5008.008096874046,1802.688040256567,0.6198932393289994,HERMINE,2016,Tropical storm <50 kt
2016242N24279,"New York, NY & NJ",event30,cargo,-399.6891300943894,1593.2753457999997,1992.9644758943891,-22.801434026897738,1.0475815438200706,HERMINE,2016,Tropical storm <50 kt
2016242N24279,"Port Jefferson, NY",queue,tanker,0.0,0.0,0.0,0.0,1.045072523050262,HERMINE,2016,Tropical storm <50 kt
2016242N24279,"Port Jefferson, NY",queue,cargo,0.0,0.0,0.0,0.0,1.6445686475120636,HERMINE,2016,Tropical storm <50 kt
2016242N24279,"Port Jefferson, NY",event30,tanker,0.0,0.0,0.0,0.0,1.0535265340640252,HERMINE,2016,Tropical storm <50 kt
2016242N24279,"Port Jefferson, NY",event30,cargo,0.0,0.0,0.0,0.0,1.697877352804096,HERMINE,2016,Tropical storm <50 kt
2016242N24279,"Port of Providence, RI",queue,tanker,40.86951,40.86951,0.0,25.19010424,1.1351322569519842,HERMINE,2016,Tropical storm <50 kt
2016242N24279,"Port of Providence, RI",queue,cargo,59.06899804191253,60.7405809,1.6715828580874665,13.700553750930027,1.4908683925846073,HERMINE,2016,Tropical storm <50 kt
2016242N24279,"Port of Providence, RI",event30,tanker,70.5551133,70.5551133,0.0,42.94819065,1.1347551589027567,HERMINE,2016,Tropical storm <50 kt
2016242N24279,"Port of Providence, RI",event30,cargo,196.3974241740361,202.6183936,6.220969425963873,30.28137218301715,1.4161789713793895,HERMINE,2016,Tropical storm <50 kt
2016257N27280,"Canaveral Port District, FL",queue,tanker,70.95271,70.95271,0.0,43.74189642400001,0.9533760999505485,JULIA,2016,Tropical storm <50 kt
2016257N27280,"Canaveral Port District, FL",queue,cargo,-0.9110552476251734,0.2480555,1.1591107476251734,0.19013736812983792,1.6521629217227756,JULIA,2016,Tropical storm <50 kt
2016257N27280,"Canaveral Port District, FL",event30,tanker,105.83109429999999,105.83109429999999,0.0,65.316122554,1.026586060740601,JULIA,2016,Tropical storm <50 kt
2016257N27280,"Canaveral Port District, FL",event30,cargo,0.4156889423900867,2.9605585000000003,2.5448695576099136,0.1272941944791336,1.5724270222116334,JULIA,2016,Tropical storm <50 kt
2016257N27280,"Manatee County Port, FL",queue,tanker,0.0,0.0,0.0,0.0,0.7863365769804256,JULIA,2016,Tropical storm <50 kt
2016257N27280,"Manatee County Port, FL",queue,cargo,0.0,0.0,0.0,0.0,0.5684679475780078,JULIA,2016,Tropical storm <50 kt
2016257N27280,"Manatee County Port, FL",event30,tanker,0.0,0.0,0.0,0.0,0.7952061354370672,JULIA,2016,Tropical storm <50 kt
2016257N27280,"Manatee County Port, FL",event30,cargo,0.0,0.0,0.0,0.0,0.6255352166861258,JULIA,2016,Tropical storm <50 kt
2016257N27280,"Port Everglades, FL",queue,tanker,0.0,0.0,0.0,0.0,0.42120494599465486,JULIA,2016,Tropical storm <50 kt
2016257N27280,"Port Everglades, FL",queue,cargo,0.0,0.0,0.0,0.0,1.0213813227229644,JULIA,2016,Tropical storm <50 kt
2016257N27280,"Port Everglades, FL",event30,tanker,0.0,0.0,0.0,0.0,0.45263502285901014,JULIA,2016,Tropical storm <50 kt
2016257N27280,"Port Everglades, FL",event30,cargo,0.0,0.0,0.0,0.0,0.9234134208921991,JULIA,2016,Tropical storm <50 kt
2016257N27280,"Port of Palm Beach District, FL",queue,tanker,0.0,0.0,0.0,0.0,1.0750844225446186,JULIA,2016,Tropical storm <50 kt
2016257N27280,"Port of Palm Beach District, FL",queue,cargo,57.82318576958164,88.0963656,30.273179830418353,1.5743135609965853,1.340079042907755,JULIA,2016,Tropical storm <50 kt
2016257N27280,"Port of Palm Beach District, FL",event30,tanker,0.0,0.0,0.0,0.0,1.0905063789927802,JULIA,2016,Tropical storm <50 kt
2016257N27280,"Port of Palm Beach District, FL",event30,cargo,378.04531401305564,498.9623196,120.91700558694433,22.133594615131702,1.2830622107577663,JULIA,2016,Tropical storm <50 kt
2016257N27280,"PortMiami, FL",queue,tanker,63.131696700000006,63.131696700000006,0.0,48.450632479999996,1.2092525829400929,JULIA,2016,Tropical storm <50 kt
2016257N27280,"PortMiami, FL",queue,cargo,-629.0842831352082,596.298357,1225.3826401352082,-102.00014379292185,1.1599741956985812,JULIA,2016,Tropical storm <50 kt
2016257N27280,"PortMiami, FL",event30,tanker,374.1630726468068,448.8629767,74.69990405319318,350.0819549855284,1.2571044774369016,JULIA,2016,Tropical storm <50 kt
2016257N27280,"PortMiami, FL",event30,cargo,-1624.4993860859408,1852.5028254,3477.0022114859407,-256.29591169793247,1.144453691557323,JULIA,2016,Tropical storm <50 kt
2016273N13300,"Canaveral Port District, FL",queue,tanker,34.276440400000006,34.276440400000006,0.0,21.09848576,1.1657760634883512,MATTHEW,2016,Hurricane ≥64 kt
2016273N13300,"Canaveral Port District, FL",queue,cargo,-0.7558854100356078,0.3086108,1.064496210035608,-0.8332444585026463,1.4356500440833286,MATTHEW,2016,Hurricane ≥64 kt
2016273N13300,"Canaveral Port District, FL",event30,tanker,34.9547741,34.9547741,0.0,3.562140026145652,1.1589752443490304,MATTHEW,2016,Hurricane ≥64 kt
2016273N13300,"Canaveral Port District, FL",event30,cargo,2.0352101001049037,3.2500029,1.2147927998950965,-0.592785236663411,1.4748035583705923,MATTHEW,2016,Hurricane ≥64 kt
2016273N13300,"Port Everglades, FL",queue,tanker,0.0,0.0,0.0,0.0,0.4029338739770208,MATTHEW,2016,Hurricane ≥64 kt
2016273N13300,"Port Everglades, FL",queue,cargo,0.0,0.0,0.0,0.0,0.8294210232222339,MATTHEW,2016,Hurricane ≥64 kt
2016273N13300,"Port Everglades, FL",event30,tanker,0.0,0.0,0.0,0.0,0.43434140176096825,MATTHEW,2016,Hurricane ≥64 kt
2016273N13300,"Port Everglades, FL",event30,cargo,0.0,0.0,0.0,0.0,0.8666507080337406,MATTHEW,2016,Hurricane ≥64 kt
2016273N13300,"Port of Palm Beach District, FL",queue,tanker,0.343611,0.343611,0.0,0.140705649,1.3116804687209849,MATTHEW,2016,Hurricane ≥64 kt
2016273N13300,"Port of Palm Beach District, FL",queue,cargo,108.85267745140534,143.98626000000002,35.133582548594674,5.065602074973562,1.3182068354454306,MATTHEW,2016,Hurricane ≥64 kt
2016273N13300,"Port of Palm Beach District, FL",event30,tanker,0.343611,0.343611,0.0,0.140705649,1.1731497585657216,MATTHEW,2016,Hurricane ≥64 kt
2016273N13300,"Port of Palm Beach District, FL",event30,cargo,-668.503135116895,449.3781252999999,1117.881260416895,-21.066817245468602,1.2483588341749043,MATTHEW,2016,Hurricane ≥64 kt
2016273N13300,"PortMiami, FL",queue,tanker,178.701041,178.701041,0.0,160.47973411099997,1.3225653316637975,MATTHEW,2016,Hurricane ≥64 kt
2016273N13300,"PortMiami, FL",queue,cargo,43.6919374563023,796.1466012000001,752.4546637436978,5.8008276773562955,1.1083165519946554,MATTHEW,2016,Hurricane ≥64 kt
2016273N13300,"PortMiami, FL",event30,tanker,383.97590092579276,389.92690089999996,5.950999974207202,394.08465398201963,1.3467723671170868,MATTHEW,2016,Hurricane ≥64 kt
2016273N13300,"PortMiami, FL",event30,cargo,-140.76574281321473,1739.5311989,1880.2969417132147,12.708533463616618,1.1300041704057306,MATTHEW,2016,Hurricane ≥64 kt
2017171N24271,"Beaumont, TX",queue,tanker,2.762134553508428,23.202547,20.44041244649157,22.264097969319444,0.9803308009041201,CINDY,2017,Tropical storm <50 kt
2017171N24271,"Beaumont, TX",queue,cargo,0.0,0.0,0.0,0.0,1.1789215813125393,CINDY,2017,Tropical storm <50 kt
2017171N24271,"Beaumont, TX",event30,tanker,68.57974373247578,90.09225700000002,21.512513267524238,100.29721290073263,0.9803308009041201,CINDY,2017,Tropical storm <50 kt
2017171N24271,"Beaumont, TX",event30,cargo,19.79662,19.79662,0.0,2.152715,1.1789215813125393,CINDY,2017,Tropical storm <50 kt
2017171N24271,"Galveston, TX",queue,tanker,-3338.4594969652426,4634.6511957,7973.110692665243,-2912.296416972308,0.682171467416915,CINDY,2017,Tropical storm <50 kt
2017171N24271,"Galveston, TX",queue,cargo,-961.4530281630027,731.8627173999998,1693.3157455630026,-109.59751677136818,1.1815247942645684,CINDY,2017,Tropical storm <50 kt
2017171N24271,"Galveston, TX",event30,tanker,-2761.592644242719,24757.2665835,27518.85922774272,-2477.9274156745632,0.644275853189994,CINDY,2017,Tropical storm <50 kt
2017171N24271,"Galveston, TX",event30,cargo,-714.1338758921011,4818.9545294,5533.088405292101,-46.72752803322658,1.182393263183746,CINDY,2017,Tropical storm <50 kt
2017171N24271,"Houston Port Authority, TX",queue,tanker,0.0,0.0,0.0,0.0,0.9803308009041201,CINDY,2017,Tropical storm <50 kt
2017171N24271,"Houston Port Authority, TX",queue,cargo,0.0,0.0,0.0,0.0,1.1789215813125393,CINDY,2017,Tropical storm <50 kt
2017171N24271,"Houston Port Authority, TX",event30,tanker,0.0,0.0,0.0,0.0,0.9803308009041201,CINDY,2017,Tropical storm <50 kt
2017171N24271,"Houston Port Authority, TX",event30,cargo,0.0,0.0,0.0,0.0,1.1789215813125393,CINDY,2017,Tropical storm <50 kt
2017171N24271,"Lake Charles Harbor District, LA",queue,tanker,-107.33064233518462,581.2867097999999,688.6173521351845,-110.93191486259343,1.279366343723359,CINDY,2017,Tropical storm <50 kt
2017171N24271,"Lake Charles Harbor District, LA",queue,cargo,18.823303591559842,20.4685677,1.6452641084401598,2.08185737876087,1.1669352185577004,CINDY,2017,Tropical storm <50 kt
2017171N24271,"Lake Charles Harbor District, LA",event30,tanker,807.8197873814565,3032.4639563,2224.6441689185435,1304.2322407249972,1.2815502362174627,CINDY,2017,Tropical storm <50 kt
2017171N24271,"Lake Charles Harbor District, LA",event30,cargo,53.60062275674722,99.1343301,45.53370734325278,2.6230194652174266,1.226878148017864,CINDY,2017,Tropical storm <50 kt
2017171N24271,"Orange County Nav District, TX",queue,tanker,-3.5766580424326264,65.053064,68.62972204243263,42.86603577275667,0.9803308009041201,CINDY,2017,Tropical storm <50 kt
2017171N24271,"Orange County Nav District, TX",queue,cargo,0.5632515450101819,0.5727787,0.009527154989818,0.17764083169653033,1.1789215813125393,CINDY,2017,Tropical storm <50 kt
2017171N24271,"Orange County Nav District, TX",event30,tanker,70.24821866755073,191.765901,121.51768233244928,136.63431095416243,0.9803308009041201,CINDY,2017,Tropical storm <50 kt
2017171N24271,"Orange County Nav District, TX",event30,cargo,181.26164456852396,183.27367720000004,2.012032631476072,12.578750599217495,1.1789215813125393,CINDY,2017,Tropical storm <50 kt
2017171N24271,"Port Arthur, TX",queue,tanker,0.0,0.0,0.0,0.0,0.9803308009041201,CINDY,2017,Tropical storm <50 kt
2017171N24271,"Port Arthur, TX",queue,cargo,0.0,0.0,0.0,0.0,1.1789215813125393,CINDY,2017,Tropical storm <50 kt
2017171N24271,"Port Arthur, TX",event30,tanker,0.0,0.0,0.0,0.0,0.9803308009041201,CINDY,2017,Tropical storm <50 kt
2017171N24271,"Port Arthur, TX",event30,cargo,0.0,0.0,0.0,0.0,1.1789215813125393,CINDY,2017,Tropical storm <50 kt
2017171N24271,"Port Freeport, TX",queue,tanker,122.43394751136299,295.4162582,172.98231068863703,256.71521281059506,1.1701197867858852,CINDY,2017,Tropical storm <50 kt
2017171N24271,"Port Freeport, TX",queue,cargo,0.3559919006390222,0.4713883,0.11539639936097779,0.320199977243188,1.3121422315213171,CINDY,2017,Tropical storm <50 kt
2017171N24271,"Port Freeport, TX",event30,tanker,1363.799190879808,1921.6803968,557.8812059201919,2282.5979487767063,1.1376058384859251,CINDY,2017,Tropical storm <50 kt
2017171N24271,"Port Freeport, TX",event30,cargo,51.68835940259401,51.8422687,0.15390929740598927,4.981370076475056,1.2466213924183158,CINDY,2017,Tropical storm <50 kt
2017171N24271,"Port of Iberia District, LA",queue,tanker,0.0,0.0,0.0,0.0,1.3605427162854011,CINDY,2017,Tropical storm <50 kt
2017171N24271,"Port of Iberia District, LA",queue,cargo,0.0,0.0,0.0,0.0,1.5716376445369533,CINDY,2017,Tropical storm <50 kt
2017171N24271,"Port of Iberia District, LA",event30,tanker,0.0,0.0,0.0,0.0,1.3502586634015998,CINDY,2017,Tropical storm <50 kt
2017171N24271,"Port of Iberia District, LA",event30,cargo,0.0,0.0,0.0,0.0,1.421692109019449,CINDY,2017,Tropical storm <50 kt
2017171N24271,"Sabine Pass Port Authority, TX",queue,tanker,-352.84959700325726,1208.709617,1561.5592140032572,-469.6049797759265,0.6594127834848035,CINDY,2017,Tropical storm <50 kt
2017171N24271,"Sabine Pass Port Authority, TX",queue,cargo,143.52544782065152,242.210627,98.68517917934847,21.518672182254377,0.6020750278600132,CINDY,2017,Tropical storm <50 kt
2017171N24271,"Sabine Pass Port Authority, TX",event30,tanker,577.6716468016712,6031.7304140000015,5454.05876719833,1308.3168218131168,0.6479059458019112,CINDY,2017,Tropical storm <50 kt
2017171N24271,"Sabine Pass Port Authority, TX",event30,cargo,1332.193752819909,1625.455234,293.2614811800911,148.7473022400994,0.6863811490387698,CINDY,2017,Tropical storm <50 kt
2017171N24271,"Texas City, TX",queue,tanker,0.0,0.0,0.0,0.0,0.9803308009041201,CINDY,2017,Tropical storm <50 kt
2017171N24271,"Texas City, TX",queue,cargo,0.0,0.0,0.0,0.0,1.1789215813125393,CINDY,2017,Tropical storm <50 kt
2017171N24271,"Texas City, TX",event30,tanker,0.0,0.0,0.0,0.0,0.9803308009041201,CINDY,2017,Tropical storm <50 kt
2017171N24271,"Texas City, TX",event30,cargo,0.0,0.0,0.0,0.0,1.1789215813125393,CINDY,2017,Tropical storm <50 kt
2017212N28275,"Canaveral Port District, FL",queue,tanker,-1.0425712079506635,0.6972221,1.7397933079506636,0.21790141552917308,1.0545751010316375,EMILY,2017,Tropical storm <50 kt
2017212N28275,"Canaveral Port District, FL",queue,cargo,0.39876730758895806,0.4333332,0.0345658924110419,0.14997254985986,1.629403192318932,EMILY,2017,Tropical storm <50 kt
2017212N28275,"Canaveral Port District, FL",event30,tanker,-21.023211105638097,8.969999899999998,29.993211005638095,-0.19188955727450452,1.06655324515973,EMILY,2017,Tropical storm <50 kt
2017212N28275,"Canaveral Port District, FL",event30,cargo,-6.048625485895329,11.847224400000002,17.89584988589533,0.9727002260955242,1.5313635276609654,EMILY,2017,Tropical storm <50 kt
2017212N28275,"Port Everglades, FL",queue,tanker,0.0,0.0,0.0,0.0,0.3842373549307278,EMILY,2017,Tropical storm <50 kt
2017212N28275,"Port Everglades, FL",queue,cargo,0.0,0.0,0.0,0.0,0.7054877940123601,EMILY,2017,Tropical storm <50 kt
2017212N28275,"Port Everglades, FL",event30,tanker,0.0,0.0,0.0,0.0,0.3769065300662029,EMILY,2017,Tropical storm <50 kt
2017212N28275,"Port Everglades, FL",event30,cargo,0.0,0.0,0.0,0.0,0.6986657162462732,EMILY,2017,Tropical storm <50 kt
2017212N28275,"Port of Palm Beach District, FL",queue,tanker,0.0,0.0,0.0,0.0,1.259259388516476,EMILY,2017,Tropical storm <50 kt
2017212N28275,"Port of Palm Beach District, FL",queue,cargo,33.90373681708914,50.769259000000005,16.865522182910862,2.7015721666541173,1.2810865089020662,EMILY,2017,Tropical storm <50 kt
2017212N28275,"Port of Palm Beach District, FL",event30,tanker,0.0,0.0,0.0,0.0,1.2508784501576211,EMILY,2017,Tropical storm <50 kt
2017212N28275,"Port of Palm Beach District, FL",event30,cargo,66.65601735095576,160.0092919,93.35327454904423,15.230512181775572,1.2652286498695926,EMILY,2017,Tropical storm <50 kt
2017228N14314,"Beaumont, TX",queue,tanker,-23.96139566804253,0.0,23.96139566804253,-13.818244438351913,0.9803308009041201,HARVEY,2017,Tropical storm <50 kt
2017228N14314,"Beaumont, TX",queue,cargo,0.0,0.0,0.0,0.0,1.1789215813125393,HARVEY,2017,Tropical storm <50 kt
2017228N14314,"Beaumont, TX",event30,tanker,16.691001067999792,139.60026000000002,122.90925893200023,70.1888673576605,0.9803308009041201,HARVEY,2017,Tropical storm <50 kt
2017228N14314,"Beaumont, TX",event30,cargo,0.0,0.0,0.0,0.0,1.1789215813125393,HARVEY,2017,Tropical storm <50 kt
2017228N14314,"Brownsville, TX",queue,tanker,0.0,0.0,0.0,0.0,0.8806346088274536,HARVEY,2017,Hurricane ≥64 kt
2017228N14314,"Brownsville, TX",queue,cargo,7.606942,7.606942,0.0,0.6043778999999999,1.3868095236376803,HARVEY,2017,Hurricane ≥64 kt
2017228N14314,"Brownsville, TX",event30,tanker,4.4283318,4.4283318,0.0,4.18724716,0.9528855156491144,HARVEY,2017,Hurricane ≥64 kt
2017228N14314,"Brownsville, TX",event30,cargo,206.6636509,206.6636509,0.0,12.382469534202654,1.5561699248799656,HARVEY,2017,Hurricane ≥64 kt
2017228N14314,"Calhoun Port Authority, TX",queue,tanker,309.0649675479708,342.77169999999995,33.70673245202914,169.66856499584375,1.4762988334281624,HARVEY,2017,Tropical storm <50 kt
2017228N14314,"Calhoun Port Authority, TX",queue,cargo,62.0475289,62.0475289,0.0,12.089451109999999,0.8182140339082421,HARVEY,2017,Tropical storm <50 kt
2017228N14314,"Calhoun Port Authority, TX",event30,tanker,599.0085023339813,679.9348786999999,80.92637636601863,341.67833306741,1.475290283432137,HARVEY,2017,Tropical storm <50 kt
2017228N14314,"Calhoun Port Authority, TX",event30,cargo,117.5508089,117.5508089,0.0,22.90125068,0.8739034827514481,HARVEY,2017,Tropical storm <50 kt
2017228N14314,"Corpus Christi, TX",queue,tanker,319.5610139286514,2146.0759778,1826.5149638713488,289.47608304856317,0.9169160261506365,HARVEY,2017,Hurricane ≥64 kt
2017228N14314,"Corpus Christi, TX",queue,cargo,519.1298973294437,704.6206199999999,185.49072267055624,41.945112556471585,1.1862146547118613,HARVEY,2017,Hurricane ≥64 kt
2017228N14314,"Corpus Christi, TX",event30,tanker,69.47448197050016,6699.017213400001,6629.542731429501,952.2248003113946,0.9471033859596761,HARVEY,2017,Hurricane ≥64 kt
2017228N14314,"Corpus Christi, TX",event30,cargo,346.5312445758643,1984.845018,1638.3137734241357,-2.215685134002058,1.165476095654373,HARVEY,2017,Hurricane ≥64 kt
2017228N14314,"Galveston, TX",queue,tanker,7874.425154874907,16096.0897247,8221.664569825092,5964.05369881062,0.7310141607139574,HARVEY,2017,Tropical storm <50 kt
2017228N14314,"Galveston, TX",queue,cargo,7218.701757280955,8481.035718,1262.3339607190449,797.3121702982764,1.2137162068681793,HARVEY,2017,Tropical storm <50 kt
2017228N14314,"Galveston, TX",event30,tanker,12482.275405447595,47015.967104300005,34533.69169885241,13529.637008431113,0.7220815128559392,HARVEY,2017,Tropical storm <50 kt
2017228N14314,"Galveston, TX",event30,cargo,12124.420378565788,16478.491572900002,4354.071194334213,1165.717896572467,1.1689962733403314,HARVEY,2017,Tropical storm <50 kt
2017228N14314,"Houston Port Authority, TX",queue,tanker,0.0,0.0,0.0,0.0,0.9803308009041201,HARVEY,2017,Tropical storm <50 kt
2017228N14314,"Houston Port Authority, TX",queue,cargo,0.0,0.0,0.0,0.0,1.1789215813125393,HARVEY,2017,Tropical storm <50 kt
2017228N14314,"Houston Port Authority, TX",event30,tanker,0.0,0.0,0.0,0.0,0.9803308009041201,HARVEY,2017,Tropical storm <50 kt
2017228N14314,"Houston Port Authority, TX",event30,cargo,0.0,0.0,0.0,0.0,1.1789215813125393,HARVEY,2017,Tropical storm <50 kt
2017228N14314,"Lake Charles Harbor District, LA",queue,tanker,1175.0086497727384,2160.7357,985.7270502272618,1553.313588802835,1.1924880540423544,HARVEY,2017,Tropical storm <50 kt
2017228N14314,"Lake Charles Harbor District, LA",queue,cargo,75.70550040944985,120.6805416,44.97504119055014,18.026869172087817,1.2195019132053717,HARVEY,2017,Tropical storm <50 kt
2017228N14314,"Lake Charles Harbor District, LA",event30,tanker,4384.607063526554,7953.088026399999,3568.4809628734447,5538.884404832468,1.232120313432955,HARVEY,2017,Tropical storm <50 kt
2017228N14314,"Lake Charles Harbor District, LA",event30,cargo,632.7077391795762,748.7422726,116.03453342042383,114.40649521694729,1.2750715801336225,HARVEY,2017,Tropical storm <50 kt
2017228N14314,"Orange County Nav District, TX",queue,tanker,-95.40504010253946,38.296057700000006,133.70109780253946,23.313952296279815,0.9803308009041201,HARVEY,2017,Tropical storm <50 kt
2017228N14314,"Orange County Nav District, TX",queue,cargo,71.33781113200793,72.705338,1.3675268679920685,5.371909780023089,1.1789215813125393,HARVEY,2017,Tropical storm <50 kt
2017228N14314,"Orange County Nav District, TX",event30,tanker,-364.77862074232985,184.89219870000002,549.6708194423298,-26.000025397512076,0.9803308009041201,HARVEY,2017,Tropical storm <50 kt
2017228N14314,"Orange County Nav District, TX",event30,cargo,166.09574766507325,172.08739729999996,5.9916496349267065,18.53750599533538,1.1789215813125393,HARVEY,2017,Tropical storm <50 kt
2017228N14314,"Port Arthur, TX",queue,tanker,0.0,0.0,0.0,0.0,0.9803308009041201,HARVEY,2017,Tropical storm <50 kt
2017228N14314,"Port Arthur, TX",queue,cargo,0.0,0.0,0.0,0.0,1.1789215813125393,HARVEY,2017,Tropical storm <50 kt
2017228N14314,"Port Arthur, TX",event30,tanker,0.0,0.0,0.0,0.0,0.9803308009041201,HARVEY,2017,Tropical storm <50 kt
2017228N14314,"Port Arthur, TX",event30,cargo,0.0,0.0,0.0,0.0,1.1789215813125393,HARVEY,2017,Tropical storm <50 kt
2017228N14314,"Port Freeport, TX",queue,tanker,214.3659621697667,836.1430903,621.7771281302333,11.847787125569539,0.8831729564469553,HARVEY,2017,Tropical storm <50 kt
2017228N14314,"Port Freeport, TX",queue,cargo,18.023885500000002,18.023885500000002,0.0,2.6633966,1.339133825213718,HARVEY,2017,Tropical storm <50 kt
2017228N14314,"Port Freeport, TX",event30,tanker,-732.194413927692,2615.947677,3348.142090927692,-1613.6545373888366,0.9829836655704889,HARVEY,2017,Tropical storm <50 kt
2017228N14314,"Port Freeport, TX",event30,cargo,82.2941817,82.2941817,0.0,9.202021578999998,1.2677461468924367,HARVEY,2017,Tropical storm <50 kt
2017228N14314,"Port of Greater Baton Rouge, LA",queue,tanker,140.38408866785767,279.8544547,139.47036603214235,105.94960696176271,0.6628561016419676,HARVEY,2017,Tropical storm <50 kt
2017228N14314,"Port of Greater Baton Rouge, LA",queue,cargo,-352.9080167128095,707.60833,1060.5163467128095,-20.27251017430396,0.8314523874197127,HARVEY,2017,Tropical storm <50 kt
2017228N14314,"Port of Greater Baton Rouge, LA",event30,tanker,300.55395957606083,963.3945871,662.8406275239391,261.46300815794984,0.6740318149142999,HARVEY,2017,Tropical storm <50 kt
2017228N14314,"Port of Greater Baton Rouge, LA",event30,cargo,-1717.9412519372681,2835.062677,4553.003928937268,-142.58397116503244,0.7523858173658816,HARVEY,2017,Tropical storm <50 kt
2017228N14314,"Port of Iberia District, LA",queue,tanker,0.0,0.0,0.0,0.0,1.4520823221014245,HARVEY,2017,Tropical storm <50 kt
2017228N14314,"Port of Iberia District, LA",queue,cargo,0.0,0.0,0.0,0.0,1.5097404544616753,HARVEY,2017,Tropical storm <50 kt
2017228N14314,"Port of Iberia District, LA",event30,tanker,0.0,0.0,0.0,0.0,1.4480537703068461,HARVEY,2017,Tropical storm <50 kt
2017228N14314,"Port of Iberia District, LA",event30,cargo,0.0,0.0,0.0,0.0,1.5234059257073538,HARVEY,2017,Tropical storm <50 kt
2017228N14314,"Sabine Pass Port Authority, TX",queue,tanker,2300.8262373977145,4890.794500000001,2589.9682626022864,2846.0094474546354,0.990017974390596,HARVEY,2017,Tropical storm <50 kt
2017228N14314,"Sabine Pass Port Authority, TX",queue,cargo,1346.6253577562468,1541.8993,195.2739422437533,200.65421940230468,1.0097282827748189,HARVEY,2017,Tropical storm <50 kt
2017228N14314,"Sabine Pass Port Authority, TX",event30,tanker,4345.348702100762,13682.602179100002,9337.25347699924,6107.619195017898,0.9488579585965484,HARVEY,2017,Tropical storm <50 kt
2017228N14314,"Sabine Pass Port Authority, TX",event30,cargo,1816.8115762385814,2933.9942170000004,1117.182640761419,247.90945842652715,0.873684749482361,HARVEY,2017,Tropical storm <50 kt
2017228N14314,"Texas City, TX",queue,tanker,0.0,0.0,0.0,0.0,0.9803308009041201,HARVEY,2017,Tropical storm <50 kt
2017228N14314,"Texas City, TX",queue,cargo,0.0,0.0,0.0,0.0,1.1789215813125393,HARVEY,2017,Tropical storm <50 kt
2017228N14314,"Texas City, TX",event30,tanker,0.0,0.0,0.0,0.0,0.9803308009041201,HARVEY,2017,Tropical storm <50 kt
2017228N14314,"Texas City, TX",event30,cargo,0.0,0.0,0.0,0.0,1.1789215813125393,HARVEY,2017,Tropical storm <50 kt
2017242N16333,"Canaveral Port District, FL",queue,tanker,0.3111108,0.3111108,0.0,0.27881765000000003,1.1465514563243866,IRMA,2017,Hurricane ≥64 kt
2017242N16333,"Canaveral Port District, FL",queue,cargo,36.9672437,36.9672437,0.0,8.295205690000001,1.5117192312890828,IRMA,2017,Hurricane ≥64 kt
2017242N16333,"Canaveral Port District, FL",event30,tanker,100.4030793,100.4030793,0.0,62.03318353,1.2194105351891993,IRMA,2017,Hurricane ≥64 kt
2017242N16333,"Canaveral Port District, FL",event30,cargo,117.24209047436618,117.28363,0.041539525633827096,26.06265214969675,1.5382635449477347,IRMA,2017,Hurricane ≥64 kt
2017242N16333,"Manatee County Port, FL",queue,tanker,0.0,0.0,0.0,0.0,0.832406649899392,IRMA,2017,Hurricane ≥64 kt
2017242N16333,"Manatee County Port, FL",queue,cargo,0.0,0.0,0.0,0.0,0.7526655630001453,IRMA,2017,Hurricane ≥64 kt
2017242N16333,"Manatee County Port, FL",event30,tanker,0.0,0.0,0.0,0.0,0.879864395617653,IRMA,2017,Hurricane ≥64 kt
2017242N16333,"Manatee County Port, FL",event30,cargo,0.0,0.0,0.0,0.0,0.8063294718390565,IRMA,2017,Hurricane ≥64 kt
2017242N16333,"Port Everglades, FL",queue,tanker,0.0,0.0,0.0,0.0,0.37823591106198384,IRMA,2017,Hurricane ≥64 kt
2017242N16333,"Port Everglades, FL",queue,cargo,0.0,0.0,0.0,0.0,0.9384735639420492,IRMA,2017,Hurricane ≥64 kt
2017242N16333,"Port Everglades, FL",event30,tanker,0.0,0.0,0.0,0.0,0.4353379341368412,IRMA,2017,Hurricane ≥64 kt
2017242N16333,"Port Everglades, FL",event30,cargo,0.0,0.0,0.0,0.0,0.8658539599038784,IRMA,2017,Hurricane ≥64 kt
2017242N16333,"Port of Palm Beach District, FL",queue,tanker,0.0177778,0.0177778,0.0,0.01096713,0.923766900245507,IRMA,2017,Hurricane ≥64 kt
2017242N16333,"Port of Palm Beach District, FL",queue,cargo,201.7144456205507,231.3924,29.677954379449307,18.913377975836106,1.3070850640834004,IRMA,2017,Hurricane ≥64 kt
2017242N16333,"Port of Palm Beach District, FL",event30,tanker,0.0177778,0.0177778,0.0,0.01096713,0.9534948782074689,IRMA,2017,Hurricane ≥64 kt
2017242N16333,"Port of Palm Beach District, FL",event30,cargo,225.8289540388801,282.8143279,56.98537386111991,22.685212003282178,1.2388785734752796,IRMA,2017,Hurricane ≥64 kt
2017242N16333,"PortMiami, FL",queue,tanker,252.89818187551776,272.2516556,19.353473724482228,156.64620227593417,1.1372685730875727,IRMA,2017,Hurricane ≥64 kt
2017242N16333,"PortMiami, FL",queue,cargo,852.7504322250634,1561.7491039,708.9986716749365,77.11536755154776,1.144252742425602,IRMA,2017,Hurricane ≥64 kt
2017242N16333,"PortMiami, FL",event30,tanker,1043.396062468283,1103.7563956000001,60.3603331317171,687.2066101663044,1.193132121192427,IRMA,2017,Hurricane ≥64 kt
2017242N16333,"PortMiami, FL",event30,cargo,294.9047149283492,2534.6403497,2239.735634771651,50.20696945570148,1.1124823315083303,IRMA,2017,Hurricane ≥64 kt
2017277N11279,"Greater Lafourche Port, LA",queue,tanker,37.44674590531835,202.0283096,164.58156369468165,85.56794834884874,0.8530205881425574,NATE,2017,Hurricane ≥64 kt
2017277N11279,"Greater Lafourche Port, LA",queue,cargo,0.0,0.0,0.0,0.0,0.8239351894427396,NATE,2017,Hurricane ≥64 kt
2017277N11279,"Greater Lafourche Port, LA",event30,tanker,-909.8821492226014,513.3463922999999,1423.2285415226013,-1647.7014426339956,0.8573125391322446,NATE,2017,Hurricane ≥64 kt
2017277N11279,"Greater Lafourche Port, LA",event30,cargo,0.2469444,0.2469444,0.0,0.070439525,0.9318652052017101,NATE,2017,Hurricane ≥64 kt
2017277N11279,"Mobile, AL",queue,tanker,0.132778,0.132778,0.0,0.07809008,0.40432842372318506,NATE,2017,Tropical storm <50 kt
2017277N11279,"Mobile, AL",queue,cargo,0.3313887,0.3313887,0.0,0.04097893,0.813951212781515,NATE,2017,Tropical storm <50 kt
2017277N11279,"Mobile, AL",event30,tanker,0.2497224,0.2497224,0.0,0.120074277,0.48760994173926453,NATE,2017,Tropical storm <50 kt
2017277N11279,"Mobile, AL",event30,cargo,0.6199998,0.6199998,0.0,0.07151619,0.7840836226189749,NATE,2017,Tropical storm <50 kt
2017277N11279,"New Orleans, LA",queue,tanker,33.05580701187148,644.9459247,611.8901176881285,-27.948430472000155,0.9803308009041201,NATE,2017,Hurricane ≥64 kt
2017277N11279,"New Orleans, LA",queue,cargo,240.4232154945621,1563.2948112000001,1322.871595705438,45.44689463660163,1.1789215813125393,NATE,2017,Hurricane ≥64 kt
2017277N11279,"New Orleans, LA",event30,tanker,-206.634840928853,2279.5719262000002,2486.2067671288532,-41.50042768476669,0.9803308009041201,NATE,2017,Hurricane ≥64 kt
2017277N11279,"New Orleans, LA",event30,cargo,1447.4430806599357,5734.413591400001,4286.970510740065,223.706575347392,1.1789215813125393,NATE,2017,Hurricane ≥64 kt
2017277N11279,"Plaquemines Port District, LA",queue,tanker,1422.4656336215671,3404.0379583000004,1981.5723246784332,1118.816394536093,0.8326032165390408,NATE,2017,Hurricane ≥64 kt
2017277N11279,"Plaquemines Port District, LA",queue,cargo,3986.765275117027,10062.487353,6075.722077882973,433.18523735571614,0.9718386101556697,NATE,2017,Hurricane ≥64 kt
2017277N11279,"Plaquemines Port District, LA",event30,tanker,1575.7411990564196,9137.342159399997,7561.600960343578,2219.541997265501,0.8608582685207625,NATE,2017,Hurricane ≥64 kt
2017277N11279,"Plaquemines Port District, LA",event30,cargo,6569.409027159596,27804.6824292,21235.273402040402,768.2456820024663,1.04209576179306,NATE,2017,Hurricane ≥64 kt
2017277N11279,"Port of Pascagoula, MS",queue,tanker,1021.224692257101,1502.1567282,480.93203594289906,1125.5963069546085,0.9176807615921292,NATE,2017,Strong TS 50–63 kt
2017277N11279,"Port of Pascagoula, MS",queue,cargo,256.7388435534999,1795.6447092000003,1538.9058656465004,38.64322866193015,0.7539349814964236,NATE,2017,Strong TS 50–63 kt
2017277N11279,"Port of Pascagoula, MS",event30,tanker,2015.7074570122284,3553.6397897,1537.9323326877718,2530.8428204557104,1.0905056658153758,NATE,2017,Strong TS 50–63 kt
2017277N11279,"Port of Pascagoula, MS",event30,cargo,53.47002843175051,5122.5675177,5069.09748926825,-85.92528081051125,0.9036771658485271,NATE,2017,Strong TS 50–63 kt
2017277N11279,"South Louisiana, LA, Port of",queue,tanker,112.6654979781934,453.8054944,341.1399964218066,35.13913228399298,0.9803308009041201,NATE,2017,Hurricane ≥64 kt
2017277N11279,"South Louisiana, LA, Port of",queue,cargo,866.997661359374,3259.133038,2392.135376640626,44.83013392229623,1.1789215813125393,NATE,2017,Hurricane ≥64 kt
2017277N11279,"South Louisiana, LA, Port of",event30,tanker,247.1404720383573,1593.7081724000002,1346.567700361643,-231.65222100660776,0.9803308009041201,NATE,2017,Hurricane ≥64 kt
2017277N11279,"South Louisiana, LA, Port of",event30,cargo,3042.872297927175,11157.6730039,8114.800705972824,223.63122635817376,1.1789215813125393,NATE,2017,Hurricane ≥64 kt
2017277N11279,"Terrebonne Parish Port, LA",queue,tanker,69.18050126423162,71.199471,2.0189697357683856,159.02235187705998,1.3313025651262609,NATE,2017,Hurricane ≥64 kt
2017277N11279,"Terrebonne Parish Port, LA",queue,cargo,22.69279,22.69279,0.0,1.8519020999999998,1.1075956178256026,NATE,2017,Hurricane ≥64 kt
2017277N11279,"Terrebonne Parish Port, LA",event30,tanker,291.99600537630533,367.41643669999996,75.42043132369463,353.57232399787,1.1776215909228844,NATE,2017,Hurricane ≥64 kt
2017277N11279,"Terrebonne Parish Port, LA",event30,cargo,23.123623,23.123623,0.0,1.9821246199999998,1.1318324102916635,NATE,2017,Hurricane ≥64 kt
2018146N19273,"Mobile, AL",queue,tanker,0.01581304541201281,0.24361120000000003,0.22779815458798722,0.0862271582109363,0.4532245150448332,ALBERTO,2018,Tropical storm <50 kt
2018146N19273,"Mobile, AL",queue,cargo,7.374722,7.374722,0.0,4.349239605,0.4560634314327115,ALBERTO,2018,Tropical storm <50 kt
2018146N19273,"Mobile, AL",event30,tanker,0.2580911458271859,0.7016663000000001,0.4435751541728142,0.31455382030093637,0.42314587285989635,ALBERTO,2018,Tropical storm <50 kt
2018146N19273,"Mobile, AL",event30,cargo,22.836111299999995,22.836111299999995,0.0,13.149590895,0.5068897561780159,ALBERTO,2018,Tropical storm <50 kt
2018146N19273,"Panama City Port Authority, FL",queue,tanker,0.0,0.0,0.0,0.0,1.3064868811096617,ALBERTO,2018,Tropical storm <50 kt
2018146N19273,"Panama City Port Authority, FL",queue,cargo,22.870871652607654,27.448611,4.577739347392345,1.6829084072127451,0.5085080669802212,ALBERTO,2018,Tropical storm <50 kt
2018146N19273,"Panama City Port Authority, FL",event30,tanker,0.0,0.0,0.0,0.0,1.2602503154385594,ALBERTO,2018,Tropical storm <50 kt
2018146N19273,"Panama City Port Authority, FL",event30,cargo,-53.86326765297743,28.650277300000003,82.51354495297743,-4.78508770427237,0.4810808026126508,ALBERTO,2018,Tropical storm <50 kt
2018246N22283,"Mobile, AL",queue,tanker,0.0811111,0.0811111,0.0,0.03905288,0.7925268194093474,GORDON,2018,Strong TS 50–63 kt
2018246N22283,"Mobile, AL",queue,cargo,0.8250001,0.8250001,0.0,0.4572337,0.36345032193370785,GORDON,2018,Strong TS 50–63 kt
2018246N22283,"Mobile, AL",event30,tanker,0.0811111,0.0811111,0.0,0.03905288,0.7041427672486522,GORDON,2018,Strong TS 50–63 kt
2018246N22283,"Mobile, AL",event30,cargo,3.6496079472105367,5.714720499999999,2.0651125527894627,1.9818928914056975,0.4118743976685333,GORDON,2018,Strong TS 50–63 kt
2018246N22283,"New Orleans, LA",queue,tanker,76.91525209201643,1014.8157306,937.9004785079836,-286.7899904196811,0.9803308009041201,GORDON,2018,Tropical storm <50 kt
2018246N22283,"New Orleans, LA",queue,cargo,16.60310620389555,973.1242631,956.5211568961045,-21.794763393967102,1.1789215813125393,GORDON,2018,Tropical storm <50 kt
2018246N22283,"New Orleans, LA",event30,tanker,384.56019763614904,2811.2629613000004,2426.7027636638513,0.34546994427591926,0.9803308009041201,GORDON,2018,Tropical storm <50 kt
2018246N22283,"New Orleans, LA",event30,cargo,995.3390539196571,4402.452880399999,3407.113826480342,82.3200563053154,1.1789215813125393,GORDON,2018,Tropical storm <50 kt
2018246N22283,"Plaquemines Port District, LA",queue,tanker,-202.30129607960816,1638.6717288,1840.9730248796081,464.02376194535896,1.0056164638045884,GORDON,2018,Strong TS 50–63 kt
2018246N22283,"Plaquemines Port District, LA",queue,cargo,-633.2114613402509,3281.1922274000003,3914.4036887402513,-121.51327453872989,1.0534805635705762,GORDON,2018,Strong TS 50–63 kt
2018246N22283,"Plaquemines Port District, LA",event30,tanker,2166.3362245474964,7479.2660418,5312.929817252503,3956.715431529501,0.967119495498554,GORDON,2018,Strong TS 50–63 kt
2018246N22283,"Plaquemines Port District, LA",event30,cargo,-953.1499192457486,13884.349941499999,14837.499860745747,-432.26694356638086,1.0254844909674752,GORDON,2018,Strong TS 50–63 kt
2018246N22283,"Port Everglades, FL",queue,tanker,0.0,0.0,0.0,0.0,0.757027993360364,GORDON,2018,Tropical storm <50 kt
2018246N22283,"Port Everglades, FL",queue,cargo,0.0,0.0,0.0,0.0,1.0448414745368695,GORDON,2018,Tropical storm <50 kt
2018246N22283,"Port Everglades, FL",event30,tanker,0.0,0.0,0.0,0.0,0.8771107387477743,GORDON,2018,Tropical storm <50 kt
2018246N22283,"Port Everglades, FL",event30,cargo,0.0,0.0,0.0,0.0,1.0412784863198616,GORDON,2018,Tropical storm <50 kt
2018246N22283,"Port of Palm Beach District, FL",queue,tanker,0.0,0.0,0.0,0.0,1.0677497328172119,GORDON,2018,Tropical storm <50 kt
2018246N22283,"Port of Palm Beach District, FL",queue,cargo,-71.68954440295008,100.79091,172.48045440295007,8.125721045419175,1.281977557279597,GORDON,2018,Tropical storm <50 kt
2018246N22283,"Port of Palm Beach District, FL",event30,tanker,0.0,0.0,0.0,0.0,1.0454234399009457,GORDON,2018,Tropical storm <50 kt
2018246N22283,"Port of Palm Beach District, FL",event30,cargo,5.375336258495821,255.07257900000005,249.69724274150423,18.603715318404394,1.2724114871544716,GORDON,2018,Tropical storm <50 kt
2018246N22283,"Port of Pascagoula, MS",queue,tanker,94.23602890254313,743.7445533,649.5085243974569,272.6378801284775,1.1237445789679306,GORDON,2018,Strong TS 50–63 kt
2018246N22283,"Port of Pascagoula, MS",queue,cargo,68.62240113786356,1269.273941,1200.6515398621364,-52.01419705993001,0.9859177469718773,GORDON,2018,Strong TS 50–63 kt
2018246N22283,"Port of Pascagoula, MS",event30,tanker,124.52976317584535,2462.2209803,2337.6912171241547,1147.3748760057929,0.9952273074120274,GORDON,2018,Strong TS 50–63 kt
2018246N22283,"Port of Pascagoula, MS",event30,cargo,820.0475361891881,4833.119518,4013.0719818108123,-24.767924901604033,0.9650180998359004,GORDON,2018,Strong TS 50–63 kt
2018246N22283,"South Louisiana, LA, Port of",queue,tanker,-404.65904617371433,452.19246200000003,856.8515081737144,-248.6389967075873,0.9803308009041201,GORDON,2018,Tropical storm <50 kt
2018246N22283,"South Louisiana, LA, Port of",queue,cargo,627.9354583513696,2185.374244,1557.4387856486305,58.902077115787336,1.1789215813125393,GORDON,2018,Tropical storm <50 kt
2018246N22283,"South Louisiana, LA, Port of",event30,tanker,-550.8894599738958,1738.9294831,2289.8189430738958,-103.77388219384784,0.9803308009041201,GORDON,2018,Tropical storm <50 kt
2018246N22283,"South Louisiana, LA, Port of",event30,cargo,2476.5523060055757,8610.753189000001,6134.200882994425,102.8228404576497,1.1789215813125393,GORDON,2018,Tropical storm <50 kt
2018280N18273,"Virginia, VA, Port of",queue,tanker,104.24795392033532,109.5905664,5.342612479664684,94.78175590972589,0.6200669081606096,MICHAEL,2018,Strong TS 50–63 kt
2018280N18273,"Virginia, VA, Port of",queue,cargo,48.87155228582378,2009.5163109000002,1960.6447586141765,43.4668437072132,1.1166863882653981,MICHAEL,2018,Strong TS 50–63 kt
2018280N18273,"Virginia, VA, Port of",event30,tanker,187.04012309740614,197.3272002,10.287077102593866,181.0451354977375,0.7968964178976458,MICHAEL,2018,Strong TS 50–63 kt
2018280N18273,"Virginia, VA, Port of",event30,cargo,-1058.6518552605503,6599.814138399999,7658.465993660549,18.146678204948444,1.0766546286105008,MICHAEL,2018,Strong TS 50–63 kt
2019192N29274,"Beaumont, TX",queue,tanker,122.01745288557976,127.65968,5.64222711442023,92.95520772449767,0.9803308009041201,BARRY,2019,Tropical storm <50 kt
2019192N29274,"Beaumont, TX",queue,cargo,0.0,0.0,0.0,0.0,1.1789215813125393,BARRY,2019,Tropical storm <50 kt
2019192N29274,"Beaumont, TX",event30,tanker,38.687579438163596,293.86615,255.1785705618364,204.0284259597194,0.9803308009041201,BARRY,2019,Tropical storm <50 kt
2019192N29274,"Beaumont, TX",event30,cargo,0.0,0.0,0.0,0.0,1.1789215813125393,BARRY,2019,Tropical storm <50 kt
2019192N29274,"Greater Lafourche Port, LA",queue,tanker,-161.61633759655618,27.886709000000003,189.50304659655617,-255.75473190349217,1.140598432575445,BARRY,2019,Strong TS 50–63 kt
2019192N29274,"Greater Lafourche Port, LA",queue,cargo,8.95861,8.95861,0.0,1.7808473,1.2270088424496814,BARRY,2019,Strong TS 50–63 kt
2019192N29274,"Greater Lafourche Port, LA",event30,tanker,-262.563967353328,195.47203709999997,458.03600445332796,-521.3566440736327,1.1454204317088459,BARRY,2019,Strong TS 50–63 kt
2019192N29274,"Greater Lafourche Port, LA",event30,cargo,8.95861,8.95861,0.0,1.7808473,1.1677414958282337,BARRY,2019,Strong TS 50–63 kt
2019192N29274,"Lake Charles Harbor District, LA",queue,tanker,-333.17297489549514,920.0018121999999,1253.174787095495,-441.7273987939776,1.1964136344951215,BARRY,2019,Strong TS 50–63 kt
2019192N29274,"Lake Charles Harbor District, LA",queue,cargo,-74.41699244178355,21.614688899999994,96.03168134178354,-7.347815087610215,1.1970929859943678,BARRY,2019,Strong TS 50–63 kt
2019192N29274,"Lake Charles Harbor District, LA",event30,tanker,-1361.113965398641,3026.171149,4387.285114398641,-1547.9262718326822,1.1848500664828794,BARRY,2019,Strong TS 50–63 kt
2019192N29274,"Lake Charles Harbor District, LA",event30,cargo,3.79661222337117,152.808247,149.01163477662882,-2.800694921983723,1.233085392703706,BARRY,2019,Strong TS 50–63 kt
2019192N29274,"New Orleans, LA",queue,tanker,168.21290482715992,213.4571444,45.24423957284008,79.5716494691128,0.9803308009041201,BARRY,2019,Strong TS 50–63 kt
2019192N29274,"New Orleans, LA",queue,cargo,3.6920159216288653,268.8826763,265.19066037837115,-4.444207035293111,1.1789215813125393,BARRY,2019,Strong TS 50–63 kt
2019192N29274,"New Orleans, LA",event30,tanker,847.8023736956474,1077.9412865,230.13891280435254,552.9121996195372,0.9803308009041201,BARRY,2019,Strong TS 50–63 kt
2019192N29274,"New Orleans, LA",event30,cargo,1805.2966860908216,2759.422277099999,954.1255910091775,144.20126569606145,1.1789215813125393,BARRY,2019,Strong TS 50–63 kt
2019192N29274,"Orange County Nav District, TX",queue,tanker,17.25997686533738,33.2979997,16.03802283466262,21.072939090232317,0.9803308009041201,BARRY,2019,Tropical storm <50 kt
2019192N29274,"Orange County Nav District, TX",queue,cargo,159.61075655409323,240.7053,81.09454344590677,17.61346099221924,1.1789215813125393,BARRY,2019,Tropical storm <50 kt
2019192N29274,"Orange County Nav District, TX",event30,tanker,66.97296806815554,146.08744969999998,79.11448163184444,89.89226205721526,0.9803308009041201,BARRY,2019,Tropical storm <50 kt
2019192N29274,"Orange County Nav District, TX",event30,cargo,240.15963169817968,676.3207219999999,436.16109030182025,42.53095691079826,1.1789215813125393,BARRY,2019,Tropical storm <50 kt
2019192N29274,"Plaquemines Port District, LA",queue,tanker,265.4068801322219,3350.961067,3085.5541868677783,-177.22884116877958,0.9408496690418808,BARRY,2019,Strong TS 50–63 kt
2019192N29274,"Plaquemines Port District, LA",queue,cargo,-836.9809777204591,10695.832224,11532.813201720459,-68.28599593425065,1.003537248513633,BARRY,2019,Strong TS 50–63 kt
2019192N29274,"Plaquemines Port District, LA",event30,tanker,-1780.2100834756748,8968.5576593,10748.767742775675,-2669.2666800375173,1.0072536760625932,BARRY,2019,Strong TS 50–63 kt
2019192N29274,"Plaquemines Port District, LA",event30,cargo,-9128.32145723122,35019.9864878,44148.30794503122,-699.7419753151339,1.0456568210389274,BARRY,2019,Strong TS 50–63 kt
2019192N29274,"Port Arthur, TX",queue,tanker,0.0,0.0,0.0,0.0,0.9803308009041201,BARRY,2019,Strong TS 50–63 kt
2019192N29274,"Port Arthur, TX",queue,cargo,0.0,0.0,0.0,0.0,1.1789215813125393,BARRY,2019,Strong TS 50–63 kt
2019192N29274,"Port Arthur, TX",event30,tanker,0.0,0.0,0.0,0.0,0.9803308009041201,BARRY,2019,Strong TS 50–63 kt
2019192N29274,"Port Arthur, TX",event30,cargo,0.0,0.0,0.0,0.0,1.1789215813125393,BARRY,2019,Strong TS 50–63 kt
2019192N29274,"Port of Greater Baton Rouge, LA",queue,tanker,16.582336268639892,218.6911974,202.1088611313601,40.88164790557043,0.6109321742334056,BARRY,2019,Strong TS 50–63 kt
2019192N29274,"Port of Greater Baton Rouge, LA",queue,cargo,-32.48291422649924,58.48334649999999,90.96626072649923,-1.100353885712023,0.5983421424655182,BARRY,2019,Strong TS 50–63 kt
2019192N29274,"Port of Greater Baton Rouge, LA",event30,tanker,20.549146448365832,657.6919401000001,637.1427936516343,137.5391652631281,0.6356489784360089,BARRY,2019,Strong TS 50–63 kt
2019192N29274,"Port of Greater Baton Rouge, LA",event30,cargo,230.21645621318817,558.2179093999999,328.0014531868118,8.73747083597528,0.6578550403663823,BARRY,2019,Strong TS 50–63 kt
2019192N29274,"Port of Iberia District, LA",queue,tanker,0.0,0.0,0.0,0.0,1.4551047020289256,BARRY,2019,Hurricane ≥64 kt
2019192N29274,"Port of Iberia District, LA",queue,cargo,0.0,0.0,0.0,0.0,1.394942934513112,BARRY,2019,Hurricane ≥64 kt
2019192N29274,"Port of Iberia District, LA",event30,tanker,0.0,0.0,0.0,0.0,1.391705045792002,BARRY,2019,Hurricane ≥64 kt
2019192N29274,"Port of Iberia District, LA",event30,cargo,0.0,0.0,0.0,0.0,1.4472266004921044,BARRY,2019,Hurricane ≥64 kt
2019192N29274,"Sabine Pass Port Authority, TX",queue,tanker,1110.1084894464477,2941.20344,1831.094950553552,1142.0636388296289,0.9957905559478449,BARRY,2019,Strong TS 50–63 kt
2019192N29274,"Sabine Pass Port Authority, TX",queue,cargo,-44.226735260185535,132.167509,176.39424426018553,-5.523228413174168,0.8586305438386644,BARRY,2019,Strong TS 50–63 kt
2019192N29274,"Sabine Pass Port Authority, TX",event30,tanker,803.0554476712032,7514.008553,6710.9531053287965,615.8920631372785,1.0024013361177393,BARRY,2019,Strong TS 50–63 kt
2019192N29274,"Sabine Pass Port Authority, TX",event30,cargo,42.515645441032916,620.7981889000001,578.2825434589672,-3.454380449318748,0.8367281494243642,BARRY,2019,Strong TS 50–63 kt
2019192N29274,"South Louisiana, LA, Port of",queue,tanker,179.1748615803525,540.8566243,361.6817627196475,76.84946165580169,0.9803308009041201,BARRY,2019,Strong TS 50–63 kt
2019192N29274,"South Louisiana, LA, Port of",queue,cargo,301.48297942047395,1081.8130231999999,780.3300437795259,-8.399760151273085,1.1789215813125393,BARRY,2019,Strong TS 50–63 kt
2019192N29274,"South Louisiana, LA, Port of",event30,tanker,337.9211753579493,2020.479789,1682.5586136420507,223.8359473250964,0.9803308009041201,BARRY,2019,Strong TS 50–63 kt
2019192N29274,"South Louisiana, LA, Port of",event30,cargo,1223.0506231901004,3871.3747832000004,2648.3241600099,62.645033599280964,1.1789215813125393,BARRY,2019,Strong TS 50–63 kt
2019192N29274,"Terrebonne Parish Port, LA",queue,tanker,-3.9477122695893274,3.6566667,7.604378969589328,-5.99525023907131,1.2110710276121999,BARRY,2019,Strong TS 50–63 kt
2019192N29274,"Terrebonne Parish Port, LA",queue,cargo,0.12444440000000001,0.12444440000000001,0.0,0.009101908,1.3214576990703948,BARRY,2019,Strong TS 50–63 kt
2019192N29274,"Terrebonne Parish Port, LA",event30,tanker,40.436264382738926,84.7175115,44.281247117261074,90.82804110404471,1.1818380067931518,BARRY,2019,Strong TS 50–63 kt
2019192N29274,"Terrebonne Parish Port, LA",event30,cargo,0.2833334,0.2833334,0.0,0.039718088,1.3535930187027367,BARRY,2019,Strong TS 50–63 kt
2019236N10314,"Canaveral Port District, FL",queue,tanker,0.18888889999999997,0.18888889999999997,0.0,0.19304659999999998,1.1029121424451167,DORIAN,2019,Hurricane ≥64 kt
2019236N10314,"Canaveral Port District, FL",queue,cargo,0.6049997,0.6049997,0.0,0.36065958,1.587258451089831,DORIAN,2019,Hurricane ≥64 kt
2019236N10314,"Canaveral Port District, FL",event30,tanker,12.0436556,12.0436556,0.0,12.670120840000001,1.0709177992058052,DORIAN,2019,Hurricane ≥64 kt
2019236N10314,"Canaveral Port District, FL",event30,cargo,23.637340903009896,24.8514363,1.2140953969901047,2.7399368838503504,1.6020887794522414,DORIAN,2019,Hurricane ≥64 kt
2019236N10314,"Port of Palm Beach District, FL",queue,tanker,0.0,0.0,0.0,0.0,0.9632424522134427,DORIAN,2019,Hurricane ≥64 kt
2019236N10314,"Port of Palm Beach District, FL",queue,cargo,147.25831417215647,189.2705,42.01218582784352,28.07874676896643,1.3731763291857961,DORIAN,2019,Hurricane ≥64 kt
2019236N10314,"Port of Palm Beach District, FL",event30,tanker,0.0,0.0,0.0,0.0,0.9491552445026659,DORIAN,2019,Hurricane ≥64 kt
2019236N10314,"Port of Palm Beach District, FL",event30,cargo,357.13976296195295,428.564441,71.42467803804703,70.45709539197783,1.3437184041563233,DORIAN,2019,Hurricane ≥64 kt
2019246N24266,"Brownsville, TX",queue,tanker,0.0,0.0,0.0,0.0,0.9703447072389472,FERNAND,2019,Tropical storm <50 kt
2019246N24266,"Brownsville, TX",queue,cargo,0.0608333,0.0608333,0.0,0.04448642,1.4749163527861422,FERNAND,2019,Tropical storm <50 kt
2019246N24266,"Brownsville, TX",event30,tanker,0.0777778,0.0777778,0.0,0.01809734,1.0491015339989316,FERNAND,2019,Tropical storm <50 kt
2019246N24266,"Brownsville, TX",event30,cargo,1.5591711000000001,1.5591711000000001,0.0,0.27025531999999997,1.6946478414381212,FERNAND,2019,Tropical storm <50 kt
2019261N28264,"Beaumont, TX",queue,tanker,6.92629066230127,32.3711,25.44480933769873,20.203481289451425,0.9803308009041201,IMELDA,2019,Tropical storm <50 kt
2019261N28264,"Beaumont, TX",queue,cargo,0.0,0.0,0.0,0.0,1.1789215813125393,IMELDA,2019,Tropical storm <50 kt
2019261N28264,"Beaumont, TX",event30,tanker,31.018898458206493,148.108618,117.08971954179351,68.74699979333141,0.9803308009041201,IMELDA,2019,Tropical storm <50 kt
2019261N28264,"Beaumont, TX",event30,cargo,78.2017,78.2017,0.0,6.67276,1.1789215813125393,IMELDA,2019,Tropical storm <50 kt
2019261N28264,"Calhoun Port Authority, TX",queue,tanker,29.937285608244913,39.64603399999999,9.708748391755082,22.998072537111348,0.8887489243748317,IMELDA,2019,Tropical storm <50 kt
2019261N28264,"Calhoun Port Authority, TX",queue,cargo,13.105290055885362,29.27472,16.169429944114636,-1.1326335468945008,0.628582322884428,IMELDA,2019,Tropical storm <50 kt
2019261N28264,"Calhoun Port Authority, TX",event30,tanker,-3956.526613421527,287.41977099999997,4243.946384421527,-1726.0428691874906,0.7036404918744039,IMELDA,2019,Tropical storm <50 kt
2019261N28264,"Calhoun Port Authority, TX",event30,cargo,-1005.8155410330008,136.00307669999998,1141.8186177330008,-262.7745790614806,0.7735163543112772,IMELDA,2019,Tropical storm <50 kt
2019261N28264,"Corpus Christi, TX",queue,tanker,-100.61981565044857,1349.2889122000001,1449.9087278504487,-431.57070095937615,1.0111788918534628,IMELDA,2019,Tropical storm <50 kt
2019261N28264,"Corpus Christi, TX",queue,cargo,-511.7950872317995,8.43028,520.2253672317995,-67.65723836792552,1.1482783838901793,IMELDA,2019,Tropical storm <50 kt
2019261N28264,"Corpus Christi, TX",event30,tanker,161.11238062867506,5889.7419328000005,5728.6295521713255,-226.51361417200224,1.0101447304525595,IMELDA,2019,Tropical storm <50 kt
2019261N28264,"Corpus Christi, TX",event30,cargo,-866.7676959867485,934.6007238,1801.3684197867485,-131.285370641069,1.1078929801366182,IMELDA,2019,Tropical storm <50 kt
2019261N28264,"Galveston, TX",queue,tanker,936.7826263723236,10060.272638400002,9123.490012027678,514.9909055037988,0.6872875673553699,IMELDA,2019,Tropical storm <50 kt
2019261N28264,"Galveston, TX",queue,cargo,506.58181680984205,1353.6967527,847.1149358901579,61.35928946872251,0.995330463550673,IMELDA,2019,Tropical storm <50 kt
2019261N28264,"Galveston, TX",event30,tanker,2120.8979866472255,32936.8892271,30815.991240452775,1469.274178957825,0.6725028068253591,IMELDA,2019,Tropical storm <50 kt
2019261N28264,"Galveston, TX",event30,cargo,680.1633895317782,3846.1017212,3165.938331668222,134.29450604392036,1.0490998443676742,IMELDA,2019,Tropical storm <50 kt
2019261N28264,"Houston Port Authority, TX",queue,tanker,0.0,0.0,0.0,0.0,0.9803308009041201,IMELDA,2019,Tropical storm <50 kt
2019261N28264,"Houston Port Authority, TX",queue,cargo,0.0,0.0,0.0,0.0,1.1789215813125393,IMELDA,2019,Tropical storm <50 kt
2019261N28264,"Houston Port Authority, TX",event30,tanker,0.0,0.0,0.0,0.0,0.9803308009041201,IMELDA,2019,Tropical storm <50 kt
2019261N28264,"Houston Port Authority, TX",event30,cargo,0.0,0.0,0.0,0.0,1.1789215813125393,IMELDA,2019,Tropical storm <50 kt
2019261N28264,"Lake Charles Harbor District, LA",queue,tanker,-226.4902616383796,649.8715252,876.3617868383795,-175.28637177971547,1.2294111563127275,IMELDA,2019,Tropical storm <50 kt
2019261N28264,"Lake Charles Harbor District, LA",queue,cargo,-3.5663456075457987,88.15511129999999,91.72145690754579,3.525820560341817,1.2795440205542987,IMELDA,2019,Tropical storm <50 kt
2019261N28264,"Lake Charles Harbor District, LA",event30,tanker,-698.3050202355162,2016.7892843999998,2715.094304635516,-144.89480146342567,1.1849622957423582,IMELDA,2019,Tropical storm <50 kt
2019261N28264,"Lake Charles Harbor District, LA",event30,cargo,4.869415514623796,154.1929705,149.3235549853762,7.090462814410429,1.251096419713805,IMELDA,2019,Tropical storm <50 kt
2019261N28264,"Orange County Nav District, TX",queue,tanker,9.970939177373003,18.2708616,8.299922422626997,23.1209320831193,0.9803308009041201,IMELDA,2019,Tropical storm <50 kt
2019261N28264,"Orange County Nav District, TX",queue,cargo,1.0949807908341718,1.732501,0.6375202091658283,0.4535482397966676,1.1789215813125393,IMELDA,2019,Tropical storm <50 kt
2019261N28264,"Orange County Nav District, TX",event30,tanker,240.48971126786702,256.0249241,15.53521283213299,263.5693787820958,0.9803308009041201,IMELDA,2019,Tropical storm <50 kt
2019261N28264,"Orange County Nav District, TX",event30,cargo,-5.093719573700381,3.8861128000000003,8.979832373700381,0.5117552745007532,1.1789215813125393,IMELDA,2019,Tropical storm <50 kt
2019261N28264,"Port Arthur, TX",queue,tanker,0.0,0.0,0.0,0.0,0.9803308009041201,IMELDA,2019,Tropical storm <50 kt
2019261N28264,"Port Arthur, TX",queue,cargo,0.0,0.0,0.0,0.0,1.1789215813125393,IMELDA,2019,Tropical storm <50 kt
2019261N28264,"Port Arthur, TX",event30,tanker,0.0,0.0,0.0,0.0,0.9803308009041201,IMELDA,2019,Tropical storm <50 kt
2019261N28264,"Port Arthur, TX",event30,cargo,0.0,0.0,0.0,0.0,1.1789215813125393,IMELDA,2019,Tropical storm <50 kt
2019261N28264,"Port Freeport, TX",queue,tanker,-719.7443043351318,147.2619651,867.0062694351318,-640.6600612025667,1.2333980822684474,IMELDA,2019,Tropical storm <50 kt
2019261N28264,"Port Freeport, TX",queue,cargo,131.4797308,131.4797308,0.0,27.783082382999993,0.9146630955395343,IMELDA,2019,Tropical storm <50 kt
2019261N28264,"Port Freeport, TX",event30,tanker,-1467.038699650808,1264.1431959,2731.181895550808,-1163.3194848337635,1.1677935766892542,IMELDA,2019,Tropical storm <50 kt
2019261N28264,"Port Freeport, TX",event30,cargo,145.83390849999998,145.83390849999998,0.0,33.89118705200001,0.9745709034960375,IMELDA,2019,Tropical storm <50 kt
2019261N28264,"Sabine Pass Port Authority, TX",queue,tanker,610.5997559647515,1995.4831,1384.8833440352485,634.0261909601929,0.8517437618365569,IMELDA,2019,Tropical storm <50 kt
2019261N28264,"Sabine Pass Port Authority, TX",queue,cargo,327.9650687126683,508.62940000000003,180.66433128733172,13.703513006896337,0.49183129777763956,IMELDA,2019,Tropical storm <50 kt
2019261N28264,"Sabine Pass Port Authority, TX",event30,tanker,1036.6661253056063,5980.8816811,4944.215555794393,1555.4333385484842,0.8601454140718677,IMELDA,2019,Tropical storm <50 kt
2019261N28264,"Sabine Pass Port Authority, TX",event30,cargo,400.86974359582246,946.5796463,545.7099027041776,17.386715797120573,0.4507284131381877,IMELDA,2019,Tropical storm <50 kt
2019261N28264,"Texas City, TX",queue,tanker,0.0,0.0,0.0,0.0,0.9803308009041201,IMELDA,2019,Tropical storm <50 kt
2019261N28264,"Texas City, TX",queue,cargo,0.0,0.0,0.0,0.0,1.1789215813125393,IMELDA,2019,Tropical storm <50 kt
2019261N28264,"Texas City, TX",event30,tanker,0.0,0.0,0.0,0.0,0.9803308009041201,IMELDA,2019,Tropical storm <50 kt
2019261N28264,"Texas City, TX",event30,cargo,0.0,0.0,0.0,0.0,1.1789215813125393,IMELDA,2019,Tropical storm <50 kt
2019291N22264,"Virginia, VA, Port of",queue,tanker,0.553030197246346,0.7883335,0.2353033027536541,0.5910628854941298,1.0295058948256912,NESTOR,2019,Tropical storm <50 kt
2019291N22264,"Virginia, VA, Port of",queue,cargo,675.1555647946399,1257.8363722,582.68080740536,65.62517520580371,1.5187389231011665,NESTOR,2019,Tropical storm <50 kt
2019291N22264,"Virginia, VA, Port of",event30,tanker,20.577364019478424,29.8583068,9.280942780521578,16.059883718619886,1.084796770403179,NESTOR,2019,Tropical storm <50 kt
2019291N22264,"Virginia, VA, Port of",event30,cargo,2242.254620957163,3662.4979975000006,1420.2433765428377,240.0622396028305,1.4228043227814298,NESTOR,2019,Tropical storm <50 kt
2019299N25265,"Greater Lafourche Port, LA",queue,tanker,-8.177191165754138,34.8866444,43.06383556575414,18.268433088063688,1.2765917121807682,OLGA,2019,Tropical storm <50 kt
2019299N25265,"Greater Lafourche Port, LA",queue,cargo,-213.99928868809528,0.0416667,214.04095538809528,-232.22048613479458,0.9707571494758488,OLGA,2019,Tropical storm <50 kt
2019299N25265,"Greater Lafourche Port, LA",event30,tanker,53.29882035822476,199.32302610000002,146.02420574177526,410.0928777788645,1.2700765443122848,OLGA,2019,Tropical storm <50 kt
2019299N25265,"Greater Lafourche Port, LA",event30,cargo,-444.1339289332207,0.9888887,445.12281763322073,-482.33622256409507,0.9658397844203179,OLGA,2019,Tropical storm <50 kt
2019299N25265,"New Orleans, LA",queue,tanker,-188.2373236607658,611.4518341,799.6891577607659,-217.36771034320043,0.9803308009041201,OLGA,2019,Tropical storm <50 kt
2019299N25265,"New Orleans, LA",queue,cargo,424.9925619240639,1140.7827553999998,715.7901934759359,80.90866766297748,1.1789215813125393,OLGA,2019,Tropical storm <50 kt
2019299N25265,"New Orleans, LA",event30,tanker,-437.32649739265344,2097.7134601000002,2535.0399574926537,-52.665925882965894,0.9803308009041201,OLGA,2019,Tropical storm <50 kt
2019299N25265,"New Orleans, LA",event30,cargo,1147.8612085980367,3522.6440996,2374.7828910019634,199.39618823476346,1.1789215813125393,OLGA,2019,Tropical storm <50 kt
2019299N25265,"Plaquemines Port District, LA",queue,tanker,-5.23843725545953,1637.9400314000002,1643.1784686554597,65.738988481349,1.1327803452931615,OLGA,2019,Tropical storm <50 kt
2019299N25265,"Plaquemines Port District, LA",queue,cargo,793.3153702290256,4542.2735163,3748.958146070974,5.444350679979493,1.0798498096663793,OLGA,2019,Tropical storm <50 kt
2019299N25265,"Plaquemines Port District, LA",event30,tanker,861.2726662958921,6326.963494900001,5465.690828604109,1462.7574132367818,1.0904073832164463,OLGA,2019,Tropical storm <50 kt
2019299N25265,"Plaquemines Port District, LA",event30,cargo,-544.981878357894,12629.564430499999,13174.546308857893,-298.2729640028849,1.0611729579090126,OLGA,2019,Tropical storm <50 kt
2019299N25265,"Port of Greater Baton Rouge, LA",queue,tanker,-143.0582266288797,73.39026600000001,216.4484926288797,-57.65212546298274,0.6024914060809684,OLGA,2019,Tropical storm <50 kt
2019299N25265,"Port of Greater Baton Rouge, LA",queue,cargo,132.6777915230769,445.84635700000007,313.16856547692316,10.54966499965927,0.5303019398565,OLGA,2019,Tropical storm <50 kt
2019299N25265,"Port of Greater Baton Rouge, LA",event30,tanker,-414.8565606914207,484.3363284,899.1928890914207,-105.85824131365285,0.5812195946653618,OLGA,2019,Tropical storm <50 kt
2019299N25265,"Port of Greater Baton Rouge, LA",event30,cargo,625.6582237878522,1525.9829015,900.3246777121478,100.47857326179653,0.4883394791474325,OLGA,2019,Tropical storm <50 kt
2019299N25265,"Port of Iberia District, LA",queue,tanker,0.0,0.0,0.0,0.0,1.3338732585600204,OLGA,2019,Tropical storm <50 kt
2019299N25265,"Port of Iberia District, LA",queue,cargo,0.0,0.0,0.0,0.0,1.5124623653842584,OLGA,2019,Tropical storm <50 kt
2019299N25265,"Port of Iberia District, LA",event30,tanker,0.0,0.0,0.0,0.0,1.3781917021223686,OLGA,2019,Tropical storm <50 kt
2019299N25265,"Port of Iberia District, LA",event30,cargo,0.0,0.0,0.0,0.0,1.415710425900422,OLGA,2019,Tropical storm <50 kt
2019299N25265,"Port of Pascagoula, MS",queue,tanker,479.7346670369236,773.705922,293.9712549630764,367.17536635361625,1.446113382830013,OLGA,2019,Tropical storm <50 kt
2019299N25265,"Port of Pascagoula, MS",queue,cargo,19.595781946995146,288.6482777,269.05249575300485,19.20495491558774,1.1114064458711164,OLGA,2019,Tropical storm <50 kt
2019299N25265,"Port of Pascagoula, MS",event30,tanker,709.6376384585338,1672.2486104,962.6109719414661,684.5799454171724,1.331068694518079,OLGA,2019,Tropical storm <50 kt
2019299N25265,"Port of Pascagoula, MS",event30,cargo,495.92380859391073,1260.7501697,764.8263611060893,73.23104066167038,1.1297864709174377,OLGA,2019,Tropical storm <50 kt
2019299N25265,"South Louisiana, LA, Port of",queue,tanker,248.76092165905658,726.9040403,478.14311864094344,69.32572174152534,0.9803308009041201,OLGA,2019,Tropical storm <50 kt
2019299N25265,"South Louisiana, LA, Port of",queue,cargo,-447.40657354961786,1288.977477,1736.3840505496178,-22.419480592861618,1.1789215813125393,OLGA,2019,Tropical storm <50 kt
2019299N25265,"South Louisiana, LA, Port of",event30,tanker,853.0552216047538,2603.1011958000004,1750.0459741952466,28.66399649420373,0.9803308009041201,OLGA,2019,Tropical storm <50 kt
2019299N25265,"South Louisiana, LA, Port of",event30,cargo,-1357.1780467710696,4074.8178749,5431.9959216710695,-105.85891481896738,1.1789215813125393,OLGA,2019,Tropical storm <50 kt
2019299N25265,"Terrebonne Parish Port, LA",queue,tanker,37.445428767628556,52.381702000000004,14.936273232371448,59.067200598775905,1.0478653172184913,OLGA,2019,Tropical storm <50 kt
2019299N25265,"Terrebonne Parish Port, LA",queue,cargo,0.5250001000000001,0.5250001000000001,0.0,0.06701617,1.0983655775991354,OLGA,2019,Tropical storm <50 kt
2019299N25265,"Terrebonne Parish Port, LA",event30,tanker,94.4058035373256,113.7507704,19.3449668626744,160.39786389785672,1.1096263609661605,OLGA,2019,Tropical storm <50 kt
2019299N25265,"Terrebonne Parish Port, LA",event30,cargo,0.5475001,0.5475001,0.0,0.072241811,1.0749363359839648,OLGA,2019,Tropical storm <50 kt
2020138N28281,"Morehead City, NC",queue,tanker,0.0,0.0,0.0,0.0,1.0512088787674754,ARTHUR,2020,Tropical storm <50 kt
2020138N28281,"Morehead City, NC",queue,cargo,36.968326174801454,37.4322334,0.46390722519854416,3.022057335331904,1.3961724877662434,ARTHUR,2020,Tropical storm <50 kt
2020138N28281,"Morehead City, NC",event30,tanker,56.035561,56.035561,0.0,22.715115567999998,1.005415294756283,ARTHUR,2020,Tropical storm <50 kt
2020138N28281,"Morehead City, NC",event30,cargo,232.76972985138718,234.8647793,2.095049448612815,36.724316226827604,1.3651066326815833,ARTHUR,2020,Tropical storm <50 kt
2020138N28281,"Wilmington, NC",queue,tanker,0.0,0.0,0.0,0.0,0.8055437003611654,ARTHUR,2020,Tropical storm <50 kt
2020138N28281,"Wilmington, NC",queue,cargo,10.624307590654016,30.46889,19.844582409345982,3.5654858113203955,1.422996529332744,ARTHUR,2020,Tropical storm <50 kt
2020138N28281,"Wilmington, NC",event30,tanker,0.0972221,0.0972221,0.0,0.07939402000000001,0.8499863801704757,ARTHUR,2020,Tropical storm <50 kt
2020138N28281,"Wilmington, NC",event30,cargo,139.54242828047413,174.01963770000003,34.477209419525906,18.440922494496856,1.5316563729060728,ARTHUR,2020,Tropical storm <50 kt
2020148N32281,"Port of Charleston, SC",queue,tanker,28.347309863854633,29.203889600000004,0.8565797361453719,17.963361546436783,0.9213035354368365,BERTHA,2020,Tropical storm <50 kt
2020148N32281,"Port of Charleston, SC",queue,cargo,133.3857316182436,215.6667342,82.28100258175643,0.1495836996393507,1.7091742609764053,BERTHA,2020,Tropical storm <50 kt
2020148N32281,"Port of Charleston, SC",event30,tanker,68.89014752820708,78.8599953,9.96984777179291,45.799558561125345,0.9897465167628886,BERTHA,2020,Tropical storm <50 kt
2020148N32281,"Port of Charleston, SC",event30,cargo,159.43687997288293,512.68272528,353.24584530711707,-23.374511476403868,1.6014009138279017,BERTHA,2020,Tropical storm <50 kt
2020148N32281,"Port of Savannah, GA",queue,tanker,1.7722728944264647,1.8897226,0.11744970557353529,1.2554292305386439,1.0013884973665883,BERTHA,2020,Tropical storm <50 kt
2020148N32281,"Port of Savannah, GA",queue,cargo,254.2943365772287,722.0507203,467.75638372277126,36.711484204937804,1.2686564662641273,BERTHA,2020,Tropical storm <50 kt
2020148N32281,"Port of Savannah, GA",event30,tanker,24.44198665639104,26.4735776,2.031590943608957,14.583042845215644,0.8776666312586997,BERTHA,2020,Tropical storm <50 kt
2020148N32281,"Port of Savannah, GA",event30,cargo,546.9015933485634,1960.0515910000004,1413.149997651437,66.72751305077833,1.2267883451642922,BERTHA,2020,Tropical storm <50 kt
2020154N19269,"Greater Lafourche Port, LA",queue,tanker,540.4029920826637,572.2738437,31.87085161733637,1508.3267190399426,0.16825746868134148,CRISTOBAL,2020,Tropical storm <50 kt
2020154N19269,"Greater Lafourche Port, LA",queue,cargo,0.2866664,0.2866664,0.0,0.151182862,0.88682784792843,CRISTOBAL,2020,Tropical storm <50 kt
2020154N19269,"Greater Lafourche Port, LA",event30,tanker,1085.6806641995674,1383.0064961,297.32583190043266,2586.0947260015737,0.19979080268073415,CRISTOBAL,2020,Tropical storm <50 kt
2020154N19269,"Greater Lafourche Port, LA",event30,cargo,64.9733986,64.9733986,0.0,14.188924119000001,0.9678080399728317,CRISTOBAL,2020,Tropical storm <50 kt
2020154N19269,"Mobile, AL",queue,tanker,0.1025,0.1025,0.0,0.06158033,0.3230197737663147,CRISTOBAL,2020,Tropical storm <50 kt
2020154N19269,"Mobile, AL",queue,cargo,8.566602731376468,9.642493,1.075890268623532,4.736258276364552,0.5260554384192339,CRISTOBAL,2020,Tropical storm <50 kt
2020154N19269,"Mobile, AL",event30,tanker,0.1025,0.1025,0.0,0.06158033,0.372146645404998,CRISTOBAL,2020,Tropical storm <50 kt
2020154N19269,"Mobile, AL",event30,cargo,22.48364644867454,25.441381,2.9577345513254585,12.792526241488169,0.5032685387281237,CRISTOBAL,2020,Tropical storm <50 kt
2020154N19269,"New Orleans, LA",queue,tanker,125.00828406948898,332.97972360000006,207.97143953051108,189.34278131085233,0.9803308009041201,CRISTOBAL,2020,Tropical storm <50 kt
2020154N19269,"New Orleans, LA",queue,cargo,42.76287347476659,831.5211776999998,788.7583042252332,-14.189926164362717,1.1789215813125393,CRISTOBAL,2020,Tropical storm <50 kt
2020154N19269,"New Orleans, LA",event30,tanker,693.7462859953046,1318.1521492999998,624.4058633046952,601.5131385740294,0.9803308009041201,CRISTOBAL,2020,Tropical storm <50 kt
2020154N19269,"New Orleans, LA",event30,cargo,-60.65162737516039,2820.5466298,2881.1982571751605,-22.863178352739624,1.1789215813125393,CRISTOBAL,2020,Tropical storm <50 kt
2020154N19269,"Plaquemines Port District, LA",queue,tanker,268.5445848955394,2048.1511823,1779.6065974044607,556.7966710531109,0.9009261425867111,CRISTOBAL,2020,Tropical storm <50 kt
2020154N19269,"Plaquemines Port District, LA",queue,cargo,-1836.1814606201333,3802.3234885,5638.5049491201335,-195.5986334165981,0.8331045484951534,CRISTOBAL,2020,Tropical storm <50 kt
2020154N19269,"Plaquemines Port District, LA",event30,tanker,1138.3309465292587,7065.0141373,5926.683190770741,2854.0882263269978,0.9092146287167912,CRISTOBAL,2020,Tropical storm <50 kt
2020154N19269,"Plaquemines Port District, LA",event30,cargo,-6142.672691477897,13798.1232063,19940.795897777898,-584.0547759728329,0.8635230439732868,CRISTOBAL,2020,Tropical storm <50 kt
2020154N19269,"Port of Greater Baton Rouge, LA",queue,tanker,-19.82495440283759,121.38719990000001,141.2121543028376,-1.85824975638009,0.7029459359343255,CRISTOBAL,2020,Tropical storm <50 kt
2020154N19269,"Port of Greater Baton Rouge, LA",queue,cargo,277.50417758572127,368.0446893000001,90.54051171427881,13.321829752778875,0.6747418105598421,CRISTOBAL,2020,Tropical storm <50 kt
2020154N19269,"Port of Greater Baton Rouge, LA",event30,tanker,108.27686829842503,788.4811006,680.204232301575,59.59082979433856,0.6559787518530819,CRISTOBAL,2020,Tropical storm <50 kt
2020154N19269,"Port of Greater Baton Rouge, LA",event30,cargo,1005.60818718509,1318.1622473999998,312.55406021490984,69.58739115108574,0.7074395276422535,CRISTOBAL,2020,Tropical storm <50 kt
2020154N19269,"Port of Iberia District, LA",queue,tanker,0.0,0.0,0.0,0.0,1.5197017559710322,CRISTOBAL,2020,Tropical storm <50 kt
2020154N19269,"Port of Iberia District, LA",queue,cargo,0.0,0.0,0.0,0.0,1.4190407098675601,CRISTOBAL,2020,Tropical storm <50 kt
2020154N19269,"Port of Iberia District, LA",event30,tanker,0.0,0.0,0.0,0.0,1.4803256585929176,CRISTOBAL,2020,Tropical storm <50 kt
2020154N19269,"Port of Iberia District, LA",event30,cargo,0.0,0.0,0.0,0.0,1.401339674238134,CRISTOBAL,2020,Tropical storm <50 kt
2020154N19269,"Port of Pascagoula, MS",queue,tanker,138.99339968046502,939.1503360000002,800.1569363195351,110.01763988171945,0.6759163214553342,CRISTOBAL,2020,Tropical storm <50 kt
2020154N19269,"Port of Pascagoula, MS",queue,cargo,-328.8787293640242,110.445763,439.3244923640242,-56.652073479793465,1.0866571318533047,CRISTOBAL,2020,Tropical storm <50 kt
2020154N19269,"Port of Pascagoula, MS",event30,tanker,-571.2559783291492,1988.9792424999998,2560.235220829149,-400.6654244575468,0.7124471654754844,CRISTOBAL,2020,Tropical storm <50 kt
2020154N19269,"Port of Pascagoula, MS",event30,cargo,-649.3599265741295,651.5900706,1300.9499971741295,-108.55485296491005,1.0411741088500492,CRISTOBAL,2020,Tropical storm <50 kt
2020154N19269,"South Louisiana, LA, Port of",queue,tanker,-151.54950793707883,210.8515254,362.40103333707884,-96.36487102432909,0.9803308009041201,CRISTOBAL,2020,Tropical storm <50 kt
2020154N19269,"South Louisiana, LA, Port of",queue,cargo,822.3411703713562,1727.8101437,905.4689733286439,53.424189540049326,1.1789215813125393,CRISTOBAL,2020,Tropical storm <50 kt
2020154N19269,"South Louisiana, LA, Port of",event30,tanker,-166.88775569927452,1108.5497914,1275.4375470992745,-189.11911589775764,0.9803308009041201,CRISTOBAL,2020,Tropical storm <50 kt
2020154N19269,"South Louisiana, LA, Port of",event30,cargo,1338.9750586829828,5145.064601900001,3806.0895432170187,132.13447574890859,1.1789215813125393,CRISTOBAL,2020,Tropical storm <50 kt
2020154N19269,"Terrebonne Parish Port, LA",queue,tanker,462.16872473659555,482.105318,19.93659326340449,873.5610725581863,1.0089050299041553,CRISTOBAL,2020,Tropical storm <50 kt
2020154N19269,"Terrebonne Parish Port, LA",queue,cargo,0.0,0.0,0.0,0.0,1.4094266082795184,CRISTOBAL,2020,Tropical storm <50 kt
2020154N19269,"Terrebonne Parish Port, LA",event30,tanker,1858.1985510823838,1954.1975499999996,95.99899891761584,3677.148184015682,1.1036289379169737,CRISTOBAL,2020,Tropical storm <50 kt
2020154N19269,"Terrebonne Parish Port, LA",event30,cargo,0.0,0.0,0.0,0.0,1.3991871829872125,CRISTOBAL,2020,Tropical storm <50 kt
2020188N28271,"Albany Port District, NY",queue,tanker,0.0,0.0,0.0,0.0,0.5227269513509729,FAY,2020,Tropical storm <50 kt
2020188N28271,"Albany Port District, NY",queue,cargo,0.0177778,0.0177778,0.0,0.00949172,0.5367325988009759,FAY,2020,Tropical storm <50 kt
2020188N28271,"Albany Port District, NY",event30,tanker,0.0,0.0,0.0,0.0,0.48256783883136317,FAY,2020,Tropical storm <50 kt
2020188N28271,"Albany Port District, NY",event30,cargo,0.1455554,0.1455554,0.0,0.107441724,0.537061489973483,FAY,2020,Tropical storm <50 kt
2020188N28271,"Baltimore, MD",queue,tanker,0.0869444,0.0869444,0.0,0.06420074,0.3836523181221884,FAY,2020,Tropical storm <50 kt
2020188N28271,"Baltimore, MD",queue,cargo,322.989571561302,477.4799646,154.49039303869802,35.01473920941784,1.9664257758229697,FAY,2020,Tropical storm <50 kt
2020188N28271,"Baltimore, MD",event30,tanker,12.714720300000002,12.714720300000002,0.0,5.399928120000001,0.9762530567013299,FAY,2020,Tropical storm <50 kt
2020188N28271,"Baltimore, MD",event30,cargo,1479.4078183232277,2068.920402,589.5125836767725,217.93904259101984,2.000907639272338,FAY,2020,Tropical storm <50 kt
2020188N28271,"Bridgeport, CT",queue,tanker,0.0,0.0,0.0,0.0,0.9803308009041201,FAY,2020,Tropical storm <50 kt
2020188N28271,"Bridgeport, CT",queue,cargo,0.0,0.0,0.0,0.0,1.1789215813125393,FAY,2020,Tropical storm <50 kt
2020188N28271,"Bridgeport, CT",event30,tanker,0.0,0.0,0.0,0.0,0.9803308009041201,FAY,2020,Tropical storm <50 kt
2020188N28271,"Bridgeport, CT",event30,cargo,0.0419444,0.0419444,0.0,0.03037903,1.1789215813125393,FAY,2020,Tropical storm <50 kt
2020188N28271,"Morehead City, NC",queue,tanker,0.0,0.0,0.0,0.0,0.8057611128470851,FAY,2020,Tropical storm <50 kt
2020188N28271,"Morehead City, NC",queue,cargo,83.52922315083765,87.2222,3.692976849162344,6.190002172362997,1.2362654723699906,FAY,2020,Tropical storm <50 kt
2020188N28271,"Morehead City, NC",event30,tanker,0.0194444,0.0194444,0.0,0.01708535,0.9473625154269766,FAY,2020,Tropical storm <50 kt
2020188N28271,"Morehead City, NC",event30,cargo,54.006522078157424,87.86470000000001,33.85817792184259,-4.743567859978856,1.196458002443697,FAY,2020,Tropical storm <50 kt
2020188N28271,"New Haven, CT",queue,tanker,-1.5288653084120574,2.1091656,3.6380309084120572,1.0554076519111102,0.7814456022534506,FAY,2020,Tropical storm <50 kt
2020188N28271,"New Haven, CT",queue,cargo,-0.0353725717313906,0.0,0.0353725717313906,-0.0086854377107026,0.7011494709433864,FAY,2020,Tropical storm <50 kt
2020188N28271,"New Haven, CT",event30,tanker,41.788700684373744,58.3061098,16.517409115626258,33.30815680206674,1.1474721815800044,FAY,2020,Tropical storm <50 kt
2020188N28271,"New Haven, CT",event30,cargo,106.00699280305943,106.05056700000002,0.0435741969405818,7.962117120507159,0.6991339764961559,FAY,2020,Tropical storm <50 kt
2020188N28271,"New York, NY & NJ",queue,tanker,258.47245453716255,1391.5480699999998,1133.0756154628373,883.5484801507992,0.7870792729968286,FAY,2020,Tropical storm <50 kt
2020188N28271,"New York, NY & NJ",queue,cargo,-22.354333418457543,262.65169369999995,285.0060271184575,7.429615811539094,1.0260808959561472,FAY,2020,Tropical storm <50 kt
2020188N28271,"New York, NY & NJ",event30,tanker,-7.514256870475037,3787.0032345,3794.517491370475,1367.5632803382618,0.8136454350404184,FAY,2020,Tropical storm <50 kt
2020188N28271,"New York, NY & NJ",event30,cargo,-56.54913858608518,877.7972827,934.3464212860852,-17.908743077796743,1.0406931824594379,FAY,2020,Tropical storm <50 kt
2020188N28271,"Philadelphia Regional Port, PA",queue,tanker,34.709409755089354,51.7058036,16.996393844910653,54.14199851856196,0.9803308009041201,FAY,2020,Tropical storm <50 kt
2020188N28271,"Philadelphia Regional Port, PA",queue,cargo,32.295220547882934,42.613354799999996,10.318134252117064,8.25278827925344,1.1789215813125393,FAY,2020,Tropical storm <50 kt
2020188N28271,"Philadelphia Regional Port, PA",event30,tanker,170.47264488598282,272.92802429999995,102.45537941401713,261.98612014861135,0.9803308009041201,FAY,2020,Tropical storm <50 kt
2020188N28271,"Philadelphia Regional Port, PA",event30,cargo,128.7041705335908,165.47227510000002,36.76810456640922,26.29556283954272,1.1789215813125393,FAY,2020,Tropical storm <50 kt
2020188N28271,"Port Jefferson, NY",queue,tanker,0.0,0.0,0.0,0.0,0.6120854658394576,FAY,2020,Tropical storm <50 kt
2020188N28271,"Port Jefferson, NY",queue,cargo,0.0,0.0,0.0,0.0,0.9368185043998354,FAY,2020,Tropical storm <50 kt
2020188N28271,"Port Jefferson, NY",event30,tanker,0.0,0.0,0.0,0.0,0.5870190032394146,FAY,2020,Tropical storm <50 kt
2020188N28271,"Port Jefferson, NY",event30,cargo,8.6005512,8.6005512,0.0,3.5529127760000003,1.0463278469281403,FAY,2020,Tropical storm <50 kt
2020188N28271,"Port of Charleston, SC",queue,tanker,-12.158588039870837,1.0716679,13.230255939870837,-2.3019829245214236,0.9789508576371477,FAY,2020,Tropical storm <50 kt
2020188N28271,"Port of Charleston, SC",queue,cargo,22.79025595800737,54.9783449,32.18808894199263,-3.7536025618612605,1.4125635146470026,FAY,2020,Tropical storm <50 kt
2020188N28271,"Port of Charleston, SC",event30,tanker,-17.437225015869206,17.3297531,34.76697811586921,10.541751302620625,0.9940404446681356,FAY,2020,Tropical storm <50 kt
2020188N28271,"Port of Charleston, SC",event30,cargo,58.182403381155495,210.0505872,151.8681838188445,-3.385042822904282,1.4246627759666104,FAY,2020,Tropical storm <50 kt
2020188N28271,"South Jersey Port Corp, NJ",queue,tanker,-341.5484846245074,208.74553979999996,550.2940244245074,-454.5871184890678,1.100310869008751,FAY,2020,Tropical storm <50 kt
2020188N28271,"South Jersey Port Corp, NJ",queue,cargo,251.50685325075438,326.6303601,75.12350684924566,66.01808293384235,1.283553605974592,FAY,2020,Tropical storm <50 kt
2020188N28271,"South Jersey Port Corp, NJ",event30,tanker,-409.1741272965214,1338.9292437,1748.1033709965213,-566.6553503629243,1.09924035935595,FAY,2020,Tropical storm <50 kt
2020188N28271,"South Jersey Port Corp, NJ",event30,cargo,474.5832760461783,847.3158233,372.73254725382174,136.14310645816693,1.2738845471967941,FAY,2020,Tropical storm <50 kt
2020188N28271,"Virginia, VA, Port of",queue,tanker,240.24769301701284,240.5612225,0.3135294829871703,97.9695737995117,1.2424154481453065,FAY,2020,Tropical storm <50 kt
2020188N28271,"Virginia, VA, Port of",queue,cargo,-116.76729835146966,952.4940188999999,1069.2613172514696,-31.860700461365013,1.03165693742713,FAY,2020,Tropical storm <50 kt
2020188N28271,"Virginia, VA, Port of",event30,tanker,520.5388141956075,522.8789737000001,2.3401595043925005,210.5900431269295,1.2110338027712295,FAY,2020,Tropical storm <50 kt
2020188N28271,"Virginia, VA, Port of",event30,cargo,-867.5129118586856,2787.5632643,3655.0761761586855,-141.33656592550983,0.992113205191296,FAY,2020,Tropical storm <50 kt
2020188N28271,"Wilmington, NC",queue,tanker,0.0,0.0,0.0,0.0,0.9612728173551258,FAY,2020,Tropical storm <50 kt
2020188N28271,"Wilmington, NC",queue,cargo,-3.2437264258015217,0.0,3.2437264258015217,-0.21942551852971737,1.6227942963143394,FAY,2020,Tropical storm <50 kt
2020188N28271,"Wilmington, NC",event30,tanker,22.1899769,22.1899769,0.0,13.165196222,0.9307130674917494,FAY,2020,Tropical storm <50 kt
2020188N28271,"Wilmington, NC",event30,cargo,-11.581478842598944,8.9677766,20.549255442598945,1.3848909340633444,1.6878237406473844,FAY,2020,Tropical storm <50 kt
2020205N26272,"Brownsville, TX",queue,tanker,-1.0553807870122291,0.0916667,1.1470474870122291,0.105937134455381,0.9473708616699201,HANNA,2020,Hurricane ≥64 kt
2020205N26272,"Brownsville, TX",queue,cargo,0.0194444,0.0194444,0.0,0.00464251,0.8183232427663857,HANNA,2020,Hurricane ≥64 kt
2020205N26272,"Brownsville, TX",event30,tanker,-0.7842696870122293,0.36277780000000004,1.1470474870122294,0.24142205245538098,0.9146878974193765,HANNA,2020,Hurricane ≥64 kt
2020205N26272,"Brownsville, TX",event30,cargo,157.8231934598685,162.6622558,4.839062340131519,26.198101158463267,1.031266787123721,HANNA,2020,Hurricane ≥64 kt
2020205N26272,"Calhoun Port Authority, TX",queue,tanker,166.31861467494426,167.99665299999998,1.6780383250557132,101.0743502128208,0.7331150858519999,HANNA,2020,Hurricane ≥64 kt
2020205N26272,"Calhoun Port Authority, TX",queue,cargo,56.0642,56.0642,0.0,10.9633222,0.9086562009942644,HANNA,2020,Hurricane ≥64 kt
2020205N26272,"Calhoun Port Authority, TX",event30,tanker,316.0399216415481,329.562643,13.522721358451873,194.43946533242647,0.7872735192688399,HANNA,2020,Hurricane ≥64 kt
2020205N26272,"Calhoun Port Authority, TX",event30,cargo,56.350865899999995,56.350865899999995,0.0,11.028865237000002,0.9610894744339478,HANNA,2020,Hurricane ≥64 kt
2020205N26272,"Corpus Christi, TX",queue,tanker,418.7645438694931,1771.717068,1352.9525241305068,861.7294522685825,0.8013456303971055,HANNA,2020,Hurricane ≥64 kt
2020205N26272,"Corpus Christi, TX",queue,cargo,-194.60393373862814,403.305155,597.9090887386282,-26.19957142956354,0.7078490397431957,HANNA,2020,Hurricane ≥64 kt
2020205N26272,"Corpus Christi, TX",event30,tanker,1109.9856942794459,5465.9537064,4355.968012120554,2277.2493641020765,0.7830984882718187,HANNA,2020,Hurricane ≥64 kt
2020205N26272,"Corpus Christi, TX",event30,cargo,-932.3130719008905,1393.0154595,2325.3285314008904,-95.02664235073365,0.7214589109055416,HANNA,2020,Hurricane ≥64 kt
2020211N13306,"Albany Port District, NY",queue,tanker,0.0,0.0,0.0,0.0,0.4811186528248999,ISAIAS,2020,Strong TS 50–63 kt
2020211N13306,"Albany Port District, NY",queue,cargo,0.0547222,0.0547222,0.0,0.059925159000000006,0.5151617345751038,ISAIAS,2020,Strong TS 50–63 kt
2020211N13306,"Albany Port District, NY",event30,tanker,0.0,0.0,0.0,0.0,0.4594477645720612,ISAIAS,2020,Strong TS 50–63 kt
2020211N13306,"Albany Port District, NY",event30,cargo,0.21027769999999998,0.21027769999999998,0.0,0.157650988,0.5396878298161824,ISAIAS,2020,Strong TS 50–63 kt
2020211N13306,"Baltimore, MD",queue,tanker,0.0,0.0,0.0,0.0,1.1568932279672346,ISAIAS,2020,Strong TS 50–63 kt
2020211N13306,"Baltimore, MD",queue,cargo,-186.8335105506566,137.4452208,324.2787313506566,-10.939210054201695,2.212348781981023,ISAIAS,2020,Strong TS 50–63 kt
2020211N13306,"Baltimore, MD",event30,tanker,0.6727770000000001,0.6727770000000001,0.0,0.65421039,1.1533369647235003,ISAIAS,2020,Strong TS 50–63 kt
2020211N13306,"Baltimore, MD",event30,cargo,-222.54936038276935,1023.5649808999998,1246.1143412827691,-37.46246587617347,2.173460229310693,ISAIAS,2020,Strong TS 50–63 kt
2020211N13306,"Bridgeport, CT",queue,tanker,0.0,0.0,0.0,0.0,0.9803308009041201,ISAIAS,2020,Strong TS 50–63 kt
2020211N13306,"Bridgeport, CT",queue,cargo,0.0,0.0,0.0,0.0,1.1789215813125393,ISAIAS,2020,Strong TS 50–63 kt
2020211N13306,"Bridgeport, CT",event30,tanker,0.0,0.0,0.0,0.0,0.9803308009041201,ISAIAS,2020,Strong TS 50–63 kt
2020211N13306,"Bridgeport, CT",event30,cargo,0.0666667,0.0666667,0.0,0.03869389,1.1789215813125393,ISAIAS,2020,Strong TS 50–63 kt
2020211N13306,"Canaveral Port District, FL",queue,tanker,-0.010261215597851987,0.0388889,0.049150115597851984,0.003042484804035385,1.1655277265118806,ISAIAS,2020,Strong TS 50–63 kt
2020211N13306,"Canaveral Port District, FL",queue,cargo,20.961197487421877,20.9630677,0.0018702125781221,1.6885906931107129,1.5074762329473863,ISAIAS,2020,Strong TS 50–63 kt
2020211N13306,"Canaveral Port District, FL",event30,tanker,-0.015504739692031387,0.0388889,0.054393639692031384,-0.0004355755713190135,1.144909604380433,ISAIAS,2020,Strong TS 50–63 kt
2020211N13306,"Canaveral Port District, FL",event30,cargo,27.162786127679276,28.1819555,1.019169372320726,1.793927219872137,1.4145544762739772,ISAIAS,2020,Strong TS 50–63 kt
2020211N13306,"New Haven, CT",queue,tanker,-4.45919695480046,0.1861111,4.64530805480046,-0.10682791010240658,0.8952712970723082,ISAIAS,2020,Strong TS 50–63 kt
2020211N13306,"New Haven, CT",queue,cargo,99.491122,99.491122,0.0,7.285487794999999,0.6743445823497346,ISAIAS,2020,Strong TS 50–63 kt
2020211N13306,"New Haven, CT",event30,tanker,136.5266196419964,152.21923560000002,15.692615958003618,159.78061629155386,1.0489898958384394,ISAIAS,2020,Strong TS 50–63 kt
2020211N13306,"New Haven, CT",event30,cargo,155.9856421709327,156.0225986,0.036956429067308706,10.166655985926129,0.6731954838161054,ISAIAS,2020,Strong TS 50–63 kt
2020211N13306,"New York, NY & NJ",queue,tanker,-266.0049963183401,793.1817289,1059.1867252183401,-504.38250091322834,0.7910961771211952,ISAIAS,2020,Strong TS 50–63 kt
2020211N13306,"New York, NY & NJ",queue,cargo,300.9727478125758,581.4715755999999,280.49882778742415,49.797156418619736,1.0487196426431533,ISAIAS,2020,Strong TS 50–63 kt
2020211N13306,"New York, NY & NJ",event30,tanker,-1428.4685163684344,2860.1560957,4288.6246120684345,-2362.406247777787,0.7572739045341632,ISAIAS,2020,Strong TS 50–63 kt
2020211N13306,"New York, NY & NJ",event30,cargo,750.9764222235187,1618.9442799,867.9678576764813,87.40983615963873,1.0763345610168722,ISAIAS,2020,Strong TS 50–63 kt
2020211N13306,"Philadelphia Regional Port, PA",queue,tanker,41.85591798481441,83.06046629999999,41.204548315185576,57.70764337792481,0.9803308009041201,ISAIAS,2020,Strong TS 50–63 kt
2020211N13306,"Philadelphia Regional Port, PA",queue,cargo,175.26350536854986,185.046414,9.782908631450132,37.5610184828424,1.1789215813125393,ISAIAS,2020,Strong TS 50–63 kt
2020211N13306,"Philadelphia Regional Port, PA",event30,tanker,89.25959229779733,261.86578540000005,172.60619310220272,114.19928586183744,0.9803308009041201,ISAIAS,2020,Strong TS 50–63 kt
2020211N13306,"Philadelphia Regional Port, PA",event30,cargo,161.9089421403855,195.88974749999997,33.98080535961446,35.49066270892004,1.1789215813125393,ISAIAS,2020,Strong TS 50–63 kt
2020211N13306,"Port Everglades, FL",queue,tanker,0.0,0.0,0.0,0.0,0.33330511830704124,ISAIAS,2020,Strong TS 50–63 kt
2020211N13306,"Port Everglades, FL",queue,cargo,0.0,0.0,0.0,0.0,0.7093261645821628,ISAIAS,2020,Strong TS 50–63 kt
2020211N13306,"Port Everglades, FL",event30,tanker,0.0,0.0,0.0,0.0,0.32437813575727426,ISAIAS,2020,Strong TS 50–63 kt
2020211N13306,"Port Everglades, FL",event30,cargo,0.0,0.0,0.0,0.0,0.6831255798759972,ISAIAS,2020,Strong TS 50–63 kt
2020211N13306,"Port Jefferson, NY",queue,tanker,0.0,0.0,0.0,0.0,1.030846279856129,ISAIAS,2020,Strong TS 50–63 kt
2020211N13306,"Port Jefferson, NY",queue,cargo,0.0,0.0,0.0,0.0,1.8159680516999217,ISAIAS,2020,Strong TS 50–63 kt
2020211N13306,"Port Jefferson, NY",event30,tanker,0.0,0.0,0.0,0.0,1.0876297551668903,ISAIAS,2020,Strong TS 50–63 kt
2020211N13306,"Port Jefferson, NY",event30,cargo,0.0197222,0.0197222,0.0,0.018269275999999997,1.7918489811132696,ISAIAS,2020,Strong TS 50–63 kt
2020211N13306,"Port of Palm Beach District, FL",queue,tanker,0.0,0.0,0.0,0.0,1.4078979886505587,ISAIAS,2020,Strong TS 50–63 kt
2020211N13306,"Port of Palm Beach District, FL",queue,cargo,-33.65086143633838,25.4847555,59.13561693633838,1.727890166839264,1.23064781451232,ISAIAS,2020,Strong TS 50–63 kt
2020211N13306,"Port of Palm Beach District, FL",event30,tanker,0.0,0.0,0.0,0.0,1.3665055126887566,ISAIAS,2020,Strong TS 50–63 kt
2020211N13306,"Port of Palm Beach District, FL",event30,cargo,0.7855540392669695,184.5889522,183.80339816073302,14.087046846208972,1.2347312593614124,ISAIAS,2020,Strong TS 50–63 kt
2020211N13306,"South Jersey Port Corp, NJ",queue,tanker,215.93613187992952,566.5391928,350.6030609200705,344.8191589847861,1.0933574229945877,ISAIAS,2020,Strong TS 50–63 kt
2020211N13306,"South Jersey Port Corp, NJ",queue,cargo,-32.41835376044318,135.0521528,167.47050656044317,-29.018959644503386,1.3107776358215641,ISAIAS,2020,Strong TS 50–63 kt
2020211N13306,"South Jersey Port Corp, NJ",event30,tanker,441.6905244417469,1715.9088016999997,1274.2182772582528,1050.931614274401,1.0865405602508584,ISAIAS,2020,Strong TS 50–63 kt
2020211N13306,"South Jersey Port Corp, NJ",event30,cargo,-430.8538494849765,321.7553863,752.6092357849765,-116.40256932354754,1.3425504881253176,ISAIAS,2020,Strong TS 50–63 kt
2020211N13306,"Virginia, VA, Port of",queue,tanker,-360.7696463857165,16.3086093,377.0782556857165,-168.36625490295128,0.860783361672404,ISAIAS,2020,Strong TS 50–63 kt
2020211N13306,"Virginia, VA, Port of",queue,cargo,-329.0341407510456,397.6035988,726.6377395510456,-4.544932290539123,1.0432255783528765,ISAIAS,2020,Strong TS 50–63 kt
2020211N13306,"Virginia, VA, Port of",event30,tanker,-297.6838451332659,144.67752600000003,442.36137113326595,-119.68819429843735,0.9202696003806005,ISAIAS,2020,Strong TS 50–63 kt
2020211N13306,"Virginia, VA, Port of",event30,cargo,-535.510028887833,1675.7154052,2211.225434087833,7.350855342384534,1.0530253526067015,ISAIAS,2020,Strong TS 50–63 kt
2020233N14313,"Beaumont, TX",queue,tanker,0.0,0.0,0.0,0.0,0.9803308009041201,LAURA,2020,Hurricane ≥64 kt
2020233N14313,"Beaumont, TX",queue,cargo,0.0,0.0,0.0,0.0,1.1789215813125393,LAURA,2020,Hurricane ≥64 kt
2020233N14313,"Beaumont, TX",event30,tanker,0.0,0.0,0.0,0.0,0.9803308009041201,LAURA,2020,Hurricane ≥64 kt
2020233N14313,"Beaumont, TX",event30,cargo,0.0,0.0,0.0,0.0,1.1789215813125393,LAURA,2020,Hurricane ≥64 kt
2020233N14313,"Galveston, TX",queue,tanker,1361.4743035810507,7867.271613000001,6505.79730941895,60.43338017763017,0.7700036302220702,LAURA,2020,Hurricane ≥64 kt
2020233N14313,"Galveston, TX",queue,cargo,1861.3421413004762,2816.3621179999996,955.0199766995233,351.55358016106385,1.1877653804941708,LAURA,2020,Hurricane ≥64 kt
2020233N14313,"Galveston, TX",event30,tanker,554.3686263328345,23295.2115695,22740.842943167165,-1747.910576131544,0.7412206449064757,LAURA,2020,Hurricane ≥64 kt
2020233N14313,"Galveston, TX",event30,cargo,5334.148123286148,8497.534914799999,3163.3867915138503,790.7974141872995,1.1197510478268184,LAURA,2020,Hurricane ≥64 kt
2020233N14313,"Lake Charles Harbor District, LA",queue,tanker,767.8173851088965,1314.51597,546.6985848911035,1295.105715123501,1.3574919346158205,LAURA,2020,Hurricane ≥64 kt
2020233N14313,"Lake Charles Harbor District, LA",queue,cargo,12.610670331719833,18.676396999999998,6.065726668280165,0.6715646359403767,1.2595576696942499,LAURA,2020,Hurricane ≥64 kt
2020233N14313,"Lake Charles Harbor District, LA",event30,tanker,583.2921135000095,2287.0799547,1703.7878411999907,1357.8126497401452,1.3393971825190514,LAURA,2020,Hurricane ≥64 kt
2020233N14313,"Lake Charles Harbor District, LA",event30,cargo,-17.00273243885523,20.0861214,37.08885383885523,-0.7880172523774363,1.382330144526585,LAURA,2020,Hurricane ≥64 kt
2020233N14313,"Orange County Nav District, TX",queue,tanker,4.330854325619356,26.597755900000003,22.266901574380647,-2.300095888626135,0.9803308009041201,LAURA,2020,Hurricane ≥64 kt
2020233N14313,"Orange County Nav District, TX",queue,cargo,0.6163480300946607,0.6224995,0.0061514699053393,0.12224252527113362,1.1789215813125393,LAURA,2020,Hurricane ≥64 kt
2020233N14313,"Orange County Nav District, TX",event30,tanker,151.22578044583472,271.70734689999995,120.48156645416523,209.4825614421793,0.9803308009041201,LAURA,2020,Hurricane ≥64 kt
2020233N14313,"Orange County Nav District, TX",event30,cargo,1.495656055917253,1.5347221,0.0390660440827471,0.024777566245912208,1.1789215813125393,LAURA,2020,Hurricane ≥64 kt
2020233N14313,"Port Arthur, TX",queue,tanker,0.0,0.0,0.0,0.0,0.9803308009041201,LAURA,2020,Hurricane ≥64 kt
2020233N14313,"Port Arthur, TX",queue,cargo,0.0,0.0,0.0,0.0,1.1789215813125393,LAURA,2020,Hurricane ≥64 kt
2020233N14313,"Port Arthur, TX",event30,tanker,0.0,0.0,0.0,0.0,0.9803308009041201,LAURA,2020,Hurricane ≥64 kt
2020233N14313,"Port Arthur, TX",event30,cargo,0.0,0.0,0.0,0.0,1.1789215813125393,LAURA,2020,Hurricane ≥64 kt
2020233N14313,"Port of Iberia District, LA",queue,tanker,0.0,0.0,0.0,0.0,1.3700987014511234,LAURA,2020,Hurricane ≥64 kt
2020233N14313,"Port of Iberia District, LA",queue,cargo,0.0,0.0,0.0,0.0,1.4686289163046775,LAURA,2020,Hurricane ≥64 kt
2020233N14313,"Port of Iberia District, LA",event30,tanker,0.0,0.0,0.0,0.0,1.3994495621593692,LAURA,2020,Hurricane ≥64 kt
2020233N14313,"Port of Iberia District, LA",event30,cargo,0.0,0.0,0.0,0.0,1.4714980146132282,LAURA,2020,Hurricane ≥64 kt
2020233N14313,"Sabine Pass Port Authority, TX",queue,tanker,868.3532988335032,2255.6687778,1387.3154789664968,921.9218207144747,0.6227939875326165,LAURA,2020,Hurricane ≥64 kt
2020233N14313,"Sabine Pass Port Authority, TX",queue,cargo,608.7653533289906,716.1757269999999,107.41037367100932,92.07498819217113,1.0468203024690372,LAURA,2020,Hurricane ≥64 kt
2020233N14313,"Sabine Pass Port Authority, TX",event30,tanker,775.7817310793525,5201.3628728,4425.581141720648,1279.6063760123689,0.6298950027034055,LAURA,2020,Hurricane ≥64 kt
2020233N14313,"Sabine Pass Port Authority, TX",event30,cargo,651.4700845158994,1103.260397,451.7903124841006,129.4205719437988,0.9327168119518986,LAURA,2020,Hurricane ≥64 kt
2020233N14313,"Texas City, TX",queue,tanker,0.0,0.0,0.0,0.0,0.9803308009041201,LAURA,2020,Hurricane ≥64 kt
2020233N14313,"Texas City, TX",queue,cargo,0.0,0.0,0.0,0.0,1.1789215813125393,LAURA,2020,Hurricane ≥64 kt
2020233N14313,"Texas City, TX",event30,tanker,0.0,0.0,0.0,0.0,0.9803308009041201,LAURA,2020,Hurricane ≥64 kt
2020233N14313,"Texas City, TX",event30,cargo,0.0,0.0,0.0,0.0,1.1789215813125393,LAURA,2020,Hurricane ≥64 kt
2020234N14280,"Greater Lafourche Port, LA",queue,tanker,49.293903320832456,49.7441544,0.4502510791675412,57.59108707065238,1.55611968804139,MARCO,2020,Tropical storm <50 kt
2020234N14280,"Greater Lafourche Port, LA",queue,cargo,0.7069444,0.7069444,0.0,0.56449302,1.007116973690146,MARCO,2020,Tropical storm <50 kt
2020234N14280,"Greater Lafourche Port, LA",event30,tanker,355.48282634484525,441.26310709999996,85.7802807551547,508.4062942472973,1.3638952763660863,MARCO,2020,Tropical storm <50 kt
2020234N14280,"Greater Lafourche Port, LA",event30,cargo,19.4905112,19.4905112,0.0,3.45344099,0.9232900331501817,MARCO,2020,Tropical storm <50 kt
2020234N14280,"Lake Charles Harbor District, LA",queue,tanker,630.6531435287968,1160.737632,530.0844884712033,1049.6503457454537,1.3760754573718292,MARCO,2020,Tropical storm <50 kt
2020234N14280,"Lake Charles Harbor District, LA",queue,cargo,6.4158284141637365,10.488057,4.072228585836263,0.3885156140112599,1.2729520116124136,MARCO,2020,Tropical storm <50 kt
2020234N14280,"Lake Charles Harbor District, LA",event30,tanker,684.1055095858435,2380.7927247,1696.6872151141563,1525.2088587914309,1.3360531584795967,MARCO,2020,Tropical storm <50 kt
2020234N14280,"Lake Charles Harbor District, LA",event30,cargo,-18.806640544912906,20.1030658,38.909706344912905,-1.0713893424888836,1.3531055740503812,MARCO,2020,Tropical storm <50 kt
2020234N14280,"New Orleans, LA",queue,tanker,-164.47322681780338,328.0777488,492.5509756178034,-60.321204140662815,0.9803308009041201,MARCO,2020,Tropical storm <50 kt
2020234N14280,"New Orleans, LA",queue,cargo,-219.59236927533402,404.1752119,623.767581175334,-16.922704667010024,1.1789215813125393,MARCO,2020,Tropical storm <50 kt
2020234N14280,"New Orleans, LA",event30,tanker,-257.06113143452444,1611.4580445000001,1868.5191759345246,-211.79798064541842,0.9803308009041201,MARCO,2020,Tropical storm <50 kt
2020234N14280,"New Orleans, LA",event30,cargo,37.59471998077197,2198.1351674,2160.540447419228,10.297532756739145,1.1789215813125393,MARCO,2020,Tropical storm <50 kt
2020234N14280,"Orange County Nav District, TX",queue,tanker,-23.048737748008964,0.38611070000000003,23.434848448008964,-16.727094887830894,0.9803308009041201,MARCO,2020,Tropical storm <50 kt
2020234N14280,"Orange County Nav District, TX",queue,cargo,0.2059365589520091,0.213333,0.0073964410479909004,-0.038197561504701424,1.1789215813125393,MARCO,2020,Tropical storm <50 kt
2020234N14280,"Orange County Nav District, TX",event30,tanker,173.65473719600988,304.52959189999996,130.87485470399008,229.21360183076456,0.9803308009041201,MARCO,2020,Tropical storm <50 kt
2020234N14280,"Orange County Nav District, TX",event30,cargo,1.5071232350546624,1.5427779,0.03565466494533749,0.1084369619001258,1.1789215813125393,MARCO,2020,Tropical storm <50 kt
2020234N14280,"Plaquemines Port District, LA",queue,tanker,-229.84762460809748,944.9872736999998,1174.8348983080973,-612.9123561973632,0.7124284755618809,MARCO,2020,Tropical storm <50 kt
2020234N14280,"Plaquemines Port District, LA",queue,cargo,2387.6511093372333,5458.774338699999,3071.123229362766,224.92902141954937,0.9444914345447722,MARCO,2020,Tropical storm <50 kt
2020234N14280,"Plaquemines Port District, LA",event30,tanker,79.75556227520474,3819.8451814000005,3740.0896191247957,-1049.8376668501146,0.7449407455090962,MARCO,2020,Tropical storm <50 kt
2020234N14280,"Plaquemines Port District, LA",event30,cargo,5513.643307962455,17417.7279676,11904.084659637545,403.4846188287165,0.9449292710798177,MARCO,2020,Tropical storm <50 kt
2020234N14280,"Port Arthur, TX",queue,tanker,0.0,0.0,0.0,0.0,0.9803308009041201,MARCO,2020,Tropical storm <50 kt
2020234N14280,"Port Arthur, TX",queue,cargo,0.0,0.0,0.0,0.0,1.1789215813125393,MARCO,2020,Tropical storm <50 kt
2020234N14280,"Port Arthur, TX",event30,tanker,0.0,0.0,0.0,0.0,0.9803308009041201,MARCO,2020,Tropical storm <50 kt
2020234N14280,"Port Arthur, TX",event30,cargo,0.0,0.0,0.0,0.0,1.1789215813125393,MARCO,2020,Tropical storm <50 kt
2020234N14280,"Port of Greater Baton Rouge, LA",queue,tanker,145.32855566833948,296.9517197,151.62316403166054,53.543644986995986,0.6315065494211382,MARCO,2020,Tropical storm <50 kt
2020234N14280,"Port of Greater Baton Rouge, LA",queue,cargo,73.95206074489124,651.391478,577.4394172551088,38.68142025467375,0.522355739190454,MARCO,2020,Tropical storm <50 kt
2020234N14280,"Port of Greater Baton Rouge, LA",event30,tanker,669.7615897574124,1400.8042925,731.0427027425876,67.15731992481801,0.666393386022968,MARCO,2020,Tropical storm <50 kt
2020234N14280,"Port of Greater Baton Rouge, LA",event30,cargo,-545.3333901654537,1417.2217094000002,1962.555099565454,-25.10331417633381,0.6033555281723759,MARCO,2020,Tropical storm <50 kt
2020234N14280,"Port of Iberia District, LA",queue,tanker,0.0,0.0,0.0,0.0,1.4283978207681551,MARCO,2020,Tropical storm <50 kt
2020234N14280,"Port of Iberia District, LA",queue,cargo,0.0,0.0,0.0,0.0,1.3814577410741633,MARCO,2020,Tropical storm <50 kt
2020234N14280,"Port of Iberia District, LA",event30,tanker,0.0,0.0,0.0,0.0,1.4306704162673987,MARCO,2020,Tropical storm <50 kt
2020234N14280,"Port of Iberia District, LA",event30,cargo,0.0,0.0,0.0,0.0,1.36677236994764,MARCO,2020,Tropical storm <50 kt
2020234N14280,"Port of Pascagoula, MS",queue,tanker,417.1834616453836,605.764244,188.58078235461636,396.9073135129742,0.7970705645023092,MARCO,2020,Tropical storm <50 kt
2020234N14280,"Port of Pascagoula, MS",queue,cargo,-249.06374664007893,120.8783792,369.9421258400789,-14.918100517926444,1.204030637321645,MARCO,2020,Tropical storm <50 kt
2020234N14280,"Port of Pascagoula, MS",event30,tanker,1074.0654688785876,1562.3991986,488.3337297214125,1014.7880429648272,0.8964315822745783,MARCO,2020,Tropical storm <50 kt
2020234N14280,"Port of Pascagoula, MS",event30,cargo,-13.487464216393846,1133.2324879,1146.7199521163939,61.84907729108038,1.1943095703902251,MARCO,2020,Tropical storm <50 kt
2020234N14280,"Sabine Pass Port Authority, TX",queue,tanker,602.7652604684042,1974.1332908,1371.3680303315957,588.1869891442095,0.5675217817040018,MARCO,2020,Tropical storm <50 kt
2020234N14280,"Sabine Pass Port Authority, TX",queue,cargo,428.5135641088708,545.269827,116.75626289112917,63.71888918338402,1.01412931703255,MARCO,2020,Tropical storm <50 kt
2020234N14280,"Sabine Pass Port Authority, TX",event30,tanker,645.4004015805103,4944.815672799999,4299.415271219489,1095.242889081323,0.5941231925535235,MARCO,2020,Tropical storm <50 kt
2020234N14280,"Sabine Pass Port Authority, TX",event30,cargo,679.5494171351436,1102.017337,422.46791986485636,132.49875601311933,0.9697515073078323,MARCO,2020,Tropical storm <50 kt
2020234N14280,"South Louisiana, LA, Port of",queue,tanker,-120.79388968977037,409.54883199999995,530.3427216897703,-26.24645015925978,0.9803308009041201,MARCO,2020,Tropical storm <50 kt
2020234N14280,"South Louisiana, LA, Port of",queue,cargo,-154.89098791370316,1178.735512,1333.6264999137031,13.948614443654805,1.1789215813125393,MARCO,2020,Tropical storm <50 kt
2020234N14280,"South Louisiana, LA, Port of",event30,tanker,-236.74357189403372,1778.5850106000003,2015.328582494034,-109.58596860851799,0.9803308009041201,MARCO,2020,Tropical storm <50 kt
2020234N14280,"South Louisiana, LA, Port of",event30,cargo,-333.9809208945271,4638.549304099999,4972.530224994526,45.445981258327606,1.1789215813125393,MARCO,2020,Tropical storm <50 kt
2020234N14280,"Terrebonne Parish Port, LA",queue,tanker,21.12835325814818,26.496899999999997,5.368546741851814,-10.483362288668618,1.017646448782676,MARCO,2020,Tropical storm <50 kt
2020234N14280,"Terrebonne Parish Port, LA",queue,cargo,0.0222222,0.0222222,0.0,0.02748413,1.55439226342684,MARCO,2020,Tropical storm <50 kt
2020234N14280,"Terrebonne Parish Port, LA",event30,tanker,18.147746540611628,27.345511799999997,9.197765259388369,-26.668503934883173,1.099941642820734,MARCO,2020,Tropical storm <50 kt
2020234N14280,"Terrebonne Parish Port, LA",event30,cargo,0.0222222,0.0222222,0.0,0.02748413,1.4518077900520892,MARCO,2020,Tropical storm <50 kt
2020256N25281,"Manatee County Port, FL",queue,tanker,0.0,0.0,0.0,0.0,0.7735718145944895,SALLY,2020,Tropical storm <50 kt
2020256N25281,"Manatee County Port, FL",queue,cargo,0.0,0.0,0.0,0.0,0.9357237463834264,SALLY,2020,Tropical storm <50 kt
2020256N25281,"Manatee County Port, FL",event30,tanker,0.0,0.0,0.0,0.0,0.797386721696322,SALLY,2020,Tropical storm <50 kt
2020256N25281,"Manatee County Port, FL",event30,cargo,0.0,0.0,0.0,0.0,1.036645976534504,SALLY,2020,Tropical storm <50 kt
2020256N25281,"Mobile, AL",queue,tanker,0.0,0.0,0.0,0.0,0.4684505630155545,SALLY,2020,Hurricane ≥64 kt
2020256N25281,"Mobile, AL",queue,cargo,0.196944,0.196944,0.0,0.011403420000000001,0.6655027135254233,SALLY,2020,Hurricane ≥64 kt
2020256N25281,"Mobile, AL",event30,tanker,99.188149209866,102.10606700000001,2.917917790134015,61.17625879539457,0.46962115438656404,SALLY,2020,Hurricane ≥64 kt
2020256N25281,"Mobile, AL",event30,cargo,0.4063889,0.4063889,0.0,0.046423137999999996,0.6720320672563339,SALLY,2020,Hurricane ≥64 kt
2020256N25281,"New Orleans, LA",queue,tanker,110.20761717151629,417.20957339999995,307.00195622848366,166.81805235177623,0.9803308009041201,SALLY,2020,Hurricane ≥64 kt
2020256N25281,"New Orleans, LA",queue,cargo,213.62040557221735,848.2149982000001,634.5945926277827,7.909758950296748,1.1789215813125393,SALLY,2020,Hurricane ≥64 kt
2020256N25281,"New Orleans, LA",event30,tanker,177.3447448982365,1434.9093893,1257.5646444017634,332.33976579842147,0.9803308009041201,SALLY,2020,Hurricane ≥64 kt
2020256N25281,"New Orleans, LA",event30,cargo,545.2970283118852,3105.0093988000003,2559.712370488115,74.01672453278496,1.1789215813125393,SALLY,2020,Hurricane ≥64 kt
2020256N25281,"Plaquemines Port District, LA",queue,tanker,966.372204053995,1484.1616721,517.789468046005,828.0977621650912,0.8825643621072884,SALLY,2020,Hurricane ≥64 kt
2020256N25281,"Plaquemines Port District, LA",queue,cargo,146.51227906921304,5735.284296,5588.772016930787,27.71110383931523,0.921045316214708,SALLY,2020,Hurricane ≥64 kt
2020256N25281,"Plaquemines Port District, LA",event30,tanker,1576.6778356623586,4046.5902236999996,2469.912388037641,1999.4465179948047,0.7963770830437094,SALLY,2020,Hurricane ≥64 kt
2020256N25281,"Plaquemines Port District, LA",event30,cargo,-4208.319508666467,16414.8070543,20623.126562966467,-685.6627781880557,0.9247942380339396,SALLY,2020,Hurricane ≥64 kt
2020256N25281,"Port Everglades, FL",queue,tanker,0.0,0.0,0.0,0.0,0.5658268524002342,SALLY,2020,Tropical storm <50 kt
2020256N25281,"Port Everglades, FL",queue,cargo,0.0,0.0,0.0,0.0,0.8979117509275986,SALLY,2020,Tropical storm <50 kt
2020256N25281,"Port Everglades, FL",event30,tanker,0.0,0.0,0.0,0.0,0.6148789666193242,SALLY,2020,Tropical storm <50 kt
2020256N25281,"Port Everglades, FL",event30,cargo,0.0,0.0,0.0,0.0,0.8246965831607108,SALLY,2020,Tropical storm <50 kt
2020256N25281,"Port of Palm Beach District, FL",queue,tanker,0.0,0.0,0.0,0.0,1.1040498131795662,SALLY,2020,Tropical storm <50 kt
2020256N25281,"Port of Palm Beach District, FL",queue,cargo,11.807217817382867,36.2084,24.40118218261713,4.554978057579433,1.4510170109020357,SALLY,2020,Tropical storm <50 kt
2020256N25281,"Port of Palm Beach District, FL",event30,tanker,0.0197222,0.0197222,0.0,0.00859929,1.1208980645312776,SALLY,2020,Tropical storm <50 kt
2020256N25281,"Port of Palm Beach District, FL",event30,cargo,48.758548085489366,118.0449091,69.28636101451063,16.09060142976151,1.3777071046606721,SALLY,2020,Tropical storm <50 kt
2020256N25281,"Port of Pascagoula, MS",queue,tanker,565.4130693425966,703.382991,137.9699216574033,529.0886791361913,0.7900835310420958,SALLY,2020,Hurricane ≥64 kt
2020256N25281,"Port of Pascagoula, MS",queue,cargo,617.5872381665962,967.6465932000001,350.0593550334039,97.08275252956369,1.326934997948373,SALLY,2020,Hurricane ≥64 kt
2020256N25281,"Port of Pascagoula, MS",event30,tanker,725.8499164010162,1403.0276947,677.1777782989838,676.1712017541495,0.7044118780997176,SALLY,2020,Hurricane ≥64 kt
2020256N25281,"Port of Pascagoula, MS",event30,cargo,701.7001608061996,1863.1489122,1161.4487513938004,140.44246176969725,1.1888023148264772,SALLY,2020,Hurricane ≥64 kt
2020256N25281,"PortMiami, FL",queue,tanker,6.833479307219367,6.9144407999999995,0.0809614927806328,9.783461967748305,1.2196405631973688,SALLY,2020,Tropical storm <50 kt
2020256N25281,"PortMiami, FL",queue,cargo,161.4202249237145,466.35271550000004,304.93249057628555,27.43141003908928,1.2033409799503645,SALLY,2020,Tropical storm <50 kt
2020256N25281,"PortMiami, FL",event30,tanker,18.096725588672534,56.8708492,38.77412361132747,38.158900395421725,1.2799876655013243,SALLY,2020,Tropical storm <50 kt
2020256N25281,"PortMiami, FL",event30,cargo,524.4436377027243,1446.2308943000003,921.7872565972759,135.99440496858844,1.1803068663369676,SALLY,2020,Tropical storm <50 kt
2020261N21265,"Beaumont, TX",queue,tanker,0.0,0.0,0.0,0.0,0.9803308009041201,BETA,2020,Tropical storm <50 kt
2020261N21265,"Beaumont, TX",queue,cargo,0.0,0.0,0.0,0.0,1.1789215813125393,BETA,2020,Tropical storm <50 kt
2020261N21265,"Beaumont, TX",event30,tanker,0.0,0.0,0.0,0.0,0.9803308009041201,BETA,2020,Tropical storm <50 kt
2020261N21265,"Beaumont, TX",event30,cargo,0.0,0.0,0.0,0.0,1.1789215813125393,BETA,2020,Tropical storm <50 kt
2020261N21265,"Calhoun Port Authority, TX",queue,tanker,80.09680685410004,118.55114,38.45433314589997,46.40294686749746,0.63207640093614,BETA,2020,Tropical storm <50 kt
2020261N21265,"Calhoun Port Authority, TX",queue,cargo,-21.3185240032525,0.0,21.3185240032525,-1.734790942315438,0.47191198525415684,BETA,2020,Tropical storm <50 kt
2020261N21265,"Calhoun Port Authority, TX",event30,tanker,379.1924795621971,431.8078347,52.61535513780291,203.07443719983573,0.6034299032051919,BETA,2020,Tropical storm <50 kt
2020261N21265,"Calhoun Port Authority, TX",event30,cargo,-40.12189925456594,0.5849999,40.70689915456594,-3.237464532721172,0.4431591156768035,BETA,2020,Tropical storm <50 kt
2020261N21265,"Corpus Christi, TX",queue,tanker,293.58995280235627,1794.6966926,1501.1067397976437,391.83283496769945,0.7974206662175906,BETA,2020,Tropical storm <50 kt
2020261N21265,"Corpus Christi, TX",queue,cargo,298.62877285905904,647.5266218,348.897848940941,33.967161896432216,0.6966441532091386,BETA,2020,Tropical storm <50 kt
2020261N21265,"Corpus Christi, TX",event30,tanker,135.5313987735808,5518.169482,5382.638083226419,-123.06510860427898,0.7466426692520564,BETA,2020,Tropical storm <50 kt
2020261N21265,"Corpus Christi, TX",event30,cargo,-478.7294278487648,912.0390577999999,1390.7684856487647,-81.94929583970142,0.7279373652203927,BETA,2020,Tropical storm <50 kt
2020261N21265,"Galveston, TX",queue,tanker,1389.1124504421423,7889.1416177,6500.029167257858,1750.5093544615984,0.8835976157734755,BETA,2020,Tropical storm <50 kt
2020261N21265,"Galveston, TX",queue,cargo,1092.3840673446064,2313.976053,1221.5919856553935,170.71431371014637,1.1392871766685264,BETA,2020,Tropical storm <50 kt
2020261N21265,"Galveston, TX",event30,tanker,3305.3527981525112,28001.5240184,24696.17122024749,3748.9345095717144,0.8595606995132101,BETA,2020,Tropical storm <50 kt
2020261N21265,"Galveston, TX",event30,cargo,2726.927444301554,7959.720747799999,5232.793303498445,392.4968772188306,1.10124974729273,BETA,2020,Tropical storm <50 kt
2020261N21265,"Houston Port Authority, TX",queue,tanker,0.0,0.0,0.0,0.0,0.9803308009041201,BETA,2020,Tropical storm <50 kt
2020261N21265,"Houston Port Authority, TX",queue,cargo,0.0,0.0,0.0,0.0,1.1789215813125393,BETA,2020,Tropical storm <50 kt
2020261N21265,"Houston Port Authority, TX",event30,tanker,0.0,0.0,0.0,0.0,0.9803308009041201,BETA,2020,Tropical storm <50 kt
2020261N21265,"Houston Port Authority, TX",event30,cargo,0.0,0.0,0.0,0.0,1.1789215813125393,BETA,2020,Tropical storm <50 kt
2020261N21265,"Lake Charles Harbor District, LA",queue,tanker,-318.5487352234787,408.4211198,726.9698550234787,-410.45359027663363,1.181867219955229,BETA,2020,Tropical storm <50 kt
2020261N21265,"Lake Charles Harbor District, LA",queue,cargo,-2.1923600752786103,0.7261116,2.91847167527861,-0.03074383454620422,1.3119787499259574,BETA,2020,Tropical storm <50 kt
2020261N21265,"Lake Charles Harbor District, LA",event30,tanker,-250.78791358274884,2474.0627776,2724.850691182749,-264.8725754623738,1.1841425845158053,BETA,2020,Tropical storm <50 kt
2020261N21265,"Lake Charles Harbor District, LA",event30,cargo,29.16738976950255,38.1357906,8.968400830497451,1.6395178552378797,1.2886117100529937,BETA,2020,Tropical storm <50 kt
2020261N21265,"Orange County Nav District, TX",queue,tanker,6.08782607468201,28.466954400000002,22.379128325317993,15.672731579151808,0.9803308009041201,BETA,2020,Tropical storm <50 kt
2020261N21265,"Orange County Nav District, TX",queue,cargo,0.5149929295274515,0.5319438000000001,0.0169508704725486,0.009168506519289493,1.1789215813125393,BETA,2020,Tropical storm <50 kt
2020261N21265,"Orange County Nav District, TX",event30,tanker,509.65402405978296,551.3450909,41.69106684021701,594.0842421499879,0.9803308009041201,BETA,2020,Tropical storm <50 kt
2020261N21265,"Orange County Nav District, TX",event30,cargo,0.9711095604804664,1.2397211000000001,0.26861153951953376,-0.15724942961307903,1.1789215813125393,BETA,2020,Tropical storm <50 kt
2020261N21265,"Port Arthur, TX",queue,tanker,0.0,0.0,0.0,0.0,0.9803308009041201,BETA,2020,Tropical storm <50 kt
2020261N21265,"Port Arthur, TX",queue,cargo,0.0,0.0,0.0,0.0,1.1789215813125393,BETA,2020,Tropical storm <50 kt
2020261N21265,"Port Arthur, TX",event30,tanker,0.0,0.0,0.0,0.0,0.9803308009041201,BETA,2020,Tropical storm <50 kt
2020261N21265,"Port Arthur, TX",event30,cargo,0.0,0.0,0.0,0.0,1.1789215813125393,BETA,2020,Tropical storm <50 kt
2020261N21265,"Port Freeport, TX",queue,tanker,-80.85287861590899,356.94475989999995,437.79763851590894,62.48841976754869,1.0999851451880232,BETA,2020,Tropical storm <50 kt
2020261N21265,"Port Freeport, TX",queue,cargo,155.2897041,155.2897041,0.0,43.33631067000001,1.0362623048945037,BETA,2020,Tropical storm <50 kt
2020261N21265,"Port Freeport, TX",event30,tanker,144.26349818411154,1681.2357155,1536.9722173158884,454.53116021227856,1.0689810360270708,BETA,2020,Tropical storm <50 kt
2020261N21265,"Port Freeport, TX",event30,cargo,289.1199658,289.1199658,0.0,67.432571759,1.0450029424805356,BETA,2020,Tropical storm <50 kt
2020261N21265,"Port of Greater Baton Rouge, LA",queue,tanker,367.6940268293695,533.2481441,165.5541172706305,424.00132023441995,0.5689166359917568,BETA,2020,Tropical storm <50 kt
2020261N21265,"Port of Greater Baton Rouge, LA",queue,cargo,-697.9410831368286,181.084112,879.0251951368286,-112.59728904554207,0.6057761849737768,BETA,2020,Tropical storm <50 kt
2020261N21265,"Port of Greater Baton Rouge, LA",event30,tanker,868.9259822740961,1695.0324329,826.1064506259039,1240.9318029700264,0.5731175141463315,BETA,2020,Tropical storm <50 kt
2020261N21265,"Port of Greater Baton Rouge, LA",event30,cargo,-1756.2884347472493,1844.0217250000003,3600.3101597472496,-330.46134470173376,0.6079437852698454,BETA,2020,Tropical storm <50 kt
2020261N21265,"Port of Iberia District, LA",queue,tanker,0.0,0.0,0.0,0.0,1.3248200427793566,BETA,2020,Tropical storm <50 kt
2020261N21265,"Port of Iberia District, LA",queue,cargo,0.0,0.0,0.0,0.0,1.6008154253654157,BETA,2020,Tropical storm <50 kt
2020261N21265,"Port of Iberia District, LA",event30,tanker,0.0,0.0,0.0,0.0,1.3314315876814253,BETA,2020,Tropical storm <50 kt
2020261N21265,"Port of Iberia District, LA",event30,cargo,0.0,0.0,0.0,0.0,1.4488952694411688,BETA,2020,Tropical storm <50 kt
2020261N21265,"Sabine Pass Port Authority, TX",queue,tanker,-30.281323857410825,1410.7368529999999,1441.0181768574107,623.4080015903339,0.6704189531643154,BETA,2020,Tropical storm <50 kt
2020261N21265,"Sabine Pass Port Authority, TX",queue,cargo,-185.36487155195562,104.83997099999999,290.2048425519556,-44.38779368798508,0.7862326535682048,BETA,2020,Tropical storm <50 kt
2020261N21265,"Sabine Pass Port Authority, TX",event30,tanker,-1013.0297275924322,5080.7681974,6093.797924992432,1377.0627492957992,0.6821250121288892,BETA,2020,Tropical storm <50 kt
2020261N21265,"Sabine Pass Port Authority, TX",event30,cargo,-443.41771943568335,719.7586957,1163.1764151356833,-74.16307138075645,0.7090590898797428,BETA,2020,Tropical storm <50 kt
2020261N21265,"South Louisiana, LA, Port of",queue,tanker,480.3987178872184,723.8368105999999,243.4380927127815,463.86317258339545,0.9803308009041201,BETA,2020,Tropical storm <50 kt
2020261N21265,"South Louisiana, LA, Port of",queue,cargo,195.96448390861042,1549.1593590000002,1353.1948750913898,-5.996308356510525,1.1789215813125393,BETA,2020,Tropical storm <50 kt
2020261N21265,"South Louisiana, LA, Port of",event30,tanker,294.84456600416,1864.6396065999995,1569.7950405958395,329.50522485802946,0.9803308009041201,BETA,2020,Tropical storm <50 kt
2020261N21265,"South Louisiana, LA, Port of",event30,cargo,1199.6715723456136,6132.571362800001,4932.899790454388,35.63771426875667,1.1789215813125393,BETA,2020,Tropical storm <50 kt
2020261N21265,"Texas City, TX",queue,tanker,0.0,0.0,0.0,0.0,0.9803308009041201,BETA,2020,Tropical storm <50 kt
2020261N21265,"Texas City, TX",queue,cargo,0.0,0.0,0.0,0.0,1.1789215813125393,BETA,2020,Tropical storm <50 kt
2020261N21265,"Texas City, TX",event30,tanker,0.0,0.0,0.0,0.0,0.9803308009041201,BETA,2020,Tropical storm <50 kt
2020261N21265,"Texas City, TX",event30,cargo,0.0,0.0,0.0,0.0,1.1789215813125393,BETA,2020,Tropical storm <50 kt
2020279N16284,"Beaumont, TX",queue,tanker,0.0,0.0,0.0,0.0,0.9803308009041201,DELTA,2020,Hurricane ≥64 kt
2020279N16284,"Beaumont, TX",queue,cargo,0.0,0.0,0.0,0.0,1.1789215813125393,DELTA,2020,Hurricane ≥64 kt
2020279N16284,"Beaumont, TX",event30,tanker,0.0,0.0,0.0,0.0,0.9803308009041201,DELTA,2020,Hurricane ≥64 kt
2020279N16284,"Beaumont, TX",event30,cargo,0.0,0.0,0.0,0.0,1.1789215813125393,DELTA,2020,Hurricane ≥64 kt
2020279N16284,"Galveston, TX",queue,tanker,1001.9723687072374,7520.3602630000005,6518.387894292763,710.2195469484923,0.7173564571869399,DELTA,2020,Hurricane ≥64 kt
2020279N16284,"Galveston, TX",queue,cargo,-114.11055688511942,2074.4390697999997,2188.549626685119,31.84216906331301,0.9388930285431913,DELTA,2020,Hurricane ≥64 kt
2020279N16284,"Galveston, TX",event30,tanker,4404.432370576873,26579.1199028,22174.687532223128,5031.721908611118,0.7200549058094768,DELTA,2020,Hurricane ≥64 kt
2020279N16284,"Galveston, TX",event30,cargo,-2511.14058527595,4650.612006699999,7161.752591975949,-241.4492367094814,0.9610566963527598,DELTA,2020,Hurricane ≥64 kt
2020279N16284,"Lake Charles Harbor District, LA",queue,tanker,508.2497356562087,1086.6143424,578.3646067437912,487.2180426851354,1.0330231928037845,DELTA,2020,Hurricane ≥64 kt
2020279N16284,"Lake Charles Harbor District, LA",queue,cargo,32.05298662199959,32.053568,0.000581378000414935,1.6247480814046042,1.2168609144756422,DELTA,2020,Hurricane ≥64 kt
2020279N16284,"Lake Charles Harbor District, LA",event30,tanker,975.5719231904854,3235.915808,2260.3438848095147,605.7554239468063,0.9826603138691926,DELTA,2020,Hurricane ≥64 kt
2020279N16284,"Lake Charles Harbor District, LA",event30,cargo,67.03884570126957,67.04190390000001,0.003058198730445305,6.113807628932528,1.2289574905666487,DELTA,2020,Hurricane ≥64 kt
2020279N16284,"Orange County Nav District, TX",queue,tanker,239.9364304602074,262.6216002,22.6851697397926,265.54008368137494,0.9803308009041201,DELTA,2020,Hurricane ≥64 kt
2020279N16284,"Orange County Nav District, TX",queue,cargo,-1.8372369260468193,0.116111,1.9533479260468194,-0.4951382657405323,1.1789215813125393,DELTA,2020,Hurricane ≥64 kt
2020279N16284,"Orange County Nav District, TX",event30,tanker,200.8820848390212,390.5274292,189.64534436097878,294.61209273701445,0.9803308009041201,DELTA,2020,Hurricane ≥64 kt
2020279N16284,"Orange County Nav District, TX",event30,cargo,-6.448720403291512,1.286944,7.735664403291512,-1.098641439074978,1.1789215813125393,DELTA,2020,Hurricane ≥64 kt
2020279N16284,"Port Arthur, TX",queue,tanker,0.0,0.0,0.0,0.0,0.9803308009041201,DELTA,2020,Hurricane ≥64 kt
2020279N16284,"Port Arthur, TX",queue,cargo,0.0,0.0,0.0,0.0,1.1789215813125393,DELTA,2020,Hurricane ≥64 kt
2020279N16284,"Port Arthur, TX",event30,tanker,0.0,0.0,0.0,0.0,0.9803308009041201,DELTA,2020,Hurricane ≥64 kt
2020279N16284,"Port Arthur, TX",event30,cargo,0.0,0.0,0.0,0.0,1.1789215813125393,DELTA,2020,Hurricane ≥64 kt
2020279N16284,"Port Freeport, TX",queue,tanker,310.1580351184038,659.4281277,349.2700925815962,392.3431699493354,0.8996016538256625,DELTA,2020,Hurricane ≥64 kt
2020279N16284,"Port Freeport, TX",queue,cargo,52.874449,52.874449,0.0,4.795572019,1.1060056643122727,DELTA,2020,Hurricane ≥64 kt
2020279N16284,"Port Freeport, TX",event30,tanker,685.3360706737726,1710.7006506000002,1025.3645799262276,703.8501402641407,0.875976459051838,DELTA,2020,Hurricane ≥64 kt
2020279N16284,"Port Freeport, TX",event30,cargo,267.00009882796815,268.38221500000003,1.3821161720318684,49.351364873912836,1.0838345071873834,DELTA,2020,Hurricane ≥64 kt
2020279N16284,"Port of Greater Baton Rouge, LA",queue,tanker,-26.950786659038556,480.2266,507.1773866590386,129.94933302378303,0.6504413662502287,DELTA,2020,Strong TS 50–63 kt
2020279N16284,"Port of Greater Baton Rouge, LA",queue,cargo,475.2865471423776,890.0585778,414.7720306576224,25.30750835189059,0.8238396385834877,DELTA,2020,Strong TS 50–63 kt
2020279N16284,"Port of Greater Baton Rouge, LA",event30,tanker,-360.5942543446806,1189.0581888999998,1549.6524432446804,384.84827111133677,0.6206392512328175,DELTA,2020,Strong TS 50–63 kt
2020279N16284,"Port of Greater Baton Rouge, LA",event30,cargo,971.0602042805444,2382.6740638,1411.6138595194557,-8.065267276794089,0.7756710385134117,DELTA,2020,Strong TS 50–63 kt
2020279N16284,"Port of Iberia District, LA",queue,tanker,0.0,0.0,0.0,0.0,1.2338032976030227,DELTA,2020,Hurricane ≥64 kt
2020279N16284,"Port of Iberia District, LA",queue,cargo,0.0,0.0,0.0,0.0,1.2154936610111915,DELTA,2020,Hurricane ≥64 kt
2020279N16284,"Port of Iberia District, LA",event30,tanker,0.0,0.0,0.0,0.0,1.2922541792915356,DELTA,2020,Hurricane ≥64 kt
2020279N16284,"Port of Iberia District, LA",event30,cargo,0.0,0.0,0.0,0.0,1.273953046102872,DELTA,2020,Hurricane ≥64 kt
2020279N16284,"Sabine Pass Port Authority, TX",queue,tanker,48.84048766930391,1461.7794110000002,1412.9389233306963,557.1727142842915,0.3816599568990539,DELTA,2020,Hurricane ≥64 kt
2020279N16284,"Sabine Pass Port Authority, TX",queue,cargo,117.45569930713611,303.5312867,186.0755873928639,17.571397150749963,0.2036157397470448,DELTA,2020,Hurricane ≥64 kt
2020279N16284,"Sabine Pass Port Authority, TX",event30,tanker,-1328.469817971857,3856.7491734000005,5185.218991371858,126.116551821141,0.33839446180954713,DELTA,2020,Hurricane ≥64 kt
2020279N16284,"Sabine Pass Port Authority, TX",event30,cargo,110.98675366267321,1098.6681067,987.6813530373267,-14.837180891153949,0.25498091088445496,DELTA,2020,Hurricane ≥64 kt
2020279N16284,"Texas City, TX",queue,tanker,0.0,0.0,0.0,0.0,0.9803308009041201,DELTA,2020,Hurricane ≥64 kt
2020279N16284,"Texas City, TX",queue,cargo,0.0,0.0,0.0,0.0,1.1789215813125393,DELTA,2020,Hurricane ≥64 kt
2020279N16284,"Texas City, TX",event30,tanker,0.0,0.0,0.0,0.0,0.9803308009041201,DELTA,2020,Hurricane ≥64 kt
2020279N16284,"Texas City, TX",event30,cargo,0.0,0.0,0.0,0.0,1.1789215813125393,DELTA,2020,Hurricane ≥64 kt
2020299N18277,"Baltimore, MD",queue,tanker,0.0177778,0.0177778,0.0,0.012915570000000001,0.2962599824590402,ZETA,2020,Tropical storm <50 kt
2020299N18277,"Baltimore, MD",queue,cargo,-123.80322489285305,487.86772549999995,611.670950392853,-17.704030615379402,2.286492606316311,ZETA,2020,Tropical storm <50 kt
2020299N18277,"Baltimore, MD",event30,tanker,0.14188081499918423,0.14944480000000002,0.007563985000815799,0.2601581618875947,0.4766911072903587,ZETA,2020,Tropical storm <50 kt
2020299N18277,"Baltimore, MD",event30,cargo,-567.7903613697576,1987.4011737,2555.1915350697577,13.609018394976772,2.2205532874512883,ZETA,2020,Tropical storm <50 kt
2020299N18277,"Greater Lafourche Port, LA",queue,tanker,-41.86214102061043,1.7900019999999999,43.65214302061043,-113.23095609190898,0.43156602043389153,ZETA,2020,Hurricane ≥64 kt
2020299N18277,"Greater Lafourche Port, LA",queue,cargo,-249.61553240580508,0.0,249.61553240580508,-154.61567925507148,0.7208612315877181,ZETA,2020,Hurricane ≥64 kt
2020299N18277,"Greater Lafourche Port, LA",event30,tanker,-120.9355325202315,87.41807829999999,208.3536108202315,-97.00834128098435,0.4177129824430134,ZETA,2020,Hurricane ≥64 kt
2020299N18277,"Greater Lafourche Port, LA",event30,cargo,-430.43103487118594,0.0,430.43103487118594,-310.26219221517425,0.6714467370170071,ZETA,2020,Hurricane ≥64 kt
2020299N18277,"Mobile, AL",queue,tanker,71.87419586313433,74.73722,2.8630241368656586,44.37086144450494,0.8495610227853442,ZETA,2020,Hurricane ≥64 kt
2020299N18277,"Mobile, AL",queue,cargo,0.0,0.0,0.0,0.0,0.784459237453596,ZETA,2020,Hurricane ≥64 kt
2020299N18277,"Mobile, AL",event30,tanker,181.1152440051521,185.1792208,4.063976794847886,111.75933130271248,0.8928126709158651,ZETA,2020,Hurricane ≥64 kt
2020299N18277,"Mobile, AL",event30,cargo,0.6097220000000001,0.6097220000000001,0.0,0.07178509000000001,0.8350907349842399,ZETA,2020,Hurricane ≥64 kt
2020299N18277,"New Orleans, LA",queue,tanker,260.02116313014255,710.6552670000001,450.63410386985754,660.4959524763646,0.9803308009041201,ZETA,2020,Hurricane ≥64 kt
2020299N18277,"New Orleans, LA",queue,cargo,95.14705279646739,743.375774,648.2287212035326,40.8485294711344,1.1789215813125393,ZETA,2020,Hurricane ≥64 kt
2020299N18277,"New Orleans, LA",event30,tanker,-186.96539627104198,1365.3618428,1552.327239071042,475.207944647316,0.9803308009041201,ZETA,2020,Hurricane ≥64 kt
2020299N18277,"New Orleans, LA",event30,cargo,579.1704893183346,2789.2121290000005,2210.041639681666,126.49403513149304,1.1789215813125393,ZETA,2020,Hurricane ≥64 kt
2020299N18277,"Philadelphia Regional Port, PA",queue,tanker,-1.0675613928772805,12.822779,13.890340392877281,3.8727027724957246,0.9803308009041201,ZETA,2020,Tropical storm <50 kt
2020299N18277,"Philadelphia Regional Port, PA",queue,cargo,6.979121494356441,11.760556399999999,4.781434905643557,2.45951409211269,1.1789215813125393,ZETA,2020,Tropical storm <50 kt
2020299N18277,"Philadelphia Regional Port, PA",event30,tanker,92.45112463131386,130.44330666,37.99218202868612,118.54995849179,0.9803308009041201,ZETA,2020,Tropical storm <50 kt
2020299N18277,"Philadelphia Regional Port, PA",event30,cargo,94.49556466949171,109.6506018,15.15503713050829,8.504885077403662,1.1789215813125393,ZETA,2020,Tropical storm <50 kt
2020299N18277,"Plaquemines Port District, LA",queue,tanker,929.6692237442642,2072.3879787,1142.718754955736,291.419985583703,0.8799168794386286,ZETA,2020,Hurricane ≥64 kt
2020299N18277,"Plaquemines Port District, LA",queue,cargo,711.7157830011347,5007.657777,4295.941993998866,94.77143304859248,0.9954652271330146,ZETA,2020,Hurricane ≥64 kt
2020299N18277,"Plaquemines Port District, LA",event30,tanker,321.8826775772882,4302.9798317,3981.0971541227123,-772.2514898190075,0.8574330985553854,ZETA,2020,Hurricane ≥64 kt
2020299N18277,"Plaquemines Port District, LA",event30,cargo,3920.6150478946474,18538.9450974,14618.330049505352,498.7208615662298,0.9746152398856631,ZETA,2020,Hurricane ≥64 kt
2020299N18277,"Port of Greater Baton Rouge, LA",queue,tanker,-68.06992255740528,276.0704889,344.14041145740526,96.7452038870743,0.5418772070355902,ZETA,2020,Hurricane ≥64 kt
2020299N18277,"Port of Greater Baton Rouge, LA",queue,cargo,292.37596351274595,551.8206419999999,259.44467848725395,20.56003866432559,0.4744931909066676,ZETA,2020,Hurricane ≥64 kt
2020299N18277,"Port of Greater Baton Rouge, LA",event30,tanker,-327.04640888243625,1419.6359389000002,1746.6823477824364,425.37601879745375,0.5439007844426977,ZETA,2020,Hurricane ≥64 kt
2020299N18277,"Port of Greater Baton Rouge, LA",event30,cargo,1129.7524953153425,1958.913055,829.1605596846575,98.84690544368566,0.4753141612265639,ZETA,2020,Hurricane ≥64 kt
2020299N18277,"Port of Iberia District, LA",queue,tanker,0.0,0.0,0.0,0.0,1.307874334625699,ZETA,2020,Hurricane ≥64 kt
2020299N18277,"Port of Iberia District, LA",queue,cargo,0.0,0.0,0.0,0.0,1.3088569337355107,ZETA,2020,Hurricane ≥64 kt
2020299N18277,"Port of Iberia District, LA",event30,tanker,0.0,0.0,0.0,0.0,1.3255088851675514,ZETA,2020,Hurricane ≥64 kt
2020299N18277,"Port of Iberia District, LA",event30,cargo,0.0,0.0,0.0,0.0,1.2811114745248657,ZETA,2020,Hurricane ≥64 kt
2020299N18277,"Port of Pascagoula, MS",queue,tanker,30.58738838361404,402.3325508,371.74516241638594,229.97643162479233,0.7606802191459112,ZETA,2020,Hurricane ≥64 kt
2020299N18277,"Port of Pascagoula, MS",queue,cargo,449.815813277218,793.8449099999998,344.0290967227818,25.331944445192306,1.1570167949374792,ZETA,2020,Hurricane ≥64 kt
2020299N18277,"Port of Pascagoula, MS",event30,tanker,-9.051573721102159,1139.3549438,1148.4065175211022,412.64914237709615,0.705829496577721,ZETA,2020,Hurricane ≥64 kt
2020299N18277,"Port of Pascagoula, MS",event30,cargo,1435.6975667723475,2573.8368806000003,1138.1393138276528,61.81812780768678,1.1380020947776384,ZETA,2020,Hurricane ≥64 kt
2020299N18277,"South Jersey Port Corp, NJ",queue,tanker,-28.3853206673038,283.3852765,311.7705971673038,-62.80416903605055,0.9682507692227513,ZETA,2020,Tropical storm <50 kt
2020299N18277,"South Jersey Port Corp, NJ",queue,cargo,50.420307291325926,67.0394455,16.619138208674077,13.939559251628268,1.6435877606469058,ZETA,2020,Tropical storm <50 kt
2020299N18277,"South Jersey Port Corp, NJ",event30,tanker,-549.8828884009542,726.2991429000001,1276.1820313009543,-1400.3867318313498,1.0122561281617635,ZETA,2020,Tropical storm <50 kt
2020299N18277,"South Jersey Port Corp, NJ",event30,cargo,106.68184959439795,203.6766387,96.99478910560207,33.95917463070058,1.640097299143838,ZETA,2020,Tropical storm <50 kt
2020299N18277,"South Louisiana, LA, Port of",queue,tanker,-349.61176009244554,275.8227221,625.4344821924456,-292.0099575286259,0.9803308009041201,ZETA,2020,Hurricane ≥64 kt
2020299N18277,"South Louisiana, LA, Port of",queue,cargo,263.1795357473063,1835.719893,1572.5403572526936,53.21079124168611,1.1789215813125393,ZETA,2020,Hurricane ≥64 kt
2020299N18277,"South Louisiana, LA, Port of",event30,tanker,-709.9004413328794,1359.9983842000001,2069.8988255328795,-831.724751942241,0.9803308009041201,ZETA,2020,Hurricane ≥64 kt
2020299N18277,"South Louisiana, LA, Port of",event30,cargo,1261.5758263264806,6329.5794441,5068.003617773519,288.8157207150184,1.1789215813125393,ZETA,2020,Hurricane ≥64 kt
2020299N18277,"Terrebonne Parish Port, LA",queue,tanker,-24.437216155257612,18.477497000000003,42.914713155257616,-55.0078572266942,0.822777814193224,ZETA,2020,Hurricane ≥64 kt
2020299N18277,"Terrebonne Parish Port, LA",queue,cargo,0.0,0.0,0.0,0.0,1.5872533327905567,ZETA,2020,Hurricane ≥64 kt
2020299N18277,"Terrebonne Parish Port, LA",event30,tanker,-62.99309257774403,18.6330522,81.62614477774403,-119.83532796386089,0.8948868907085555,ZETA,2020,Hurricane ≥64 kt
2020299N18277,"Terrebonne Parish Port, LA",event30,cargo,1.0425,1.0425,0.0,0.13465131,1.4994259236537424,ZETA,2020,Hurricane ≥64 kt
2020299N18277,"Virginia, VA, Port of",queue,tanker,0.6894804951050517,1.0030554,0.3135749048949484,0.5612579947490861,0.8582802622767616,ZETA,2020,Tropical storm <50 kt
2020299N18277,"Virginia, VA, Port of",queue,cargo,110.50160354428499,1231.4767929,1120.975189355715,-76.93290804999756,1.3624346025044962,ZETA,2020,Tropical storm <50 kt
2020299N18277,"Virginia, VA, Port of",event30,tanker,-17.791012244981555,7.63361,25.424622244981556,-4.805570287099641,0.8705698935369067,ZETA,2020,Tropical storm <50 kt
2020299N18277,"Virginia, VA, Port of",event30,cargo,-609.3365504566286,3106.7321642,3716.068714656629,-345.694896679361,1.3125194848923192,ZETA,2020,Tropical storm <50 kt
2020306N15288,"Jacksonville, FL",queue,tanker,1.6166672,1.6166672,0.0,0.9465966,0.9984881506847245,ETA,2020,Tropical storm <50 kt
2020306N15288,"Jacksonville, FL",queue,cargo,-13.835549793285553,2.6711084,16.506658193285553,-1.323517624511188,1.2519423777662015,ETA,2020,Tropical storm <50 kt
2020306N15288,"Jacksonville, FL",event30,tanker,28.762530800000004,28.762530800000004,0.0,29.41900405,1.0758186212882805,ETA,2020,Tropical storm <50 kt
2020306N15288,"Jacksonville, FL",event30,cargo,-175.71923777007748,146.2542014,321.9734391700775,-28.259702854768648,1.3008466270406156,ETA,2020,Tropical storm <50 kt
2020306N15288,"Manatee County Port, FL",queue,tanker,0.0,0.0,0.0,0.0,1.165922687048118,ETA,2020,Strong TS 50–63 kt
2020306N15288,"Manatee County Port, FL",queue,cargo,0.0,0.0,0.0,0.0,1.277329383932273,ETA,2020,Strong TS 50–63 kt
2020306N15288,"Manatee County Port, FL",event30,tanker,0.0,0.0,0.0,0.0,1.3277123079324815,ETA,2020,Strong TS 50–63 kt
2020306N15288,"Manatee County Port, FL",event30,cargo,0.0,0.0,0.0,0.0,1.406034689404129,ETA,2020,Strong TS 50–63 kt
2020306N15288,"Port Everglades, FL",queue,tanker,0.0,0.0,0.0,0.0,0.6315227296587544,ETA,2020,Strong TS 50–63 kt
2020306N15288,"Port Everglades, FL",queue,cargo,0.0,0.0,0.0,0.0,1.0662744516568314,ETA,2020,Strong TS 50–63 kt
2020306N15288,"Port Everglades, FL",event30,tanker,0.0,0.0,0.0,0.0,0.5613540148295774,ETA,2020,Strong TS 50–63 kt
2020306N15288,"Port Everglades, FL",event30,cargo,0.0,0.0,0.0,0.0,1.0258780999135235,ETA,2020,Strong TS 50–63 kt
2020306N15288,"Port of Brunswick, GA",queue,tanker,0.0,0.0,0.0,0.0,0.734249075237466,ETA,2020,Tropical storm <50 kt
2020306N15288,"Port of Brunswick, GA",queue,cargo,9.76287857919819,17.9391787,8.176300120801809,1.714318827384789,1.1971015068500583,ETA,2020,Tropical storm <50 kt
2020306N15288,"Port of Brunswick, GA",event30,tanker,0.0,0.0,0.0,0.0,0.9904666254124828,ETA,2020,Tropical storm <50 kt
2020306N15288,"Port of Brunswick, GA",event30,cargo,4.281746144175376,29.613059929999995,25.33131378582462,0.07385810665401493,1.087927807373098,ETA,2020,Tropical storm <50 kt
2020306N15288,"Port of Charleston, SC",queue,tanker,-0.14620420416351232,2.0577758999999998,2.203980104163512,0.7606293152425936,1.0249123195074201,ETA,2020,Tropical storm <50 kt
2020306N15288,"Port of Charleston, SC",queue,cargo,29.685384467848735,86.3314692,56.646084732151266,-9.457688165445877,1.4692245981283223,ETA,2020,Tropical storm <50 kt
2020306N15288,"Port of Charleston, SC",event30,tanker,53.8164728427164,59.897244700000016,6.080771857283613,34.62307745895474,0.9702429116278773,ETA,2020,Tropical storm <50 kt
2020306N15288,"Port of Charleston, SC",event30,cargo,47.17589528287567,291.945346,244.7694507171243,-41.055937568166485,1.4945178757653212,ETA,2020,Tropical storm <50 kt
2020306N15288,"Port of Savannah, GA",queue,tanker,-7.63673003590099,4.132772999999999,11.76950303590099,-0.5074298848630017,1.0748617569823797,ETA,2020,Tropical storm <50 kt
2020306N15288,"Port of Savannah, GA",queue,cargo,268.82901294935147,741.9916410999999,473.16262815064846,184.86009142466796,1.0068410540765462,ETA,2020,Tropical storm <50 kt
2020306N15288,"Port of Savannah, GA",event30,tanker,0.3922494119041815,59.0582975,58.66604808809582,38.54836887171355,1.0533359857850557,ETA,2020,Tropical storm <50 kt
2020306N15288,"Port of Savannah, GA",event30,cargo,641.3472191010317,1883.0295639,1241.6823447989684,346.63280245675594,1.0740967701795014,ETA,2020,Tropical storm <50 kt
2020306N15288,"PortMiami, FL",queue,tanker,54.795144010602876,74.52360039999999,19.728456389397117,32.374489012172155,1.5319942623766136,ETA,2020,Strong TS 50–63 kt
2020306N15288,"PortMiami, FL",queue,cargo,7.136402639535191,247.5445583,240.40815566046481,15.908246022137568,1.2229989024072845,ETA,2020,Strong TS 50–63 kt
2020306N15288,"PortMiami, FL",event30,tanker,-7.558547642402317,109.10745689999999,116.6660045424023,-25.74594900614683,1.5305191376361886,ETA,2020,Strong TS 50–63 kt
2020306N15288,"PortMiami, FL",event30,cargo,69.9726777335236,1094.9330454,1024.9603676664765,60.315855979107226,1.2515270248951424,ETA,2020,Strong TS 50–63 kt
2020306N15288,"Tampa Port Authority, FL",queue,tanker,0.0,0.0,0.0,0.0,1.277231070320059,ETA,2020,Strong TS 50–63 kt
2020306N15288,"Tampa Port Authority, FL",queue,cargo,-149.15073142574016,0.4977773,149.64850872574016,-13.291540094068022,0.7259153263418185,ETA,2020,Strong TS 50–63 kt
2020306N15288,"Tampa Port Authority, FL",event30,tanker,128.754427,128.754427,0.0,78.99217495,1.2108189912598437,ETA,2020,Strong TS 50–63 kt
2020306N15288,"Tampa Port Authority, FL",event30,cargo,-191.76890814771002,450.3432097,642.11211784771,-7.5412819939951845,0.7711720963565483,ETA,2020,Strong TS 50–63 kt
2021165N32282,"Morehead City, NC",queue,tanker,0.0,0.0,0.0,0.0,0.8812114959025733,BILL,2021,Tropical storm <50 kt
2021165N32282,"Morehead City, NC",queue,cargo,-1.16432653899086,0.3100001999999999,1.4743267389908599,0.18197674243040904,1.3051149896789247,BILL,2021,Tropical storm <50 kt
2021165N32282,"Morehead City, NC",event30,tanker,0.0,0.0,0.0,0.0,0.8515996055448726,BILL,2021,Tropical storm <50 kt
2021165N32282,"Morehead City, NC",event30,cargo,53.69558125044155,56.64285709999999,2.9472758495584443,4.73833850925231,1.3164395277921828,BILL,2021,Tropical storm <50 kt
2021169N23268,"Greater Lafourche Port, LA",queue,tanker,-0.8695623339284504,3.1536118999999996,4.02317423392845,-15.850673375216529,0.8186820168555299,CLAUDETTE,2021,Tropical storm <50 kt
2021169N23268,"Greater Lafourche Port, LA",queue,cargo,0.2447222,0.2447222,0.0,0.11573843,1.0371366812760552,CLAUDETTE,2021,Tropical storm <50 kt
2021169N23268,"Greater Lafourche Port, LA",event30,tanker,73.6352143597997,153.9775962,80.34238184020029,38.09463462359494,0.682002278161344,CLAUDETTE,2021,Tropical storm <50 kt
2021169N23268,"Greater Lafourche Port, LA",event30,cargo,0.9255552,0.9255552,0.0,0.39687550000000005,1.0605435763691977,CLAUDETTE,2021,Tropical storm <50 kt
2021169N23268,"Mobile, AL",queue,tanker,-51.54974762386167,0.0,51.54974762386167,-14.64281669316907,0.04432745545747188,CLAUDETTE,2021,Tropical storm <50 kt
2021169N23268,"Mobile, AL",queue,cargo,-11.901570889837123,5.589723000000001,17.491293889837124,-1.2919507253525033,0.5528396122944336,CLAUDETTE,2021,Tropical storm <50 kt
2021169N23268,"Mobile, AL",event30,tanker,-51.28363662386167,0.266111,51.54974762386167,-14.514082573169071,0.0331430399508656,CLAUDETTE,2021,Tropical storm <50 kt
2021169N23268,"Mobile, AL",event30,cargo,-96.21592397470427,23.4400009,119.65592487470427,-17.619168124624295,0.5614340360542881,CLAUDETTE,2021,Tropical storm <50 kt
2021169N23268,"Morehead City, NC",queue,tanker,0.0,0.0,0.0,0.0,0.7820421164318333,CLAUDETTE,2021,Tropical storm <50 kt
2021169N23268,"Morehead City, NC",queue,cargo,53.91479928137964,54.6209155,0.7061162186203576,4.169432522125231,1.46447835051151,CLAUDETTE,2021,Tropical storm <50 kt
2021169N23268,"Morehead City, NC",event30,tanker,0.0194444,0.0194444,0.0,0.01708535,0.8254273418203987,CLAUDETTE,2021,Tropical storm <50 kt
2021169N23268,"Morehead City, NC",event30,cargo,51.60559465122463,56.740356999999996,5.134762348775369,4.280238771515265,1.4240214376505502,CLAUDETTE,2021,Tropical storm <50 kt
2021169N23268,"New Orleans, LA",queue,tanker,564.6895451914282,984.125305,419.4357598085718,475.41293291604546,0.9803308009041201,CLAUDETTE,2021,Tropical storm <50 kt
2021169N23268,"New Orleans, LA",queue,cargo,-561.1384906787689,490.485289,1051.6237796787689,-49.6172916480444,1.1789215813125393,CLAUDETTE,2021,Tropical storm <50 kt
2021169N23268,"New Orleans, LA",event30,tanker,1122.2822428353352,2628.2663006,1505.9840577646646,909.2337293018224,0.9803308009041201,CLAUDETTE,2021,Tropical storm <50 kt
2021169N23268,"New Orleans, LA",event30,cargo,-1237.3073360346066,2297.4069495000003,3534.714285534607,-125.00354869383682,1.1789215813125393,CLAUDETTE,2021,Tropical storm <50 kt
2021169N23268,"Plaquemines Port District, LA",queue,tanker,-56.36029575568887,1595.504964,1651.8652597556888,-127.31107637320042,1.0763525375756406,CLAUDETTE,2021,Tropical storm <50 kt
2021169N23268,"Plaquemines Port District, LA",queue,cargo,-1049.304177228555,2615.2511247,3664.5553019285553,-163.61939487430766,1.0370651534827195,CLAUDETTE,2021,Tropical storm <50 kt
2021169N23268,"Plaquemines Port District, LA",event30,tanker,-1682.410744939878,4367.6660518,6050.076796739878,-2469.939909372999,1.006646753058613,CLAUDETTE,2021,Tropical storm <50 kt
2021169N23268,"Plaquemines Port District, LA",event30,cargo,-1947.0158437285227,11592.887177800001,13539.903021528524,-523.2126839311234,1.0477776099962806,CLAUDETTE,2021,Tropical storm <50 kt
2021169N23268,"Port of Charleston, SC",queue,tanker,-7.572159414692757,1.0372227,8.609382114692757,-1.4544695851464078,0.8304950486774858,CLAUDETTE,2021,Tropical storm <50 kt
2021169N23268,"Port of Charleston, SC",queue,cargo,-113.45413418026126,146.0722476,259.52638178026126,-22.592806761391543,1.3316429773905887,CLAUDETTE,2021,Tropical storm <50 kt
2021169N23268,"Port of Charleston, SC",event30,tanker,0.8789477159395602,38.737499799999995,37.858552084060435,15.535723006662904,0.8771907158245124,CLAUDETTE,2021,Tropical storm <50 kt
2021169N23268,"Port of Charleston, SC",event30,cargo,4.554473090574561,640.5635661,636.0090930094254,-51.54636438880158,1.3503216710430066,CLAUDETTE,2021,Tropical storm <50 kt
2021169N23268,"Port of Greater Baton Rouge, LA",queue,tanker,-28.1820791628451,168.2845379,196.4666170628451,14.23994578347326,0.7772154246136648,CLAUDETTE,2021,Tropical storm <50 kt
2021169N23268,"Port of Greater Baton Rouge, LA",queue,cargo,25.838204018451677,281.34121999999996,255.5030159815483,13.67545395685125,1.1789215813125393,CLAUDETTE,2021,Tropical storm <50 kt
2021169N23268,"Port of Greater Baton Rouge, LA",event30,tanker,-239.457249694663,718.1767166999999,957.6339663946629,-9.38378654333809,0.8118110962846699,CLAUDETTE,2021,Tropical storm <50 kt
2021169N23268,"Port of Greater Baton Rouge, LA",event30,cargo,-323.8207394883394,761.6257404000002,1085.4464798883396,-20.98321748405307,0.8098959234707019,CLAUDETTE,2021,Tropical storm <50 kt
2021169N23268,"Port of Iberia District, LA",queue,tanker,0.0,0.0,0.0,0.0,1.578377637576848,CLAUDETTE,2021,Tropical storm <50 kt
2021169N23268,"Port of Iberia District, LA",queue,cargo,0.0,0.0,0.0,0.0,1.6292858836465767,CLAUDETTE,2021,Tropical storm <50 kt
2021169N23268,"Port of Iberia District, LA",event30,tanker,0.0,0.0,0.0,0.0,1.5734934842372323,CLAUDETTE,2021,Tropical storm <50 kt
2021169N23268,"Port of Iberia District, LA",event30,cargo,0.0,0.0,0.0,0.0,1.4290933718716874,CLAUDETTE,2021,Tropical storm <50 kt
2021169N23268,"Port of Pascagoula, MS",queue,tanker,43.92506740438296,608.8385809999999,564.9135135956169,384.1893055559495,0.9743221636791771,CLAUDETTE,2021,Tropical storm <50 kt
2021169N23268,"Port of Pascagoula, MS",queue,cargo,901.7462165644127,1213.5565112,311.8102946355872,106.14190512012013,0.897925466626889,CLAUDETTE,2021,Tropical storm <50 kt
2021169N23268,"Port of Pascagoula, MS",event30,tanker,-882.6414390049601,1323.4849287,2206.12636770496,-119.29369562250145,1.008231742399602,CLAUDETTE,2021,Tropical storm <50 kt
2021169N23268,"Port of Pascagoula, MS",event30,cargo,2472.9338416415585,3668.8845457,1195.950704058442,287.76089617968347,0.9468541877701003,CLAUDETTE,2021,Tropical storm <50 kt
2021169N23268,"South Louisiana, LA, Port of",queue,tanker,-86.59320901692547,409.431533,496.0247420169255,-48.740469561033024,0.9803308009041201,CLAUDETTE,2021,Tropical storm <50 kt
2021169N23268,"South Louisiana, LA, Port of",queue,cargo,82.35826885438337,1557.433319,1475.0750501456166,-9.093727820927114,1.1789215813125393,CLAUDETTE,2021,Tropical storm <50 kt
2021169N23268,"South Louisiana, LA, Port of",event30,tanker,-380.8311087755833,1380.0341749999998,1760.865283775583,-308.0572126174443,0.9803308009041201,CLAUDETTE,2021,Tropical storm <50 kt
2021169N23268,"South Louisiana, LA, Port of",event30,cargo,-56.12935323247257,5289.9308286000005,5346.060181832473,-31.930155335291943,1.1789215813125393,CLAUDETTE,2021,Tropical storm <50 kt
2021169N23268,"Terrebonne Parish Port, LA",queue,tanker,-23.734962065234665,0.27194470000000004,24.006906765234664,-93.50788012619958,1.4967895225627967,CLAUDETTE,2021,Tropical storm <50 kt
2021169N23268,"Terrebonne Parish Port, LA",queue,cargo,0.0,0.0,0.0,0.0,1.4570240421634932,CLAUDETTE,2021,Tropical storm <50 kt
2021169N23268,"Terrebonne Parish Port, LA",event30,tanker,-96.36896703668438,148.22349210000002,244.5924591366844,-563.26179918499,1.5414679435052299,CLAUDETTE,2021,Tropical storm <50 kt
2021169N23268,"Terrebonne Parish Port, LA",event30,cargo,0.0,0.0,0.0,0.0,1.4189232671296155,CLAUDETTE,2021,Tropical storm <50 kt
2021169N23268,"Virginia, VA, Port of",queue,tanker,-0.39493891673991266,1.7469448,2.1418837167399127,1.2701965125383894,0.8065581856020183,CLAUDETTE,2021,Tropical storm <50 kt
2021169N23268,"Virginia, VA, Port of",queue,cargo,-761.4574354058359,1135.652693,1897.110128405836,-86.78358820793767,1.3675899086789316,CLAUDETTE,2021,Tropical storm <50 kt
2021169N23268,"Virginia, VA, Port of",event30,tanker,302.9104120708972,307.7946657,4.884253629102793,283.7128365024656,0.9870955350068843,CLAUDETTE,2021,Tropical storm <50 kt
2021169N23268,"Virginia, VA, Port of",event30,cargo,-2563.400755373116,3725.9007310999996,6289.301486473116,-279.93037520891005,1.437028973135527,CLAUDETTE,2021,Tropical storm <50 kt
2021169N23268,"Wilmington, NC",queue,tanker,0.0388889,0.0388889,0.0,0.03417069,0.8917499767584746,CLAUDETTE,2021,Tropical storm <50 kt
2021169N23268,"Wilmington, NC",queue,cargo,4.804069027837228,13.4455536,8.641484572162772,0.8215121520258459,2.0112831131667317,CLAUDETTE,2021,Tropical storm <50 kt
2021169N23268,"Wilmington, NC",event30,tanker,1.5050031000000001,1.5050031000000001,0.0,0.68104133,0.8932046261021546,CLAUDETTE,2021,Tropical storm <50 kt
2021169N23268,"Wilmington, NC",event30,cargo,-7.4174535491152085,58.1903262,65.60777974911521,0.8460967821389502,1.9936967496803983,CLAUDETTE,2021,Tropical storm <50 kt
2021179N30287,"Port of Brunswick, GA",queue,tanker,0.0,0.0,0.0,0.0,0.28260012904536447,DANNY,2021,Tropical storm <50 kt
2021179N30287,"Port of Brunswick, GA",queue,cargo,-0.16929597964699516,0.8383332,1.0076291796469952,0.11136706457943596,1.2584543755560764,DANNY,2021,Tropical storm <50 kt
2021179N30287,"Port of Brunswick, GA",event30,tanker,0.0,0.0,0.0,0.0,0.6746268909244357,DANNY,2021,Tropical storm <50 kt
2021179N30287,"Port of Brunswick, GA",event30,cargo,2.7614239143498054,5.439999099999999,2.6785751856501934,0.2810282671675506,1.2546449560747028,DANNY,2021,Tropical storm <50 kt
2021179N30287,"Port of Charleston, SC",queue,tanker,4.772053929996174,17.1833338,12.411279870003826,8.386823030545612,0.9778798959458993,DANNY,2021,Tropical storm <50 kt
2021179N30287,"Port of Charleston, SC",queue,cargo,-38.946322311905135,229.23665669999997,268.1829790119051,-23.102682185845424,1.4721134364426303,DANNY,2021,Tropical storm <50 kt
2021179N30287,"Port of Charleston, SC",event30,tanker,94.8424788436368,124.81914379999999,29.976664956363194,70.6321604681474,0.8613583078185191,DANNY,2021,Tropical storm <50 kt
2021179N30287,"Port of Charleston, SC",event30,cargo,782.0424234492499,1349.9628779000002,567.9204544507503,50.26130043556458,1.4076208856848071,DANNY,2021,Tropical storm <50 kt
2021179N30287,"Port of Savannah, GA",queue,tanker,30.165617332013074,30.7816856,0.6160682679869264,12.512138931257288,1.2138185193065159,DANNY,2021,Tropical storm <50 kt
2021179N30287,"Port of Savannah, GA",queue,cargo,568.1652408593415,1194.6938862,626.5286453406585,291.50637547068214,0.9748423082535006,DANNY,2021,Tropical storm <50 kt
2021179N30287,"Port of Savannah, GA",event30,tanker,111.37425389432669,193.22627860000003,81.85202470567334,79.55078945082023,1.0896064278788817,DANNY,2021,Tropical storm <50 kt
2021179N30287,"Port of Savannah, GA",event30,cargo,4042.2145112610533,5900.8698718000005,1858.655360538947,1524.2841163860498,1.0198605867108312,DANNY,2021,Tropical storm <50 kt
2021182N09317,"Baltimore, MD",queue,tanker,6.361945599999999,6.361945599999999,0.0,4.0229849699999995,0.6667767151530092,ELSA,2021,Strong TS 50–63 kt
2021182N09317,"Baltimore, MD",queue,cargo,-191.46097980079514,454.2199442,645.6809240007951,-34.88379358919916,1.8988092074538931,ELSA,2021,Strong TS 50–63 kt
2021182N09317,"Baltimore, MD",event30,tanker,32.878911300000006,32.878911300000006,0.0,23.93973484,0.842853553168351,ELSA,2021,Strong TS 50–63 kt
2021182N09317,"Baltimore, MD",event30,cargo,-425.6773489894008,2247.8828267,2673.5601756894007,-81.83886462103135,1.8650491776378386,ELSA,2021,Strong TS 50–63 kt
2021182N09317,"Boston, MA",queue,tanker,39.46529039555417,101.99390360000001,62.52861320444584,40.370126722414106,0.7813794601670444,ELSA,2021,Tropical storm <50 kt
2021182N09317,"Boston, MA",queue,cargo,-0.03068743490989309,0.1333337,0.1640211349098931,0.024497458497184016,1.5381911512167512,ELSA,2021,Tropical storm <50 kt
2021182N09317,"Boston, MA",event30,tanker,-25.433511594773393,355.77412350000003,381.2076350947734,12.282323333429048,0.7896077316137178,ELSA,2021,Tropical storm <50 kt
2021182N09317,"Boston, MA",event30,cargo,65.46026805397237,65.8927553,0.4324872460276368,7.320997124458694,1.690493726160017,ELSA,2021,Tropical storm <50 kt
2021182N09317,"Bridgeport, CT",queue,tanker,0.0,0.0,0.0,0.0,0.9803308009041201,ELSA,2021,Strong TS 50–63 kt
2021182N09317,"Bridgeport, CT",queue,cargo,0.0733334,0.0733334,0.0,0.047563879999999996,1.1789215813125393,ELSA,2021,Strong TS 50–63 kt
2021182N09317,"Bridgeport, CT",event30,tanker,0.0,0.0,0.0,0.0,0.9803308009041201,ELSA,2021,Strong TS 50–63 kt
2021182N09317,"Bridgeport, CT",event30,cargo,0.0733334,0.0733334,0.0,0.047563879999999996,1.1789215813125393,ELSA,2021,Strong TS 50–63 kt
2021182N09317,"Jacksonville, FL",queue,tanker,0.3261114,0.3261114,0.0,0.1426847,0.8919174022579216,ELSA,2021,Tropical storm <50 kt
2021182N09317,"Jacksonville, FL",queue,cargo,50.87770836476928,65.91002499999999,15.032316635230705,9.699303280135348,1.2845513447202497,ELSA,2021,Tropical storm <50 kt
2021182N09317,"Jacksonville, FL",event30,tanker,208.11166140000003,208.11166140000003,0.0,128.65485848000003,0.878392950854837,ELSA,2021,Tropical storm <50 kt
2021182N09317,"Jacksonville, FL",event30,cargo,324.9587484181633,435.8806531,110.92190468183674,47.1741745913807,1.3250363819761826,ELSA,2021,Tropical storm <50 kt
2021182N09317,"Manatee County Port, FL",queue,tanker,0.0,0.0,0.0,0.0,1.2399695748178405,ELSA,2021,Strong TS 50–63 kt
2021182N09317,"Manatee County Port, FL",queue,cargo,0.0,0.0,0.0,0.0,1.081080843171805,ELSA,2021,Strong TS 50–63 kt
2021182N09317,"Manatee County Port, FL",event30,tanker,0.0,0.0,0.0,0.0,1.1910837077654626,ELSA,2021,Strong TS 50–63 kt
2021182N09317,"Manatee County Port, FL",event30,cargo,0.0,0.0,0.0,0.0,1.1789215813125393,ELSA,2021,Strong TS 50–63 kt
2021182N09317,"New Haven, CT",queue,tanker,25.303390729422087,39.9722068,14.668816070577915,23.658180153710983,0.7892126712949301,ELSA,2021,Strong TS 50–63 kt
2021182N09317,"New Haven, CT",queue,cargo,-3.3642015357286628,0.3919442,3.756145735728663,0.21958834801853008,0.7072517777630368,ELSA,2021,Strong TS 50–63 kt
2021182N09317,"New Haven, CT",event30,tanker,20.25936588340162,68.7447463,48.48538041659838,36.85679848484239,1.1195082622844015,ELSA,2021,Strong TS 50–63 kt
2021182N09317,"New Haven, CT",event30,cargo,50.89192635089717,57.08197,6.190043649102829,7.469166910945094,0.703280421038971,ELSA,2021,Strong TS 50–63 kt
2021182N09317,"New York, NY & NJ",queue,tanker,-703.9172928079352,1148.9047987999998,1852.822091607935,-599.9558997631225,0.6247952484890292,ELSA,2021,Strong TS 50–63 kt
2021182N09317,"New York, NY & NJ",queue,cargo,30.611953397423463,419.79473670000004,389.1827833025766,-8.293496094950171,1.0890682237560472,ELSA,2021,Strong TS 50–63 kt
2021182N09317,"New York, NY & NJ",event30,tanker,-2358.052426052579,3538.944096,5896.996522052579,-1452.7590397429967,0.6164316325742971,ELSA,2021,Strong TS 50–63 kt
2021182N09317,"New York, NY & NJ",event30,cargo,-73.6892640529702,1264.8125384999998,1338.50180255297,27.944380106826827,1.0965952825920937,ELSA,2021,Strong TS 50–63 kt
2021182N09317,"Philadelphia Regional Port, PA",queue,tanker,39.830991801154205,97.09803629999999,57.267044498845785,40.15045513814767,0.9803308009041201,ELSA,2021,Strong TS 50–63 kt
2021182N09317,"Philadelphia Regional Port, PA",queue,cargo,9.718605535942388,32.557270200000005,22.838664664057617,-1.1710062570503315,1.1789215813125393,ELSA,2021,Strong TS 50–63 kt
2021182N09317,"Philadelphia Regional Port, PA",event30,tanker,-77.91171003858173,207.299451,285.21116103858174,61.4548426965452,0.9803308009041201,ELSA,2021,Strong TS 50–63 kt
2021182N09317,"Philadelphia Regional Port, PA",event30,cargo,87.02108134207687,161.78935739999997,74.7682760579231,14.777110147918638,1.1789215813125393,ELSA,2021,Strong TS 50–63 kt
2021182N09317,"Port Jefferson, NY",queue,tanker,0.0,0.0,0.0,0.0,1.0129283669573257,ELSA,2021,Strong TS 50–63 kt
2021182N09317,"Port Jefferson, NY",queue,cargo,0.0,0.0,0.0,0.0,1.3732665258492458,ELSA,2021,Strong TS 50–63 kt
2021182N09317,"Port Jefferson, NY",event30,tanker,0.0,0.0,0.0,0.0,0.9561982364105603,ELSA,2021,Strong TS 50–63 kt
2021182N09317,"Port Jefferson, NY",event30,cargo,0.0183333,0.0183333,0.0,0.037201330000000005,1.527881851968198,ELSA,2021,Strong TS 50–63 kt
2021182N09317,"Port of Brunswick, GA",queue,tanker,0.0,0.0,0.0,0.0,0.6228397518619084,ELSA,2021,Tropical storm <50 kt
2021182N09317,"Port of Brunswick, GA",queue,cargo,3.4169042220870294,4.3005544,0.8836501779129708,0.28304032004076035,1.1669998571730398,ELSA,2021,Tropical storm <50 kt
2021182N09317,"Port of Brunswick, GA",event30,tanker,0.0,0.0,0.0,0.0,0.6928303534916547,ELSA,2021,Tropical storm <50 kt
2021182N09317,"Port of Brunswick, GA",event30,cargo,0.8189857723350311,5.434720900000001,4.61573512766497,0.037017079845854006,1.2238658342147422,ELSA,2021,Tropical storm <50 kt
2021182N09317,"Port of Charleston, SC",queue,tanker,5.763762192613619,20.0238874,14.26012520738638,9.503400692205574,0.8667604309064022,ELSA,2021,Tropical storm <50 kt
2021182N09317,"Port of Charleston, SC",queue,cargo,180.06150955630096,219.43686479999997,39.375355243699,13.264853470479991,1.4584106812514854,ELSA,2021,Tropical storm <50 kt
2021182N09317,"Port of Charleston, SC",event30,tanker,263.93263503530005,299.23727199999996,35.30463696469991,178.8285988422706,0.8785619693801554,ELSA,2021,Tropical storm <50 kt
2021182N09317,"Port of Charleston, SC",event30,cargo,1750.2987649205004,1931.3136224000002,181.0148574794998,200.51276404392686,1.4742071487484656,ELSA,2021,Tropical storm <50 kt
2021182N09317,"Port of Providence, RI",queue,tanker,8.8338947,8.8338947,0.0,9.07194941,1.064198732066141,ELSA,2021,Tropical storm <50 kt
2021182N09317,"Port of Providence, RI",queue,cargo,244.62771113957206,249.10000019999998,4.4722890604279195,12.699450226690841,1.1992548393204765,ELSA,2021,Tropical storm <50 kt
2021182N09317,"Port of Providence, RI",event30,tanker,24.0522269,24.0522269,0.0,18.49028128,1.057233056114659,ELSA,2021,Tropical storm <50 kt
2021182N09317,"Port of Providence, RI",event30,cargo,666.2763442206734,676.7983524000001,10.522008179326745,44.941707906641305,1.3111129295123884,ELSA,2021,Tropical storm <50 kt
2021182N09317,"Port of Savannah, GA",queue,tanker,101.76552614899553,109.760339,7.994812851004463,68.05632700938769,1.2398533447205804,ELSA,2021,Tropical storm <50 kt
2021182N09317,"Port of Savannah, GA",queue,cargo,1214.1067130319923,1736.5793585999998,522.4726455680075,430.0533191276652,1.0452521928292733,ELSA,2021,Tropical storm <50 kt
2021182N09317,"Port of Savannah, GA",event30,tanker,279.8464484138096,307.7909894,27.944540986190443,192.04704786653318,1.0618806575705322,ELSA,2021,Tropical storm <50 kt
2021182N09317,"Port of Savannah, GA",event30,cargo,4637.203584367343,6847.716750700001,2210.5131663326583,1857.2456997681643,1.0553085078449014,ELSA,2021,Tropical storm <50 kt
2021182N09317,"Portland, ME",queue,tanker,0.0,0.0,0.0,0.0,1.0411596694192322,ELSA,2021,Tropical storm <50 kt
2021182N09317,"Portland, ME",queue,cargo,6.82528,6.82528,0.0,0.31431999000000005,1.147946008770672,ELSA,2021,Tropical storm <50 kt
2021182N09317,"Portland, ME",event30,tanker,0.0,0.0,0.0,0.0,1.0164351402746707,ELSA,2021,Tropical storm <50 kt
2021182N09317,"Portland, ME",event30,cargo,6.82528,6.82528,0.0,0.31431999000000005,1.1344216268247087,ELSA,2021,Tropical storm <50 kt
2021182N09317,"Searsport, ME",queue,tanker,0.0,0.0,0.0,0.0,0.7240745822698774,ELSA,2021,Tropical storm <50 kt
2021182N09317,"Searsport, ME",queue,cargo,0.039132803574875474,0.8133344,0.7742015964251245,0.5238122117039383,0.9672970525698925,ELSA,2021,Tropical storm <50 kt
2021182N09317,"Searsport, ME",event30,tanker,0.178056,0.178056,0.0,0.1074362,0.7172519949842083,ELSA,2021,Tropical storm <50 kt
2021182N09317,"Searsport, ME",event30,cargo,-0.3810491093257773,2.4738894,2.8549385093257773,1.4655862504269235,0.970271242403497,ELSA,2021,Tropical storm <50 kt
2021182N09317,"South Jersey Port Corp, NJ",queue,tanker,-252.50284599699296,528.8350175,781.337863496993,-379.5293415183272,0.9138893998331913,ELSA,2021,Strong TS 50–63 kt
2021182N09317,"South Jersey Port Corp, NJ",queue,cargo,218.6056535963764,378.23225699999995,159.62660340362353,8.770668664615743,1.525284464685034,ELSA,2021,Strong TS 50–63 kt
2021182N09317,"South Jersey Port Corp, NJ",event30,tanker,-793.2423756286789,1781.6716502999998,2574.9140259286787,-886.7711654464406,0.9184585392525305,ELSA,2021,Strong TS 50–63 kt
2021182N09317,"South Jersey Port Corp, NJ",event30,cargo,657.2840463490292,1215.0070744,557.7230280509708,59.66528620067898,1.5355714632040334,ELSA,2021,Strong TS 50–63 kt
2021182N09317,"Tampa Port Authority, FL",queue,tanker,44.3908500460505,44.770554,0.37970395394949574,42.46336111132428,1.17984307490322,ELSA,2021,Strong TS 50–63 kt
2021182N09317,"Tampa Port Authority, FL",queue,cargo,118.14916753335326,202.35575530000003,84.20658776664676,11.440813149146232,0.8545803794042561,ELSA,2021,Strong TS 50–63 kt
2021182N09317,"Tampa Port Authority, FL",event30,tanker,83.75237825590206,124.5425295,40.79015124409794,55.278959661330475,1.178884757711722,ELSA,2021,Strong TS 50–63 kt
2021182N09317,"Tampa Port Authority, FL",event30,cargo,438.0838134105198,817.4847312999998,379.40091788948,50.99928184526519,0.884780028561379,ELSA,2021,Strong TS 50–63 kt
2021182N09317,"Virginia, VA, Port of",queue,tanker,271.9619686957912,272.2249867,0.2630180042087889,270.4807925065975,1.1016692817142364,ELSA,2021,Tropical storm <50 kt
2021182N09317,"Virginia, VA, Port of",queue,cargo,-934.7071351953521,734.8007258,1669.507860995352,-115.59582790276473,1.47460981608919,ELSA,2021,Tropical storm <50 kt
2021182N09317,"Virginia, VA, Port of",event30,tanker,324.7000509627194,325.50830110000004,0.808250137280641,292.8517593253418,1.0942032370712487,ELSA,2021,Tropical storm <50 kt
2021182N09317,"Virginia, VA, Port of",event30,cargo,-2282.780715750264,3422.5188336,5705.299549350264,-215.79921640959003,1.4022037550826743,ELSA,2021,Tropical storm <50 kt
2021182N09317,"Wilmington, NC",queue,tanker,0.332222,0.332222,0.0,0.16155855000000002,0.8882486010964513,ELSA,2021,Tropical storm <50 kt
2021182N09317,"Wilmington, NC",queue,cargo,13.91967326816462,16.736672600000002,2.816999331835382,1.197180862521667,1.7977259782665984,ELSA,2021,Tropical storm <50 kt
2021182N09317,"Wilmington, NC",event30,tanker,14.697778699999999,14.697778699999999,0.0,8.77659984,0.868852139343571,ELSA,2021,Tropical storm <50 kt
2021182N09317,"Wilmington, NC",event30,cargo,65.69659243663338,74.9333959,9.236803463366616,9.447698282733823,1.866018979545815,ELSA,2021,Tropical storm <50 kt
2021227N36297,"Albany Port District, NY",queue,tanker,0.1455557,0.1455557,0.0,0.12240930000000003,0.4808713422105995,HENRI,2021,Tropical storm <50 kt
2021227N36297,"Albany Port District, NY",queue,cargo,0.16666670000000003,0.16666670000000003,0.0,0.160778919,0.5234533225788585,HENRI,2021,Tropical storm <50 kt
2021227N36297,"Albany Port District, NY",event30,tanker,0.1455557,0.1455557,0.0,0.1224093,0.4776718361727487,HENRI,2021,Tropical storm <50 kt
2021227N36297,"Albany Port District, NY",event30,cargo,0.5258335999999999,0.5258335999999999,0.0,0.47498173899999996,0.5038632975878453,HENRI,2021,Tropical storm <50 kt
2021227N36297,"Boston, MA",queue,tanker,142.26284147304688,172.0827121,29.81987062695312,88.96415536543742,1.0685316541748375,HENRI,2021,Tropical storm <50 kt
2021227N36297,"Boston, MA",queue,cargo,0.06808746314237307,0.34249999999999997,0.2744125368576269,0.24371502883042678,1.5308724561545644,HENRI,2021,Tropical storm <50 kt
2021227N36297,"Boston, MA",event30,tanker,317.8017623933209,642.6618419,324.8600795066791,262.06426178262564,0.9341965118298157,HENRI,2021,Tropical storm <50 kt
2021227N36297,"Boston, MA",event30,cargo,33.4758949766054,34.6230319,1.1471369233945978,3.941721455782739,1.54855702409813,HENRI,2021,Tropical storm <50 kt
2021227N36297,"Bridgeport, CT",queue,tanker,0.0,0.0,0.0,0.0,0.9803308009041201,HENRI,2021,Tropical storm <50 kt
2021227N36297,"Bridgeport, CT",queue,cargo,0.0972222,0.0972222,0.0,0.02551132,1.1789215813125393,HENRI,2021,Tropical storm <50 kt
2021227N36297,"Bridgeport, CT",event30,tanker,0.0191667,0.0191667,0.0,0.01453616,0.9803308009041201,HENRI,2021,Tropical storm <50 kt
2021227N36297,"Bridgeport, CT",event30,cargo,0.0972222,0.0972222,0.0,0.02551132,1.1789215813125393,HENRI,2021,Tropical storm <50 kt
2021227N36297,"New Haven, CT",queue,tanker,80.22475447500487,82.227689,2.002934524995127,50.82049457978709,0.8413113299408229,HENRI,2021,Tropical storm <50 kt
2021227N36297,"New Haven, CT",queue,cargo,-2.9422303684802578,0.4405555,3.3827858684802576,0.22566252881129847,0.7073094516352958,HENRI,2021,Tropical storm <50 kt
2021227N36297,"New Haven, CT",event30,tanker,65.3175168799176,113.0407799,47.723263020082406,66.33613543907919,1.00430794822761,HENRI,2021,Tropical storm <50 kt
2021227N36297,"New Haven, CT",event30,cargo,5.055055853571452,12.0413859,6.986330046428548,0.9410243955083029,0.6977592320934615,HENRI,2021,Tropical storm <50 kt
2021227N36297,"New York, NY & NJ",queue,tanker,237.21799538671917,1850.5590023999998,1613.3410070132807,44.15072650809816,0.6096665106780494,HENRI,2021,Tropical storm <50 kt
2021227N36297,"New York, NY & NJ",queue,cargo,258.1122307726913,675.0380465000001,416.92581572730876,73.84416346661122,1.0420707337795803,HENRI,2021,Tropical storm <50 kt
2021227N36297,"New York, NY & NJ",event30,tanker,1276.667017906031,5875.969390100001,4599.30237219397,909.3538974970088,0.5544107499913787,HENRI,2021,Tropical storm <50 kt
2021227N36297,"New York, NY & NJ",event30,cargo,2112.507551425829,3504.2931025000003,1391.785551074171,673.5122357382086,0.9780755088873935,HENRI,2021,Tropical storm <50 kt
2021227N36297,"Philadelphia Regional Port, PA",queue,tanker,0.9565088928618337,93.42547619999999,92.46896730713816,42.51854345418545,0.9803308009041201,HENRI,2021,Tropical storm <50 kt
2021227N36297,"Philadelphia Regional Port, PA",queue,cargo,15.724245528409645,30.2249514,14.500705871590354,3.841120163532694,1.1789215813125393,HENRI,2021,Tropical storm <50 kt
2021227N36297,"Philadelphia Regional Port, PA",event30,tanker,-16.121177444432078,244.4535528,260.5747302444321,85.62933213751,0.9803308009041201,HENRI,2021,Tropical storm <50 kt
2021227N36297,"Philadelphia Regional Port, PA",event30,cargo,12.269138011140903,60.2268908,47.957752788859096,7.6730295430490205,1.1789215813125393,HENRI,2021,Tropical storm <50 kt
2021227N36297,"Port Jefferson, NY",queue,tanker,0.0,0.0,0.0,0.0,1.1331609413977277,HENRI,2021,Tropical storm <50 kt
2021227N36297,"Port Jefferson, NY",queue,cargo,-42.1358955674765,0.0194444,42.1553399674765,-18.495568270701412,1.5811979696421987,HENRI,2021,Tropical storm <50 kt
2021227N36297,"Port Jefferson, NY",event30,tanker,0.0,0.0,0.0,0.0,1.0412569245929442,HENRI,2021,Tropical storm <50 kt
2021227N36297,"Port Jefferson, NY",event30,cargo,-46.38378519662421,0.0388888,46.42267399662421,-19.870844556692266,1.500394177399726,HENRI,2021,Tropical storm <50 kt
2021227N36297,"Port of Providence, RI",queue,tanker,100.1005589,100.1005589,0.0,101.498194381,0.8922008797851034,HENRI,2021,Tropical storm <50 kt
2021227N36297,"Port of Providence, RI",queue,cargo,7.765526953134792,11.559441200000002,3.7939142468652096,3.2533115949711733,1.0846378431734047,HENRI,2021,Tropical storm <50 kt
2021227N36297,"Port of Providence, RI",event30,tanker,113.54500110000001,113.54500110000001,0.0,110.093006521,0.9045007999343077,HENRI,2021,Tropical storm <50 kt
2021227N36297,"Port of Providence, RI",event30,cargo,142.18642558054395,154.42438,12.23795441945607,25.405598583297312,1.0818449444432632,HENRI,2021,Tropical storm <50 kt
2021227N36297,"Portland, ME",queue,tanker,0.00805556,0.00805556,0.0,0.00723131,0.9734944176507231,HENRI,2021,Tropical storm <50 kt
2021227N36297,"Portland, ME",queue,cargo,0.0,0.0,0.0,0.0,0.8072938145176194,HENRI,2021,Tropical storm <50 kt
2021227N36297,"Portland, ME",event30,tanker,50.745572259999996,50.745572259999996,0.0,31.325401406,0.9135839471224939,HENRI,2021,Tropical storm <50 kt
2021227N36297,"Portland, ME",event30,cargo,10.79861,10.79861,0.0,0.82950239,0.7911832924303033,HENRI,2021,Tropical storm <50 kt
2021239N17281,"Baltimore, MD",queue,tanker,2.6652775,2.6652775,0.0,1.78974288,0.23703069853780462,IDA,2021,Tropical storm <50 kt
2021239N17281,"Baltimore, MD",queue,cargo,279.4412930634644,1409.1453563999999,1129.7040633365355,21.195700360774282,2.3280346456761487,IDA,2021,Tropical storm <50 kt
2021239N17281,"Baltimore, MD",event30,tanker,1.504867109188997,2.7605551000000004,1.2556879908110035,1.3889642095467638,0.5486230892355477,IDA,2021,Tropical storm <50 kt
2021239N17281,"Baltimore, MD",event30,cargo,2130.839359380427,5454.890503,3324.0511436195725,238.06060469868197,2.192615007593607,IDA,2021,Tropical storm <50 kt
2021239N17281,"Boston, MA",queue,tanker,113.00551144753587,237.0880511,124.08253965246413,91.1755841258792,0.8380823192455409,IDA,2021,Tropical storm <50 kt
2021239N17281,"Boston, MA",queue,cargo,1.8828883494940554,3.4574988,1.5746104505059448,1.2602297859655358,1.5552058595779634,IDA,2021,Tropical storm <50 kt
2021239N17281,"Boston, MA",event30,tanker,5.436952869870083,549.2379379,543.8009850301299,129.8526498068345,0.8585679640691358,IDA,2021,Tropical storm <50 kt
2021239N17281,"Boston, MA",event30,cargo,9.150013301899776,11.183330899999998,2.0333175981002225,2.160862341383308,1.5450051159492004,IDA,2021,Tropical storm <50 kt
2021239N17281,"Bridgeport, CT",queue,tanker,0.0191667,0.0191667,0.0,0.01453616,0.9803308009041201,IDA,2021,Tropical storm <50 kt
2021239N17281,"Bridgeport, CT",queue,cargo,0.0,0.0,0.0,0.0,1.1789215813125393,IDA,2021,Tropical storm <50 kt
2021239N17281,"Bridgeport, CT",event30,tanker,0.0191667,0.0191667,0.0,0.01453616,0.9803308009041201,IDA,2021,Tropical storm <50 kt
2021239N17281,"Bridgeport, CT",event30,cargo,0.0972222,0.0972222,0.0,0.02551132,1.1789215813125393,IDA,2021,Tropical storm <50 kt
2021239N17281,"Greater Lafourche Port, LA",queue,tanker,0.012482339183690204,0.0441667,0.0316843608163098,0.016190786156035974,1.3761505752591106,IDA,2021,Hurricane ≥64 kt
2021239N17281,"Greater Lafourche Port, LA",queue,cargo,0.4972221,0.4972221,0.0,0.31878029999999996,1.5761381274293518,IDA,2021,Hurricane ≥64 kt
2021239N17281,"Greater Lafourche Port, LA",event30,tanker,50.46419862650867,72.82804490000001,22.36384627349134,131.2017956030242,1.4848089587997824,IDA,2021,Hurricane ≥64 kt
2021239N17281,"Greater Lafourche Port, LA",event30,cargo,0.5555554,0.5555554,0.0,0.34992499,1.3860432163227507,IDA,2021,Hurricane ≥64 kt
2021239N17281,"New Haven, CT",queue,tanker,-9.528281420550584,1.1708334,10.699114820550584,0.7539717230038511,0.9089069293413407,IDA,2021,Tropical storm <50 kt
2021239N17281,"New Haven, CT",queue,cargo,-10.233892978973378,0.2972226,10.531115578973377,0.17814326055013982,0.6869933338234145,IDA,2021,Tropical storm <50 kt
2021239N17281,"New Haven, CT",event30,tanker,-2.0864600649952507,45.346402100000006,47.43286216499526,25.814849749558583,0.979277670537353,IDA,2021,Tropical storm <50 kt
2021239N17281,"New Haven, CT",event30,cargo,-4.606462127178894,11.886108,16.492570127178894,0.765157304141741,0.6785226724132796,IDA,2021,Tropical storm <50 kt
2021239N17281,"New Orleans, LA",queue,tanker,-434.4459781481263,187.60458129999998,622.0505594481263,-671.6989683064478,0.9803308009041201,IDA,2021,Hurricane ≥64 kt
2021239N17281,"New Orleans, LA",queue,cargo,610.1136170580724,1512.5910342,902.4774171419276,23.48576042459962,1.1789215813125393,IDA,2021,Hurricane ≥64 kt
2021239N17281,"New Orleans, LA",event30,tanker,-919.41542148823,944.1750410000001,1863.59046248823,-1284.2159543424737,0.9803308009041201,IDA,2021,Hurricane ≥64 kt
2021239N17281,"New Orleans, LA",event30,cargo,2485.57079725211,5941.299336499999,3455.7285392478893,125.34543314504674,1.1789215813125393,IDA,2021,Hurricane ≥64 kt
2021239N17281,"New York, NY & NJ",queue,tanker,-132.5807302196522,1454.2276972,1586.8084274196522,-409.3278765586715,0.5432634442575659,IDA,2021,Tropical storm <50 kt
2021239N17281,"New York, NY & NJ",queue,cargo,480.66872037864755,1256.6245439,775.9558235213524,182.07724707889543,0.8400469166555247,IDA,2021,Tropical storm <50 kt
2021239N17281,"New York, NY & NJ",event30,tanker,1244.148143423724,5645.7970227999995,4401.6488793762755,1073.286226721555,0.5930731939581148,IDA,2021,Tropical storm <50 kt
2021239N17281,"New York, NY & NJ",event30,cargo,1536.9956129432144,3646.9482287,2109.9526157567857,595.3885381363284,0.8941656844063963,IDA,2021,Tropical storm <50 kt
2021239N17281,"Philadelphia Regional Port, PA",queue,tanker,-35.35872649651029,23.7444384,59.10316489651029,-23.222785085381698,0.9803308009041201,IDA,2021,Tropical storm <50 kt
2021239N17281,"Philadelphia Regional Port, PA",queue,cargo,-13.622097797280386,5.726387999999999,19.348485797280386,-1.0407133780910582,1.1789215813125393,IDA,2021,Tropical storm <50 kt
2021239N17281,"Philadelphia Regional Port, PA",event30,tanker,-23.15862884845251,172.6296238,195.7882526484525,82.43895750346812,0.9803308009041201,IDA,2021,Tropical storm <50 kt
2021239N17281,"Philadelphia Regional Port, PA",event30,cargo,-26.94547719763299,46.86723560000001,73.812712797633,2.3683590250567654,1.1789215813125393,IDA,2021,Tropical storm <50 kt
2021239N17281,"Plaquemines Port District, LA",queue,tanker,655.0222272350247,2324.4503588999996,1669.428131664975,628.977228582828,0.9480224798894136,IDA,2021,Hurricane ≥64 kt
2021239N17281,"Plaquemines Port District, LA",queue,cargo,6631.567151485926,10571.49,3939.922848514074,586.9138813672479,1.106469887605631,IDA,2021,Hurricane ≥64 kt
2021239N17281,"Plaquemines Port District, LA",event30,tanker,3339.804851746224,8457.136024199997,5117.331172453773,3794.318125349412,0.9202752418667115,IDA,2021,Hurricane ≥64 kt
2021239N17281,"Plaquemines Port District, LA",event30,cargo,19205.65423306846,34915.5704858,15709.916252731542,1643.7343119952825,1.1239088874841663,IDA,2021,Hurricane ≥64 kt
2021239N17281,"Port Jefferson, NY",queue,tanker,0.0,0.0,0.0,0.0,1.0381066419896183,IDA,2021,Tropical storm <50 kt
2021239N17281,"Port Jefferson, NY",queue,cargo,-16.581222783446133,0.0194444,16.600667183446134,-6.528678307086762,1.5582772105435367,IDA,2021,Tropical storm <50 kt
2021239N17281,"Port Jefferson, NY",event30,tanker,0.0,0.0,0.0,0.0,1.0484428318003927,IDA,2021,Tropical storm <50 kt
2021239N17281,"Port Jefferson, NY",event30,cargo,-46.40322959662423,0.0194444,46.422673996624226,-19.883899683692263,1.5559757308003268,IDA,2021,Tropical storm <50 kt
2021239N17281,"Port of Greater Baton Rouge, LA",queue,tanker,890.8064892265953,1076.5412458,185.73475657340475,679.7428433978971,0.7527821628536085,IDA,2021,Hurricane ≥64 kt
2021239N17281,"Port of Greater Baton Rouge, LA",queue,cargo,702.7835336568994,1102.269,399.48546634310065,79.51459909670321,1.265931514019993,IDA,2021,Hurricane ≥64 kt
2021239N17281,"Port of Greater Baton Rouge, LA",event30,tanker,1008.5950332174326,1879.5270890000002,870.9320557825675,514.3537175316817,0.7702696344460719,IDA,2021,Hurricane ≥64 kt
2021239N17281,"Port of Greater Baton Rouge, LA",event30,cargo,1817.2658224965687,3393.64653,1576.3807075034313,187.87052954669795,1.195371435127879,IDA,2021,Hurricane ≥64 kt
2021239N17281,"Port of Iberia District, LA",queue,tanker,0.0,0.0,0.0,0.0,1.5810778412528992,IDA,2021,Hurricane ≥64 kt
2021239N17281,"Port of Iberia District, LA",queue,cargo,0.0,0.0,0.0,0.0,1.4332298839652433,IDA,2021,Hurricane ≥64 kt
2021239N17281,"Port of Iberia District, LA",event30,tanker,0.0,0.0,0.0,0.0,1.5624498867358552,IDA,2021,Hurricane ≥64 kt
2021239N17281,"Port of Iberia District, LA",event30,cargo,0.0,0.0,0.0,0.0,1.4578276329480215,IDA,2021,Hurricane ≥64 kt
2021239N17281,"Port of Providence, RI",queue,tanker,0.11388890000000002,0.11388890000000002,0.0,0.11040668000000001,1.0391202996271725,IDA,2021,Tropical storm <50 kt
2021239N17281,"Port of Providence, RI",queue,cargo,-1.4058631214782107,0.7680560000000001,2.1739191214782108,0.17961497327157894,1.0419245693663692,IDA,2021,Tropical storm <50 kt
2021239N17281,"Port of Providence, RI",event30,tanker,17.129156599999998,17.129156599999998,0.0,10.846858690000001,1.0045592763303408,IDA,2021,Tropical storm <50 kt
2021239N17281,"Port of Providence, RI",event30,cargo,138.1039515092185,150.07782670000003,11.973875190781536,30.168586649241295,1.0711770793878566,IDA,2021,Tropical storm <50 kt
2021239N17281,"Searsport, ME",queue,tanker,0.0,0.0,0.0,0.0,0.6509679464818677,IDA,2021,Tropical storm <50 kt
2021239N17281,"Searsport, ME",queue,cargo,-48.44061240234248,28.7025174,77.14312980234249,-8.720196158790548,0.8462707342802991,IDA,2021,Tropical storm <50 kt
2021239N17281,"Searsport, ME",event30,tanker,0.0583333,0.0583333,0.0,0.03757545,0.7044456535182332,IDA,2021,Tropical storm <50 kt
2021239N17281,"Searsport, ME",event30,cargo,-231.36367536743495,31.1786288,262.54230416743496,-33.16705102826888,0.808536388725085,IDA,2021,Tropical storm <50 kt
2021239N17281,"South Jersey Port Corp, NJ",queue,tanker,-159.43854290747964,380.7130086,540.1515515074797,34.910194610953226,0.9055261043559727,IDA,2021,Tropical storm <50 kt
2021239N17281,"South Jersey Port Corp, NJ",queue,cargo,237.89265644830215,338.21585789999995,100.32320145169781,71.89342491057612,1.4237850816989293,IDA,2021,Tropical storm <50 kt
2021239N17281,"South Jersey Port Corp, NJ",event30,tanker,-147.74098126565673,1783.4832064,1931.2241876656567,932.7158967703617,0.8697877438902355,IDA,2021,Tropical storm <50 kt
2021239N17281,"South Jersey Port Corp, NJ",event30,cargo,-340.0705082934669,875.8733132,1215.9438214934669,165.73916358894428,1.4311323460865817,IDA,2021,Tropical storm <50 kt
2021239N17281,"South Louisiana, LA, Port of",queue,tanker,-192.85074254796442,177.11239600000002,369.96313854796443,-175.40700524074293,0.9803308009041201,IDA,2021,Hurricane ≥64 kt
2021239N17281,"South Louisiana, LA, Port of",queue,cargo,1149.4763418343541,3351.27248,2201.796138165646,177.38882716078075,1.1789215813125393,IDA,2021,Hurricane ≥64 kt
2021239N17281,"South Louisiana, LA, Port of",event30,tanker,152.85621556344176,1345.4421758,1192.5859602365583,-7.113926092427164,0.9803308009041201,IDA,2021,Hurricane ≥64 kt
2021239N17281,"South Louisiana, LA, Port of",event30,cargo,3611.8561240251474,12683.866364599999,9072.010240574851,339.74887560137495,1.1789215813125393,IDA,2021,Hurricane ≥64 kt
2021239N17281,"Terrebonne Parish Port, LA",queue,tanker,-7.569976961158236,0.0,7.569976961158236,-20.35203774469543,1.4204601867089934,IDA,2021,Hurricane ≥64 kt
2021239N17281,"Terrebonne Parish Port, LA",queue,cargo,0.0,0.0,0.0,0.0,1.715777100377985,IDA,2021,Hurricane ≥64 kt
2021239N17281,"Terrebonne Parish Port, LA",event30,tanker,14.770763346180512,22.611899899999997,7.841136553819486,18.526824597909773,1.5279587916237505,IDA,2021,Hurricane ≥64 kt
2021239N17281,"Terrebonne Parish Port, LA",event30,cargo,0.0,0.0,0.0,0.0,1.602003429058533,IDA,2021,Hurricane ≥64 kt
2021256N21265,"Beaumont, TX",queue,tanker,-60.73936350075732,34.35171,95.09107350075732,-29.323050615534527,0.9803308009041201,NICHOLAS,2021,Tropical storm <50 kt
2021256N21265,"Beaumont, TX",queue,cargo,0.0,0.0,0.0,0.0,1.1789215813125393,NICHOLAS,2021,Tropical storm <50 kt
2021256N21265,"Beaumont, TX",event30,tanker,-226.10338133945874,211.9472,438.05058133945874,-149.90310582494686,0.9803308009041201,NICHOLAS,2021,Tropical storm <50 kt
2021256N21265,"Beaumont, TX",event30,cargo,3.77361,3.77361,0.0,0.17352696,1.1789215813125393,NICHOLAS,2021,Tropical storm <50 kt
2021256N21265,"Brownsville, TX",queue,tanker,3.4111084,3.4111084,0.0,1.4548192199999999,0.8115301260970359,NICHOLAS,2021,Strong TS 50–63 kt
2021256N21265,"Brownsville, TX",queue,cargo,94.53689780000002,94.53689780000002,0.0,7.125211419999999,1.5767462274854942,NICHOLAS,2021,Strong TS 50–63 kt
2021256N21265,"Brownsville, TX",event30,tanker,10.580271399999999,10.580271399999999,0.0,5.83610837,0.7356378543396072,NICHOLAS,2021,Strong TS 50–63 kt
2021256N21265,"Brownsville, TX",event30,cargo,132.4176993,132.4176993,0.0,12.17122254,1.5184940658219939,NICHOLAS,2021,Strong TS 50–63 kt
2021256N21265,"Calhoun Port Authority, TX",queue,tanker,84.86572412454312,104.42726669999999,19.56154257545687,42.6386696049793,0.9531199874623275,NICHOLAS,2021,Hurricane ≥64 kt
2021256N21265,"Calhoun Port Authority, TX",queue,cargo,0.0,0.0,0.0,0.0,0.6298383158933698,NICHOLAS,2021,Hurricane ≥64 kt
2021256N21265,"Calhoun Port Authority, TX",event30,tanker,-16728.0523704053,676.2654187,17404.317789105302,-4099.49405425168,0.7887742677737354,NICHOLAS,2021,Hurricane ≥64 kt
2021256N21265,"Calhoun Port Authority, TX",event30,cargo,-9434.63680962909,252.05328889999998,9686.69009852909,-1426.9268452976003,0.725858130728312,NICHOLAS,2021,Hurricane ≥64 kt
2021256N21265,"Corpus Christi, TX",queue,tanker,107.77341593768028,1764.2655045000001,1656.4920885623199,371.1721103221257,0.9275554956432323,NICHOLAS,2021,Strong TS 50–63 kt
2021256N21265,"Corpus Christi, TX",queue,cargo,-5.265528994474948,540.3760887,545.6416176944749,-6.425231225914786,1.2371446600010465,NICHOLAS,2021,Strong TS 50–63 kt
2021256N21265,"Corpus Christi, TX",event30,tanker,-342.21267932756746,6208.8768711,6551.089550427568,639.4294158981229,0.8964932492976982,NICHOLAS,2021,Strong TS 50–63 kt
2021256N21265,"Corpus Christi, TX",event30,cargo,-147.32418697676167,1478.6798997000003,1626.004086676762,-48.21106598337286,1.085370035176564,NICHOLAS,2021,Strong TS 50–63 kt
2021256N21265,"Galveston, TX",queue,tanker,2025.402598152441,11592.448017399998,9567.045419247557,1964.077570476964,0.8141719470295797,NICHOLAS,2021,Tropical storm <50 kt
2021256N21265,"Galveston, TX",queue,cargo,1485.3809909749637,3380.4317299,1895.0507389250363,272.826758287467,1.0206126319268138,NICHOLAS,2021,Tropical storm <50 kt
2021256N21265,"Galveston, TX",event30,tanker,1117.8463927207195,35828.4998702,34710.65347747928,1170.7652576729124,0.7929180603646903,NICHOLAS,2021,Tropical storm <50 kt
2021256N21265,"Galveston, TX",event30,cargo,4738.33333277434,11735.734101400001,6997.400768625661,1006.6359511959538,1.0781478204776087,NICHOLAS,2021,Tropical storm <50 kt
2021256N21265,"Greater Lafourche Port, LA",queue,tanker,20.785972573020604,25.918322200000002,5.132349626979399,47.22691494823272,0.7757246834167255,NICHOLAS,2021,Tropical storm <50 kt
2021256N21265,"Greater Lafourche Port, LA",queue,cargo,0.0,0.0,0.0,0.0,1.4266573835214924,NICHOLAS,2021,Tropical storm <50 kt
2021256N21265,"Greater Lafourche Port, LA",event30,tanker,126.57336398567148,139.11337820000003,12.540014214328556,229.9607066085103,0.7395943528031884,NICHOLAS,2021,Tropical storm <50 kt
2021256N21265,"Greater Lafourche Port, LA",event30,cargo,0.0583333,0.0583333,0.0,0.03114469,1.4682022967285384,NICHOLAS,2021,Tropical storm <50 kt
2021256N21265,"Houston Port Authority, TX",queue,tanker,0.0,0.0,0.0,0.0,0.9803308009041201,NICHOLAS,2021,Tropical storm <50 kt
2021256N21265,"Houston Port Authority, TX",queue,cargo,0.0,0.0,0.0,0.0,1.1789215813125393,NICHOLAS,2021,Tropical storm <50 kt
2021256N21265,"Houston Port Authority, TX",event30,tanker,0.0,0.0,0.0,0.0,0.9803308009041201,NICHOLAS,2021,Tropical storm <50 kt
2021256N21265,"Houston Port Authority, TX",event30,cargo,0.0,0.0,0.0,0.0,1.1789215813125393,NICHOLAS,2021,Tropical storm <50 kt
2021256N21265,"Lake Charles Harbor District, LA",queue,tanker,-115.49436652364511,560.6369752,676.1313417236452,43.4103386512262,1.393569967375444,NICHOLAS,2021,Tropical storm <50 kt
2021256N21265,"Lake Charles Harbor District, LA",queue,cargo,29.50047778728728,54.5541528,25.053675012712716,6.521665565526784,1.3456746141701423,NICHOLAS,2021,Tropical storm <50 kt
2021256N21265,"Lake Charles Harbor District, LA",event30,tanker,-374.3076715036068,1965.1146557999996,2339.4223273036064,-153.74468012695138,1.3251153231951012,NICHOLAS,2021,Tropical storm <50 kt
2021256N21265,"Lake Charles Harbor District, LA",event30,cargo,243.4473583976064,294.3123456,50.86498720239362,31.402673231882314,1.303995956059007,NICHOLAS,2021,Tropical storm <50 kt
2021256N21265,"New Orleans, LA",queue,tanker,-47.67263961801177,330.3828043,378.05544391801175,-51.94331208656757,0.9803308009041201,NICHOLAS,2021,Tropical storm <50 kt
2021256N21265,"New Orleans, LA",queue,cargo,898.2287338116694,1976.6185019,1078.3897680883306,83.88976066810376,1.1789215813125393,NICHOLAS,2021,Tropical storm <50 kt
2021256N21265,"New Orleans, LA",event30,tanker,-466.8226827922107,1018.0556499999999,1484.8783327922106,-422.5379622314874,0.9803308009041201,NICHOLAS,2021,Tropical storm <50 kt
2021256N21265,"New Orleans, LA",event30,cargo,2630.8814775049723,6869.431068700001,4238.549591195028,284.63644759351854,1.1789215813125393,NICHOLAS,2021,Tropical storm <50 kt
2021256N21265,"Orange County Nav District, TX",queue,tanker,16.75824096176799,20.2981002,3.53985923823201,18.24446260390318,0.9803308009041201,NICHOLAS,2021,Tropical storm <50 kt
2021256N21265,"Orange County Nav District, TX",queue,cargo,53.12144091715767,53.1275,0.0060590828423243,3.901179449548101,1.1789215813125393,NICHOLAS,2021,Tropical storm <50 kt
2021256N21265,"Orange County Nav District, TX",event30,tanker,94.45607108518126,109.6011877,15.14511661481873,115.10858285794474,0.9803308009041201,NICHOLAS,2021,Tropical storm <50 kt
2021256N21265,"Orange County Nav District, TX",event30,cargo,339.9647272041176,340.06359389999994,0.09886669588232859,25.452662079287432,1.1789215813125393,NICHOLAS,2021,Tropical storm <50 kt
2021256N21265,"Port Arthur, TX",queue,tanker,0.0,0.0,0.0,0.0,0.9803308009041201,NICHOLAS,2021,Tropical storm <50 kt
2021256N21265,"Port Arthur, TX",queue,cargo,0.0,0.0,0.0,0.0,1.1789215813125393,NICHOLAS,2021,Tropical storm <50 kt
2021256N21265,"Port Arthur, TX",event30,tanker,0.0,0.0,0.0,0.0,0.9803308009041201,NICHOLAS,2021,Tropical storm <50 kt
2021256N21265,"Port Arthur, TX",event30,cargo,0.0,0.0,0.0,0.0,1.1789215813125393,NICHOLAS,2021,Tropical storm <50 kt
2021256N21265,"Port Freeport, TX",queue,tanker,-12.02796626105885,842.2198710999999,854.2478373610587,-141.50096601256178,1.2520609284658202,NICHOLAS,2021,Strong TS 50–63 kt
2021256N21265,"Port Freeport, TX",queue,cargo,13.605277699999998,13.605277699999998,0.0,3.60734723,1.185611914707545,NICHOLAS,2021,Strong TS 50–63 kt
2021256N21265,"Port Freeport, TX",event30,tanker,77.83503330320946,2701.6155178000004,2623.780484496791,-107.57366887505987,1.1909833814203237,NICHOLAS,2021,Strong TS 50–63 kt
2021256N21265,"Port Freeport, TX",event30,cargo,89.3017554,89.3017554,0.0,18.902682663000004,1.2715571945657467,NICHOLAS,2021,Strong TS 50–63 kt
2021256N21265,"Port of Greater Baton Rouge, LA",queue,tanker,-350.05959774365397,146.9656004,497.02519814365394,-504.80466036225005,0.7103584932084666,NICHOLAS,2021,Tropical storm <50 kt
2021256N21265,"Port of Greater Baton Rouge, LA",queue,cargo,398.48495321829296,1098.6862,700.2012467817071,35.735015687308476,0.7321447773360307,NICHOLAS,2021,Tropical storm <50 kt
2021256N21265,"Port of Greater Baton Rouge, LA",event30,tanker,-388.05858338185965,866.2838026000001,1254.3423859818597,-572.7464922683458,0.7245244000128781,NICHOLAS,2021,Tropical storm <50 kt
2021256N21265,"Port of Greater Baton Rouge, LA",event30,cargo,127.32779625054991,2893.38816,2766.06036374945,-9.758902065105474,0.7496445995118528,NICHOLAS,2021,Tropical storm <50 kt
2021256N21265,"Port of Iberia District, LA",queue,tanker,0.0,0.0,0.0,0.0,1.5968230073932228,NICHOLAS,2021,Tropical storm <50 kt
2021256N21265,"Port of Iberia District, LA",queue,cargo,0.0,0.0,0.0,0.0,1.4960010660502514,NICHOLAS,2021,Tropical storm <50 kt
2021256N21265,"Port of Iberia District, LA",event30,tanker,0.0,0.0,0.0,0.0,1.5540253943337186,NICHOLAS,2021,Tropical storm <50 kt
2021256N21265,"Port of Iberia District, LA",event30,cargo,0.0,0.0,0.0,0.0,1.5281481883000412,NICHOLAS,2021,Tropical storm <50 kt
2021256N21265,"Sabine Pass Port Authority, TX",queue,tanker,-138.1080455645856,1756.82456,1894.9326055645856,133.77982580769162,0.9813839312708871,NICHOLAS,2021,Tropical storm <50 kt
2021256N21265,"Sabine Pass Port Authority, TX",queue,cargo,-40.33194310481737,86.042837,126.37478010481738,0.30547388292244904,0.5854212176952249,NICHOLAS,2021,Tropical storm <50 kt
2021256N21265,"Sabine Pass Port Authority, TX",event30,tanker,-647.7119095825765,6401.569191099999,7049.281100682576,1063.2620593722768,0.9566715977192737,NICHOLAS,2021,Tropical storm <50 kt
2021256N21265,"Sabine Pass Port Authority, TX",event30,cargo,541.3450898917212,919.6205551,378.2754652082789,43.02918027866296,0.5069717381803174,NICHOLAS,2021,Tropical storm <50 kt
2021256N21265,"South Louisiana, LA, Port of",queue,tanker,319.0946144757245,616.168797,297.07418252427556,209.37578082023407,0.9803308009041201,NICHOLAS,2021,Tropical storm <50 kt
2021256N21265,"South Louisiana, LA, Port of",queue,cargo,1174.6820413340583,3917.3618116,2742.6797702659414,26.779527317119403,1.1789215813125393,NICHOLAS,2021,Tropical storm <50 kt
2021256N21265,"South Louisiana, LA, Port of",event30,tanker,776.2110126982391,1720.4026909999998,944.1916783017607,542.8702444870646,0.9803308009041201,NICHOLAS,2021,Tropical storm <50 kt
2021256N21265,"South Louisiana, LA, Port of",event30,cargo,3678.246264191823,13716.379433599997,10038.133169408175,227.66732189629806,1.1789215813125393,NICHOLAS,2021,Tropical storm <50 kt
2021256N21265,"Terrebonne Parish Port, LA",queue,tanker,22.32566314064496,22.334122,0.0084588593550397,38.441399449130735,1.549195128554768,NICHOLAS,2021,Tropical storm <50 kt
2021256N21265,"Terrebonne Parish Port, LA",queue,cargo,0.0,0.0,0.0,0.0,1.580651720129876,NICHOLAS,2021,Tropical storm <50 kt
2021256N21265,"Terrebonne Parish Port, LA",event30,tanker,21.852852615146045,22.520511,0.6676583848539542,37.72814969130013,1.5738244285128693,NICHOLAS,2021,Tropical storm <50 kt
2021256N21265,"Terrebonne Parish Port, LA",event30,cargo,0.0552778,0.0552778,0.0,0.004263979,1.4842973507970911,NICHOLAS,2021,Tropical storm <50 kt
2021256N21265,"Texas City, TX",queue,tanker,0.0,0.0,0.0,0.0,0.9803308009041201,NICHOLAS,2021,Tropical storm <50 kt
2021256N21265,"Texas City, TX",queue,cargo,0.0,0.0,0.0,0.0,1.1789215813125393,NICHOLAS,2021,Tropical storm <50 kt
2021256N21265,"Texas City, TX",event30,tanker,0.0,0.0,0.0,0.0,0.9803308009041201,NICHOLAS,2021,Tropical storm <50 kt
2021256N21265,"Texas City, TX",event30,cargo,0.0,0.0,0.0,0.0,1.1789215813125393,NICHOLAS,2021,Tropical storm <50 kt
2021299N33284,"Boston, MA",queue,tanker,17.352462660911705,56.867273999999995,39.51481133908829,13.304501986363586,0.997867496742844,WANDA,2021,Strong TS 50–63 kt
2021299N33284,"Boston, MA",queue,cargo,0.01499142201605963,1.1663896,1.1513981779839404,0.3073777884577054,1.600962233310025,WANDA,2021,Strong TS 50–63 kt
2021299N33284,"Boston, MA",event30,tanker,148.30090848550984,331.7206379,183.41972941449015,100.80469794661414,0.9260904661136207,WANDA,2021,Strong TS 50–63 kt
2021299N33284,"Boston, MA",event30,cargo,215.98721473956724,218.0272426,2.040027860432767,44.579611974064285,1.4213753939430784,WANDA,2021,Strong TS 50–63 kt
2021299N33284,"Port of Providence, RI",queue,tanker,39.71253,39.71253,0.0,38.243336580999994,0.9990323636707181,WANDA,2021,Strong TS 50–63 kt
2021299N33284,"Port of Providence, RI",queue,cargo,38.95183053578802,103.973464,65.02163346421199,13.11695522339321,1.113515472250041,WANDA,2021,Strong TS 50–63 kt
2021299N33284,"Port of Providence, RI",event30,tanker,67.71330760000001,67.71330760000001,0.0,55.303944371,0.9485389088810016,WANDA,2021,Strong TS 50–63 kt
2021299N33284,"Port of Providence, RI",event30,cargo,104.13597181974247,219.1577294,115.02175758025753,22.478423690919552,1.0555525036740203,WANDA,2021,Strong TS 50–63 kt
2022154N21273,"Canaveral Port District, FL",queue,tanker,0.2291668,0.2291668,0.0,0.19298411,1.1118602058701155,ALEX,2022,Tropical storm <50 kt
2022154N21273,"Canaveral Port District, FL",queue,cargo,-1.8383208951313534,2.34028,4.178600895131353,-0.8902019141808338,1.448583754117129,ALEX,2022,Tropical storm <50 kt
2022154N21273,"Canaveral Port District, FL",event30,tanker,0.376389,0.376389,0.0,0.31837229999999994,1.0835861457459142,ALEX,2022,Tropical storm <50 kt
2022154N21273,"Canaveral Port District, FL",event30,cargo,135.05887868675907,139.36724399999997,4.308365313240888,13.484200008726669,1.4760705213760261,ALEX,2022,Tropical storm <50 kt
2022154N21273,"Manatee County Port, FL",queue,tanker,0.0,0.0,0.0,0.0,1.472891888867829,ALEX,2022,Tropical storm <50 kt
2022154N21273,"Manatee County Port, FL",queue,cargo,0.0,0.0,0.0,0.0,1.197840918999188,ALEX,2022,Tropical storm <50 kt
2022154N21273,"Manatee County Port, FL",event30,tanker,0.0,0.0,0.0,0.0,1.4970044415958734,ALEX,2022,Tropical storm <50 kt
2022154N21273,"Manatee County Port, FL",event30,cargo,0.0,0.0,0.0,0.0,1.205035502475796,ALEX,2022,Tropical storm <50 kt
2022154N21273,"Port Everglades, FL",queue,tanker,0.0,0.0,0.0,0.0,0.9152774374539625,ALEX,2022,Tropical storm <50 kt
2022154N21273,"Port Everglades, FL",queue,cargo,0.0,0.0,0.0,0.0,0.8353677543137576,ALEX,2022,Tropical storm <50 kt
2022154N21273,"Port Everglades, FL",event30,tanker,0.0,0.0,0.0,0.0,0.9604947592656624,ALEX,2022,Tropical storm <50 kt
2022154N21273,"Port Everglades, FL",event30,cargo,0.0,0.0,0.0,0.0,0.8437688761032147,ALEX,2022,Tropical storm <50 kt
2022154N21273,"Port of Palm Beach District, FL",queue,tanker,0.0,0.0,0.0,0.0,1.6832629344853371,ALEX,2022,Tropical storm <50 kt
2022154N21273,"Port of Palm Beach District, FL",queue,cargo,-66.48309896014182,23.106177799999998,89.58927676014181,-4.490485232200827,1.2788266534357324,ALEX,2022,Tropical storm <50 kt
2022154N21273,"Port of Palm Beach District, FL",event30,tanker,0.0,0.0,0.0,0.0,1.6857780176487587,ALEX,2022,Tropical storm <50 kt
2022154N21273,"Port of Palm Beach District, FL",event30,cargo,-120.12424439097214,130.1842278,250.30847219097214,1.1518315937958032,1.2948864632575818,ALEX,2022,Tropical storm <50 kt
2022154N21273,"PortMiami, FL",queue,tanker,27.26584627873383,30.70977,3.4439237212661697,9.910334491025719,1.7565106423127341,ALEX,2022,Tropical storm <50 kt
2022154N21273,"PortMiami, FL",queue,cargo,203.60238361646736,700.0191997,496.4168160835326,28.373274993293407,1.125683890476395,ALEX,2022,Tropical storm <50 kt
2022154N21273,"PortMiami, FL",event30,tanker,369.33395991143567,411.49355109999993,42.15959118856428,213.13137481999726,1.6820753051801935,ALEX,2022,Tropical storm <50 kt
2022154N21273,"PortMiami, FL",event30,cargo,360.8505578984898,2155.7890846000005,1794.9385267015107,-49.62143361508754,1.1394024164172412,ALEX,2022,Tropical storm <50 kt
2022154N21273,"Tampa Port Authority, FL",queue,tanker,47.720233300000004,47.720233300000004,0.0,29.353359440000002,1.1187390215269126,ALEX,2022,Tropical storm <50 kt
2022154N21273,"Tampa Port Authority, FL",queue,cargo,-119.04372760219388,197.20860599999997,316.25233360219386,-4.447681165005715,1.0475208744286069,ALEX,2022,Tropical storm <50 kt
2022154N21273,"Tampa Port Authority, FL",event30,tanker,266.4202640864014,277.21546969999997,10.795205613598544,141.67249291345442,1.1672752259983565,ALEX,2022,Tropical storm <50 kt
2022154N21273,"Tampa Port Authority, FL",event30,cargo,-484.077498404715,524.8640821,1008.941580504715,-13.904486047625369,1.0380330799552486,ALEX,2022,Tropical storm <50 kt
2022183N32280,"Jacksonville, FL",queue,tanker,0.386111,0.386111,0.0,0.19169680000000003,0.9938994188969945,COLIN,2022,Tropical storm <50 kt
2022183N32280,"Jacksonville, FL",queue,cargo,-135.32438722965617,126.0610722,261.3854594296562,2.7408826740446592,1.4622979143715376,COLIN,2022,Tropical storm <50 kt
2022183N32280,"Jacksonville, FL",event30,tanker,37.764211,37.764211,0.0,39.70187967999999,0.9380452989403412,COLIN,2022,Tropical storm <50 kt
2022183N32280,"Jacksonville, FL",event30,cargo,460.65008991576724,866.1203105,405.4702205842327,73.46466535832613,1.4024734014990345,COLIN,2022,Tropical storm <50 kt
2022183N32280,"Port of Brunswick, GA",queue,tanker,0.0569444,0.0569444,0.0,0.04271279,0.5531760463546214,COLIN,2022,Tropical storm <50 kt
2022183N32280,"Port of Brunswick, GA",queue,cargo,10.747652185410928,11.360800079999999,0.6131478945890703,1.8432747768357696,1.017457222594027,COLIN,2022,Tropical storm <50 kt
2022183N32280,"Port of Brunswick, GA",event30,tanker,0.0569444,0.0569444,0.0,0.04271279,0.6516317554878781,COLIN,2022,Tropical storm <50 kt
2022183N32280,"Port of Brunswick, GA",event30,cargo,58.92274792591201,60.81605808,1.8933101540879873,6.768339251554352,1.0675957285863182,COLIN,2022,Tropical storm <50 kt
2022183N32280,"Port of Charleston, SC",queue,tanker,-1.3226528173377536,2.0402755000000004,3.362928317337754,-0.05016156419730855,1.116752674300148,COLIN,2022,Tropical storm <50 kt
2022183N32280,"Port of Charleston, SC",queue,cargo,-363.45422058033694,57.4966706,420.95089118033695,-58.80663094456396,1.7050499774241925,COLIN,2022,Tropical storm <50 kt
2022183N32280,"Port of Charleston, SC",event30,tanker,-4.156832660851372,6.2447208000000005,10.401553460851373,-0.22379913895199355,0.9752617970554879,COLIN,2022,Tropical storm <50 kt
2022183N32280,"Port of Charleston, SC",event30,cargo,-463.54579457585396,501.12885129999995,964.6746458758539,-35.39278479082023,1.6480204887544314,COLIN,2022,Tropical storm <50 kt
2022183N32280,"Port of Savannah, GA",queue,tanker,2.3896345357631867,3.1522202999999998,0.7625857642368132,2.503091947280487,1.224539193008396,COLIN,2022,Tropical storm <50 kt
2022183N32280,"Port of Savannah, GA",queue,cargo,-155.62337445587968,1713.0461109,1868.6694853558797,66.65257970176913,0.47051699154715915,COLIN,2022,Tropical storm <50 kt
2022183N32280,"Port of Savannah, GA",event30,tanker,69.61367653934371,115.86774959999998,46.25407306065626,114.21128549500946,1.0778429330403674,COLIN,2022,Tropical storm <50 kt
2022183N32280,"Port of Savannah, GA",event30,cargo,-360.0013814984368,5735.8928032,6095.894184698437,-90.27417477804056,0.49388742331634033,COLIN,2022,Tropical storm <50 kt
2022183N32280,"Wilmington, NC",queue,tanker,0.0194444,0.0194444,0.0,0.01474686,0.9615569327113936,COLIN,2022,Tropical storm <50 kt
2022183N32280,"Wilmington, NC",queue,cargo,45.5855551969281,121.11720059999999,75.53164540307189,19.15447361300039,2.049919971052377,COLIN,2022,Tropical storm <50 kt
2022183N32280,"Wilmington, NC",event30,tanker,42.1168978,42.1168978,0.0,17.204643047,0.9570342629380187,COLIN,2022,Tropical storm <50 kt
2022183N32280,"Wilmington, NC",event30,cargo,190.7623577598251,266.8910675000001,76.12870974017497,42.38338285819329,2.00247002351672,COLIN,2022,Tropical storm <50 kt
2022266N12294,"Canaveral Port District, FL",queue,tanker,36.0064,36.0064,0.0,97.51945808,1.208203565954505,IAN,2022,Strong TS 50–63 kt
2022266N12294,"Canaveral Port District, FL",queue,cargo,44.105196378807776,44.61865,0.5134536211922243,17.200992169208515,1.586220227411565,IAN,2022,Strong TS 50–63 kt
2022266N12294,"Canaveral Port District, FL",event30,tanker,85.2561365,85.2561365,0.0,201.64207672999999,1.1789028988684567,IAN,2022,Strong TS 50–63 kt
2022266N12294,"Canaveral Port District, FL",event30,cargo,332.8710731118158,334.4553544,1.5842812881841903,75.4656607879059,1.6633408795825595,IAN,2022,Strong TS 50–63 kt
2022266N12294,"Manatee County Port, FL",queue,tanker,0.0,0.0,0.0,0.0,0.5570456073841062,IAN,2022,Hurricane ≥64 kt
2022266N12294,"Manatee County Port, FL",queue,cargo,0.0,0.0,0.0,0.0,1.4167456805606344,IAN,2022,Hurricane ≥64 kt
2022266N12294,"Manatee County Port, FL",event30,tanker,0.0,0.0,0.0,0.0,0.6360880309472676,IAN,2022,Hurricane ≥64 kt
2022266N12294,"Manatee County Port, FL",event30,cargo,0.0,0.0,0.0,0.0,1.186914499999812,IAN,2022,Hurricane ≥64 kt
2022266N12294,"Port Everglades, FL",queue,tanker,0.0,0.0,0.0,0.0,1.2775214946889462,IAN,2022,Hurricane ≥64 kt
2022266N12294,"Port Everglades, FL",queue,cargo,0.0,0.0,0.0,0.0,0.7985250529849368,IAN,2022,Hurricane ≥64 kt
2022266N12294,"Port Everglades, FL",event30,tanker,0.0,0.0,0.0,0.0,1.3995753281829855,IAN,2022,Hurricane ≥64 kt
2022266N12294,"Port Everglades, FL",event30,cargo,0.0,0.0,0.0,0.0,0.8781748341918381,IAN,2022,Hurricane ≥64 kt
2022266N12294,"Port of Palm Beach District, FL",queue,tanker,0.47,0.47,0.0,0.2118353,1.2836202411829514,IAN,2022,Hurricane ≥64 kt
2022266N12294,"Port of Palm Beach District, FL",queue,cargo,5.4609588402807265,9.450832,3.9898731597192736,0.5760238698546197,1.2404150935183196,IAN,2022,Hurricane ≥64 kt
2022266N12294,"Port of Palm Beach District, FL",event30,tanker,0.47,0.47,0.0,0.2118353,1.5259518643551455,IAN,2022,Hurricane ≥64 kt
2022266N12294,"Port of Palm Beach District, FL",event30,cargo,69.90299240122843,103.0778168,33.17482439877156,15.027043354902013,1.3192957388924842,IAN,2022,Hurricane ≥64 kt
2022266N12294,"PortMiami, FL",queue,tanker,88.97819711010212,89.01831,0.0401128898978771,54.70777458880913,1.7109910617470914,IAN,2022,Hurricane ≥64 kt
2022266N12294,"PortMiami, FL",queue,cargo,179.40320125471857,621.9086599,442.5054586452814,23.17857540666168,1.2723187563514946,IAN,2022,Hurricane ≥64 kt
2022266N12294,"PortMiami, FL",event30,tanker,406.2492381436547,416.5086223,10.259384156345359,381.90355595098924,1.7259355589382022,IAN,2022,Hurricane ≥64 kt
2022266N12294,"PortMiami, FL",event30,cargo,904.9401291750662,2694.8828933,1789.9427641249338,106.17608392430182,1.262559732934327,IAN,2022,Hurricane ≥64 kt
2022266N12294,"Tampa Port Authority, FL",queue,tanker,105.41484757713454,113.0601699,7.645322322865473,48.184079195174895,0.9944954780089834,IAN,2022,Hurricane ≥64 kt
2022266N12294,"Tampa Port Authority, FL",queue,cargo,282.8491666215953,404.33138450000007,121.48221787840474,38.83706866427771,0.9623126581767579,IAN,2022,Hurricane ≥64 kt
2022266N12294,"Tampa Port Authority, FL",event30,tanker,168.89400790311845,176.545382,7.651374096881538,81.95122673356512,1.0349288482907038,IAN,2022,Hurricane ≥64 kt
2022266N12294,"Tampa Port Authority, FL",event30,cargo,573.8317606279015,1121.3225535,547.4907928720984,68.66186750449728,1.0023973766843564,IAN,2022,Hurricane ≥64 kt
2022311N21293,"Canaveral Port District, FL",queue,tanker,1.0011104,1.0011104,0.0,0.8611236259999999,1.1888846337437338,NICOLE,2022,Strong TS 50–63 kt
2022311N21293,"Canaveral Port District, FL",queue,cargo,43.66082899999999,43.66082899999999,0.0,7.5664441,1.5559815658934686,NICOLE,2022,Strong TS 50–63 kt
2022311N21293,"Canaveral Port District, FL",event30,tanker,12.217799,12.217799,0.0,7.7860882060000005,1.2708917669719548,NICOLE,2022,Strong TS 50–63 kt
2022311N21293,"Canaveral Port District, FL",event30,cargo,88.46892686808337,106.214738,17.745811131916618,19.709554813399873,1.5298858378189726,NICOLE,2022,Strong TS 50–63 kt
2022311N21293,"Jacksonville, FL",queue,tanker,0.25055520000000003,0.25055520000000003,0.0,0.15138742,0.9595691570434257,NICOLE,2022,Tropical storm <50 kt
2022311N21293,"Jacksonville, FL",queue,cargo,46.02798763301699,78.006924,31.978936366983007,15.574152321212065,1.0033530487184503,NICOLE,2022,Tropical storm <50 kt
2022311N21293,"Jacksonville, FL",event30,tanker,22.4957874,22.4957874,0.0,13.838230230000002,1.045763897327014,NICOLE,2022,Tropical storm <50 kt
2022311N21293,"Jacksonville, FL",event30,cargo,-174.18691669150604,215.7085315,389.89544819150603,32.412737884400016,1.0344923810664508,NICOLE,2022,Tropical storm <50 kt
2022311N21293,"Manatee County Port, FL",queue,tanker,0.0,0.0,0.0,0.0,1.0967919283548688,NICOLE,2022,Strong TS 50–63 kt
2022311N21293,"Manatee County Port, FL",queue,cargo,0.0,0.0,0.0,0.0,1.0962822109372459,NICOLE,2022,Strong TS 50–63 kt
2022311N21293,"Manatee County Port, FL",event30,tanker,0.0,0.0,0.0,0.0,1.2395685053527739,NICOLE,2022,Strong TS 50–63 kt
2022311N21293,"Manatee County Port, FL",event30,cargo,0.0,0.0,0.0,0.0,1.1367769730202077,NICOLE,2022,Strong TS 50–63 kt
2022311N21293,"Panama City Port Authority, FL",queue,tanker,0.0,0.0,0.0,0.0,1.0523344601741418,NICOLE,2022,Tropical storm <50 kt
2022311N21293,"Panama City Port Authority, FL",queue,cargo,138.45771537320496,144.9402311,6.482515726795047,28.06674151645446,0.5886647219946693,NICOLE,2022,Tropical storm <50 kt
2022311N21293,"Panama City Port Authority, FL",event30,tanker,0.0,0.0,0.0,0.0,1.041777522751903,NICOLE,2022,Tropical storm <50 kt
2022311N21293,"Panama City Port Authority, FL",event30,cargo,170.93201164189614,181.5302529,10.598241258103844,35.10532081020589,0.6150321242853258,NICOLE,2022,Tropical storm <50 kt
2022311N21293,"Port Everglades, FL",queue,tanker,0.0,0.0,0.0,0.0,1.76122320810991,NICOLE,2022,Hurricane ≥64 kt
2022311N21293,"Port Everglades, FL",queue,cargo,0.0,0.0,0.0,0.0,1.0371911591462863,NICOLE,2022,Hurricane ≥64 kt
2022311N21293,"Port Everglades, FL",event30,tanker,0.0,0.0,0.0,0.0,1.5898455159847997,NICOLE,2022,Hurricane ≥64 kt
2022311N21293,"Port Everglades, FL",event30,cargo,0.0,0.0,0.0,0.0,0.9942153158630179,NICOLE,2022,Hurricane ≥64 kt
2022311N21293,"Port of Palm Beach District, FL",queue,tanker,12.711920000000001,12.711920000000001,0.0,7.146959204000001,1.4862052515356965,NICOLE,2022,Hurricane ≥64 kt
2022311N21293,"Port of Palm Beach District, FL",queue,cargo,27.23485590083677,57.2372711,30.00241519916323,11.958443828453943,1.2369539015526636,NICOLE,2022,Hurricane ≥64 kt
2022311N21293,"Port of Palm Beach District, FL",event30,tanker,12.711920000000001,12.711920000000001,0.0,7.146959204000001,1.584648920449069,NICOLE,2022,Hurricane ≥64 kt
2022311N21293,"Port of Palm Beach District, FL",event30,cargo,76.88873877797045,171.3439233,94.45518452202955,19.69074740639845,1.2263501534780668,NICOLE,2022,Hurricane ≥64 kt
2022311N21293,"Tampa Port Authority, FL",queue,tanker,0.0383333,0.0383333,0.0,0.037211629999999996,0.9618075341065068,NICOLE,2022,Tropical storm <50 kt
2022311N21293,"Tampa Port Authority, FL",queue,cargo,-47.01840491297696,302.1740674,349.192472312977,11.265593675606084,0.6441858112189198,NICOLE,2022,Tropical storm <50 kt
2022311N21293,"Tampa Port Authority, FL",event30,tanker,45.4199922,45.4199922,0.0,28.2632108,0.9108446086628655,NICOLE,2022,Tropical storm <50 kt
2022311N21293,"Tampa Port Authority, FL",event30,cargo,-318.3221350413834,1016.683353,1335.0054880413834,-9.231846066002845,0.7022159117636279,NICOLE,2022,Tropical storm <50 kt
2023234N25271,"Brownsville, TX",queue,tanker,0.120833,0.120833,0.0,0.06014219999999999,1.0561090670083504,HAROLD,2023,Strong TS 50–63 kt
2023234N25271,"Brownsville, TX",queue,cargo,33.1866663,33.1866663,0.0,2.669004815788755,1.3833500147809907,HAROLD,2023,Strong TS 50–63 kt
2023234N25271,"Brownsville, TX",event30,tanker,0.2572219,0.2572219,0.0,0.12686134,1.1660535169732884,HAROLD,2023,Strong TS 50–63 kt
2023234N25271,"Brownsville, TX",event30,cargo,248.57199010000002,248.57199010000002,0.0,26.037389286274102,1.3325224656938575,HAROLD,2023,Strong TS 50–63 kt
2023234N25271,"Calhoun Port Authority, TX",queue,tanker,-354.12386703531064,105.27538890000001,459.39925593531063,-221.47595320791805,0.8896672238910078,HAROLD,2023,Strong TS 50–63 kt
2023234N25271,"Calhoun Port Authority, TX",queue,cargo,0.0,0.0,0.0,0.0,0.8563684571286975,HAROLD,2023,Strong TS 50–63 kt
2023234N25271,"Calhoun Port Authority, TX",event30,tanker,-260.80045264551995,293.7010103,554.50146294552,-194.84276302167146,0.8910508957141634,HAROLD,2023,Strong TS 50–63 kt
2023234N25271,"Calhoun Port Authority, TX",event30,cargo,0.0,0.0,0.0,0.0,0.7876454340839119,HAROLD,2023,Strong TS 50–63 kt
2023234N25271,"Corpus Christi, TX",queue,tanker,546.691406940256,2054.875463,1508.1840560597439,440.85061809006856,0.9959030308040414,HAROLD,2023,Strong TS 50–63 kt
2023234N25271,"Corpus Christi, TX",queue,cargo,254.03127667396802,359.59535,105.56407332603199,22.55931702466867,0.6307163615180731,HAROLD,2023,Strong TS 50–63 kt
2023234N25271,"Corpus Christi, TX",event30,tanker,1583.0577660472509,7184.737263,5601.679496952749,3191.605993819471,0.934058137964754,HAROLD,2023,Strong TS 50–63 kt
2023234N25271,"Corpus Christi, TX",event30,cargo,345.2175454977601,823.74811,478.5305645022399,34.654041110051466,0.6196382312008416,HAROLD,2023,Strong TS 50–63 kt
2023265N29284,"Baltimore, MD",queue,tanker,0.28255525653559643,0.3872222,0.1046669434644036,0.2666679278666807,0.7365746741690621,OPHELIA,2023,Tropical storm <50 kt
2023265N29284,"Baltimore, MD",queue,cargo,-824.4103004585197,1209.977466,2034.3877664585198,-122.40299865772255,1.7341705637394087,OPHELIA,2023,Tropical storm <50 kt
2023265N29284,"Baltimore, MD",event30,tanker,15.84395211654302,16.3625024,0.5185502834569796,9.804998402473766,1.8977115969539675,OPHELIA,2023,Tropical storm <50 kt
2023265N29284,"Baltimore, MD",event30,cargo,-2643.849130969314,4050.9760132999995,6694.825144269314,-505.7118050633976,1.7301758545290777,OPHELIA,2023,Tropical storm <50 kt
2023265N29284,"South Jersey Port Corp, NJ",queue,tanker,-726.9200591597971,346.34380489999995,1073.263864059797,-1116.6028091910503,0.9070156354030567,OPHELIA,2023,Tropical storm <50 kt
2023265N29284,"South Jersey Port Corp, NJ",queue,cargo,198.9745405524426,533.5008228,334.52628224755745,18.838228566475372,1.203878803911966,OPHELIA,2023,Tropical storm <50 kt
2023265N29284,"South Jersey Port Corp, NJ",event30,tanker,-1329.8503332263485,1455.0621072000004,2784.912440426349,-2312.276994977235,0.9597397922431271,OPHELIA,2023,Tropical storm <50 kt
2023265N29284,"South Jersey Port Corp, NJ",event30,cargo,492.5551399431591,961.4955911,468.9404511568409,57.666692310785805,1.2849147192967185,OPHELIA,2023,Tropical storm <50 kt
2023265N29284,"Virginia, VA, Port of",queue,tanker,16.562860050607515,17.1061553,0.543295249392485,43.982983657239856,1.2822982371123843,OPHELIA,2023,Tropical storm <50 kt
2023265N29284,"Virginia, VA, Port of",queue,cargo,1483.6313817001655,4612.039022999999,3128.407641299834,165.04854245226915,1.0375946665806761,OPHELIA,2023,Tropical storm <50 kt
2023265N29284,"Virginia, VA, Port of",event30,tanker,28.801652115244707,31.4222671,2.6206149847552913,52.54020805986942,1.1966084255836795,OPHELIA,2023,Tropical storm <50 kt
2023265N29284,"Virginia, VA, Port of",event30,cargo,6334.536208182048,16455.479877499998,10120.94366931795,879.9608472183324,1.0410507490339438,OPHELIA,2023,Tropical storm <50 kt
