SID,name,season,time,lat,lon,wind_kt
2015126N27281,ANA,2015,2015-05-06 06:00:00,26.90582128847415,-79.05943811465536,25
2015126N27281,ANA,2015,2015-05-06 09:00:00,27.595902321392245,-78.7905040672187,25
2015126N27281,ANA,2015,2015-05-06 12:00:00,28.29786934724038,-78.41605857157474,25
2015126N27281,ANA,2015,2015-05-06 15:00:00,29.07426774028842,-78.02632057881007,25
2015126N27281,ANA,2015,2015-05-06 18:00:00,29.76218627262408,-77.74007349082677,25
2015126N27281,ANA,2015,2015-05-06 21:00:00,30.42376467697336,-77.55632827551699,28
2015126N27281,ANA,2015,2015-05-07 00:00:00,30.803527340223557,-77.47265628760317,30
2015126N27281,ANA,2015,2015-05-07 03:00:00,30.803393881829297,-77.5729078806803,33
2015126N27281,ANA,2015,2015-05-07 06:00:00,30.70326324270903,-77.7728136310001,35
2015126N27281,ANA,2015,2015-05-07 09:00:00,30.603176187295528,-77.67253597404674,38
2015126N27281,ANA,2015,2015-05-07 12:00:00,30.603560996845918,-77.47247811550041,40
2015126N27281,ANA,2015,2015-05-07 15:00:00,30.903497662129887,-77.47301943532058,40
2015126N27281,ANA,2015,2015-05-07 18:00:00,31.2035956403409,-77.4736777460648,40
2015126N27281,ANA,2015,2015-05-07 21:00:00,31.303267245350224,-77.47392617872924,40
2015126N27281,ANA,2015,2015-05-08 00:00:00,31.40334778659492,-77.57458016444167,40
2015126N27281,ANA,2015,2015-05-08 03:00:00,31.50319267070707,-77.57459368675714,40
2015126N27281,ANA,2015,2015-05-08 06:00:00,31.50319267070707,-77.57459368675714,40
2015126N27281,ANA,2015,2015-05-08 09:00:00,31.50319267070707,-77.57459368675714,40
2015126N27281,ANA,2015,2015-05-08 12:00:00,31.503332664336725,-77.47436534430348,40
2015126N27281,ANA,2015,2015-05-08 15:00:00,31.50378449147654,-77.37416606228058,43
2015126N27281,ANA,2015,2015-05-08 18:00:00,31.603656970100715,-77.37454277505222,45
2015126N27281,ANA,2015,2015-05-08 21:00:00,31.703675424830784,-77.27433323640292,48
2015126N27281,ANA,2015,2015-05-09 00:00:00,31.90351331266855,-77.27479585674881,50
2015126N27281,ANA,2015,2015-05-09 03:00:00,31.996635012246458,-77.37901628237819,50
2015126N27281,ANA,2015,2015-05-09 06:00:00,32.19458748260835,-77.4797380208951,50
2015126N27281,ANA,2015,2015-05-09 09:00:00,32.39440889824655,-77.57970411996662,50
2015126N27281,ANA,2015,2015-05-09 12:00:00,32.49414213525735,-77.77953156655838,50
2015126N27281,ANA,2015,2015-05-09 15:00:00,32.59280852591569,-77.87885285963509,48
2015126N27281,ANA,2015,2015-05-09 18:00:00,32.692330742992525,-77.97918495180092,45
2015126N27281,ANA,2015,2015-05-09 21:00:00,32.890993201895,-78.07747814962877,45
2015126N27281,ANA,2015,2015-05-10 00:00:00,33.08905452625085,-78.27605135566476,45
2015126N27281,ANA,2015,2015-05-10 03:00:00,33.285351975297914,-78.47228995820879,43
2015126N27281,ANA,2015,2015-05-10 06:00:00,33.48177769397434,-78.56839136216853,40
2015126N27281,ANA,2015,2015-05-10 09:00:00,33.68431851996523,-78.77187785504618,40
2015126N27281,ANA,2015,2015-05-10 10:00:00,33.788427352994795,-78.7764483536409,40
2015126N27281,ANA,2015,2015-05-10 12:00:00,33.8919509287166,-78.78039829200735,35
2015126N27281,ANA,2015,2015-05-10 15:00:00,34.094995827124535,-78.78442900061545,33
2015126N27281,ANA,2015,2015-05-10 18:00:00,34.2936437222572,-78.6844504971932,30
2015126N27281,ANA,2015,2015-05-10 21:00:00,34.49420191129737,-78.58535782948115,30
2015126N27281,ANA,2015,2015-05-11 00:00:00,34.694352602700896,-78.48637318166257,30
2015126N27281,ANA,2015,2015-05-11 03:00:00,35.09391733662678,-78.29016357528268,30
2015126N27281,ANA,2015,2015-05-11 06:00:00,35.49432826149718,-77.99280158758899,30
2015126N27281,ANA,2015,2015-05-11 09:00:00,35.79350542605299,-77.70140982047536,30
2015126N27281,ANA,2015,2015-05-11 12:00:00,36.19643456967355,-77.30768776935618,30
2015126N27281,ANA,2015,2015-05-11 15:00:00,36.6009375259183,-76.81497883923488,30
2015126N27281,ANA,2015,2015-05-11 18:00:00,37.00503061144744,-76.33181213258763,30
2015126N27281,ANA,2015,2015-05-11 21:00:00,37.508502764080745,-75.84334751095162,30
2015126N27281,ANA,2015,2015-05-12 00:00:00,38.11057140663559,-75.14598042591543,30
2015126N27281,ANA,2015,2015-05-12 03:00:00,38.70816018833106,-74.25515993316831,28
2015126N27281,ANA,2015,2015-05-12 06:00:00,39.300667209138425,-73.15515528438954,25
2015126N27281,ANA,2015,2015-05-12 09:00:00,39.98894073572387,-72.05259966481842,25
2015126N27281,ANA,2015,2015-05-12 12:00:00,40.78120488164485,-70.73948555552484,25
2015126N27281,ANA,2015,2015-05-12 15:00:00,41.7776290070578,-69.02686238646912,25
2015126N27281,ANA,2015,2015-05-12 18:00:00,42.9746042232934,-67.02259501990298,25
2015167N27266,BILL,2015,2015-06-16 00:00:00,27.011723809762028,-94.23236195009048,45
2015167N27266,BILL,2015,2015-06-16 03:00:00,27.3093873369976,-94.73235549751656,45
2015167N27266,BILL,2015,2015-06-16 06:00:00,27.60691960118004,-95.1349674822865,45
2015167N27266,BILL,2015,2015-06-16 09:00:00,27.80386878536314,-95.53641018776098,48
2015167N27266,BILL,2015,2015-06-16 12:00:00,27.99805150330584,-95.9329351113862,50
2015167N27266,BILL,2015,2015-06-16 15:00:00,28.190690405964013,-96.43359774836556,50
2015167N27266,BILL,2015,2015-06-16 16:45:00,28.18441348093113,-96.62749839716402,50
2015167N27266,BILL,2015,2015-06-16 18:00:00,28.18441348093113,-96.62749839716402,50
2015167N27266,BILL,2015,2015-06-16 21:00:00,28.48212278084855,-96.73235931705766,45
2015167N27266,BILL,2015,2015-06-17 00:00:00,29.08250562929497,-96.8435331282861,40
2015167N27266,BILL,2015,2015-06-17 03:00:00,29.681962732782125,-96.95332316383272,35
2015167N27266,BILL,2015,2015-06-17 06:00:00,30.280884597661643,-97.06313433514752,30
2015167N27266,BILL,2015,2015-06-17 09:00:00,30.979782740173004,-97.27378733020494,30
2015167N27266,BILL,2015,2015-06-17 12:00:00,31.678994879042047,-97.38460954667433,30
2015167N27266,BILL,2015,2015-06-17 15:00:00,32.17730539503392,-97.49325681909816,28
2015167N27266,BILL,2015,2015-06-17 18:00:00,32.58127189955818,-97.49529342815832,25
2015167N27266,BILL,2015,2015-06-17 21:00:00,33.088910123972646,-97.39285998576756,25
2015167N27266,BILL,2015,2015-06-18 00:00:00,33.48852921253774,-97.29836259455398,25
2016148N27288,BONNIE,2016,2016-05-28 06:00:00,29.52014954303408,-76.64463376809069,30
2016148N27288,BONNIE,2016,2016-05-28 09:00:00,29.775050491018717,-77.33027119396546,33
2016148N27288,BONNIE,2016,2016-05-28 12:00:00,30.04532878688217,-77.9462917918145,35
2016148N27288,BONNIE,2016,2016-05-28 15:00:00,30.42599541860533,-78.56183263243635,38
2016148N27288,BONNIE,2016,2016-05-28 18:00:00,30.71740210889597,-79.07093646344639,40
2016148N27288,BONNIE,2016,2016-05-28 21:00:00,30.81659214566136,-79.27364945947994,40
2016148N27288,BONNIE,2016,2016-05-29 00:00:00,31.016379876777624,-79.37711855919416,40
2016148N27288,BONNIE,2016,2016-05-29 03:00:00,31.30540194593185,-79.37917124009873,38
2016148N27288,BONNIE,2016,2016-05-29 06:00:00,31.703839071527906,-79.3819975612625,35
2016148N27288,BONNIE,2016,2016-05-29 09:00:00,32.20481657827169,-79.38442231720343,33
2016148N27288,BONNIE,2016,2016-05-29 12:00:00,32.70676901902785,-79.68826765357001,30
2016148N27288,BONNIE,2016,2016-05-29 12:30:00,32.80709886733648,-79.78871985851748,30
2016148N27288,BONNIE,2016,2016-05-29 15:00:00,33.0983442252499,-80.0845688921005,30
2016148N27288,BONNIE,2016,2016-05-29 18:00:00,33.01009803074251,-80.29280635974902,30
2016148N27288,BONNIE,2016,2016-05-29 21:00:00,32.81584758029645,-80.40296251825035,28
2016148N27288,BONNIE,2016,2016-05-30 00:00:00,32.72049600618692,-80.3115682861859,25
2016148N27288,BONNIE,2016,2016-05-30 03:00:00,32.918454926903294,-80.20580483174395,25
2016148N27288,BONNIE,2016,2016-05-30 06:00:00,33.10337943981425,-79.99155914587627,25
2016148N27288,BONNIE,2016,2016-05-30 09:00:00,33.20559961588879,-79.89338746964432,25
2016148N27288,BONNIE,2016,2016-05-30 12:00:00,33.30651510354987,-79.79407556358855,25
2016148N27288,BONNIE,2016,2016-05-30 15:00:00,33.39906552478836,-79.69024402320882,25
2016148N27288,BONNIE,2016,2016-05-30 18:00:00,33.395520492211325,-79.5853131617166,25
2016148N27288,BONNIE,2016,2016-05-30 21:00:00,33.28711003375229,-79.47518039857954,25
2016148N27288,BONNIE,2016,2016-05-31 00:00:00,33.18434630349848,-79.27291599884823,25
2016148N27288,BONNIE,2016,2016-05-31 03:00:00,33.08526888743733,-79.07380684363308,25
2016148N27288,BONNIE,2016,2016-05-31 06:00:00,33.08604161563373,-78.77413972408904,25
2016148N27288,BONNIE,2016,2016-05-31 09:00:00,33.087268395429355,-78.57497414462007,25
2016148N27288,BONNIE,2016,2016-05-31 12:00:00,33.187364850737715,-78.37400739893083,25
2016148N27288,BONNIE,2016,2016-05-31 15:00:00,33.288649235078104,-78.17489588482351,25
2016148N27288,BONNIE,2016,2016-05-31 18:00:00,33.290312828384295,-77.97645171565247,25
2016148N27288,BONNIE,2016,2016-05-31 21:00:00,33.39055238698484,-77.87587425775405,23
2016148N27288,BONNIE,2016,2016-06-01 00:00:00,33.39193808324772,-77.677994065647,20
2016148N27288,BONNIE,2016,2016-06-01 03:00:00,33.39320656396308,-77.47864950911647,20
2016148N27288,BONNIE,2016,2016-06-01 06:00:00,33.39470648760483,-77.27868416496632,20
2016148N27288,BONNIE,2016,2016-06-01 09:00:00,33.39593070151029,-77.07955610181514,20
2016148N27288,BONNIE,2016,2016-06-01 12:00:00,33.39672671571242,-76.87953610668924,20
2016148N27288,BONNIE,2016,2016-06-01 15:00:00,33.399387499854946,-76.57933098904171,20
2016148N27288,BONNIE,2016,2016-06-01 18:00:00,33.50068273784404,-76.37958570438792,20
2016148N27288,BONNIE,2016,2016-06-01 21:00:00,33.80382999894675,-76.18055679810051,20
2016148N27288,BONNIE,2016,2016-06-02 00:00:00,34.10746267130117,-75.9810053849729,20
2016148N27288,BONNIE,2016,2016-06-02 03:00:00,34.41100206666605,-75.78468194714677,23
2016148N27288,BONNIE,2016,2016-06-02 06:00:00,34.713117568013345,-75.68920683741207,25
2016148N27288,BONNIE,2016,2016-06-02 09:00:00,34.915276087289875,-75.59236991183808,25
2016148N27288,BONNIE,2016,2016-06-02 12:00:00,35.11677650013419,-75.39517500300579,25
2016148N27288,BONNIE,2016,2016-06-02 15:00:00,35.31594954462536,-75.2005284351521,28
2016148N27288,BONNIE,2016,2016-06-02 18:00:00,35.41751939521645,-75.00244426609811,30
2016148N27288,BONNIE,2016,2016-06-02 21:00:00,35.519004523611514,-74.80389678093988,30
2016148N27288,BONNIE,2016,2016-06-03 00:00:00,35.61971313865225,-74.50532675897031,30
2016148N27288,BONNIE,2016,2016-06-03 03:00:00,35.624530944991015,-74.10557526288572,30
2016148N27288,BONNIE,2016,2016-06-03 06:00:00,35.7258260463836,-73.70671810441705,30
2016148N27288,BONNIE,2016,2016-06-03 09:00:00,35.82841167191178,-73.20764276730802,33
2016148N27288,BONNIE,2016,2016-06-03 12:00:00,35.934140698187875,-72.61264575791,35
2016148N27288,BONNIE,2016,2016-06-03 15:00:00,35.93937550856048,-72.01171034497564,35
2016158N22272,COLIN,2016,2016-06-06 12:00:00,26.379668009864847,-87.3328899644232,45
2016158N22272,COLIN,2016,2016-06-06 15:00:00,27.298385611836647,-86.77091977211835,45
2016158N22272,COLIN,2016,2016-06-06 18:00:00,28.08226574091541,-86.07305714592465,45
2016158N22272,COLIN,2016,2016-06-06 21:00:00,28.76695914972455,-85.26710568692455,45
2016158N22272,COLIN,2016,2016-06-07 00:00:00,29.36428649870537,-84.25812875750647,45
2016158N22272,COLIN,2016,2016-06-07 02:00:00,29.775982565377625,-83.56127286589903,45
2016158N22272,COLIN,2016,2016-06-07 03:00:00,29.98050373122749,-83.2632324552224,45
2016158N22272,COLIN,2016,2016-06-07 06:00:00,30.69817842918686,-82.0765821662985,45
2016158N22272,COLIN,2016,2016-06-07 09:00:00,31.907160095986868,-80.49092512155741,45
2016158N22272,COLIN,2016,2016-06-07 12:00:00,33.18727774949443,-78.47454817271306,45
2016158N22272,COLIN,2016,2016-06-07 15:00:00,34.30171946402247,-76.48228570467953,48
2016158N22272,COLIN,2016,2016-06-07 18:00:00,35.52286547273291,-74.40401488461438,50
2016158N22272,COLIN,2016,2016-06-07 21:00:00,36.81479186533023,-72.32940296171593,50
2016158N22272,COLIN,2016,2016-06-08 00:00:00,37.97349816235704,-70.07906515433235,50
2016242N24279,HERMINE,2016,2016-08-28 18:00:00,23.83010988090632,-81.15893855122128,30
2016242N24279,HERMINE,2016,2016-08-28 21:00:00,23.6135788008863,-81.63323809257486,30
2016242N24279,HERMINE,2016,2016-08-29 00:00:00,23.393925161140597,-82.11049265243442,30
2016242N24279,HERMINE,2016,2016-08-29 03:00:00,23.37071750488866,-82.59510816485046,30
2016242N24279,HERMINE,2016,2016-08-29 06:00:00,23.3509795536243,-82.9853531195762,30
2016242N24279,HERMINE,2016,2016-08-29 09:00:00,23.330230724276387,-83.37641516525674,30
2016242N24279,HERMINE,2016,2016-08-29 12:00:00,23.41447547130901,-83.66964476392889,30
2016242N24279,HERMINE,2016,2016-08-29 15:00:00,23.49738280210525,-83.96770257806027,30
2016242N24279,HERMINE,2016,2016-08-29 18:00:00,23.5784464796675,-84.26670671395362,30
2016242N24279,HERMINE,2016,2016-09-01 06:00:00,25.990179739882983,-86.74972495495409,55
2016242N24279,HERMINE,2016,2016-09-01 09:00:00,26.39654148884186,-86.45999811308815,58
2016242N24279,HERMINE,2016,2016-09-01 12:00:00,26.89334110607904,-86.1600695457857,60
2016242N24279,HERMINE,2016,2016-09-01 15:00:00,27.391097231996355,-85.86402182750406,63
2016242N24279,HERMINE,2016,2016-09-01 18:00:00,27.880780238755527,-85.45999862452629,65
2016242N24279,HERMINE,2016,2016-09-01 21:00:00,28.371685774363836,-85.15935744160686,68
2016242N24279,HERMINE,2016,2016-09-02 00:00:00,28.961790018440364,-84.75542474329224,70
2016242N24279,HERMINE,2016,2016-09-02 03:00:00,29.36156289551141,-84.45948456316216,70
2016242N24279,HERMINE,2016,2016-09-02 05:30:00,30.07781153542798,-84.06750850204408,70
2016242N24279,HERMINE,2016,2016-09-02 06:00:00,30.281541610445043,-83.9684428898155,65
2016242N24279,HERMINE,2016,2016-09-02 08:00:00,30.58530787723714,-83.7708856734545,60
2016242N24279,HERMINE,2016,2016-09-02 09:00:00,30.788216965582308,-83.57259699214858,58
2016242N24279,HERMINE,2016,2016-09-02 12:00:00,31.395724711299792,-82.7818666337879,50
2016242N24279,HERMINE,2016,2016-09-02 15:00:00,31.900678462840023,-81.98566380098382,50
2016242N24279,HERMINE,2016,2016-09-02 18:00:00,32.40465815801161,-81.19202253084202,50
2016242N24279,HERMINE,2016,2016-09-02 21:00:00,33.011449894562254,-80.19411175755864,50
2016242N24279,HERMINE,2016,2016-09-03 00:00:00,33.59126447553422,-79.1798457148444,50
2016242N24279,HERMINE,2016,2016-09-03 03:00:00,34.29220271889114,-78.18181579664216,53
2016242N24279,HERMINE,2016,2016-09-03 06:00:00,34.89753483732615,-77.18595445659514,55
2016242N24279,HERMINE,2016,2016-09-03 09:00:00,35.40394089037998,-76.29303162950015,58
2016242N24279,HERMINE,2016,2016-09-03 12:00:00,35.81208557778611,-75.50944633740811,60
2016242N24279,HERMINE,2016,2016-09-03 15:00:00,35.917340694802704,-74.81083225917183,60
2016242N24279,HERMINE,2016,2016-09-03 18:00:00,36.02273490562401,-74.1119755703362,60
2016242N24279,HERMINE,2016,2016-09-03 21:00:00,36.12810466896281,-73.31214913383887,60
2016242N24279,HERMINE,2016,2016-09-04 00:00:00,36.33108848953921,-72.61788916493607,60
2016242N24279,HERMINE,2016,2016-09-04 03:00:00,36.53449028880187,-71.9192018468729,60
2016242N24279,HERMINE,2016,2016-09-04 06:00:00,36.7109254127115,-71.34153104574351,60
2016242N24279,HERMINE,2016,2016-09-05 12:00:00,38.5647859359318,-68.5662680868643,55
2016242N24279,HERMINE,2016,2016-09-05 15:00:00,38.86571817989788,-68.86461132854635,55
2016242N24279,HERMINE,2016,2016-09-05 18:00:00,39.16744594047014,-69.3635836143222,55
2016242N24279,HERMINE,2016,2016-09-05 21:00:00,39.37400176472724,-69.85873261722931,55
2016242N24279,HERMINE,2016,2016-09-06 00:00:00,39.47701497085437,-70.35792192430121,55
2016242N24279,HERMINE,2016,2016-09-06 03:00:00,39.58061431618241,-70.85654755494964,53
2016242N24279,HERMINE,2016,2016-09-06 06:00:00,39.583494182707376,-71.25670910311038,50
2016242N24279,HERMINE,2016,2016-09-06 09:00:00,39.58579303104889,-71.55660297108032,48
2016242N24279,HERMINE,2016,2016-09-06 12:00:00,39.491025938288914,-71.8522268427996,45
2016242N24279,HERMINE,2016,2016-09-06 15:00:00,39.49293538863418,-72.1527820876259,43
2016242N24279,HERMINE,2016,2016-09-06 18:00:00,39.494388522554594,-72.35314293351196,40
2016242N24279,HERMINE,2016,2016-09-06 21:00:00,39.39572771892479,-72.45322433430606,38
2016242N24279,HERMINE,2016,2016-09-07 00:00:00,39.19686096220863,-72.5547335997463,35
2016242N24279,HERMINE,2016,2016-09-07 03:00:00,39.09688945259117,-72.55505436968917,35
2016242N24279,HERMINE,2016,2016-09-07 06:00:00,38.99668834450926,-72.45466619316922,35
2016242N24279,HERMINE,2016,2016-09-07 09:00:00,39.0963358144156,-72.45474470663667,33
2016242N24279,HERMINE,2016,2016-09-07 12:00:00,39.29532926826982,-72.35364563259868,30
2016242N24279,HERMINE,2016,2016-09-07 15:00:00,39.39386645575601,-72.25363441569912,30
2016242N24279,HERMINE,2016,2016-09-07 18:00:00,39.49293538863418,-72.1527820876259,30
2016242N24279,HERMINE,2016,2016-09-07 21:00:00,39.49226255102199,-72.05295769258566,28
2016242N24279,HERMINE,2016,2016-09-08 00:00:00,39.590986844161215,-71.85165847360292,25
2016242N24279,HERMINE,2016,2016-09-08 03:00:00,39.68612452662758,-71.65604607735645,25
2016242N24279,HERMINE,2016,2016-09-08 06:00:00,39.88371039538372,-71.35299585153365,25
2016242N24279,HERMINE,2016,2016-09-08 09:00:00,40.181619156483066,-71.04931894908081,25
2016242N24279,HERMINE,2016,2016-09-08 12:00:00,40.58100707600601,-70.74224797641914,25
2016242N24279,HERMINE,2016,2016-09-08 15:00:00,41.07967649124082,-70.43554221244702,23
2016242N24279,HERMINE,2016,2016-09-08 18:00:00,41.67904505364195,-70.0288534463876,20
2016257N27280,JULIA,2016,2016-09-13 06:00:00,27.344467681419083,-80.10933611937037,30
2016257N27280,JULIA,2016,2016-09-13 09:00:00,27.631623768425648,-80.32676708894468,33
2016257N27280,JULIA,2016,2016-09-13 12:00:00,28.01647797610273,-80.63908242110247,35
2016257N27280,JULIA,2016,2016-09-13 15:00:00,28.50694870950448,-80.94413960976779,40
2016257N27280,JULIA,2016,2016-09-13 18:00:00,29.003983373110582,-81.1538712510041,45
2016257N27280,JULIA,2016,2016-09-13 21:00:00,29.40181851375459,-81.35767932265948,45
2016257N27280,JULIA,2016,2016-09-14 00:00:00,29.801836745241904,-81.46299356909465,45
2016257N27280,JULIA,2016,2016-09-14 03:00:00,30.10087474346236,-81.5666714238105,43
2016257N27280,JULIA,2016,2016-09-14 06:00:00,30.50053314473776,-81.67273496083614,40
2016257N27280,JULIA,2016,2016-09-14 09:00:00,30.902110047211547,-81.68016054289863,40
2016257N27280,JULIA,2016,2016-09-14 12:00:00,31.303103191181545,-81.48537920443052,40
2016257N27280,JULIA,2016,2016-09-14 15:00:00,31.606160605754564,-81.08987359084598,40
2016257N27280,JULIA,2016,2016-09-14 18:00:00,31.806230928750736,-80.69130623308519,40
2016257N27280,JULIA,2016,2016-09-14 21:00:00,31.90733838146947,-80.39037824642038,40
2016257N27280,JULIA,2016,2016-09-15 00:00:00,31.906980707998635,-80.08836865917814,40
2016257N27280,JULIA,2016,2016-09-15 03:00:00,31.90524492849749,-79.78606745333958,40
2016257N27280,JULIA,2016,2016-09-15 06:00:00,31.90468019937809,-79.48390651082407,40
2016257N27280,JULIA,2016,2016-09-15 09:00:00,31.903917512595022,-79.0811526737265,40
2016257N27280,JULIA,2016,2016-09-15 12:00:00,31.90350758537859,-78.67912039314066,40
2016257N27280,JULIA,2016,2016-09-15 15:00:00,31.903229435795733,-78.27780653324483,40
2016257N27280,JULIA,2016,2016-09-15 18:00:00,31.90324053632492,-77.87659477481176,40
2016257N27280,JULIA,2016,2016-09-15 21:00:00,31.703437446573574,-77.47477445823567,40
2016257N27280,JULIA,2016,2016-09-16 00:00:00,31.503685253436448,-77.17406802928762,40
2016257N27280,JULIA,2016,2016-09-16 03:00:00,31.30431960987185,-76.87334226441907,40
2016257N27280,JULIA,2016,2016-09-16 06:00:00,31.20520546290405,-76.57258600972644,40
2016257N27280,JULIA,2016,2016-09-16 09:00:00,31.09692045190553,-76.1807542299282,40
2016257N27280,JULIA,2016,2016-09-16 12:00:00,31.09842836445885,-75.87796454794434,40
2016257N27280,JULIA,2016,2016-09-16 15:00:00,30.99880653368108,-75.67716711078724,40
2016257N27280,JULIA,2016,2016-09-16 18:00:00,30.898212065315157,-75.67833456204087,40
2016257N27280,JULIA,2016,2016-09-16 21:00:00,30.598225426995185,-75.77830769685856,35
2016257N27280,JULIA,2016,2016-09-17 00:00:00,30.39878084392747,-75.97556046723574,30
2016257N27280,JULIA,2016,2016-09-17 03:00:00,30.307068403496046,-76.05411170254366,30
2016257N27280,JULIA,2016,2016-09-17 06:00:00,30.307068403496046,-76.05411170254366,30
2016257N27280,JULIA,2016,2016-09-17 09:00:00,30.210326593369235,-76.1531819904594,30
2016257N27280,JULIA,2016,2016-09-17 12:00:00,30.210326593369235,-76.1531819904594,30
2016257N27280,JULIA,2016,2016-09-17 15:00:00,30.306611388036902,-76.15363543238105,30
2016257N27280,JULIA,2016,2016-09-17 18:00:00,30.40705862274579,-76.26201051250645,30
2016257N27280,JULIA,2016,2016-09-17 21:00:00,30.50746961991074,-76.26238402195787,30
2016257N27280,JULIA,2016,2016-09-18 00:00:00,30.706178944924005,-76.36872274248809,30
2016257N27280,JULIA,2016,2016-09-18 03:00:00,30.904945276796937,-76.4719979313357,28
2016257N27280,JULIA,2016,2016-09-18 06:00:00,31.105177230649787,-76.57212735761988,25
2016257N27280,JULIA,2016,2016-09-18 09:00:00,31.40487389341836,-76.77296270418368,25
2016257N27280,JULIA,2016,2016-09-18 12:00:00,31.69630989201777,-76.98018867392624,25
2016257N27280,JULIA,2016,2016-09-18 15:00:00,31.903393239721144,-77.3751580306564,25
2016257N27280,JULIA,2016,2016-09-18 18:00:00,32.00305491461654,-77.77621825639925,25
2016257N27280,JULIA,2016,2016-09-18 21:00:00,32.103092274222355,-78.07727824183112,28
2016257N27280,JULIA,2016,2016-09-19 00:00:00,32.203175889801656,-78.27866891524536,30
2016257N27280,JULIA,2016,2016-09-19 03:00:00,32.303393713188974,-78.27888106140936,30
2016257N27280,JULIA,2016,2016-09-19 06:00:00,32.403483457404924,-78.179144792603,30
2016257N27280,JULIA,2016,2016-09-19 09:00:00,32.59379404564243,-77.9794486707338,30
2016257N27280,JULIA,2016,2016-09-19 12:00:00,32.79329811310141,-77.6788992227598,30
2016257N27280,JULIA,2016,2016-09-19 15:00:00,32.99406463672631,-77.37919478994908,30
2016257N27280,JULIA,2016,2016-09-19 18:00:00,33.19605230641891,-76.97919469398133,30
2016257N27280,JULIA,2016,2016-09-19 21:00:00,33.3987250660665,-76.6791952612842,30
2016257N27280,JULIA,2016,2016-09-20 00:00:00,33.600584674835474,-76.47945123621213,30
2016257N27280,JULIA,2016,2016-09-20 03:00:00,33.90313759156935,-76.28118252255562,30
2016257N27280,JULIA,2016,2016-09-20 06:00:00,34.30689064620653,-76.08304020245231,30
2016257N27280,JULIA,2016,2016-09-20 09:00:00,34.70945476106958,-75.98853232701794,28
2016257N27280,JULIA,2016,2016-09-20 12:00:00,35.00997243067376,-75.9924582173093,25
2016257N27280,JULIA,2016,2016-09-20 15:00:00,35.3065292309456,-76.09475236858592,25
2016257N27280,JULIA,2016,2016-09-20 18:00:00,35.50367413642636,-76.29320040185117,25
2016257N27280,JULIA,2016,2016-09-20 21:00:00,35.59946578071676,-76.5875866493124,25
2016257N27280,JULIA,2016,2016-09-21 00:00:00,35.596789816809235,-76.88638012315688,25
2016257N27280,JULIA,2016,2016-09-21 03:00:00,35.49566694628988,-77.18975072627835,23
2016257N27280,JULIA,2016,2016-09-21 06:00:00,35.39592956887099,-77.39097548450405,20
2016273N13300,MATTHEW,2016,2016-09-29 12:00:00,14.103830934671898,-65.65906586740606,60
2016273N13300,MATTHEW,2016,2016-09-29 15:00:00,14.2257061807754,-66.34983963961577,63
2016273N13300,MATTHEW,2016,2016-09-29 18:00:00,14.246568375291863,-67.0451698985919,65
2016273N13300,MATTHEW,2016,2016-09-29 21:00:00,14.263023733268438,-67.6410140375144,68
2016273N13300,MATTHEW,2016,2016-10-06 06:00:00,24.04381991912126,-76.34850876524612,110
2016273N13300,MATTHEW,2016,2016-10-06 09:00:00,24.426112640320547,-76.77129780006489,115
2016273N13300,MATTHEW,2016,2016-10-06 12:00:00,24.904842664540112,-77.20314798122212,120
2016273N13300,MATTHEW,2016,2016-10-06 15:00:00,25.377127398525825,-77.63802192085382,120
2016273N13300,MATTHEW,2016,2016-10-06 18:00:00,25.880460941326884,-78.08204035678226,120
2016273N13300,MATTHEW,2016,2016-10-06 21:00:00,26.356987372899653,-78.51838370119819,118
2016273N13300,MATTHEW,2016,2016-10-07 00:00:00,26.81537527698,-78.85201367442063,115
2016273N13300,MATTHEW,2016,2016-10-07 03:00:00,27.280895323102573,-79.28124179410439,113
2016273N13300,MATTHEW,2016,2016-10-07 06:00:00,27.76345675204693,-79.61062045067446,110
2016273N13300,MATTHEW,2016,2016-10-07 09:00:00,28.34047477884093,-79.93601509215878,108
2016273N13300,MATTHEW,2016,2016-10-07 12:00:00,28.92385371792419,-80.25070719193816,105
2016273N13300,MATTHEW,2016,2016-10-07 15:00:00,29.31739677720405,-80.55336956011021,103
2016273N13300,MATTHEW,2016,2016-10-07 18:00:00,29.71612146346602,-80.66035989001654,100
2016273N13300,MATTHEW,2016,2016-10-07 21:00:00,30.21427175187096,-80.66904634778798,98
2016273N13300,MATTHEW,2016,2016-10-08 00:00:00,30.71056104416078,-80.57804223858068,95
2016273N13300,MATTHEW,2016,2016-10-08 03:00:00,31.11122318181168,-80.58315857730453,90
2016273N13300,MATTHEW,2016,2016-10-08 06:00:00,31.60781196794132,-80.58872112711938,85
2016273N13300,MATTHEW,2016,2016-10-08 09:00:00,32.10938811557671,-80.49419334708176,85
2016273N13300,MATTHEW,2016,2016-10-08 12:00:00,32.508381949051056,-79.8922043970101,80
2016273N13300,MATTHEW,2016,2016-10-08 15:00:00,32.994677508004635,-79.48035618056755,75
2016273N13300,MATTHEW,2016,2016-10-08 18:00:00,33.481790571925025,-78.96931176946764,70
2016273N13300,MATTHEW,2016,2016-10-08 21:00:00,33.6847677330044,-78.17024677580976,70
2016273N13300,MATTHEW,2016,2016-10-09 00:00:00,33.89396593020695,-77.27918537440664,70
2016273N13300,MATTHEW,2016,2016-10-09 03:00:00,34.30065999086332,-76.58195851957106,70
2016273N13300,MATTHEW,2016,2016-10-09 06:00:00,34.70945476106958,-75.98853232701794,70
2016273N13300,MATTHEW,2016,2016-10-09 09:00:00,34.918829268317,-75.2931399915232,68
2016273N13300,MATTHEW,2016,2016-10-09 12:00:00,35.027868126131374,-74.49560578539985,65
2016273N13300,MATTHEW,2016,2016-10-09 15:00:00,35.137834759216496,-73.69789748660006,63
2016273N13300,MATTHEW,2016,2016-10-09 18:00:00,35.2494056432963,-72.79933640491608,60
2017171N24271,CINDY,2017,2017-06-20 12:00:00,25.027383946046456,-90.33524799529012,40
2017171N24271,CINDY,2017,2017-06-20 15:00:00,25.33020390779672,-90.5299226129887,43
2017171N24271,CINDY,2017,2017-06-20 18:00:00,25.62754546118913,-90.60466896781972,45
2017171N24271,CINDY,2017,2017-06-20 21:00:00,25.92837395786279,-90.70237188463754,48
2017171N24271,CINDY,2017,2017-06-21 00:00:00,26.22635380416185,-90.87276771464668,50
2017171N24271,CINDY,2017,2017-06-21 03:00:00,26.52340448678319,-91.14818482865142,50
2017171N24271,CINDY,2017,2017-06-21 06:00:00,26.81924596028695,-91.452652487337,50
2017171N24271,CINDY,2017,2017-06-21 09:00:00,27.117947618659088,-91.84894225027456,50
2017171N24271,CINDY,2017,2017-06-21 12:00:00,27.31828150533656,-92.2472007815755,50
2017171N24271,CINDY,2017,2017-06-21 15:00:00,27.517930393083063,-92.64269712790542,48
2017171N24271,CINDY,2017,2017-06-21 18:00:00,27.81703266389666,-92.94567427613926,45
2017171N24271,CINDY,2017,2017-06-21 21:00:00,28.116656589321718,-93.14828190680348,45
2017171N24271,CINDY,2017,2017-06-22 00:00:00,28.516623249102672,-93.35178535683184,45
2017171N24271,CINDY,2017,2017-06-22 03:00:00,28.716699313394315,-93.45342229531828,45
2017171N24271,CINDY,2017,2017-06-22 06:00:00,29.41830276103513,-93.55939194549032,45
2017171N24271,CINDY,2017,2017-06-22 07:00:00,29.82180179395024,-93.66176056414037,45
2017171N24271,CINDY,2017,2017-06-22 09:00:00,30.32410371062297,-93.76761967750026,43
2017171N24271,CINDY,2017,2017-06-22 12:00:00,30.522663477878595,-93.76898922248806,40
2017171N24271,CINDY,2017,2017-06-22 15:00:00,31.02092990592772,-93.77113497288084,38
2017171N24271,CINDY,2017,2017-06-22 18:00:00,31.61968804799213,-93.7754114373996,35
2017171N24271,CINDY,2017,2017-06-22 21:00:00,32.21895782337466,-93.78065156098336,33
2017171N24271,CINDY,2017,2017-06-23 00:00:00,32.820379874330435,-93.58105146791318,30
2017171N24271,CINDY,2017,2017-06-23 03:00:00,33.52147207309521,-93.28106169853096,30
2017171N24271,CINDY,2017,2017-06-23 06:00:00,34.22468970704558,-92.78125124776749,30
2017171N24271,CINDY,2017,2017-06-24 06:00:00,38.89049880652977,-78.54391857158414,25
2017212N28275,EMILY,2017,2017-07-30 18:00:00,28.374541230817144,-85.36558467833274,30
2017212N28275,EMILY,2017,2017-07-30 21:00:00,28.16992315930216,-84.94596066773256,33
2017212N28275,EMILY,2017,2017-07-31 00:00:00,27.954364045221784,-84.51769379037877,35
2017212N28275,EMILY,2017,2017-07-31 03:00:00,27.747645798021544,-84.20696945678955,38
2017212N28275,EMILY,2017,2017-07-31 06:00:00,27.6382168844506,-83.79707877544378,40
2017212N28275,EMILY,2017,2017-07-31 09:00:00,27.544386109400023,-83.3944656344917,43
2017212N28275,EMILY,2017,2017-07-31 12:00:00,27.451148932895627,-82.99026078408102,45
2017212N28275,EMILY,2017,2017-07-31 14:45:00,27.46188101856996,-82.59011477212671,50
2017212N28275,EMILY,2017,2017-07-31 15:00:00,27.46188101856996,-82.59011477212671,49
2017212N28275,EMILY,2017,2017-07-31 18:00:00,27.47883982752588,-82.09512105117214,35
2017212N28275,EMILY,2017,2017-07-31 21:00:00,27.486485974817903,-81.60825940670284,33
2017212N28275,EMILY,2017,2017-08-01 00:00:00,27.49522743904904,-81.21541017184114,30
2017212N28275,EMILY,2017,2017-08-01 03:00:00,27.612525070717687,-80.73055106426024,30
2017212N28275,EMILY,2017,2017-08-01 06:00:00,27.827406641668464,-80.33165658928027,30
2017212N28275,EMILY,2017,2017-08-01 09:00:00,28.241038312226983,-79.93297427995842,30
2017212N28275,EMILY,2017,2017-08-01 12:00:00,28.744786325903224,-79.43633616829233,30
2017212N28275,EMILY,2017,2017-08-01 15:00:00,29.252982638100047,-78.93958583587988,30
2017212N28275,EMILY,2017,2017-08-01 18:00:00,29.758551123079364,-78.54618521757884,30
2017212N28275,EMILY,2017,2017-08-01 21:00:00,30.24005111692998,-78.25408776007774,30
2017212N28275,EMILY,2017,2017-08-02 00:00:00,30.706502380904077,-78.07145585548685,30
2017228N14314,HARVEY,2017,2017-08-25 00:00:00,25.016135487791598,-94.28512771159885,80
2017228N14314,HARVEY,2017,2017-08-25 03:00:00,25.311431322242434,-94.6897065117673,85
2017228N14314,HARVEY,2017,2017-08-25 06:00:00,25.60783084916268,-94.99459454986524,90
2017228N14314,HARVEY,2017,2017-08-25 09:00:00,25.902900833426663,-95.3991337762306,93
2017228N14314,HARVEY,2017,2017-08-25 12:00:00,26.29955797511766,-95.70546227346946,95
2017228N14314,HARVEY,2017,2017-08-25 15:00:00,26.695775734099264,-96.01033456158768,100
2017228N14314,HARVEY,2017,2017-08-25 18:00:00,27.092866780783105,-96.21470600141498,105
2017228N14314,HARVEY,2017,2017-08-25 21:00:00,27.488406627431186,-96.5190698873436,110
2017228N14314,HARVEY,2017,2017-08-26 00:00:00,27.78556722976648,-96.72336668186544,115
2017228N14314,HARVEY,2017,2017-08-26 03:00:00,27.982647898585466,-96.82548812816604,115
2017228N14314,HARVEY,2017,2017-08-26 06:00:00,28.17760764087633,-97.02638082991784,105
2017228N14314,HARVEY,2017,2017-08-26 09:00:00,28.478569476057533,-97.1334597971872,85
2017228N14314,HARVEY,2017,2017-08-26 12:00:00,28.678127024240425,-97.23680703760508,65
2017228N14314,HARVEY,2017,2017-08-26 15:00:00,28.877208532025964,-97.34021703313016,58
2017228N14314,HARVEY,2017,2017-08-26 18:00:00,28.976601748838657,-97.44208443277748,50
2017228N14314,HARVEY,2017,2017-08-26 21:00:00,29.076442713881093,-97.44357296305505,48
2017228N14314,HARVEY,2017,2017-08-27 00:00:00,29.17772791902164,-97.34495724236407,45
2017228N14314,HARVEY,2017,2017-08-27 03:00:00,29.27643877286853,-97.44659807125916,43
2017228N14314,HARVEY,2017,2017-08-27 06:00:00,29.27556162650425,-97.54672739069446,40
2017228N14314,HARVEY,2017,2017-08-27 09:00:00,29.175725122047663,-97.54497293080996,38
2017228N14314,HARVEY,2017,2017-08-27 12:00:00,29.076442713881093,-97.44357296305505,35
2017228N14314,HARVEY,2017,2017-08-27 15:00:00,28.97765221190104,-97.34186616066474,35
2017228N14314,HARVEY,2017,2017-08-27 18:00:00,28.979767130247,-97.14196355143844,35
2017228N14314,HARVEY,2017,2017-08-27 21:00:00,28.8822084285685,-96.94044073325024,35
2017228N14314,HARVEY,2017,2017-08-28 00:00:00,28.785300333395952,-96.74075256454913,35
2017228N14314,HARVEY,2017,2017-08-28 03:00:00,28.687579409335125,-96.53898941567674,38
2017228N14314,HARVEY,2017,2017-08-28 06:00:00,28.590656081812323,-96.43919540691522,40
2017228N14314,HARVEY,2017,2017-08-28 09:00:00,28.492387828750896,-96.33804574833924,40
2017228N14314,HARVEY,2017,2017-08-28 12:00:00,28.496165569783148,-96.13936337928504,40
2017228N14314,HARVEY,2017,2017-08-28 15:00:00,28.49751879552517,-96.039688526707,40
2017228N14314,HARVEY,2017,2017-08-28 18:00:00,28.400392844543006,-95.839569331258,40
2017228N14314,HARVEY,2017,2017-08-28 21:00:00,28.30477093846965,-95.64401528789502,40
2017228N14314,HARVEY,2017,2017-08-29 00:00:00,28.20693774330673,-95.3430871438065,40
2017228N14314,HARVEY,2017,2017-08-29 03:00:00,28.10813643833248,-95.14189527094486,40
2017228N14314,HARVEY,2017,2017-08-29 06:00:00,28.10992098210101,-94.94672796301964,40
2017228N14314,HARVEY,2017,2017-08-29 09:00:00,28.11077895770612,-94.74627513600286,40
2017228N14314,HARVEY,2017,2017-08-29 12:00:00,28.211835490259173,-94.54890052989931,40
2017228N14314,HARVEY,2017,2017-08-29 15:00:00,28.313099479790612,-94.35134092861,43
2017228N14314,HARVEY,2017,2017-08-29 18:00:00,28.514408189143875,-94.15264752219612,45
2017228N14314,HARVEY,2017,2017-08-29 21:00:00,28.71534474346228,-93.9540372656666,45
2017228N14314,HARVEY,2017,2017-08-30 00:00:00,28.91653192617131,-93.75518825481409,45
2017228N14314,HARVEY,2017,2017-08-30 03:00:00,29.11725186980335,-93.65688387295928,43
2017228N14314,HARVEY,2017,2017-08-30 06:00:00,29.41830276103513,-93.55939194549032,40
2017228N14314,HARVEY,2017,2017-08-30 08:00:00,29.824286692254645,-93.46148351823264,40
2017228N14314,HARVEY,2017,2017-08-30 09:00:00,29.927130835435303,-93.46234657552198,40
2017228N14314,HARVEY,2017,2017-08-30 12:00:00,30.12971068410927,-93.36443571317652,40
2017228N14314,HARVEY,2017,2017-08-30 15:00:00,30.33023362236474,-93.26625473601764,38
2017228N14314,HARVEY,2017,2017-08-30 18:00:00,30.62961827477693,-93.06659667957112,35
2017228N14314,HARVEY,2017,2017-08-30 21:00:00,30.92846832708573,-92.86666649759805,33
2017228N14314,HARVEY,2017,2017-08-31 00:00:00,31.32719173699488,-92.56607147623332,30
2017228N14314,HARVEY,2017,2017-08-31 03:00:00,31.62690381693879,-92.36448705590112,28
2017228N14314,HARVEY,2017,2017-08-31 06:00:00,31.925918833733505,-92.163268287741,25
2017228N14314,HARVEY,2017,2017-08-31 09:00:00,32.225044473802136,-91.96201473230684,23
2017228N14314,HARVEY,2017,2017-08-31 12:00:00,32.52448637270597,-91.65923207776218,20
2017228N14314,HARVEY,2017,2017-08-31 15:00:00,32.924392029647805,-91.35118555113311,23
2017228N14314,HARVEY,2017,2017-08-31 18:00:00,33.422194840655905,-90.84478927080876,25
2017228N14314,HARVEY,2017,2017-08-31 21:00:00,33.82222309907781,-90.20329727306128,28
2017228N14314,HARVEY,2017,2017-09-01 00:00:00,34.11126244222243,-89.49418795837747,30
2017242N16333,IRMA,2017,2017-09-06 05:45:00,17.65277172426776,-61.82497075627258,155
2017242N16333,IRMA,2017,2017-09-06 06:00:00,17.652260803544557,-61.92522133625076,155
2017242N16333,IRMA,2017,2017-09-06 09:00:00,17.85921379435114,-62.72245185297377,155
2017242N16333,IRMA,2017,2017-09-06 11:15:00,18.056676441075812,-63.11914157324714,155
2017242N16333,IRMA,2017,2017-09-06 12:00:00,18.06159639726317,-63.31923437371224,155
2017242N16333,IRMA,2017,2017-09-06 15:00:00,18.2662437265258,-64.11399660583757,155
2017242N16333,IRMA,2017,2017-09-06 16:30:00,18.46938090054238,-64.40715395305868,155
2017242N16333,IRMA,2017,2017-09-06 18:00:00,18.574841732980264,-64.70319923986244,150
2017242N16333,IRMA,2017,2017-09-06 21:00:00,18.893159781970265,-65.38814354024238,150
2017242N16333,IRMA,2017,2017-09-07 00:00:00,19.22411412460944,-66.16659948244336,150
2017242N16333,IRMA,2017,2017-09-07 03:00:00,19.55344050200976,-66.85306646491583,148
2017242N16333,IRMA,2017,2017-09-07 06:00:00,19.77985570459843,-67.54597957769842,145
2017242N16333,IRMA,2017,2017-09-07 09:00:00,20.003484151406923,-68.24003564589084,145
2017242N16333,IRMA,2017,2017-09-07 12:00:00,20.281996166448724,-68.96831230907156,145
2017242N16333,IRMA,2017,2017-09-07 15:00:00,20.594325343268608,-69.66245469263754,145
2017242N16333,IRMA,2017,2017-09-09 09:00:00,22.62054797493621,-78.39931017738634,120
2017242N16333,IRMA,2017,2017-09-09 12:00:00,22.790929680482552,-78.93054673228889,110
2017242N16333,IRMA,2017,2017-09-09 15:00:00,22.961755816921585,-79.48181646585452,103
2017242N16333,IRMA,2017,2017-09-09 18:00:00,23.135564869966977,-80.0565838027936,95
2017242N16333,IRMA,2017,2017-09-09 21:00:00,23.34053708694946,-80.39998327535527,98
2017242N16333,IRMA,2017,2017-09-10 00:00:00,23.439135860778368,-80.68116982961925,100
2017242N16333,IRMA,2017,2017-09-10 03:00:00,23.536554736428176,-80.87073792319467,108
2017242N16333,IRMA,2017,2017-09-10 06:00:00,23.732542351964383,-81.06226099578178,115
2017242N16333,IRMA,2017,2017-09-10 09:00:00,24.030659895272183,-81.16323176693011,115
2017242N16333,IRMA,2017,2017-09-10 12:00:00,24.523106891761707,-81.26728411649886,115
2017242N16333,IRMA,2017,2017-09-10 13:00:00,24.72333733484311,-81.2706254210896,115
2017242N16333,IRMA,2017,2017-09-10 15:00:00,25.11935197639863,-81.37513411199794,109
2017242N16333,IRMA,2017,2017-09-10 18:00:00,25.614043806527537,-81.48867252141045,100
2017242N16333,IRMA,2017,2017-09-10 19:30:00,25.91034770907281,-81.49971089770985,100
2017242N16333,IRMA,2017,2017-09-10 21:00:00,26.20937399974474,-81.51429080770272,93
2017242N16333,IRMA,2017,2017-09-11 00:00:00,26.80152893956467,-81.5524508869509,80
2017242N16333,IRMA,2017,2017-09-11 03:00:00,27.483472670689327,-81.80352668955773,73
2017242N16333,IRMA,2017,2017-09-11 06:00:00,28.17992079928617,-82.11390850271233,65
2017242N16333,IRMA,2017,2017-09-11 09:00:00,28.881410715354438,-82.33574365585888,58
2017242N16333,IRMA,2017,2017-09-11 12:00:00,29.579325263194768,-82.65063633105338,50
2017242N16333,IRMA,2017,2017-09-11 15:00:00,30.28460655602882,-83.06726187445568,48
2017242N16333,IRMA,2017,2017-09-11 18:00:00,30.889426312072963,-83.4733691216891,45
2017242N16333,IRMA,2017,2017-09-11 21:00:00,31.38784666370335,-83.87612172710865,40
2017242N16333,IRMA,2017,2017-09-12 00:00:00,31.88307881626976,-84.3761625447692,35
2017242N16333,IRMA,2017,2017-09-12 03:00:00,32.38398674560294,-84.97772039358763,30
2017242N16333,IRMA,2017,2017-09-12 06:00:00,32.8842315256035,-85.57845611345925,25
2017242N16333,IRMA,2017,2017-09-12 09:00:00,33.267008316427734,-86.22727947228988,23
2017242N16333,IRMA,2017,2017-09-12 12:00:00,33.76852923446452,-86.7907912173484,20
2017242N16333,IRMA,2017,2017-09-12 15:00:00,34.27756611162228,-87.37787031539351,18
2017277N11279,NATE,2017,2017-10-07 12:00:00,25.696387657619297,-87.92950091326554,80
2017277N11279,NATE,2017,2017-10-07 15:00:00,26.697079360409727,-88.5237927114679,80
2017277N11279,NATE,2017,2017-10-07 18:00:00,27.60276801259132,-88.90688583818086,80
2017277N11279,NATE,2017,2017-10-07 21:00:00,28.40599959032823,-89.08354646537279,78
2017277N11279,NATE,2017,2017-10-08 00:00:00,29.10606085073089,-89.17061878757033,75
2017277N11279,NATE,2017,2017-10-08 03:00:00,29.906934920628547,-89.16177903683229,69
2017277N11279,NATE,2017,2017-10-08 05:20:00,30.411890481724445,-88.95795892168144,65
2017277N11279,NATE,2017,2017-10-08 06:00:00,30.512866004351466,-88.8575815944723,60
2017277N11279,NATE,2017,2017-10-08 09:00:00,31.199337855351047,-88.44257393943816,48
2017277N11279,NATE,2017,2017-10-08 12:00:00,32.1891606177221,-87.9209081096065,35
2017277N11279,NATE,2017,2017-10-08 15:00:00,33.082375974469976,-87.50194457793569,30
2017277N11279,NATE,2017,2017-10-08 18:00:00,34.07176273365451,-86.98280557227999,25
2017277N11279,NATE,2017,2017-10-09 15:00:00,42.42649857290664,-78.52462634774552,25
2017277N11279,NATE,2017,2017-10-09 18:00:00,43.11350358004308,-76.31824954496594,25
2017277N11279,NATE,2017,2017-10-09 21:00:00,43.7039464904882,-74.21280168685877,25
2017277N11279,NATE,2017,2017-10-10 00:00:00,44.19242751203312,-72.00782458176398,25
2017277N11279,NATE,2017,2017-10-10 03:00:00,44.881909780657466,-69.80494584368837,25
2017277N11279,NATE,2017,2017-10-10 06:00:00,45.57277498213373,-67.60826363136083,25
2018146N19273,ALBERTO,2018,2018-05-27 03:00:00,24.08139181259611,-84.19591513713192,35
2018146N19273,ALBERTO,2018,2018-05-27 06:00:00,24.78388267825081,-84.02817465819261,35
2018146N19273,ALBERTO,2018,2018-05-27 09:00:00,25.661862124211087,-84.07124639227489,38
2018146N19273,ALBERTO,2018,2018-05-27 12:00:00,26.522122085908848,-84.24537623452804,40
2018146N19273,ALBERTO,2018,2018-05-27 15:00:00,27.1195093304244,-84.47351089686357,43
2018146N19273,ALBERTO,2018,2018-05-27 18:00:00,27.568446465641586,-84.911413838982,45
2018146N19273,ALBERTO,2018,2018-05-27 21:00:00,27.88052302032419,-85.35995798615531,50
2018146N19273,ALBERTO,2018,2018-05-28 00:00:00,28.179283537303675,-85.76552264915023,55
2018146N19273,ALBERTO,2018,2018-05-28 03:00:00,28.37518469899125,-85.97386965989504,55
2018146N19273,ALBERTO,2018,2018-05-28 06:00:00,28.57149108239432,-85.97417100497665,55
2018146N19273,ALBERTO,2018,2018-05-28 09:00:00,28.76760339620892,-85.97419106016588,53
2018146N19273,ALBERTO,2018,2018-05-28 12:00:00,29.06523728815111,-85.87167787634705,50
2018146N19273,ALBERTO,2018,2018-05-28 15:00:00,29.36122493369436,-85.8704285893482,48
2018146N19273,ALBERTO,2018,2018-05-28 18:00:00,29.76001160268266,-85.86770239918401,45
2018146N19273,ALBERTO,2018,2018-05-28 21:00:00,30.266651309551293,-85.9620906037818,40
2018146N19273,ALBERTO,2018,2018-05-29 00:00:00,30.87180764268186,-86.0583532405732,30
2018146N19273,ALBERTO,2018,2018-05-29 03:00:00,31.38466645292077,-86.25756698192272,30
2018146N19273,ALBERTO,2018,2018-05-29 06:00:00,31.88510664019605,-86.54660161379262,30
2018146N19273,ALBERTO,2018,2018-05-29 09:00:00,32.37019895757865,-86.7175904259112,30
2018146N19273,ALBERTO,2018,2018-05-29 12:00:00,32.97274938556955,-86.90693346812147,30
2018146N19273,ALBERTO,2018,2018-05-29 15:00:00,33.57299202627311,-87.08820313073869,30
2018146N19273,ALBERTO,2018,2018-05-29 18:00:00,34.1744652168874,-87.17933229809651,30
2018146N19273,ALBERTO,2018,2018-05-30 21:00:00,40.70954469422959,-86.31378954323628,30
2018146N19273,ALBERTO,2018,2018-05-31 00:00:00,41.497184283665504,-85.89777970891612,30
2018146N19273,ALBERTO,2018,2018-05-31 03:00:00,42.37756371936728,-85.23716799101376,30
2018146N19273,ALBERTO,2018,2018-05-31 06:00:00,43.47710813396099,-84.54976776898182,30
2018146N19273,ALBERTO,2018,2018-05-31 09:00:00,44.67804654885308,-83.85875368466894,30
2018146N19273,ALBERTO,2018,2018-05-31 12:00:00,45.98809058709041,-83.2680579793355,30
2018246N22283,GORDON,2018,2018-09-03 00:00:00,23.45714233621211,-77.8278958320833,25
2018246N22283,GORDON,2018,2018-09-03 03:00:00,23.92617760661533,-78.45863501232274,28
2018246N22283,GORDON,2018,2018-09-03 06:00:00,24.241970802081354,-79.2199418984942,30
2018246N22283,GORDON,2018,2018-09-03 09:00:00,24.62369057243812,-79.87912770821016,35
2018246N22283,GORDON,2018,2018-09-03 11:15:00,25.040106741112552,-80.34866060028322,45
2018246N22283,GORDON,2018,2018-09-03 12:00:00,25.14519204133007,-80.52143008599741,45
2018246N22283,GORDON,2018,2018-09-03 13:15:00,25.243933731236517,-80.70139159110704,45
2018246N22283,GORDON,2018,2018-09-03 15:00:00,25.434659608479706,-80.99037624608638,47
2018246N22283,GORDON,2018,2018-09-03 18:00:00,25.80476169821464,-81.69392088495376,50
2018246N22283,GORDON,2018,2018-09-03 21:00:00,26.16719675059032,-82.40421992336738,53
2018246N22283,GORDON,2018,2018-09-04 00:00:00,26.548374090873995,-83.13912198272985,55
2018246N22283,GORDON,2018,2018-09-04 03:00:00,26.827275600174737,-83.9590954764208,55
2018246N22283,GORDON,2018,2018-09-04 06:00:00,27.14736582667937,-84.78479776639578,55
2018246N22283,GORDON,2018,2018-09-04 09:00:00,27.58567311088047,-85.55903963275765,55
2018246N22283,GORDON,2018,2018-09-04 12:00:00,28.08215077125757,-86.17375557840843,55
2018246N22283,GORDON,2018,2018-09-04 15:00:00,28.481654026121557,-86.67533934460444,58
2018246N22283,GORDON,2018,2018-09-04 18:00:00,28.88366571414831,-87.17780729802773,60
2018246N22283,GORDON,2018,2018-09-04 21:00:00,29.2887369122306,-87.57503850550238,60
2018246N22283,GORDON,2018,2018-09-05 00:00:00,29.794910942634687,-87.96632080518347,60
2018246N22283,GORDON,2018,2018-09-05 03:00:00,30.40469144199224,-88.4583936417734,60
2018246N22283,GORDON,2018,2018-09-05 03:15:00,30.40469144199224,-88.4583936417734,60
2018246N22283,GORDON,2018,2018-09-05 06:00:00,30.908352400834197,-88.8501228742873,45
2018246N22283,GORDON,2018,2018-09-05 09:00:00,31.4127538782706,-89.3459094065967,38
2018246N22283,GORDON,2018,2018-09-05 12:00:00,31.915512833688368,-89.74283851168184,30
2018246N22283,GORDON,2018,2018-09-05 15:00:00,32.217196283604096,-90.04155557466615,28
2018246N22283,GORDON,2018,2018-09-05 18:00:00,32.52075013575854,-90.34720446447798,25
2018246N22283,GORDON,2018,2018-09-05 21:00:00,32.82181446413063,-90.64741694415252,23
2018246N22283,GORDON,2018,2018-09-06 00:00:00,33.02240385237034,-90.848288013628,20
2018246N22283,GORDON,2018,2018-09-06 03:00:00,33.323009081429426,-91.14774489301097,20
2018246N22283,GORDON,2018,2018-09-06 06:00:00,33.52326815933965,-91.3487265342244,20
2018246N22283,GORDON,2018,2018-09-06 09:00:00,33.7233107393766,-91.54572731525094,18
2018246N22283,GORDON,2018,2018-09-06 12:00:00,33.92166587567484,-91.64368789838348,15
2018246N22283,GORDON,2018,2018-09-06 15:00:00,34.12761256742333,-91.76573340202116,15
2018246N22283,GORDON,2018,2018-09-06 18:00:00,34.22720541533465,-91.86652108098772,15
2018246N22283,GORDON,2018,2018-09-06 21:00:00,34.32644169891399,-91.9754974183603,15
2018280N18273,MICHAEL,2018,2018-10-09 21:00:00,26.088853552992564,-86.44924660495906,105
2018280N18273,MICHAEL,2018,2018-10-10 00:00:00,26.595530185654,-86.46035383759,110
2018280N18273,MICHAEL,2018,2018-10-10 03:00:00,27.097409226977547,-86.56843642093581,115
2018280N18273,MICHAEL,2018,2018-10-10 06:00:00,27.69251549321603,-86.57202892237082,120
2018280N18273,MICHAEL,2018,2018-10-10 09:00:00,28.37991082340204,-86.47448428598818,123
2018280N18273,MICHAEL,2018,2018-10-10 12:00:00,28.96830578284296,-86.27316035815139,125
2018280N18273,MICHAEL,2018,2018-10-10 15:00:00,29.36122493369436,-85.8704285893482,133
2018280N18273,MICHAEL,2018,2018-10-10 17:30:00,29.96047164932662,-85.46662898037434,140
2018280N18273,MICHAEL,2018,2018-10-10 18:00:00,30.169830392582472,-85.36498553826836,135
2018280N18273,MICHAEL,2018,2018-10-10 21:00:00,30.977589200001383,-84.87056536902718,108
2018280N18273,MICHAEL,2018,2018-10-11 00:00:00,31.48247585459542,-84.47608104568795,80
2018280N18273,MICHAEL,2018,2018-10-11 03:00:00,32.08898511871374,-83.87811383458727,65
2018280N18273,MICHAEL,2018,2018-10-11 06:00:00,32.7880792091202,-83.18945242959522,50
2018280N18273,MICHAEL,2018,2018-10-11 09:00:00,33.39191103401419,-82.4889044058403,48
2018280N18273,MICHAEL,2018,2018-10-11 12:00:00,34.097685962996046,-81.68523827277117,45
2018280N18273,MICHAEL,2018,2018-10-11 15:00:00,34.89347256283177,-80.89727024352997,45
2018280N18273,MICHAEL,2018,2018-10-11 18:00:00,35.592732063454065,-80.00060266341207,45
2018280N18273,MICHAEL,2018,2018-10-11 21:00:00,36.09317997352373,-78.90667741593536,48
2018280N18273,MICHAEL,2018,2018-10-12 00:00:00,36.49583478506673,-77.71816279140305,50
2018280N18273,MICHAEL,2018,2018-10-12 03:00:00,36.80467586154671,-76.53284766373125,55
2018280N18273,MICHAEL,2018,2018-10-12 06:00:00,37.30916342132906,-75.035833774787,60
2018280N18273,MICHAEL,2018,2018-10-12 09:00:00,38.10054833704928,-72.95632509889623,60
2018280N18273,MICHAEL,2018,2018-10-12 12:00:00,39.07806328873595,-70.66457179720891,60
2018280N18273,MICHAEL,2018,2018-10-12 15:00:00,40.07329779855476,-68.44285549107742,60
2018280N18273,MICHAEL,2018,2018-10-12 18:00:00,41.071655697167344,-66.13047041717527,60
2019192N29274,BARRY,2019,2019-07-10 12:00:00,28.478236349247823,-86.47452101059572,25
2019192N29274,BARRY,2019,2019-07-10 15:00:00,28.286657621699657,-86.77471642230873,28
2019192N29274,BARRY,2019,2019-07-10 18:00:00,28.0930182810406,-87.07495193129866,30
2019192N29274,BARRY,2019,2019-07-10 21:00:00,27.89794746597808,-87.3745734521521,30
2019192N29274,BARRY,2019,2019-07-11 00:00:00,27.78484981902558,-87.60404436948322,30
2019192N29274,BARRY,2019,2019-07-11 03:00:00,27.687317913415683,-87.80589737777166,33
2019192N29274,BARRY,2019,2019-07-11 06:00:00,27.690296076684383,-88.00559106666022,35
2019192N29274,BARRY,2019,2019-07-11 09:00:00,27.69308137459096,-88.2056854975154,35
2019192N29274,BARRY,2019,2019-07-11 12:00:00,27.69570949918771,-88.4056618930553,35
2019192N29274,BARRY,2019,2019-07-11 15:00:00,27.6982483994831,-88.6060414244492,38
2019192N29274,BARRY,2019,2019-07-11 18:00:00,27.70126018074937,-88.80592853860844,40
2019192N29274,BARRY,2019,2019-07-11 21:00:00,27.704620168357653,-88.99790505488158,43
2019192N29274,BARRY,2019,2019-07-12 00:00:00,27.806900396353274,-89.19632315922252,45
2019192N29274,BARRY,2019,2019-07-12 03:00:00,27.809645812623348,-89.38851782858993,45
2019192N29274,BARRY,2019,2019-07-12 06:00:00,27.91217548809539,-89.67566141812328,45
2019192N29274,BARRY,2019,2019-07-12 09:00:00,28.014603027510084,-89.97017309726247,48
2019192N29274,BARRY,2019,2019-07-12 12:00:00,28.118155392564468,-90.16221447017386,50
2019192N29274,BARRY,2019,2019-07-12 15:00:00,28.218522315174702,-90.4592692231749,53
2019192N29274,BARRY,2019,2019-07-12 18:00:00,28.418760321633503,-90.65825493344076,55
2019192N29274,BARRY,2019,2019-07-12 21:00:00,28.51839194844083,-90.85827601780863,58
2019192N29274,BARRY,2019,2019-07-13 00:00:00,28.618353561773844,-91.0581447112545,60
2019192N29274,BARRY,2019,2019-07-13 03:00:00,28.71754776870835,-91.25825872409789,60
2019192N29274,BARRY,2019,2019-07-13 06:00:00,28.917250058243336,-91.45758769066356,60
2019192N29274,BARRY,2019,2019-07-13 09:00:00,29.11786554298692,-91.65835566297936,63
2019192N29274,BARRY,2019,2019-07-13 12:00:00,29.318708381161112,-91.85884903471975,65
2019192N29274,BARRY,2019,2019-07-13 15:00:00,29.61915904732018,-92.15978914683508,65
2019192N29274,BARRY,2019,2019-07-13 18:00:00,29.93532704703708,-92.36184021642536,60
2019192N29274,BARRY,2019,2019-07-13 21:00:00,30.239207707735304,-92.56391225416128,55
2019192N29274,BARRY,2019,2019-07-14 00:00:00,30.43499065765901,-92.76546796176945,50
2019192N29274,BARRY,2019,2019-07-14 03:00:00,30.729584852926767,-92.96669543744471,45
2019192N29274,BARRY,2019,2019-07-14 06:00:00,31.02573108734302,-93.16805693182596,40
2019192N29274,BARRY,2019,2019-07-14 09:00:00,31.32307817218345,-93.37068244220433,38
2019192N29274,BARRY,2019,2019-07-14 12:00:00,31.62158572675398,-93.47207167051684,35
2019192N29274,BARRY,2019,2019-07-14 15:00:00,31.92016997787357,-93.57344026439426,35
2019192N29274,BARRY,2019,2019-07-14 18:00:00,32.32034859540586,-93.58027869168852,35
2019192N29274,BARRY,2019,2019-07-14 21:00:00,32.62053106476409,-93.58012112220705,30
2019192N29274,BARRY,2019,2019-07-15 00:00:00,33.02025075052599,-93.58208369527304,25
2019192N29274,BARRY,2019,2019-07-15 03:00:00,33.42063259055184,-93.58649677937616,25
2019192N29274,BARRY,2019,2019-07-15 06:00:00,33.92090559782676,-93.5940050665096,25
2019192N29274,BARRY,2019,2019-07-15 09:00:00,34.3214272886547,-93.58379691409807,23
2019236N10314,DORIAN,2019,2019-08-28 00:00:00,15.59350261374622,-62.92581775537106,50
2019236N10314,DORIAN,2019,2019-08-28 03:00:00,15.91037733653977,-63.311457483109294,53
2019236N10314,DORIAN,2019,2019-08-28 06:00:00,16.322175297663122,-63.59356318763248,55
2019236N10314,DORIAN,2019,2019-08-28 09:00:00,16.736855525531997,-63.97691845719882,58
2019236N10314,DORIAN,2019,2019-08-28 12:00:00,17.248016348263146,-64.25513067090675,60
2019236N10314,DORIAN,2019,2019-08-28 15:00:00,17.699694822722197,-64.52201180855045,64
2019236N10314,DORIAN,2019,2019-08-28 15:30:00,17.783978308860153,-64.62743373845991,65
2019236N10314,DORIAN,2019,2019-08-28 18:00:00,18.38380876894692,-65.10924118907491,70
2019236N10314,DORIAN,2019,2019-08-28 21:00:00,18.89671096246865,-65.48780059248578,73
2019236N10314,DORIAN,2019,2019-08-29 00:00:00,19.203749094572338,-65.67346239782457,75
2019236N10314,DORIAN,2019,2019-08-29 03:00:00,19.615342207672025,-65.95446086390946,75
2019236N10314,DORIAN,2019,2019-08-29 06:00:00,20.02692421439985,-66.23626831594545,75
2019236N10314,DORIAN,2019,2019-08-29 09:00:00,20.538130493593894,-66.51515506741296,75
2019236N10314,DORIAN,2019,2019-08-29 12:00:00,21.049636667943965,-66.7916985152313,75
2019236N10314,DORIAN,2019,2019-08-29 15:00:00,21.55961913344961,-67.07332818535696,75
2019236N10314,DORIAN,2019,2019-08-29 18:00:00,22.04753012140749,-67.32321836460373,75
2019236N10314,DORIAN,2019,2019-09-01 06:00:00,26.715597392583515,-75.41745027467012,145
2019236N10314,DORIAN,2019,2019-09-01 09:00:00,26.790685864808804,-75.92522029801118,150
2019236N10314,DORIAN,2019,2019-09-01 12:00:00,26.749619559995512,-76.32207166141598,155
2019236N10314,DORIAN,2019,2019-09-01 15:00:00,26.73431018754485,-76.62210170235737,158
2019236N10314,DORIAN,2019,2019-09-01 16:40:00,26.723268235938995,-76.82230136371264,160
2019236N10314,DORIAN,2019,2019-09-01 18:00:00,26.71836543956533,-76.92232275536239,160
2019236N10314,DORIAN,2019,2019-09-01 21:00:00,26.702886183517816,-77.22206332476344,158
2019236N10314,DORIAN,2019,2019-09-02 00:00:00,26.811171111256733,-77.54499081641721,155
2019236N10314,DORIAN,2019,2019-09-02 02:15:00,26.80474085421876,-77.64533717466651,155
2019236N10314,DORIAN,2019,2019-09-02 03:00:00,26.80474085421876,-77.64533717466651,153
2019236N10314,DORIAN,2019,2019-09-02 06:00:00,26.79313253379109,-77.84537152144298,145
2019236N10314,DORIAN,2019,2019-09-02 09:00:00,26.78220841674193,-78.04593499235735,140
2019236N10314,DORIAN,2019,2019-09-02 12:00:00,26.875726487296625,-78.15334964206644,135
2019236N10314,DORIAN,2019,2019-09-02 15:00:00,26.8700660191773,-78.25391824558001,130
2019236N10314,DORIAN,2019,2019-09-02 18:00:00,26.967185594714653,-78.26063270244386,125
2019236N10314,DORIAN,2019,2019-09-02 21:00:00,27.034265101773343,-78.36137276510794,120
2019236N10314,DORIAN,2019,2019-09-03 00:00:00,27.034265101773343,-78.36137276510794,115
2019236N10314,DORIAN,2019,2019-09-03 03:00:00,27.034265101773343,-78.36137276510794,110
2019236N10314,DORIAN,2019,2019-09-03 06:00:00,27.13351942885479,-78.36716238695178,105
2019236N10314,DORIAN,2019,2019-09-03 09:00:00,27.13351942885479,-78.36716238695178,103
2019236N10314,DORIAN,2019,2019-09-03 12:00:00,27.23239594104816,-78.3727943318855,100
2019236N10314,DORIAN,2019,2019-09-03 15:00:00,27.429805889203312,-78.38376847351348,98
2019236N10314,DORIAN,2019,2019-09-03 18:00:00,27.704818121845083,-78.49302745400222,95
2019236N10314,DORIAN,2019,2019-09-03 21:00:00,27.89951546109969,-78.60272658007209,93
2019236N10314,DORIAN,2019,2019-09-04 00:00:00,28.179720687992507,-78.7102777578576,90
2019236N10314,DORIAN,2019,2019-09-04 03:00:00,28.470694795358277,-78.92292038517641,90
2019236N10314,DORIAN,2019,2019-09-04 06:00:00,28.85098889241072,-79.13362380082305,90
2019236N10314,DORIAN,2019,2019-09-04 09:00:00,29.244066225407693,-79.34427985271479,90
2019236N10314,DORIAN,2019,2019-09-04 12:00:00,29.538636687746816,-79.55176358003618,90
2019236N10314,DORIAN,2019,2019-09-04 15:00:00,29.835626502201208,-79.65763544219472,93
2019236N10314,DORIAN,2019,2019-09-04 18:00:00,30.124292724479652,-79.6662962354149,95
2019236N10314,DORIAN,2019,2019-09-04 21:00:00,30.424219785330617,-79.67103643357385,98
2019236N10314,DORIAN,2019,2019-09-05 00:00:00,30.71792112476316,-79.6744142143434,100
2019236N10314,DORIAN,2019,2019-09-05 03:00:00,31.015161661361475,-79.68004401598918,100
2019236N10314,DORIAN,2019,2019-09-05 06:00:00,31.40519415458847,-79.58090356380562,100
2019236N10314,DORIAN,2019,2019-09-05 09:00:00,31.80432020062273,-79.38248073797762,100
2019236N10314,DORIAN,2019,2019-09-05 12:00:00,32.10432283581076,-79.18257728296886,100
2019236N10314,DORIAN,2019,2019-09-05 15:00:00,32.40496165474699,-79.0833308451311,98
2019236N10314,DORIAN,2019,2019-09-05 18:00:00,32.706472314676674,-78.88493893808308,95
2019236N10314,DORIAN,2019,2019-09-05 21:00:00,32.98865402789642,-78.47590870472851,93
2019236N10314,DORIAN,2019,2019-09-06 00:00:00,33.39055238698484,-77.87587425775405,90
2019236N10314,DORIAN,2019,2019-09-06 03:00:00,33.6936963367953,-77.37880232559529,90
2019236N10314,DORIAN,2019,2019-09-06 06:00:00,34.09709952083,-76.88057949490623,90
2019236N10314,DORIAN,2019,2019-09-06 09:00:00,34.60586765610883,-76.28673678148763,88
2019236N10314,DORIAN,2019,2019-09-06 12:00:00,35.11330012551682,-75.69489325444826,85
2019236N10314,DORIAN,2019,2019-09-06 12:30:00,35.21227912003311,-75.59536445976728,85
2019236N10314,DORIAN,2019,2019-09-06 15:00:00,35.71660007369266,-74.90742781383345,85
2019236N10314,DORIAN,2019,2019-09-06 18:00:00,36.22482244830823,-73.71441480615098,85
2019236N10314,DORIAN,2019,2019-09-06 21:00:00,36.814345419014224,-72.52927573849145,85
2019236N10314,DORIAN,2019,2019-09-07 00:00:00,37.39627588574094,-71.25278129423906,85
2019236N10314,DORIAN,2019,2019-09-07 03:00:00,38.074062931071566,-70.07719916753783,85
2019236N10314,DORIAN,2019,2019-09-07 06:00:00,38.86685667623879,-68.9641271245508,85
2019236N10314,DORIAN,2019,2019-09-07 09:00:00,39.76882954577114,-67.94611231995097,85
2019236N10314,DORIAN,2019,2019-09-07 12:00:00,40.77359380955942,-66.93114293703805,85
2019236N10314,DORIAN,2019,2019-09-07 15:00:00,41.771284772048446,-65.72834090539538,83
2019246N24266,FERNAND,2019,2019-09-04 15:00:00,24.17328011626517,-97.46853082959922,40
2019246N24266,FERNAND,2019,2019-09-04 18:00:00,24.26746865983972,-97.87079835652044,30
2019246N24266,FERNAND,2019,2019-09-04 21:00:00,24.46577410773301,-98.18067725129814,28
2019246N24266,FERNAND,2019,2019-09-05 00:00:00,24.66223099814652,-98.48428229957791,25
2019261N28264,IMELDA,2019,2019-09-17 12:00:00,28.30477093846965,-95.64401528789502,30
2019261N28264,IMELDA,2019,2019-09-17 15:00:00,28.60796941818941,-95.4487515282628,35
2019261N28264,IMELDA,2019,2019-09-17 17:45:00,28.90901826785631,-95.35291316900854,40
2019261N28264,IMELDA,2019,2019-09-17 18:00:00,29.008298314969743,-95.35314359017488,40
2019261N28264,IMELDA,2019,2019-09-17 21:00:00,29.504852719679484,-95.35678561236836,35
2019261N28264,IMELDA,2019,2019-09-18 00:00:00,29.503442210407687,-95.45632568233,30
2019261N28264,IMELDA,2019,2019-09-18 03:00:00,29.70100745535758,-95.5582092956397,30
2019261N28264,IMELDA,2019,2019-09-18 06:00:00,29.89967534883134,-95.5609061101418,30
2019261N28264,IMELDA,2019,2019-09-18 09:00:00,30.19947821004868,-95.56513873489062,30
2019261N28264,IMELDA,2019,2019-09-18 12:00:00,30.401163866333803,-95.46765070316408,30
2019261N28264,IMELDA,2019,2019-09-18 15:00:00,30.503638828116856,-95.26893052466892,30
2019261N28264,IMELDA,2019,2019-09-18 18:00:00,30.60725853674085,-94.97085138890614,30
2019261N28264,IMELDA,2019,2019-09-18 21:00:00,30.808331433718426,-94.87306314778655,28
2019261N28264,IMELDA,2019,2019-09-19 00:00:00,31.10932772791561,-94.77618761947936,25
2019291N22264,NESTOR,2019,2019-10-18 12:00:00,25.23782012994829,-91.22865577341872,50
2019291N22264,NESTOR,2019,2019-10-18 15:00:00,25.825623563346205,-90.3038299035765,50
2019291N22264,NESTOR,2019,2019-10-18 18:00:00,26.410152651146905,-89.42658138319874,50
2019291N22264,NESTOR,2019,2019-10-18 21:00:00,27.09708969959705,-88.51689323879613,50
2019291N22264,NESTOR,2019,2019-10-19 00:00:00,27.78771139391151,-87.8035393004828,50
2019291N22264,NESTOR,2019,2019-10-19 03:00:00,28.2891856159316,-87.38351062515132,50
2019291N22264,NESTOR,2019,2019-10-19 06:00:00,28.586125509772028,-87.0747644982524,50
2019291N22264,NESTOR,2019,2019-10-19 09:00:00,28.87717934443363,-86.77473547123716,45
2019291N22264,NESTOR,2019,2019-10-19 12:00:00,29.267183060838047,-86.37249762984443,40
2019291N22264,NESTOR,2019,2019-10-19 15:00:00,29.65992098251246,-85.8684945292549,40
2019291N22264,NESTOR,2019,2019-10-19 18:00:00,30.169830392582472,-85.36498553826836,40
2019291N22264,NESTOR,2019,2019-10-19 21:00:00,30.5761688167453,-84.86811233447554,38
2019291N22264,NESTOR,2019,2019-10-20 00:00:00,31.184521920140543,-84.17484909834707,35
2019291N22264,NESTOR,2019,2019-10-20 03:00:00,32.09449358874556,-83.08534240165638,38
2019291N22264,NESTOR,2019,2019-10-20 06:00:00,33.09582547424589,-81.68717905688689,40
2019291N22264,NESTOR,2019,2019-10-20 09:00:00,34.097135353110254,-80.3937035281986,40
2019291N22264,NESTOR,2019,2019-10-20 12:00:00,35.09591587515867,-79.09285834698659,40
2019291N22264,NESTOR,2019,2019-10-20 15:00:00,36.19337355567162,-77.91190037884249,40
2019291N22264,NESTOR,2019,2019-10-20 18:00:00,37.00271876528387,-76.73270697970814,40
2019291N22264,NESTOR,2019,2019-10-20 21:00:00,37.40854102247679,-75.64043409288057,40
2019291N22264,NESTOR,2019,2019-10-21 00:00:00,37.51011168581849,-74.53526887685982,40
2019299N25265,OLGA,2019,2019-10-25 12:00:00,24.71082644451375,-94.68078121296364,35
2019299N25265,OLGA,2019,2019-10-25 15:00:00,25.318415389727697,-94.0900554679619,38
2019299N25265,OLGA,2019,2019-10-25 18:00:00,25.919018165200388,-93.5112022724946,40
2019299N25265,OLGA,2019,2019-10-25 21:00:00,26.416561419790654,-93.03070739722747,43
2019299N25265,OLGA,2019,2019-10-26 00:00:00,27.01805756338134,-92.44429958032376,45
2019299N25265,OLGA,2019,2019-10-26 03:00:00,27.81583509198205,-91.8543368062054,45
2019299N25265,OLGA,2019,2019-10-26 06:00:00,28.81805131465342,-91.15844662488988,45
2019299N25265,OLGA,2019,2019-10-26 09:00:00,30.0280478771366,-90.55991093096354,45
2019299N25265,OLGA,2019,2019-10-26 12:00:00,31.718031504684983,-89.94563278589474,45
2019299N25265,OLGA,2019,2019-10-26 15:00:00,33.912780642499385,-89.59856244247851,43
2019299N25265,OLGA,2019,2019-10-27 00:00:00,40.07432669808028,-88.12912868792557,30
2019299N25265,OLGA,2019,2019-10-27 03:00:00,41.35611998243912,-87.75746414771365,30
2019299N25265,OLGA,2019,2019-10-27 06:00:00,42.46795308423347,-86.95165652977624,30
2019299N25265,OLGA,2019,2019-10-27 09:00:00,43.56948583755586,-86.05430373325095,30
2019299N25265,OLGA,2019,2019-10-27 12:00:00,44.4742521146876,-84.65765792314372,30
2019299N25265,OLGA,2019,2019-10-27 15:00:00,45.28763504817392,-82.66151348199278,30
2020138N28281,ARTHUR,2020,2020-05-16 18:00:00,28.09735011926421,-78.61133703789271,30
2020138N28281,ARTHUR,2020,2020-05-16 21:00:00,28.5892700038826,-78.21947046241058,33
2020138N28281,ARTHUR,2020,2020-05-17 00:00:00,28.97718564353444,-77.92288029821738,35
2020138N28281,ARTHUR,2020,2020-05-17 03:00:00,29.37868439372475,-77.73184266998526,35
2020138N28281,ARTHUR,2020,2020-05-17 06:00:00,29.670697508811298,-77.53728889693846,35
2020138N28281,ARTHUR,2020,2020-05-17 09:00:00,29.93691428886531,-77.44659594861508,35
2020138N28281,ARTHUR,2020,2020-05-17 12:00:00,30.32429392919844,-77.45453818596708,35
2020138N28281,ARTHUR,2020,2020-05-17 15:00:00,30.603535584078568,-77.37217583376622,38
2020138N28281,ARTHUR,2020,2020-05-17 18:00:00,31.003574427972588,-77.27280891906307,40
2020138N28281,ARTHUR,2020,2020-05-17 21:00:00,31.40368629129214,-77.1737838010769,40
2020138N28281,ARTHUR,2020,2020-05-18 00:00:00,31.89576321371913,-76.9806417497739,40
2020138N28281,ARTHUR,2020,2020-05-18 03:00:00,32.49680245714354,-76.88002226934724,40
2020138N28281,ARTHUR,2020,2020-05-18 06:00:00,33.09851969708774,-76.67925120793569,40
2020138N28281,ARTHUR,2020,2020-05-18 09:00:00,33.801678346049606,-76.38025291837582,43
2020138N28281,ARTHUR,2020,2020-05-18 12:00:00,34.40990174487031,-75.88498804999493,45
2020138N28281,ARTHUR,2020,2020-05-18 15:00:00,35.01770404232472,-75.39411897260078,45
2020138N28281,ARTHUR,2020,2020-05-18 18:00:00,35.52004504659827,-74.70444537067895,45
2020138N28281,ARTHUR,2020,2020-05-18 21:00:00,35.92391621353921,-73.91023883823797,48
2020138N28281,ARTHUR,2020,2020-05-19 00:00:00,36.22959447120471,-73.1133348907282,50
2020138N28281,ARTHUR,2020,2020-05-19 03:00:00,36.52414586147599,-72.32262855387391,50
2020138N28281,ARTHUR,2020,2020-05-19 06:00:00,36.80980244894554,-71.44153541988767,50
2020148N32281,BERTHA,2020,2020-05-27 06:00:00,31.50301390952989,-78.77828244841609,40
2020148N32281,BERTHA,2020,2020-05-27 09:00:00,32.00385563096141,-79.08175165975175,43
2020148N32281,BERTHA,2020,2020-05-27 12:00:00,32.60635772748162,-79.48669355035474,45
2020148N32281,BERTHA,2020,2020-05-27 13:30:00,32.90880229560178,-79.68939812750386,45
2020148N32281,BERTHA,2020,2020-05-27 15:00:00,33.20559961588879,-79.89338746964432,40
2020148N32281,BERTHA,2020,2020-05-27 18:00:00,33.69811065718477,-80.09224159285985,30
2020148N32281,BERTHA,2020,2020-05-27 21:00:00,34.19712930171048,-80.39380961438442,28
2020148N32281,BERTHA,2020,2020-05-28 00:00:00,34.893969045786214,-80.69730175725917,25
2020148N32281,BERTHA,2020,2020-05-28 03:00:00,35.88906181908448,-81.00465749404866,23
2020148N32281,BERTHA,2020,2020-05-28 06:00:00,37.07570026226068,-81.12367383820387,20
2020148N32281,BERTHA,2020,2020-05-28 12:00:00,39.91145799831994,-80.65599425233586,20
2020154N19269,CRISTOBAL,2020,2020-06-06 21:00:00,25.32648421941617,-90.22868377765217,45
2020154N19269,CRISTOBAL,2020,2020-06-07 00:00:00,25.82383340667099,-90.10547775534684,45
2020154N19269,CRISTOBAL,2020,2020-06-07 03:00:00,26.319769092902728,-90.01636123948536,45
2020154N19269,CRISTOBAL,2020,2020-06-07 06:00:00,26.917052946919693,-89.99741848362557,45
2020154N19269,CRISTOBAL,2020,2020-06-07 09:00:00,27.516115782162974,-89.87274243808528,45
2020154N19269,CRISTOBAL,2020,2020-06-07 12:00:00,28.01404348720328,-89.87404139854384,45
2020154N19269,CRISTOBAL,2020,2020-06-07 15:00:00,28.614361149953517,-89.76888543123724,45
2020154N19269,CRISTOBAL,2020,2020-06-07 18:00:00,29.01427188182024,-89.76583145979936,45
2020154N19269,CRISTOBAL,2020,2020-06-07 21:00:00,29.21336252503264,-89.76511740941517,45
2020154N19269,CRISTOBAL,2020,2020-06-07 22:00:00,29.312582732879285,-89.76456323100453,45
2020154N19269,CRISTOBAL,2020,2020-06-08 00:00:00,29.818918866984745,-89.86108037369401,45
2020154N19269,CRISTOBAL,2020,2020-06-08 03:00:00,30.32505821311592,-90.15848054261104,40
2020154N19269,CRISTOBAL,2020,2020-06-08 06:00:00,30.62852156798601,-90.55762018891862,35
2020154N19269,CRISTOBAL,2020,2020-06-08 09:00:00,31.128961643021334,-91.05905053696476,33
2020154N19269,CRISTOBAL,2020,2020-06-08 12:00:00,31.726900987834917,-91.46002465018198,30
2020154N19269,CRISTOBAL,2020,2020-06-08 15:00:00,32.324715045362204,-91.76105105462084,30
2020154N19269,CRISTOBAL,2020,2020-06-08 18:00:00,32.92367005400877,-91.9603135989391,30
2020154N19269,CRISTOBAL,2020,2020-06-08 21:00:00,33.52492671631945,-92.05263406001262,28
2020154N19269,CRISTOBAL,2020,2020-06-09 00:00:00,34.22769363600109,-92.077941766848,25
2020154N19269,CRISTOBAL,2020,2020-06-09 21:00:00,41.34747620514312,-91.21427683064768,30
2020154N19269,CRISTOBAL,2020,2020-06-10 00:00:00,42.54018241462773,-90.71992218413376,30
2020154N19269,CRISTOBAL,2020,2020-06-10 03:00:00,43.74411255872509,-90.03693914798518,33
2020154N19269,CRISTOBAL,2020,2020-06-10 06:00:00,44.95183973634164,-89.25828744733006,35
2020154N19269,CRISTOBAL,2020,2020-06-10 09:00:00,46.25925910144014,-88.36871334098291,35
2020154N19269,CRISTOBAL,2020,2020-06-10 12:00:00,47.470196777336,-87.36071717889024,35
2020154N19269,CRISTOBAL,2020,2020-06-10 15:00:00,48.66973406017948,-86.263990770686,35
2020188N28271,FAY,2020,2020-07-05 12:00:00,27.70126018074937,-88.80592853860844,20
2020188N28271,FAY,2020,2020-07-05 15:00:00,27.89452126205848,-88.30195309649345,23
2020188N28271,FAY,2020,2020-07-05 18:00:00,28.086606805297723,-87.6980025710911,25
2020188N28271,FAY,2020,2020-07-05 21:00:00,28.484547105324022,-86.87559037599284,28
2020188N28271,FAY,2020,2020-07-06 00:00:00,28.868437306457384,-86.17383707788112,30
2020188N28271,FAY,2020,2020-07-06 03:00:00,29.359840089322606,-85.67010363994845,30
2020188N28271,FAY,2020,2020-07-06 06:00:00,29.86087665572737,-85.3669392591343,30
2020188N28271,FAY,2020,2020-07-06 09:00:00,30.37280512614872,-85.16726611930113,25
2020188N28271,FAY,2020,2020-07-06 12:00:00,30.77603492555665,-84.96888962293339,20
2020188N28271,FAY,2020,2020-07-06 15:00:00,31.18043378334892,-84.77165789361929,20
2020188N28271,FAY,2020,2020-07-06 18:00:00,31.48114353965439,-84.57585923563367,20
2020188N28271,FAY,2020,2020-07-06 21:00:00,31.88307881626976,-84.3761625447692,20
2020188N28271,FAY,2020,2020-07-07 00:00:00,32.189225183399735,-84.17859467510324,20
2020188N28271,FAY,2020,2020-07-07 03:00:00,32.49110047888983,-83.97975585780291,20
2020188N28271,FAY,2020,2020-07-07 06:00:00,32.789776650052254,-83.68386265997768,20
2020188N28271,FAY,2020,2020-07-07 09:00:00,33.08425610417323,-83.49263582293484,20
2020188N28271,FAY,2020,2020-07-07 12:00:00,33.28606974864783,-83.19365702069209,20
2020188N28271,FAY,2020,2020-07-07 15:00:00,33.28981519516511,-82.88896457450521,20
2020188N28271,FAY,2020,2020-07-07 18:00:00,33.29242388388969,-82.48856936114892,20
2020188N28271,FAY,2020,2020-07-07 21:00:00,33.294446487926024,-82.08792623095924,20
2020188N28271,FAY,2020,2020-07-08 00:00:00,33.297952308590084,-81.58469186148986,20
2020188N28271,FAY,2020,2020-07-08 03:00:00,33.29831133896163,-81.08504192740119,20
2020188N28271,FAY,2020,2020-07-08 06:00:00,33.29826047864718,-80.48477938889712,20
2020188N28271,FAY,2020,2020-07-08 09:00:00,33.30433394428223,-79.89190398173791,20
2020188N28271,FAY,2020,2020-07-08 12:00:00,33.28272262070694,-79.1708083849853,20
2020188N28271,FAY,2020,2020-07-08 15:00:00,33.48251556965869,-78.46895825016284,23
2020188N28271,FAY,2020,2020-07-08 18:00:00,33.68949977930065,-77.87559014507453,25
2020188N28271,FAY,2020,2020-07-08 21:00:00,33.79322230807879,-77.37827528335461,25
2020188N28271,FAY,2020,2020-07-09 00:00:00,33.895135378384424,-77.07930268504492,25
2020188N28271,FAY,2020,2020-07-09 03:00:00,33.99719910032124,-76.88001374430175,25
2020188N28271,FAY,2020,2020-07-09 06:00:00,34.09807177819206,-76.78019702367303,25
2020188N28271,FAY,2020,2020-07-09 09:00:00,33.99719910032124,-76.88001374430175,28
2020188N28271,FAY,2020,2020-07-09 12:00:00,34.09807177819206,-76.78019702367303,30
2020188N28271,FAY,2020,2020-07-09 15:00:00,34.71121066811674,-75.88876549071992,35
2020188N28271,FAY,2020,2020-07-09 18:00:00,35.41840679248743,-74.90272521858836,40
2020188N28271,FAY,2020,2020-07-09 21:00:00,35.71826316421092,-74.70729687987739,40
2020188N28271,FAY,2020,2020-07-10 00:00:00,36.01744113713581,-74.81230080226666,40
2020188N28271,FAY,2020,2020-07-10 03:00:00,36.41435806631411,-74.82024056120552,43
2020188N28271,FAY,2020,2020-07-10 06:00:00,36.81183759724807,-74.82726112815874,45
2020188N28271,FAY,2020,2020-07-10 09:00:00,37.20925426063587,-74.83325918782806,48
2020188N28271,FAY,2020,2020-07-10 12:00:00,37.71044828806318,-74.73948500989962,50
2020188N28271,FAY,2020,2020-07-10 15:00:00,38.20881694839164,-74.55055313284548,50
2020188N28271,FAY,2020,2020-07-10 18:00:00,38.9083278410123,-74.45726020617454,50
2020188N28271,FAY,2020,2020-07-10 20:00:00,39.40935519200456,-74.45619736080587,45
2020188N28271,FAY,2020,2020-07-10 21:00:00,39.60979245969734,-74.45576286883004,43
2020188N28271,FAY,2020,2020-07-11 00:00:00,40.20914837395785,-74.35052113963667,35
2020188N28271,FAY,2020,2020-07-11 03:00:00,40.80378001831647,-74.33928096460326,33
2020188N28271,FAY,2020,2020-07-11 06:00:00,41.50264045913925,-74.23338859409645,30
2020188N28271,FAY,2020,2020-07-11 09:00:00,42.40237230405573,-74.12655639440483,28
2020188N28271,FAY,2020,2020-07-11 12:00:00,43.40164985302078,-74.01769884616743,25
2020188N28271,FAY,2020,2020-07-11 15:00:00,44.402080432463066,-73.90644368751371,23
2020188N28271,FAY,2020,2020-07-11 18:00:00,45.40026598663248,-73.79851249728493,20
2020205N26272,HANNA,2020,2020-07-23 00:00:00,25.70266577974222,-88.32783294328628,25
2020205N26272,HANNA,2020,2020-07-23 03:00:00,25.80737542628978,-88.62295634658673,25
2020205N26272,HANNA,2020,2020-07-23 06:00:00,25.81126583735765,-89.02494343335573,25
2020205N26272,HANNA,2020,2020-07-23 09:00:00,25.818677017150115,-89.40552826603249,28
2020205N26272,HANNA,2020,2020-07-23 12:00:00,25.92090268048928,-89.70395501277079,30
2020205N26272,HANNA,2020,2020-07-23 15:00:00,25.924153001634355,-90.1033134671226,30
2020205N26272,HANNA,2020,2020-07-23 18:00:00,26.02630310415109,-90.40318601058262,30
2020205N26272,HANNA,2020,2020-07-23 21:00:00,26.126080897273727,-90.67365938707223,33
2020205N26272,HANNA,2020,2020-07-24 00:00:00,26.224379634017907,-91.0563337392692,35
2020205N26272,HANNA,2020,2020-07-24 03:00:00,26.422268774622854,-91.44557559303884,38
2020205N26272,HANNA,2020,2020-07-24 06:00:00,26.620273385476008,-91.94530891383629,40
2020205N26272,HANNA,2020,2020-07-24 09:00:00,26.91820504406522,-92.34451120349875,43
2020205N26272,HANNA,2020,2020-07-24 12:00:00,27.117385281424347,-92.7391081409309,45
2020205N26272,HANNA,2020,2020-07-24 15:00:00,27.215181419039727,-93.24048683473325,48
2020205N26272,HANNA,2020,2020-07-24 18:00:00,27.21334590065701,-93.64060941982343,50
2020205N26272,HANNA,2020,2020-07-24 21:00:00,27.212744434750203,-94.035767090942,53
2020205N26272,HANNA,2020,2020-07-25 00:00:00,27.11076440381763,-94.4329825598122,55
2020205N26272,HANNA,2020,2020-07-25 03:00:00,27.108669997034983,-94.82729144576696,58
2020205N26272,HANNA,2020,2020-07-25 06:00:00,27.10503036645733,-95.221000741773,60
2020205N26272,HANNA,2020,2020-07-25 09:00:00,27.101987913959004,-95.52076590502564,65
2020205N26272,HANNA,2020,2020-07-25 12:00:00,27.097188456995195,-95.91651750007529,70
2020205N26272,HANNA,2020,2020-07-25 15:00:00,26.991530383644186,-96.31308094634606,75
2020205N26272,HANNA,2020,2020-07-25 18:00:00,26.88523521932826,-96.70864697701418,80
2020205N26272,HANNA,2020,2020-07-25 21:00:00,26.77856474981701,-97.10308112784526,80
2020205N26272,HANNA,2020,2020-07-25 22:00:00,26.777025181162987,-97.2026720069782,80
2020205N26272,HANNA,2020,2020-07-25 23:15:00,26.675001716240534,-97.4016679805725,80
2020205N26272,HANNA,2020,2020-07-26 00:00:00,26.67427475037724,-97.5036469596926,75
2020205N26272,HANNA,2020,2020-07-26 03:00:00,26.57131926491073,-97.90622622791074,65
2020205N26272,HANNA,2020,2020-07-26 06:00:00,26.46685918209144,-98.4073581284922,55
2020205N26272,HANNA,2020,2020-07-26 09:00:00,26.36161328000341,-98.80803929204208,48
2020205N26272,HANNA,2020,2020-07-26 12:00:00,26.157650262307595,-99.20588618940744,40
2020205N26272,HANNA,2020,2020-07-26 15:00:00,25.95090008076555,-99.70332900894468,35
2020205N26272,HANNA,2020,2020-07-26 18:00:00,25.745247722999032,-100.20081754887316,30
2020211N13306,ISAIAS,2020,2020-07-29 15:00:00,15.111366987922526,-63.239655439093575,40
2020211N13306,ISAIAS,2020,2020-07-29 18:00:00,15.249192315638872,-64.12754810892982,40
2020211N13306,ISAIAS,2020,2020-07-29 21:00:00,15.483102927927346,-65.01220357270007,43
2020211N13306,ISAIAS,2020,2020-07-30 00:00:00,15.809551815728064,-65.79511380795633,45
2020211N13306,ISAIAS,2020,2020-07-30 03:00:00,16.232364918119284,-66.57546386800756,48
2020211N13306,ISAIAS,2020,2020-07-30 06:00:00,16.74774705497819,-67.25578426852167,50
2020211N13306,ISAIAS,2020,2020-07-30 09:00:00,17.25653793339325,-67.93770787108737,53
2020211N13306,ISAIAS,2020,2020-07-30 12:00:00,17.75941128221894,-68.52408050579486,55
2020211N13306,ISAIAS,2020,2020-07-30 15:00:00,18.162754633230385,-69.01664287172346,55
2020211N13306,ISAIAS,2020,2020-07-30 16:15:00,18.4595180511778,-69.31243109667204,55
2020211N13306,ISAIAS,2020,2020-07-30 18:00:00,18.99884214507885,-69.79990854438937,60
2020211N13306,ISAIAS,2020,2020-07-30 21:00:00,19.60712655492689,-70.48782902771063,63
2020211N13306,ISAIAS,2020,2020-08-01 09:00:00,24.230128489836293,-76.65945199713443,73
2020211N13306,ISAIAS,2020,2020-08-01 12:00:00,24.501592976772603,-77.17951661816366,70
2020211N13306,ISAIAS,2020,2020-08-01 13:00:00,24.58921435027448,-77.38698144704246,70
2020211N13306,ISAIAS,2020,2020-08-01 15:00:00,24.77538659531666,-77.69790801370816,66
2020211N13306,ISAIAS,2020,2020-08-01 18:00:00,24.95626266098925,-78.0125350486589,60
2020211N13306,ISAIAS,2020,2020-08-01 21:00:00,25.147993139662177,-78.3469615138031,60
2020211N13306,ISAIAS,2020,2020-08-02 00:00:00,25.437669082993448,-78.66182559650116,60
2020211N13306,ISAIAS,2020,2020-08-02 03:00:00,25.73153750544387,-78.87850137355274,58
2020211N13306,ISAIAS,2020,2020-08-02 06:00:00,26.02866037795456,-78.9980597881367,55
2020211N13306,ISAIAS,2020,2020-08-02 09:00:00,26.31728121809977,-79.22103318504179,55
2020211N13306,ISAIAS,2020,2020-08-02 12:00:00,26.694797423351247,-79.34910140009112,55
2020211N13306,ISAIAS,2020,2020-08-02 15:00:00,27.075583116515084,-79.47356205288152,58
2020211N13306,ISAIAS,2020,2020-08-02 18:00:00,27.470904997728613,-79.49510148608806,60
2020211N13306,ISAIAS,2020,2020-08-02 21:00:00,27.85838849397927,-79.51017215690614,60
2020211N13306,ISAIAS,2020,2020-08-03 00:00:00,28.251396566316856,-79.6269646285918,60
2020211N13306,ISAIAS,2020,2020-08-03 03:00:00,28.637612784287736,-79.7394605944573,60
2020211N13306,ISAIAS,2020,2020-08-03 06:00:00,29.132748026932354,-79.84930180279284,60
2020211N13306,ISAIAS,2020,2020-08-03 09:00:00,29.629860333875627,-79.95747758642679,60
2020211N13306,ISAIAS,2020,2020-08-03 12:00:00,30.121464058997116,-79.97016373019382,60
2020211N13306,ISAIAS,2020,2020-08-03 15:00:00,30.6219527687601,-79.87606358818755,63
2020211N13306,ISAIAS,2020,2020-08-03 18:00:00,31.207076979356174,-79.67888674441318,65
2020211N13306,ISAIAS,2020,2020-08-03 21:00:00,31.90468019937809,-79.48390651082407,73
2020211N13306,ISAIAS,2020,2020-08-04 00:00:00,32.80823160128367,-79.08729250974982,80
2020211N13306,ISAIAS,2020,2020-08-04 03:00:00,33.78127146568256,-78.46818402398446,80
2020211N13306,ISAIAS,2020,2020-08-04 03:10:00,33.88443598064556,-78.47193702970873,80
2020211N13306,ISAIAS,2020,2020-08-04 06:00:00,34.99411526717569,-78.08862567307355,60
2020211N13306,ISAIAS,2020,2020-08-04 09:00:00,36.29617201848379,-77.51234180847435,60
2020211N13306,ISAIAS,2020,2020-08-04 12:00:00,37.70172506022708,-76.83477918406028,60
2020211N13306,ISAIAS,2020,2020-08-04 15:00:00,39.31149412948906,-76.0502807440012,58
2020211N13306,ISAIAS,2020,2020-08-04 18:00:00,40.90813544963811,-75.13776784443635,55
2020211N13306,ISAIAS,2020,2020-08-04 21:00:00,42.50247869352019,-74.12548102781265,50
2020211N13306,ISAIAS,2020,2020-08-05 00:00:00,43.998238625516606,-73.11005022423515,45
2020211N13306,ISAIAS,2020,2020-08-05 03:00:00,45.39430589328023,-72.39756724841634,40
2020211N13306,ISAIAS,2020,2020-08-05 06:00:00,46.68922599325743,-71.79016322683574,35
2020233N14313,LAURA,2020,2020-08-21 20:30:00,17.063712799955034,-61.8307372851849,40
2020233N14313,LAURA,2020,2020-08-21 21:00:00,17.066758353025726,-61.930139501549775,40
2020233N14313,LAURA,2020,2020-08-21 23:30:00,17.071479409837544,-62.630828337004495,40
2020233N14313,LAURA,2020,2020-08-22 00:00:00,17.070359576887693,-62.83231278056166,40
2020233N14313,LAURA,2020,2020-08-22 03:00:00,17.14689162716403,-63.74889627147261,40
2020233N14313,LAURA,2020,2020-08-22 06:00:00,17.355275907916948,-64.45075522277592,40
2020233N14313,LAURA,2020,2020-08-22 09:00:00,17.601107971747652,-65.2304956915067,43
2020233N14313,LAURA,2020,2020-08-22 12:00:00,17.717352216519398,-65.92433485330035,45
2020233N14313,LAURA,2020,2020-08-22 15:00:00,17.829165139202374,-66.72152823516866,45
2020233N14313,LAURA,2020,2020-08-22 18:00:00,17.938415545043025,-67.41948973220073,45
2020233N14313,LAURA,2020,2020-08-22 21:00:00,18.048566037610524,-68.1183634320657,45
2020233N14313,LAURA,2020,2020-08-23 00:00:00,18.25748070422583,-68.81508534230899,45
2020233N14313,LAURA,2020,2020-08-23 03:00:00,18.390205696835725,-69.61407737064144,45
2020233N14313,LAURA,2020,2020-08-23 04:30:00,18.50131050144558,-70.0116164417305,45
2020233N14313,LAURA,2020,2020-08-23 06:00:00,18.608121844470173,-70.3093352588203,45
2020233N14313,LAURA,2020,2020-08-26 03:00:00,25.219026356701583,-89.63196672266552,83
2020233N14313,LAURA,2020,2020-08-26 06:00:00,25.62473696651117,-90.2070182457941,90
2020233N14313,LAURA,2020,2020-08-26 09:00:00,26.028523232728386,-90.79768853637164,95
2020233N14313,LAURA,2020,2020-08-26 12:00:00,26.422827911392183,-91.34841866430274,100
2020233N14313,LAURA,2020,2020-08-26 15:00:00,26.81990619746972,-91.94338273560382,110
2020233N14313,LAURA,2020,2020-08-26 18:00:00,27.31770667310059,-92.44376787258987,120
2020233N14313,LAURA,2020,2020-08-26 21:00:00,27.91533857577123,-92.75052365824932,125
2020233N14313,LAURA,2020,2020-08-27 00:00:00,28.51545741745485,-92.95402460101172,130
2020233N14313,LAURA,2020,2020-08-27 03:00:00,29.11632321361689,-93.1575525477845,130
2020233N14313,LAURA,2020,2020-08-27 06:00:00,29.825486326326573,-93.2616053627862,130
2020233N14313,LAURA,2020,2020-08-27 09:00:00,30.527529758913925,-93.3678046719264,108
2020233N14313,LAURA,2020,2020-08-27 12:00:00,31.224123548320534,-93.26864899449606,85
2020233N14313,LAURA,2020,2020-08-27 15:00:00,32.02320500373449,-93.06764192960772,70
2020233N14313,LAURA,2020,2020-08-27 18:00:00,32.82315330908108,-92.87206257682833,55
2020233N14313,LAURA,2020,2020-08-27 21:00:00,33.624285913274825,-92.67817782571623,45
2020234N14280,MARCO,2020,2020-08-24 00:00:00,26.384240521400283,-87.63383807855318,55
2020234N14280,MARCO,2020,2020-08-24 03:00:00,26.88575142144216,-87.72375212446933,53
2020234N14280,MARCO,2020,2020-08-24 06:00:00,27.288684864042164,-87.91333886256628,50
2020234N14280,MARCO,2020,2020-08-24 09:00:00,27.69146372631638,-88.1058513173057,48
2020234N14280,MARCO,2020,2020-08-24 12:00:00,28.094444075004112,-88.29806892169827,45
2020234N14280,MARCO,2020,2020-08-24 15:00:00,28.395732678330056,-88.39259040707492,43
2020234N14280,MARCO,2020,2020-08-24 18:00:00,28.698415667507074,-88.58428990234567,40
2020234N14280,MARCO,2020,2020-08-24 21:00:00,28.90221254646102,-88.87806483827559,38
2020234N14280,MARCO,2020,2020-08-25 00:00:00,28.908482949533667,-89.2716954036077,35
2020234N14280,MARCO,2020,2020-08-25 03:00:00,28.81545352245479,-89.86591267070334,30
2020234N14280,MARCO,2020,2020-08-25 06:00:00,28.71896580928621,-90.45976935778177,25
2020234N14280,MARCO,2020,2020-08-25 09:00:00,28.618496827122343,-90.95837662977604,23
2020234N14280,MARCO,2020,2020-08-25 12:00:00,28.617248044461927,-91.35799452440853,20
2020234N14280,MARCO,2020,2020-08-25 15:00:00,28.81652351841778,-91.75727335581176,20
2020234N14280,MARCO,2020,2020-08-25 18:00:00,29.115170211652597,-92.25833560778634,20
2020256N25281,SALLY,2020,2020-09-11 18:00:00,25.559913050168475,-78.36357472888933,30
2020256N25281,SALLY,2020,2020-09-11 21:00:00,25.63625998003496,-78.7720515182334,30
2020256N25281,SALLY,2020,2020-09-12 00:00:00,25.713477352869976,-79.18026886359173,30
2020256N25281,SALLY,2020,2020-09-12 03:00:00,25.68698024314008,-79.58637459114269,30
2020256N25281,SALLY,2020,2020-09-12 06:00:00,25.66269732796193,-79.99785224751335,30
2020256N25281,SALLY,2020,2020-09-12 09:00:00,25.54733997790848,-80.34070294222889,33
2020256N25281,SALLY,2020,2020-09-12 12:00:00,25.54733860221601,-80.60089224902971,35
2020256N25281,SALLY,2020,2020-09-12 15:00:00,25.534302065083036,-80.99233765886974,35
2020256N25281,SALLY,2020,2020-09-12 18:00:00,25.6182785030385,-81.38951727036155,35
2020256N25281,SALLY,2020,2020-09-12 21:00:00,25.79983159977345,-81.7923482688541,35
2020256N25281,SALLY,2020,2020-09-13 00:00:00,25.9734927388684,-82.29599226939362,35
2020256N25281,SALLY,2020,2020-09-13 03:00:00,26.24446352867763,-82.80653859170195,40
2020256N25281,SALLY,2020,2020-09-13 06:00:00,26.64146840190499,-83.34581767549656,45
2020256N25281,SALLY,2020,2020-09-13 09:00:00,26.92868072742612,-83.8637136821395,48
2020256N25281,SALLY,2020,2020-09-13 12:00:00,27.12099497675364,-84.37398394632466,50
2020256N25281,SALLY,2020,2020-09-13 15:00:00,27.37215865710823,-84.90650644565885,50
2020256N25281,SALLY,2020,2020-09-13 18:00:00,27.581271888983583,-85.33717808628032,50
2020256N25281,SALLY,2020,2020-09-13 21:00:00,27.785678037677435,-85.66303906989076,50
2020256N25281,SALLY,2020,2020-09-14 00:00:00,27.883954632338,-85.97296636246546,50
2020256N25281,SALLY,2020,2020-09-14 03:00:00,28.08300283148625,-86.27377890391055,53
2020256N25281,SALLY,2020,2020-09-14 06:00:00,28.18367020494493,-86.47369889349753,55
2020256N25281,SALLY,2020,2020-09-14 09:00:00,28.28416104146641,-86.67356265865736,60
2020256N25281,SALLY,2020,2020-09-14 12:00:00,28.385901974853244,-86.87572049870755,65
2020256N25281,SALLY,2020,2020-09-14 15:00:00,28.48748012207072,-87.07493320473677,70
2020256N25281,SALLY,2020,2020-09-14 18:00:00,28.586339821557356,-87.28076501783822,75
2020256N25281,SALLY,2020,2020-09-14 21:00:00,28.685331212569476,-87.48623317921101,75
2020256N25281,SALLY,2020,2020-09-15 00:00:00,28.687408355986197,-87.68634877064511,75
2020256N25281,SALLY,2020,2020-09-15 03:00:00,28.68965143730351,-87.88630312790391,73
2020256N25281,SALLY,2020,2020-09-15 06:00:00,28.79099815079543,-87.98466878709688,70
2020256N25281,SALLY,2020,2020-09-15 09:00:00,28.89240455997662,-88.08296663963007,70
2020256N25281,SALLY,2020,2020-09-15 12:00:00,28.99236983057989,-88.08118231790388,70
2020256N25281,SALLY,2020,2020-09-15 15:00:00,29.09243952825948,-88.07893010742016,70
2020256N25281,SALLY,2020,2020-09-15 18:00:00,29.293511164684368,-88.0751439639158,70
2020256N25281,SALLY,2020,2020-09-15 21:00:00,29.49388284843849,-88.07141619267439,73
2020256N25281,SALLY,2020,2020-09-16 00:00:00,29.593564681231545,-87.96956390514663,75
2020256N25281,SALLY,2020,2020-09-16 03:00:00,29.69430370558597,-87.96780569996146,85
2020256N25281,SALLY,2020,2020-09-16 06:00:00,29.89488008137676,-87.86444611066668,95
2020256N25281,SALLY,2020,2020-09-16 09:00:00,30.196744154897896,-87.66032305292589,95
2020256N25281,SALLY,2020,2020-09-16 09:45:00,30.298423112511284,-87.65920998900218,95
2020256N25281,SALLY,2020,2020-09-16 12:00:00,30.5005981466277,-87.55766730483336,85
2020256N25281,SALLY,2020,2020-09-16 15:00:00,30.789846601354384,-87.35249283222498,73
2020256N25281,SALLY,2020,2020-09-16 18:00:00,31.079185330073777,-87.14433898955384,60
2020256N25281,SALLY,2020,2020-09-16 21:00:00,31.374508195347644,-86.93775309092482,48
2020256N25281,SALLY,2020,2020-09-17 00:00:00,31.583982438174807,-86.64856656825604,35
2020256N25281,SALLY,2020,2020-09-17 03:00:00,31.790317793534363,-86.35883421638354,33
2020256N25281,SALLY,2020,2020-09-17 06:00:00,32.09005959309787,-86.0631043360682,30
2020256N25281,SALLY,2020,2020-09-17 09:00:00,32.28970659997738,-85.66782469943145,30
2020256N25281,SALLY,2020,2020-09-17 12:00:00,32.58375903530806,-85.17781446693559,30
2020256N25281,SALLY,2020,2020-09-17 15:00:00,32.88855817206978,-84.48002560824177,30
2020256N25281,SALLY,2020,2020-09-17 18:00:00,33.18868072936936,-83.78566499668696,30
2020256N25281,SALLY,2020,2020-09-17 21:00:00,33.48812765858612,-83.0902017488769,30
2020256N25281,SALLY,2020,2020-09-18 00:00:00,33.692480609601034,-82.28981435304038,30
2020256N25281,SALLY,2020,2020-09-18 03:00:00,33.89807514944271,-81.48522497382899,30
2020256N25281,SALLY,2020,2020-09-18 06:00:00,34.09868076684251,-80.78581875955093,30
2020261N21265,BETA,2020,2020-09-19 03:00:00,25.52265520311444,-92.13717892587206,50
2020261N21265,BETA,2020,2020-09-19 06:00:00,25.819543966681973,-92.243476828199,50
2020261N21265,BETA,2020,2020-09-19 09:00:00,26.118648669655062,-92.33917892985146,50
2020261N21265,BETA,2020,2020-09-19 12:00:00,26.41854022140306,-92.34119889032876,50
2020261N21265,BETA,2020,2020-09-19 15:00:00,26.518848238881297,-92.24230472155818,50
2020261N21265,BETA,2020,2020-09-19 18:00:00,26.6192048350475,-92.14270985705404,50
2020261N21265,BETA,2020,2020-09-19 21:00:00,26.719497191961697,-92.042977773612,50
2020261N21265,BETA,2020,2020-09-20 00:00:00,26.81957781796587,-92.0435507656056,50
2020261N21265,BETA,2020,2020-09-20 03:00:00,26.918735857778398,-92.24464131820883,50
2020261N21265,BETA,2020,2020-09-20 06:00:00,26.918763678172468,-92.43977525186904,50
2020261N21265,BETA,2020,2020-09-20 09:00:00,27.01841791227169,-92.53789667740196,50
2020261N21265,BETA,2020,2020-09-20 12:00:00,27.117385281424347,-92.7391081409309,50
2020261N21265,BETA,2020,2020-09-20 15:00:00,27.31582309688966,-93.1412735988547,53
2020261N21265,BETA,2020,2020-09-20 18:00:00,27.514264747191977,-93.54336048481947,55
2020261N21265,BETA,2020,2020-09-20 21:00:00,27.513092945830863,-93.84348411523004,53
2020261N21265,BETA,2020,2020-09-21 00:00:00,27.512132868925335,-94.04343340383797,50
2020261N21265,BETA,2020,2020-09-21 03:00:00,27.5115365033056,-94.33946265001556,48
2020261N21265,BETA,2020,2020-09-21 06:00:00,27.60944819891744,-94.74061993000362,45
2020261N21265,BETA,2020,2020-09-21 09:00:00,27.70695023151336,-95.13623479450897,45
2020261N21265,BETA,2020,2020-09-21 12:00:00,27.804922845319798,-95.43662166780172,45
2020261N21265,BETA,2020,2020-09-21 15:00:00,27.900448805015277,-95.73213112141585,43
2020261N21265,BETA,2020,2020-09-21 18:00:00,28.09832654790729,-95.9344877184212,40
2020261N21265,BETA,2020,2020-09-21 21:00:00,28.19581847026278,-96.1351610434468,43
2020261N21265,BETA,2020,2020-09-22 00:00:00,28.29380587652279,-96.23555860786152,45
2020261N21265,BETA,2020,2020-09-22 02:45:00,28.392210483225785,-96.3366050575834,45
2020261N21265,BETA,2020,2020-09-22 03:00:00,28.392210483225785,-96.3366050575834,45
2020261N21265,BETA,2020,2020-09-22 06:00:00,28.58924583159416,-96.5388781915859,40
2020261N21265,BETA,2020,2020-09-22 09:00:00,28.685129636209098,-96.73811123424188,38
2020261N21265,BETA,2020,2020-09-22 12:00:00,28.785300333395952,-96.74075256454913,35
2020261N21265,BETA,2020,2020-09-22 15:00:00,28.885755583656305,-96.64182443785552,30
2020261N21265,BETA,2020,2020-09-22 18:00:00,28.88792510563072,-96.44173462193484,25
2020261N21265,BETA,2020,2020-09-22 21:00:00,28.892525331303705,-96.14274037563726,25
2020261N21265,BETA,2020,2020-09-23 00:00:00,29.00516318611751,-95.75199140534616,25
2020261N21265,BETA,2020,2020-09-23 03:00:00,29.203718498755475,-95.55250428538449,25
2020261N21265,BETA,2020,2020-09-23 06:00:00,29.40600677648261,-95.355962062204,25
2020261N21265,BETA,2020,2020-09-23 09:00:00,29.7098165330235,-94.96074217290824,25
2020261N21265,BETA,2020,2020-09-23 12:00:00,30.01508880264415,-94.56391733312408,25
2020261N21265,BETA,2020,2020-09-23 15:00:00,30.21723042230088,-94.16622162949794,25
2020261N21265,BETA,2020,2020-09-23 18:00:00,30.32410371062297,-93.76761967750026,25
2020261N21265,BETA,2020,2020-09-23 21:00:00,30.530973265442167,-93.06654095344192,25
2020261N21265,BETA,2020,2020-09-24 00:00:00,30.831412671263852,-92.3647366390324,25
2020261N21265,BETA,2020,2020-09-24 03:00:00,31.22965202917171,-91.86240864977,25
2020261N21265,BETA,2020,2020-09-24 06:00:00,31.627254302782134,-91.46028646625469,25
2020261N21265,BETA,2020,2020-09-24 09:00:00,32.02505472901273,-91.05695738407374,25
2020261N21265,BETA,2020,2020-09-24 12:00:00,32.42247704801868,-90.5490400000131,25
2020261N21265,BETA,2020,2020-09-24 15:00:00,32.71424011357515,-89.8346211537908,23
2020261N21265,BETA,2020,2020-09-24 18:00:00,33.005560675797064,-89.00640703067938,20
2020261N21265,BETA,2020,2020-09-24 21:00:00,33.2928415527299,-88.19745209317281,20
2020261N21265,BETA,2020,2020-09-25 00:00:00,33.57998280537745,-87.49499154270704,20
2020261N21265,BETA,2020,2020-09-25 03:00:00,33.86995296891259,-86.88870210981769,18
2020261N21265,BETA,2020,2020-09-25 06:00:00,34.062838187415664,-86.3863142591467,15
2020279N16284,DELTA,2020,2020-10-09 00:00:00,25.326227020437454,-93.391243993524,105
2020279N16284,DELTA,2020,2020-10-09 03:00:00,25.81882939823842,-93.50983701015228,105
2020279N16284,DELTA,2020,2020-10-09 06:00:00,26.31577584629264,-93.62250625008944,105
2020279N16284,DELTA,2020,2020-10-09 09:00:00,26.91423431475076,-93.73253239526042,103
2020279N16284,DELTA,2020,2020-10-09 12:00:00,27.513563168439276,-93.74354386522054,100
2020279N16284,DELTA,2020,2020-10-09 15:00:00,28.114510587926286,-93.74897979815628,95
2020279N16284,DELTA,2020,2020-10-09 18:00:00,28.71646670544833,-93.55362015550476,90
2020279N16284,DELTA,2020,2020-10-09 21:00:00,29.31774755311642,-93.3587789393608,87
2020279N16284,DELTA,2020,2020-10-09 23:00:00,29.82457613892545,-93.0615190269645,85
2020279N16284,DELTA,2020,2020-10-10 00:00:00,30.139250899764992,-92.86437153889028,75
2020279N16284,DELTA,2020,2020-10-10 03:00:00,30.83130474555105,-92.4650163710147,63
2020279N16284,DELTA,2020,2020-10-10 06:00:00,31.42822304139708,-92.16363105385494,50
2020279N16284,DELTA,2020,2020-10-10 09:00:00,32.025850030811306,-91.76118120519148,43
2020279N16284,DELTA,2020,2020-10-10 12:00:00,32.523968322636975,-91.35752581789988,35
2020279N16284,DELTA,2020,2020-10-10 15:00:00,32.922960131440895,-90.94879497688406,30
2020279N16284,DELTA,2020,2020-10-10 18:00:00,33.32100002387655,-90.54379637961732,25
2020279N16284,DELTA,2020,2020-10-10 21:00:00,33.61980102194297,-90.00619384513467,25
2020279N16284,DELTA,2020,2020-10-11 00:00:00,33.911286579841004,-89.4984077995519,25
2020279N16284,DELTA,2020,2020-10-11 03:00:00,34.20429741384776,-88.9903765030039,25
2020299N18277,ZETA,2020,2020-10-28 12:00:00,26.0218291613476,-91.64780395588676,80
2020299N18277,ZETA,2020,2020-10-28 15:00:00,26.91946978734948,-91.45268018200323,88
2020299N18277,ZETA,2020,2020-10-28 18:00:00,28.017820547303938,-91.05719747426976,95
2020299N18277,ZETA,2020,2020-10-28 21:00:00,29.218261761366847,-90.5616416793318,100
2020299N18277,ZETA,2020,2020-10-29 00:00:00,30.22030376471802,-89.85865024441037,85
2020299N18277,ZETA,2020,2020-10-29 03:00:00,31.40586839195405,-88.84196995400895,73
2020299N18277,ZETA,2020,2020-10-29 06:00:00,32.78119182603769,-87.40718781848926,60
2020299N18277,ZETA,2020,2020-10-29 09:00:00,34.08082952405058,-85.77013813567355,53
2020299N18277,ZETA,2020,2020-10-29 15:00:00,36.58141237749938,-81.11337051846117,45
2020299N18277,ZETA,2020,2020-10-29 18:00:00,37.79104332412499,-78.23377635359938,45
2020299N18277,ZETA,2020,2020-10-29 21:00:00,38.71051825998118,-75.05416984442702,45
2020299N18277,ZETA,2020,2020-10-30 00:00:00,39.49037895375167,-71.75196802783789,45
2020306N15288,ETA,2020,2020-11-08 15:00:00,23.010777067739436,-78.62197343188326,53
2020306N15288,ETA,2020,2020-11-08 18:00:00,23.600796031663847,-78.85376875713933,55
2020306N15288,ETA,2020,2020-11-08 21:00:00,24.10933397652977,-79.48995072220553,55
2020306N15288,ETA,2020,2020-11-09 00:00:00,24.5278144801347,-79.97277547894907,55
2020306N15288,ETA,2020,2020-11-09 03:00:00,24.839630303346244,-80.34446586908454,55
2020306N15288,ETA,2020,2020-11-09 04:00:00,24.94293343800453,-80.52259863204051,55
2020306N15288,ETA,2020,2020-11-09 06:00:00,25.0271431656341,-81.17910995107124,55
2020306N15288,ETA,2020,2020-11-09 09:00:00,24.99241214393262,-81.96034222896648,53
2020306N15288,ETA,2020,2020-11-09 12:00:00,24.85718746171508,-82.64530470263267,50
2020306N15288,ETA,2020,2020-11-09 15:00:00,24.53497612028688,-83.22598790106532,48
2020306N15288,ETA,2020,2020-11-09 18:00:00,24.104633318068576,-83.80182437549223,45
2020306N15288,ETA,2020,2020-11-09 21:00:00,23.67704877329917,-84.27082953304503,45
2020306N15288,ETA,2020,2020-11-11 03:00:00,23.79085783830791,-84.08121868816622,58
2020306N15288,ETA,2020,2020-11-11 06:00:00,24.395512950052662,-83.91214663887897,60
2020306N15288,ETA,2020,2020-11-11 09:00:00,24.99787127527356,-83.74043950421004,63
2020306N15288,ETA,2020,2020-11-11 12:00:00,25.687399192495924,-83.67406410289627,65
2020306N15288,ETA,2020,2020-11-11 15:00:00,26.23751582254807,-83.62825179772726,63
2020306N15288,ETA,2020,2020-11-11 18:00:00,26.735286946141304,-83.5521851337845,60
2020306N15288,ETA,2020,2020-11-11 21:00:00,27.3409248027832,-83.48385626252637,58
2020306N15288,ETA,2020,2020-11-12 00:00:00,27.847235911243093,-83.40778926374742,55
2020306N15288,ETA,2020,2020-11-12 03:00:00,28.2587108751034,-83.3192439831981,53
2020306N15288,ETA,2020,2020-11-12 06:00:00,28.666061765453748,-83.12952596227218,50
2020306N15288,ETA,2020,2020-11-12 09:00:00,29.0733933057498,-82.83896500600895,46
2020306N15288,ETA,2020,2020-11-12 09:20:00,29.173705426614127,-82.84163861029312,45
2020306N15288,ETA,2020,2020-11-12 12:00:00,29.68323271033516,-82.45398967036532,40
2020306N15288,ETA,2020,2020-11-12 15:00:00,30.29727440791556,-81.87185423241021,38
2020306N15288,ETA,2020,2020-11-12 18:00:00,30.90458078433315,-81.28206342038247,35
2020306N15288,ETA,2020,2020-11-12 21:00:00,31.40652571318403,-80.68348493956367,38
2020306N15288,ETA,2020,2020-11-13 00:00:00,31.905624995895728,-79.88691314136143,40
2020306N15288,ETA,2020,2020-11-13 03:00:00,32.304607116210065,-78.98248536144227,40
2020306N15288,ETA,2020,2020-11-13 06:00:00,32.692330742992525,-77.97918495180092,40
2020306N15288,ETA,2020,2020-11-13 09:00:00,33.29820174198927,-76.6787889592535,40
2020306N15288,ETA,2020,2020-11-13 12:00:00,34.01535409569144,-75.2811390525418,40
2020306N15288,ETA,2020,2020-11-13 15:00:00,34.63473631187602,-73.8889802642095,40
2021165N32282,BILL,2021,2021-06-13 18:00:00,31.903099358731723,-78.07716952718314,20
2021165N32282,BILL,2021,2021-06-13 21:00:00,32.19457911220063,-77.58018259294376,20
2021165N32282,BILL,2021,2021-06-14 00:00:00,32.49636679485741,-77.08021867243805,20
2021165N32282,BILL,2021,2021-06-14 03:00:00,32.799469300863606,-76.4790017475215,23
2021165N32282,BILL,2021,2021-06-14 06:00:00,33.205786709133776,-75.87647964159336,25
2021165N32282,BILL,2021,2021-06-14 09:00:00,33.613938438523235,-75.17787996456693,28
2021165N32282,BILL,2021,2021-06-14 12:00:00,34.0262277698874,-74.47914801232406,30
2021165N32282,BILL,2021,2021-06-14 15:00:00,34.43720781074123,-73.68525934583201,33
2021165N32282,BILL,2021,2021-06-14 18:00:00,34.95028654153931,-72.79364650487132,35
2021169N23268,CLAUDETTE,2021,2021-06-18 09:00:00,25.238740360237077,-91.3285550849826,35
2021169N23268,CLAUDETTE,2021,2021-06-18 12:00:00,25.926331498025075,-91.17411009620142,35
2021169N23268,CLAUDETTE,2021,2021-06-18 15:00:00,26.620286520889177,-91.055213652896,38
2021169N23268,CLAUDETTE,2021,2021-06-18 18:00:00,27.217436108085103,-91.05760399522669,40
2021169N23268,CLAUDETTE,2021,2021-06-18 21:00:00,27.817542563217064,-91.15700744200124,40
2021169N23268,CLAUDETTE,2021,2021-06-19 00:00:00,28.417688964089013,-91.1577025379215,40
2021169N23268,CLAUDETTE,2021,2021-06-19 03:00:00,28.9185206538817,-91.05895248090444,40
2021169N23268,CLAUDETTE,2021,2021-06-19 04:30:00,29.218149355552917,-90.95969583553588,40
2021169N23268,CLAUDETTE,2021,2021-06-19 06:00:00,29.52268921571699,-90.75996619846758,40
2021169N23268,CLAUDETTE,2021,2021-06-19 09:00:00,30.12621344159217,-90.35962503034976,38
2021169N23268,CLAUDETTE,2021,2021-06-19 12:00:00,30.6216938057796,-89.856256984428,35
2021169N23268,CLAUDETTE,2021,2021-06-19 15:00:00,31.11419515929767,-89.34950957017132,33
2021169N23268,CLAUDETTE,2021,2021-06-19 18:00:00,31.50359191485974,-88.73804138084739,30
2021169N23268,CLAUDETTE,2021,2021-06-19 21:00:00,31.994057410114323,-88.2247877179882,28
2021169N23268,CLAUDETTE,2021,2021-06-20 00:00:00,32.38587401635809,-87.71648180957274,25
2021169N23268,CLAUDETTE,2021,2021-06-20 03:00:00,32.77631842629523,-87.10897295907513,25
2021169N23268,CLAUDETTE,2021,2021-06-20 06:00:00,33.062909280631246,-86.40314276738229,25
2021169N23268,CLAUDETTE,2021,2021-06-20 09:00:00,33.28271401711879,-85.67603662611924,25
2021169N23268,CLAUDETTE,2021,2021-06-20 12:00:00,33.48832804441677,-84.78116265705376,25
2021169N23268,CLAUDETTE,2021,2021-06-20 15:00:00,33.57837066396468,-83.99820634085472,25
2021169N23268,CLAUDETTE,2021,2021-06-20 18:00:00,33.7876289422316,-83.09168110473522,25
2021169N23268,CLAUDETTE,2021,2021-06-20 21:00:00,33.99846410904188,-82.18174837954703,28
2021169N23268,CLAUDETTE,2021,2021-06-21 00:00:00,34.19801227250986,-81.18598388748352,30
2021169N23268,CLAUDETTE,2021,2021-06-21 03:00:00,34.59717671960909,-80.19464626447434,35
2021169N23268,CLAUDETTE,2021,2021-06-21 06:00:00,34.99605392091795,-79.09199326103025,40
2021169N23268,CLAUDETTE,2021,2021-06-21 09:00:00,35.494983622987505,-77.89256357238132,40
2021169N23268,CLAUDETTE,2021,2021-06-21 12:00:00,35.99917963596412,-76.4897566330814,40
2021169N23268,CLAUDETTE,2021,2021-06-21 15:00:00,36.51312712121042,-75.02202705837661,40
2021169N23268,CLAUDETTE,2021,2021-06-21 18:00:00,37.01006467607037,-73.53384734857418,40
2021169N23268,CLAUDETTE,2021,2021-06-21 21:00:00,37.6993836589511,-72.15412105284332,40
2021169N23268,CLAUDETTE,2021,2021-06-22 00:00:00,38.37917763267447,-70.77352483325929,40
2021169N23268,CLAUDETTE,2021,2021-06-22 03:00:00,38.96775586409587,-69.26474309949867,40
2021169N23268,CLAUDETTE,2021,2021-06-22 06:00:00,39.667528115551455,-67.84777208646186,40
2021169N23268,CLAUDETTE,2021,2021-06-22 09:00:00,40.37316691403927,-66.53231776780561,40
2021169N23268,CLAUDETTE,2021,2021-06-22 12:00:00,41.1719059714375,-65.22836591150208,40
2021179N30287,DANNY,2021,2021-06-28 06:00:00,30.69723414505655,-76.07903753597067,35
2021179N30287,DANNY,2021,2021-06-28 09:00:00,31.10436276141932,-76.77263695685065,35
2021179N30287,DANNY,2021,2021-06-28 12:00:00,31.50319267070707,-77.57459368675714,35
2021179N30287,DANNY,2021,2021-06-28 15:00:00,31.80302404789326,-78.57839047152814,38
2021179N30287,DANNY,2021,2021-06-28 18:00:00,32.004490232309706,-79.48385370282,40
2021179N30287,DANNY,2021,2021-06-28 21:00:00,32.106893483789456,-79.98948357143823,37
2021179N30287,DANNY,2021,2021-06-28 23:20:00,32.314031426868944,-80.50196444396576,35
2021179N30287,DANNY,2021,2021-06-29 00:00:00,32.41596168397969,-80.70563903759826,30
2021182N09317,ELSA,2021,2021-07-03 00:00:00,14.690387630983608,-65.23907667275077,70
2021182N09317,ELSA,2021,2021-07-03 03:00:00,15.233675480321311,-66.61123149678698,68
2021182N09317,ELSA,2021,2021-07-03 06:00:00,15.766896053598323,-67.98528315168305,65
2021182N09317,ELSA,2021,2021-07-03 09:00:00,16.289876980095364,-69.16582439765824,63
2021182N09317,ELSA,2021,2021-07-03 12:00:00,16.70825409076321,-70.35293591653306,60
2021182N09317,ELSA,2021,2021-07-05 21:00:00,22.55128008285778,-81.39513046811973,53
2021182N09317,ELSA,2021,2021-07-06 00:00:00,22.846386020724317,-81.52801002944273,50
2021182N09317,ELSA,2021,2021-07-06 03:00:00,23.302218602753182,-81.91496351250777,50
2021182N09317,ELSA,2021,2021-07-06 06:00:00,23.69367796461057,-82.1194314963252,50
2021182N09317,ELSA,2021,2021-07-06 09:00:00,24.08391320682854,-82.32583497728629,53
2021182N09317,ELSA,2021,2021-07-06 12:00:00,24.56918834879177,-82.43737712735543,55
2021182N09317,ELSA,2021,2021-07-06 15:00:00,24.96200949154774,-82.55046658282566,58
2021182N09317,ELSA,2021,2021-07-06 18:00:00,25.45304623854207,-82.66934752770534,60
2021182N09317,ELSA,2021,2021-07-06 21:00:00,25.94647681132072,-82.79242791695368,63
2021182N09317,ELSA,2021,2021-07-07 00:00:00,26.551511758998984,-83.0380195506452,65
2021182N09317,ELSA,2021,2021-07-07 03:00:00,27.1443027226165,-83.27273863522983,60
2021182N09317,ELSA,2021,2021-07-07 06:00:00,27.746209148659556,-83.4036412466638,55
2021182N09317,ELSA,2021,2021-07-07 09:00:00,28.35562368600242,-83.52099614336477,55
2021182N09317,ELSA,2021,2021-07-07 12:00:00,29.06063268507529,-83.5433188502976,55
2021182N09317,ELSA,2021,2021-07-07 14:30:00,29.77725725901907,-83.46137837765555,55
2021182N09317,ELSA,2021,2021-07-07 15:00:00,29.877929812908413,-83.4625080769496,54
2021182N09317,ELSA,2021,2021-07-07 18:00:00,30.28098830720361,-83.36663137620592,45
2021182N09317,ELSA,2021,2021-07-07 21:00:00,30.892495961961902,-83.07526291465564,45
2021182N09317,ELSA,2021,2021-07-08 00:00:00,31.496412987929844,-82.68246449400456,45
2021182N09317,ELSA,2021,2021-07-08 03:00:00,32.09902622436247,-82.28566997482883,43
2021182N09317,ELSA,2021,2021-07-08 06:00:00,32.80127735303659,-81.78775770489698,40
2021182N09317,ELSA,2021,2021-07-08 09:00:00,33.498339488599285,-81.1850258874374,40
2021182N09317,ELSA,2021,2021-07-08 12:00:00,34.19687557040743,-80.49408895915303,40
2021182N09317,ELSA,2021,2021-07-08 15:00:00,34.89627654748652,-79.79477113921841,43
2021182N09317,ELSA,2021,2021-07-08 18:00:00,35.49207518748935,-78.99890967448319,45
2021182N09317,ELSA,2021,2021-07-08 21:00:00,36.09181723137426,-78.21058555379656,45
2021182N09317,ELSA,2021,2021-07-09 00:00:00,36.7992476142521,-77.4236627762947,45
2021182N09317,ELSA,2021,2021-07-09 03:00:00,37.60348842013624,-76.53572273431446,48
2021182N09317,ELSA,2021,2021-07-09 06:00:00,38.40940189040951,-75.54920783409027,50
2021182N09317,ELSA,2021,2021-07-09 09:00:00,39.40881368111468,-74.35655554942029,50
2021182N09317,ELSA,2021,2021-07-09 12:00:00,40.29980331259735,-73.14917351247638,50
2021182N09317,ELSA,2021,2021-07-09 15:00:00,40.88965465152001,-72.33936500357825,50
2021182N09317,ELSA,2021,2021-07-09 16:30:00,41.38539347104111,-71.73143597864083,50
2021182N09317,ELSA,2021,2021-07-09 18:00:00,41.98221377263658,-71.02366317393393,45
2021182N09317,ELSA,2021,2021-07-09 21:00:00,42.97994518413439,-69.71636544340869,43
2021182N09317,ELSA,2021,2021-07-10 00:00:00,43.9786537679504,-68.31547147167687,40
2021182N09317,ELSA,2021,2021-07-10 03:00:00,45.26721875988425,-66.5088587924245,38
2021227N36297,HENRI,2021,2021-08-21 12:00:00,33.64847790405656,-72.67183945439155,65
2021227N36297,HENRI,2021,2021-08-22 00:00:00,37.59509600943753,-70.95257889828747,65
2021227N36297,HENRI,2021,2021-08-22 03:00:00,38.580763720469136,-70.97097145934073,65
2021227N36297,HENRI,2021,2021-08-22 06:00:00,39.38200340505384,-71.05905713987,65
2021227N36297,HENRI,2021,2021-08-22 09:00:00,40.082109569148,-71.15063386494205,60
2021227N36297,HENRI,2021,2021-08-22 12:00:00,40.68404188649557,-71.34189207705704,55
2021227N36297,HENRI,2021,2021-08-22 15:00:00,41.18482876694157,-71.53482307105878,55
2021227N36297,HENRI,2021,2021-08-22 15:20:00,41.18539834859077,-71.63458006541568,55
2021227N36297,HENRI,2021,2021-08-22 16:15:00,41.28639474707558,-71.83317903721995,55
2021227N36297,HENRI,2021,2021-08-22 18:00:00,41.48713429929991,-72.02995219201831,40
2021227N36297,HENRI,2021,2021-08-22 21:00:00,41.69280663762998,-72.43055097802402,35
2021227N36297,HENRI,2021,2021-08-23 00:00:00,41.79760813083124,-73.0327286977768,30
2021227N36297,HENRI,2021,2021-08-23 03:00:00,41.800363814034654,-73.83216051525511,28
2021227N36297,HENRI,2021,2021-08-23 06:00:00,41.70383907668548,-74.43163747807318,25
2021227N36297,HENRI,2021,2021-08-23 09:00:00,41.60363986180095,-74.43228864762597,25
2021227N36297,HENRI,2021,2021-08-23 12:00:00,41.60234397441336,-74.23251100658504,25
2021227N36297,HENRI,2021,2021-08-23 15:00:00,41.502042259077925,-74.13304900839404,25
2021227N36297,HENRI,2021,2021-08-23 18:00:00,41.50018481811468,-73.83365223742875,25
2021227N36297,HENRI,2021,2021-08-23 21:00:00,41.397717903384816,-73.3356489021061,23
2021227N36297,HENRI,2021,2021-08-24 00:00:00,41.39370803593708,-72.73287138986527,20
2021227N36297,HENRI,2021,2021-08-24 03:00:00,41.58795426866677,-72.02931102470639,20
2021227N36297,HENRI,2021,2021-08-24 06:00:00,41.883003748641286,-71.22438432333891,20
2021227N36297,HENRI,2021,2021-08-24 09:00:00,42.08134558239114,-70.52379346812208,20
2021227N36297,HENRI,2021,2021-08-24 12:00:00,42.17949681800999,-69.62330431033932,20
2021227N36297,HENRI,2021,2021-08-24 15:00:00,42.27774468669788,-68.5236109817174,23
2021227N36297,HENRI,2021,2021-08-24 18:00:00,42.27509879744538,-67.32448504973037,25
2021239N17281,IDA,2021,2021-08-28 21:00:00,26.198065630259,-87.0698222466907,85
2021239N17281,IDA,2021,2021-08-29 00:00:00,26.683963688862978,-87.62808086051271,90
2021239N17281,IDA,2021,2021-08-29 03:00:00,27.19300878608117,-88.2147864020281,103
2021239N17281,IDA,2021,2021-08-29 06:00:00,27.599908255156794,-88.7077588511073,115
2021239N17281,IDA,2021,2021-08-29 09:00:00,28.10698024563033,-89.19178419353072,123
2021239N17281,IDA,2021,2021-08-29 12:00:00,28.512032607419165,-89.57280085095495,130
2021239N17281,IDA,2021,2021-08-29 15:00:00,28.915175129611267,-89.86589936066241,130
2021239N17281,IDA,2021,2021-08-29 16:55:00,29.117927817301663,-90.1639475489171,130
2021239N17281,IDA,2021,2021-08-29 18:00:00,29.217516721968146,-90.3616380007135,125
2021239N17281,IDA,2021,2021-08-29 21:00:00,29.52048650285001,-90.56055627636628,115
2021239N17281,IDA,2021,2021-08-30 00:00:00,29.926343723460167,-90.55963586063037,105
2021239N17281,IDA,2021,2021-08-30 03:00:00,30.231638274237213,-90.65909927352772,85
2021239N17281,IDA,2021,2021-08-30 06:00:00,30.62988764788584,-90.7581594712548,65
2021239N17281,IDA,2021,2021-08-30 09:00:00,31.028290007912386,-90.85835017147626,53
2021239N17281,IDA,2021,2021-08-30 12:00:00,31.526343676447677,-90.85693881337278,40
2021239N17281,IDA,2021,2021-08-30 15:00:00,31.92374141112395,-90.6533233035796,38
2021239N17281,IDA,2021,2021-08-30 18:00:00,32.2221375599152,-90.4493989608834,35
2021239N17281,IDA,2021,2021-08-30 21:00:00,32.62001321772448,-90.24637650402778,33
2021239N17281,IDA,2021,2021-08-31 00:00:00,33.01777866951215,-89.93511719982446,30
2021239N17281,IDA,2021,2021-08-31 03:00:00,33.41524134147393,-89.60918553348331,28
2021239N17281,IDA,2021,2021-08-31 06:00:00,33.80999776318038,-89.30041281675673,25
2021239N17281,IDA,2021,2021-08-31 09:00:00,34.10291013030266,-88.89297079260038,25
2021239N17281,IDA,2021,2021-09-01 15:00:00,38.38700700469401,-80.1449524622034,28
2021239N17281,IDA,2021,2021-09-01 18:00:00,38.99742235998707,-78.54747143388802,30
2021239N17281,IDA,2021,2021-09-01 21:00:00,39.41134884769135,-77.0474118537267,33
2021239N17281,IDA,2021,2021-09-02 00:00:00,39.81329934451087,-75.65185886182887,35
2021239N17281,IDA,2021,2021-09-02 03:00:00,40.20857160873332,-74.25065163957468,38
2021239N17281,IDA,2021,2021-09-02 06:00:00,40.59489050500788,-72.84614068921637,40
2021239N17281,IDA,2021,2021-09-02 09:00:00,40.88327639965021,-71.23916753011402,40
2021239N17281,IDA,2021,2021-09-02 12:00:00,41.377544032350656,-69.732458950803,40
2021239N17281,IDA,2021,2021-09-02 15:00:00,42.17685962720436,-68.42440455377347,40
2021239N17281,IDA,2021,2021-09-02 18:00:00,43.275185238625966,-67.22171709482055,40
2021239N17281,IDA,2021,2021-09-02 21:00:00,44.370794189216895,-65.9170238169368,40
2021256N21265,NICHOLAS,2021,2021-09-13 03:00:00,24.29007260311085,-96.17583221131828,45
2021256N21265,NICHOLAS,2021,2021-09-13 06:00:00,24.789989926606204,-96.377795096113,50
2021256N21265,NICHOLAS,2021,2021-09-13 09:00:00,25.289272917518964,-96.48588934637738,50
2021256N21265,NICHOLAS,2021,2021-09-13 12:00:00,25.888770234929503,-96.59818374126928,50
2021256N21265,NICHOLAS,2021,2021-09-13 15:00:00,26.48794009487332,-96.6056134507586,53
2021256N21265,NICHOLAS,2021,2021-09-13 18:00:00,26.98849964395954,-96.51192523529568,55
2021256N21265,NICHOLAS,2021,2021-09-13 21:00:00,27.491407375537683,-96.32004223862148,60
2021256N21265,NICHOLAS,2021,2021-09-14 00:00:00,27.995314305821065,-96.1321529572411,65
2021256N21265,NICHOLAS,2021,2021-09-14 03:00:00,28.300085212322934,-95.83793239476556,65
2021256N21265,NICHOLAS,2021,2021-09-14 05:30:00,28.70789600419149,-95.65087770144817,65
2021256N21265,NICHOLAS,2021,2021-09-14 06:00:00,28.808375491571883,-95.65223071764213,65
2021256N21265,NICHOLAS,2021,2021-09-14 09:00:00,29.203718498755475,-95.55250428538449,58
2021256N21265,NICHOLAS,2021,2021-09-14 12:00:00,29.30722346851544,-95.3556948476688,50
2021256N21265,NICHOLAS,2021,2021-09-14 15:00:00,29.50792292984001,-95.1581405978627,43
2021256N21265,NICHOLAS,2021,2021-09-14 18:00:00,29.612348000143545,-94.86044544083816,35
2021256N21265,NICHOLAS,2021,2021-09-14 21:00:00,29.71649458935453,-94.66202051533614,33
2021256N21265,NICHOLAS,2021,2021-09-15 00:00:00,29.919996740266235,-94.36368269338644,30
2021256N21265,NICHOLAS,2021,2021-09-15 03:00:00,30.120616418282232,-94.06545017801648,30
2021256N21265,NICHOLAS,2021,2021-09-15 06:00:00,30.22569138836801,-93.76684398906804,30
2021256N21265,NICHOLAS,2021,2021-09-15 09:00:00,30.3280088629244,-93.46671271439604,28
2021256N21265,NICHOLAS,2021,2021-09-15 12:00:00,30.333916000654813,-93.06586552240356,25
2021256N21265,NICHOLAS,2021,2021-09-15 15:00:00,30.33724830205555,-92.6645300696537,25
2021256N21265,NICHOLAS,2021,2021-09-15 18:00:00,30.239127943145483,-92.36342017832092,25
2021256N21265,NICHOLAS,2021,2021-09-15 21:00:00,30.138451096742354,-92.06215713613948,25
2021256N21265,NICHOLAS,2021,2021-09-16 00:00:00,29.933226435439572,-91.76082959105064,25
2021256N21265,NICHOLAS,2021,2021-09-16 03:00:00,29.523746443262,-91.56012000451362,23
2021256N21265,NICHOLAS,2021,2021-09-16 06:00:00,29.319984960118163,-91.5593190437626,20
2021256N21265,NICHOLAS,2021,2021-09-16 09:00:00,29.421409433290066,-91.55979529029676,20
2021256N21265,NICHOLAS,2021,2021-09-16 12:00:00,29.72715986590045,-91.66049145720868,20
2021256N21265,NICHOLAS,2021,2021-09-16 15:00:00,29.83114478064659,-91.86116902730176,20
2021256N21265,NICHOLAS,2021,2021-09-16 18:00:00,29.93493649839421,-92.16170854458927,20
2021256N21265,NICHOLAS,2021,2021-09-16 21:00:00,30.1396616816061,-92.36291052102176,18
2021256N21265,NICHOLAS,2021,2021-09-17 00:00:00,30.33783594066114,-92.56436430608385,15
2021256N21265,NICHOLAS,2021,2021-09-17 03:00:00,30.533312970672178,-92.76554102500512,15
2021256N21265,NICHOLAS,2021,2021-09-17 06:00:00,30.828518765047484,-92.9668633132699,15
2021299N33284,WANDA,2021,2021-10-25 18:00:00,32.50020147289246,-76.27866715460837,35
2021299N33284,WANDA,2021,2021-10-25 21:00:00,33.41259308498548,-75.27643838566739,40
2021299N33284,WANDA,2021,2021-10-26 00:00:00,34.232317190729304,-74.08209450774953,45
2021299N33284,WANDA,2021,2021-10-26 03:00:00,35.050153900280165,-72.6956715454659,45
2021299N33284,WANDA,2021,2021-10-26 15:00:00,38.5647859359318,-68.5662680868643,53
2021299N33284,WANDA,2021,2021-10-26 18:00:00,39.46949681645289,-68.24976482997643,55
2021299N33284,WANDA,2021,2021-10-26 21:00:00,40.17268322218318,-67.73906746894365,58
2021299N33284,WANDA,2021,2021-10-27 00:00:00,40.77382130284207,-67.63397494385212,60
2021299N33284,WANDA,2021,2021-10-27 03:00:00,41.27553083479438,-68.43140323571401,60
2021299N33284,WANDA,2021,2021-10-27 06:00:00,41.37692787924992,-69.4318821010976,60
2021299N33284,WANDA,2021,2021-10-27 09:00:00,40.77787756946137,-70.03937370637003,58
2021299N33284,WANDA,2021,2021-10-27 12:00:00,39.87588860801248,-70.15257634342899,55
2021299N33284,WANDA,2021,2021-10-27 15:00:00,39.171978460406656,-69.56139021937432,53
2021299N33284,WANDA,2021,2021-10-27 18:00:00,38.66543839954358,-68.56475995332428,50
2022154N21273,ALEX,2022,2022-06-04 03:00:00,24.28457980037225,-84.10525111284102,35
2022154N21273,ALEX,2022,2022-06-04 06:00:00,24.911170757953283,-83.43836684898281,35
2022154N21273,ALEX,2022,2022-06-04 09:00:00,25.552240981593,-82.67385528178245,35
2022154N21273,ALEX,2022,2022-06-04 12:00:00,26.1973674435744,-81.81049454177413,35
2022154N21273,ALEX,2022,2022-06-04 15:00:00,26.71288344473546,-81.05901953972594,38
2022154N21273,ALEX,2022,2022-06-04 18:00:00,27.232819786670937,-80.31638282856467,40
2022154N21273,ALEX,2022,2022-06-04 21:00:00,27.668996320314328,-79.5047352498539,40
2022154N21273,ALEX,2022,2022-06-05 00:00:00,28.093642075888543,-78.71209631387923,40
2022154N21273,ALEX,2022,2022-06-05 03:00:00,28.51644381835472,-77.92244850127432,43
2022154N21273,ALEX,2022,2022-06-05 06:00:00,28.941315200820632,-77.1170619542349,45
2022183N32280,COLIN,2022,2022-07-01 18:00:00,31.806666561544617,-80.49013507089242,30
2022183N32280,COLIN,2022,2022-07-01 21:00:00,32.007452124085226,-80.69264112024712,33
2022183N32280,COLIN,2022,2022-07-01 23:30:00,32.416781524596416,-80.506258730299,35
2022183N32280,COLIN,2022,2022-07-02 00:00:00,32.5180838280635,-80.40838622221759,35
2022183N32280,COLIN,2022,2022-07-02 03:00:00,32.90907913047102,-79.99523776495471,35
2022183N32280,COLIN,2022,2022-07-02 06:00:00,32.99665854575343,-79.88209200327212,35
2022183N32280,COLIN,2022,2022-07-02 09:00:00,33.2016725402782,-79.58682656832008,35
2022183N32280,COLIN,2022,2022-07-02 12:00:00,33.38872149361732,-79.37705387890486,35
2022183N32280,COLIN,2022,2022-07-02 15:00:00,33.59126447553422,-79.1798457148444,33
2022183N32280,COLIN,2022,2022-07-02 18:00:00,33.79025955211693,-78.87866024589468,30
2022266N12294,IAN,2022,2022-09-27 18:00:00,23.45241005173341,-82.99100388328412,105
2022266N12294,IAN,2022,2022-09-27 21:00:00,23.95468178356361,-82.90877589220598,105
2022266N12294,IAN,2022,2022-09-28 00:00:00,24.363114381067007,-82.72708758616479,105
2022266N12294,IAN,2022,2022-09-28 02:00:00,24.559010190707955,-82.63369598316521,110
2022266N12294,IAN,2022,2022-09-28 03:00:00,24.65819239582871,-82.63750762156846,112
2022266N12294,IAN,2022,2022-09-28 06:00:00,25.15506801801013,-82.65698275073989,120
2022266N12294,IAN,2022,2022-09-28 09:00:00,25.55788718188587,-82.57514461571961,130
2022266N12294,IAN,2022,2022-09-28 12:00:00,25.962806080635808,-82.49409681447479,140
2022266N12294,IAN,2022,2022-09-28 15:00:00,26.261170291731283,-82.50793627386322,138
2022266N12294,IAN,2022,2022-09-28 18:00:00,26.576631092540303,-82.22489732465225,135
2022266N12294,IAN,2022,2022-09-28 19:05:00,26.686122933320966,-82.0329414727898,130
2022266N12294,IAN,2022,2022-09-28 20:35:00,26.793739706856574,-81.84356971215955,125
2022266N12294,IAN,2022,2022-09-28 21:00:00,26.793739706856574,-81.84356971215955,122
2022266N12294,IAN,2022,2022-09-29 00:00:00,27.191929645297037,-81.58600112150248,100
2022266N12294,IAN,2022,2022-09-29 03:00:00,27.492270141018363,-81.31306635293875,83
2022266N12294,IAN,2022,2022-09-29 06:00:00,27.701804135670432,-81.02688882011225,65
2022266N12294,IAN,2022,2022-09-29 09:00:00,28.01299610958755,-80.73867637862833,63
2022266N12294,IAN,2022,2022-09-29 12:00:00,28.420022834426565,-80.5478279185843,60
2022266N12294,IAN,2022,2022-09-29 15:00:00,28.62167005813185,-80.34944034468609,63
2022266N12294,IAN,2022,2022-09-29 18:00:00,28.928610261842827,-80.04862915716012,65
2022266N12294,IAN,2022,2022-09-29 21:00:00,29.23706064104916,-79.64810710026927,68
2022266N12294,IAN,2022,2022-09-30 00:00:00,29.64242212697957,-79.35126604581157,70
2022266N12294,IAN,2022,2022-09-30 03:00:00,29.93796575457004,-79.15630307371664,73
2022266N12294,IAN,2022,2022-09-30 06:00:00,30.330960311661556,-79.06273299738622,75
2022266N12294,IAN,2022,2022-09-30 09:00:00,30.817647755354823,-78.97086885770825,75
2022266N12294,IAN,2022,2022-09-30 12:00:00,31.503415302725017,-78.97906168014914,75
2022266N12294,IAN,2022,2022-09-30 15:00:00,32.70726925801836,-79.08593663690037,73
2022266N12294,IAN,2022,2022-09-30 18:00:00,33.28272262070694,-79.1708083849853,70
2022266N12294,IAN,2022,2022-09-30 18:05:00,33.28272262070694,-79.1708083849853,70
2022266N12294,IAN,2022,2022-09-30 21:00:00,33.69426424352737,-79.18349177804396,60
2022266N12294,IAN,2022,2022-10-01 00:00:00,34.39629411195114,-79.28924701901086,50
2022266N12294,IAN,2022,2022-10-01 03:00:00,34.89636810118415,-79.49346234000555,40
2022266N12294,IAN,2022,2022-10-01 06:00:00,35.29587448815592,-79.69655151457539,30
2022311N21293,NICOLE,2022,2022-11-06 12:00:00,20.646379105249625,-66.70926879491849,30
2022311N21293,NICOLE,2022,2022-11-06 15:00:00,21.540421328341846,-66.57526605637368,33
2022311N21293,NICOLE,2022,2022-11-06 18:00:00,22.437537673764368,-66.69025161314038,35
2022311N21293,NICOLE,2022,2022-11-09 09:00:00,26.9147544572772,-75.53245120941942,58
2022311N21293,NICOLE,2022,2022-11-09 12:00:00,26.770639410814105,-76.02284452751624,55
2022311N21293,NICOLE,2022,2022-11-09 15:00:00,26.738357561017057,-76.52218424326566,58
2022311N21293,NICOLE,2022,2022-11-09 17:00:00,26.71836543956533,-76.92232275536239,60
2022311N21293,NICOLE,2022,2022-11-09 18:00:00,26.70756295681329,-77.12206242018169,60
2022311N21293,NICOLE,2022,2022-11-09 21:00:00,26.70580889461781,-77.63797039051978,63
2022311N21293,NICOLE,2022,2022-11-09 23:00:00,26.78220841674193,-78.04593499235735,65
2022311N21293,NICOLE,2022,2022-11-10 00:00:00,26.8700660191773,-78.25391824558001,65
2022311N21293,NICOLE,2022,2022-11-10 03:00:00,27.11253840200763,-78.86995930300158,65
2022311N21293,NICOLE,2022,2022-11-10 06:00:00,27.363858061870594,-79.69412703987602,65
2022311N21293,NICOLE,2022,2022-11-10 07:45:00,27.63694057132066,-80.22360064583548,65
2022311N21293,NICOLE,2022,2022-11-10 09:00:00,27.715119178088493,-80.63414627719105,62
2022311N21293,NICOLE,2022,2022-11-10 12:00:00,27.98889306212603,-81.52437361505112,55
2022311N21293,NICOLE,2022,2022-11-10 15:00:00,28.381728108851792,-82.12134170721002,48
2022311N21293,NICOLE,2022,2022-11-10 18:00:00,28.97461109864505,-82.73687707501921,40
2022311N21293,NICOLE,2022,2022-11-10 19:00:00,29.17155032119083,-82.94160277427021,40
2022311N21293,NICOLE,2022,2022-11-10 21:00:00,29.572028377645605,-83.35378734163831,38
2022311N21293,NICOLE,2022,2022-11-11 00:00:00,30.08015833735083,-83.96665922001132,35
2022311N21293,NICOLE,2022,2022-11-11 03:00:00,30.580404750142613,-84.37037759650602,33
2022311N21293,NICOLE,2022,2022-11-11 06:00:00,31.1801737305393,-84.57444259819627,30
2022311N21293,NICOLE,2022,2022-11-11 09:00:00,32.08456100646885,-84.67721805076256,28
2022311N21293,NICOLE,2022,2022-11-11 12:00:00,33.18877801435405,-84.58056716592759,25
2022311N21293,NICOLE,2022,2022-11-11 15:00:00,34.27073694787667,-84.30442076089881,25
2023234N25271,HAROLD,2023,2023-08-22 00:00:00,25.42156063151143,-92.33742192560274,30
2023234N25271,HAROLD,2023,2023-08-22 03:00:00,25.62075950556423,-93.20752066113783,35
2023234N25271,HAROLD,2023,2023-08-22 06:00:00,25.816400462542152,-94.19906374815666,40
2023234N25271,HAROLD,2023,2023-08-22 09:00:00,26.305264046308423,-95.20564521428724,45
2023234N25271,HAROLD,2023,2023-08-22 12:00:00,26.791578574961555,-96.31027674325485,50
2023234N25271,HAROLD,2023,2023-08-22 15:00:00,27.07590949065817,-97.30804410105507,50
2023234N25271,HAROLD,2023,2023-08-22 18:00:00,27.26836420129237,-98.21777095711974,40
2023234N25271,HAROLD,2023,2023-08-22 21:00:00,27.45939187329161,-99.12170878473748,35
2023234N25271,HAROLD,2023,2023-08-23 00:00:00,27.64753636219108,-100.0252260759686,30
2023234N25271,HAROLD,2023,2023-08-23 03:00:00,27.93769415521036,-100.83001722341596,28
2023265N29284,OPHELIA,2023,2023-09-22 12:00:00,31.599960247488,-75.47649136323749,50
2023265N29284,OPHELIA,2023,2023-09-22 15:00:00,32.2005804982438,-75.77677303531753,55
2023265N29284,OPHELIA,2023,2023-09-22 18:00:00,32.70216168469862,-76.07827821591414,60
2023265N29284,OPHELIA,2023,2023-09-22 21:00:00,33.000473660986536,-76.37895901562162,60
2023265N29284,OPHELIA,2023,2023-09-23 00:00:00,33.29929155043278,-76.57918996653237,60
2023265N29284,OPHELIA,2023,2023-09-23 03:00:00,33.497364318611005,-76.8787482694829,60
2023265N29284,OPHELIA,2023,2023-09-23 06:00:00,33.79537349672798,-77.07899423231055,60
2023265N29284,OPHELIA,2023,2023-09-23 09:00:00,34.393328687932005,-77.07981219133877,60
2023265N29284,OPHELIA,2023,2023-09-23 10:15:00,34.69721585254144,-77.08515947810083,60
2023265N29284,OPHELIA,2023,2023-09-23 12:00:00,35.098239568324544,-77.08678735150426,50
2023265N29284,OPHELIA,2023,2023-09-23 15:00:00,35.79522629235333,-77.29654801433276,45
2023265N29284,OPHELIA,2023,2023-09-23 18:00:00,36.29617201848379,-77.51234180847435,40
2023265N29284,OPHELIA,2023,2023-09-23 21:00:00,36.59703753462535,-77.6199742263885,35
2023265N29284,OPHELIA,2023,2023-09-24 00:00:00,36.79798827941549,-77.62336928292437,30
2023265N29284,OPHELIA,2023,2023-09-24 03:00:00,36.99804717926368,-77.62570071983154,28
2023265N29284,OPHELIA,2023,2023-09-24 06:00:00,37.19560971858158,-77.63011319431492,25
2023265N29284,OPHELIA,2023,2023-09-24 09:00:00,37.4966697771678,-77.53318024398155,23
2023265N29284,OPHELIA,2023,2023-09-24 12:00:00,37.89728578706906,-77.43557121404275,20
2023265N29284,OPHELIA,2023,2023-09-24 15:00:00,38.399138025382896,-77.23575359608449,20
2023265N29284,OPHELIA,2023,2023-09-24 18:00:00,38.90179043855213,-76.93868892426185,20
