SID,port,k,obs_wait_co2,obs_wait_nox,obs_wait_hotel_nox,obs_all_co2,obs_all_nox,exp_wait_co2,exp_wait_nox,exp_wait_hotel_nox,exp_all_co2,exp_all_nox,normal_co2_day,storm,season,intensity,main_fuel_saved_t,x_wait_co2,x_wait_nox,x_wait_hotel_nox,x_all_co2,x_all_nox,co2_avoided_t,nox_avoided_t
2015126N27281,"Morehead City, NC",7,19.932517400000002,0.108311389136,0.088387663964,14216.5919746,382.99012168671004,0.6361774566502815,0.0032977472379599514,0.0032977472379599514,13382.271034252224,372.2229175537242,1288.5344765584562,ANA,2015,Tropical storm <50 kt,21.005001489638346,19.29633994334972,0.10501364189804005,0.08508991672604005,834.3209403477758,10.767204132985853,65.4095746387338,1.9303596368977642
2015126N27281,"Port of Charleston, SC",6,229.12791220000003,3.93238254,1.335689613656,16151.441849600003,379.32116527959886,91.57381563897837,2.5974225990646747,0.373718715228992,14179.204202054905,345.3951883716391,1368.8211226200278,ANA,2015,Tropical storm <50 kt,192.86906053743235,137.55409656102165,1.3349599409353252,0.9619708984270079,1972.2376475450983,33.92597690795975,600.5942545135644,17.724666663390035
2015126N27281,"Virginia, VA, Port of",4,409.3213261,5.523986060136001,3.0405144539460003,23323.6955721,552.3403821976393,521.550283498294,6.05651714051969,3.4969252203024466,25077.202933196866,557.5435401702824,2438.1069235184787,ANA,2015,Tropical storm <50 kt,-1192.1300094466872,-112.22895739829397,-0.5325310803836887,-0.4564107663564463,-1753.5073610968648,-5.203157972643112,-3712.2928494169837,-109.55674786815057
2015126N27281,"Wilmington, NC",7,14.347857699999999,0.119614623838,0.106320388218,8828.258515700001,229.19173224323,7.4750841058023125,0.14672384081709486,0.0109147840067294,7504.751175079422,205.11001802637705,707.8489179999189,ANA,2015,Tropical storm <50 kt,54.17228899976192,6.872773594197686,-0.027109216979094852,0.09540560421127059,1323.5073406205793,24.08171421685296,168.6925079452586,4.978433359078121
2015167N27266,"Calhoun Port Authority, TX",2,14.745441,0.10741213728400001,0.08445810886400001,1590.0124819999999,35.18946171435021,25.041444169907894,0.1306185118774768,0.12601128286153326,1946.5033816044947,39.48037477709928,198.41524362214878,BILL,2015,Tropical storm <50 kt,-33.11692264676351,-10.296003169907895,-0.023206374593476797,-0.04155317399753325,-356.49089960449487,-4.29091306274907,-103.12609712202158,-3.0434451912375673
2015167N27266,"Corpus Christi, TX",2,4858.763237,23.71486380155,22.94903240118,14678.449335500001,136.91271949063182,4820.918170787276,22.309326642364773,21.70458413729342,15481.643071662373,135.84807698968433,1503.6184161894207,BILL,2015,Strong TS 50–63 kt,34.10608792285319,37.845066212724305,1.4055371591852257,1.2444482638865786,-803.1937361623714,1.0646425009474854,106.20635779176483,3.1343494801102083
2015167N27266,"Galveston, TX",2,27800.968339100004,143.29695763791398,136.99195797603798,40295.198479,398.29243681609677,24827.06179272353,129.01688388998622,123.1801423042755,38699.72246430363,384.16487639761294,3849.8186157703285,BILL,2015,Tropical storm <50 kt,-208.64073666656964,2973.9065463764746,14.280073747927759,13.811815671762474,1595.4760146963672,14.127560418483824,-649.7072539796978,-19.17408369965775
2015167N27266,"Houston Port Authority, TX",3,0.0,0.0,0.0,19602.226019,143.94130150053397,0.0,0.0,0.0,19137.663659160917,142.0076996111847,1852.9482651104026,BILL,2015,Tropical storm <50 kt,0.0,0.0,0.0,0.0,464.5623598390848,1.9336018893492621,0.0,0.0
2015167N27266,"Port Freeport, TX",2,524.9885387999999,2.934860776835,2.7538706367959995,8316.948729799999,192.10104889015395,978.2508072066132,4.099187149787983,3.9481937430193725,10702.620211956546,224.89223696805055,1020.6296193315403,BILL,2015,Strong TS 50–63 kt,29.684984961542852,-453.2622684066133,-1.1643263729529827,-1.194323106223373,-2385.6714821565474,-32.79118807789661,92.43904317024445,2.728050117965788
2015167N27266,"Texas City, TX",2,0.0,0.0,0.0,6053.7793697,85.96957226566302,0.0,0.0,0.0,5994.987738318477,85.86012236606737,623.8435586527074,BILL,2015,Strong TS 50–63 kt,0.0,0.0,0.0,0.0,58.791631381523075,0.10944989959564566,0.0,0.0
2016148N27288,"Morehead City, NC",7,10.9333464,0.11911639470070001,0.11054589508200001,13007.9727254,349.0262137303673,0.251060621546781,0.001578757816941688,0.001578757816941688,12853.632167496096,344.3160873569575,1277.0135882346724,BONNIE,2016,Tropical storm <50 kt,68.96129361878565,10.682285778453219,0.11753763688375832,0.10896713726505833,154.34055790390448,4.710126373409821,214.74546832889848,6.337542883566401
2016148N27288,"Port of Brunswick, GA",5,2.5427432,0.05076126716999999,0.011780766504000001,1190.3376312,27.535148889342004,30.207614799214625,0.21324414367498057,0.19187029287955332,1418.432897784327,28.920192061517515,135.72518313991773,BONNIE,2016,Tropical storm <50 kt,-12.985268694016606,-27.664871599214624,-0.16248287650498058,-0.1800895263755533,-228.09526658432696,-1.3850431721755108,-40.43612671316771,-1.1933461929801261
2016148N27288,"Port of Charleston, SC",6,138.7550122,2.6758287411820003,0.753621449404,13088.096148,307.83639928391,78.22416676345381,1.9090979265946304,0.2599314796388045,12662.485222226785,311.3094779824813,1324.1531519870568,BONNIE,2016,Tropical storm <50 kt,164.10217872178316,60.5308454365462,0.7667308145873699,0.4936899697651955,425.61092577321506,-3.473078698571328,511.01418453963277,15.080990224531874
2016148N27288,"Port of Savannah, GA",5,246.02514940000003,5.895242308748,0.9932304072579999,5984.490121000002,129.244368257186,203.9062724858804,5.899328583030252,0.7803474974161447,5533.446385494293,117.99839697220362,594.7785098085471,BONNIE,2016,Tropical storm <50 kt,-188.5279472229459,42.118876914119625,-0.004086274282252056,0.2128829098418552,451.04373550570836,11.245971284982389,-587.0760276522535,-17.32571834978873
2016148N27288,"Wilmington, NC",7,47.3376253,0.32962055671499996,0.31081270064199995,7935.0770447,206.15903972646726,0.7888965872840064,0.0038187114944611697,0.0038187114944611697,6808.415669066898,181.072433171132,728.6032995522356,BONNIE,2016,Tropical storm <50 kt,180.11378982740032,46.54872871271599,0.3258018452205388,0.3069939891475388,1126.6613756331026,25.086606555335266,560.8743415225246,16.55245728513809
2016158N22272,"Jacksonville, FL",2,42.502561400000005,0.3532787104896,0.33051197978360003,7605.861905,162.343858345039,68.53422546343495,0.24864867455022682,0.23543530545955807,7281.719888534153,148.13729250350576,752.55720924103,COLIN,2016,Tropical storm <50 kt,-2.189541401497099,-26.031664063434945,0.1046300359393732,0.09507667432404196,324.1420164658466,14.206565841533234,-6.818231924261966,-0.2012188547975834
2016158N22272,"Morehead City, NC",1,5.548509,0.08222366149469999,0.065118686414,13383.886626900001,357.49222068434665,0.0193104545017089,3.347793120328795e-05,3.347793120328795e-05,13607.5875620975,364.19533522213635,1353.3662072061218,COLIN,2016,Tropical storm <50 kt,16.64876035429027,5.529198545498291,0.08219018356349671,0.06508520848279671,-223.70093519749935,-6.703114537789702,51.844239743259905,1.530021076559276
2016158N22272,"Panama City Port Authority, FL",2,0.09394443999999999,0.0026062093345000006,0.00022253645059999998,2340.89697814,52.462049746341705,0.4543009341142972,0.007349479680143597,0.0012504862162451599,1771.481025783004,39.78036252305479,175.82677889603562,COLIN,2016,Tropical storm <50 kt,-0.5666973791096427,-0.36035649411429715,-0.004743270345643596,-0.00102794976564516,569.4159523569961,12.681687223286914,-1.7646956385474273,-0.05207948914017616
2016158N22272,"Port of Brunswick, GA",2,1.4511399,0.039864992881,0.0030842244,1173.6587338999998,27.487433631907003,81.22302804199634,0.40254711837335855,0.37000979850401694,1422.5545159773783,27.81579771108161,141.11478232711232,COLIN,2016,Tropical storm <50 kt,-34.75266655846006,-79.77188814199634,-0.36268212549235856,-0.36692557410401694,-248.8957820773785,-0.32836407917460875,-108.21980366304462,-3.1937700567224794
2016158N22272,"Port of Charleston, SC",1,140.06470480000002,2.7430342007184003,0.7520183002904001,13604.945551199999,321.1826094125944,101.29141049961267,1.9590950259887119,0.3510408538213252,13040.192509504268,311.2532518285692,1361.6112373145365,COLIN,2016,Tropical storm <50 kt,151.46940642290068,38.77329430038735,0.7839391747296884,0.40097744646907485,564.7530416957306,9.929357584025183,471.6757316009127,13.920038450264574
2016158N22272,"Port of Savannah, GA",1,251.1484048,5.935070457384,0.7715576297239999,5769.833354799999,126.84832709251397,235.7912108183639,6.169719672198035,0.9192147684839287,5781.242956863595,122.25040388743274,598.7200196543139,COLIN,2016,Tropical storm <50 kt,-235.52222529065756,15.357193981636101,-0.2346492148140351,-0.1476571387599288,-11.40960206359614,4.59792320508123,-733.4162095551076,-21.64449250421143
2016158N22272,"Wilmington, NC",1,60.070527299999995,0.550406223937,0.531292644134,8200.9403513,212.73107914188122,0.2461615324420498,0.0014696588010550617,0.0014696588010550617,7292.6292947736065,189.4681118774391,749.4012175126788,COLIN,2016,Tropical storm <50 kt,219.56226564223238,59.82436576755794,0.5489365651359449,0.5298229853329449,908.3110565263933,23.262967264442125,683.7168952099116,20.177772212521155
2016242N24279,"Boston, MA",4,302.50989060000006,1.7584248776831,1.703487986884,5053.4039137,97.6774850993319,313.6682675093565,2.2441833942905336,2.2050324851409773,4510.917364547839,82.66921296950613,456.58950845219647,HERMINE,2016,Tropical storm <50 kt,-72.13822333280294,-11.158376909356434,-0.48575851660743363,-0.5015444982569772,542.4865491521614,15.00827212982577,-224.63842745834833,-6.62950272428459
2016242N24279,"New York, NY & NJ",4,3699.2097544999997,16.960595943624003,16.324070637014003,18173.4729294,257.5284277473871,3551.563461923314,18.366052970580384,17.70462494621583,18323.437173275808,260.0584946396836,1841.6339208288252,HERMINE,2016,Tropical storm <50 kt,-354.7863748276663,147.64629257668548,-1.4054570269563804,-1.3805543092018269,-149.9642438758092,-2.5300668922964746,-1104.8047712133528,-32.604867846662536
2016242N24279,"Port Jefferson, NY",5,0.0,0.0,0.0,5113.951050399999,131.94945789925004,0.0,0.0,0.0,5287.859233773255,136.44881227638857,535.704190694688,HERMINE,2016,Tropical storm <50 kt,0.0,0.0,0.0,0.0,-173.90818337325618,-4.4993543771385305,0.0,0.0
2016242N24279,"Port of Providence, RI",4,125.335669,1.0381013353060002,0.98006547073,17495.552322400003,388.9658332017202,4.095016840277969,0.12166662933164471,0.0042465132687991465,16320.191220354342,371.5246113952941,1633.5478654610226,HERMINE,2016,Tropical storm <50 kt,176.47402669201085,121.24065215972203,0.9164347059743555,0.975818957461201,1175.361102045661,17.441221806426142,549.5401191189218,16.2179630529958
2016257N27280,"Canaveral Port District, FL",7,136.87234999999998,0.8220520145916002,0.8048423680760001,8305.946256000001,202.76601878140994,0.566224834607429,0.0011469636123705264,0.0011469636123705264,8072.7652371400645,184.9178870694,823.3248216000743,JULIA,2016,Tropical storm <50 kt,86.80797069125343,136.30612516539256,0.8209050509792296,0.8036954044636295,233.18101885993656,17.848131712009945,270.3200207325632,7.977652506526191
2016257N27280,"Manatee County Port, FL",2,0.0,0.0,0.0,1625.9265651399999,40.5116282664294,0.0,0.0,0.0,1307.6020613521337,29.61031631980693,132.55273727221783,JULIA,2016,Tropical storm <50 kt,0.0,0.0,0.0,0.0,318.3245037878662,10.901311946622467,0.0,0.0
2016257N27280,"Port Everglades, FL",2,0.0,0.0,0.0,15014.0704296,199.16111270979505,0.0,0.0,0.0,9819.525723207247,154.61066356210299,954.4025485742865,JULIA,2016,Tropical storm <50 kt,0.0,0.0,0.0,0.0,5194.544706392753,44.55044914769206,0.0,0.0
2016257N27280,"Port of Palm Beach District, FL",2,8.7039269,0.1222959943201,0.11940725208599999,8584.2788026,206.8990926079241,5.909928078720698,0.06590488149808936,0.0619486857194332,7274.777908108737,165.58678186221212,769.7689563395469,JULIA,2016,Tropical storm <50 kt,101.7025267702215,2.7939988212793025,0.05639111282201063,0.05745856636656679,1309.5008944912624,41.31231074571198,316.7016683624697,9.346462210183356
2016257N27280,"PortMiami, FL",2,347.28168370000003,3.0478770899536998,2.900874434162,52809.11290789999,1332.156093893736,519.9562522398356,4.838169045919757,4.748134141248669,47411.195162044234,1153.5607099893343,4934.294936787357,JULIA,2016,Tropical storm <50 kt,-857.5604205741774,-172.6745685398356,-1.7902919559660568,-1.847259707086669,5397.917745855753,178.59538390440161,-2670.4431496679886,-78.80980265076691
2016273N13300,"Canaveral Port District, FL",3,66.2712325,0.414459270913,0.388465384402,10088.0751141,236.04413518533403,6.9024438732617055,0.08407718671880612,0.012497981237991864,7970.580434168628,185.41469248061563,813.5078731632793,MATTHEW,2016,Hurricane ≥64 kt,51.021425224436,59.368788626738294,0.3303820841941939,0.3759674031640082,2117.494679931372,50.6294427047184,158.8807181488937,4.688868978125669
2016273N13300,"Port Everglades, FL",2,0.0,0.0,0.0,10660.005307,148.866754774041,0.0,0.0,0.0,11173.645826689699,170.05459954449717,1098.4178487836498,MATTHEW,2016,Hurricane ≥64 kt,0.0,0.0,0.0,0.0,-513.6405196896994,-21.187844770456167,0.0,0.0
2016273N13300,"Port of Palm Beach District, FL",3,21.433036,0.2623642712101,0.25108820563199996,7999.4646209,178.7922191746157,7.666319031278194,0.08420200902938367,0.0840491446248964,8430.165472043993,196.88233429475306,843.9047682162004,MATTHEW,2016,Hurricane ≥64 kt,188.92262984505342,13.766716968721807,0.1781622621807163,0.16703906100710356,-430.7008511439926,-18.09011512013737,588.3050693374963,17.36198968276041
2016273N13300,"PortMiami, FL",2,803.1100081,5.3816790142849,5.304205459651,44631.536349300004,1050.0143426386817,300.49954278173357,3.250281525601288,3.0435329194257075,50268.34099028936,1252.8780659800198,4910.149237130371,MATTHEW,2016,Hurricane ≥64 kt,373.7583924773553,502.6104653182664,2.1313974886836116,2.260672540225293,-5636.804640989358,-202.86372334133807,1163.8836341744843,34.34839626866896
2017171N24271,"Beaumont, TX",3,102.07887,0.38667752219999996,0.38667752219999996,543.33992014,4.093190344400002,34.70764547390371,0.12776728278310587,0.12776728278310587,1477.0022668393578,8.18653400334437,136.49674735895314,CINDY,2017,Tropical storm <50 kt,3.5539948224976925,67.37122452609628,0.25891023941689406,0.25891023941689406,-933.6623466993578,-4.093343658944368,11.067139877257814,0.326612124187538
2017171N24271,"Galveston, TX",3,14007.934289599998,71.40003096612202,67.676971696362,22357.26290473,240.38117338527212,23505.50527662659,126.38002587628337,119.86650426466502,38638.48445265587,410.4811771664224,3796.421292557115,CINDY,2017,Tropical storm <50 kt,-4480.064406893321,-9497.570987026593,-54.97999491016135,-52.18953256830302,-16281.221547925874,-170.1000037811503,-13950.9205630658,-411.7179189934962
2017171N24271,"Houston Port Authority, TX",3,0.0,0.0,0.0,12395.8976887,93.97328473019698,0.0,0.0,0.0,19775.54246895184,148.40024772005444,1995.4473363041757,CINDY,2017,Tropical storm <50 kt,0.0,0.0,0.0,0.0,-7379.64478025184,-54.42696298985746,0.0,0.0
2017171N24271,"Lake Charles Harbor District, LA",3,1894.2491410999999,9.312257706909499,9.161029211395999,15872.7057298,305.9041283157721,2337.305467177972,9.889826975965613,9.724773512694236,25406.508224829355,513.0876653387403,2461.1685919026672,CINDY,2017,Tropical storm <50 kt,-151.39639667676545,-443.056326077972,-0.5775692690561147,-0.5637443012982377,-9533.802495029355,-207.1835370229682,-471.4483792514476,-13.913328854594745
2017171N24271,"Orange County Nav District, TX",3,263.8209789,1.0621936283500002,1.0351309843560002,2966.5768415000002,20.005171150831902,142.91701626642728,0.5974446368817127,0.5748046596319313,4167.719336633442,26.569814284117857,429.93331910431317,CINDY,2017,Tropical storm <50 kt,-3.73049071654613,120.90396263357272,0.4647489914682875,0.46032632472406887,-1201.142495133442,-6.564643133285955,-11.616748091324649,-0.3428320968505894
2017171N24271,"Port Arthur, TX",3,0.0,0.0,0.0,1006.612261,8.3409347590592,0.0,0.0,0.0,1149.241260524188,11.689510056688206,116.04976158847819,CINDY,2017,Tropical storm <50 kt,0.0,0.0,0.0,0.0,-142.62899952418798,-3.348575297629006,0.0,0.0
2017171N24271,"Port Freeport, TX",3,1255.6125591,5.2233937196813,4.994812082336,9904.2939239,167.3556041843185,460.6030020164595,2.1322615064423016,1.9418338247879898,13555.97910630897,252.74505628799642,1281.5143981064139,CINDY,2017,Tropical storm <50 kt,188.6449642405891,795.0095570835405,3.0911322132389984,3.05297825754801,-3651.68518240897,-85.38945210367791,587.4404186451944,17.336472213710138
2017171N24271,"Port of Iberia District, LA",4,0.0,0.0,0.0,2715.29116564,60.465254031436295,0.0,0.0,0.0,4638.889041522218,98.82526590188358,449.27042206360954,CINDY,2017,Tropical storm <50 kt,0.0,0.0,0.0,0.0,-1923.5978758822175,-38.36001187044729,0.0,0.0
2017171N24271,"Sabine Pass Port Authority, TX",3,4327.829062999999,27.220693074318007,26.995117299140006,6560.514720200001,59.37310051598598,5625.181975789179,26.72175560559634,26.4650175894424,9910.48366685583,82.97162476482065,967.7961849128948,CINDY,2017,Tropical storm <50 kt,-191.96683657747235,-1297.3529127891798,0.49893746872166744,0.5300997096976054,-3349.9689466558284,-23.598524248834664,-597.7847291022489,-17.64175228146971
2017171N24271,"Texas City, TX",3,0.0,0.0,0.0,3341.06986593,51.611458768294206,0.0,0.0,0.0,5696.884612247761,83.77185427542514,578.6569734802242,CINDY,2017,Tropical storm <50 kt,0.0,0.0,0.0,0.0,-2355.8147463177606,-32.160395507130936,0.0,0.0
2017212N28275,"Canaveral Port District, FL",4,1.9722268,0.029802808138,0.00945204756,8642.5229349,191.09583249385543,0.9414898490145696,0.0051577496506819585,0.0051577496506819585,7912.2654716275665,194.57704490350687,769.0893200858147,EMILY,2017,Tropical storm <50 kt,-0.590253448285428,1.0307369509854305,0.02464505848731804,0.004294297909318041,730.2574632724336,-3.481212409651448,-1.8380492379608229,-0.05424429189743084
2017212N28275,"Port Everglades, FL",2,0.0,0.0,0.0,10728.882243869999,177.80949373930298,0.0,0.0,0.0,8175.285355666443,133.9184995885732,851.3760185097913,EMILY,2017,Tropical storm <50 kt,0.0,0.0,0.0,0.0,2553.596888203556,43.89099415072977,0.0,0.0
2017212N28275,"Port of Palm Beach District, FL",3,10.0300832,0.135974258096,0.12645970038,9134.3749542,218.3604950732734,2.2880869012251246,0.027723485517297513,0.025791632216887173,7253.503049984847,177.02714778384527,714.9897578974027,EMILY,2017,Tropical storm <50 kt,57.006626037032675,7.741996298774875,0.10825077257870248,0.10066806816311284,1880.8719042151533,41.33334728942813,177.51863347931973,5.238908932803303
2017228N14314,"Beaumont, TX",7,0.0,0.0,0.0,849.66058281,5.943588738776399,37.67082713139134,0.25675923105477083,0.25675923105477083,1771.4118186827207,9.767517994723075,183.56248514407005,HARVEY,2017,Tropical storm <50 kt,-30.830748645417845,-37.67082713139134,-0.25675923105477083,-0.25675923105477083,-921.7512358727206,-3.823929255946676,-96.00695128183116,-2.8333458005139
2017228N14314,"Brownsville, TX",7,1.8820359999999998,0.018126313550000002,0.01459940292,2144.9094784,49.5305638771652,0.0,0.0,0.0,2074.3618415708556,50.313783473686236,225.9189852745105,HARVEY,2017,Hurricane ≥64 kt,13.846060739909298,1.8820359999999998,0.018126313550000002,0.01459940292,70.54763682914427,-0.783219596521036,43.116633144077554,1.2724529819976647
2017228N14314,"Calhoun Port Authority, TX",7,626.7129984,3.8049294619740004,3.779474560692,2428.4800772999997,38.76480921175702,64.49248043654791,0.38226786866479023,0.3776176083703515,1614.1176488876545,33.45449339750543,149.32592617633387,HARVEY,2017,Tropical storm <50 kt,665.4905380723549,562.220517963452,3.4226615933092104,3.4018569523216486,814.3624284123453,5.310315814251588,2072.337535557313,61.15858044884942
2017228N14314,"Corpus Christi, TX",7,6692.311684000001,31.094685016649095,30.570663681859997,14769.653751499998,114.2038271136815,5585.808096749627,27.704380047169703,27.1735036116792,16669.937160881364,142.93523016279426,1647.9121626311498,HARVEY,2017,Hurricane ≥64 kt,1192.8132653264327,1106.503587250374,3.3903049694793914,3.397160070180796,-1900.2834093813653,-28.731403049112757,3714.420508226511,109.61953908349918
2017228N14314,"Galveston, TX",7,45814.15534489999,264.08263244179096,257.955344256956,63530.9686909,540.4425277463608,24708.879931457413,128.29203577840315,122.00044620587188,40396.82928570855,403.3015640835624,4112.134510282849,HARVEY,2017,Tropical storm <50 kt,19054.575239510283,21105.275413442578,135.79059666338782,135.95489805108411,23134.139405191454,137.1409636627984,59335.947295835016,1751.1154645109953
2017228N14314,"Houston Port Authority, TX",7,0.0,0.0,0.0,16133.692415000001,130.62172105222797,0.0,0.0,0.0,18443.7136263465,144.14051056710133,1919.1895448995183,HARVEY,2017,Tropical storm <50 kt,0.0,0.0,0.0,0.0,-2310.0212113464986,-13.518789514873362,0.0,0.0
2017228N14314,"Lake Charles Harbor District, LA",7,8750.2134661,39.308638667155,39.081623249988006,34904.5050266,548.9522721776863,3948.753907192376,15.115542245645688,14.998574954679022,25998.888780745037,471.57689028004734,2540.362239774328,HARVEY,2017,Tropical storm <50 kt,1960.2276498523966,4801.459558907623,24.193096421509313,24.083048295308984,8905.616245854966,77.37538189763893,6104.148901640363,180.14492102143527
2017228N14314,"Orange County Nav District, TX",7,282.39324419999997,1.5496862717222,1.543778276388,6447.9267973000005,46.2966293416891,205.73309897236152,0.9118581721503709,0.8755996375888452,5565.4214301637785,35.98049807921243,579.2381857253798,HARVEY,2017,Tropical storm <50 kt,-12.372693725293317,76.66014522763845,0.6378280995718291,0.6681786387991547,882.505367136222,10.316131262476667,-38.52856826056339,-1.1370505533544557
2017228N14314,"Port Arthur, TX",7,0.0,0.0,0.0,790.91826,6.3030283833973995,0.0,0.0,0.0,1032.2637256932974,11.035524078433776,103.42595538037823,HARVEY,2017,Tropical storm <50 kt,0.0,0.0,0.0,0.0,-241.34546569329734,-4.732495695036376,0.0,0.0
2017228N14314,"Port Freeport, TX",7,3383.4017623000004,23.018664662958006,22.713017847744005,14048.746872999998,238.322176244058,3258.2177058774573,12.780834318628756,12.632065375937675,15335.357681979704,250.9062345017173,1527.822912595338,HARVEY,2017,Tropical storm <50 kt,280.16443258899125,125.18405642254311,10.23783034432925,10.08095247180633,-1286.6108089797053,-12.584058257659308,872.4320430821188,25.747111354928297
2017228N14314,"Port of Greater Baton Rouge, LA",5,882.9556650000001,6.102621962887,5.229518468816001,5451.2323627,43.82661596786272,630.1547538445582,4.762980314720521,4.023829993192496,4910.4664447065825,37.82398811000296,515.2771189462647,HARVEY,2017,Tropical storm <50 kt,-262.9879393161365,252.8009111554419,1.339641648166479,1.2056884756235045,540.7659179934171,6.002627857859764,-818.944443030449,-24.168591623152945
2017228N14314,"Port of Iberia District, LA",4,0.0,0.0,0.0,5542.7870362,117.8382856195858,0.0,0.0,0.0,4071.406938062158,90.42000325280976,409.40532870485373,HARVEY,2017,Tropical storm <50 kt,0.0,0.0,0.0,0.0,1471.3800981378422,27.41828236677604,0.0,0.0
2017228N14314,"Sabine Pass Port Authority, TX",7,18776.885658,127.48465837619777,127.32597600061999,24441.798669,176.656149312806,9315.152965095333,54.01003321803034,53.74232970000359,13392.91661356412,111.32030301987245,1325.9029455513794,HARVEY,2017,Tropical storm <50 kt,4774.33036631442,9461.732692904667,73.47462515816744,73.58364630061641,11048.882055435879,65.33584629293355,14867.264760703103,438.76096066429517
2017228N14314,"Texas City, TX",7,0.0,0.0,0.0,5614.148395499999,76.78146600356297,0.0,0.0,0.0,5296.104314422552,80.93666734693376,517.5084229040954,HARVEY,2017,Tropical storm <50 kt,0.0,0.0,0.0,0.0,318.0440810774471,-4.155201343370791,0.0,0.0
2017242N16333,"Canaveral Port District, FL",2,26.6995611,0.37942591036400003,0.338124671864,10765.588970399998,261.3777021460503,0.0,0.0,0.0,8320.387906028465,187.93865155392496,829.3063258148954,IRMA,2017,Hurricane ≥64 kt,73.81604707293918,26.6995611,0.37942591036400003,0.338124671864,2445.201064371533,73.43905059212534,229.86317058513262,6.7836947260031115
2017242N16333,"Manatee County Port, FL",3,0.0,0.0,0.0,2732.287361,64.0527268927192,0.0,0.0,0.0,1365.365658894546,30.986928643700818,152.1904748210828,IRMA,2017,Hurricane ≥64 kt,0.0,0.0,0.0,0.0,1366.9217021054542,33.065798249018385,0.0,0.0
2017242N16333,"Port Everglades, FL",3,0.0,0.0,0.0,13928.056314,198.69320250521605,0.0,0.0,0.0,10288.164334071162,160.10120496733802,988.7961555759728,IRMA,2017,Hurricane ≥64 kt,0.0,0.0,0.0,0.0,3639.891979928838,38.59199753787803,0.0,0.0
2017242N16333,"Port of Palm Beach District, FL",3,62.249225700000004,0.6402174281290001,0.6238256028380001,10864.3005115,266.59607554421285,4.012820180775893,0.06237676913981297,0.047603212637639954,7304.716274600396,167.63408950077113,781.6825476534726,IRMA,2017,Hurricane ≥64 kt,346.0725996310856,58.23640551922411,0.5778406589891871,0.5762223902003601,3559.5842368996036,98.96198604344173,1077.6700752512006,31.804071906096766
2017242N16333,"PortMiami, FL",3,1006.9139250000001,8.0127017067962,7.9183439341152,69372.179959,1679.219389660735,306.57083282339835,2.908599972379493,2.758314720294515,49199.06166327192,1211.8293732811412,5071.195600810561,IRMA,2017,Hurricane ≥64 kt,1658.179917339957,700.3430921766017,5.104101734416707,5.160029213820685,20173.118295728083,467.3900163795938,5163.5722625966255,152.38673440354208
2017277N11279,"Greater Lafourche Port, LA",2,914.7355306000002,3.9879041936673,3.877942999638,18072.7244395,258.4303681646323,657.4821803017412,3.183118850000886,2.980155168028687,18026.870664346025,210.98928078537867,1803.9385112164584,NATE,2017,Hurricane ≥64 kt,41.924984346235675,257.25335029825897,0.8047853436664139,0.8977878316093131,45.85377515397704,47.44108737925362,130.5544012541779,3.852906061419059
2017277N11279,"Mobile, AL",2,0.3707815,0.002931745724,0.0023249612699999997,4902.35811786,50.874119725070805,0.0,0.0,0.0,3022.300320406148,34.807383955293844,326.62560749984186,NATE,2017,Tropical storm <50 kt,0.4244889517472713,0.3707815,0.002931745724,0.0023249612699999997,1880.057797453852,16.06673576977696,1.3218585957410027,0.039010534665574234
2017277N11279,"New Orleans, LA",2,2340.0884809,16.247676148682,11.252325975432,9067.011228,81.67890602175,2311.9366212410605,14.810509682377441,11.173178940864451,7269.946635121687,62.262004353905056,770.7343500611049,NATE,2017,Hurricane ≥64 kt,414.54753789431646,28.15185965893943,1.437166466304559,0.07914703456754957,1797.0645928783124,19.41690166784494,1290.9010330029014,38.09691873248769
2017277N11279,"Plaquemines Port District, LA",2,13046.157748000001,92.774422995815,70.69772229566001,59185.49655519999,1147.0870059256433,8335.429775219654,60.23389357339561,43.72509904415701,46472.38123905471,879.3551250892866,4726.937895548195,NATE,2017,Hurricane ≥64 kt,6639.729975317485,4710.727972780347,32.54052942241939,26.972623251503002,12713.115316145282,267.7318808363567,20676.119143138647,610.1911847316769
2017277N11279,"Port of Pascagoula, MS",2,6295.780256800001,30.473441395429,29.862175962678,11067.941591100001,120.09173346601685,2710.1081769286548,13.962687120647436,13.551680475659207,8921.851866619483,93.05466834900831,828.9652228756688,NATE,2017,Strong TS 50–63 kt,1484.0734763020757,3585.672079871346,16.51075427478156,16.31049548701879,2146.0897244805183,27.037065117008538,4621.404805204664,136.38635247216078
2017277N11279,"South Louisiana, LA, Port of",2,2442.5487759999996,19.167122951478405,14.391042554060002,6764.439914999999,53.96592882445841,2184.6539769093333,15.618197060561615,12.180959633726776,5430.712696504906,40.46761733102299,585.7232076046957,NATE,2017,Hurricane ≥64 kt,1486.5003717260684,257.8947990906663,3.54892589091679,2.2100829203332264,1333.7272184950934,13.498311493435416,4628.962157554976,136.60938416162568
2017277N11279,"Terrebonne Parish Port, LA",2,536.223813,2.6357320645490003,2.5010020962,23069.5259661,454.47973478373603,38.05419402548021,0.15090839482051627,0.15084654525837837,17466.548511108507,348.33617910869066,1749.8723663974251,NATE,2017,Hurricane ≥64 kt,153.87043028441275,498.1696189745197,2.4848236697284842,2.3501555509416217,5602.977454991491,106.14355567504538,479.1525199056613,14.140692543137533
2018146N19273,"Mobile, AL",3,13.944272400000001,0.3680401907155001,0.046283593608,3119.6366534,38.966601588283595,0.8596505040295961,0.0022334770981047502,0.0022334770981047502,3356.561657784076,35.3519771321936,339.3079162597235,ALBERTO,2018,Tropical storm <50 kt,4.423791593839472,13.084621895970404,0.36580671361739536,0.04405011650989525,-236.92500438407615,3.6146244560899916,13.775687023216117,0.40654644747384755
2018146N19273,"Panama City Port Authority, FL",3,6.5068702,0.05697223895999999,0.051566548623999994,1817.2856042,43.34121201915919,3.6786408834583755,0.021574078469600088,0.016498809483443257,2086.8661764324524,48.69865882688886,203.03366488791116,ALBERTO,2018,Tropical storm <50 kt,15.264404838664085,2.8282293165416243,0.0353981604903999,0.03506773914055673,-269.58057223245237,-5.357446807729673,47.53335666759996,1.4027988046732294
2018246N22283,"Mobile, AL",3,1.5454339999999998,0.039267638283000006,0.005689239258,3037.2091196,41.660107481644005,0.0,0.0,0.0,3038.822444212986,38.148623316425656,306.97892971201725,GORDON,2018,Strong TS 50–63 kt,0.4779196721803018,1.5454339999999998,0.039267638283000006,0.005689239258,-1.613324612985707,3.5114841652183486,1.4882418591694597,0.04392081787336974
2018246N22283,"New Orleans, LA",3,3225.201207,18.30530762075,14.622432932808,9054.259805,75.712667464466,4184.350433543431,22.273761702738888,18.343499849806328,8233.691843383367,65.72831439720794,737.637539717929,GORDON,2018,Tropical storm <50 kt,124.65619806373824,-959.1492265434308,-3.968454081988888,-3.7210669169983284,820.5679616166326,9.984353067258056,388.17940077048087,11.455904602057545
2018246N22283,"Plaquemines Port District, LA",3,7370.1748,53.00316489050601,35.286450392696004,44120.8238977,873.4958269950346,6268.130809829368,51.133172899384235,32.08647489612978,43768.81682821258,829.506133864665,4231.662498216435,GORDON,2018,Strong TS 50–63 kt,-1142.5489439945914,1102.0439901706313,1.869991991121772,3.199975496566225,352.007069487423,43.989693130369574,-3557.8974115991573,-105.00024795310296
2018246N22283,"Port Everglades, FL",3,0.0,0.0,0.0,7601.422969199999,136.45340468798003,0.0,0.0,0.0,7442.607700863381,140.01372240990557,686.9575998565098,GORDON,2018,Tropical storm <50 kt,0.0,0.0,0.0,0.0,158.81526833661792,-3.560317721925543,0.0,0.0
2018246N22283,"Port of Palm Beach District, FL",2,28.71674,0.30051200854199994,0.29716223699999994,7620.886902800001,176.85720878799742,3.219285160305238,0.060001067183630574,0.05451515232714168,8153.833141724279,186.58019129338228,773.3301411680412,GORDON,2018,Tropical storm <50 kt,-120.62450795873775,25.497454839694765,0.24051094135836937,0.24264708467285825,-532.9462389242781,-9.722982505384863,-375.62471778350937,-11.085392281408
2018246N22283,"Port of Pascagoula, MS",3,3549.4961599999997,16.455476893131,15.979798183939998,8629.574625000001,108.78119652825097,2927.257695054015,17.069223153597,14.320913641871853,8275.826807373965,101.10112851849577,843.7230302006113,GORDON,2018,Strong TS 50–63 kt,227.78866653944743,622.2384649459846,-0.6137462604660016,1.6588845420681455,353.7478176260356,7.680068009755203,709.3339076038393,20.933778454975222
2018246N22283,"South Louisiana, LA, Port of",3,2233.60709,15.252571441548,11.657962623246,5761.2711862,43.87736276686999,2839.2305508212703,19.56494273364825,15.222281058764029,7291.987291184026,50.74313167956196,701.5350012113017,GORDON,2018,Tropical storm <50 kt,450.9578544098722,-605.6234608212703,-4.312371292100252,-3.564318435518029,-1530.716104984026,-6.865768912691969,1404.282758632342,41.44302682026726
2018280N18273,"Virginia, VA, Port of",2,1203.3598986,11.359562328843,9.265255159662,23093.7280918,488.1916802983002,802.0112894901109,7.871048465800755,5.284844859639248,21846.406300594434,472.95756807702327,2201.6626790286646,MICHAEL,2018,Strong TS 50–63 kt,156.4695610805672,401.348609109889,3.488513863042244,3.9804103000227524,1247.3217912055661,15.234112221276916,487.2462132048862,14.379552663304127
2019192N29274,"Beaumont, TX",4,294.9918,1.5469296945581998,1.5468037752,2349.69985373,14.7884439691896,6.269765768925372,0.022131039129155473,0.022131039129155473,1582.5763896532176,8.797427752798985,159.01169365914882,BARRY,2019,Tropical storm <50 kt,156.99792584647648,288.72203423107464,1.5247986554290445,1.5246727360708445,767.1234640767825,5.991016216390616,488.8915410859277,14.428109385291188
2019192N29274,"Greater Lafourche Port, LA",5,72.297766,0.45417337748,0.42764475152,14729.352986100002,211.531675542009,882.1851539139814,3.1143872997158533,3.111027288881507,16529.10978569612,225.472999064397,1603.86273040999,BARRY,2019,Strong TS 50–63 kt,-227.5180000473946,-809.8873879139813,-2.660213922235853,-2.6833825373615072,-1799.756799596118,-13.94132352238799,-708.4910521475867,-20.908904204355565
2019192N29274,"Lake Charles Harbor District, LA",5,2916.2733217,13.3941269767424,13.1026054010604,22956.8179728,458.3177731218985,4209.696428039482,18.12555147218912,18.011220249658194,25727.557785387366,479.9738312333345,2520.4925072242836,BARRY,2019,Strong TS 50–63 kt,-640.1019837202281,-1293.4231063394823,-4.731424495446719,-4.908614848597795,-2770.739812587366,-21.65605811143604,-1993.2775773047902,-58.82537230388897
2019192N29274,"New Orleans, LA",6,435.2105063,4.74908977956,2.06654658059,6318.4759433,61.577378534658,192.79984737320854,3.464342557245154,0.9772536131771802,4471.4414356676825,49.60244823659604,504.45740403044204,BARRY,2019,Strong TS 50–63 kt,222.14966676023096,242.41065892679148,1.2847472223148464,1.0892929674128196,1847.0345076323174,11.974930298061963,691.7740622913592,20.415554375265227
2019192N29274,"Orange County Nav District, TX",4,140.8166035,1.2953222168110001,1.242098251858,6480.4110994,41.490743721804,35.43755078064699,0.25335517362157417,0.21841254490301332,6387.539542887172,42.86610148465734,613.8810383577677,BARRY,2019,Tropical storm <50 kt,269.1793813474829,105.37905271935303,1.041967043189426,1.0236857069549865,92.87155651282865,-1.3753577628533407,838.2245935160616,24.73758514583368
2019192N29274,"Plaquemines Port District, LA",5,13033.326104999998,82.41306717744999,69.85840859822,49331.8699465,858.350318547348,13706.445547516636,83.1107760637925,71.17034327036588,48433.713386701274,809.8591935522603,4781.632347323036,BARRY,2019,Strong TS 50–63 kt,-774.6816158891261,-673.1194425166377,-0.6977088863425109,-1.311934672145881,898.1565597987283,48.491124995087716,-2412.3585518787386,-71.19324050021069
2019192N29274,"Port Arthur, TX",4,0.0,0.0,0.0,1612.200526,16.110202690985197,0.0,0.0,0.0,1099.8049314292018,11.744851703720395,111.88584066837228,BARRY,2019,Strong TS 50–63 kt,0.0,0.0,0.0,0.0,512.3955945707983,4.365350987264803,0.0,0.0
2019192N29274,"Port of Greater Baton Rouge, LA",6,529.8655481,3.119100107951,2.767514661686,4143.908682599999,32.41438308521101,416.6366017089453,2.7822154040026126,2.315828854932361,4569.409380787091,35.221335841739155,483.1186702753573,BARRY,2019,Strong TS 50–63 kt,-12.213093035505585,113.22894639105465,0.33688470394838754,0.4516858067536389,-425.500698187092,-2.8069527565281476,-38.03157171256439,-1.1223832499629633
2019192N29274,"Port of Iberia District, LA",6,0.0,0.0,0.0,4457.227127,96.442490677347,0.0,0.0,0.0,5030.766280489237,107.55859204962528,506.8713470473239,BARRY,2019,Hurricane ≥64 kt,0.0,0.0,0.0,0.0,-573.5391534892369,-11.11610137227828,0.0,0.0
2019192N29274,"Sabine Pass Port Authority, TX",4,10728.4155827,57.63290192371,57.075044958028,15386.6852728,124.84894063505821,7263.732613602788,32.85875163203367,32.6207876124706,11640.708870299739,85.38408592476665,1141.303949972577,BARRY,2019,Strong TS 50–63 kt,1401.0427254070253,3464.6829690972118,24.774150291676328,24.4542573455574,3745.9764025002605,39.46485471029156,4362.847046917476,128.75582646490562
2019192N29274,"South Louisiana, LA, Port of",6,1440.8682370000001,10.360888188018,7.944509702368,5476.300871200001,40.1214374869308,1235.9632441406507,9.671449034265027,7.0518723659530025,4454.784830754884,35.69132747456585,513.5798496181684,BARRY,2019,Strong TS 50–63 kt,697.0364971397003,204.90499285934948,0.6894391537529732,0.8926373364149978,1021.5160404451171,4.430110012364949,2170.5716520930264,64.05765408713846
2019192N29274,"Terrebonne Parish Port, LA",6,15.619726679999998,0.07399211559990002,0.056868630572600005,14130.15613168,265.9218005634359,38.57482332690945,0.19236203075060346,0.17797341309157952,16759.52105114575,333.149847520302,1720.3743410521422,BARRY,2019,Strong TS 50–63 kt,-6.059171927238467,-22.955096646909453,-0.11836991515070344,-0.12110478251897952,-2629.364919465752,-67.22804695686608,-18.868261381420588,-0.5568379001132151
2019236N10314,"Canaveral Port District, FL",5,1.7242408,0.04131267197,0.011129758304,9677.4389421,222.80051953125448,0.0,0.0,0.0,7747.881394231774,189.0029565149012,767.2313213378793,DORIAN,2019,Hurricane ≥64 kt,1.5338121069008244,1.7242408,0.04131267197,0.011129758304,1929.5575478682258,33.79756301635328,4.776290900889167,0.14095733262418578
2019236N10314,"Port of Palm Beach District, FL",5,88.07816199999998,1.0467807390150001,1.037496689474,8717.6931404,205.62445513725365,0.5023907582873695,0.011981206966489981,0.009279355651100562,8857.701585584864,202.12945300859312,856.6639611681301,DORIAN,2019,Hurricane ≥64 kt,265.40276607732625,87.5757712417126,1.0347995320485102,1.0282173338228995,-140.00844518486338,3.4950021286605306,826.4642135647939,24.390514202506285
2019246N24266,"Brownsville, TX",3,0.138531,0.0038923828520000003,0.00026222257200000004,2872.2514132000006,60.58385493087941,0.0,0.0,0.0,1525.5033670621524,31.92055190746585,153.39080374714774,FERNAND,2019,Tropical storm <50 kt,0.11776278801517812,0.138531,0.0038923828520000003,0.00026222257200000004,1346.7480461378482,28.66330302341356,0.36671332187926464,0.01082240021859487
2019261N28264,"Beaumont, TX",3,104.1006,0.456980082,0.456980082,1209.3080813,9.637807695011402,45.332864081672966,0.16319957007978866,0.16319957007978866,1703.217100588438,8.727464147045856,165.1426703621895,IMELDA,2019,Tropical storm <50 kt,8.911948594852447,58.767735918327034,0.2937805119202114,0.2937805119202114,-493.909019288438,0.910343547965546,27.751807924370517,0.81900807586694
2019261N28264,"Calhoun Port Authority, TX",3,76.323172,0.48294883007000006,0.47079607516000005,1737.2198188000002,27.243454226749197,18.70534263735857,0.12557748480800196,0.12557748480800196,1926.790146778508,29.941932223247935,238.78147553708357,IMELDA,2019,Tropical storm <50 kt,45.733385313567545,57.61782936264143,0.3573713452619981,0.3452185903519981,-189.57032797850775,-2.698477996498738,142.41376186644933,4.202898110316858
2019261N28264,"Corpus Christi, TX",3,4425.8032,20.137211020093,19.772375880300004,14357.2709406,131.72564209326993,6064.11100825719,26.188753433314773,25.646843059152253,16709.32907025754,132.4220126884079,1735.463772590919,IMELDA,2019,Tropical storm <50 kt,-904.8740785053169,-1638.3078082571901,-6.051542413221771,-5.87446717885225,-2352.05812965754,-0.6963705951379779,-2817.777880465557,-83.15792781463864
2019261N28264,"Galveston, TX",3,27400.991357900002,152.79391467642697,146.61596367211598,39585.017943499995,407.3523137598821,25482.393512770188,130.4920522053611,125.04831042206791,41134.04366092762,398.5104153093666,4001.0502615132677,IMELDA,2019,Tropical storm <50 kt,1506.8226691506065,1918.5978451298142,22.301862471065874,21.567653250048068,-1549.0257174276267,8.841898450515544,4692.245791734988,138.47700329494074
2019261N28264,"Houston Port Authority, TX",3,0.0,0.0,0.0,19609.3990404,153.100756355952,0.0,0.0,0.0,18745.606122185505,139.6180597052891,1844.9197186810059,IMELDA,2019,Tropical storm <50 kt,0.0,0.0,0.0,0.0,863.7929182144944,13.482696650662888,0.0,0.0
2019261N28264,"Lake Charles Harbor District, LA",3,1538.2656091000001,7.6681317492646,7.482918318626,20131.886218100004,425.67750248637856,2077.233451709266,9.048339746649646,8.905491887636378,21800.409704568316,432.2909937582755,2062.299834101566,IMELDA,2019,Tropical storm <50 kt,-371.4544977304584,-538.9678426092657,-1.3802079973850452,-1.4225735690103782,-1668.5234864683116,-6.613491271896919,-1156.7093059326473,-34.13666834142913
2019261N28264,"Orange County Nav District, TX",3,81.78173240000001,0.37606083607,0.32785637651599997,4187.0655644,24.636472692186995,8.623201646064773,0.08889090467990815,0.07259066839780574,4721.619868334957,30.754861695924625,457.84693372524276,IMELDA,2019,Tropical storm <50 kt,14.523751298381615,73.15853075393524,0.28716993139009184,0.2552657081181942,-534.5543039349568,-6.118389003737629,45.22696154316035,1.3347327443212704
2019261N28264,"Port Arthur, TX",3,0.0,0.0,0.0,770.229149,10.506833163824,0.0,0.0,0.0,859.065428855987,10.684702533142351,95.92028113913914,IMELDA,2019,Tropical storm <50 kt,0.0,0.0,0.0,0.0,-88.83627985598696,-0.1778693693183513,0.0,0.0
2019261N28264,"Port Freeport, TX",3,564.0284405,5.1091849756776995,4.74244122792,15198.3040926,290.5756720563849,2617.3704554414157,17.676413004661335,17.440017542971926,14200.731966332503,265.75892596321705,1478.849190069599,IMELDA,2019,Tropical storm <50 kt,-1007.306458090218,-2053.342014941416,-12.567228028983635,-12.697576315051926,997.5721262674961,24.816746093167865,-3136.7523104929387,-92.57146349849104
2019261N28264,"Sabine Pass Port Authority, TX",3,6967.8283630000005,34.65503635521101,34.40548402902001,10492.3231103,84.90424566170617,4911.4968563197335,24.93147910541174,24.66895971429158,9279.421235516778,79.69489008076853,899.76308361004,IMELDA,2019,Tropical storm <50 kt,894.3086492715183,2056.331506680267,9.72355724979927,9.736524314728427,1212.9018747832215,5.20935558093764,2784.8771338315078,82.18696486805254
2019261N28264,"Texas City, TX",3,0.0,0.0,0.0,4969.84453677,79.10796909026799,0.0,0.0,0.0,4685.5401915641105,75.72894809177141,451.97121974102885,IMELDA,2019,Tropical storm <50 kt,0.0,0.0,0.0,0.0,284.30434520588915,3.3790209984965713,0.0,0.0
2019291N22264,"Virginia, VA, Port of",2,481.79874050000006,5.120692699291201,3.4582087884440007,22107.542669500002,457.9494711885872,278.60187260913585,3.3749348701367152,1.7127953131005549,19730.609628089238,440.4895161409958,1977.4054602312317,NESTOR,2019,Tropical storm <50 kt,1346.5651280156942,203.1968678908642,1.7457578291544857,1.7454134753434458,2376.9330414107644,17.459955047591393,4193.203808640872,123.7493352646423
2019299N25265,"Greater Lafourche Port, LA",2,166.142,0.8350067348108,0.7850863129428,15393.0712595,216.8838501053548,415.61849456380895,12.632331252358247,12.632331252358247,14280.041025621511,207.58813089748944,1443.124647744109,OLGA,2019,Tropical storm <50 kt,-286.3616095565323,-249.47649456380896,-11.797324517547446,-11.847244939415447,1113.0302338784895,9.295719207865375,-891.7300521590415,-26.316631918245317
2019299N25265,"New Orleans, LA",1,1800.513227,12.119825362073998,9.030965450359998,6487.456608,58.760565855428,2209.9908081606613,13.395873782029485,10.939796478481773,7183.646038481826,57.267505529889256,722.5646434278375,OLGA,2019,Tropical storm <50 kt,415.40369966179617,-409.47758116066143,-1.2760484199554867,-1.9088310281217744,-696.1894304818252,1.4930603255387425,1293.5671207468333,38.17559999891907
2019299N25265,"Plaquemines Port District, LA",2,6596.1605549999995,46.068848857556006,33.181892146976004,39434.612657000005,792.907951882351,6377.462887400652,46.2336835277531,33.695597134266706,36485.70281574571,752.2721466152259,3521.360139766143,OLGA,2019,Tropical storm <50 kt,1116.5797817792497,218.69766759934737,-0.16483467019709508,-0.5137049872907014,2948.9098412542953,40.63580526712508,3477.0294404605834,102.61368194551306
2019299N25265,"Port of Greater Baton Rouge, LA",2,280.98407599999996,2.1810825205,1.7411469093199998,3422.3275783,29.391115823033196,432.5985085818466,3.165824596998174,2.6730693704596344,4151.0728197590915,33.10583844760747,416.0416256839657,OLGA,2019,Tropical storm <50 kt,-20.779581233931964,-151.61443258184664,-0.9847420764981742,-0.9319224611396346,-728.7452414590916,-3.7147226245742715,-64.70761596246413,-1.9096435153983475
2019299N25265,"Port of Iberia District, LA",2,0.0,0.0,0.0,4001.4741219000002,88.15309090194602,0.0,0.0,0.0,4440.429119312599,91.54910327762478,413.92410807245386,OLGA,2019,Tropical storm <50 kt,0.0,0.0,0.0,0.0,-438.9549974125989,-3.3960123756787652,0.0,0.0
2019299N25265,"Port of Pascagoula, MS",1,1849.5476697,10.622667586742002,10.190832565392,6276.779991899999,87.653275074264,642.2506966752321,4.499619118648615,4.111030163885953,4721.792820860221,75.88163324418507,457.64350751306114,OLGA,2019,Tropical storm <50 kt,939.1326007577992,1207.2969730247678,6.123048468093387,6.079802401506047,1554.9871710397783,11.771641830078934,2924.4589187597867,86.30628600964175
2019299N25265,"South Louisiana, LA, Port of",2,2026.9748550000002,14.559550855438,11.68904025614,5041.06329,37.941034643002,1876.9977819516662,12.483684989801962,9.896512354284763,4099.6253088064805,31.17103653418699,419.83573709181366,OLGA,2019,Tropical storm <50 kt,-372.2109189947798,149.97707304833398,2.075865865636038,1.7925279018552374,941.4379811935196,6.76999810881501,-1159.0648017497442,-34.20618345562027
2019299N25265,"Terrebonne Parish Port, LA",2,335.64545799999996,1.5168488795486998,1.449743680316,18384.246277000002,361.19416959165864,154.69066165340155,0.7317960714784997,0.7317960714784997,16364.169093320277,303.6911729149979,1496.7841337636037,OLGA,2019,Tropical storm <50 kt,52.25641067331514,180.9547963465984,0.7850528080702002,0.7179476088375003,2020.0771836797248,57.50299667666076,162.72646283670332,4.802364140877661
2020138N28281,"Morehead City, NC",3,9.477103099999999,0.09415179203839999,0.07269810739539999,9242.7751358,247.87538381574902,0.0937017093235749,0.0007850122022526808,0.0007578756959295082,8889.47352193669,245.24160904531675,916.5551825402613,ARTHUR,2020,Tropical storm <50 kt,67.74358490028476,9.383401390676424,0.09336677983614732,0.07194023169947047,353.3016138633102,2.633774770432268,210.95352337948674,6.22563545233617
2020138N28281,"Wilmington, NC",3,12.94994,0.094925849358,0.0947357248,5768.666199000001,147.63819238437603,2.7481098707867373,0.020676118555139,0.020567971423985268,5583.759555365268,140.41787753321734,564.4867697779376,ARTHUR,2020,Tropical storm <50 kt,19.842838086834252,10.201830129213263,0.074249730802861,0.07416775337601474,184.90664363473297,7.22031485115869,61.79059780240186,1.8235568201800678
2020148N32281,"Port of Charleston, SC",2,164.07493829999999,2.3074480235888997,0.978271868244,10742.3739413,221.48134924143497,113.59931041817092,2.7333736196180523,0.35093639376597335,11679.518197317277,249.49695234088568,1200.5360206186872,BERTHA,2020,Tropical storm <50 kt,333.50091608019557,50.47562788182907,-0.4259255960291526,0.6273354744780266,-937.1442560172763,-28.015603099450715,1038.521852673729,30.64873418776997
2020148N32281,"Port of Savannah, GA",2,356.0700531,6.125969662408,2.471897713714,4982.0698944,99.55435173814199,273.22046964440807,4.489571298581753,1.5727857346030536,4632.3017145610675,87.10458594939193,469.41628214314727,BERTHA,2020,Tropical storm <50 kt,425.7577906623835,82.84958345559193,1.6363983638262471,0.8991119791109465,349.76817983893216,12.449765788750057,1325.8097601226623,39.127140961873046
2020154N19269,"Greater Lafourche Port, LA",3,5108.596706800001,23.989750036460197,23.880629087531197,19448.4383627,207.78713413891822,460.12816667579244,1.909417517028797,1.909417517028797,19478.415134702947,195.34120485480153,1824.5184630553083,CRISTOBAL,2020,Tropical storm <50 kt,119.67514553168652,4648.468540124209,22.0803325194314,21.9712115705024,-29.976772002948564,12.445929284116687,372.6684031856718,10.998145874361992
2020154N19269,"Mobile, AL",2,16.228942999999997,0.430763888967,0.05942773766,2644.54232202,32.135424771912405,1.286501126336079,0.03393121596822999,0.005479219807212188,2331.6489663187126,28.312553166165056,213.36530569932341,CRISTOBAL,2020,Tropical storm <50 kt,5.958247945687671,14.942441873663919,0.39683267299877,0.053948517852787814,312.8933557012874,3.8228716057473484,18.553984102871407,0.547562986208697
2020154N19269,"New Orleans, LA",2,1171.0665178,8.142217997716001,5.419343555556,4661.113952799999,45.289679657686,636.5185828145765,5.755097951879432,3.5879427800239756,3811.7577419200074,36.37364314825035,370.5561381395477,CRISTOBAL,2020,Tropical storm <50 kt,227.01465367852916,534.5479349854235,2.3871200458365687,1.8314007755320243,849.356210879992,8.91603650943565,706.9236315549398,20.862646673056833
2020154N19269,"Plaquemines Port District, LA",3,8369.8473028,53.599155442988405,39.896162792498,40487.4079415,749.7398649106085,7152.918019613475,49.35413471060038,38.4943865674322,36412.31136058386,665.378596000072,3558.1549500831266,CRISTOBAL,2020,Tropical storm <50 kt,-1690.227380260938,1216.929283186526,4.245020732388028,1.4017762250657952,4075.0965809161426,84.36126891053652,-5263.36806213256,-155.3318962459802
2020154N19269,"Port of Greater Baton Rouge, LA",3,368.04049,2.4782776068240002,1.996790588802,4405.139769599999,33.517929599305795,342.2668324154097,2.2691038087231363,1.9344010867892854,3850.9111305302604,27.399092377186832,369.2882221922717,CRISTOBAL,2020,Tropical storm <50 kt,227.46648762409885,25.773657584590296,0.2091737981008639,0.06238950201271476,554.2286390697391,6.118837222118962,708.3306424614437,20.904170212654684
2020154N19269,"Port of Iberia District, LA",3,0.0,0.0,0.0,3262.6728046,72.4282294086622,0.0,0.0,0.0,3323.8956162986547,73.22296449017134,329.39111803884117,CRISTOBAL,2020,Tropical storm <50 kt,0.0,0.0,0.0,0.0,-61.22281169865482,-0.7947350815091312,0.0,0.0
2020154N19269,"Port of Pascagoula, MS",2,2528.3712364,12.281402997987001,11.960489520428,6194.269606700001,71.96036131037499,2379.503476623079,11.778196396362222,11.503252981015969,6450.453398529951,64.1444993975464,598.3390884098047,CRISTOBAL,2020,Tropical storm <50 kt,-345.7525435345784,148.8677597769206,0.5032066016247789,0.45723653941203146,-256.1837918299507,7.815861912828595,-1076.6734205666771,-31.774658750827758
2020154N19269,"South Louisiana, LA, Port of",3,831.7624040000001,7.929613851134,5.338596757014,3639.4720233999997,31.540962465056396,997.3563067787943,7.688748615598466,5.8143476341176505,3676.1697619116553,27.660403004572395,374.3412015446614,CRISTOBAL,2020,Tropical storm <50 kt,1077.4405719787783,-165.59390277879425,0.24086523553553452,-0.4757508771036507,-36.69773851165564,3.880559460484001,3355.1499411419154,99.01678856484973
2020154N19269,"Terrebonne Parish Port, LA",3,2995.0198600000003,13.914517833054003,13.822772090880001,21162.265375,341.49353780393005,279.80972861813694,1.1530681510700345,1.151375928773637,16103.79200022473,288.75193469206863,1488.9786815139983,CRISTOBAL,2020,Tropical storm <50 kt,611.9982107546216,2715.2101313818634,12.761449681983969,12.671396162106364,5058.473374775269,52.74160311186142,1905.7624282898917,56.24263556834973
2020188N28271,"Albany Port District, NY",2,0.0295572,0.0008471527880000001,3.364296000000001e-05,2475.8896626000005,56.8237979218388,0.0,0.0,0.0,2668.8985509240365,63.063905979111425,262.4376042201387,FAY,2020,Tropical storm <50 kt,0.012523776293390236,0.0295572,0.0008471527880000001,3.364296000000001e-05,-193.00888832403598,-6.2401080572726215,0.038999039377617194,0.0011509350413625627
2020188N28271,"Baltimore, MD",3,165.79364590000003,1.7912646701276005,1.4047566494876005,5518.4480917,97.6819453739836,56.20740999969973,0.7826543906705961,0.43405531455989416,4622.392846877012,78.01705082578442,454.66715853533617,FAY,2020,Tropical storm <50 kt,833.6584925297601,109.5862359003003,1.0086102794570044,0.9707013349277063,896.0552448229882,19.66489454819917,2596.012545737673,76.61321546348496
2020188N28271,"Bridgeport, CT",2,0.0,0.0,0.0,698.7652327999999,16.931771231118,0.0,0.0,0.0,696.7885187098966,15.914513206403633,68.47979983095647,FAY,2020,Tropical storm <50 kt,0.0,0.0,0.0,0.0,1.9767140901033144,1.0172580247143657,0.0,0.0
2020188N28271,"Morehead City, NC",3,20.13855,0.16287520981700002,0.162767923,11042.3214537,296.47848426798794,2.256792697212533,0.014575473551706332,0.014575473551706332,10719.431232111177,281.54962195445984,1002.424089553013,FAY,2020,Tropical storm <50 kt,135.5343865512901,17.881757302787467,0.1482997362652937,0.14819244944829368,322.8902215888229,14.9288623135281,422.05407972071737,12.455610124063561
2020188N28271,"New Haven, CT",2,4.276204,0.05409451231399999,0.019826169443999998,1877.3131443,39.526906800538995,4.038304890122245,0.02285473084393406,0.009570059963428731,2038.5746736628225,39.26990244418471,206.2125779278752,FAY,2020,Tropical storm <50 kt,-1.600628572793039,0.23789910987775453,0.03123978147006593,0.010256109480571266,-161.26152936282256,0.25700435635428676,-4.984357375677523,-0.1470977658396803
2020188N28271,"New York, NY & NJ",2,6681.6531276,31.002696309437,30.586966600424,18327.8732187,201.31682913924195,3901.836398728061,17.93102099993824,17.463517372268313,15333.601747717217,190.1829160330485,1526.1818173259132,FAY,2020,Tropical storm <50 kt,236.90750625189682,2779.8167288719387,13.071675309498758,13.123449228155685,2994.2714709827815,11.133913106193432,737.7299744684067,21.77179982454932
2020188N28271,"Philadelphia Regional Port, PA",3,232.0465063,1.4825117429860002,1.2563391361240002,2289.2190782000002,21.139398792307997,43.89369840783202,0.4953500264460056,0.25760129267761955,2248.6962198967,18.83361173624221,240.6134889839783,FAY,2020,Tropical storm <50 kt,94.63155967290817,188.15280789216797,0.9871617165399946,0.9987378434463806,40.52285830330038,2.3057870560657854,294.682676821436,8.69664033394026
2020188N28271,"Port Jefferson, NY",2,0.0,0.0,0.0,3754.7124248000005,97.132297067641,0.0,0.0,0.0,3941.346367685186,91.92311685472056,390.85079818870565,FAY,2020,Tropical storm <50 kt,0.0,0.0,0.0,0.0,-186.63394288518566,5.209180212920444,0.0,0.0
2020188N28271,"Port of Charleston, SC",4,73.96419999999999,1.7100945216630001,0.2567632217,12737.2542447,247.37571093886908,123.9452082747607,2.216344627339894,0.45537184819396953,12112.827272166822,251.5330456571461,1172.9052914622025,FAY,2020,Tropical storm <50 kt,26.630656324727916,-49.98100827476071,-0.506250105676894,-0.19860862649396954,624.4269725331778,-4.1573347182770135,82.92786379520273,2.4473573162424955
2020188N28271,"South Jersey Port Corp, NJ",3,1478.4427351000002,8.314189607741001,7.726980764470001,20773.134544200002,438.301412302614,2906.1339024929675,14.625536232981114,14.063645308195374,20740.291964542885,408.4271641695582,2088.3231386236353,FAY,2020,Tropical storm <50 kt,-69.54541322988723,-1427.6911673929674,-6.3113466252401125,-6.336664543725373,32.84257965711731,29.8742481330558,-216.56441679786883,-6.391223475826637
2020188N28271,"Virginia, VA, Port of",4,731.0084043,6.263741136944001,4.671694797904,21784.8952985,442.91726472080126,524.8138452039694,5.238332260778473,4.21958301673059,19886.418964300305,401.6995244336065,1995.794408377555,FAY,2020,Tropical storm <50 kt,233.65604295690673,206.19455909603062,1.0254088761655273,0.4521117811734099,1898.476334199695,41.21774028719477,727.6049177678075,21.47299034773973
2020188N28271,"Wilmington, NC",4,0.0,0.0,0.0,6148.503960999999,158.22279905996578,0.8439864733134927,0.007146733378390939,0.007146733378390939,5606.043688248107,144.87433351857993,526.2713043748629,FAY,2020,Tropical storm <50 kt,-6.908869724655685,-0.8439864733134927,-0.007146733378390939,-0.007146733378390939,542.4602727518923,13.348465541385849,-21.514220322577803,-0.6349251276958574
2020205N26272,"Brownsville, TX",3,0.4136878,0.011693779745,0.000689211488,2816.3072540000003,64.76064944101898,0.251289889833209,0.0010607219698657506,0.0010607219698657506,2727.321860926024,61.440984358601604,278.9346239483564,HANNA,2020,Hurricane ≥64 kt,-1.2914018264700093,0.162397910166791,0.01063305777513425,-0.00037151048186575056,88.98539307397641,3.31966508241738,-4.021425287627609,-0.11867982785259386
2020205N26272,"Calhoun Port Authority, TX",3,350.12748999999997,2.3025001389999997,2.2885250898,1717.8390178,30.513729314659997,2.2243340187185527,0.01469842190426935,0.012440081729896198,1711.573724217158,26.455408363797776,184.54566232739887,HANNA,2020,Hurricane ≥64 kt,226.89682110373698,347.90315598128143,2.2878017170957303,2.2760850080701034,6.265293582841878,4.058320950862221,706.5567009170369,20.85181785943343
2020205N26272,"Corpus Christi, TX",3,7547.634661,34.011892342691795,33.29819253866,18107.1415833,147.7509560488558,5179.751907363068,23.16501083253675,22.565507867111513,15542.105133073514,116.03185223150045,1612.00558175848,HANNA,2020,Hurricane ≥64 kt,259.6452203203935,2367.8827536369317,10.846881510155043,10.732684671548483,2565.0364502264856,31.71910381735536,808.5352160777053,23.861395747444163
2020211N13306,"Albany Port District, NY",2,0.186607,0.005391404873400001,0.00015487854340000002,2498.5877591000003,56.42335486208799,0.0,0.0,0.0,2846.9594658196957,62.692992112528295,275.47030091042444,ISAIAS,2020,Strong TS 50–63 kt,0.03700040330669254,0.186607,0.005391404873400001,0.00015487854340000002,-348.37170671969534,-6.269637250440304,0.11521925589704057,0.0034003370638850446
2020211N13306,"Baltimore, MD",1,73.59495390000001,1.114455459571,0.5725610386569999,5606.0898037,101.63069611028561,104.81387274895886,1.2912310887784704,0.7881604893372046,4826.608468823443,85.20952119893315,493.09288318089386,ISAIAS,2020,Strong TS 50–63 kt,-542.5099174687286,-31.21891884895885,-0.17677562920747047,-0.2155994506802047,779.4813348765565,16.421174911352466,-1689.375882997621,-49.85666141537616
2020211N13306,"Bridgeport, CT",2,0.0,0.0,0.0,911.1200729,22.320322130762,0.0,0.0,0.0,765.7088729510658,18.1771045885317,75.73259969761048,ISAIAS,2020,Strong TS 50–63 kt,0.0,0.0,0.0,0.0,145.41119994893415,4.1432175422303,0.0,0.0
2020211N13306,"Canaveral Port District, FL",4,5.3976225,0.056350823152000004,0.040017289112000004,7210.334591299999,183.89165084654476,0.29643666152153836,0.0006675080655971034,0.0006675080655971034,7155.862693373353,171.21866802400925,694.2219372379207,ISAIAS,2020,Strong TS 50–63 kt,41.4573433248423,5.101185838478461,0.0556833150864029,0.0393497810464029,54.47189792664631,12.672982822535516,129.0981671135589,3.8099298515530076
2020211N13306,"New Haven, CT",2,23.420544,0.2448354265155,0.177969164342,2336.1627655,45.1526787888167,3.1475369617299593,0.02397568180476757,0.010025633171075141,1921.4140614422488,41.74807232484816,196.77908195619932,ISAIAS,2020,Strong TS 50–63 kt,82.81757934314994,20.27300703827004,0.22085974471073244,0.16794353117092486,414.7487040577514,3.404606463968541,257.89394207456894,7.61093554163548
2020211N13306,"New York, NY & NJ",2,3168.7867704000005,16.067018325499998,15.490272667585998,16482.7275573,215.05941004834497,4563.745931211279,22.976209247215483,22.526374218852485,15651.532900407768,192.4264745944576,1587.3161038994567,ISAIAS,2020,Strong TS 50–63 kt,138.07565211399208,-1394.9591608112783,-6.909190921715485,-7.036101551266487,831.1946568922322,22.63293545388737,429.9675806829713,12.689152429275874
2020211N13306,"Philadelphia Regional Port, PA",2,431.2481864,3.3036161376668995,3.0614692788039997,2382.8107514000003,24.998064501742903,156.13122681311881,1.1043050391466016,0.9051633021378463,2117.4295260874283,19.70912432614529,192.64673178981175,ISAIAS,2020,Strong TS 50–63 kt,325.0466290261309,275.1169595868812,2.199311098520298,2.1563059766661534,265.38122531257204,5.288940175597613,1012.1952027873716,29.871785207501436
2020211N13306,"Port Everglades, FL",3,0.0,0.0,0.0,8647.4025083,139.44765882688102,0.0,0.0,0.0,9948.66030465341,133.26317512703514,1046.376756158158,ISAIAS,2020,Strong TS 50–63 kt,0.0,0.0,0.0,0.0,-1301.2577963534095,6.1844836998458845,0.0,0.0
2020211N13306,"Port Jefferson, NY",2,0.0,0.0,0.0,4273.209089800001,110.81616321479898,0.0,0.0,0.0,3662.0241892220433,96.62649495586813,370.84000653088196,ISAIAS,2020,Strong TS 50–63 kt,0.0,0.0,0.0,0.0,611.1849005779573,14.189668258930851,0.0,0.0
2020211N13306,"Port of Palm Beach District, FL",3,8.838512060000001,0.103333244868,0.10039970312999999,10001.58348506,245.6620575418784,4.233939085187694,0.05990333573201554,0.05500960346373613,9163.110859773786,209.77389935522118,894.926865108624,ISAIAS,2020,Strong TS 50–63 kt,-54.35372129655135,4.604572974812307,0.043429909135984456,0.04539009966626386,838.4726252862147,35.88815818665722,-169.2574881174609,-4.995106987153069
2020211N13306,"South Jersey Port Corp, NJ",1,3275.5886901,17.241893247372005,16.060573729304,24819.725535,515.8335771914191,2343.659012164935,11.878270769244784,11.297825560769896,20935.48995116569,425.80157843973404,2102.23538660184,ISAIAS,2020,Strong TS 50–63 kt,254.1027819544178,931.9296779350648,5.363622478127221,4.762748168534104,3884.23558383431,90.03199875168502,791.276063006057,23.352045661610994
2020211N13306,"Virginia, VA, Port of",1,268.0703985,3.219825218554,1.789666070742,21701.6991539,468.90496537764426,814.7567398270191,5.174096101244977,4.018113408953035,21683.902396253154,426.86759087632555,2134.1566905503328,ISAIAS,2020,Strong TS 50–63 kt,-858.114259784398,-546.6863413270191,-1.9542708826909774,-2.2284473382110344,17.796757646847254,42.03737450131871,-2672.167804968615,-78.86070047418617
2020233N14313,"Beaumont, TX",2,0.0,0.0,0.0,608.1425993,4.2433532912482015,0.0,0.0,0.0,1333.9153580984255,8.485429475717803,126.28060905769556,LAURA,2020,Hurricane ≥64 kt,0.0,0.0,0.0,0.0,-725.7727587984255,-4.242076184469601,0.0,0.0
2020233N14313,"Galveston, TX",2,19861.7916038,116.25237575233002,111.08523783359402,28978.0464219,333.02687556143206,18598.89614493776,98.6343516207378,94.13681294553263,29519.531002282092,310.4629795997776,2978.7923586601514,LAURA,2020,Hurricane ≥64 kt,4277.671010685278,1262.89545886224,17.61802413159222,16.948424888061396,-541.4845803820936,22.563895961654453,13320.667527273956,393.11796588197706
2020233N14313,"Lake Charles Harbor District, LA",2,6016.86074807,24.4060934465024,24.332294681821196,18492.79422317,324.40939924531654,2102.825291539006,8.221710989893484,8.121992650506247,15426.318139574094,323.55262307129783,1595.6526637851168,LAURA,2020,Hurricane ≥64 kt,1388.8740784792647,3914.0354565309945,16.184382456608915,16.21030203131495,3066.476083595906,0.8567761740187052,4324.95388038443,127.63752781224443
2020233N14313,"Orange County Nav District, TX",3,51.976224599999995,0.3309475449132,0.3059325422802,3547.4266312,29.425894587249196,61.31136720656097,0.27318897674201825,0.2270059865990432,5248.270453218755,38.993907762697,571.5801255657188,LAURA,2020,Hurricane ≥64 kt,6.526138347633924,-9.335142606560979,0.057758568171181746,0.07892655568115681,-1700.8438220187554,-9.568013175447803,20.32239481453204,0.5997521141475577
2020233N14313,"Port Arthur, TX",2,0.0,0.0,0.0,453.28571500000004,6.704746764047999,0.0,0.0,0.0,537.5898587900808,7.33042764001367,53.8983974113786,LAURA,2020,Hurricane ≥64 kt,0.0,0.0,0.0,0.0,-84.30414379008079,-0.6256808759656707,0.0,0.0
2020233N14313,"Port of Iberia District, LA",2,0.0,0.0,0.0,3914.1344630000003,83.069759367751,0.0,0.0,0.0,3651.857008664028,75.83230465225908,387.8728503233254,LAURA,2020,Hurricane ≥64 kt,0.0,0.0,0.0,0.0,262.2774543359724,7.237454715491921,0.0,0.0
2020233N14313,"Sabine Pass Port Authority, TX",2,6695.166886,40.4887240237819,40.249019939520004,8634.3170804,68.4895647764913,3507.9291933363647,18.3514869133838,18.171080246972274,7082.00455447121,59.16011898538938,706.7194506493051,LAURA,2020,Hurricane ≥64 kt,1546.2210026446883,3187.2376926636352,22.1372371103981,22.07793969254773,1552.31252592879,9.329445791101925,4814.932202235559,142.09771014304687
2020233N14313,"Texas City, TX",2,0.0,0.0,0.0,4153.51640104,73.03748287019539,0.0,0.0,0.0,3897.936322377181,65.65826710134768,387.0408085310676,LAURA,2020,Hurricane ≥64 kt,0.0,0.0,0.0,0.0,255.58007866281923,7.379215768847715,0.0,0.0
2020234N14280,"Greater Lafourche Port, LA",3,181.5074105,0.752635543238,0.680856781728,11455.744239499998,154.06307822871196,1.7508485587928306,0.0047390351933774425,0.004727710878809757,13133.894007692774,168.56903521591954,1331.7681163041786,MARCO,2020,Tropical storm <50 kt,101.61268577598,179.75656194120717,0.7478965080446225,0.6761290708491903,-1678.1497681927758,-14.505956987207583,316.4219035064017,9.338205822812563
2020234N14280,"Lake Charles Harbor District, LA",2,5192.736335069999,21.175894928491395,21.098990301301196,15677.312402769998,272.5628375951714,2007.6347769248284,7.767917814000268,7.678017115852536,15486.558925374255,328.19166110166447,1622.577503206535,MARCO,2020,Tropical storm <50 kt,1149.7412779260721,3185.10155814517,13.407977114491128,13.42097318544866,190.75347739574318,-55.62882350649306,3580.2943394617887,105.66122344140604
2020234N14280,"New Orleans, LA",2,1415.8026396,8.552504593496,5.801266778635999,4493.7091756,40.9577401734836,1619.2335046112757,10.935486822821375,7.860629638692775,5349.3408050781045,44.154729582157145,589.8826535144151,MARCO,2020,Tropical storm <50 kt,-551.4079638425216,-203.43086501127573,-2.382982229325375,-2.059362860056776,-855.6316294781045,-3.196989408673545,-1717.084399405612,-50.67439187712773
2020234N14280,"Orange County Nav District, TX",1,1.1705953,0.014567008536,0.005174115392,2645.4545466,24.676977805902602,51.02995832963677,0.2607359821926291,0.2173860809008535,5330.442343790312,38.3371982718246,571.2891721181473,MARCO,2020,Tropical storm <50 kt,-29.33779338341891,-49.85936302963677,-0.2461689736566291,-0.21221196550885352,-2684.9877971903124,-13.660220465921995,-91.35788859596647,-2.696143211936198
2020234N14280,"Plaquemines Port District, LA",3,4604.6192416,39.540506477464,26.522804675354,33662.1861415,692.7597648570801,5880.497534420731,42.17901994301309,28.596112525149778,35016.98122900126,645.727436182785,3602.929751162332,MARCO,2020,Tropical storm <50 kt,2744.917912589047,-1275.878292820731,-2.6385134655490887,-2.0733078497957784,-1354.7950875012612,47.03232867429506,8547.67437980229,252.25795616693344
2020234N14280,"Port Arthur, TX",2,0.0,0.0,0.0,395.840119,5.209687619666,0.0,0.0,0.0,507.61096973238625,7.1688643317812915,51.50597001691957,MARCO,2020,Tropical storm <50 kt,0.0,0.0,0.0,0.0,-111.77085073238624,-1.9591767121152914,0.0,0.0
2020234N14280,"Port of Greater Baton Rouge, LA",2,1112.700784,7.2744366629420005,6.8138707902,5286.0805414,39.53122447862122,864.3756997454719,5.089981013355365,4.588141394992748,5441.31382376814,38.18191835696391,574.7128018360588,MARCO,2020,Tropical storm <50 kt,171.15684872675268,248.32508425452818,2.184455649586636,2.225729395207252,-155.23328236813995,1.3493061216573068,532.9824269351078,15.729314397988574
2020234N14280,"Port of Iberia District, LA",2,0.0,0.0,0.0,3126.5461380000006,65.82835814234699,0.0,0.0,0.0,3651.3719592584494,75.27537541772439,386.86259944036726,MARCO,2020,Tropical storm <50 kt,0.0,0.0,0.0,0.0,-524.8258212584487,-9.447017275377405,0.0,0.0
2020234N14280,"Port of Pascagoula, MS",2,1806.9948732000003,8.603261773269,8.0861391234418,5853.560026200001,79.22291764831321,617.4848136623424,3.5488710574778257,3.1679724671965066,3921.1738087179842,61.151383466809676,383.81327278045677,MARCO,2020,Tropical storm <50 kt,42.84561182204948,1189.510059537658,5.054390715791175,4.918166656245294,1932.3862174820165,18.071534181503537,133.42123521386208,3.937511726446347
2020234N14280,"Sabine Pass Port Authority, TX",1,5619.746266000001,34.094468632145905,33.84204397412,7016.6785454,54.18924220801889,3565.0398432487364,18.955757444549622,18.781681394940698,7086.663288086251,59.246998096298846,709.6916258185258,MARCO,2020,Tropical storm <50 kt,1019.3538897664743,2054.7064227512647,15.138711187596282,15.060362579179305,-69.98474268625068,-5.0577558882799565,3174.268012732801,93.67862246953898
2020234N14280,"South Louisiana, LA, Port of",2,1717.604769,11.4668650572505,8.864402050178,3800.7566300000008,29.9400627995325,1771.2045876553761,11.868595634133188,8.900157448910315,4619.041345269854,34.45639141432917,482.6912644991908,MARCO,2020,Tropical storm <50 kt,-395.0917674718623,-53.59981865537611,-0.401730576882688,-0.0357553987323147,-818.2847152698532,-4.516328614796667,-1230.315763907379,-36.30893343066415
2020234N14280,"Terrebonne Parish Port, LA",2,45.9614866,0.280648365146,0.25355778355200004,14745.821727400002,298.545889262584,85.86620512961176,0.3370270340625079,0.3370270340625079,12360.558489205478,232.36434317271346,1336.1532629009107,MARCO,2020,Tropical storm <50 kt,28.265653076766917,-39.904718529611756,-0.05637866891650789,-0.08346925051050785,2385.263238194524,66.18154608987055,88.01924368105217,2.59761351775488
2020256N25281,"Manatee County Port, FL",4,0.0,0.0,0.0,1300.8280220000001,33.6355985171922,0.0,0.0,0.0,1034.884719713287,22.679224596883568,105.68237342552298,SALLY,2020,Tropical storm <50 kt,0.0,0.0,0.0,0.0,265.9433022867131,10.956373920308632,0.0,0.0
2020256N25281,"Mobile, AL",5,0.0355102,0.000384205012,0.000384205012,2513.6781326,31.595920127972107,0.0,0.0,0.0,2747.0599768194943,29.6338604324256,271.29227653820584,SALLY,2020,Hurricane ≥64 kt,0.17202513091647315,0.0355102,0.000384205012,0.000384205012,-233.38184421949427,1.9620596955465075,0.5356862576738973,0.015809109531223883
2020256N25281,"New Orleans, LA",5,1528.539386,9.530889354206,6.973371822696,5065.227607999999,45.9038930115046,1000.681776707199,7.2889347510325955,4.672726115504865,4469.771313974708,39.23830591886786,459.95797993355865,SALLY,2020,Hurricane ≥64 kt,472.34463667822143,527.8576092928009,2.2419546031734043,2.3006457071911353,595.4562940252908,6.665587092636741,1470.8811986159815,43.40847211072855
2020256N25281,"Plaquemines Port District, LA",5,6053.047228000001,48.058226539192,36.677970823033995,27379.576757699997,532.7253611650459,3335.3269301872824,32.57660107502042,22.63162793603904,29602.25343765382,596.3605659000492,2915.1389179534876,SALLY,2020,Hurricane ≥64 kt,1296.5270275568223,2717.720297812719,15.481625464171579,14.046342886994953,-2222.6766799538236,-63.6352047350033,4037.3851638119445,119.15083383247197
2020256N25281,"Port Everglades, FL",3,0.0,0.0,0.0,9149.3025466,134.44010554554902,0.0,0.0,0.0,7541.429898251924,120.74143656011404,731.5511067399415,SALLY,2020,Tropical storm <50 kt,0.0,0.0,0.0,0.0,1607.872648348076,13.698668985434978,0.0,0.0
2020256N25281,"Port of Palm Beach District, FL",3,18.490504,0.229178947704,0.22852722414999999,8462.612268500001,192.80908064832778,6.240930485650796,0.07620763055574128,0.06809750719180378,8068.831615001957,175.78622707513378,857.5935575128975,SALLY,2020,Tropical storm <50 kt,22.48637199958819,12.249573514349205,0.1529713171482587,0.1604297169581962,393.78065349804365,17.022853573194,70.02256240671763,2.066497586762155
2020256N25281,"Port of Pascagoula, MS",5,2418.39778,13.773611530391001,12.878513315240001,6115.590908,76.16432116083301,486.14595087396356,3.0572952870169674,2.7316887530543386,4214.848002282657,61.24383403340411,427.6062348888378,SALLY,2020,Hurricane ≥64 kt,1661.91594834967,1932.2518291260362,10.716316243374035,10.146824562185662,1900.742905717343,14.920487127428899,5175.206263160872,152.7300756533347
2020256N25281,"PortMiami, FL",3,258.3934785,2.5292082469705996,2.3935376609845997,40769.70204260001,992.6756067658123,169.1755120628814,1.547971693557228,1.490901894432339,40127.68669213802,967.7001956902421,4177.621053486736,SALLY,2020,Tropical storm <50 kt,265.88357275510464,89.2179664371186,0.9812365534133716,0.9026357665522609,642.0153504619884,24.97541107557015,827.9614455593958,24.434700336194116
2020261N21265,"Beaumont, TX",6,0.0,0.0,0.0,1489.0430675999999,10.868588677,0.0,0.0,0.0,951.6517079339048,5.701915198586456,93.14543337294779,BETA,2020,Tropical storm <50 kt,0.0,0.0,0.0,0.0,537.391359666095,5.166673478413544,0.0,0.0
2020261N21265,"Calhoun Port Authority, TX",6,190.3505,1.1058670690101,1.0847274426,1786.4060473,36.532467760951896,56.93330984970095,0.26161952057059673,0.2612760569093603,2387.0653358354616,38.985441937266295,241.06315027716855,BETA,2020,Tropical storm <50 kt,53.24397017330137,133.41719015029906,0.8442475484395033,0.8234513856906397,-600.6592885354617,-2.452974176314399,165.80172311966047,4.893120858926396
2020261N21265,"Corpus Christi, TX",4,7351.329671,34.4947500909012,33.814148431566,19448.0262507,163.85913431041746,6136.527532657898,25.545644368193695,25.101006709959822,18919.584599626876,152.85025674353375,1896.3607123140528,BETA,2020,Tropical storm <50 kt,580.3253982103322,1214.8021383421028,8.949105722707504,8.713141721606174,528.4416510731244,11.008877566883712,1807.1332900269745,53.33190409552954
2020261N21265,"Galveston, TX",6,22140.880987,131.444158489955,126.121494208164,33722.484998,377.76398554776705,16216.049297604903,87.8479578783326,83.28347562791467,26989.39053219091,309.86639497327116,2740.984433108252,BETA,2020,Tropical storm <50 kt,3244.441737041722,5924.831689395098,43.59620061162239,42.838018580249326,6733.094465809088,67.8975905744959,10103.19156914792,298.1641956341342
2020261N21265,"Houston Port Authority, TX",6,0.0,0.0,0.0,17653.088967,138.39190159893397,0.0,0.0,0.0,14900.857123837886,116.24505918011698,1460.853694673623,BETA,2020,Tropical storm <50 kt,0.0,0.0,0.0,0.0,2752.2318431621134,22.146842418816988,0.0,0.0
2020261N21265,"Lake Charles Harbor District, LA",6,1361.8294721000002,9.318147113628601,9.178163063292601,16776.4267658,368.9320291494176,2548.1531543057795,10.29012369851665,10.188973224054767,14872.687647971867,293.90357938010993,1473.6797401787162,BETA,2020,Tropical storm <50 kt,-497.90821230908455,-1186.3236822057793,-0.9719765848880488,-1.0108101607621656,1903.7391178281323,75.02844976930766,-1550.4861731304893,-45.75776471120487
2020261N21265,"Orange County Nav District, TX",6,86.786425,0.8271334136680001,0.800140652272,4670.040854999999,37.80862188160399,43.5659743888343,0.2454837714833404,0.2168847276707861,4010.6989489737753,31.366460247777805,407.31756887484494,BETA,2020,Tropical storm <50 kt,8.629975843651678,43.220450611165695,0.5816496421846596,0.5832559246012139,659.341906026224,6.442161633826185,26.873744777131325,0.7930947800315893
2020261N21265,"Port Arthur, TX",6,0.0,0.0,0.0,612.5335140999999,8.363772023472,0.0,0.0,0.0,537.7463374734299,6.824147688340325,60.59760442011195,BETA,2020,Tropical storm <50 kt,0.0,0.0,0.0,0.0,74.78717662657004,1.5396243351316752,0.0,0.0
2020261N21265,"Port Freeport, TX",6,1265.9354745000003,7.703422807973,7.345213297931999,14407.763293699998,264.08998887389725,1000.6858659473438,5.648329660580523,5.4081834170115926,13142.627184665447,250.960888549023,1377.6447679875591,BETA,2020,Tropical storm <50 kt,94.47887042194283,265.24960855265647,2.055093147392477,1.9370298809204067,1265.1361090345508,13.129100324874258,294.20720249392997,8.682608191776547
2020261N21265,"Port of Greater Baton Rouge, LA",7,1693.167582,7.7861733490572,7.3692630007441995,5491.836106,37.674619418110396,720.8835206083832,5.20302747613929,4.812718867065845,4458.42219231927,34.755970197975586,465.3930347926778,BETA,2020,Tropical storm <50 kt,-280.3615996926491,972.2840613916169,2.5831458729179095,2.5565441336783543,1033.4139136807298,2.91864922013481,-873.0460214429094,-25.765231011754455
2020261N21265,"Port of Iberia District, LA",6,0.0,0.0,0.0,4039.4109837,84.953858135012,0.0,0.0,0.0,3530.0759041625834,74.52046643590883,379.00340692063935,BETA,2020,Tropical storm <50 kt,0.0,0.0,0.0,0.0,509.33507953741673,10.433391699103169,0.0,0.0
2020261N21265,"Sabine Pass Port Authority, TX",6,5487.3078028,36.161983066518005,35.984900678980004,8834.6328409,83.308676786398,3688.1701556924972,19.421998196960335,19.282202225914784,6754.791286628852,53.486299268631846,661.4152363592724,BETA,2020,Tropical storm <50 kt,-217.92892836689424,1799.1376471075027,16.73998486955767,16.70269845306522,2079.841554271148,29.82237751776615,-678.6306829345086,-20.027668516917583
2020261N21265,"South Louisiana, LA, Port of",7,2542.333504,15.915663369382,12.95154729356,4904.610417,36.711567391661994,1123.4887711187298,9.143664258766925,6.340045852275863,3213.839804239717,26.449423279877326,318.42504694667866,BETA,2020,Tropical storm <50 kt,921.3440500823001,1418.8447328812704,6.771999110615075,6.611501441284136,1690.7706127602828,10.262144111784668,2869.0653719562824,84.67151820256339
2020261N21265,"Texas City, TX",6,0.0,0.0,0.0,5231.073721000001,82.21409483035,0.0,0.0,0.0,3608.9502633541506,64.14547032001742,359.08325814764964,BETA,2020,Tropical storm <50 kt,0.0,0.0,0.0,0.0,1622.12345764585,18.068624510332583,0.0,0.0
2020279N16284,"Beaumont, TX",2,0.0,0.0,0.0,2479.0870276,14.682215773307,0.0,0.0,0.0,888.0081675606267,5.291512284584091,88.24710953502864,DELTA,2020,Hurricane ≥64 kt,0.0,0.0,0.0,0.0,1591.0788600393735,9.39070348872291,0.0,0.0
2020279N16284,"Galveston, TX",2,19400.0908611,112.56792364386499,107.576083860382,29698.7671301,338.594761818773,17338.85293380056,95.88259860505175,91.07104190472734,26570.720183894733,291.1642849716326,2606.2780343985532,DELTA,2020,Hurricane ≥64 kt,802.7692867325384,2061.2379272994403,16.685325038813232,16.50504195565466,3128.046946205268,47.430476847140426,2499.8235588851244,73.77449745072029
2020279N16284,"Lake Charles Harbor District, LA",2,3876.9451871999995,18.957033742120004,18.797977752790004,20065.1784073,398.02770766090197,2331.215261283968,8.197991486096974,8.135264549437068,13354.20661110088,275.23698190358783,1415.2162283621108,DELTA,2020,Hurricane ≥64 kt,740.2996010573337,1545.7299259160313,10.75904225602303,10.662713203352936,6710.971796199121,122.79072575731414,2305.292957692537,68.03353333716896
2020279N16284,"Orange County Nav District, TX",2,861.034208,6.70535354423,6.691487648336,6183.202452699999,48.03715910541819,42.394807643359464,0.24184867712369582,0.16857543016848858,3939.0982639324534,30.617145534272538,387.7179118108831,DELTA,2020,Hurricane ≥64 kt,305.8795881448517,818.6394003566405,6.4635048671063045,6.522912218167511,2244.104188767546,17.420013571145653,952.5090374830681,28.110334150511875
2020279N16284,"Port Arthur, TX",2,0.0,0.0,0.0,808.5865759999999,9.417290465998,0.0,0.0,0.0,783.6852726871988,7.22793559215091,72.3714902436542,DELTA,2020,Hurricane ≥64 kt,0.0,0.0,0.0,0.0,24.901303312801133,2.1893548738470905,0.0,0.0
2020279N16284,"Port Freeport, TX",2,1969.5705623000001,10.634546458211402,10.346587367649402,14643.8624855,269.2801915598645,813.6041976583815,3.7397920405143728,3.4611124581979085,12520.385783372105,232.3000772501672,1228.5307365937385,DELTA,2020,Hurricane ≥64 kt,442.96628437848193,1155.9663646416186,6.894754417697029,6.885474909451494,2123.476702127895,36.980114309697285,1379.3970095545926,40.70860153438249
2020279N16284,"Port of Greater Baton Rouge, LA",3,1856.675115,8.593717541443,8.204619783398,4916.8677640000005,32.8365684489974,1372.4760469501766,8.855256376712882,8.511772090210549,4471.903765234403,33.93848997652568,489.2589502273116,DELTA,2020,Strong TS 50–63 kt,490.91436282701744,484.1990680498234,-0.26153883526988153,-0.307152306812549,444.96399876559735,-1.1019215275282832,1528.7073258433322,45.1150299438029
2020279N16284,"Port of Iberia District, LA",2,0.0,0.0,0.0,4772.733784,98.29015448431,0.0,0.0,0.0,3726.3335902097624,72.01905595952292,369.1009047499229,DELTA,2020,Hurricane ≥64 kt,0.0,0.0,0.0,0.0,1046.4001937902376,26.271098524787078,0.0,0.0
2020279N16284,"Sabine Pass Port Authority, TX",2,5853.7106871000005,39.20765941396001,38.588635705094006,10487.477094999998,97.91305807983596,4170.566287638147,23.190695516469802,23.032700268407915,6605.48990893892,55.76014641987581,700.5220975077864,DELTA,2020,Hurricane ≥64 kt,55.855127370950626,1683.144399461854,16.016963897490207,15.555935436686092,3881.9871860610783,42.152911659960154,173.93286663314024,5.133086205390363
2020279N16284,"Texas City, TX",2,0.0,0.0,0.0,4924.8077102,73.53861876221802,0.0,0.0,0.0,3531.238145606637,64.50469671468288,365.658196667449,DELTA,2020,Hurricane ≥64 kt,0.0,0.0,0.0,0.0,1393.5695645933629,9.033922047535142,0.0,0.0
2020299N18277,"Baltimore, MD",2,180.30154110000004,1.7858319881028002,1.5428858033498,5201.4882855000005,92.02789430532317,220.3063798852666,2.016596330488788,1.659116974131404,5218.803207775877,95.44323510629762,495.91369831426846,ZETA,2020,Tropical storm <50 kt,-371.5292326001914,-40.00483878526657,-0.23076434238598797,-0.11623117078160394,-17.314922275876597,-3.415340800974448,-1156.942030316996,-34.14353647595759
2020299N18277,"Greater Lafourche Port, LA",2,5.987748,0.108243852711,0.01715170058,11110.6707,143.392034767285,639.3651790206579,3.9828873703680356,3.9828873703680356,11029.580818746916,139.7717262249758,1139.9139952626667,ZETA,2020,Hurricane ≥64 kt,-259.880824508261,-633.3774310206579,-3.8746435176570357,-3.9657356697880357,81.08988125308497,3.6203085423092034,-809.2688875187248,-23.88304777230919
2020299N18277,"Mobile, AL",2,143.4351,0.849391732757,0.8438141351999999,2762.0278710000002,29.9461450088873,4.676659132852266,0.028984078372626208,0.028984078372626208,2583.9665045404936,29.742550006495367,249.6810697002352,ZETA,2020,Hurricane ≥64 kt,80.14323889603311,138.75844086714773,0.8204076543843738,0.8148300568273737,178.06136645950664,0.20359500239193196,249.5660459222471,7.365163654545443
2020299N18277,"New Orleans, LA",2,3482.3986900000004,19.730379177233,17.088355257124,7157.5429575,53.79000871721738,1314.2326537034573,8.553456925622823,6.346535476589351,5071.084762197169,44.9524374077491,506.59939502419354,ZETA,2020,Hurricane ≥64 kt,481.78944061950506,2168.166036296543,11.176922251610177,10.741819780534648,2086.458195302831,8.83757130946828,1500.2923180891387,44.27644959293252
2020299N18277,"Philadelphia Regional Port, PA",2,54.8199881,0.506033636345,0.31712489237,1265.9871481,13.100679983823003,38.36681285223446,0.40236769357273355,0.16530795050772762,1549.3841066637974,15.005118250559127,175.35099624521212,ZETA,2020,Tropical storm <50 kt,9.425421643319488,16.453175247765543,0.10366594277226643,0.1518169418622724,-283.3969585637974,-1.9044382667361237,29.350762997296886,0.8661962490210611
2020299N18277,"Plaquemines Port District, LA",2,6360.678233,48.322323668709004,36.27647993354,28851.452986,572.7484180483601,5154.031860288034,38.955827662893334,29.458620470093948,28527.05375039288,569.064921079373,2733.863218735446,ZETA,2020,Hurricane ≥64 kt,2003.5574420486114,1206.6463727119653,9.36649600581567,6.817859463446055,324.3992356071212,3.6834969689871286,6239.077874539375,184.1269289242674
2020299N18277,"Port of Greater Baton Rouge, LA",2,1335.4207430000001,5.863802155472,5.56752441476,3670.7617108000004,26.983734380297005,1033.964090857401,4.967926611958827,4.5874181451723,5411.023029293141,34.147688710181264,539.7867225884214,ZETA,2020,Hurricane ≥64 kt,133.67138446336313,301.45665214259907,0.8958755435131733,0.9801062695876999,-1740.2613184931406,-7.163954329884259,416.25269121891273,12.284400232183073
2020299N18277,"Port of Iberia District, LA",2,0.0,0.0,0.0,4395.3202871,93.430126092869,0.0,0.0,0.0,3976.2826586934884,77.37924557078254,355.2795471117447,ZETA,2020,Hurricane ≥64 kt,0.0,0.0,0.0,0.0,419.0376284065119,16.05088052208646,0.0,0.0
2020299N18277,"Port of Pascagoula, MS",2,1714.2876414999998,8.772776542620502,8.404302822210003,6239.5585308,70.81341659740913,920.047713046517,6.0816121736079,5.683712286876497,4379.479326740755,62.66394532683283,421.4928616657567,ZETA,2020,Hurricane ≥64 kt,713.6215693542483,794.2399284534829,2.6911643690126015,2.720590535333506,1860.079204059245,8.1494712705763,2222.217566969129,65.58182222365542
2020299N18277,"South Jersey Port Corp, NJ",2,1804.9530637,9.549789364406001,8.957991708762,16848.769101,358.573604844016,1999.7243537503584,10.385304774996273,9.850646078473762,20209.773185595554,408.2507567855,1923.6064704822727,ZETA,2020,Tropical storm <50 kt,72.69424493799283,-194.7712900503584,-0.835515410590272,-0.8926543697117619,-3361.004084595552,-49.677151941484,226.36987873690967,6.680601109801541
2020299N18277,"South Louisiana, LA, Port of",2,1212.70485,10.761012128810002,8.246091616610002,3200.642664,30.430745622933998,1957.1023902518677,12.610791203038168,10.402745905880577,3865.7544566726638,30.457015665218254,402.3215011675476,ZETA,2020,Hurricane ≥64 kt,-42.61312430105306,-744.3975402518677,-1.8497790742281666,-2.156654289270575,-665.1117926726638,-0.026270042284256334,-132.69726907347922,-3.9161461232667767
2020299N18277,"Terrebonne Parish Port, LA",2,27.441385999999998,0.12713740741,0.11958266681999999,12379.422623,253.79828963472,199.7637949890556,0.8044332188773623,0.8044332188773623,14269.679982670988,243.43862333778247,1306.7923819645746,ZETA,2020,Hurricane ≥64 kt,-26.389649072312135,-172.32240898905562,-0.6772958114673623,-0.6848505520573623,-1890.257359670988,10.359666296937519,-82.17736721117998,-2.4252087497454853
2020299N18277,"Virginia, VA, Port of",2,531.7586060000001,5.458089773781001,3.9146730264519998,20974.534553200003,417.40808991056707,794.1965739046221,9.054801742226562,7.52322016273458,21741.83885699532,418.6855589301503,2040.6146953600264,ZETA,2020,Tropical storm <50 kt,198.37515573899736,-262.43796790462204,-3.596711968445561,-3.60854713628258,-767.3043037953175,-1.2774690195832363,617.7402349712378,18.230676812413858
2020306N15288,"Jacksonville, FL",3,5.1986473,0.0737398733534,0.0335458841,5371.1567352,114.21140814549223,19.229942060718095,0.11122247920936441,0.10284237165582401,5336.020761384863,107.93590981587164,538.4314755923791,ETA,2020,Tropical storm <50 kt,-20.615553082829173,-14.031294760718094,-0.03748260585596441,-0.06929648755582402,35.13597381513682,6.275498329620589,-64.19683229993004,-1.894569328312001
2020306N15288,"Manatee County Port, FL",5,0.0,0.0,0.0,2555.0589970000005,61.78009281455219,0.0,0.0,0.0,1473.0508930569085,35.180790415881674,165.1360975374844,ETA,2020,Strong TS 50–63 kt,0.0,0.0,0.0,0.0,1082.008103943092,26.599302398670517,0.0,0.0
2020306N15288,"Port Everglades, FL",5,0.0,0.0,0.0,11401.8131207,170.99195229686364,0.0,0.0,0.0,8999.507440350433,138.16122249773127,996.8730222056415,ETA,2020,Strong TS 50–63 kt,0.0,0.0,0.0,0.0,2402.3056803495674,32.83072979913237,0.0,0.0
2020306N15288,"Port of Brunswick, GA",3,11.474614299999999,0.16714716372920002,0.13690408680920002,1440.9462681,31.791018207625402,8.214478176942492,0.12347055454416908,0.07712131948818726,1259.001701273526,26.910416734310814,124.3331548090973,ETA,2020,Tropical storm <50 kt,15.33939311408741,3.2601361230575066,0.04367660918503094,0.05978276732101276,181.9445668264741,4.880601473314588,47.76687015726819,1.409690227184633
2020306N15288,"Port of Charleston, SC",2,88.67321829999999,1.789676312031,0.5639631085160001,12601.6442065,275.17196867211993,103.39674128307668,2.936056945074483,0.39343930646579106,11402.583534752508,245.55231551495856,1149.629679782454,ETA,2020,Tropical storm <50 kt,57.0473538797516,-14.723522983076691,-1.146380633043483,0.170523802050209,1199.0606717474911,29.619653157161366,177.64545998154648,5.242651821549172
2020306N15288,"Port of Savannah, GA",2,976.4066567,11.032617445324,9.184654731744,7194.0066640000005,122.52818641389199,499.9572293038166,6.139723403754626,4.278828022579312,5887.100812292202,101.77696129161899,593.3929428636176,ETA,2020,Tropical storm <50 kt,344.47830073163567,476.4494273961834,4.892894041569374,4.905826709164689,1306.9058517077983,20.751225122273,1072.7054284783135,31.657555837237318
2020306N15288,"PortMiami, FL",5,330.80376149999995,2.937064381176,2.8661405451480007,47136.421734699994,1158.083791042895,278.8640858956988,2.1118454329234377,1.833268926117368,44860.15194519488,1069.7440668924644,4885.756644096326,ETA,2020,Strong TS 50–63 kt,121.63417720864182,51.93967560430116,0.8252189482525623,1.0328716190306326,2276.269789505117,88.33972415043058,378.7688278277106,11.178180885474182
2020306N15288,"Tampa Port Authority, FL",4,0.8920889,0.024300077008,0.002713162178,5443.5177469,92.09044237849541,45.34466240657356,0.4642216634143163,0.4548193149620476,4905.330118556739,77.36492470884461,521.288252630212,ETA,2020,Strong TS 50–63 kt,-142.1054274636112,-44.452573506573565,-0.4399215864063163,-0.4521061527840476,538.1876283432612,14.725517669650799,-442.5163011216852,-13.05948878390587
2021165N32282,"Morehead City, NC",2,0.9667232,0.026964063605999993,0.0020956460679999998,13700.8581477,365.95352893109606,0.6715942892924892,0.005409441950859713,0.005409441950859713,13043.211380551937,340.175020875609,1314.6760276857367,BILL,2021,Tropical storm <50 kt,-1.994448774829815,0.2951289107075108,0.02155462165514028,-0.0033137958828597133,657.6467671480641,25.778508055487066,-6.210713484820044,-0.18328984240686
2021169N23268,"Greater Lafourche Port, LA",3,13.3435252,0.093151039326,0.049036925626000004,11363.1720921,165.79167833444097,63.27943807828309,0.28769198025981,0.28684083078446426,11446.700697372542,158.47284400849068,1164.0711903616798,CLAUDETTE,2021,Tropical storm <50 kt,-0.6012361359106863,-49.93591287828309,-0.19454094093381002,-0.23780390515846425,-83.52860527254234,7.3188343259502915,-1.872249327225877,-0.055253600890192066
2021169N23268,"Mobile, AL",3,9.8250265,0.264620100638,0.03328480542,3776.4274886999997,48.9458960431653,59.4570427396564,0.641171546329937,0.31785226811486417,3008.4495335602937,38.66560395410809,308.4065131177094,CLAUDETTE,2021,Tropical storm <50 kt,-11.6349567837207,-49.6320162396564,-0.376551445691937,-0.28456746269486416,767.977955139706,10.280292089057205,-36.23125542450626,-1.0692525284239323
2021169N23268,"Morehead City, NC",1,13.1803972,0.119425037008,0.10268728817,12474.666123199999,334.76594799629277,0.3923610859338109,0.002587936986830218,0.002587936986830218,14101.42765396481,370.00425433280515,1419.278544929317,CLAUDETTE,2021,Tropical storm <50 kt,103.63113641967713,12.78803611406619,0.11683710002116979,0.10009935118316979,-1626.761530764812,-35.23830633651238,322.7073588108746,9.523701436968329
2021169N23268,"New Orleans, LA",3,2847.8703250000003,14.884276686900002,12.17964161936,5433.52758,46.61034566667399,1535.9123004967116,10.313410521766817,7.440667812031367,5198.679790523254,47.4993820966521,527.0194180555143,CLAUDETTE,2021,Tropical storm <50 kt,-141.69188599997767,1311.9580245032887,4.570866165133184,4.738973807328633,234.84778947674567,-0.8890364299781055,-441.22853300393047,-13.021484323397948
2021169N23268,"Plaquemines Port District, LA",3,5721.744758,42.739473053358,28.849970716296,33739.6702709,664.33046878713,6660.9124262751975,48.62247709669818,34.6165306644004,40373.41613913147,780.1412671598209,4010.7782029823315,CLAUDETTE,2021,Tropical storm <50 kt,-1507.8792027635957,-939.1676682751977,-5.883004043340179,-5.766559948104401,-6633.745868231468,-115.8107983726909,-4695.535837405837,-138.57409873397444
2021169N23268,"Port of Charleston, SC",2,199.20406619999997,3.62051880497,1.2836286030759998,15382.105480899998,323.8599193762181,325.338874906422,4.911512545890904,2.028647787173948,18178.699252353163,353.77902745603177,1797.8006881954284,CLAUDETTE,2021,Tropical storm <50 kt,-206.54686754464015,-126.13480870642204,-1.290993740920904,-0.7450191840979483,-2796.5937714531647,-29.919108079813668,-643.1869455340094,-18.98165712735243
2021169N23268,"Port of Greater Baton Rouge, LA",3,450.557812,3.462987734354,2.94428687002,4827.548781799999,39.49004463893721,359.6917275868108,2.7592390591610014,2.235043608568237,4375.691359534917,35.140577590489016,461.309622661188,CLAUDETTE,2021,Tropical storm <50 kt,11.231941503119515,90.86608441318918,0.7037486751929984,0.7092432614517632,451.8574222650823,4.349467048448197,34.97626584071417,1.0322154241366834
2021169N23268,"Port of Iberia District, LA",3,0.0,0.0,0.0,4452.6367695,97.27303761630401,0.0,0.0,0.0,4718.026373949638,104.65734125381799,462.6970690639346,CLAUDETTE,2021,Tropical storm <50 kt,0.0,0.0,0.0,0.0,-265.3896044496378,-7.38430363751398,0.0,0.0
2021169N23268,"Port of Pascagoula, MS",3,2956.3979346,13.595980671045,13.102895410766,9205.137612300001,99.99953680994919,1468.6787026821162,7.190665633377437,6.892335963034263,6202.3242539338835,77.12204574902809,627.2956518740096,CLAUDETTE,2021,Tropical storm <50 kt,1118.9037024385816,1487.719231917884,6.405315037667563,6.210559447731736,3002.8133583661174,22.877491060921102,3484.266129393743,102.82725025410566
2021169N23268,"South Louisiana, LA, Port of",3,1558.530094,11.01149937151,8.50352199621,4506.320971,34.450609643838,1773.0956552944458,12.483096190354821,9.696950467063065,5048.219695300051,38.004437493991716,502.3422302252338,CLAUDETTE,2021,Tropical storm <50 kt,16.017685167162625,-214.56556129444584,-1.4715968188448212,-1.193428470853064,-541.8987243000511,-3.5538278501537164,49.879071610544415,1.4720252668622453
2021169N23268,"Terrebonne Parish Port, LA",3,0.724089,0.020130268938000004,0.0016582586579999999,11562.677816,243.14242325325802,310.0686296830806,1.25367898132874,1.2525928864617755,17146.083317991754,348.36849061827365,1619.1935419067402,CLAUDETTE,2021,Tropical storm <50 kt,-46.62819333069015,-309.3445406830806,-1.2335487123907398,-1.2509346278037754,-5583.405501991754,-105.22606736501564,-145.20019403176912,-4.285130967090426
2021169N23268,"Virginia, VA, Port of",1,538.4467055,5.8878394892940005,3.810684250304,23129.873177300004,465.73923065073626,803.4562596228111,7.6862007498931195,5.997346049535701,27412.892522374776,535.1581266899391,2728.3826801551054,CLAUDETTE,2021,Tropical storm <50 kt,-1367.2050600674418,-265.0095541228111,-1.798361260599119,-2.1866617992317012,-4283.019345074772,-69.41889603920282,-4257.476557050013,-125.6461450201979
2021169N23268,"Wilmington, NC",2,7.6152224,0.094959670463,0.075140010094,7936.068104200001,205.02523261228706,7.011496894267103,0.05678805880905028,0.05378216595036858,8119.032939992255,206.1100201769035,803.8749780162397,CLAUDETTE,2021,Tropical storm <50 kt,12.727341487674842,0.6037255057328972,0.038171611653949715,0.021357844143631413,-182.96483579225423,-1.0847875646164482,39.63294139261946,1.1696426827173179
2021179N30287,"Port of Brunswick, GA",2,1.8790914,0.051182601525199996,0.004418322494199999,1097.47339466,24.707719051474207,4.49491741979883,0.034988780707840006,0.013694905685549017,1342.5869991341262,31.160696932250893,128.82775155169952,DANNY,2021,Tropical storm <50 kt,-0.27962978708544267,-2.6158260197988303,0.01619382081735999,-0.009276583191349018,-245.1136044741263,-6.452977880776686,-0.8707671569840685,-0.02569797743315218
2021179N30287,"Port of Charleston, SC",2,244.0364143,3.9832500745630006,1.612493670414,16819.2865653,351.9222125248113,354.9813185288872,5.083024794092795,2.4573559606633255,18542.581125457727,367.431404643652,1813.7005485846112,DANNY,2021,Tropical storm <50 kt,-69.12531776701437,-110.9449042288872,-1.0997747195297944,-0.8448622902493255,-1723.2945601577267,-15.509192118840701,-215.25623952648272,-6.3526167027886205
2021179N30287,"Port of Savannah, GA",2,1769.0028067000003,24.942839910452996,13.687877447903999,8498.0090017,148.89959564789697,978.6240199319988,11.72381462254694,7.169473307014581,7878.347849355761,138.15509310374784,850.9870320904947,DANNY,2021,Tropical storm <50 kt,775.0143185303368,790.3787867680015,13.219025287906057,6.518404140889418,619.6611523442389,10.744502544149128,2413.3945879034686,71.22381587293796
2021182N09317,"Baltimore, MD",2,214.3221498,2.0790934676100004,1.5557025750000002,5748.1738456699995,99.08216463478962,321.9135055798089,3.3377131329088403,2.7520257198813813,6434.784204142061,111.34126053955633,640.9809743409061,ELSA,2021,Strong TS 50–63 kt,-471.5889597887259,-107.59135577980888,-1.25861966529884,-1.1963231448813811,-686.6103584720613,-12.25909590476671,-1468.5280207820924,-43.33902540458391
2021182N09317,"Boston, MA",2,243.2443123,1.307476953063,1.225417401964,2625.7929839,47.68500173682501,120.33989612695036,0.7700770367327008,0.6900197597100064,3161.750678103836,64.27904608835397,339.6819948353331,ELSA,2021,Tropical storm <50 kt,40.41209046496365,122.90441617304963,0.5373999163302992,0.5353976422539937,-535.9576942038361,-16.594044351528957,125.84324970789679,3.713871113730159
2021182N09317,"Bridgeport, CT",1,0.14811380000000002,0.003761845598,0.0008154672680000001,789.8594042999999,18.901463571304,0.0,0.0,0.0,833.2684101376758,19.30039357223106,81.00885601747089,ELSA,2021,Strong TS 50–63 kt,0.11347130535697025,0.14811380000000002,0.003761845598,0.0008154672680000001,-43.40900583767586,-0.3989300009270593,0.35334964488160536,0.010428012962305567
2021182N09317,"Jacksonville, FL",3,35.05295919999999,0.443309161876,0.379651376373,6407.261870900001,136.4912706821474,5.82064212103759,0.04427240390227001,0.04395527082588879,6560.639748598366,138.88069702078198,675.7400761317548,ELSA,2021,Tropical storm <50 kt,86.16023473179119,29.2323170789624,0.39903675797373,0.3356961055471112,-153.3778776983654,-2.3894263386345926,268.3029709547978,7.918125571851611
2021182N09317,"Manatee County Port, FL",3,0.0,0.0,0.0,2357.2444696,61.121770784636794,0.0,0.0,0.0,1917.8577957666332,48.00902620572674,173.57832171042034,ELSA,2021,Strong TS 50–63 kt,0.0,0.0,0.0,0.0,439.38667383336656,13.112744578910053,0.0,0.0
2021182N09317,"New Haven, CT",2,77.87095099999999,0.531190874055,0.447160632222,2453.1994309,49.3258616144808,14.894946269654664,0.07859001010116055,0.03367666598081866,3154.292143097487,59.27506049046259,318.35658256159525,ELSA,2021,Strong TS 50–63 kt,23.087425033954762,62.97600473034532,0.4526008639538394,0.41348396624118133,-701.0927121974869,-9.949198875981793,71.89424155573512,2.121734360620443
2021182N09317,"New York, NY & NJ",1,4184.4925919,20.791524193563998,20.205478932034,17067.935523599997,214.39976296977105,6119.769264972582,29.268738947693027,28.684862509273344,21557.793748291766,262.30527176536447,2156.33093412617,ELSA,2021,Strong TS 50–63 kt,-533.4861973394936,-1935.2766730725825,-8.47721475412903,-8.479383577239343,-4489.858224691769,-47.90550879559342,-1661.276018515183,-49.027381535499465
2021182N09317,"Philadelphia Regional Port, PA",1,239.56337530000002,1.800023994033,1.553078163212,2946.0391898000003,27.656816888977403,131.61949373337876,1.1582812623800172,0.861653496438302,2795.2069095401894,25.318327320934397,293.94086420933576,ELSA,2021,Strong TS 50–63 kt,66.28784124350973,107.94388156662126,0.6417427316529829,0.6914246667736981,150.8322802598109,2.3384895680430056,206.4203376322893,6.091852610278544
2021182N09317,"Port Jefferson, NY",1,0.0,0.0,0.0,3605.7867760000004,93.54998326785203,0.0,0.0,0.0,4636.983342290759,122.23781069896191,456.7233138022684,ELSA,2021,Strong TS 50–63 kt,0.0,0.0,0.0,0.0,-1031.1965662907583,-28.68782743110988,0.0,0.0
2021182N09317,"Port of Brunswick, GA",2,1.9207409999999998,0.042039963383999984,0.008858255303999994,1492.7510857999998,33.81250064682001,2.0671146510748817,0.02564156013145982,0.006734481825164865,1303.4502070618573,29.531587964973788,131.2247484261755,ELSA,2021,Tropical storm <50 kt,5.233628845133745,-0.14637365107488187,0.016398403252540165,0.0021237734788351293,189.3008787381425,4.280912681846225,16.29752022374648,0.48097049086779115
2021182N09317,"Port of Charleston, SC",3,226.20286350000003,3.5181409633548,1.3998674936868003,15692.103673300002,345.43487733568276,204.03865389551032,3.4781544087681304,0.9111714467113222,18632.885949572945,374.2457700975991,1793.2503433779555,ELSA,2021,Tropical storm <50 kt,351.22425163991494,22.164209604489713,0.039986554586669776,0.4886960469754781,-2940.782276272943,-28.810892761916364,1093.712319606695,32.27750872570818
2021182N09317,"Port of Providence, RI",2,73.5872822,0.5863042762555,0.49121001192,13927.095750800001,291.4015182743305,10.966215458942003,0.1362513055268041,0.02805838553038484,16391.712802523518,361.7383277008656,1677.5286592576797,ELSA,2021,Tropical storm <50 kt,397.3882315658972,62.621066741058,0.4500529707286959,0.46315162638961516,-2464.617051723517,-70.33680942653513,1237.4669530962037,36.51997848090595
2021182N09317,"Port of Savannah, GA",2,2282.8454166,24.9417886199804,20.511138389707998,9665.2717174,159.96072547083043,860.1432619390308,11.093969025049494,6.581217008986302,9044.73413439732,153.538293030002,888.8075540667787,ELSA,2021,Tropical storm <50 kt,1831.2289171292987,1422.7021546609694,13.847819594930906,13.929921380721696,620.5375830026805,6.42243244082843,5702.446847940636,168.28993748418256
2021182N09317,"Portland, ME",2,0.97879,0.009086247581,0.009026973,1056.68416301,20.553320982199402,0.0,0.0,0.0,915.7175046471248,18.67105874210105,94.7984320802212,ELSA,2021,Tropical storm <50 kt,10.28350697684926,0.97879,0.009086247581,0.009026973,140.96665836287525,1.8822622400983526,32.022840725908594,0.9450542911724471
2021182N09317,"Searsport, ME",2,2.1187516,0.059196875884,0.004458993524,5049.2710507,101.79239154276134,0.4864321100420461,0.013624972381669747,0.0010240144293036982,6061.399424166631,130.35342209504628,595.1285903245528,ELSA,2021,Tropical storm <50 kt,0.04968212229326524,1.6323194899579538,0.04557190350233026,0.003434979094696302,-1012.1283734666313,-28.561030552284947,0.15471012882122795,0.004565787038751075
2021182N09317,"South Jersey Port Corp, NJ",2,2455.05889055,10.639172466464998,9.944853741264,22395.650784550005,472.487033011082,3653.3619295816425,18.482049185135725,17.74536158196461,27260.329683678778,540.9791680811446,2727.0607427202012,ELSA,2021,Strong TS 50–63 kt,134.76242448178965,-1198.3030390316426,-7.842876718670727,-7.800507840700609,-4864.678899128772,-68.4921350700626,419.65018983629295,12.38466680987647
2021182N09317,"Tampa Port Authority, FL",3,196.75986000000003,1.124148299442,1.088978537042,8203.880293,129.41708412738942,31.66687589174132,0.24356507132029018,0.2369748501373275,6162.0327754018035,109.58773835493601,599.0534962828198,ELSA,2021,Strong TS 50–63 kt,201.26163413061565,165.09298410825872,0.8805832281217099,0.8520036869046725,2041.8475175981966,19.829345772453408,626.7287286827371,18.49594417660358
2021182N09317,"Virginia, VA, Port of",2,1196.1946914999999,9.2569327579114,7.3507034096654,26231.7983048,506.9690472502207,723.1519817264159,7.059455933567295,5.227281022292395,27456.156776910015,554.6646566587938,2750.324151024697,ELSA,2021,Tropical storm <50 kt,-1415.8149731525489,473.04270977358397,2.197476824344105,2.1234223873730045,-1224.358472110016,-47.69560940857309,-4408.847826397037,-130.11339603271924
2021182N09317,"Wilmington, NC",2,4.5794128999999995,0.057568192398,0.034323465898,7985.788589700001,203.1140738485471,0.46042156320788963,0.003983070881757636,0.003983070881757636,8846.096376848973,226.82386616597313,827.8120817018801,ELSA,2021,Tropical storm <50 kt,33.23099583551492,4.11899133679211,0.05358512151624236,0.03034039501624236,-860.3077871489722,-23.709792317426036,103.48132103179346,3.053928517283821
2021227N36297,"Albany Port District, NY",3,0.8818487,0.024894464483400002,0.0015131304713999999,3589.2853934000004,77.4180506629596,0.0,0.0,0.0,2604.271913323077,65.24545986759279,271.98428663683586,HENRI,2021,Tropical storm <50 kt,0.20637199104855009,0.8818487,0.024894464483400002,0.0015131304713999999,985.0134800769233,12.172590795366816,0.6426423801251849,0.018965585977361754
2021227N36297,"Boston, MA",3,330.4813582,2.0320997550390003,1.9347512806579998,3875.91784533,74.06226750048539,58.99253079502104,0.40304668409879213,0.31006369165804004,2808.6796366862004,52.430327347222956,296.0184329163991,HENRI,2021,Tropical storm <50 kt,199.65301459522328,271.48882740497896,1.6290530709402082,1.6246875889999597,1067.2382086437997,21.631940153262434,621.7194874495253,18.34811204130102
2021227N36297,"Bridgeport, CT",3,0.0794424,0.0015859371720000001,0.000564909792,1053.0261982,25.033249418653995,0.0,0.0,0.0,831.991401820476,20.217672243998248,81.05660428177663,HENRI,2021,Tropical storm <50 kt,0.15043527156352265,0.0794424,0.0015859371720000001,0.000564909792,221.03479637952398,4.815577174655747,0.46845543564880954,0.013825001456687733
2021227N36297,"New Haven, CT",3,159.481453,1.0365880915980001,0.924690357518,3323.6996910000003,61.33902726874131,5.518551919541299,0.008846426925725317,0.008846426925725317,2625.7335387583626,52.14587996697495,253.16611560057194,HENRI,2021,Tropical storm <50 kt,85.85446738709905,153.9629010804587,1.0277416646722748,0.9158439305922746,697.9661522416377,9.19314730176636,267.35081144342644,7.890025552874403
2021227N36297,"New York, NY & NJ",3,6093.8396453,30.2786813850293,29.418462194038003,23614.9557171,292.36380195403177,5713.432581888932,28.57241972807018,28.063259827142616,18860.43944131253,228.25101479632966,1806.315996531243,HENRI,2021,Tropical storm <50 kt,542.8435283725723,380.4070634110676,1.7062616569591214,1.3552023668953872,4754.516275787471,64.11278715770212,1690.4147473521903,49.8873202574394
2021227N36297,"Philadelphia Regional Port, PA",3,303.78727669999995,1.910933120003,1.5733174956659999,3656.3324757,34.935960062396994,182.35463993223874,1.1831235944878107,0.9595356869128403,2352.457313256535,22.445025981170716,250.87330364657177,HENRI,2021,Tropical storm <50 kt,25.561393636157497,121.43263676776121,0.7278095255151893,0.6137818087531596,1303.875162443465,12.490934081226278,79.59817978299445,2.3490920751628743
2021227N36297,"Port Jefferson, NY",3,0.0406536,0.0011707459902,3.8841260200000004e-05,5364.8711106,137.99194182612422,24.25945485753111,0.9735535907190943,0.9735535907190943,3889.4564478145585,102.79860821475728,397.1399264686833,HENRI,2021,Tropical storm <50 kt,-87.44556518295882,-24.218801257531112,-0.9723828447288944,-0.9735147494588943,1475.4146627854416,35.19333361136694,-272.30548997973375,-8.036247440313916
2021227N36297,"Port of Providence, RI",3,326.82541860000003,1.4942652464209003,1.434690982186,19468.323899999996,408.1684229983878,5.223419143158359,0.013560360249762357,0.006690455664772202,14422.866845963415,310.1590701907824,1369.153442106611,HENRI,2021,Tropical storm <50 kt,128.27402584908663,321.60199945684167,1.480704886171138,1.4280005265212279,5045.45705403658,98.00935280760541,399.44531649405576,11.788382975531063
2021227N36297,"Portland, ME",3,0.0225183,0.0006227944580000001,5.5896442e-05,1359.9101343000002,24.244747954212798,0.0,0.0,0.0,1179.8899096085922,20.2130270248693,131.85664654424954,HENRI,2021,Tropical storm <50 kt,0.01029268103200373,0.0225183,0.0006227944580000001,5.5896442e-05,180.02022469140798,4.031720929343496,0.03205140873365961,0.0009458973868411428
2021239N17281,"Baltimore, MD",2,602.4628088,4.884473150394401,4.5830622212264,7007.0341425999995,121.17425719744841,547.9697754145218,4.336593871120422,4.034604842005891,5461.958822865978,91.47687540222354,602.6943982825929,IDA,2021,Tropical storm <50 kt,854.674753106881,54.49303338547816,0.5478792792739791,0.5484573792205092,1545.0753197340218,29.69738179522487,2661.4571811748274,78.54460981052236
2021239N17281,"Boston, MA",1,459.1566176,2.8087314073819996,2.715189108432,3183.53376623,55.15364308313339,172.99256924406282,1.0431822405075935,0.9714832995386307,3283.749962175325,60.69390625458433,331.37069347928485,IDA,2021,Tropical storm <50 kt,128.147512651651,286.1640483559372,1.765549166874406,1.7437058088933692,-100.21619594532513,-5.540263171450938,399.0513543972412,11.776756412686728
2021239N17281,"Bridgeport, CT",2,0.0452656,0.0012621007160000001,9.873861600000001e-05,1005.2313806000001,23.256869725530798,0.0,0.0,0.0,848.0989285226335,20.63539470871529,82.33046740376687,IDA,2021,Tropical storm <50 kt,0.024661489599716806,0.0452656,0.0012621007160000001,9.873861600000001e-05,157.13245207736657,2.621475016815509,0.07679587861351812,0.0022663908942139746
2021239N17281,"Greater Lafourche Port, LA",4,1.0529692,0.025028306232000003,0.008093158032,4329.6018982000005,61.97765060124901,0.0783615714835594,0.00016694872860566727,0.00016637107183290994,12142.381186142073,176.61258595868082,1236.7004796491149,IDA,2021,Hurricane ≥64 kt,1.0511396278145497,0.9746076285164406,0.024861357503394334,0.00792678696016709,-7812.779287942072,-114.63493535743181,3.2732488010145078,0.09659973179615713
2021239N17281,"New Haven, CT",2,4.017193,0.112487188592,0.008121201722,2920.653932,57.7892104270352,11.735235858689128,0.0194605848374675,0.017978999530840485,2548.8687324797015,49.75214554551918,231.42710998268828,IDA,2021,Tropical storm <50 kt,-20.594355158304026,-7.718042858689128,0.0930266037545325,-0.009857797808840486,371.78519952029865,8.037064881516024,-64.13082196295873,-1.89262123904814
2021239N17281,"New Orleans, LA",3,877.8348034,6.993529037119999,5.60154552426,3639.5745308,34.806954232910016,2866.3629404840717,15.762034766034635,12.106758380235451,5723.623261905567,49.73659879514492,554.461191440771,IDA,2021,Hurricane ≥64 kt,385.0551291495419,-1988.5281370840717,-8.768505728914636,-6.505212855975452,-2084.048731105567,-14.929644562234905,1199.0616721716735,35.38656636884291
2021239N17281,"New York, NY & NJ",2,4921.8102191,30.520602148083995,29.670819129088,20578.9148329,271.93507393000795,5670.6142672250135,29.5782661874734,28.928407336980836,20123.791456942738,242.24867110088016,1919.737442020562,IDA,2021,Tropical storm <50 kt,435.43239120350563,-748.8040481250137,0.9423359606105954,0.7424117921071627,455.1233759572642,29.686402829127786,1355.9364662077164,40.01623675160217
2021239N17281,"Philadelphia Regional Port, PA",2,75.63910582,0.7102044615673001,0.454653598416,2895.2056926200003,29.127518921161307,159.34191979234149,0.9394865284811581,0.6460433088725652,2837.074979680952,24.23559807580517,237.06354542767122,IDA,2021,Tropical storm <50 kt,-66.57345678537423,-83.70281397234149,-0.229282066913858,-0.19138971045656522,58.13071293904841,4.891920845356136,-207.30974442965535,-6.1181006785758925
2021239N17281,"Plaquemines Port District, LA",4,9677.6655201,61.982291151253,55.481992372298,29720.2610893,480.57827261567724,5944.213247070589,46.303047292978576,29.364745210721026,36508.60110082359,718.6992810626335,3650.894364867377,IDA,2021,Hurricane ≥64 kt,10445.669268562318,3733.45227302941,15.679243858274425,26.117247161576977,-6788.340011523589,-238.1210084469563,32527.81410230306,959.9570057808771
2021239N17281,"Port Jefferson, NY",2,0.0561038,0.001576307326,0.00010630249600000001,5090.5703488,129.62668460267804,8.522247505486433,0.3443561552687636,0.3443561552687636,4339.364192750716,111.42837681464897,451.50865531215635,IDA,2021,Tropical storm <50 kt,-33.91256083213606,-8.466143705486433,-0.3427798479427636,-0.3442498527727636,751.2061560492839,18.19830778802907,-105.60371443127168,-3.116564340473304
2021239N17281,"Port of Greater Baton Rouge, LA",3,3158.6594219999997,16.963989245707,16.489973632436,5491.5298756,38.176024958575994,831.0943396561452,4.489164559178576,3.8693822637454485,5148.495477783865,39.682188499930156,546.5882919963872,IDA,2021,Hurricane ≥64 kt,2047.8400141954462,2327.5650823438546,12.474824686528425,12.620591368690553,343.0343978161354,-1.5061635413541623,6376.973804204619,188.19649730456152
2021239N17281,"Port of Iberia District, LA",3,0.0,0.0,0.0,7688.8009641,160.677640639813,0.0,0.0,0.0,4648.357552672547,101.45112350934104,467.05099950036646,IDA,2021,Hurricane ≥64 kt,0.0,0.0,0.0,0.0,3040.4434114274527,59.22651713047196,0.0,0.0
2021239N17281,"Port of Providence, RI",1,2.6394354,0.072274572712,0.005320781762,15772.3480156,339.45793035757447,4.791580304205403,0.04709234718376377,0.005553666714916268,13729.98816831498,300.3729309877523,1382.8705641380961,IDA,2021,Tropical storm <50 kt,-1.7672275156489214,-2.152144904205403,0.025182225528236228,-0.0002328849529162685,2042.3598472850208,39.084999369822185,-5.503146483730741,-0.16240820868813588
2021239N17281,"Searsport, ME",3,6.903356,0.11927605981200003,0.04250642067200001,4380.8894864,89.19037000149096,34.01688738702162,0.9510997195629927,0.07229825422217234,5473.750768274637,110.9942946712852,516.7128015853551,IDA,2021,Tropical storm <50 kt,-53.804457822567024,-27.11353138702162,-0.8318236597509926,-0.029791833550172335,-1092.861281874637,-21.80392466979424,-167.54708165947372,-4.94462967389391
2021239N17281,"South Jersey Port Corp, NJ",2,2712.696967,15.511638242157996,14.864736157327997,26758.402007,560.9181210063321,2453.8911432071313,11.487665862981817,10.78513723856138,22188.363979345162,454.987868205808,2248.529051260021,IDA,2021,Tropical storm <50 kt,255.06108160787429,258.8058237928685,4.023972379176179,4.079598918766617,4570.0380276548385,105.93025280052404,794.2602081269205,23.44011339976365
2021239N17281,"South Louisiana, LA, Port of",3,1695.762769,14.210725924385999,13.008166825699998,2789.2996282999998,25.378501826060397,1706.7614381181459,13.097073993477503,9.397284309351436,5645.179835507398,43.02172801404816,546.2364854981507,IDA,2021,Hurricane ≥64 kt,1530.486488605868,-10.998669118145926,1.113651930908496,3.6108825163485623,-2855.880207207398,-17.64322618798776,4765.9349255186735,140.65170830287929
2021239N17281,"Terrebonne Parish Port, LA",3,0.0,0.0,0.0,13852.5618745,295.034159134859,68.1338701707273,0.21416625930439182,0.21416625930439182,14687.446200353432,289.0207133781113,1405.2985070130972,IDA,2021,Hurricane ≥64 kt,-14.11311679001386,-68.1338701707273,-0.21416625930439182,-0.21416625930439182,-834.8843258534325,6.013445756747728,-43.948245684103156,-1.2969954330022737
2021256N21265,"Beaumont, TX",5,127.56190000000001,0.58007534,0.58007534,1132.8895604,7.020093959149001,248.80342799038277,1.2870055511559848,1.2870055511559848,2079.363972436511,9.09191561792551,201.95580659433085,NICHOLAS,2021,Tropical storm <50 kt,-78.15237788807386,-121.24152799038276,-0.7069302111559848,-0.7069302111559848,-946.4744120365112,-2.071821658776509,-243.36650474346197,-7.182203527913988
2021256N21265,"Brownsville, TX",3,26.7182306,0.21921641263799999,0.19746706639599998,2821.9325222599996,67.72422155077152,0.0,0.0,0.0,2972.620889666521,67.24597659962676,281.8645488126961,NICHOLAS,2021,Strong TS 50–63 kt,199.27544988003768,26.7182306,0.21921641263799999,0.19746706639599998,-150.6883674065216,0.4782449511447595,620.5437509264373,18.313413843975464
2021256N21265,"Calhoun Port Authority, TX",5,136.72978909999998,0.610050552678,0.5963366704120001,2903.0594984000004,52.14598977576241,16.989978744219005,0.06676834415408889,0.06676834415408889,2199.6212042151265,36.039244846586655,266.11419254238206,NICHOLAS,2021,Hurricane ≥64 kt,106.16447351155523,119.73981035578097,0.5432822085239111,0.5295683262579112,703.4382941848739,16.106744929175754,330.596170514983,9.756515115711926
2021256N21265,"Corpus Christi, TX",3,8962.266307699998,43.0344185596102,42.366483500250006,28984.5993925,273.8531000659962,7932.055311924093,35.2324363992733,34.506162753931726,25986.775545300647,218.60598087239543,2682.9216465671248,NICHOLAS,2021,Strong TS 50–63 kt,122.65522914703264,1030.2109957759048,7.801982160336905,7.86032074631828,2997.8238471993536,55.24711919360078,381.94838356385964,11.2720155586123
2021256N21265,"Galveston, TX",5,31893.3301412,188.61396137408724,182.28200408528807,51476.5148097,518.6083478788884,24994.835458584952,140.2337735558028,133.5902323155213,41192.504687622204,447.56387168821135,3964.4604838144833,NICHOLAS,2021,Tropical storm <50 kt,4154.094760553796,6898.494682615048,48.38018781828444,48.691771769766774,10284.010122077794,71.04447619067702,12935.85108436452,381.76130849489385
2021256N21265,"Greater Lafourche Port, LA",4,173.608377,0.75135111714,0.7467864073800001,11183.341682300003,151.60958813589397,26.427118221625584,0.14759209432406167,0.14758673245266446,11070.259039539098,152.53791073273996,1074.0976835412675,NICHOLAS,2021,Tropical storm <50 kt,21.16300199175113,147.1812587783744,0.6037590228159384,0.5991996749273356,113.08264276090449,-0.9283225968459874,65.90158820231302,1.944879883041929
2021256N21265,"Houston Port Authority, TX",5,0.0,0.0,0.0,23476.053914999997,183.44917683880396,0.0,0.0,0.0,21720.85553619216,171.99455255013783,2135.804029195064,NICHOLAS,2021,Tropical storm <50 kt,0.0,0.0,0.0,0.0,1755.198378807836,11.454624288666139,0.0,0.0
2021256N21265,"Lake Charles Harbor District, LA",5,2096.8804905599995,11.8351354943064,11.6337634441844,26818.218795660003,568.5477471560788,1997.700749402004,9.668187684673393,9.534043685529344,25475.967354359716,526.9778100620216,2392.493553649302,NICHOLAS,2021,Tropical storm <50 kt,-159.14251043796136,99.17974115799552,2.1669478096330064,2.0997197586550556,1342.2514413002864,41.569937094057195,-495.5697775038117,-14.62519670924865
2021256N21265,"New Orleans, LA",4,1714.980728,12.041793957536001,8.905065657216,6987.132188,64.006368633852,1650.6335474737266,10.895960281796432,8.2704889033862,4707.158374272381,42.18109021051944,482.49881775309336,NICHOLAS,2021,Tropical storm <50 kt,1328.520745476322,64.3471805262734,1.1458336757395688,0.6345767538297995,2279.973813727619,21.825278423332563,4137.013601413267,122.091056509274
2021256N21265,"Orange County Nav District, TX",5,72.93379580000001,0.6968931952838,0.65621441368,4778.9163708,33.494102575413805,3.4271801966373014,0.04761796217855535,0.029927619304362562,5777.004788830263,45.28954358428796,571.4120848052123,NICHOLAS,2021,Tropical storm <50 kt,103.75920569627863,69.50661560336272,0.6492752331052447,0.6262867943756374,-998.0884180302637,-11.795441008874157,323.10616653821165,9.535471003488006
2021256N21265,"Port Arthur, TX",5,0.0,0.0,0.0,1521.8505142,14.087027529143999,0.0,0.0,0.0,812.0175040542051,12.101952241112132,94.12636337102713,NICHOLAS,2021,Tropical storm <50 kt,0.0,0.0,0.0,0.0,709.8330101457948,1.985075288031867,0.0,0.0
2021256N21265,"Port Freeport, TX",5,3554.565412,31.217003132624004,30.641399475574005,21641.9218441,402.63324515569605,4268.814108527219,29.604536068860128,29.310747275754682,20030.74723148794,372.2653448545822,2017.039581577776,NICHOLAS,2021,Strong TS 50–63 kt,1.4054679707879494,-714.2486965272192,1.6124670637638765,1.3306521998193226,1611.1746126120597,30.36790030111382,4.376627261033674,0.12916250651541256
2021256N21265,"Port of Greater Baton Rouge, LA",4,627.6401754000001,4.578766284808,3.916295463252,4912.4834401,40.5618983516032,2055.415702010582,9.797934452762302,9.323342760709393,5460.2747876081885,40.512803532752905,503.80875693405847,NICHOLAS,2021,Tropical storm <50 kt,56.543640509241015,-1427.7755266105821,-5.219168167954302,-5.407047297457392,-547.7913475081887,0.049094818850292654,176.07689654577652,5.196360562799249
2021256N21265,"Port of Iberia District, LA",4,0.0,0.0,0.0,6972.890852400001,148.975645333668,0.0,0.0,0.0,6144.475922992506,128.70313753196294,568.8228780872925,NICHOLAS,2021,Tropical storm <50 kt,0.0,0.0,0.0,0.0,828.414929407495,20.272507801705075,0.0,0.0
2021256N21265,"Sabine Pass Port Authority, TX",5,6109.172762000001,34.111230323838,33.7477625136,11967.057815700002,108.73856569201203,5684.347849674056,32.68007965329301,32.37910864613051,12228.46957161331,107.40951954343623,1179.4281820511756,NICHOLAS,2021,Tropical storm <50 kt,-208.88200192223246,424.82491232594475,1.4311506705449943,1.3686538674694901,-261.4117559133083,1.3290461485757987,-650.4585539858318,-19.196255976653163
2021256N21265,"South Louisiana, LA, Port of",4,2428.119953,17.857479971207997,14.639645858908,5549.519339,44.141399193351404,1678.7051759193714,13.51043291922738,11.068442369332965,4195.555895111888,35.185258904960165,395.37731254230744,NICHOLAS,2021,Tropical storm <50 kt,2228.200128895345,749.4147770806285,4.347047051980617,3.5712034895750353,1353.9634438881121,8.95614028839124,6938.615201380105,204.77159184548225
2021256N21265,"Terrebonne Parish Port, LA",4,119.70956100000001,0.49281029686199995,0.47449970157999993,13804.664356999998,293.2764705344801,0.014466769509620898,4.826738372298132e-05,4.826738372298132e-05,14480.282824000473,315.54505874332057,1347.411224815568,NICHOLAS,2021,Tropical storm <50 kt,45.39518626025501,119.69509423049038,0.49276202947827696,0.47445143419627694,-675.618467000475,-22.26858820884047,141.3606100144341,4.171817617317435
2021256N21265,"Texas City, TX",5,0.0,0.0,0.0,5463.565978799999,86.20604984894071,0.0,0.0,0.0,5395.473171072305,85.6665659848176,528.80559095752,NICHOLAS,2021,Tropical storm <50 kt,0.0,0.0,0.0,0.0,68.09280772769398,0.5394838641231132,0.0,0.0
2021299N33284,"Boston, MA",2,130.24287160000003,0.81772377577,0.6717324190999999,1822.6339478,33.9174712616914,92.27054295097652,0.5805306366311324,0.5311734256263733,2249.399501044798,43.61886596463468,212.32113764443304,WANDA,2021,Strong TS 50–63 kt,22.75804017143863,37.97232864902351,0.23719313913886764,0.14055899347362666,-426.76555324479796,-9.701394702943283,70.86853709385989,2.09146389175521
2021299N33284,"Port of Providence, RI",2,168.102938,1.1363609004969002,1.094740793718,7964.098398,165.33852014973883,18.77660561709234,0.11522503655096217,0.09148935271135304,10951.88895839781,240.26768726845327,1008.9793841833632,WANDA,2021,Strong TS 50–63 kt,108.99993390208894,149.32633238290765,1.021135863945938,1.003251441006647,-2987.7905603978106,-74.92916711871445,339.42579417110494,10.017093925601973
2022154N21273,"Canaveral Port District, FL",2,1.1664042000000001,0.026588133862,0.005043686021999999,9882.1017732,247.03623450446716,16.435572766765922,0.05719202160457008,0.05528360954878662,9873.989089916,227.16264344156477,966.5967729157211,ALEX,2022,Tropical storm <50 kt,-3.1607104437755975,-15.269168566765922,-0.030603887742570078,-0.05023992352678662,8.112683284000013,19.873591062902392,-9.84245232191721,-0.2904692897829775
2022154N21273,"Manatee County Port, FL",2,0.0,0.0,0.0,2431.0778960000002,52.01809392519599,0.0,0.0,0.0,1832.3099841935766,42.39403953279207,204.78674717530683,ALEX,2022,Tropical storm <50 kt,0.0,0.0,0.0,0.0,598.7679118064236,9.62405439240392,0.0,0.0
2022154N21273,"Port Everglades, FL",2,0.0,0.0,0.0,14174.7710576,234.14083422935096,0.0,0.0,0.0,10815.018308560855,191.2081095359143,1071.6193746418028,ALEX,2022,Tropical storm <50 kt,0.0,0.0,0.0,0.0,3359.752749039146,42.932724693436654,0.0,0.0
2022154N21273,"Port of Palm Beach District, FL",2,1.686035,0.030646294406000002,0.025579558840000002,15259.115221,374.97236493293593,21.84148415113276,0.23177572561702411,0.22583320887085034,13432.682208073937,322.07921421101815,1296.0599837831428,ALEX,2022,Tropical storm <50 kt,-111.58922112612065,-20.15544915113276,-0.2011294312110241,-0.20025365003085033,1826.4330129260634,52.89315072191778,-347.4888345867397,-10.255049421490488
2022154N21273,"PortMiami, FL",2,405.0108783,4.3355703953763,4.25299583971,70261.13149710001,1772.2053393032743,267.35397842918974,2.879824393596447,2.685189830685442,60957.22463199842,1535.7567771229603,6107.992319900919,ALEX,2022,Tropical storm <50 kt,363.67363260363373,137.65689987081026,1.4557460017798531,1.5678060090245576,9303.906865101591,236.44856218031396,1132.4796919277153,33.42160683627394
2022154N21273,"Tampa Port Authority, FL",2,144.1035759,1.0154604780690002,0.944785715854,5787.8148912999995,102.50513138344503,77.81844358535896,0.6480966584378229,0.6355283895906709,5851.63782319964,96.46176359951424,587.366859756231,ALEX,2022,Tropical storm <50 kt,-93.6000220627671,66.28513231464105,0.36736381963117726,0.309257326263329,-63.822931899640025,6.04336778393079,-291.47046870345673,-8.601842027568297
2022183N32280,"Jacksonville, FL",2,105.61413043,1.1311347734444,1.0852829639994,5287.50301233,105.55195720426642,102.29904791116373,0.9074266927351452,0.9021089599720101,7033.89130970626,151.83309446678936,742.9821927210041,COLIN,2022,Tropical storm <50 kt,-259.2198179956912,3.3150825188362774,0.22370808070925474,0.18317400402738981,-1746.3882973762593,-46.28113726252295,-807.2105132385823,-23.822301273804023
2022183N32280,"Port of Brunswick, GA",2,7.299052,0.1095120113112,0.08128864918020001,1028.6537391,20.026007530843398,2.5989582238662834,0.03612478458369989,0.007979270198938078,1286.9661694371246,28.59356106782844,125.3236707312781,COLIN,2022,Tropical storm <50 kt,14.393894313787882,4.700093776133716,0.07338722672750012,0.07330937898126194,-258.3124303371246,-8.567553536985042,44.822586893135465,1.3227988874371064
2022183N32280,"Port of Charleston, SC",2,82.05724269999999,1.7971468873490004,0.339994333922,13367.1194414,282.0889769807389,303.2715168444503,4.230748744050758,2.5595147971150034,17535.002079581132,385.7628017116648,1724.755934208941,COLIN,2022,Tropical storm <50 kt,-815.3049012493397,-221.2142741444503,-2.433601856701758,-2.2195204631930032,-4167.882638181132,-103.6738247309259,-2538.8594624904435,-74.92652042481431
2022183N32280,"Port of Savannah, GA",2,2189.9617820999997,28.084893994591,19.0356914215,9759.505362400001,144.68372846222,2491.8369920245746,23.455837266615248,20.423050639979905,9880.669262250964,159.2202948483247,1054.1441248966976,COLIN,2022,Tropical storm <50 kt,-92.26512857282316,-301.87520992457485,4.629056727975751,-1.3873592184799044,-121.16389985096248,-14.53656638610471,-287.3136103757713,-8.47916531584245
2022183N32280,"Wilmington, NC",2,73.9704976,0.9734179724540001,0.954283749154,6541.1407066,165.00773638634502,15.074461988448716,0.11185695809079878,0.11185695809079878,8265.872895678673,225.30744855231546,855.936897411265,COLIN,2022,Tropical storm <50 kt,122.67338591460198,58.896035611551284,0.8615610143632013,0.8424267910632013,-1724.7321890786725,-60.29971216597045,382.00492373807054,11.273684165551922
2022266N12294,"Canaveral Port District, FL",3,357.41992,2.24182461737,2.2312976286,10392.494779999999,236.34640085948058,0.632716851193555,0.004484263877569293,0.001149323237222414,10394.806222218136,235.5830083326666,977.791510227323,IAN,2022,Strong TS 50–63 kt,148.92099535321114,356.78720314880644,2.2373403534924305,2.2301483053627775,-2.3114422181370173,0.7633925268139876,463.7399795298995,13.685839472960105
2022266N12294,"Manatee County Port, FL",4,0.0,0.0,0.0,1552.117995,36.166684734955204,0.0,0.0,0.0,1342.2463769790556,28.135678581013483,142.6920368458926,IAN,2022,Hurricane ≥64 kt,0.0,0.0,0.0,0.0,209.87161802094442,8.031006153941721,0.0,0.0
2022266N12294,"Port Everglades, FL",4,0.0,0.0,0.0,8351.7224566,170.0890931465569,0.0,0.0,0.0,7925.927254619515,159.317302956888,789.464905936266,IAN,2022,Hurricane ≥64 kt,0.0,0.0,0.0,0.0,425.7952019804852,10.771790189668906,0.0,0.0
2022266N12294,"Port of Palm Beach District, FL",4,4.1291057,0.054235122902,0.036646611652,11782.4840498,272.81576536516826,2.6680626574845063,0.027528913745275344,0.027528913745275344,13324.072247766217,284.0630796539588,1241.434873621063,IAN,2022,Hurricane ≥64 kt,9.68251893514828,1.4610430425154939,0.026706209156724656,0.009117697906724655,-1541.5881979662172,-11.247314288790562,30.151363964051743,0.8898234901401271
2022266N12294,"PortMiami, FL",4,369.4734026,3.0688652713518003,3.0261651036656003,57254.947486699995,1414.9178822310705,123.63634321906032,1.3877634900956626,1.2875973248775483,63614.05092874117,1612.5545343376823,6410.772506441775,IAN,2022,Hurricane ≥64 kt,499.40488218027224,245.83705938093965,1.6811017812561377,1.738567778788052,-6359.103442041174,-197.6366521066118,1555.1468031093677,45.89530867236702
2022266N12294,"Tampa Port Authority, FL",4,306.0110247,2.3241880705330002,2.238496216046,6699.7980321,104.82673356882182,37.84045586275343,0.26392117308162577,0.2547413831814011,5003.3559519727605,85.96076735830884,467.2833184045499,IAN,2022,Hurricane ≥64 kt,494.8438984455417,268.1705688372466,2.0602668974513745,1.9837548328645986,1696.442080127239,18.86596621051298,1540.9438997594168,45.47615426714528
2022311N21293,"Canaveral Port District, FL",3,26.243427160000003,0.3480909977546,0.2910336705936,10379.54205286,219.6322601860608,0.0,0.0,0.0,9485.248096876467,206.06340583435002,947.0951747512352,NICOLE,2022,Strong TS 50–63 kt,90.72741542401425,26.243427160000003,0.3480909977546,0.2910336705936,894.293955983534,13.568854351710769,282.5251716303804,8.33784947746691
2022311N21293,"Jacksonville, FL",2,50.7859195,0.5281524571053999,0.496194617534,7251.684275,135.39542719867384,5.378030597353006,0.03326077378601835,0.027238035393155773,6303.818160860435,119.9846015561715,634.6292646647831,NICOLE,2022,Tropical storm <50 kt,60.929855122525694,45.407888902646995,0.4948916833193816,0.46895658214084424,947.8661141395651,15.410825642502346,189.735568851545,5.599453685760111
2022311N21293,"Manatee County Port, FL",3,0.0,0.0,0.0,2463.833125,55.692862593524,0.0,0.0,0.0,1703.0171631135802,39.410738935242655,190.0965061395306,NICOLE,2022,Strong TS 50–63 kt,0.0,0.0,0.0,0.0,760.8159618864199,16.282123658281343,0.0,0.0
2022311N21293,"Panama City Port Authority, FL",2,87.97414791,1.1480664523464998,1.1443357825987999,1753.68223141,39.8361646795765,1.6976777646925512,0.01073451356349905,0.008284529475113695,1405.1592590058883,28.922173430384376,136.6014008436714,NICOLE,2022,Tropical storm <50 kt,106.9755389432425,86.27647014530744,1.1373319387830008,1.1360512531236862,348.52297240411167,10.913991249192122,333.12182826925715,9.831052028883985
2022311N21293,"Port Everglades, FL",2,0.0,0.0,0.0,13098.9779031,228.22539308615362,0.0,0.0,0.0,9316.035230603275,187.2863924250575,1003.7834412549062,NICOLE,2022,Hurricane ≥64 kt,0.0,0.0,0.0,0.0,3782.942672496725,40.93900066109612,0.0,0.0
2022311N21293,"Port of Palm Beach District, FL",2,61.67765636,0.5741964382015999,0.5663442812739999,14592.04007046,330.50248225151216,2.9238262498770458,0.03594218440918774,0.03594218440918774,12363.702195202204,264.3091604099784,1315.9947255915195,NICOLE,2022,Hurricane ≥64 kt,69.01227837769949,58.753830110122955,0.5382542537924122,0.5304020968648122,2228.3378752577955,66.19332184153376,214.9042348681562,6.342228382910584
2022311N21293,"Tampa Port Authority, FL",3,122.59399069999998,1.1523552304363,1.1228439773860002,8518.4014778,120.1748546300089,97.6945831347566,0.8618708957224609,0.8388126353746975,6040.939511573829,86.46535234738242,646.6806444829825,NICOLE,2022,Tropical storm <50 kt,-39.70538257131934,24.89940756524338,0.29048433471383917,0.28403134201130265,2477.461966226171,33.709502282626474,-123.64256132708842,-3.6489246583042476
2023234N25271,"Brownsville, TX",2,9.6140209,0.07977614778500002,0.07408617490800001,5713.373429729999,127.14681740083826,0.0,0.0023641734217942174,0.0023641734217942174,3139.49140158088,74.44566133511337,339.5498116455396,HAROLD,2023,Strong TS 50–63 kt,60.42275943838394,9.6140209,0.0774119743632058,0.07172200148620579,2573.882028149119,52.70115606572489,188.15647289112758,5.552851592387484
2023234N25271,"Calhoun Port Authority, TX",2,190.3035389,1.2564646635320003,1.2246646296780002,3879.0476367,63.30412816041898,883.3452945222705,5.111687669274522,5.102700949102211,3485.663876920295,47.28483844870475,348.86722594570927,HAROLD,2023,Strong TS 50–63 kt,-413.50627197974484,-693.0417556222704,-3.8552230057425216,-3.8780363194242105,393.3837597797051,16.019289711714237,-1287.6585309449254,-38.001226394938556
2023234N25271,"Corpus Christi, TX",2,7956.674445899998,38.128975779332,37.030731166756006,31081.081845300003,287.962234543933,6418.317212308149,33.81930453215736,33.04606811771912,28247.886384279147,252.32450887063553,2882.1647900522726,HAROLD,2023,Strong TS 50–63 kt,924.8837215037734,1538.3572335918498,4.3096712471746415,3.9846630490368824,2833.195461020856,35.63772567329747,2880.08790876275,84.99681400619677
2023265N29284,"Baltimore, MD",2,598.8539578000001,5.6887349200549995,4.761346944221,7467.5805053,137.4681658425059,1008.0262819519791,7.981562915305649,7.17222369765121,8611.576435170378,140.79334683200307,832.9324748727037,OPHELIA,2023,Tropical storm <50 kt,-1876.1661875941804,-409.17232415197896,-2.29282799525065,-2.4108767534302107,-1143.995929870378,-3.32518098949717,-5842.381508168278,-172.41967263990517
2023265N29284,"South Jersey Port Corp, NJ",2,1458.7589865000002,9.754067274545998,8.748785764845998,25806.1696638,544.0625623830902,4896.621406373164,23.865325790809628,23.01104826816993,29719.970029185446,551.882935774285,2848.5286342330432,OPHELIA,2023,Tropical storm <50 kt,-550.969948537107,-3437.862419873164,-14.11125851626363,-14.262262503323932,-3913.8003653854466,-7.820373391194835,-1715.7204197445512,-50.63413827056014
2023265N29284,"Virginia, VA, Port of",3,1852.2954585999998,16.350205635149,13.605634524746002,29537.456582600003,610.605979090106,1233.9882886329356,11.316985294431749,9.365168271273175,27178.310327304247,577.6956508573451,2664.36034880848,OPHELIA,2023,Tropical storm <50 kt,2048.34857727707,618.3071699670643,5.03322034071725,4.240466253472826,2359.1462552957564,32.91032823276089,6378.557469640796,188.24323425176274
