port,SID,name,season,min_dist_km,sshs_max,sshs_storm_lifetime,wind_max_kt,landfall_in_window,excess_days,total_excess,total_excess_value,t_initial_disruption,t_start_recovery,t_end_disruption,disruption_days,recovery_days,recovery_observed,days_at_zero,total_impact,total_impact_value,max_impact,observed_in_window,baseline_in_window
"Albany Port District, NY",2015126N27281,ANA,2015,329.5,-3,0,28,0,0,0,0,,,,0,0,0,0,0,0,0,,
"Albany Port District, NY",2016242N24279,HERMINE,2016,330,-4,1,55,1,0,0,0,,,,0,0,0,0,0,0,0,,
"Albany Port District, NY",2017247N09327,JOSE,2017,494.9,-3,4,35,0,0,0,0,,,,0,0,0,0,0,0,0,,
"Albany Port District, NY",2017277N11279,NATE,2017,120,-4,1,25,1,2,2.8519,15.609,,,,0,0,0,0,0,0,0,,
"Albany Port District, NY",2018242N13343,FLORENCE,2018,65.3,-4,4,25,1,3,4.1336,29.417,,,,0,0,0,0,0,0,0,,
"Albany Port District, NY",2018280N18273,MICHAEL,2018,478.3,-4,5,60,0,0,0,0,,,,0,0,0,0,0,0,0,,
"Albany Port District, NY",2020188N28271,FAY,2020,38.8,0,0,50,1,0,0,0,,,,0,0,0,0,0,0,0,,
"Albany Port District, NY",2020211N13306,ISAIAS,2020,31.2,0,1,58,1,0,0,0,,,,0,0,0,0,0,0,0,,
"Albany Port District, NY",2020299N18277,ZETA,2020,392.9,-4,3,45,0,0,0,0,,,,0,0,0,0,0,0,0,,
"Albany Port District, NY",2021182N09317,ELSA,2021,222.5,0,1,50,1,1,0.2414,1.861,,,,0,0,0,0,0,0,0,,
"Albany Port District, NY",2021222N14301,FRED,2021,24,-3,0,25,1,2,2.6226,19.906,,,,0,0,0,0,0,0,0,,
"Albany Port District, NY",2021227N36297,HENRI,2021,96,1,1,65,1,0,0,0,,,,0,0,0,0,0,0,0,,
"Albany Port District, NY",2021239N17281,IDA,2021,243.7,-4,4,40,1,2,3.6402,26.977,,,,0,0,0,0,0,0,0,,
"Albany Port District, NY",2021299N33284,WANDA,2021,376.5,-4,0,60,0,0,0,0,,,,0,0,0,0,0,0,0,,
"Albany Port District, NY",2023265N29284,OPHELIA,2023,493.6,-4,0,20,1,0,0,0,,,,0,0,0,0,0,0,0,,
"Baltimore, MD",2015126N27281,ANA,2015,194.6,-1,0,30,1,2,0.0415,4.866,,,,0,0,0,0,0,0,0,,
"Baltimore, MD",2015167N27266,BILL,2015,408.7,-3,0,15,1,4,0.6397,65.562,,,,0,0,0,0,0,0,0,,
"Baltimore, MD",2015193N35285,CLAUDETTE,2015,457.2,-3,0,25,0,2,0.1314,13.466,,,,0,0,0,0,0,0,0,,
"Baltimore, MD",2016148N27288,BONNIE,2016,461.4,-1,0,30,0,0,0,0,,,,0,0,0,0,0,0,0,,
"Baltimore, MD",2016158N22272,COLIN,2016,474.6,-4,0,50,0,2,0.522,60.401,,,,0,0,0,0,0,0,0,,
"Baltimore, MD",2016242N24279,HERMINE,2016,353.8,0,1,60,1,0,0,0,2016-09-05,2016-09-05,2016-09-06,1,1,0,0,0.4222,38.752,0.4222,53.042,91.794
"Baltimore, MD",2016257N27280,JULIA,2016,422.4,-4,0,25,1,1,0.0175,2.149,,,,0,0,0,0,0,0,0,,
"Baltimore, MD",2017171N24271,CINDY,2017,172.6,-3,0,25,1,0,0,0,,,,0,0,0,0,0,0,0,,
"Baltimore, MD",2017240N31279,UNNAMED,2017,455.2,-4,-3,40,0,0,0,0,,,,0,0,0,0,0,0,0,,
"Baltimore, MD",2017260N12310,MARIA,2017,495.7,1,5,65,0,0,0,0,,,,0,0,0,0,0,0,0,,
"Baltimore, MD",2017277N11279,NATE,2017,369.7,-4,1,25,1,0,0,0,,,,0,0,0,0,0,0,0,,
"Baltimore, MD",2018242N13343,FLORENCE,2018,212,-4,4,25,1,2,0.2733,32.709,,,,0,0,0,0,0,0,0,,
"Baltimore, MD",2018280N18273,MICHAEL,2018,272.1,0,5,60,1,0,0,0,2018-10-08,2018-10-12,2018-10-14,6,2,1,0,1.8573,182.26,0.3893,407.605,589.865
"Baltimore, MD",2019236N10314,DORIAN,2019,437.7,2,5,85,0,0,0,0,,,,0,0,0,0,0,0,0,,
"Baltimore, MD",2019291N22264,NESTOR,2019,238.9,-4,0,40,1,0,0,0,,,,0,0,0,0,0,0,0,,
"Baltimore, MD",2020138N28281,ARTHUR,2020,456.1,0,0,50,0,1,0.0005,0.06,,,,0,0,0,0,0,0,0,,
"Baltimore, MD",2020148N32281,BERTHA,2020,346.6,-4,0,20,1,0,0,0,,,,0,0,0,0,0,0,0,,
"Baltimore, MD",2020188N28271,FAY,2020,189.4,0,0,50,1,0,0,0,,,,0,0,0,0,0,0,0,,
"Baltimore, MD",2020211N13306,ISAIAS,2020,53.1,0,1,60,1,0,0,0,,,,0,0,0,0,0,0,0,,
"Baltimore, MD",2020228N37286,KYLE,2020,375.8,0,0,38,0,0,0,0,,,,0,0,0,0,0,0,0,,
"Baltimore, MD",2020299N18277,ZETA,2020,158.8,-4,3,45,1,0,0,0,,,,0,0,0,0,0,0,0,,
"Baltimore, MD",2021169N23268,CLAUDETTE,2021,351.7,0,0,40,1,0,0,0,,,,0,0,0,0,0,0,0,,
"Baltimore, MD",2021182N09317,ELSA,2021,146.5,0,1,50,1,0,0,0,,,,0,0,0,0,0,0,0,,
"Baltimore, MD",2021222N14301,FRED,2021,241.7,-3,0,25,1,0,0,0,2021-08-18,2021-08-19,2021-08-20,2,1,0,0,0.9172,95.8,0.6002,113.085,208.885
"Baltimore, MD",2021227N36297,HENRI,2021,307.6,1,1,65,1,0,0,0,,,,0,0,0,0,0,0,0,,
"Baltimore, MD",2021239N17281,IDA,2021,34,-4,4,40,1,0,0,0,2021-09-02,2021-09-02,2021-09-03,1,1,0,0,0.3415,35.299,0.3415,68.079,103.379
"Baltimore, MD",2023265N29284,OPHELIA,2023,61.1,0,0,50,1,0,0,0,,,,0,0,0,0,0,0,0,,
"Beaumont, TX",2015167N27266,BILL,2015,278.8,0,0,50,1,0,0,0,,,,0,0,0,0,0,0,0,,
"Beaumont, TX",2017171N24271,CINDY,2017,42.3,0,0,50,1,0,0,0,2017-06-23,2017-06-27,2017-06-28,5,1,0,0,3.8303,731.207,0.9669,225.577,956.784
"Beaumont, TX",2017228N14314,HARVEY,2017,63.9,4,4,115,1,0,0,0,,,,0,0,0,0,0,0,0,,
"Beaumont, TX",2017277N11279,NATE,2017,475.9,1,1,75,1,0,0,0,,,,0,0,0,0,0,0,0,,
"Beaumont, TX",2018246N22283,GORDON,2018,446.6,0,0,38,1,0,0,0,,,,0,0,0,0,0,0,0,,
"Beaumont, TX",2019192N29274,BARRY,2019,130.5,1,1,65,1,0,0,0,2019-07-11,2019-07-11,2019-07-13,2,2,1,0,0.8312,172.805,0.4262,242.945,415.75
"Beaumont, TX",2019261N28264,IMELDA,2019,102.5,0,0,40,1,0,0,0,,,,0,0,0,0,0,0,0,,
"Beaumont, TX",2019299N25265,OLGA,2019,317,0,0,45,1,0,0,0,,,,0,0,0,0,0,0,0,,
"Beaumont, TX",2020154N19269,CRISTOBAL,2020,311.1,0,0,45,1,0,0,0,2020-06-09,2020-06-09,2020-06-10,1,1,0,0,0.4447,71.827,0.4447,89.701,161.529
"Beaumont, TX",2020205N26272,HANNA,2020,317.6,1,1,80,1,0,0,0,,,,0,0,0,0,0,0,0,,
"Beaumont, TX",2020233N14313,LAURA,2020,85.6,4,4,130,1,0,0,0,2020-08-24,2020-09-01,2020-09-03,10,2,1,0,7.7224,999.31,0.8259,295.573,1294.88
"Beaumont, TX",2020234N14280,MARCO,2020,207.1,0,1,35,0,0,0,0,2020-08-24,2020-09-01,2020-09-03,10,2,1,0,7.7482,1014.33,0.8281,295.573,1309.9
"Beaumont, TX",2020261N21265,BETA,2020,17.1,0,0,55,1,0,0,0,,,,0,0,0,0,0,0,0,,
"Beaumont, TX",2020279N16284,DELTA,2020,104,3,4,105,1,0,0,0,2020-10-09,2020-10-10,2020-10-11,2,1,0,0,1.225,158.167,0.6414,99.885,258.052
"Beaumont, TX",2020299N18277,ZETA,2020,354.9,3,3,100,1,0,0,0,,,,0,0,0,0,0,0,0,,
"Beaumont, TX",2021169N23268,CLAUDETTE,2021,317.9,0,0,40,1,0,0,0,,,,0,0,0,0,0,0,0,,
"Beaumont, TX",2021239N17281,IDA,2021,326,4,4,130,1,0,0,0,,,,0,0,0,0,0,0,0,,
"Beaumont, TX",2021256N21265,NICHOLAS,2021,6.1,1,1,65,1,0,0,0,,,,0,0,0,0,0,0,0,,
"Beaumont, TX",2023234N25271,HAROLD,2023,424.3,0,0,50,0,2,0.2989,82.99,,,,0,0,0,0,0,0,0,,
"Boston, MA",2015126N27281,ANA,2015,172,-3,0,28,0,0,0,0,,,,0,0,0,0,0,0,0,,
"Boston, MA",2016158N22272,COLIN,2016,463.5,-4,0,50,0,0,0,0,,,,0,0,0,0,0,0,0,,
"Boston, MA",2016242N24279,HERMINE,2016,106.8,-4,1,55,1,0,0,0,2016-09-05,2016-09-05,2016-09-06,1,1,0,0,0.493,18.677,0.493,19.209,37.887
"Boston, MA",2017247N09327,JOSE,2017,324.7,0,4,60,0,2,0.3956,24.112,2017-09-22,2017-09-22,2017-09-23,1,1,0,0,0.4401,20.262,0.4401,25.775,46.037
"Boston, MA",2017277N11279,NATE,2017,223.6,-4,1,25,1,1,0.0669,3.848,,,,0,0,0,0,0,0,0,,
"Boston, MA",2018242N13343,FLORENCE,2018,192.1,-4,4,25,1,0,0,0,,,,0,0,0,0,0,0,0,,
"Boston, MA",2018280N18273,MICHAEL,2018,328.5,-4,5,60,0,0,0,0,,,,0,0,0,0,0,0,0,,
"Boston, MA",2019236N10314,DORIAN,2019,379.2,2,5,85,0,0,0,0,,,,0,0,0,0,0,0,0,,
"Boston, MA",2019239N32287,ERIN,2019,474.8,-4,0,35,0,0,0,0,,,,0,0,0,0,0,0,0,,
"Boston, MA",2019282N35286,MELISSA,2019,426.7,-2,0,55,0,0,0,0,,,,0,0,0,0,0,0,0,,
"Boston, MA",2020188N28271,FAY,2020,257.1,0,0,50,1,0,0,0,,,,0,0,0,0,0,0,0,,
"Boston, MA",2020211N13306,ISAIAS,2020,253.2,0,1,55,1,0,0,0,,,,0,0,0,0,0,0,0,,
"Boston, MA",2020228N37286,KYLE,2020,465.2,0,0,45,0,0,0,0,,,,0,0,0,0,0,0,0,,
"Boston, MA",2020299N18277,ZETA,2020,320.9,-4,3,45,0,0,0,0,,,,0,0,0,0,0,0,0,,
"Boston, MA",2021169N23268,CLAUDETTE,2021,395.6,0,0,40,0,0,0,0,,,,0,0,0,0,0,0,0,,
"Boston, MA",2021182N09317,ELSA,2021,37.1,0,1,50,1,0,0,0,,,,0,0,0,0,0,0,0,,
"Boston, MA",2021222N14301,FRED,2021,29.7,-4,0,25,1,0,0,0,,,,0,0,0,0,0,0,0,,
"Boston, MA",2021227N36297,HENRI,2021,46.7,1,1,65,1,2,0.0698,2.685,,,,0,0,0,0,0,0,0,,
"Boston, MA",2021239N17281,IDA,2021,147.8,-4,4,40,1,0,0,0,,,,0,0,0,0,0,0,0,,
"Boston, MA",2021299N33284,WANDA,2021,166.5,-4,0,60,0,0,0,0,,,,0,0,0,0,0,0,0,,
"Boston, MA",2023249N12320,LEE,2023,385,-4,5,70,0,1,0.0637,5.12,,,,0,0,0,0,0,0,0,,
"Bridgeport, CT",2015126N27281,ANA,2015,166.2,-1,0,30,1,0,0,0,,,,0,0,0,0,0,0,0,,
"Bridgeport, CT",2016158N22272,COLIN,2016,447.8,-4,0,50,0,0,0,0,,,,0,0,0,0,0,0,0,,
"Bridgeport, CT",2016242N24279,HERMINE,2016,202.4,-4,1,55,1,0,0,0,2016-09-03,2016-09-17,2016-09-18,15,1,0,0,4.3268,35.985,0.3776,88.661,124.646
"Bridgeport, CT",2017247N09327,JOSE,2017,357.8,0,4,60,0,0,0,0,2017-09-24,2017-10-02,2017-10-03,9,1,0,0,2.8332,23.362,0.7798,50.619,73.981
"Bridgeport, CT",2017277N11279,NATE,2017,291.3,-4,1,25,1,0,0,0,,,,0,0,0,0,0,0,0,,
"Bridgeport, CT",2018242N13343,FLORENCE,2018,112.9,-4,4,25,1,0,0,0,,,,0,0,0,0,0,0,0,,
"Bridgeport, CT",2018280N18273,MICHAEL,2018,320.2,-4,5,60,0,0,0,0,,,,0,0,0,0,0,0,0,,
"Bridgeport, CT",2019236N10314,DORIAN,2019,438.9,2,5,85,0,0,0,0,,,,0,0,0,0,0,0,0,,
"Bridgeport, CT",2019239N32287,ERIN,2019,485.1,-4,0,35,0,0,0,0,,,,0,0,0,0,0,0,0,,
"Bridgeport, CT",2019282N35286,MELISSA,2019,433.1,-2,0,55,0,0,0,0,,,,0,0,0,0,0,0,0,,
"Bridgeport, CT",2019291N22264,NESTOR,2019,425.1,-4,0,40,0,0,0,0,,,,0,0,0,0,0,0,0,,
"Bridgeport, CT",2020188N28271,FAY,2020,90.8,0,0,50,1,0,0,0,,,,0,0,0,0,0,0,0,,
"Bridgeport, CT",2020211N13306,ISAIAS,2020,162.9,0,1,60,1,0,0,0,,,,0,0,0,0,0,0,0,,
"Bridgeport, CT",2020228N37286,KYLE,2020,401.2,0,0,45,0,2,0.5811,5.17,,,,0,0,0,0,0,0,0,,
"Bridgeport, CT",2020299N18277,ZETA,2020,226.4,-4,3,45,0,0,0,0,,,,0,0,0,0,0,0,0,,
"Bridgeport, CT",2021169N23268,CLAUDETTE,2021,376.1,0,0,40,0,3,0.6525,5.785,,,,0,0,0,0,0,0,0,,
"Bridgeport, CT",2021182N09317,ELSA,2021,81.6,0,1,50,1,2,0.1958,1.94,,,,0,0,0,0,0,0,0,,
"Bridgeport, CT",2021222N14301,FRED,2021,170.1,-3,0,25,1,0,0,0,2021-08-18,2021-08-19,2021-08-20,2,1,0,0,0.8154,6.399,0.5068,9.257,15.656
"Bridgeport, CT",2021227N36297,HENRI,2021,25.2,1,1,65,1,3,0.232,2.349,,,,0,0,0,0,0,0,0,,
"Bridgeport, CT",2021239N17281,IDA,2021,73.3,-4,4,40,1,2,0.2962,2.828,,,,0,0,0,0,0,0,0,,
"Bridgeport, CT",2021259N30286,ODETTE,2021,479.4,0,0,40,0,0,0,0,,,,0,0,0,0,0,0,0,,
"Bridgeport, CT",2021299N33284,WANDA,2021,271.6,-4,0,60,0,0,0,0,,,,0,0,0,0,0,0,0,,
"Bridgeport, CT",2023265N29284,OPHELIA,2023,405.1,-4,0,20,1,10,2.4426,31.597,,,,0,0,0,0,0,0,0,,
"Brownsville, TX",2015167N27266,BILL,2015,252.2,0,0,50,1,2,0.681,15.5,2015-06-17,2015-06-18,2015-06-19,2,1,0,0,1.414,20.228,0.8285,8.351,28.579
"Brownsville, TX",2017171N24271,CINDY,2017,477.1,0,0,48,0,0,0,0,,,,0,0,0,0,0,0,0,,
"Brownsville, TX",2017228N14314,HARVEY,2017,151.2,4,4,115,1,0,0,0,2017-08-25,2017-08-25,2017-08-27,2,2,1,0,1.479,13.91,0.7818,4.896,18.806
"Brownsville, TX",2017249N22263,KATIA,2017,405.1,0,2,55,0,0,0,0,,,,0,0,0,0,0,0,0,,
"Brownsville, TX",2019246N24266,FERNAND,2019,189.2,0,0,45,1,0,0,0,,,,0,0,0,0,0,0,0,,
"Brownsville, TX",2019261N28264,IMELDA,2019,304.8,0,0,40,1,0,0,0,,,,0,0,0,0,0,0,0,,
"Brownsville, TX",2019291N22264,NESTOR,2019,430.7,-3,0,45,0,0,0,0,,,,0,0,0,0,0,0,0,,
"Brownsville, TX",2019299N25265,OLGA,2019,301.3,0,0,43,0,0,0,0,,,,0,0,0,0,0,0,0,,
"Brownsville, TX",2020205N26272,HANNA,2020,75.7,1,1,80,1,0,0,0,2020-07-25,2020-07-26,2020-07-28,3,2,1,0,2.2344,23.05,0.8474,7.901,30.951
"Brownsville, TX",2020261N21265,BETA,2020,263,0,0,55,1,0,0,0,,,,0,0,0,0,0,0,0,,
"Brownsville, TX",2020279N16284,DELTA,2020,372.2,3,4,105,0,0,0,0,,,,0,0,0,0,0,0,0,,
"Brownsville, TX",2021256N21265,NICHOLAS,2021,72.9,1,1,65,1,0,0,0,,,,0,0,0,0,0,0,0,,
"Brownsville, TX",2022232N20266,UNNAMED,2022,137.3,-3,-3,30,0,0,0,0,,,,0,0,0,0,0,0,0,,
"Brownsville, TX",2023234N25271,HAROLD,2023,119.7,0,0,50,1,0,0,0,2023-08-21,2023-08-22,2023-08-24,3,2,1,0,2.3265,22.384,0.8196,6.451,28.834
"Calhoun Port Authority, TX",2015167N27266,BILL,2015,26.5,0,0,50,1,0,0,0,2015-06-16,2015-06-19,2015-06-20,4,1,0,0,3.6337,42.596,0.9151,4.291,46.887
"Calhoun Port Authority, TX",2017171N24271,CINDY,2017,297.9,0,0,50,1,1,0.0485,0.842,,,,0,0,0,0,0,0,0,,
"Calhoun Port Authority, TX",2017228N14314,HARVEY,2017,5,4,4,115,1,0,0,0,2017-08-23,2017-08-24,2017-09-04,12,11,1,10,11.7766,128.305,1,2.44,130.745
"Calhoun Port Authority, TX",2019192N29274,BARRY,2019,414.7,1,1,65,1,2,0.73,12.791,,,,0,0,0,0,0,0,0,,
"Calhoun Port Authority, TX",2019246N24266,FERNAND,2019,478.6,0,0,40,1,0,0,0,,,,0,0,0,0,0,0,0,,
"Calhoun Port Authority, TX",2019261N28264,IMELDA,2019,89.4,0,0,40,1,0,0,0,,,,0,0,0,0,0,0,0,,
"Calhoun Port Authority, TX",2019299N25265,OLGA,2019,418.2,0,0,45,0,0,0,0,2019-10-25,2019-10-25,2019-10-26,1,1,0,1,1,8.544,1,0,8.544
"Calhoun Port Authority, TX",2020205N26272,HANNA,2020,174.8,1,1,80,1,0,0,0,2020-07-21,2020-07-22,2020-07-27,6,5,0,5,5.8953,49.109,1,0.958,50.067
"Calhoun Port Authority, TX",2020233N14313,LAURA,2020,331.1,4,4,130,1,0,0,0,,,,0,0,0,0,0,0,0,,
"Calhoun Port Authority, TX",2020234N14280,MARCO,2020,417.8,-3,1,20,0,0,0,0,2020-08-25,2020-08-25,2020-08-26,1,1,0,0,0.9981,7.801,0.9981,0.015,7.817
"Calhoun Port Authority, TX",2020261N21265,BETA,2020,4.8,0,0,55,1,0,0,0,,,,0,0,0,0,0,0,0,,
"Calhoun Port Authority, TX",2020279N16284,DELTA,2020,274.8,3,4,105,1,0,0,0,,,,0,0,0,0,0,0,0,,
"Calhoun Port Authority, TX",2021256N21265,NICHOLAS,2021,71.6,1,1,65,1,1,0.0206,0.345,,,,0,0,0,0,0,0,0,,
"Calhoun Port Authority, TX",2022232N20266,UNNAMED,2022,434.7,-3,-3,30,0,0,0,0,,,,0,0,0,0,0,0,0,,
"Calhoun Port Authority, TX",2023234N25271,HAROLD,2023,186,0,0,50,1,0,0,0,,,,0,0,0,0,0,0,0,,
"Canaveral Port District, FL",2015126N27281,ANA,2015,212.7,-2,0,50,0,1,0.0514,2.592,,,,0,0,0,0,0,0,0,,
"Canaveral Port District, FL",2015313N22289,KATE,2015,447.2,0,1,58,0,0,0,0,,,,0,0,0,0,0,0,0,,
"Canaveral Port District, FL",2016148N27288,BONNIE,2016,287.8,0,0,40,1,0,0,0,,,,0,0,0,0,0,0,0,,
"Canaveral Port District, FL",2016158N22272,COLIN,2016,275.5,0,0,45,1,0,0,0,,,,0,0,0,0,0,0,0,,
"Canaveral Port District, FL",2016242N24279,HERMINE,2016,370.7,1,1,70,1,0,0,0,,,,0,0,0,0,0,0,0,,
"Canaveral Port District, FL",2016257N27280,JULIA,2016,26.8,0,0,45,1,0,0,0,,,,0,0,0,0,0,0,0,,
"Canaveral Port District, FL",2016273N13300,MATTHEW,2016,58.7,4,5,120,0,0,0,0,2016-10-06,2016-10-06,2016-10-09,3,3,1,0,2.4336,90.707,0.9568,24.352,115.059
"Canaveral Port District, FL",2017212N28275,EMILY,2017,80,0,0,50,1,6,2.3282,120.118,,,,0,0,0,0,0,0,0,,
"Canaveral Port District, FL",2017240N31279,UNNAMED,2017,241.5,-3,-3,35,0,0,0,0,,,,0,0,0,0,0,0,0,,
"Canaveral Port District, FL",2017242N16333,IRMA,2017,148.7,4,5,115,1,0,0,0,2017-09-08,2017-09-09,2017-09-12,4,3,0,3,3.9903,148.035,1,0.332,148.367
"Canaveral Port District, FL",2018146N19273,ALBERTO,2018,408.3,0,0,55,0,2,0.1924,11.994,,,,0,0,0,0,0,0,0,,
"Canaveral Port District, FL",2018246N22283,GORDON,2018,318.2,0,0,55,1,0,0,0,,,,0,0,0,0,0,0,0,,
"Canaveral Port District, FL",2018280N18273,MICHAEL,2018,487.5,5,5,140,1,0,0,0,,,,0,0,0,0,0,0,0,,
"Canaveral Port District, FL",2019204N25283,UNNAMED,2019,71.5,-1,-1,30,0,0,0,0,,,,0,0,0,0,0,0,0,,
"Canaveral Port District, FL",2019236N10314,DORIAN,2019,149.3,5,5,160,0,3,0.5347,26.186,2019-09-01,2019-09-01,2019-09-03,2,2,0,2,2,73.775,1,0,73.775
"Canaveral Port District, FL",2019256N23286,HUMBERTO,2019,263.7,1,3,75,0,1,0.1565,8.077,,,,0,0,0,0,0,0,0,,
"Canaveral Port District, FL",2019291N22264,NESTOR,2019,447.6,-4,0,40,1,1,0.0729,4.535,,,,0,0,0,0,0,0,0,,
"Canaveral Port District, FL",2020138N28281,ARTHUR,2020,207.1,0,0,40,0,0,0,0,2020-05-17,2020-05-17,2020-05-19,2,2,1,0,1.2178,52.067,0.6238,33.372,85.439
"Canaveral Port District, FL",2020148N32281,BERTHA,2020,378.9,0,0,45,1,0,0,0,,,,0,0,0,0,0,0,0,,
"Canaveral Port District, FL",2020188N28271,FAY,2020,478.4,-3,0,30,1,0,0,0,,,,0,0,0,0,0,0,0,,
"Canaveral Port District, FL",2020211N13306,ISAIAS,2020,90.9,1,1,80,1,0,0,0,2020-07-31,2020-08-02,2020-08-04,4,2,0,2,3.3118,134.405,1,27.468,161.873
"Canaveral Port District, FL",2020244N30279,OMAR,2020,185.9,-1,0,30,0,0,0,0,2020-08-29,2020-08-31,2020-09-01,3,1,0,0,2.1984,78.157,0.8582,29.341,107.498
"Canaveral Port District, FL",2020256N25281,SALLY,2020,328.5,0,2,50,1,0,0,0,,,,0,0,0,0,0,0,0,,
"Canaveral Port District, FL",2020306N15288,ETA,2020,215.9,1,4,65,1,0,0,0,,,,0,0,0,0,0,0,0,,
"Canaveral Port District, FL",2021165N32282,BILL,2021,451.9,-3,0,20,0,10,2.499,124.686,,,,0,0,0,0,0,0,0,,
"Canaveral Port District, FL",2021179N30287,DANNY,2021,403.2,0,0,40,1,0,0,0,,,,0,0,0,0,0,0,0,,
"Canaveral Port District, FL",2021182N09317,ELSA,2021,281.2,1,1,65,1,2,0.6094,35.308,,,,0,0,0,0,0,0,0,,
"Canaveral Port District, FL",2021222N14301,FRED,2021,467,0,0,55,1,0,0,0,,,,0,0,0,0,0,0,0,,
"Canaveral Port District, FL",2021252N28273,MINDY,2021,314.6,0,0,50,1,0,0,0,,,,0,0,0,0,0,0,0,,
"Canaveral Port District, FL",2022154N21273,ALEX,2022,151.2,0,0,48,1,0,0,0,2022-06-04,2022-06-04,2022-06-05,1,1,0,0,0.4091,23.487,0.4091,33.924,57.411
"Canaveral Port District, FL",2022183N32280,COLIN,2022,364.4,0,0,35,1,0,0,0,2022-07-02,2022-07-02,2022-07-03,1,1,0,0,0.4311,22.871,0.4311,30.187,53.058
"Canaveral Port District, FL",2022266N12294,IAN,2022,18.9,5,5,140,1,0,0,0,2022-09-28,2022-09-29,2022-10-01,3,2,1,1,2.8416,110.521,1,5.543,116.064
"Canaveral Port District, FL",2022311N21293,NICOLE,2022,92.2,1,1,65,1,0,0,0,2022-11-09,2022-11-10,2022-11-12,3,2,1,0,2.3806,103.686,0.8771,28.935,132.621
"Canaveral Port District, FL",2023239N21274,IDALIA,2023,314.8,4,4,115,1,0,0,0,2023-08-30,2023-08-30,2023-08-31,1,1,0,0,0.731,27.004,0.731,9.936,36.94
"Canaveral Port District, FL",2023265N29284,OPHELIA,2023,461.9,-4,0,30,0,0,0,0,,,,0,0,0,0,0,0,0,,
"Cleveland-Cuyahoga Port, OH",2015167N27266,BILL,2015,306.1,-3,0,15,1,0,0,0,,,,0,0,0,0,0,0,0,,
"Cleveland-Cuyahoga Port, OH",2017171N24271,CINDY,2017,370.9,-3,0,25,1,0,0,0,,,,0,0,0,0,0,0,0,,
"Cleveland-Cuyahoga Port, OH",2017228N14314,HARVEY,2017,459.7,-4,4,20,1,0,0,0,,,,0,0,0,0,0,0,0,,
"Cleveland-Cuyahoga Port, OH",2017277N11279,NATE,2017,101,-4,1,25,1,0,0,0,,,,0,0,0,0,0,0,0,,
"Cleveland-Cuyahoga Port, OH",2018146N19273,ALBERTO,2018,309.2,-1,0,30,1,2,0.1996,4.247,,,,0,0,0,0,0,0,0,,
"Cleveland-Cuyahoga Port, OH",2018242N13343,FLORENCE,2018,258.2,-4,4,25,1,0,0,0,,,,0,0,0,0,0,0,0,,
"Cleveland-Cuyahoga Port, OH",2019299N25265,OLGA,2019,400.9,-4,0,30,1,0,0,0,,,,0,0,0,0,0,0,0,,
"Cleveland-Cuyahoga Port, OH",2020148N32281,BERTHA,2020,214.1,-4,0,20,1,0,0,0,,,,0,0,0,0,0,0,0,,
"Cleveland-Cuyahoga Port, OH",2020233N14313,LAURA,2020,455.3,-3,4,20,1,0,0,0,,,,0,0,0,0,0,0,0,,
"Cleveland-Cuyahoga Port, OH",2021222N14301,FRED,2021,216.9,-3,0,20,1,0,0,0,2021-08-18,2021-08-18,2021-08-20,2,2,1,0,0.9955,15.224,0.5436,15.397,30.621
"Cleveland-Cuyahoga Port, OH",2021239N17281,IDA,2021,384.7,-1,4,33,1,0,0,0,2021-09-01,2021-09-01,2021-09-02,1,1,0,0,0.5644,8.051,0.5644,6.212,14.263
"Corpus Christi, TX",2015167N27266,BILL,2015,89.7,0,0,50,1,0,0,0,,,,0,0,0,0,0,0,0,,
"Corpus Christi, TX",2017171N24271,CINDY,2017,404.9,0,0,48,1,0,0,0,,,,0,0,0,0,0,0,0,,
"Corpus Christi, TX",2017228N14314,HARVEY,2017,57.3,4,4,115,1,0,0,0,2017-08-24,2017-08-30,2017-09-02,9,3,1,0,7.3845,1901.63,0.9269,419.051,2320.68
"Corpus Christi, TX",2019246N24266,FERNAND,2019,365.4,0,0,45,1,2,0.2728,88.145,,,,0,0,0,0,0,0,0,,
"Corpus Christi, TX",2019261N28264,IMELDA,2019,185.5,0,0,40,1,0,0,0,,,,0,0,0,0,0,0,0,,
"Corpus Christi, TX",2019299N25265,OLGA,2019,434.2,0,0,43,0,0,0,0,,,,0,0,0,0,0,0,0,,
"Corpus Christi, TX",2020205N26272,HANNA,2020,117.5,1,1,80,1,0,0,0,2020-07-25,2020-07-25,2020-07-27,2,2,1,0,1.7004,314.103,0.8589,55.262,369.365
"Corpus Christi, TX",2020233N14313,LAURA,2020,444.6,4,4,130,1,2,0.3073,98.961,,,,0,0,0,0,0,0,0,,
"Corpus Christi, TX",2020261N21265,BETA,2020,118.7,0,0,55,1,3,0.8281,281.957,2020-09-20,2020-09-21,2020-09-22,2,1,0,0,1.6604,392.765,0.8316,80.33,473.095
"Corpus Christi, TX",2020279N16284,DELTA,2020,366.2,3,4,105,1,0,0,0,,,,0,0,0,0,0,0,0,,
"Corpus Christi, TX",2021256N21265,NICHOLAS,2021,116.3,1,1,65,1,2,0.1886,99.108,2021-09-12,2021-09-13,2021-09-15,3,2,1,0,1.082,457.382,0.4283,810.966,1268.35
"Corpus Christi, TX",2022232N20266,UNNAMED,2022,338,-3,-3,30,0,0,0,0,,,,0,0,0,0,0,0,0,,
"Corpus Christi, TX",2023234N25271,HAROLD,2023,83,0,0,50,1,0,0,0,,,,0,0,0,0,0,0,0,,
"Detroit-Wayne County Port, MI",2015167N27266,BILL,2015,403.8,-3,0,15,1,0,0,0,,,,0,0,0,0,0,0,0,,
"Detroit-Wayne County Port, MI",2017171N24271,CINDY,2017,462.4,-3,0,25,1,0,0,0,,,,0,0,0,0,0,0,0,,
"Detroit-Wayne County Port, MI",2017228N14314,HARVEY,2017,470.3,-4,4,18,1,0,0,0,,,,0,0,0,0,0,0,0,,
"Detroit-Wayne County Port, MI",2017277N11279,NATE,2017,230.9,-4,1,25,1,0,0,0,,,,0,0,0,0,0,0,0,,
"Detroit-Wayne County Port, MI",2018146N19273,ALBERTO,2018,168.1,-1,0,30,1,1,0.1392,3.946,,,,0,0,0,0,0,0,0,,
"Detroit-Wayne County Port, MI",2018242N13343,FLORENCE,2018,384,-4,4,25,1,1,0.0136,0.382,2018-09-18,2018-09-19,2018-09-20,2,1,0,0,0.8916,18.811,0.4501,23.381,42.192
"Detroit-Wayne County Port, MI",2019299N25265,OLGA,2019,272.3,-4,0,30,1,0,0,0,2019-10-27,2019-10-27,2019-10-28,1,1,0,0,0.4549,8.631,0.4549,10.343,18.974
"Detroit-Wayne County Port, MI",2020148N32281,BERTHA,2020,346.5,-4,0,20,1,0,0,0,,,,0,0,0,0,0,0,0,,
"Detroit-Wayne County Port, MI",2020233N14313,LAURA,2020,461.9,-3,4,20,1,0,0,0,,,,0,0,0,0,0,0,0,,
"Detroit-Wayne County Port, MI",2021222N14301,FRED,2021,357.5,-3,0,20,1,0,0,0,,,,0,0,0,0,0,0,0,,
"Duluth-Superior, MN and WI",2020154N19269,CRISTOBAL,2020,288.8,-4,0,35,1,0,0,0,,,,0,0,0,0,0,0,0,,
"Galveston, TX",2015167N27266,BILL,2015,176.2,0,0,50,1,0,0,0,,,,0,0,0,0,0,0,0,,
"Galveston, TX",2017171N24271,CINDY,2017,123.1,0,0,50,1,0,0,0,2017-06-22,2017-06-27,2017-06-28,6,1,0,0,3.7866,571.408,0.9741,340.891,912.299
"Galveston, TX",2017228N14314,HARVEY,2017,103,4,4,115,1,0,0,0,2017-08-25,2017-08-28,2017-09-02,8,5,1,2,5.8398,906.422,1,335.216,1241.64
"Galveston, TX",2019192N29274,BARRY,2019,236.4,1,1,65,1,0,0,0,,,,0,0,0,0,0,0,0,,
"Galveston, TX",2019261N28264,IMELDA,2019,59.3,0,0,40,1,0,0,0,2019-09-17,2019-09-17,2019-09-18,1,1,0,0,0.2602,44.683,0.2602,127.032,171.715
"Galveston, TX",2019299N25265,OLGA,2019,330.5,0,0,45,1,0,0,0,,,,0,0,0,0,0,0,0,,
"Galveston, TX",2020154N19269,CRISTOBAL,2020,415.9,0,0,45,1,0,0,0,,,,0,0,0,0,0,0,0,,
"Galveston, TX",2020205N26272,HANNA,2020,238.4,1,1,80,1,0,0,0,2020-07-25,2020-07-25,2020-07-26,1,1,0,0,0.3432,55.076,0.3432,105.382,160.457
"Galveston, TX",2020233N14313,LAURA,2020,161.7,4,4,130,1,0,0,0,2020-08-25,2020-08-26,2020-08-28,3,2,1,0,2.019,297.108,0.8697,140.864,437.972
"Galveston, TX",2020234N14280,MARCO,2020,248.8,-1,1,30,0,0,0,0,2020-08-25,2020-08-26,2020-08-28,3,2,1,0,2.0169,296.192,0.8694,140.864,437.056
"Galveston, TX",2020261N21265,BETA,2020,52.6,0,0,55,1,0,0,0,2020-09-20,2020-09-22,2020-09-24,4,2,1,0,2.3949,356.749,0.7508,239.716,596.465
"Galveston, TX",2020279N16284,DELTA,2020,136.4,3,4,105,1,0,0,0,,,,0,0,0,0,0,0,0,,
"Galveston, TX",2020299N18277,ZETA,2020,391.9,3,3,100,1,2,0.5273,95.486,,,,0,0,0,0,0,0,0,,
"Galveston, TX",2021169N23268,CLAUDETTE,2021,367.1,0,0,40,1,1,0.2247,52.749,,,,0,0,0,0,0,0,0,,
"Galveston, TX",2021239N17281,IDA,2021,413.5,4,4,130,1,0,0,0,,,,0,0,0,0,0,0,0,,
"Galveston, TX",2021256N21265,NICHOLAS,2021,39.8,1,1,65,1,3,0.4406,111.037,2021-09-14,2021-09-14,2021-09-15,1,1,0,0,0.3011,59.268,0.3011,137.546,196.814
"Galveston, TX",2023234N25271,HAROLD,2023,311.1,0,0,50,1,0,0,0,,,,0,0,0,0,0,0,0,,
"Greater Lafourche Port, LA",2015167N27266,BILL,2015,474.9,0,0,45,0,5,0.3526,124.422,,,,0,0,0,0,0,0,0,,
"Greater Lafourche Port, LA",2016158N22272,COLIN,2016,405.3,0,0,45,0,0,0,0,,,,0,0,0,0,0,0,0,,
"Greater Lafourche Port, LA",2016242N24279,HERMINE,2016,475.7,1,1,65,0,0,0,0,,,,0,0,0,0,0,0,0,,
"Greater Lafourche Port, LA",2017171N24271,CINDY,2017,296.6,0,0,50,1,3,0.5163,148.927,,,,0,0,0,0,0,0,0,,
"Greater Lafourche Port, LA",2017212N28275,EMILY,2017,482.5,-1,0,30,0,0,0,0,,,,0,0,0,0,0,0,0,,
"Greater Lafourche Port, LA",2017228N14314,HARVEY,2017,309.6,0,4,45,1,7,0.3901,115.301,,,,0,0,0,0,0,0,0,,
"Greater Lafourche Port, LA",2017277N11279,NATE,2017,104.1,1,1,80,1,2,0.0826,23.585,,,,0,0,0,0,0,0,0,,
"Greater Lafourche Port, LA",2018146N19273,ALBERTO,2018,416.2,0,0,55,1,3,0.3652,95.309,,,,0,0,0,0,0,0,0,,
"Greater Lafourche Port, LA",2018246N22283,GORDON,2018,205.7,0,0,60,1,4,0.4366,127.582,,,,0,0,0,0,0,0,0,,
"Greater Lafourche Port, LA",2018280N18273,MICHAEL,2018,378.5,5,5,140,1,5,0.7167,209.452,,,,0,0,0,0,0,0,0,,
"Greater Lafourche Port, LA",2019192N29274,BARRY,2019,112.5,1,1,65,1,7,1.6581,444.327,,,,0,0,0,0,0,0,0,,
"Greater Lafourche Port, LA",2019261N28264,IMELDA,2019,477.3,-1,0,30,1,0,0,0,,,,0,0,0,0,0,0,0,,
"Greater Lafourche Port, LA",2019291N22264,NESTOR,2019,292.7,0,0,50,1,2,0.363,100.191,,,,0,0,0,0,0,0,0,,
"Greater Lafourche Port, LA",2019299N25265,OLGA,2019,82.2,0,0,45,1,2,0.0847,23.214,,,,0,0,0,0,0,0,0,,
"Greater Lafourche Port, LA",2020154N19269,CRISTOBAL,2020,42.8,0,0,45,1,4,0.4798,116.544,,,,0,0,0,0,0,0,0,,
"Greater Lafourche Port, LA",2020188N28271,FAY,2020,229.4,-3,0,30,1,0,0,0,,,,0,0,0,0,0,0,0,,
"Greater Lafourche Port, LA",2020205N26272,HANNA,2020,343.3,0,1,55,0,0,0,0,,,,0,0,0,0,0,0,0,,
"Greater Lafourche Port, LA",2020233N14313,LAURA,2020,284.1,4,4,130,1,4,0.2325,56.711,,,,0,0,0,0,0,0,0,,
"Greater Lafourche Port, LA",2020234N14280,MARCO,2020,67.5,0,1,60,0,3,0.2265,54.9,,,,0,0,0,0,0,0,0,,
"Greater Lafourche Port, LA",2020256N25281,SALLY,2020,207.5,2,2,95,1,1,0.0652,14.305,,,,0,0,0,0,0,0,0,,
"Greater Lafourche Port, LA",2020261N21265,BETA,2020,262,0,0,55,1,2,0.2101,47.352,,,,0,0,0,0,0,0,0,,
"Greater Lafourche Port, LA",2020279N16284,DELTA,2020,270.8,3,4,105,1,0,0,0,,,,0,0,0,0,0,0,0,,
"Greater Lafourche Port, LA",2020299N18277,ZETA,2020,37.8,3,3,100,1,0,0,0,,,,0,0,0,0,0,0,0,,
"Greater Lafourche Port, LA",2021169N23268,CLAUDETTE,2021,57.5,0,0,40,1,6,0.9505,197.739,,,,0,0,0,0,0,0,0,,
"Greater Lafourche Port, LA",2021222N14301,FRED,2021,446.9,0,0,55,1,1,0.0089,2.05,,,,0,0,0,0,0,0,0,,
"Greater Lafourche Port, LA",2021239N17281,IDA,2021,21.2,4,4,130,1,0,0,0,2021-08-28,2021-09-09,2021-09-11,14,2,1,0,9.5655,2122.59,0.9996,962.632,3085.23
"Greater Lafourche Port, LA",2021252N28273,MINDY,2021,350.5,0,0,50,1,0,0,0,2021-08-29,2021-09-17,2021-09-18,20,1,0,0,10.6747,2377.37,0.9996,2015.84,4393.21
"Greater Lafourche Port, LA",2021256N21265,NICHOLAS,2021,131.9,0,1,43,1,0,0,0,2021-09-04,2021-09-09,2021-09-15,11,6,1,0,5.0549,1058.6,0.6441,1233.34,2291.93
"Greater Lafourche Port, LA",2023152N26274,ARLENE,2023,393.7,0,0,35,0,0,0,0,,,,0,0,0,0,0,0,0,,
"Greater Lafourche Port, LA",2023234N25271,HAROLD,2023,478.5,-1,0,30,0,0,0,0,,,,0,0,0,0,0,0,0,,
"Guaynabo, PR",2015237N14315,ERIKA,2015,107.4,0,0,45,0,0,0,0,2015-08-28,2015-08-28,2015-08-29,1,1,0,0,0.985,8.846,0.985,0.134,8.981
"Guaynabo, PR",2016273N13300,MATTHEW,2016,460.9,1,5,68,0,0,0,0,,,,0,0,0,0,0,0,0,,
"Guaynabo, PR",2017224N22293,GERT,2017,456.7,-3,2,25,0,9,2.7774,58.536,,,,0,0,0,0,0,0,0,,
"Guaynabo, PR",2017242N16333,IRMA,2017,95.6,5,5,155,0,0,0,0,2017-09-05,2017-09-09,2017-09-10,5,1,0,4,4.9789,45.867,1,0.192,46.059
"Guaynabo, PR",2017247N09327,JOSE,2017,306.3,4,4,120,0,0,0,0,2017-09-05,2017-09-09,2017-09-10,5,1,0,4,4.9798,48.006,1,0.192,48.198
"Guaynabo, PR",2017260N12310,MARIA,2017,18.4,5,5,150,1,0,0,0,2017-09-17,2017-09-18,2017-09-21,4,3,0,3,3.9991,36.805,1,0.009,36.814
"Guaynabo, PR",2018186N10325,BERYL,2018,171.9,-3,1,35,0,0,0,0,,,,0,0,0,0,0,0,0,,
"Guaynabo, PR",2018251N13325,ISAAC,2018,348.6,0,1,35,0,0,0,0,,,,0,0,0,0,0,0,0,,
"Guaynabo, PR",2018265N08338,KIRK,2018,483.7,0,0,35,0,0,0,0,,,,0,0,0,0,0,0,0,,
"Guaynabo, PR",2019236N10314,DORIAN,2019,89.5,1,5,78,0,0,0,0,,,,0,0,0,0,0,0,0,,
"Guaynabo, PR",2019260N13317,JERRY,2019,402.6,0,2,63,0,0,0,0,,,,0,0,0,0,0,0,0,,
"Guaynabo, PR",2019265N12301,KAREN,2019,75.3,0,0,40,0,0,0,0,,,,0,0,0,0,0,0,0,,
"Guaynabo, PR",2020211N13306,ISAIAS,2020,216,0,1,63,1,0,0,0,,,,0,0,0,0,0,0,0,,
"Guaynabo, PR",2020224N11326,JOSEPHINE,2020,267,0,0,35,0,0,0,0,,,,0,0,0,0,0,0,0,,
"Guaynabo, PR",2020233N14313,LAURA,2020,75.1,0,4,45,1,0,0,0,,,,0,0,0,0,0,0,0,,
"Guaynabo, PR",2021182N09317,ELSA,2021,350,1,1,70,0,0,0,0,,,,0,0,0,0,0,0,0,,
"Guaynabo, PR",2021222N14301,FRED,2021,116.1,0,0,40,1,0,0,0,2021-08-09,2021-08-10,2021-08-11,2,1,0,0,1.9906,21.196,0.9986,0.099,21.294
"Guaynabo, PR",2021225N15313,GRACE,2021,149.4,-1,3,33,0,0,0,0,2021-08-15,2021-08-15,2021-08-16,1,1,0,0,0.9941,10.748,0.9941,0.064,10.812
"Guaynabo, PR",2021262N16307,PETER,2021,260.5,0,0,45,0,0,0,0,,,,0,0,0,0,0,0,0,,
"Guaynabo, PR",2022246N18301,EARL,2022,217.6,0,2,60,0,0,0,0,2022-09-06,2022-09-06,2022-09-07,1,1,0,0,0.9946,8.836,0.9946,0.048,8.884
"Guaynabo, PR",2022257N16312,FIONA,2022,102.8,2,4,95,1,0,0,0,,,,0,0,0,0,0,0,0,,
"Guaynabo, PR",2022311N21293,NICOLE,2022,261,-3,1,35,0,0,0,0,,,,0,0,0,0,0,0,0,,
"Guaynabo, PR",2023232N13300,FRANKLIN,2023,403.8,0,4,55,0,1,0.0663,1.579,2023-08-24,2023-08-24,2023-08-26,2,2,1,0,1.9916,23.716,0.9986,0.101,23.817
"Guaynabo, PR",2023266N16323,PHILIPPE,2023,160.5,0,0,45,0,0,0,0,,,,0,0,0,0,0,0,0,,
"Guaynabo, PR",2023292N13309,TAMMY,2023,301,1,2,80,0,0,0,0,2023-10-16,2023-10-22,2023-10-24,8,2,1,0,7.8125,79.86,0.9982,1.906,81.766
"Houston Port Authority, TX",2015167N27266,BILL,2015,156.1,0,0,50,1,0,0,0,,,,0,0,0,0,0,0,0,,
"Houston Port Authority, TX",2017171N24271,CINDY,2017,160.9,0,0,50,1,0,0,0,2017-06-23,2017-06-27,2017-06-28,5,1,0,0,3.373,2206.85,0.9677,1087.92,3294.76
"Houston Port Authority, TX",2017228N14314,HARVEY,2017,165.9,4,4,115,1,0,0,0,2017-08-25,2017-08-28,2017-09-05,11,8,1,2,8.7022,5879.65,1,1564.06,7443.71
"Houston Port Authority, TX",2019192N29274,BARRY,2019,245.6,1,1,65,1,0,0,0,,,,0,0,0,0,0,0,0,,
"Houston Port Authority, TX",2019261N28264,IMELDA,2019,20.6,0,0,40,1,0,0,0,,,,0,0,0,0,0,0,0,,
"Houston Port Authority, TX",2019299N25265,OLGA,2019,410,0,0,45,1,0,0,0,2019-10-26,2019-10-26,2019-10-27,1,1,0,0,0.2207,142.764,0.2207,504.024,646.787
"Houston Port Authority, TX",2020154N19269,CRISTOBAL,2020,424.5,0,0,35,1,0,0,0,,,,0,0,0,0,0,0,0,,
"Houston Port Authority, TX",2020205N26272,HANNA,2020,306.8,1,1,80,1,0,0,0,,,,0,0,0,0,0,0,0,,
"Houston Port Authority, TX",2020233N14313,LAURA,2020,201.9,4,4,130,1,0,0,0,2020-08-26,2020-08-27,2020-08-29,3,2,1,0,2.2294,1060.88,0.9318,371.808,1432.68
"Houston Port Authority, TX",2020234N14280,MARCO,2020,311,-3,1,25,0,0,0,0,,,,0,0,0,0,0,0,0,,
"Houston Port Authority, TX",2020261N21265,BETA,2020,41.7,0,0,55,1,0,0,0,2020-09-20,2020-09-22,2020-09-24,4,2,1,0,2.4352,1239.3,0.7052,799.147,2038.44
"Houston Port Authority, TX",2020279N16284,DELTA,2020,202.4,3,4,105,1,0,0,0,,,,0,0,0,0,0,0,0,,
"Houston Port Authority, TX",2020299N18277,ZETA,2020,466,3,3,100,1,0,0,0,,,,0,0,0,0,0,0,0,,
"Houston Port Authority, TX",2021169N23268,CLAUDETTE,2021,429.3,0,0,40,1,2,0.0873,68.089,,,,0,0,0,0,0,0,0,,
"Houston Port Authority, TX",2021239N17281,IDA,2021,448.8,4,4,125,1,0,0,0,,,,0,0,0,0,0,0,0,,
"Houston Port Authority, TX",2021256N21265,NICHOLAS,2021,43.9,1,1,65,1,0,0,0,2021-09-14,2021-09-15,2021-09-16,2,1,0,0,0.5361,394.839,0.3115,1076.34,1471.18
"Houston Port Authority, TX",2023234N25271,HAROLD,2023,354,0,0,50,1,0,0,0,,,,0,0,0,0,0,0,0,,
"Illinois International Port, IL",2015167N27266,BILL,2015,433.5,-3,0,18,1,0,0,0,,,,0,0,0,0,0,0,0,,
"Illinois International Port, IL",2017228N14314,HARVEY,2017,477.8,-4,4,20,1,4,0.5252,7.602,,,,0,0,0,0,0,0,0,,
"Illinois International Port, IL",2017277N11279,NATE,2017,473.4,-4,1,23,1,0,0,0,,,,0,0,0,0,0,0,0,,
"Illinois International Port, IL",2018146N19273,ALBERTO,2018,145.1,-1,0,30,1,0,0,0,,,,0,0,0,0,0,0,0,,
"Illinois International Port, IL",2019299N25265,OLGA,2019,49.3,-4,0,35,1,0,0,0,2019-10-27,2019-10-27,2019-10-28,1,1,0,0,0.7453,4.971,0.7453,1.699,6.67
"Illinois International Port, IL",2020154N19269,CRISTOBAL,2020,270,-1,0,35,1,0,0,0,2020-06-05,2020-06-09,2020-06-12,7,3,1,4,6.847,37.177,1,0.787,37.963
"Illinois International Port, IL",2020233N14313,LAURA,2020,449.5,-1,4,25,1,0,0,0,,,,0,0,0,0,0,0,0,,
"Jacksonville, FL",2015126N27281,ANA,2015,372,0,0,50,1,0,0,0,,,,0,0,0,0,0,0,0,,
"Jacksonville, FL",2016148N27288,BONNIE,2016,228.4,0,0,40,1,0,0,0,2016-05-27,2016-05-28,2016-05-29,2,1,0,0,0.6404,53.934,0.322,114.424,168.358
"Jacksonville, FL",2016158N22272,COLIN,2016,58.3,0,0,45,1,0,0,0,,,,0,0,0,0,0,0,0,,
"Jacksonville, FL",2016242N24279,HERMINE,2016,160.6,1,1,70,1,0,0,0,2016-09-02,2016-09-02,2016-09-03,1,1,0,0,0.5032,42.018,0.5032,41.489,83.507
"Jacksonville, FL",2016257N27280,JULIA,2016,18.5,0,0,45,1,0,0,0,,,,0,0,0,0,0,0,0,,
"Jacksonville, FL",2016273N13300,MATTHEW,2016,93.5,4,5,115,1,0,0,0,2016-10-06,2016-10-07,2016-10-09,3,2,1,0,1.7059,133.122,0.636,100.047,233.17
"Jacksonville, FL",2017212N28275,EMILY,2017,277.2,0,0,50,1,0,0,0,,,,0,0,0,0,0,0,0,,
"Jacksonville, FL",2017240N31279,UNNAMED,2017,100.5,-3,-3,35,0,0,0,0,,,,0,0,0,0,0,0,0,,
"Jacksonville, FL",2017242N16333,IRMA,2017,129.4,3,5,100,1,0,0,0,2017-09-09,2017-09-10,2017-09-14,5,4,1,0,3.0819,185.479,0.7365,115.497,300.976
"Jacksonville, FL",2018146N19273,ALBERTO,2018,412.3,0,0,55,1,2,0.0798,7.605,,,,0,0,0,0,0,0,0,,
"Jacksonville, FL",2018242N13343,FLORENCE,2018,363.1,0,4,63,1,0,0,0,,,,0,0,0,0,0,0,0,,
"Jacksonville, FL",2018246N22283,GORDON,2018,445.3,0,0,55,0,0,0,0,,,,0,0,0,0,0,0,0,,
"Jacksonville, FL",2018280N18273,MICHAEL,2018,289.4,5,5,140,1,0,0,0,,,,0,0,0,0,0,0,0,,
"Jacksonville, FL",2019204N25283,UNNAMED,2019,251.3,-1,-1,30,0,0,0,0,,,,0,0,0,0,0,0,0,,
"Jacksonville, FL",2019236N10314,DORIAN,2019,188.2,4,5,120,0,2,0.3764,30.468,2019-09-02,2019-09-03,2019-09-06,4,3,1,0,2.2237,124.543,0.6311,101.188,225.731
"Jacksonville, FL",2019256N23286,HUMBERTO,2019,370.3,1,3,75,0,6,2.01,164.979,,,,0,0,0,0,0,0,0,,
"Jacksonville, FL",2019291N22264,NESTOR,2019,239.1,-4,0,40,1,0,0,0,2019-10-19,2019-10-19,2019-10-20,1,1,0,0,0.4338,23.955,0.4338,31.273,55.228
"Jacksonville, FL",2020138N28281,ARTHUR,2020,384.3,0,0,40,0,3,0.2124,22.035,,,,0,0,0,0,0,0,0,,
"Jacksonville, FL",2020148N32281,BERTHA,2020,302,0,0,45,1,0,0,0,,,,0,0,0,0,0,0,0,,
"Jacksonville, FL",2020188N28271,FAY,2020,308.7,-3,0,30,1,0,0,0,,,,0,0,0,0,0,0,0,,
"Jacksonville, FL",2020211N13306,ISAIAS,2020,161.7,1,1,80,1,0,0,0,2020-07-31,2020-08-05,2020-08-07,7,2,1,0,3.7779,325.915,0.7289,285.991,611.906
"Jacksonville, FL",2020244N30279,OMAR,2020,93.5,-1,0,30,0,0,0,0,2020-08-30,2020-08-30,2020-09-02,3,3,1,0,1.4612,108.523,0.5255,115.429,223.951
"Jacksonville, FL",2020256N25281,SALLY,2020,377,0,2,50,1,0,0,0,2020-09-17,2020-09-19,2020-09-20,3,1,0,0,0.9555,81.973,0.3509,176.257,258.23
"Jacksonville, FL",2020306N15288,ETA,2020,23.3,0,4,63,1,0,0,0,2020-11-09,2020-11-10,2020-11-13,4,3,1,0,2.0549,145.377,0.5852,137.429,282.806
"Jacksonville, FL",2021165N32282,BILL,2021,380.9,-3,0,20,0,0,0,0,,,,0,0,0,0,0,0,0,,
"Jacksonville, FL",2021169N23268,CLAUDETTE,2021,408.2,0,0,35,1,0,0,0,,,,0,0,0,0,0,0,0,,
"Jacksonville, FL",2021179N30287,DANNY,2021,244.5,0,0,40,1,2,0.2227,19.091,,,,0,0,0,0,0,0,0,,
"Jacksonville, FL",2021182N09317,ELSA,2021,151.3,1,1,65,1,0,0,0,,,,0,0,0,0,0,0,0,,
"Jacksonville, FL",2021222N14301,FRED,2021,359.5,0,0,55,1,0,0,0,,,,0,0,0,0,0,0,0,,
"Jacksonville, FL",2021252N28273,MINDY,2021,96.9,0,0,50,1,0,0,0,,,,0,0,0,0,0,0,0,,
"Jacksonville, FL",2022154N21273,ALEX,2022,364.4,0,0,45,1,1,0.009,0.817,,,,0,0,0,0,0,0,0,,
"Jacksonville, FL",2022183N32280,COLIN,2022,196.7,0,0,35,1,0,0,0,2022-07-02,2022-07-02,2022-07-03,1,1,0,0,0.6,44.908,0.6,29.94,74.847
"Jacksonville, FL",2022266N12294,IAN,2022,219.8,5,5,140,1,0,0,0,2022-09-28,2022-09-29,2022-10-02,4,3,1,0,2.3756,194.172,0.6839,128.595,322.767
"Jacksonville, FL",2022311N21293,NICOLE,2022,180.8,1,1,65,1,7,1.7024,159.006,,,,0,0,0,0,0,0,0,,
"Jacksonville, FL",2023239N21274,IDALIA,2023,125.7,4,4,115,1,0,0,0,2023-08-29,2023-08-30,2023-09-01,3,2,1,0,1.424,109.657,0.7496,124.955,234.612
"Lake Charles Harbor District, LA",2015167N27266,BILL,2015,319.1,0,0,50,1,0,0,0,2015-06-17,2015-06-17,2015-06-18,1,1,0,0,0.3908,43.136,0.3908,67.24,110.375
"Lake Charles Harbor District, LA",2017171N24271,CINDY,2017,41.1,0,0,50,1,0,0,0,2017-06-23,2017-06-27,2017-06-28,5,1,0,0,3.7545,496.161,0.983,163.663,659.824
"Lake Charles Harbor District, LA",2017228N14314,HARVEY,2017,19.2,4,4,115,1,0,0,0,2017-08-27,2017-08-30,2017-08-31,4,1,0,0,2.1445,250.12,0.5933,217.141,467.261
"Lake Charles Harbor District, LA",2017277N11279,NATE,2017,395.8,1,1,78,1,0,0,0,,,,0,0,0,0,0,0,0,,
"Lake Charles Harbor District, LA",2018246N22283,GORDON,2018,395.4,0,0,60,1,0,0,0,,,,0,0,0,0,0,0,0,,
"Lake Charles Harbor District, LA",2019192N29274,BARRY,2019,70.5,1,1,65,1,1,0.1377,19.548,,,,0,0,0,0,0,0,0,,
"Lake Charles Harbor District, LA",2019261N28264,IMELDA,2019,178.4,0,0,40,1,0,0,0,2019-09-18,2019-09-19,2019-09-20,2,1,0,0,0.9272,90.792,0.4669,105.046,195.838
"Lake Charles Harbor District, LA",2019299N25265,OLGA,2019,240.3,0,0,45,1,0,0,0,,,,0,0,0,0,0,0,0,,
"Lake Charles Harbor District, LA",2020154N19269,CRISTOBAL,2020,247.5,0,0,45,1,0,0,0,,,,0,0,0,0,0,0,0,,
"Lake Charles Harbor District, LA",2020205N26272,HANNA,2020,304.8,1,1,80,0,0,0,0,,,,0,0,0,0,0,0,0,,
"Lake Charles Harbor District, LA",2020233N14313,LAURA,2020,15.7,4,4,130,1,0,0,0,2020-08-27,2020-08-29,2020-08-30,3,1,0,0,2.2885,131.523,0.8046,40.869,172.392
"Lake Charles Harbor District, LA",2020234N14280,MARCO,2020,135,0,1,40,0,0,0,0,,,,0,0,0,0,0,0,0,,
"Lake Charles Harbor District, LA",2020261N21265,BETA,2020,62,0,0,55,1,0,0,0,2020-09-09,2020-09-28,2020-09-29,20,1,0,0,15.366,1071.86,0.8551,321.525,1393.38
"Lake Charles Harbor District, LA",2020279N16284,DELTA,2020,25.4,3,4,105,1,0,0,0,2020-10-09,2020-10-10,2020-10-11,2,1,0,0,1.8417,99.959,0.9538,8.645,108.604
"Lake Charles Harbor District, LA",2020299N18277,ZETA,2020,274.4,3,3,100,1,0,0,0,,,,0,0,0,0,0,0,0,,
"Lake Charles Harbor District, LA",2021169N23268,CLAUDETTE,2021,237.8,0,0,40,1,1,0.0218,3.366,,,,0,0,0,0,0,0,0,,
"Lake Charles Harbor District, LA",2021239N17281,IDA,2021,251.6,4,4,130,1,3,0.2476,40.461,2021-08-29,2021-08-29,2021-08-30,1,1,0,0,0.4954,57.963,0.4954,59.039,117.002
"Lake Charles Harbor District, LA",2021256N21265,NICHOLAS,2021,44,1,1,65,1,1,0.0979,16.826,,,,0,0,0,0,0,0,0,,
"Lake Charles Harbor District, LA",2023234N25271,HAROLD,2023,449.6,0,0,50,0,0,0,0,,,,0,0,0,0,0,0,0,,
"Manatee County Port, FL",2015126N27281,ANA,2015,321.4,-3,0,25,0,0,0,0,,,,0,0,0,0,0,0,0,,
"Manatee County Port, FL",2016148N27288,BONNIE,2016,473.9,0,0,40,0,0,0,0,,,,0,0,0,0,0,0,0,,
"Manatee County Port, FL",2016158N22272,COLIN,2016,285.3,0,0,45,1,2,0.782,17.935,,,,0,0,0,0,0,0,0,,
"Manatee County Port, FL",2016242N24279,HERMINE,2016,293.1,1,1,70,1,0,0,0,,,,0,0,0,0,0,0,0,,
"Manatee County Port, FL",2016257N27280,JULIA,2016,173.2,0,0,45,1,0,0,0,,,,0,0,0,0,0,0,0,,
"Manatee County Port, FL",2016273N13300,MATTHEW,2016,249.1,4,5,120,0,0,0,0,2016-10-04,2016-10-06,2016-10-10,6,4,1,0,5.3751,90.507,0.9988,11.357,101.864
"Manatee County Port, FL",2017212N28275,EMILY,2017,15.7,0,0,50,1,2,0.6742,12.147,,,,0,0,0,0,0,0,0,,
"Manatee County Port, FL",2017240N31279,UNNAMED,2017,392.8,-3,-3,35,0,2,1.4024,27.752,,,,0,0,0,0,0,0,0,,
"Manatee County Port, FL",2017242N16333,IRMA,2017,45.2,4,5,115,1,0,0,0,,,,0,0,0,0,0,0,0,,
"Manatee County Port, FL",2018146N19273,ALBERTO,2018,223.6,0,0,55,1,0,0,0,,,,0,0,0,0,0,0,0,,
"Manatee County Port, FL",2018246N22283,GORDON,2018,135,0,0,58,1,0,0,0,,,,0,0,0,0,0,0,0,,
"Manatee County Port, FL",2018280N18273,MICHAEL,2018,407,5,5,140,1,0,0,0,2018-10-10,2018-10-19,2018-10-20,10,1,0,0,7.4001,203.105,0.8549,71.076,274.18
"Manatee County Port, FL",2019192N29274,BARRY,2019,422.3,-3,1,30,0,0,0,0,,,,0,0,0,0,0,0,0,,
"Manatee County Port, FL",2019204N25283,UNNAMED,2019,253.3,-1,-1,30,0,0,0,0,,,,0,0,0,0,0,0,0,,
"Manatee County Port, FL",2019236N10314,DORIAN,2019,342.7,5,5,155,0,0,0,0,2019-09-02,2019-09-02,2019-09-03,1,1,0,0,0.7416,11.497,0.7416,4.006,15.503
"Manatee County Port, FL",2019256N23286,HUMBERTO,2019,454.2,1,3,65,0,4,0.5194,12.361,,,,0,0,0,0,0,0,0,,
"Manatee County Port, FL",2019291N22264,NESTOR,2019,423.6,0,0,50,1,1,0.4704,13.866,,,,0,0,0,0,0,0,0,,
"Manatee County Port, FL",2020138N28281,ARTHUR,2020,364.6,0,0,35,0,0,0,0,,,,0,0,0,0,0,0,0,,
"Manatee County Port, FL",2020188N28271,FAY,2020,390.5,-3,0,30,1,0,0,0,,,,0,0,0,0,0,0,0,,
"Manatee County Port, FL",2020211N13306,ISAIAS,2020,272.3,1,1,65,0,0,0,0,,,,0,0,0,0,0,0,0,,
"Manatee County Port, FL",2020244N30279,OMAR,2020,343.1,-3,0,28,0,0,0,0,,,,0,0,0,0,0,0,0,,
"Manatee County Port, FL",2020256N25281,SALLY,2020,142.4,1,2,70,1,0,0,0,,,,0,0,0,0,0,0,0,,
"Manatee County Port, FL",2020306N15288,ETA,2020,121.9,1,4,65,1,0,0,0,,,,0,0,0,0,0,0,0,,
"Manatee County Port, FL",2021182N09317,ELSA,2021,107.5,1,1,65,1,2,0.7029,18.346,,,,0,0,0,0,0,0,0,,
"Manatee County Port, FL",2021222N14301,FRED,2021,295.2,0,0,55,1,0,0,0,,,,0,0,0,0,0,0,0,,
"Manatee County Port, FL",2021239N17281,IDA,2021,470.8,2,4,85,0,0,0,0,2021-08-23,2021-08-27,2021-08-31,8,4,1,0,5.4314,97.913,0.8108,46.948,144.861
"Manatee County Port, FL",2021252N28273,MINDY,2021,361.7,0,0,50,1,4,0.9367,23.689,,,,0,0,0,0,0,0,0,,
"Manatee County Port, FL",2022154N21273,ALEX,2022,143.6,0,0,43,1,6,2.0953,60.728,,,,0,0,0,0,0,0,0,,
"Manatee County Port, FL",2022266N12294,IAN,2022,71.9,5,5,140,1,0,0,0,2022-09-26,2022-09-28,2022-10-01,5,3,1,0,3.8133,76.812,0.8357,24.255,101.067
"Manatee County Port, FL",2022311N21293,NICOLE,2022,94.5,1,1,65,1,0,0,0,,,,0,0,0,0,0,0,0,,
"Manatee County Port, FL",2023152N26274,ARLENE,2023,336.8,0,0,35,0,0,0,0,2023-05-31,2023-05-31,2023-06-02,2,2,1,0,1.2878,24.33,0.6763,13.454,37.784
"Manatee County Port, FL",2023239N21274,IDALIA,2023,229.5,4,4,115,1,0,0,0,2023-08-29,2023-08-31,2023-09-01,3,1,0,0,2.6045,40.822,0.8925,6.268,47.091
"Milwaukee, WI",2018146N19273,ALBERTO,2018,230,-1,0,30,1,0,0,0,,,,0,0,0,0,0,0,0,,
"Milwaukee, WI",2019299N25265,OLGA,2019,100.8,-4,0,30,1,12,1.4709,11.859,,,,0,0,0,0,0,0,0,,
"Milwaukee, WI",2020154N19269,CRISTOBAL,2020,190.7,-1,0,35,1,0,0,0,,,,0,0,0,0,0,0,0,,
"Mobile, AL",2016158N22272,COLIN,2016,341,0,0,45,1,1,0.0255,3,,,,0,0,0,0,0,0,0,,
"Mobile, AL",2016242N24279,HERMINE,2016,368.4,1,1,70,1,0,0,0,2016-08-29,2016-08-30,2016-09-03,5,4,1,0,2.4734,244.565,0.5428,249.927,494.492
"Mobile, AL",2017212N28275,EMILY,2017,363.1,0,0,38,0,0,0,0,,,,0,0,0,0,0,0,0,,
"Mobile, AL",2017228N14314,HARVEY,2017,397.1,0,4,38,1,0,0,0,2017-08-29,2017-08-29,2017-08-31,2,2,1,0,1.0654,82.451,0.636,72.115,154.566
"Mobile, AL",2017242N16333,IRMA,2017,338.4,0,5,48,1,0,0,0,,,,0,0,0,0,0,0,0,,
"Mobile, AL",2017277N11279,NATE,2017,70.4,1,1,80,1,0,0,0,,,,0,0,0,0,0,0,0,,
"Mobile, AL",2018146N19273,ALBERTO,2018,190,0,0,55,1,0,0,0,,,,0,0,0,0,0,0,0,,
"Mobile, AL",2018246N22283,GORDON,2018,48.4,0,0,60,1,0,0,0,2018-09-04,2018-09-05,2018-09-06,2,1,0,0,1.717,91.258,0.8765,15.063,106.321
"Mobile, AL",2018280N18273,MICHAEL,2018,254.1,5,5,140,1,0,0,0,,,,0,0,0,0,0,0,0,,
"Mobile, AL",2019192N29274,BARRY,2019,286.4,1,1,65,1,1,0.3084,25.113,,,,0,0,0,0,0,0,0,,
"Mobile, AL",2019291N22264,NESTOR,2019,223.5,0,0,50,1,1,0.1732,17.14,,,,0,0,0,0,0,0,0,,
"Mobile, AL",2019299N25265,OLGA,2019,214,-4,0,45,1,0,0,0,,,,0,0,0,0,0,0,0,,
"Mobile, AL",2020154N19269,CRISTOBAL,2020,197.9,0,0,45,1,0,0,0,,,,0,0,0,0,0,0,0,,
"Mobile, AL",2020188N28271,FAY,2020,267.5,-3,0,30,1,0,0,0,,,,0,0,0,0,0,0,0,,
"Mobile, AL",2020233N14313,LAURA,2020,497.3,2,4,85,1,0,0,0,,,,0,0,0,0,0,0,0,,
"Mobile, AL",2020234N14280,MARCO,2020,211.1,0,1,55,0,0,0,0,,,,0,0,0,0,0,0,0,,
"Mobile, AL",2020256N25281,SALLY,2020,51.5,2,2,95,1,0,0,0,2020-09-15,2020-09-16,2020-09-19,4,3,1,1,3.1291,172.107,1,49.034,221.141
"Mobile, AL",2020261N21265,BETA,2020,276,-4,0,25,1,0,0,0,,,,0,0,0,0,0,0,0,,
"Mobile, AL",2020279N16284,DELTA,2020,369.7,2,4,85,1,1,0.0291,2.884,,,,0,0,0,0,0,0,0,,
"Mobile, AL",2020299N18277,ZETA,2020,111.5,3,3,100,1,0,0,0,2020-10-29,2020-10-29,2020-10-30,1,1,0,0,0.8177,53.073,0.8177,11.83,64.903
"Mobile, AL",2021169N23268,CLAUDETTE,2021,114,0,0,40,1,0,0,0,,,,0,0,0,0,0,0,0,,
"Mobile, AL",2021182N09317,ELSA,2021,449.9,0,1,55,1,0,0,0,,,,0,0,0,0,0,0,0,,
"Mobile, AL",2021222N14301,FRED,2021,258.5,0,0,55,1,0,0,0,2021-08-16,2021-08-16,2021-08-17,1,1,0,0,0.4455,33.327,0.4455,41.476,74.803
"Mobile, AL",2021239N17281,IDA,2021,254.5,4,4,130,1,0,0,0,,,,0,0,0,0,0,0,0,,
"Mobile, AL",2021252N28273,MINDY,2021,267.6,0,0,50,1,0,0,0,2021-09-08,2021-09-09,2021-09-10,2,1,0,0,0.9292,67.184,0.4764,77.353,144.537
"Mobile, AL",2021256N21265,NICHOLAS,2021,360.8,-1,1,25,1,0,0,0,,,,0,0,0,0,0,0,0,,
"Mobile, AL",2022311N21293,NICOLE,2022,339.1,0,1,38,1,0,0,0,,,,0,0,0,0,0,0,0,,
"Mobile, AL",2023152N26274,ARLENE,2023,334.7,0,0,35,0,0,0,0,2023-06-01,2023-06-01,2023-06-02,1,1,0,0,0.5441,49.616,0.5441,41.57,91.186
"Mobile, AL",2023239N21274,IDALIA,2023,423.3,4,4,115,1,0,0,0,,,,0,0,0,0,0,0,0,,
"Morehead City, NC",2015126N27281,ANA,2015,143.3,0,0,50,1,0,0,0,,,,0,0,0,0,0,0,0,,
"Morehead City, NC",2015193N35285,CLAUDETTE,2015,142.7,-3,0,28,0,0,0,0,2015-07-12,2015-07-12,2015-07-18,6,6,1,4,5.6333,37.981,1,2.503,40.485
"Morehead City, NC",2015313N22289,KATE,2015,467.9,0,1,63,0,0,0,0,,,,0,0,0,0,0,0,0,,
"Morehead City, NC",2016148N27288,BONNIE,2016,93.3,0,0,40,1,1,0.0369,0.52,2016-05-26,2016-05-27,2016-05-30,4,3,1,2,3.7794,23.381,1,1.376,24.757
"Morehead City, NC",2016158N22272,COLIN,2016,52.4,0,0,50,0,0,0,0,2016-06-04,2016-06-10,2016-06-11,7,1,0,4,6.4784,41.879,1,3.501,45.38
"Morehead City, NC",2016240N31295,UNNAMED,2016,166.1,-1,-1,30,0,2,0.8143,10.511,2016-08-29,2016-08-29,2016-08-30,1,1,0,0,0.9964,5.377,0.9964,0.019,5.396
"Morehead City, NC",2016242N24279,HERMINE,2016,46.4,0,1,60,1,0,0,0,2016-09-03,2016-09-03,2016-09-05,2,2,1,1,1.9954,9.985,1,0.022,10.008
"Morehead City, NC",2016257N27280,JULIA,2016,67.4,0,0,40,1,4,1.7906,22.734,2016-09-18,2016-09-18,2016-09-20,2,2,1,1,1.8791,10.113,1,0.662,10.775
"Morehead City, NC",2016273N13300,MATTHEW,2016,49.3,2,5,85,1,0,0,0,2016-10-06,2016-10-08,2016-10-13,7,5,0,5,6.8888,42.42,1,0.73,43.15
"Morehead City, NC",2017171N24271,CINDY,2017,489.6,-3,0,25,1,0,0,0,,,,0,0,0,0,0,0,0,,
"Morehead City, NC",2017212N28275,EMILY,2017,465.8,-3,0,30,0,0,0,0,2017-08-02,2017-08-03,2017-08-05,3,2,0,2,2.9962,18.43,1,0.024,18.453
"Morehead City, NC",2017224N22293,GERT,2017,485.9,1,2,73,0,2,0.3301,4.462,,,,0,0,0,0,0,0,0,,
"Morehead City, NC",2017240N31279,UNNAMED,2017,6.6,-3,-3,40,1,11,6.1449,72.738,,,,0,0,0,0,0,0,0,,
"Morehead City, NC",2017247N09327,JOSE,2017,475.1,1,4,65,0,0,0,0,,,,0,0,0,0,0,0,0,,
"Morehead City, NC",2017260N12310,MARIA,2017,338.5,1,5,70,0,2,0.2985,4.142,2017-09-26,2017-09-26,2017-09-27,1,1,0,1,1,6.27,1,0,6.27
"Morehead City, NC",2018186N31292,CHRIS,2018,219.2,2,2,90,0,1,0.4884,6.107,,,,0,0,0,0,0,0,0,,
"Morehead City, NC",2018242N13343,FLORENCE,2018,70.2,3,4,105,1,0,0,0,,,,0,0,0,0,0,0,0,,
"Morehead City, NC",2018280N18273,MICHAEL,2018,215.3,0,5,60,1,0,0,0,2018-10-11,2018-10-11,2018-10-13,2,2,1,1,1.998,11.717,1,0.011,11.729
"Morehead City, NC",2019236N10314,DORIAN,2019,42.4,3,5,100,0,0,0,0,,,,0,0,0,0,0,0,0,,
"Morehead City, NC",2019239N32287,ERIN,2019,355.3,0,0,35,0,0,0,0,,,,0,0,0,0,0,0,0,,
"Morehead City, NC",2019282N35286,MELISSA,2019,242.4,-4,0,40,0,0,0,0,,,,0,0,0,0,0,0,0,,
"Morehead City, NC",2019291N22264,NESTOR,2019,194.5,-4,0,40,1,0,0,0,,,,0,0,0,0,0,0,0,,
"Morehead City, NC",2020138N28281,ARTHUR,2020,84.9,0,0,50,0,0,0,0,,,,0,0,0,0,0,0,0,,
"Morehead City, NC",2020148N32281,BERTHA,2020,329.7,0,0,45,1,0,0,0,,,,0,0,0,0,0,0,0,,
"Morehead City, NC",2020188N28271,FAY,2020,70.2,0,0,50,1,0,0,0,,,,0,0,0,0,0,0,0,,
"Morehead City, NC",2020211N13306,ISAIAS,2020,128,1,1,80,1,0,0,0,,,,0,0,0,0,0,0,0,,
"Morehead City, NC",2020228N37286,KYLE,2020,309.5,0,0,35,0,0,0,0,,,,0,0,0,0,0,0,0,,
"Morehead City, NC",2020244N30279,OMAR,2020,190.1,0,0,35,0,0,0,0,,,,0,0,0,0,0,0,0,,
"Morehead City, NC",2020256N25281,SALLY,2020,379.2,-4,2,30,1,0,0,0,,,,0,0,0,0,0,0,0,,
"Morehead City, NC",2020299N18277,ZETA,2020,365.8,0,3,45,1,0,0,0,,,,0,0,0,0,0,0,0,,
"Morehead City, NC",2020306N15288,ETA,2020,154.8,0,4,40,0,0,0,0,,,,0,0,0,0,0,0,0,,
"Morehead City, NC",2021165N32282,BILL,2021,186.7,0,0,38,0,0,0,0,,,,0,0,0,0,0,0,0,,
"Morehead City, NC",2021169N23268,CLAUDETTE,2021,136.2,0,0,40,1,0,0,0,,,,0,0,0,0,0,0,0,,
"Morehead City, NC",2021179N30287,DANNY,2021,368,0,0,40,1,0,0,0,,,,0,0,0,0,0,0,0,,
"Morehead City, NC",2021182N09317,ELSA,2021,202,0,1,50,1,0,0,0,,,,0,0,0,0,0,0,0,,
"Morehead City, NC",2021227N36297,HENRI,2021,386.9,1,1,65,0,0,0,0,2021-08-12,2021-08-12,2021-08-25,13,13,0,13,13,71.937,1,0,71.937
"Morehead City, NC",2021252N28273,MINDY,2021,292.4,-1,0,30,0,0,0,0,,,,0,0,0,0,0,0,0,,
"Morehead City, NC",2021259N30286,ODETTE,2021,181.8,0,0,38,0,3,2.2195,23.545,,,,0,0,0,0,0,0,0,,
"Morehead City, NC",2021299N33284,WANDA,2021,198.4,-4,0,45,0,0,0,0,,,,0,0,0,0,0,0,0,,
"Morehead City, NC",2022183N32280,COLIN,2022,224,0,0,35,1,0,0,0,,,,0,0,0,0,0,0,0,,
"Morehead City, NC",2022266N12294,IAN,2022,237.5,1,5,75,1,0,0,0,,,,0,0,0,0,0,0,0,,
"Morehead City, NC",2023239N21274,IDALIA,2023,117,0,4,55,1,0,0,0,2023-08-31,2023-08-31,2023-09-02,2,2,1,1,1.8647,10.645,1,0.756,11.401
"Morehead City, NC",2023265N29284,OPHELIA,2023,33.4,0,0,60,1,0,0,0,,,,0,0,0,0,0,0,0,,
"New Haven, CT",2015126N27281,ANA,2015,165.3,-1,0,30,1,0,0,0,,,,0,0,0,0,0,0,0,,
"New Haven, CT",2016158N22272,COLIN,2016,445.1,-4,0,50,0,0,0,0,,,,0,0,0,0,0,0,0,,
"New Haven, CT",2016242N24279,HERMINE,2016,202.8,-4,1,55,1,1,0.0539,1.057,,,,0,0,0,0,0,0,0,,
"New Haven, CT",2017247N09327,JOSE,2017,346,0,4,60,0,3,0.6985,11.091,,,,0,0,0,0,0,0,0,,
"New Haven, CT",2017277N11279,NATE,2017,285.5,-4,1,25,1,0,0,0,,,,0,0,0,0,0,0,0,,
"New Haven, CT",2018242N13343,FLORENCE,2018,103.7,-4,4,25,1,0,0,0,,,,0,0,0,0,0,0,0,,
"New Haven, CT",2018280N18273,MICHAEL,2018,315.2,-4,5,60,0,0,0,0,,,,0,0,0,0,0,0,0,,
"New Haven, CT",2019236N10314,DORIAN,2019,434.6,2,5,85,0,0,0,0,2019-09-06,2019-09-06,2019-09-08,2,2,1,1,1.8529,17.324,1,1.36,18.684
"New Haven, CT",2019239N32287,ERIN,2019,482.6,-4,0,35,0,0,0,0,,,,0,0,0,0,0,0,0,,
"New Haven, CT",2019282N35286,MELISSA,2019,425.4,-2,0,55,0,0,0,0,,,,0,0,0,0,0,0,0,,
"New Haven, CT",2019291N22264,NESTOR,2019,444.8,-4,0,40,0,0,0,0,,,,0,0,0,0,0,0,0,,
"New Haven, CT",2020188N28271,FAY,2020,108.5,0,0,50,1,0,0,0,,,,0,0,0,0,0,0,0,,
"New Haven, CT",2020211N13306,ISAIAS,2020,164.2,0,1,58,1,0,0,0,,,,0,0,0,0,0,0,0,,
"New Haven, CT",2020228N37286,KYLE,2020,403.3,0,0,45,0,0,0,0,,,,0,0,0,0,0,0,0,,
"New Haven, CT",2020299N18277,ZETA,2020,226.4,-4,3,45,0,2,1.26,22,,,,0,0,0,0,0,0,0,,
"New Haven, CT",2021169N23268,CLAUDETTE,2021,375.2,0,0,40,0,2,0.0768,1.791,,,,0,0,0,0,0,0,0,,
"New Haven, CT",2021182N09317,ELSA,2021,69.4,0,1,50,1,0,0,0,2021-07-10,2021-07-10,2021-07-12,2,2,1,0,1.6061,18.143,0.8367,4.446,22.589
"New Haven, CT",2021222N14301,FRED,2021,154.9,-4,0,25,1,0,0,0,2021-08-18,2021-08-20,2021-08-24,6,4,1,3,5.842,63.036,1,1.759,64.794
"New Haven, CT",2021227N36297,HENRI,2021,21.2,1,1,65,1,0,0,0,2021-08-18,2021-08-20,2021-08-24,6,4,1,3,5.8421,63.109,1,1.759,64.868
"New Haven, CT",2021239N17281,IDA,2021,79.7,-4,4,40,1,0,0,0,,,,0,0,0,0,0,0,0,,
"New Haven, CT",2021259N30286,ODETTE,2021,478.5,0,0,40,0,0,0,0,2021-09-17,2021-09-18,2021-09-20,3,2,1,0,2.7497,33.361,0.9585,3.042,36.403
"New Haven, CT",2021299N33284,WANDA,2021,251.7,-4,0,60,0,0,0,0,,,,0,0,0,0,0,0,0,,
"New Haven, CT",2023265N29284,OPHELIA,2023,431.4,-4,0,20,1,0,0,0,,,,0,0,0,0,0,0,0,,
"New Orleans, LA",2016158N22272,COLIN,2016,438.2,0,0,45,0,0,0,0,,,,0,0,0,0,0,0,0,,
"New Orleans, LA",2016242N24279,HERMINE,2016,498.2,0,1,63,0,0,0,0,2016-09-01,2016-09-01,2016-09-03,2,2,1,0,0.455,121.001,0.2336,410.827,531.828
"New Orleans, LA",2017171N24271,CINDY,2017,354.3,0,0,50,1,0,0,0,,,,0,0,0,0,0,0,0,,
"New Orleans, LA",2017212N28275,EMILY,2017,484,-1,0,30,0,0,0,0,,,,0,0,0,0,0,0,0,,
"New Orleans, LA",2017228N14314,HARVEY,2017,283.3,0,4,45,1,3,0.2189,72.598,,,,0,0,0,0,0,0,0,,
"New Orleans, LA",2017277N11279,NATE,2017,80.1,1,1,80,1,0,0,0,2017-10-07,2017-10-08,2017-10-09,2,1,0,0,0.754,217.483,0.4021,358.983,576.467
"New Orleans, LA",2018146N19273,ALBERTO,2018,384,0,0,55,1,5,0.4945,142.976,,,,0,0,0,0,0,0,0,,
"New Orleans, LA",2018246N22283,GORDON,2018,141.5,0,0,60,1,0,0,0,,,,0,0,0,0,0,0,0,,
"New Orleans, LA",2018280N18273,MICHAEL,2018,377.9,5,5,140,1,0,0,0,,,,0,0,0,0,0,0,0,,
"New Orleans, LA",2019192N29274,BARRY,2019,193.6,1,1,65,1,0,0,0,2019-07-11,2019-07-13,2019-07-14,3,1,0,0,0.9817,216.504,0.3855,445.592,662.096
"New Orleans, LA",2019261N28264,IMELDA,2019,472.7,-1,0,30,1,0,0,0,,,,0,0,0,0,0,0,0,,
"New Orleans, LA",2019291N22264,NESTOR,2019,320.3,0,0,50,1,0,0,0,,,,0,0,0,0,0,0,0,,
"New Orleans, LA",2019299N25265,OLGA,2019,57.1,-4,0,45,1,0,0,0,,,,0,0,0,0,0,0,0,,
"New Orleans, LA",2020154N19269,CRISTOBAL,2020,31,0,0,45,1,0,0,0,,,,0,0,0,0,0,0,0,,
"New Orleans, LA",2020188N28271,FAY,2020,287.9,-3,0,30,1,0,0,0,,,,0,0,0,0,0,0,0,,
"New Orleans, LA",2020205N26272,HANNA,2020,422,0,1,50,0,0,0,0,,,,0,0,0,0,0,0,0,,
"New Orleans, LA",2020233N14313,LAURA,2020,318.3,4,4,130,1,0,0,0,,,,0,0,0,0,0,0,0,,
"New Orleans, LA",2020234N14280,MARCO,2020,140.7,0,1,55,0,0,0,0,2020-08-24,2020-08-25,2020-08-26,2,1,0,0,0.6285,111.57,0.3213,243.337,354.907
"New Orleans, LA",2020256N25281,SALLY,2020,194.7,2,2,95,1,0,0,0,2020-09-14,2020-09-15,2020-09-16,2,1,0,0,0.8499,158.303,0.4366,214.321,372.624
"New Orleans, LA",2020261N21265,BETA,2020,220.7,0,0,55,1,0,0,0,,,,0,0,0,0,0,0,0,,
"New Orleans, LA",2020279N16284,DELTA,2020,252.4,3,4,100,1,0,0,0,2020-10-08,2020-10-09,2020-10-10,2,1,0,0,0.7938,134.157,0.4455,204.335,338.492
"New Orleans, LA",2020299N18277,ZETA,2020,18.7,3,3,100,1,0,0,0,,,,0,0,0,0,0,0,0,,
"New Orleans, LA",2021169N23268,CLAUDETTE,2021,37.7,0,0,40,1,0,0,0,,,,0,0,0,0,0,0,0,,
"New Orleans, LA",2021222N14301,FRED,2021,443.6,0,0,55,1,0,0,0,2021-08-16,2021-08-21,2021-08-23,7,2,1,0,1.9161,496.077,0.3227,1317.07,1813.14
"New Orleans, LA",2021239N17281,IDA,2021,59.5,4,4,130,1,0,0,0,2021-08-27,2021-09-10,2021-09-11,15,1,0,0,7.9467,2187.59,0.9575,1944.27,4131.86
"New Orleans, LA",2021252N28273,MINDY,2021,362.2,0,0,50,1,0,0,0,2021-08-29,2021-09-11,2021-09-12,14,1,0,0,7.3739,2002.43,0.9567,1811.31,3813.74
"New Orleans, LA",2021256N21265,NICHOLAS,2021,165.6,0,1,35,1,0,0,0,,,,0,0,0,0,0,0,0,,
"New Orleans, LA",2023152N26274,ARLENE,2023,411.1,0,0,35,0,1,0.0239,6.603,,,,0,0,0,0,0,0,0,,
"New York, NY & NJ",2015126N27281,ANA,2015,175.3,-1,0,30,1,0,0,0,,,,0,0,0,0,0,0,0,,
"New York, NY & NJ",2016158N22272,COLIN,2016,459,-4,0,50,0,0,0,0,,,,0,0,0,0,0,0,0,,
"New York, NY & NJ",2016240N31295,UNNAMED,2016,498.8,-1,-1,30,0,0,0,0,2016-08-27,2016-09-05,2016-09-08,12,3,1,0,3.2529,2037.28,0.5243,5507.51,7544.78
"New York, NY & NJ",2016242N24279,HERMINE,2016,199.2,-4,1,55,1,0,0,0,2016-08-27,2016-09-05,2016-09-08,12,3,1,0,3.2895,2069.01,0.5265,5507.51,7576.52
"New York, NY & NJ",2017171N24271,CINDY,2017,430.9,-3,0,25,1,0,0,0,2017-06-23,2017-06-27,2017-06-28,5,1,0,0,3.3451,1806.87,0.964,906.776,2713.65
"New York, NY & NJ",2017247N09327,JOSE,2017,396.5,0,4,60,0,1,0.0046,3.2,2017-09-21,2017-09-21,2017-09-22,1,1,0,0,0.1423,88.225,0.1423,531.833,620.057
"New York, NY & NJ",2017260N12310,MARIA,2017,483.3,1,5,65,0,1,0.0157,11.397,,,,0,0,0,0,0,0,0,,
"New York, NY & NJ",2017277N11279,NATE,2017,325.7,-4,1,25,1,0,0,0,2017-10-08,2017-10-08,2017-10-11,3,3,1,0,0.6477,382.267,0.2516,1398.57,1780.84
"New York, NY & NJ",2018242N13343,FLORENCE,2018,155.5,-4,4,25,1,0,0,0,2018-09-18,2018-09-19,2018-09-20,2,1,0,0,0.3413,214.909,0.1901,1042.12,1257.03
"New York, NY & NJ",2018280N18273,MICHAEL,2018,305.5,-4,5,60,1,0,0,0,,,,0,0,0,0,0,0,0,,
"New York, NY & NJ",2019236N10314,DORIAN,2019,441.4,2,5,85,0,0,0,0,,,,0,0,0,0,0,0,0,,
"New York, NY & NJ",2019239N32287,ERIN,2019,494.6,-4,0,35,0,0,0,0,,,,0,0,0,0,0,0,0,,
"New York, NY & NJ",2019282N35286,MELISSA,2019,458.4,-2,0,55,0,0,0,0,,,,0,0,0,0,0,0,0,,
"New York, NY & NJ",2019291N22264,NESTOR,2019,358.5,-4,0,40,1,0,0,0,,,,0,0,0,0,0,0,0,,
"New York, NY & NJ",2020138N28281,ARTHUR,2020,490.5,0,0,50,0,0,0,0,,,,0,0,0,0,0,0,0,,
"New York, NY & NJ",2020188N28271,FAY,2020,24.7,0,0,50,1,0,0,0,,,,0,0,0,0,0,0,0,,
"New York, NY & NJ",2020211N13306,ISAIAS,2020,92.2,0,1,60,1,0,0,0,,,,0,0,0,0,0,0,0,,
"New York, NY & NJ",2020228N37286,KYLE,2020,385.5,0,0,45,0,0,0,0,,,,0,0,0,0,0,0,0,,
"New York, NY & NJ",2020299N18277,ZETA,2020,237.6,-4,3,45,1,0,0,0,,,,0,0,0,0,0,0,0,,
"New York, NY & NJ",2021169N23268,CLAUDETTE,2021,373.3,0,0,40,0,0,0,0,,,,0,0,0,0,0,0,0,,
"New York, NY & NJ",2021182N09317,ELSA,2021,90.9,0,1,50,1,0,0,0,,,,0,0,0,0,0,0,0,,
"New York, NY & NJ",2021222N14301,FRED,2021,208.4,-3,0,25,1,0,0,0,2021-08-18,2021-08-19,2021-08-20,2,1,0,0,0.767,499.42,0.5234,803.248,1302.67
"New York, NY & NJ",2021227N36297,HENRI,2021,88.7,1,1,65,1,0,0,0,,,,0,0,0,0,0,0,0,,
"New York, NY & NJ",2021239N17281,IDA,2021,57.8,-4,4,40,1,0,0,0,,,,0,0,0,0,0,0,0,,
"New York, NY & NJ",2021259N30286,ODETTE,2021,479.6,0,0,40,0,0,0,0,,,,0,0,0,0,0,0,0,,
"New York, NY & NJ",2021299N33284,WANDA,2021,340,-4,0,60,0,0,0,0,,,,0,0,0,0,0,0,0,,
"New York, NY & NJ",2023265N29284,OPHELIA,2023,316.4,-4,0,25,1,2,0.0526,36.984,,,,0,0,0,0,0,0,0,,
"Northern Indiana District, IN",2015167N27266,BILL,2015,383.6,-3,0,20,1,0,0,0,,,,0,0,0,0,0,0,0,,
"Northern Indiana District, IN",2017171N24271,CINDY,2017,481.3,-3,0,25,1,0,0,0,,,,0,0,0,0,0,0,0,,
"Northern Indiana District, IN",2017228N14314,HARVEY,2017,419.8,-4,4,20,1,0,0,0,,,,0,0,0,0,0,0,0,,
"Northern Indiana District, IN",2017277N11279,NATE,2017,410.4,-3,1,23,1,0,0,0,,,,0,0,0,0,0,0,0,,
"Northern Indiana District, IN",2018146N19273,ALBERTO,2018,88.7,-1,0,30,1,2,0.199,2.513,,,,0,0,0,0,0,0,0,,
"Northern Indiana District, IN",2019299N25265,OLGA,2019,46.2,-4,0,35,1,2,0.2676,3.298,,,,0,0,0,0,0,0,0,,
"Northern Indiana District, IN",2020154N19269,CRISTOBAL,2020,331.2,-1,0,35,1,0,0,0,2020-06-08,2020-06-09,2020-06-10,2,1,0,0,1.0021,9.311,0.5088,9.268,18.579
"Northern Indiana District, IN",2020233N14313,LAURA,2020,404.4,-1,4,25,1,0,0,0,,,,0,0,0,0,0,0,0,,
"Orange County Nav District, TX",2015167N27266,BILL,2015,303,0,0,50,1,0,0,0,2015-06-15,2015-06-17,2015-06-18,3,1,0,0,2.3723,52.237,0.8011,13.8,66.037
"Orange County Nav District, TX",2017171N24271,CINDY,2017,21.4,0,0,50,1,0,0,0,2017-06-23,2017-06-23,2017-06-24,1,1,0,0,0.488,16.535,0.488,17.349,33.884
"Orange County Nav District, TX",2017228N14314,HARVEY,2017,45.6,4,4,115,1,0,0,0,,,,0,0,0,0,0,0,0,,
"Orange County Nav District, TX",2017277N11279,NATE,2017,452.7,1,1,75,1,2,0.1919,8.987,,,,0,0,0,0,0,0,0,,
"Orange County Nav District, TX",2018246N22283,GORDON,2018,424.2,0,0,45,1,0,0,0,2018-09-05,2018-09-05,2018-09-06,1,1,0,0,0.3855,17.366,0.3855,27.685,45.051
"Orange County Nav District, TX",2019192N29274,BARRY,2019,107,1,1,65,1,0,0,0,,,,0,0,0,0,0,0,0,,
"Orange County Nav District, TX",2019261N28264,IMELDA,2019,118.4,0,0,40,1,0,0,0,,,,0,0,0,0,0,0,0,,
"Orange County Nav District, TX",2019299N25265,OLGA,2019,299.7,0,0,45,1,0,0,0,,,,0,0,0,0,0,0,0,,
"Orange County Nav District, TX",2020154N19269,CRISTOBAL,2020,287.8,0,0,45,1,0,0,0,2020-06-04,2020-06-14,2020-06-15,11,1,0,0,3.7668,212.817,0.3725,408.615,621.432
"Orange County Nav District, TX",2020205N26272,HANNA,2020,325.9,1,1,80,0,0,0,0,2020-07-19,2020-07-27,2020-07-29,10,2,1,0,3.5711,227.272,0.4132,409.011,636.283
"Orange County Nav District, TX",2020233N14313,LAURA,2020,63.2,4,4,130,1,0,0,0,2020-08-24,2020-09-01,2020-09-02,9,1,0,0,3.0973,185.023,0.391,353.014,538.037
"Orange County Nav District, TX",2020234N14280,MARCO,2020,191.8,0,1,35,0,0,0,0,2020-08-24,2020-09-01,2020-09-02,9,1,0,0,3.0937,184.697,0.3905,353.014,537.711
"Orange County Nav District, TX",2020261N21265,BETA,2020,21.4,0,0,55,1,1,0.1258,8.435,,,,0,0,0,0,0,0,0,,
"Orange County Nav District, TX",2020279N16284,DELTA,2020,84.7,3,4,105,1,0,0,0,,,,0,0,0,0,0,0,0,,
"Orange County Nav District, TX",2020299N18277,ZETA,2020,334.6,3,3,100,1,17,3.8938,261.79,,,,0,0,0,0,0,0,0,,
"Orange County Nav District, TX",2021169N23268,CLAUDETTE,2021,298,0,0,40,1,0,0,0,,,,0,0,0,0,0,0,0,,
"Orange County Nav District, TX",2021239N17281,IDA,2021,301.6,4,4,130,1,0,0,0,,,,0,0,0,0,0,0,0,,
"Orange County Nav District, TX",2021256N21265,NICHOLAS,2021,12.3,1,1,65,1,0,0,0,,,,0,0,0,0,0,0,0,,
"Orange County Nav District, TX",2023234N25271,HAROLD,2023,443.5,0,0,50,0,1,0.1119,6.092,,,,0,0,0,0,0,0,0,,
"Panama City Port Authority, FL",2016158N22272,COLIN,2016,158.8,0,0,45,1,2,0.3535,3.32,,,,0,0,0,0,0,0,0,,
"Panama City Port Authority, FL",2016242N24279,HERMINE,2016,143.6,1,1,70,1,0,0,0,2016-09-01,2016-09-01,2016-09-02,1,1,0,1,1,6.25,1,0,6.25
"Panama City Port Authority, FL",2016257N27280,JULIA,2016,378.4,0,0,45,1,0,0,0,,,,0,0,0,0,0,0,0,,
"Panama City Port Authority, FL",2016273N13300,MATTHEW,2016,473.9,3,5,103,0,0,0,0,,,,0,0,0,0,0,0,0,,
"Panama City Port Authority, FL",2017212N28275,EMILY,2017,205.6,0,0,50,1,0,0,0,,,,0,0,0,0,0,0,0,,
"Panama City Port Authority, FL",2017240N31279,UNNAMED,2017,475.5,-3,-3,35,0,0,0,0,2017-08-27,2017-08-27,2017-08-28,1,1,0,0,0.7196,4.249,0.7196,1.656,5.905
"Panama City Port Authority, FL",2017242N16333,IRMA,2017,209.9,1,5,73,1,0,0,0,2017-09-10,2017-09-10,2017-09-12,2,2,0,2,2,9.142,1,0,9.142
"Panama City Port Authority, FL",2017277N11279,NATE,2017,294.2,1,1,80,1,0,0,0,2017-10-04,2017-10-08,2017-10-10,6,2,1,2,5.114,35.629,1,6.202,41.831
"Panama City Port Authority, FL",2018146N19273,ALBERTO,2018,35.9,0,0,55,1,0,0,0,,,,0,0,0,0,0,0,0,,
"Panama City Port Authority, FL",2018246N22283,GORDON,2018,212.4,0,0,60,1,0,0,0,,,,0,0,0,0,0,0,0,,
"Panama City Port Authority, FL",2018280N18273,MICHAEL,2018,22.8,5,5,140,1,0,0,0,2018-10-06,2018-10-14,2018-10-20,14,6,1,5,12.0957,88.72,1,13.739,102.459
"Panama City Port Authority, FL",2019192N29274,BARRY,2019,210.7,0,1,48,0,0,0,0,,,,0,0,0,0,0,0,0,,
"Panama City Port Authority, FL",2019291N22264,NESTOR,2019,22.8,0,0,50,1,3,0.3556,4.035,,,,0,0,0,0,0,0,0,,
"Panama City Port Authority, FL",2019299N25265,OLGA,2019,447,-4,0,45,1,0,0,0,,,,0,0,0,0,0,0,0,,
"Panama City Port Authority, FL",2020154N19269,CRISTOBAL,2020,413.7,0,0,45,1,0,0,0,,,,0,0,0,0,0,0,0,,
"Panama City Port Authority, FL",2020188N28271,FAY,2020,43.7,-3,0,30,1,0,0,0,,,,0,0,0,0,0,0,0,,
"Panama City Port Authority, FL",2020234N14280,MARCO,2020,334.3,0,1,55,0,0,0,0,2020-08-25,2020-08-25,2020-08-26,1,1,0,0,0.9087,4.311,0.9087,0.433,4.743
"Panama City Port Authority, FL",2020244N30279,OMAR,2020,473.9,-3,0,25,0,0,0,0,,,,0,0,0,0,0,0,0,,
"Panama City Port Authority, FL",2020256N25281,SALLY,2020,177.9,2,2,95,1,0,0,0,,,,0,0,0,0,0,0,0,,
"Panama City Port Authority, FL",2020261N21265,BETA,2020,417.4,-4,0,23,1,0,0,0,,,,0,0,0,0,0,0,0,,
"Panama City Port Authority, FL",2020299N18277,ZETA,2020,335.4,3,3,100,1,0,0,0,,,,0,0,0,0,0,0,0,,
"Panama City Port Authority, FL",2020306N15288,ETA,2020,288,0,4,63,1,0,0,0,,,,0,0,0,0,0,0,0,,
"Panama City Port Authority, FL",2021169N23268,CLAUDETTE,2021,316.5,0,0,38,1,0,0,0,,,,0,0,0,0,0,0,0,,
"Panama City Port Authority, FL",2021182N09317,ELSA,2021,208.6,1,1,65,1,0,0,0,,,,0,0,0,0,0,0,0,,
"Panama City Port Authority, FL",2021222N14301,FRED,2021,27.1,0,0,55,1,0,0,0,2021-08-16,2021-08-16,2021-08-18,2,2,1,0,0.9254,9.298,0.4669,10.801,20.098
"Panama City Port Authority, FL",2021239N17281,IDA,2021,418.5,4,4,130,1,0,0,0,,,,0,0,0,0,0,0,0,,
"Panama City Port Authority, FL",2021252N28273,MINDY,2021,78.8,0,0,50,1,0,0,0,2021-09-06,2021-09-11,2021-09-13,7,2,1,0,4.5159,43.154,0.7433,23.78,66.935
"Panama City Port Authority, FL",2022311N21293,NICOLE,2022,124.9,0,1,55,1,0,0,0,,,,0,0,0,0,0,0,0,,
"Panama City Port Authority, FL",2023152N26274,ARLENE,2023,262.7,0,0,35,0,0,0,0,,,,0,0,0,0,0,0,0,,
"Panama City Port Authority, FL",2023239N21274,IDALIA,2023,194.8,4,4,115,1,4,18.4188,184.397,,,,0,0,0,0,0,0,0,,
"Philadelphia Regional Port, PA",2015126N27281,ANA,2015,164.9,-1,0,30,1,0,0,0,2015-05-11,2015-05-11,2015-05-12,1,1,0,0,0.3377,47.899,0.3377,93.942,141.842
"Philadelphia Regional Port, PA",2016148N27288,BONNIE,2016,496,-1,0,33,0,0,0,0,2016-06-02,2016-06-03,2016-06-05,3,2,1,0,1.0083,164.677,0.4017,325.097,489.773
"Philadelphia Regional Port, PA",2016158N22272,COLIN,2016,431.1,-4,0,50,0,0,0,0,2016-06-08,2016-06-08,2016-06-09,1,1,0,0,0.3834,67.31,0.3834,108.258,175.568
"Philadelphia Regional Port, PA",2016240N31295,UNNAMED,2016,490.2,-1,-1,30,0,0,0,0,,,,0,0,0,0,0,0,0,,
"Philadelphia Regional Port, PA",2016242N24279,HERMINE,2016,234.8,-4,1,60,1,0,0,0,2016-09-05,2016-09-08,2016-09-09,4,1,0,0,1.9136,298.864,0.6161,324.57,623.435
"Philadelphia Regional Port, PA",2017171N24271,CINDY,2017,324.9,-3,0,25,1,0,0,0,2017-06-24,2017-06-27,2017-06-28,4,1,0,0,3.0536,437.507,0.9792,131.432,568.939
"Philadelphia Regional Port, PA",2017247N09327,JOSE,2017,423.1,0,4,60,0,0,0,0,2017-09-21,2017-09-21,2017-09-22,1,1,0,0,0.3636,51.688,0.3636,90.487,142.175
"Philadelphia Regional Port, PA",2017260N12310,MARIA,2017,454.7,1,5,65,0,0,0,0,2017-09-27,2017-09-28,2017-09-29,2,1,0,0,0.7461,104.438,0.3895,175.128,279.565
"Philadelphia Regional Port, PA",2017277N11279,NATE,2017,356.4,-4,1,25,1,1,0.0548,9.316,,,,0,0,0,0,0,0,0,,
"Philadelphia Regional Port, PA",2018242N13343,FLORENCE,2018,205.5,-4,4,25,1,0,0,0,,,,0,0,0,0,0,0,0,,
"Philadelphia Regional Port, PA",2018280N18273,MICHAEL,2018,282.8,-4,5,60,1,0,0,0,,,,0,0,0,0,0,0,0,,
"Philadelphia Regional Port, PA",2019236N10314,DORIAN,2019,421.8,2,5,85,0,0,0,0,,,,0,0,0,0,0,0,0,,
"Philadelphia Regional Port, PA",2019282N35286,MELISSA,2019,494.5,-4,0,43,0,0,0,0,,,,0,0,0,0,0,0,0,,
"Philadelphia Regional Port, PA",2019291N22264,NESTOR,2019,286.2,-4,0,40,1,0,0,0,,,,0,0,0,0,0,0,0,,
"Philadelphia Regional Port, PA",2020138N28281,ARTHUR,2020,458.9,0,0,50,0,0,0,0,,,,0,0,0,0,0,0,0,,
"Philadelphia Regional Port, PA",2020148N32281,BERTHA,2020,476.1,-4,0,20,1,0,0,0,,,,0,0,0,0,0,0,0,,
"Philadelphia Regional Port, PA",2020188N28271,FAY,2020,63.3,0,0,50,1,0,0,0,,,,0,0,0,0,0,0,0,,
"Philadelphia Regional Port, PA",2020211N13306,ISAIAS,2020,95.7,0,1,60,1,0,0,0,,,,0,0,0,0,0,0,0,,
"Philadelphia Regional Port, PA",2020228N37286,KYLE,2020,360.8,0,0,43,0,0,0,0,,,,0,0,0,0,0,0,0,,
"Philadelphia Regional Port, PA",2020299N18277,ZETA,2020,149.2,-4,3,45,1,0,0,0,,,,0,0,0,0,0,0,0,,
"Philadelphia Regional Port, PA",2021169N23268,CLAUDETTE,2021,362.6,0,0,40,1,6,0.4247,69.453,,,,0,0,0,0,0,0,0,,
"Philadelphia Regional Port, PA",2021182N09317,ELSA,2021,94,0,1,50,1,0,0,0,,,,0,0,0,0,0,0,0,,
"Philadelphia Regional Port, PA",2021222N14301,FRED,2021,250.4,-3,0,25,1,0,0,0,,,,0,0,0,0,0,0,0,,
"Philadelphia Regional Port, PA",2021227N36297,HENRI,2021,179.5,1,1,65,1,0,0,0,,,,0,0,0,0,0,0,0,,
"Philadelphia Regional Port, PA",2021239N17281,IDA,2021,56.7,-4,4,40,1,1,0.044,7.381,,,,0,0,0,0,0,0,0,,
"Philadelphia Regional Port, PA",2021259N30286,ODETTE,2021,478.3,0,0,40,0,0,0,0,,,,0,0,0,0,0,0,0,,
"Philadelphia Regional Port, PA",2021299N33284,WANDA,2021,419.1,-4,0,60,0,0,0,0,,,,0,0,0,0,0,0,0,,
"Philadelphia Regional Port, PA",2023265N29284,OPHELIA,2023,205.7,0,0,40,1,0,0,0,2023-09-23,2023-09-23,2023-09-24,1,1,0,0,0.5419,61.187,0.5419,51.719,112.906
"Plaquemines Port District, LA",2016158N22272,COLIN,2016,349.9,0,0,45,0,0,0,0,,,,0,0,0,0,0,0,0,,
"Plaquemines Port District, LA",2016242N24279,HERMINE,2016,413.9,1,1,70,0,0,0,0,2016-08-31,2016-08-31,2016-09-01,1,1,0,0,0.1868,103.589,0.1868,451.072,554.661
"Plaquemines Port District, LA",2017171N24271,CINDY,2017,347,0,0,50,1,0,0,0,2017-06-21,2017-06-21,2017-06-22,1,1,0,0,0.2759,150.463,0.2759,394.96,545.422
"Plaquemines Port District, LA",2017212N28275,EMILY,2017,412.1,-1,0,33,0,0,0,0,,,,0,0,0,0,0,0,0,,
"Plaquemines Port District, LA",2017228N14314,HARVEY,2017,367.4,0,4,45,1,0,0,0,2017-08-30,2017-08-30,2017-08-31,1,1,0,0,0.2197,124.535,0.2197,442.189,566.724
"Plaquemines Port District, LA",2017277N11279,NATE,2017,41.6,1,1,80,1,0,0,0,2017-10-07,2017-10-07,2017-10-09,2,2,1,0,0.8371,494.615,0.4851,688.792,1183.41
"Plaquemines Port District, LA",2018146N19273,ALBERTO,2018,344.5,0,0,55,1,0,0,0,2018-05-28,2018-05-28,2018-05-29,1,1,0,0,0.2542,125.812,0.2542,369.17,494.982
"Plaquemines Port District, LA",2018246N22283,GORDON,2018,147.6,0,0,60,1,1,0.0616,35.414,2018-09-04,2018-09-04,2018-09-05,1,1,0,0,0.3513,164.404,0.3513,303.642,468.046
"Plaquemines Port District, LA",2018280N18273,MICHAEL,2018,310.2,5,5,140,1,0,0,0,,,,0,0,0,0,0,0,0,,
"Plaquemines Port District, LA",2019192N29274,BARRY,2019,158.7,1,1,65,1,1,0.0067,3.741,2019-07-11,2019-07-13,2019-07-14,3,1,0,0,0.916,415.979,0.3309,946.06,1362.04
"Plaquemines Port District, LA",2019291N22264,NESTOR,2019,235.8,0,0,50,1,0,0,0,,,,0,0,0,0,0,0,0,,
"Plaquemines Port District, LA",2019299N25265,OLGA,2019,128,0,0,45,1,0,0,0,,,,0,0,0,0,0,0,0,,
"Plaquemines Port District, LA",2020154N19269,CRISTOBAL,2020,32.1,0,0,45,1,0,0,0,2020-06-07,2020-06-07,2020-06-09,2,2,1,0,1.0903,374.339,0.6706,312.245,686.585
"Plaquemines Port District, LA",2020188N28271,FAY,2020,198.5,-3,0,30,1,0,0,0,,,,0,0,0,0,0,0,0,,
"Plaquemines Port District, LA",2020205N26272,HANNA,2020,384,0,1,50,0,0,0,0,2020-07-22,2020-07-22,2020-07-24,2,2,1,0,0.6954,251.243,0.378,472.026,723.269
"Plaquemines Port District, LA",2020233N14313,LAURA,2020,356,4,4,130,1,0,0,0,2020-08-24,2020-08-24,2020-08-27,3,3,1,0,1.9888,678.688,0.7994,338.391,1017.08
"Plaquemines Port District, LA",2020234N14280,MARCO,2020,56.4,1,1,65,0,0,0,0,2020-08-24,2020-08-24,2020-08-27,3,3,1,0,1.9912,680.989,0.7998,338.391,1019.38
"Plaquemines Port District, LA",2020256N25281,SALLY,2020,134.3,2,2,95,1,2,0.0473,22.019,2020-09-14,2020-09-15,2020-09-16,2,1,0,0,1.5118,532.491,0.7569,171.951,704.443
"Plaquemines Port District, LA",2020261N21265,BETA,2020,307.8,0,0,55,1,0,0,0,,,,0,0,0,0,0,0,0,,
"Plaquemines Port District, LA",2020279N16284,DELTA,2020,330.4,3,4,100,1,0,0,0,2020-10-08,2020-10-09,2020-10-10,2,1,0,0,1.022,336.803,0.5426,322.445,659.248
"Plaquemines Port District, LA",2020299N18277,ZETA,2020,99.6,3,3,100,1,0,0,0,2020-10-28,2020-10-28,2020-10-30,2,2,1,0,0.885,290.287,0.4612,366.183,656.47
"Plaquemines Port District, LA",2021169N23268,CLAUDETTE,2021,119.3,0,0,40,1,0,0,0,,,,0,0,0,0,0,0,0,,
"Plaquemines Port District, LA",2021222N14301,FRED,2021,375.4,0,0,55,1,0,0,0,,,,0,0,0,0,0,0,0,,
"Plaquemines Port District, LA",2021239N17281,IDA,2021,67.2,4,4,130,1,0,0,0,2021-08-28,2021-08-30,2021-09-04,7,5,1,0,4.5151,2186.52,0.9679,1193.98,3380.51
"Plaquemines Port District, LA",2021252N28273,MINDY,2021,283,0,0,50,1,0,0,0,,,,0,0,0,0,0,0,0,,
"Plaquemines Port District, LA",2021256N21265,NICHOLAS,2021,205.2,-1,1,30,1,0,0,0,,,,0,0,0,0,0,0,0,,
"Plaquemines Port District, LA",2023152N26274,ARLENE,2023,328.9,0,0,35,0,1,0.1356,66.472,,,,0,0,0,0,0,0,0,,
"Plaquemines Port District, LA",2023239N21274,IDALIA,2023,499.9,3,4,105,0,0,0,0,,,,0,0,0,0,0,0,0,,
"Port Arthur, TX",2015167N27266,BILL,2015,283.8,0,0,50,1,0,0,0,,,,0,0,0,0,0,0,0,,
"Port Arthur, TX",2017171N24271,CINDY,2017,24.9,0,0,50,1,0,0,0,2017-06-23,2017-06-27,2017-06-28,5,1,0,0,3.5726,366.232,0.9772,147.061,513.293
"Port Arthur, TX",2017228N14314,HARVEY,2017,41.7,4,4,115,1,3,0.4065,50.212,,,,0,0,0,0,0,0,0,,
"Port Arthur, TX",2017277N11279,NATE,2017,456.1,1,1,78,1,2,0.2856,35.78,,,,0,0,0,0,0,0,0,,
"Port Arthur, TX",2018246N22283,GORDON,2018,443.4,0,0,45,1,0,0,0,,,,0,0,0,0,0,0,0,,
"Port Arthur, TX",2019192N29274,BARRY,2019,122.4,1,1,65,1,0,0,0,2019-07-12,2019-07-13,2019-07-15,3,2,1,0,2.0536,165.708,0.7256,76.369,242.076
"Port Arthur, TX",2019261N28264,IMELDA,2019,128.9,0,0,40,1,0,0,0,,,,0,0,0,0,0,0,0,,
"Port Arthur, TX",2019299N25265,OLGA,2019,291.6,0,0,45,1,0,0,0,2019-10-24,2019-10-24,2019-10-26,2,2,1,0,1.0971,88.248,0.5497,72.627,160.875
"Port Arthur, TX",2020154N19269,CRISTOBAL,2020,302.5,0,0,45,1,0,0,0,,,,0,0,0,0,0,0,0,,
"Port Arthur, TX",2020205N26272,HANNA,2020,300.4,1,1,80,1,0,0,0,,,,0,0,0,0,0,0,0,,
"Port Arthur, TX",2020233N14313,LAURA,2020,61.9,4,4,130,1,0,0,0,2020-08-25,2020-08-27,2020-08-31,6,4,1,0,4.4771,296.205,0.8811,100.106,396.31
"Port Arthur, TX",2020234N14280,MARCO,2020,181.1,0,1,38,0,0,0,0,2020-08-25,2020-08-27,2020-08-31,6,4,1,0,4.4519,289.715,0.8792,100.106,389.821
"Port Arthur, TX",2020261N21265,BETA,2020,42.4,0,0,55,1,0,0,0,,,,0,0,0,0,0,0,0,,
"Port Arthur, TX",2020279N16284,DELTA,2020,81,3,4,105,1,0,0,0,2020-10-09,2020-10-09,2020-10-11,2,2,1,0,1.5844,91.558,0.8723,23.913,115.471
"Port Arthur, TX",2020299N18277,ZETA,2020,331.5,3,3,100,1,0,0,0,,,,0,0,0,0,0,0,0,,
"Port Arthur, TX",2021169N23268,CLAUDETTE,2021,294,0,0,40,1,0,0,0,,,,0,0,0,0,0,0,0,,
"Port Arthur, TX",2021239N17281,IDA,2021,310.8,4,4,130,1,0,0,0,2021-08-29,2021-08-29,2021-08-30,1,1,0,0,0.4693,49.323,0.4693,55.777,105.1
"Port Arthur, TX",2021256N21265,NICHOLAS,2021,27.7,1,1,65,1,0,0,0,2021-09-14,2021-09-14,2021-09-16,2,2,1,0,1.2437,136.163,0.6451,82.814,218.977
"Port Arthur, TX",2023234N25271,HAROLD,2023,420.6,0,0,50,0,0,0,0,,,,0,0,0,0,0,0,0,,
"Port Everglades, FL",2015126N27281,ANA,2015,144.3,-3,0,25,0,0,0,0,,,,0,0,0,0,0,0,0,,
"Port Everglades, FL",2015313N22289,KATE,2015,425.2,0,1,55,0,0,0,0,,,,0,0,0,0,0,0,0,,
"Port Everglades, FL",2016148N27288,BONNIE,2016,491,0,0,35,0,0,0,0,,,,0,0,0,0,0,0,0,,
"Port Everglades, FL",2016242N24279,HERMINE,2016,278.3,-1,1,30,0,0,0,0,,,,0,0,0,0,0,0,0,,
"Port Everglades, FL",2016257N27280,JULIA,2016,130.2,0,0,45,1,0,0,0,,,,0,0,0,0,0,0,0,,
"Port Everglades, FL",2016273N13300,MATTHEW,2016,156.8,4,5,120,0,0,0,0,2016-10-05,2016-10-06,2016-10-08,3,2,1,0,1.0111,159.5,0.4157,313.047,472.547
"Port Everglades, FL",2017212N28275,EMILY,2017,164.6,0,0,50,1,0,0,0,,,,0,0,0,0,0,0,0,,
"Port Everglades, FL",2017242N16333,IRMA,2017,124.3,4,5,130,1,0,0,0,2017-09-08,2017-09-10,2017-09-13,5,3,1,0,3.1961,465.327,0.7548,255.826,721.154
"Port Everglades, FL",2017301N18276,PHILIPPE,2017,391.2,0,0,35,1,0,0,0,,,,0,0,0,0,0,0,0,,
"Port Everglades, FL",2018146N19273,ALBERTO,2018,386.2,-2,0,45,0,0,0,0,,,,0,0,0,0,0,0,0,,
"Port Everglades, FL",2018246N22283,GORDON,2018,112,0,0,55,1,0,0,0,,,,0,0,0,0,0,0,0,,
"Port Everglades, FL",2019204N25283,UNNAMED,2019,95.5,-1,-1,30,1,0,0,0,,,,0,0,0,0,0,0,0,,
"Port Everglades, FL",2019236N10314,DORIAN,2019,211.6,5,5,160,0,0,0,0,2019-08-31,2019-09-02,2019-09-04,4,2,1,0,2.0226,232.443,0.6239,234.721,467.164
"Port Everglades, FL",2019256N23286,HUMBERTO,2019,339.8,1,3,70,0,0,0,0,,,,0,0,0,0,0,0,0,,
"Port Everglades, FL",2020138N28281,ARTHUR,2020,269.2,0,0,35,0,0,0,0,,,,0,0,0,0,0,0,0,,
"Port Everglades, FL",2020211N13306,ISAIAS,2020,105.5,1,1,75,1,0,0,0,,,,0,0,0,0,0,0,0,,
"Port Everglades, FL",2020244N30279,OMAR,2020,450.8,-3,0,28,0,3,0.5067,70.083,,,,0,0,0,0,0,0,0,,
"Port Everglades, FL",2020256N25281,SALLY,2020,66.5,0,2,50,1,0,0,0,,,,0,0,0,0,0,0,0,,
"Port Everglades, FL",2020306N15288,ETA,2020,141.4,1,4,65,1,0,0,0,2020-11-08,2020-11-09,2020-11-10,2,1,0,0,0.6144,104.371,0.3172,235.164,339.535
"Port Everglades, FL",2021182N09317,ELSA,2021,254.7,1,1,65,1,0,0,0,,,,0,0,0,0,0,0,0,,
"Port Everglades, FL",2021222N14301,FRED,2021,393.2,0,0,40,1,0,0,0,,,,0,0,0,0,0,0,0,,
"Port Everglades, FL",2022154N21273,ALEX,2022,95.9,0,0,45,1,0,0,0,,,,0,0,0,0,0,0,0,,
"Port Everglades, FL",2022266N12294,IAN,2022,169.7,5,5,140,1,0,0,0,2022-09-28,2022-09-28,2022-09-30,2,2,1,0,0.8458,150.587,0.4461,205.826,356.414
"Port Everglades, FL",2022311N21293,NICOLE,2022,143.3,1,1,65,1,0,0,0,2022-11-08,2022-11-09,2022-11-11,3,2,1,0,1.1006,240.254,0.4808,411.824,652.078
"Port Everglades, FL",2023152N26274,ARLENE,2023,408.1,-3,0,25,0,0,0,0,,,,0,0,0,0,0,0,0,,
"Port Everglades, FL",2023239N21274,IDALIA,2023,430.3,4,4,115,0,0,0,0,,,,0,0,0,0,0,0,0,,
"Port Freeport, TX",2015167N27266,BILL,2015,135.6,0,0,50,1,0,0,0,2015-06-15,2015-06-17,2015-06-18,3,1,0,0,2.6575,122.987,0.9092,15.952,138.939
"Port Freeport, TX",2017171N24271,CINDY,2017,186.2,0,0,50,1,0,0,0,,,,0,0,0,0,0,0,0,,
"Port Freeport, TX",2017228N14314,HARVEY,2017,90.9,4,4,115,1,0,0,0,2017-08-25,2017-08-28,2017-09-01,7,4,1,1,6.7309,432.366,1,17.165,449.531
"Port Freeport, TX",2019192N29274,BARRY,2019,295.7,1,1,65,1,1,0.2792,31.795,,,,0,0,0,0,0,0,0,,
"Port Freeport, TX",2019261N28264,IMELDA,2019,17.8,0,0,40,1,0,0,0,2019-09-18,2019-09-19,2019-09-20,2,1,0,0,1.3214,110.773,0.6868,56.794,167.567
"Port Freeport, TX",2019299N25265,OLGA,2019,377.9,0,0,45,1,1,0.024,3.328,,,,0,0,0,0,0,0,0,,
"Port Freeport, TX",2020154N19269,CRISTOBAL,2020,475.8,0,0,35,1,0,0,0,,,,0,0,0,0,0,0,0,,
"Port Freeport, TX",2020205N26272,HANNA,2020,226.7,1,1,80,1,1,0.0541,5.465,,,,0,0,0,0,0,0,0,,
"Port Freeport, TX",2020233N14313,LAURA,2020,223.1,4,4,130,1,0,0,0,2020-08-26,2020-08-27,2020-08-29,3,2,1,0,2.3297,139.394,0.8055,40.297,179.691
"Port Freeport, TX",2020234N14280,MARCO,2020,310.5,-3,1,25,0,0,0,0,,,,0,0,0,0,0,0,0,,
"Port Freeport, TX",2020261N21265,BETA,2020,12.3,0,0,55,1,0,0,0,2020-09-19,2020-09-21,2020-09-23,4,2,1,0,2.9982,216.232,0.8847,72.848,289.08
"Port Freeport, TX",2020279N16284,DELTA,2020,190.8,3,4,105,1,0,0,0,2020-10-09,2020-10-09,2020-10-10,1,1,0,0,0.5131,40.158,0.5131,38.111,78.27
"Port Freeport, TX",2020299N18277,ZETA,2020,447.5,3,3,100,1,0,0,0,,,,0,0,0,0,0,0,0,,
"Port Freeport, TX",2021169N23268,CLAUDETTE,2021,426.6,0,0,40,1,1,0.1134,16.16,,,,0,0,0,0,0,0,0,,
"Port Freeport, TX",2021239N17281,IDA,2021,476.4,4,4,125,1,1,0.3768,52.945,,,,0,0,0,0,0,0,0,,
"Port Freeport, TX",2021256N21265,NICHOLAS,2021,12.3,1,1,65,1,0,0,0,,,,0,0,0,0,0,0,0,,
"Port Freeport, TX",2023234N25271,HAROLD,2023,274.5,0,0,50,1,0,0,0,2023-08-22,2023-08-23,2023-08-24,2,1,0,0,1.1316,106.027,0.5878,81.403,187.43
"Port Jefferson, NY",2015126N27281,ANA,2015,141.4,-1,0,30,1,0,0,0,,,,0,0,0,0,0,0,0,,
"Port Jefferson, NY",2016158N22272,COLIN,2016,423,-4,0,50,0,0,0,0,,,,0,0,0,0,0,0,0,,
"Port Jefferson, NY",2016240N31295,UNNAMED,2016,491,-1,-1,30,0,0,0,0,,,,0,0,0,0,0,0,0,,
"Port Jefferson, NY",2016242N24279,HERMINE,2016,176,-4,1,60,1,2,0.0586,0.791,,,,0,0,0,0,0,0,0,,
"Port Jefferson, NY",2017247N09327,JOSE,2017,338.1,0,4,60,0,0,0,0,2017-09-24,2017-09-24,2017-09-25,1,1,0,0,0.6607,7,0.6607,3.594,10.594
"Port Jefferson, NY",2017260N12310,MARIA,2017,487,1,5,65,0,0,0,0,,,,0,0,0,0,0,0,0,,
"Port Jefferson, NY",2017277N11279,NATE,2017,317.7,-4,1,25,1,0,0,0,,,,0,0,0,0,0,0,0,,
"Port Jefferson, NY",2018242N13343,FLORENCE,2018,138.7,-4,4,25,1,0,0,0,,,,0,0,0,0,0,0,0,,
"Port Jefferson, NY",2018280N18273,MICHAEL,2018,296.5,-4,5,60,0,0,0,0,,,,0,0,0,0,0,0,0,,
"Port Jefferson, NY",2019236N10314,DORIAN,2019,414.3,2,5,85,0,0,0,0,,,,0,0,0,0,0,0,0,,
"Port Jefferson, NY",2019239N32287,ERIN,2019,460.2,-4,0,35,0,0,0,0,,,,0,0,0,0,0,0,0,,
"Port Jefferson, NY",2019282N35286,MELISSA,2019,410.5,-2,0,55,0,0,0,0,,,,0,0,0,0,0,0,0,,
"Port Jefferson, NY",2019291N22264,NESTOR,2019,403.7,-4,0,40,0,8,0.6393,7.807,,,,0,0,0,0,0,0,0,,
"Port Jefferson, NY",2020138N28281,ARTHUR,2020,485.5,0,0,53,0,0,0,0,,,,0,0,0,0,0,0,0,,
"Port Jefferson, NY",2020188N28271,FAY,2020,103.1,0,0,50,1,0,0,0,,,,0,0,0,0,0,0,0,,
"Port Jefferson, NY",2020211N13306,ISAIAS,2020,168.8,0,1,60,1,0,0,0,,,,0,0,0,0,0,0,0,,
"Port Jefferson, NY",2020228N37286,KYLE,2020,375.2,0,0,45,0,0,0,0,,,,0,0,0,0,0,0,0,,
"Port Jefferson, NY",2020299N18277,ZETA,2020,201.1,-4,3,45,0,1,0.0409,0.525,,,,0,0,0,0,0,0,0,,
"Port Jefferson, NY",2021169N23268,CLAUDETTE,2021,350.9,0,0,40,0,0,0,0,,,,0,0,0,0,0,0,0,,
"Port Jefferson, NY",2021182N09317,ELSA,2021,67,0,1,50,1,0,0,0,,,,0,0,0,0,0,0,0,,
"Port Jefferson, NY",2021222N14301,FRED,2021,194.7,-3,0,25,1,0,0,0,2021-08-18,2021-08-19,2021-08-20,2,1,0,0,0.9108,12.149,0.5811,14.568,26.717
"Port Jefferson, NY",2021227N36297,HENRI,2021,51.6,1,1,65,1,0,0,0,,,,0,0,0,0,0,0,0,,
"Port Jefferson, NY",2021239N17281,IDA,2021,47.3,-4,4,40,1,0,0,0,,,,0,0,0,0,0,0,0,,
"Port Jefferson, NY",2021259N30286,ODETTE,2021,454,0,0,40,0,0,0,0,,,,0,0,0,0,0,0,0,,
"Port Jefferson, NY",2021299N33284,WANDA,2021,260.6,-4,0,60,0,3,0.2089,2.642,,,,0,0,0,0,0,0,0,,
"Port Jefferson, NY",2023265N29284,OPHELIA,2023,397.4,-4,0,20,1,0,0,0,,,,0,0,0,0,0,0,0,,
"Port of Brunswick, GA",2015126N27281,ANA,2015,355.4,0,0,50,1,0,0,0,,,,0,0,0,0,0,0,0,,
"Port of Brunswick, GA",2016148N27288,BONNIE,2016,199.3,0,0,40,1,1,0.0902,1.774,,,,0,0,0,0,0,0,0,,
"Port of Brunswick, GA",2016158N22272,COLIN,2016,76.6,0,0,45,1,0,0,0,,,,0,0,0,0,0,0,0,,
"Port of Brunswick, GA",2016242N24279,HERMINE,2016,96.7,1,1,70,1,0,0,0,2016-09-02,2016-09-02,2016-09-03,1,1,0,0,0.7293,9.552,0.7293,3.545,13.097
"Port of Brunswick, GA",2016257N27280,JULIA,2016,17,0,0,45,1,1,0.8618,18.176,,,,0,0,0,0,0,0,0,,
"Port of Brunswick, GA",2016273N13300,MATTHEW,2016,84.8,4,5,113,1,0,0,0,2016-10-05,2016-10-09,2016-10-11,6,2,1,0,4.2436,64.544,0.7853,26.887,91.431
"Port of Brunswick, GA",2017212N28275,EMILY,2017,320.3,0,0,50,1,0,0,0,,,,0,0,0,0,0,0,0,,
"Port of Brunswick, GA",2017240N31279,UNNAMED,2017,90.2,-3,-3,35,0,0,0,0,,,,0,0,0,0,0,0,0,,
"Port of Brunswick, GA",2017242N16333,IRMA,2017,180.5,1,5,80,1,0,0,0,,,,0,0,0,0,0,0,0,,
"Port of Brunswick, GA",2018146N19273,ALBERTO,2018,440.2,0,0,50,1,0,0,0,2018-05-28,2018-05-28,2018-05-29,1,1,0,0,0.7476,10.499,0.7476,3.545,14.044
"Port of Brunswick, GA",2018242N13343,FLORENCE,2018,272.7,1,4,80,1,0,0,0,2018-09-14,2018-09-14,2018-09-15,1,1,0,0,0.7157,8.915,0.7157,3.542,12.456
"Port of Brunswick, GA",2018280N18273,MICHAEL,2018,244.6,5,5,140,1,0,0,0,,,,0,0,0,0,0,0,0,,
"Port of Brunswick, GA",2019204N25283,UNNAMED,2019,317.6,-1,-1,30,0,0,0,0,2019-07-22,2019-07-23,2019-07-24,2,1,0,0,1.3969,21.505,0.7032,9.281,30.787
"Port of Brunswick, GA",2019236N10314,DORIAN,2019,171.2,3,5,100,0,0,0,0,2019-09-02,2019-09-06,2019-09-07,5,1,0,0,3.222,47.12,0.6566,25.981,73.101
"Port of Brunswick, GA",2019256N23286,HUMBERTO,2019,397.5,1,3,75,0,3,0.2598,6.004,,,,0,0,0,0,0,0,0,,
"Port of Brunswick, GA",2019291N22264,NESTOR,2019,185.7,-4,0,40,1,0,0,0,2019-10-19,2019-10-20,2019-10-22,3,2,1,0,1.7116,26.275,0.6131,19.964,46.239
"Port of Brunswick, GA",2020138N28281,ARTHUR,2020,392.7,0,0,40,0,0,0,0,2020-05-14,2020-05-16,2020-05-17,3,1,0,0,1.7269,26.715,0.6282,19.696,46.411
"Port of Brunswick, GA",2020148N32281,BERTHA,2020,245.3,0,0,45,1,0,0,0,,,,0,0,0,0,0,0,0,,
"Port of Brunswick, GA",2020188N28271,FAY,2020,239.6,-3,0,30,1,0,0,0,,,,0,0,0,0,0,0,0,,
"Port of Brunswick, GA",2020211N13306,ISAIAS,2020,163.4,1,1,80,1,0,0,0,2020-08-03,2020-08-03,2020-08-04,1,1,0,0,0.7013,8.324,0.7013,3.545,11.87
"Port of Brunswick, GA",2020244N30279,OMAR,2020,129.6,-1,0,30,0,0,0,0,,,,0,0,0,0,0,0,0,,
"Port of Brunswick, GA",2020256N25281,SALLY,2020,293.9,0,2,35,1,0,0,0,,,,0,0,0,0,0,0,0,,
"Port of Brunswick, GA",2020306N15288,ETA,2020,32.9,0,4,58,1,0,0,0,,,,0,0,0,0,0,0,0,,
"Port of Brunswick, GA",2021165N32282,BILL,2021,331.9,-3,0,20,0,0,0,0,,,,0,0,0,0,0,0,0,,
"Port of Brunswick, GA",2021169N23268,CLAUDETTE,2021,324.1,0,0,40,1,0,0,0,,,,0,0,0,0,0,0,0,,
"Port of Brunswick, GA",2021179N30287,DANNY,2021,158,0,0,40,1,0,0,0,,,,0,0,0,0,0,0,0,,
"Port of Brunswick, GA",2021182N09317,ELSA,2021,121.5,0,1,60,1,0,0,0,2021-07-07,2021-07-07,2021-07-08,1,1,0,0,0.7349,10.267,0.7349,3.704,13.971
"Port of Brunswick, GA",2021222N14301,FRED,2021,372.3,0,0,55,1,0,0,0,,,,0,0,0,0,0,0,0,,
"Port of Brunswick, GA",2021252N28273,MINDY,2021,30.2,0,0,50,1,3,0.8777,18.747,,,,0,0,0,0,0,0,0,,
"Port of Brunswick, GA",2022154N21273,ALEX,2022,434.8,0,0,45,1,0,0,0,,,,0,0,0,0,0,0,0,,
"Port of Brunswick, GA",2022183N32280,COLIN,2022,118.6,0,0,35,1,0,0,0,,,,0,0,0,0,0,0,0,,
"Port of Brunswick, GA",2022266N12294,IAN,2022,239.6,4,5,130,1,0,0,0,2022-09-28,2022-09-30,2022-10-01,3,1,0,0,2.5027,44.088,0.9015,8.668,52.756
"Port of Brunswick, GA",2022311N21293,NICOLE,2022,251.4,1,1,65,1,0,0,0,,,,0,0,0,0,0,0,0,,
"Port of Brunswick, GA",2023239N21274,IDALIA,2023,103.7,4,4,115,1,0,0,0,2023-08-30,2023-08-30,2023-09-01,2,2,1,0,1.3586,20.023,0.7579,9.476,29.5
"Port of Charleston, SC",2015126N27281,ANA,2015,137.3,0,0,50,1,0,0,0,,,,0,0,0,0,0,0,0,,
"Port of Charleston, SC",2016148N27288,BONNIE,2016,9.2,0,0,40,1,0,0,0,,,,0,0,0,0,0,0,0,,
"Port of Charleston, SC",2016158N22272,COLIN,2016,132.2,0,0,48,1,0,0,0,,,,0,0,0,0,0,0,0,,
"Port of Charleston, SC",2016240N31295,UNNAMED,2016,477.2,-1,-1,30,0,21,3.393,478.019,,,,0,0,0,0,0,0,0,,
"Port of Charleston, SC",2016242N24279,HERMINE,2016,15.5,1,1,65,1,22,4.6374,639.71,,,,0,0,0,0,0,0,0,,
"Port of Charleston, SC",2016257N27280,JULIA,2016,125,0,0,45,1,7,1.8084,255.404,,,,0,0,0,0,0,0,0,,
"Port of Charleston, SC",2016273N13300,MATTHEW,2016,50.1,3,5,105,1,0,0,0,2016-10-07,2016-10-09,2016-10-11,4,2,1,0,1.8254,224.913,0.5262,269.099,494.013
"Port of Charleston, SC",2017212N28275,EMILY,2017,316.5,-1,0,30,0,1,0.0059,0.833,,,,0,0,0,0,0,0,0,,
"Port of Charleston, SC",2017240N31279,UNNAMED,2017,68.7,-3,-3,40,1,0,0,0,2017-08-25,2017-08-27,2017-08-29,4,2,1,0,1.243,146.459,0.3296,325.407,471.865
"Port of Charleston, SC",2017242N16333,IRMA,2017,403.1,0,5,50,1,0,0,0,2017-09-10,2017-09-11,2017-09-13,3,2,1,0,1.5368,171.428,0.6754,161.604,333.032
"Port of Charleston, SC",2018186N31292,CHRIS,2018,432.1,0,2,43,0,0,0,0,2018-07-08,2018-07-08,2018-07-09,1,1,0,0,0.2812,32.948,0.2812,84.231,117.179
"Port of Charleston, SC",2018242N13343,FLORENCE,2018,64.3,3,4,98,1,0,0,0,2018-09-12,2018-09-14,2018-09-17,5,3,1,0,1.9969,257.349,0.5081,384.173,641.523
"Port of Charleston, SC",2018280N18273,MICHAEL,2018,195.2,1,5,80,1,0,0,0,,,,0,0,0,0,0,0,0,,
"Port of Charleston, SC",2019204N25283,UNNAMED,2019,491.8,-1,-1,30,0,0,0,0,,,,0,0,0,0,0,0,0,,
"Port of Charleston, SC",2019236N10314,DORIAN,2019,111.7,3,5,100,0,0,0,0,2019-09-04,2019-09-05,2019-09-07,3,2,1,0,0.898,124.085,0.4285,290.152,414.237
"Port of Charleston, SC",2019256N23286,HUMBERTO,2019,467.2,1,3,75,0,0,0,0,,,,0,0,0,0,0,0,0,,
"Port of Charleston, SC",2019291N22264,NESTOR,2019,124.4,-4,0,40,1,0,0,0,,,,0,0,0,0,0,0,0,,
"Port of Charleston, SC",2020138N28281,ARTHUR,2020,299,0,0,45,0,0,0,0,2020-05-16,2020-05-17,2020-05-20,4,3,1,0,1.0655,173.184,0.3227,478.506,651.69
"Port of Charleston, SC",2020148N32281,BERTHA,2020,23.4,0,0,45,1,0,0,0,2020-05-28,2020-05-28,2020-05-29,1,1,0,0,0.2502,40.168,0.2502,120.351,160.519
"Port of Charleston, SC",2020188N28271,FAY,2020,33.3,-3,0,35,1,0,0,0,,,,0,0,0,0,0,0,0,,
"Port of Charleston, SC",2020211N13306,ISAIAS,2020,90.8,1,1,80,1,0,0,0,,,,0,0,0,0,0,0,0,,
"Port of Charleston, SC",2020244N30279,OMAR,2020,300.2,-1,0,30,0,1,0.0235,4.245,,,,0,0,0,0,0,0,0,,
"Port of Charleston, SC",2020256N25281,SALLY,2020,139.1,-4,2,30,1,0,0,0,,,,0,0,0,0,0,0,0,,
"Port of Charleston, SC",2020299N18277,ZETA,2020,409.4,0,3,45,1,0,0,0,2020-10-29,2020-10-29,2020-10-30,1,1,0,0,0.3002,45.316,0.3002,105.642,150.958
"Port of Charleston, SC",2020306N15288,ETA,2020,125.5,0,4,40,1,0,0,0,,,,0,0,0,0,0,0,0,,
"Port of Charleston, SC",2021165N32282,BILL,2021,220.4,-1,0,28,0,18,3.5373,604.066,,,,0,0,0,0,0,0,0,,
"Port of Charleston, SC",2021169N23268,CLAUDETTE,2021,169.5,0,0,40,1,11,1.8407,319.053,,,,0,0,0,0,0,0,0,,
"Port of Charleston, SC",2021179N30287,DANNY,2021,91.4,0,0,40,1,2,0.0141,2.557,,,,0,0,0,0,0,0,0,,
"Port of Charleston, SC",2021182N09317,ELSA,2021,120.5,0,1,55,1,5,0.7418,134.391,,,,0,0,0,0,0,0,0,,
"Port of Charleston, SC",2021222N14301,FRED,2021,437,-1,0,25,1,0,0,0,,,,0,0,0,0,0,0,0,,
"Port of Charleston, SC",2021252N28273,MINDY,2021,158.8,0,0,35,1,0,0,0,,,,0,0,0,0,0,0,0,,
"Port of Charleston, SC",2021259N30286,ODETTE,2021,441.9,-3,0,30,0,2,0.0714,14.344,,,,0,0,0,0,0,0,0,,
"Port of Charleston, SC",2021299N33284,WANDA,2021,354.1,-4,0,40,0,0,0,0,,,,0,0,0,0,0,0,0,,
"Port of Charleston, SC",2022183N32280,COLIN,2022,13,0,0,35,1,0,0,0,2022-07-02,2022-07-02,2022-07-03,1,1,0,0,0.4818,72.03,0.4818,77.483,149.512
"Port of Charleston, SC",2022266N12294,IAN,2022,83.7,1,5,75,1,0,0,0,2022-09-29,2022-09-30,2022-10-02,3,2,1,0,1.6861,242.302,0.6697,188.818,431.12
"Port of Charleston, SC",2022311N21293,NICOLE,2022,419.3,0,1,38,1,0,0,0,2022-11-11,2022-11-11,2022-11-12,1,1,0,0,0.3974,57.347,0.3974,86.954,144.301
"Port of Charleston, SC",2023239N21274,IDALIA,2023,23.4,3,4,100,1,0,0,0,2023-08-30,2023-08-31,2023-09-01,2,1,0,0,1.1131,139.486,0.6114,111.026,250.512
"Port of Charleston, SC",2023265N29284,OPHELIA,2023,285.9,0,0,60,1,0,0,0,,,,0,0,0,0,0,0,0,,
"Port of Greater Baton Rouge, LA",2015167N27266,BILL,2015,482.4,0,0,45,0,0,0,0,,,,0,0,0,0,0,0,0,,
"Port of Greater Baton Rouge, LA",2017171N24271,CINDY,2017,239.6,0,0,50,1,0,0,0,2017-06-23,2017-06-27,2017-06-28,5,1,0,0,3.9209,412.553,0.9667,115.743,528.296
"Port of Greater Baton Rouge, LA",2017228N14314,HARVEY,2017,156,0,4,45,1,2,0.1457,25.373,2017-08-30,2017-08-30,2017-08-31,1,1,0,0,0.3771,47.638,0.3771,78.679,126.317
"Port of Greater Baton Rouge, LA",2017277N11279,NATE,2017,210.9,1,1,80,1,0,0,0,,,,0,0,0,0,0,0,0,,
"Port of Greater Baton Rouge, LA",2018146N19273,ALBERTO,2018,475.3,-1,0,30,1,0,0,0,,,,0,0,0,0,0,0,0,,
"Port of Greater Baton Rouge, LA",2018246N22283,GORDON,2018,209.8,0,0,60,1,0,0,0,,,,0,0,0,0,0,0,0,,
"Port of Greater Baton Rouge, LA",2019192N29274,BARRY,2019,122.2,1,1,65,1,0,0,0,,,,0,0,0,0,0,0,0,,
"Port of Greater Baton Rouge, LA",2019261N28264,IMELDA,2019,342.1,0,0,40,1,0,0,0,,,,0,0,0,0,0,0,0,,
"Port of Greater Baton Rouge, LA",2019291N22264,NESTOR,2019,447.1,0,0,50,0,0,0,0,,,,0,0,0,0,0,0,0,,
"Port of Greater Baton Rouge, LA",2019299N25265,OLGA,2019,83.8,0,0,45,1,0,0,0,,,,0,0,0,0,0,0,0,,
"Port of Greater Baton Rouge, LA",2020154N19269,CRISTOBAL,2020,69.1,0,0,45,1,0,0,0,2020-06-09,2020-06-09,2020-06-11,2,2,1,0,1.3475,138.312,0.8536,67.965,206.277
"Port of Greater Baton Rouge, LA",2020188N28271,FAY,2020,390.5,-3,0,28,0,0,0,0,,,,0,0,0,0,0,0,0,,
"Port of Greater Baton Rouge, LA",2020205N26272,HANNA,2020,400.2,0,1,55,0,13,3.8102,529.325,,,,0,0,0,0,0,0,0,,
"Port of Greater Baton Rouge, LA",2020233N14313,LAURA,2020,201.3,4,4,130,1,0,0,0,2020-08-27,2020-08-27,2020-08-28,1,1,0,0,0.5819,62.511,0.5819,44.916,107.427
"Port of Greater Baton Rouge, LA",2020234N14280,MARCO,2020,178.5,0,1,50,0,0,0,0,,,,0,0,0,0,0,0,0,,
"Port of Greater Baton Rouge, LA",2020256N25281,SALLY,2020,325.8,2,2,95,1,0,0,0,,,,0,0,0,0,0,0,0,,
"Port of Greater Baton Rouge, LA",2020261N21265,BETA,2020,101.2,0,0,55,1,1,0.0894,13.638,,,,0,0,0,0,0,0,0,,
"Port of Greater Baton Rouge, LA",2020279N16284,DELTA,2020,121.2,3,4,103,1,0,0,0,2020-10-08,2020-10-09,2020-10-11,3,2,1,0,1.474,151.507,0.5306,156.703,308.21
"Port of Greater Baton Rouge, LA",2020299N18277,ZETA,2020,137.2,3,3,100,1,0,0,0,2020-10-28,2020-10-29,2020-10-31,3,2,1,0,1.408,155.527,0.4914,175.978,331.505
"Port of Greater Baton Rouge, LA",2021169N23268,CLAUDETTE,2021,94.8,0,0,40,1,0,0,0,,,,0,0,0,0,0,0,0,,
"Port of Greater Baton Rouge, LA",2021239N17281,IDA,2021,50.7,4,4,130,1,1,0.2108,36.372,2021-08-30,2021-08-31,2021-09-02,3,2,1,0,2.3639,304.645,0.9668,83.219,387.864
"Port of Greater Baton Rouge, LA",2021252N28273,MINDY,2021,491.8,0,0,35,0,3,0.4129,72.128,,,,0,0,0,0,0,0,0,,
"Port of Greater Baton Rouge, LA",2021256N21265,NICHOLAS,2021,77.8,1,1,65,1,3,0.3139,54.259,,,,0,0,0,0,0,0,0,,
"Port of Gulfport, MS",2016158N22272,COLIN,2016,386.7,0,0,45,0,0,0,0,2016-06-05,2016-06-10,2016-06-11,6,1,0,0,3.152,28.915,0.6034,27.104,56.019
"Port of Gulfport, MS",2016242N24279,HERMINE,2016,437,1,1,70,1,0,0,0,,,,0,0,0,0,0,0,0,,
"Port of Gulfport, MS",2017171N24271,CINDY,2017,450.7,0,0,50,1,0,0,0,,,,0,0,0,0,0,0,0,,
"Port of Gulfport, MS",2017212N28275,EMILY,2017,420.5,-1,0,33,0,10,2.421,25.992,,,,0,0,0,0,0,0,0,,
"Port of Gulfport, MS",2017228N14314,HARVEY,2017,340.1,0,4,45,1,0,0,0,,,,0,0,0,0,0,0,0,,
"Port of Gulfport, MS",2017242N16333,IRMA,2017,413.3,0,5,35,1,0,0,0,,,,0,0,0,0,0,0,0,,
"Port of Gulfport, MS",2017277N11279,NATE,2017,7,1,1,80,1,0,0,0,,,,0,0,0,0,0,0,0,,
"Port of Gulfport, MS",2018146N19273,ALBERTO,2018,285.7,0,0,55,1,0,0,0,2018-05-27,2018-05-27,2018-05-29,2,2,0,2,2,11.025,1,0,11.025
"Port of Gulfport, MS",2018246N22283,GORDON,2018,54.6,0,0,60,1,0,0,0,,,,0,0,0,0,0,0,0,,
"Port of Gulfport, MS",2018280N18273,MICHAEL,2018,310.6,5,5,140,1,0,0,0,,,,0,0,0,0,0,0,0,,
"Port of Gulfport, MS",2019192N29274,BARRY,2019,274.7,1,1,65,1,4,0.2462,2.375,,,,0,0,0,0,0,0,0,,
"Port of Gulfport, MS",2019291N22264,NESTOR,2019,276.9,0,0,50,1,0,0,0,,,,0,0,0,0,0,0,0,,
"Port of Gulfport, MS",2019299N25265,OLGA,2019,154.4,-4,0,45,1,0,0,0,,,,0,0,0,0,0,0,0,,
"Port of Gulfport, MS",2020154N19269,CRISTOBAL,2020,105.6,0,0,45,1,0,0,0,,,,0,0,0,0,0,0,0,,
"Port of Gulfport, MS",2020188N28271,FAY,2020,290.1,-3,0,30,1,0,0,0,,,,0,0,0,0,0,0,0,,
"Port of Gulfport, MS",2020233N14313,LAURA,2020,412.8,4,4,130,1,0,0,0,,,,0,0,0,0,0,0,0,,
"Port of Gulfport, MS",2020234N14280,MARCO,2020,169.9,0,1,55,0,0,0,0,2020-08-25,2020-08-25,2020-08-26,1,1,0,0,0.7354,4.77,0.7354,1.716,6.486
"Port of Gulfport, MS",2020256N25281,SALLY,2020,126.5,2,2,95,1,0,0,0,2020-09-14,2020-09-16,2020-09-17,3,1,0,0,2.2224,14.313,0.7575,4.966,19.279
"Port of Gulfport, MS",2020261N21265,BETA,2020,261,0,0,50,1,1,0.2229,1.715,2020-09-22,2020-09-22,2020-09-23,1,1,0,0,0.6783,4.653,0.6783,2.207,6.86
"Port of Gulfport, MS",2020279N16284,DELTA,2020,313.5,2,4,90,1,1,0.278,1.635,,,,0,0,0,0,0,0,0,,
"Port of Gulfport, MS",2020299N18277,ZETA,2020,83.5,3,3,100,1,0,0,0,,,,0,0,0,0,0,0,0,,
"Port of Gulfport, MS",2021169N23268,CLAUDETTE,2021,81.8,0,0,40,1,0,0,0,,,,0,0,0,0,0,0,0,,
"Port of Gulfport, MS",2021222N14301,FRED,2021,352.1,0,0,55,1,0,0,0,,,,0,0,0,0,0,0,0,,
"Port of Gulfport, MS",2021239N17281,IDA,2021,158.2,4,4,130,1,0,0,0,,,,0,0,0,0,0,0,0,,
"Port of Gulfport, MS",2021252N28273,MINDY,2021,314.3,0,0,50,1,14,21.5885,109.254,,,,0,0,0,0,0,0,0,,
"Port of Gulfport, MS",2021256N21265,NICHOLAS,2021,264.4,-1,1,30,1,13,21.1317,107.07,,,,0,0,0,0,0,0,0,,
"Port of Gulfport, MS",2022311N21293,NICOLE,2022,435.5,0,1,35,1,0,0,0,,,,0,0,0,0,0,0,0,,
"Port of Gulfport, MS",2023152N26274,ARLENE,2023,366.9,0,0,35,0,0,0,0,,,,0,0,0,0,0,0,0,,
"Port of Palm Beach District, FL",2015126N27281,ANA,2015,129,-3,0,28,0,0,0,0,,,,0,0,0,0,0,0,0,,
"Port of Palm Beach District, FL",2015313N22289,KATE,2015,419.4,0,1,55,0,0,0,0,,,,0,0,0,0,0,0,0,,
"Port of Palm Beach District, FL",2016148N27288,BONNIE,2016,441.5,0,0,40,0,0,0,0,,,,0,0,0,0,0,0,0,,
"Port of Palm Beach District, FL",2016158N22272,COLIN,2016,459.2,0,0,45,1,0,0,0,,,,0,0,0,0,0,0,0,,
"Port of Palm Beach District, FL",2016242N24279,HERMINE,2016,334.1,1,1,70,0,0,0,0,2016-08-29,2016-08-29,2016-08-30,1,1,0,0,0.4563,16.2,0.4563,19.307,35.507
"Port of Palm Beach District, FL",2016257N27280,JULIA,2016,73.7,0,0,45,1,0,0,0,2016-09-14,2016-09-16,2016-09-17,3,1,0,0,1.328,57.111,0.5242,71.88,128.992
"Port of Palm Beach District, FL",2016273N13300,MATTHEW,2016,122.2,4,5,120,0,0,0,0,2016-10-05,2016-10-06,2016-10-08,3,2,1,0,1.0722,54.664,0.4008,98.324,152.989
"Port of Palm Beach District, FL",2017212N28275,EMILY,2017,105.6,0,0,50,1,0,0,0,,,,0,0,0,0,0,0,0,,
"Port of Palm Beach District, FL",2017240N31279,UNNAMED,2017,446.3,-3,-3,35,0,0,0,0,,,,0,0,0,0,0,0,0,,
"Port of Palm Beach District, FL",2017242N16333,IRMA,2017,120.5,4,5,120,1,0,0,0,2017-09-07,2017-09-10,2017-09-14,7,4,1,0,4.7408,199.518,0.7785,95.87,295.387
"Port of Palm Beach District, FL",2017301N18276,PHILIPPE,2017,449.5,-1,0,30,1,0,0,0,,,,0,0,0,0,0,0,0,,
"Port of Palm Beach District, FL",2018146N19273,ALBERTO,2018,388.4,-2,0,45,0,0,0,0,,,,0,0,0,0,0,0,0,,
"Port of Palm Beach District, FL",2018246N22283,GORDON,2018,160,0,0,55,1,0,0,0,,,,0,0,0,0,0,0,0,,
"Port of Palm Beach District, FL",2019204N25283,UNNAMED,2019,91.6,-1,-1,30,1,0,0,0,,,,0,0,0,0,0,0,0,,
"Port of Palm Beach District, FL",2019236N10314,DORIAN,2019,199.2,5,5,160,0,0,0,0,2019-09-02,2019-09-03,2019-09-05,3,2,1,0,2.0582,65.548,0.7518,29.974,95.522
"Port of Palm Beach District, FL",2019256N23286,HUMBERTO,2019,316.6,1,3,73,0,0,0,0,,,,0,0,0,0,0,0,0,,
"Port of Palm Beach District, FL",2020138N28281,ARTHUR,2020,229.2,0,0,35,0,0,0,0,,,,0,0,0,0,0,0,0,,
"Port of Palm Beach District, FL",2020211N13306,ISAIAS,2020,95,1,1,73,1,0,0,0,2020-07-31,2020-08-01,2020-08-04,4,3,1,0,2.0206,115.788,0.6029,114.108,229.896
"Port of Palm Beach District, FL",2020244N30279,OMAR,2020,390.7,-1,0,30,0,0,0,0,,,,0,0,0,0,0,0,0,,
"Port of Palm Beach District, FL",2020256N25281,SALLY,2020,124.8,0,2,50,1,0,0,0,,,,0,0,0,0,0,0,0,,
"Port of Palm Beach District, FL",2020306N15288,ETA,2020,200.2,1,4,65,1,0,0,0,,,,0,0,0,0,0,0,0,,
"Port of Palm Beach District, FL",2021182N09317,ELSA,2021,261.4,1,1,65,1,2,0.2468,19.399,2021-07-05,2021-07-05,2021-07-06,1,1,0,0,0.4367,26.412,0.4367,34.065,60.477
"Port of Palm Beach District, FL",2021222N14301,FRED,2021,425.2,0,0,45,1,0,0,0,2021-08-05,2021-08-25,2021-08-26,21,1,0,0,7.8694,501.092,0.4936,842.36,1343.45
"Port of Palm Beach District, FL",2022154N21273,ALEX,2022,57.4,0,0,45,1,0,0,0,,,,0,0,0,0,0,0,0,,
"Port of Palm Beach District, FL",2022266N12294,IAN,2022,127.1,5,5,140,1,0,0,0,,,,0,0,0,0,0,0,0,,
"Port of Palm Beach District, FL",2022311N21293,NICOLE,2022,96.5,1,1,65,1,0,0,0,,,,0,0,0,0,0,0,0,,
"Port of Palm Beach District, FL",2023152N26274,ARLENE,2023,453.8,-3,0,25,0,0,0,0,,,,0,0,0,0,0,0,0,,
"Port of Palm Beach District, FL",2023239N21274,IDALIA,2023,418.2,4,4,115,1,18,4.4495,167.359,,,,0,0,0,0,0,0,0,,
"Port of Palm Beach District, FL",2023265N29284,OPHELIA,2023,486.3,-4,0,30,0,20,8.8499,380.099,,,,0,0,0,0,0,0,0,,
"Port of Pascagoula, MS",2016158N22272,COLIN,2016,359,0,0,45,1,0,0,0,,,,0,0,0,0,0,0,0,,
"Port of Pascagoula, MS",2016242N24279,HERMINE,2016,403.1,1,1,70,1,0,0,0,2016-08-30,2016-08-31,2016-09-03,4,3,1,0,2.2603,141.462,0.5846,108.812,250.274
"Port of Pascagoula, MS",2017171N24271,CINDY,2017,491.7,0,0,50,1,0,0,0,,,,0,0,0,0,0,0,0,,
"Port of Pascagoula, MS",2017212N28275,EMILY,2017,387.3,0,0,35,0,0,0,0,,,,0,0,0,0,0,0,0,,
"Port of Pascagoula, MS",2017228N14314,HARVEY,2017,369.3,0,4,40,1,4,0.4852,47.046,,,,0,0,0,0,0,0,0,,
"Port of Pascagoula, MS",2017242N16333,IRMA,2017,384.2,0,5,45,1,0,0,0,,,,0,0,0,0,0,0,0,,
"Port of Pascagoula, MS",2017277N11279,NATE,2017,26.9,1,1,80,1,0,0,0,2017-10-07,2017-10-08,2017-10-11,4,3,1,0,3.1412,228.567,0.9491,63.021,291.589
"Port of Pascagoula, MS",2018146N19273,ALBERTO,2018,244.8,0,0,55,1,3,0.7901,79.534,,,,0,0,0,0,0,0,0,,
"Port of Pascagoula, MS",2018246N22283,GORDON,2018,13.7,0,0,60,1,0,0,0,2018-09-04,2018-09-05,2018-09-09,5,4,1,0,3.4141,260.572,0.9477,121.519,382.091
"Port of Pascagoula, MS",2018280N18273,MICHAEL,2018,277.1,5,5,140,1,0,0,0,2018-10-09,2018-10-09,2018-10-12,3,3,1,0,2.3089,156.236,0.9026,47.166,203.402
"Port of Pascagoula, MS",2019192N29274,BARRY,2019,298.4,1,1,65,1,0,0,0,,,,0,0,0,0,0,0,0,,
"Port of Pascagoula, MS",2019291N22264,NESTOR,2019,247.4,0,0,50,1,0,0,0,,,,0,0,0,0,0,0,0,,
"Port of Pascagoula, MS",2019299N25265,OLGA,2019,190,-4,0,45,1,0,0,0,,,,0,0,0,0,0,0,0,,
"Port of Pascagoula, MS",2020154N19269,CRISTOBAL,2020,143.3,0,0,45,1,0,0,0,2020-06-06,2020-06-07,2020-06-09,3,2,1,0,2.2172,99.654,0.7797,35.196,134.851
"Port of Pascagoula, MS",2020188N28271,FAY,2020,274.7,-3,0,30,1,0,0,0,,,,0,0,0,0,0,0,0,,
"Port of Pascagoula, MS",2020233N14313,LAURA,2020,454,4,4,130,1,0,0,0,,,,0,0,0,0,0,0,0,,
"Port of Pascagoula, MS",2020234N14280,MARCO,2020,175.9,0,1,55,0,0,0,0,2020-08-24,2020-08-24,2020-08-25,1,1,0,0,0.7376,30.773,0.7376,10.946,41.719
"Port of Pascagoula, MS",2020256N25281,SALLY,2020,90.4,2,2,95,1,0,0,0,2020-09-14,2020-09-16,2020-09-18,4,2,1,0,3.2975,171.869,0.922,36.759,208.627
"Port of Pascagoula, MS",2020261N21265,BETA,2020,276.6,-4,0,25,1,0,0,0,,,,0,0,0,0,0,0,0,,
"Port of Pascagoula, MS",2020279N16284,DELTA,2020,347,2,4,87,1,0,0,0,,,,0,0,0,0,0,0,0,,
"Port of Pascagoula, MS",2020299N18277,ZETA,2020,107.5,3,3,100,1,0,0,0,2020-10-22,2020-10-29,2020-10-30,8,1,0,0,5.2055,299.144,0.9076,159.634,458.778
"Port of Pascagoula, MS",2021169N23268,CLAUDETTE,2021,102.6,0,0,40,1,0,0,0,,,,0,0,0,0,0,0,0,,
"Port of Pascagoula, MS",2021182N09317,ELSA,2021,496.3,0,1,55,1,0,0,0,,,,0,0,0,0,0,0,0,,
"Port of Pascagoula, MS",2021222N14301,FRED,2021,309,0,0,55,1,0,0,0,,,,0,0,0,0,0,0,0,,
"Port of Pascagoula, MS",2021239N17281,IDA,2021,200.1,4,4,130,1,0,0,0,2021-08-29,2021-08-29,2021-08-31,2,2,1,0,1.6313,88.097,0.8167,19.913,108.01
"Port of Pascagoula, MS",2021252N28273,MINDY,2021,289.5,0,0,50,1,0,0,0,2021-09-09,2021-09-09,2021-09-10,1,1,0,0,0.567,34.566,0.567,26.395,60.961
"Port of Pascagoula, MS",2021256N21265,NICHOLAS,2021,306.1,-1,1,30,1,0,0,0,,,,0,0,0,0,0,0,0,,
"Port of Pascagoula, MS",2022311N21293,NICOLE,2022,392.7,0,1,35,1,0,0,0,,,,0,0,0,0,0,0,0,,
"Port of Pascagoula, MS",2023152N26274,ARLENE,2023,342.7,0,0,35,0,0,0,0,,,,0,0,0,0,0,0,0,,
"Port of Pascagoula, MS",2023239N21274,IDALIA,2023,462,4,4,115,1,0,0,0,,,,0,0,0,0,0,0,0,,
"Port of Providence, RI",2015126N27281,ANA,2015,125.2,-3,0,28,0,0,0,0,,,,0,0,0,0,0,0,0,,
"Port of Providence, RI",2016158N22272,COLIN,2016,438.8,-4,0,50,0,0,0,0,,,,0,0,0,0,0,0,0,,
"Port of Providence, RI",2016242N24279,HERMINE,2016,113.4,-4,1,58,1,0,0,0,,,,0,0,0,0,0,0,0,,
"Port of Providence, RI",2017247N09327,JOSE,2017,291.9,0,4,60,0,3,1.6945,26.98,,,,0,0,0,0,0,0,0,,
"Port of Providence, RI",2017277N11279,NATE,2017,271.5,-4,1,25,1,0,0,0,,,,0,0,0,0,0,0,0,,
"Port of Providence, RI",2018242N13343,FLORENCE,2018,163.9,-4,4,25,1,0,0,0,,,,0,0,0,0,0,0,0,,
"Port of Providence, RI",2018280N18273,MICHAEL,2018,307.5,-4,5,60,0,0,0,0,,,,0,0,0,0,0,0,0,,
"Port of Providence, RI",2019236N10314,DORIAN,2019,368.4,2,5,85,0,0,0,0,,,,0,0,0,0,0,0,0,,
"Port of Providence, RI",2019239N32287,ERIN,2019,441.4,-4,0,35,0,0,0,0,,,,0,0,0,0,0,0,0,,
"Port of Providence, RI",2019282N35286,MELISSA,2019,390.2,-2,0,55,0,1,0.1822,3.2,,,,0,0,0,0,0,0,0,,
"Port of Providence, RI",2020188N28271,FAY,2020,233.3,0,0,50,1,0,0,0,,,,0,0,0,0,0,0,0,,
"Port of Providence, RI",2020211N13306,ISAIAS,2020,236.5,0,1,58,1,0,0,0,,,,0,0,0,0,0,0,0,,
"Port of Providence, RI",2020228N37286,KYLE,2020,415,0,0,45,0,0,0,0,,,,0,0,0,0,0,0,0,,
"Port of Providence, RI",2020299N18277,ZETA,2020,257,-4,3,45,0,0,0,0,,,,0,0,0,0,0,0,0,,
"Port of Providence, RI",2021169N23268,CLAUDETTE,2021,362.3,0,0,40,0,0,0,0,,,,0,0,0,0,0,0,0,,
"Port of Providence, RI",2021182N09317,ELSA,2021,39.3,0,1,50,1,0,0,0,,,,0,0,0,0,0,0,0,,
"Port of Providence, RI",2021222N14301,FRED,2021,94.7,-4,0,25,1,0,0,0,2021-08-18,2021-08-18,2021-08-20,2,2,1,0,1.3332,15.028,0.6775,7.512,22.54
"Port of Providence, RI",2021227N36297,HENRI,2021,19.4,1,1,65,1,1,0.5026,9.811,2021-08-21,2021-08-21,2021-08-23,2,2,1,0,1.3712,13.12,0.7239,5.997,19.117
"Port of Providence, RI",2021239N17281,IDA,2021,101.2,-4,4,40,1,4,2.3121,44.421,,,,0,0,0,0,0,0,0,,
"Port of Providence, RI",2021259N30286,ODETTE,2021,458.5,0,0,40,0,1,0.0559,1.149,,,,0,0,0,0,0,0,0,,
"Port of Providence, RI",2021299N33284,WANDA,2021,160.7,-4,0,60,0,0,0,0,,,,0,0,0,0,0,0,0,,
"Port of Providence, RI",2023249N12320,LEE,2023,430.8,-4,5,70,0,1,0.058,1.02,,,,0,0,0,0,0,0,0,,
"Port of Savannah, GA",2015126N27281,ANA,2015,279.5,0,0,50,1,1,0.1075,11.499,,,,0,0,0,0,0,0,0,,
"Port of Savannah, GA",2016148N27288,BONNIE,2016,102.2,0,0,40,1,1,0.1041,11.211,,,,0,0,0,0,0,0,0,,
"Port of Savannah, GA",2016158N22272,COLIN,2016,62.8,0,0,48,1,0,0,0,,,,0,0,0,0,0,0,0,,
"Port of Savannah, GA",2016242N24279,HERMINE,2016,34.3,1,1,70,1,0,0,0,2016-09-01,2016-09-02,2016-09-03,2,1,0,0,1.4312,133.1,0.8652,51.553,184.652
"Port of Savannah, GA",2016257N27280,JULIA,2016,51.9,0,0,45,1,0,0,0,,,,0,0,0,0,0,0,0,,
"Port of Savannah, GA",2016273N13300,MATTHEW,2016,58.7,3,5,108,1,0,0,0,2016-10-06,2016-10-10,2016-10-13,7,3,1,0,5.4005,511.896,0.8853,150.821,662.717
"Port of Savannah, GA",2017212N28275,EMILY,2017,326.3,-1,0,30,0,0,0,0,,,,0,0,0,0,0,0,0,,
"Port of Savannah, GA",2017240N31279,UNNAMED,2017,93.2,-3,-3,38,1,0,0,0,,,,0,0,0,0,0,0,0,,
"Port of Savannah, GA",2017242N16333,IRMA,2017,261.8,1,5,65,1,0,0,0,2017-09-09,2017-09-11,2017-09-13,4,2,1,0,3.4537,328.44,0.9292,52.735,381.175
"Port of Savannah, GA",2018146N19273,ALBERTO,2018,490.2,-1,0,30,1,0,0,0,,,,0,0,0,0,0,0,0,,
"Port of Savannah, GA",2018242N13343,FLORENCE,2018,167.2,2,4,90,1,0,0,0,2018-09-15,2018-09-16,2018-09-17,2,1,0,0,0.8352,76.137,0.5305,107.938,184.075
"Port of Savannah, GA",2018280N18273,MICHAEL,2018,193.7,5,5,140,1,0,0,0,2018-10-11,2018-10-11,2018-10-12,1,1,0,0,0.3209,28.961,0.3209,61.285,90.247
"Port of Savannah, GA",2019204N25283,UNNAMED,2019,403.6,-1,-1,30,0,0,0,0,,,,0,0,0,0,0,0,0,,
"Port of Savannah, GA",2019236N10314,DORIAN,2019,163.6,3,5,100,0,0,0,0,2019-09-02,2019-09-05,2019-09-07,5,2,1,0,4.0666,352.186,0.9334,81.032,433.219
"Port of Savannah, GA",2019256N23286,HUMBERTO,2019,439.4,1,3,75,0,0,0,0,,,,0,0,0,0,0,0,0,,
"Port of Savannah, GA",2019291N22264,NESTOR,2019,123.8,-4,0,40,1,0,0,0,,,,0,0,0,0,0,0,0,,
"Port of Savannah, GA",2020138N28281,ARTHUR,2020,379,0,0,43,0,0,0,0,,,,0,0,0,0,0,0,0,,
"Port of Savannah, GA",2020148N32281,BERTHA,2020,160.5,0,0,45,1,0,0,0,2020-05-28,2020-05-29,2020-05-30,2,1,0,0,0.78,65.522,0.4807,101.159,166.68
"Port of Savannah, GA",2020188N28271,FAY,2020,133.7,-3,0,30,1,0,0,0,,,,0,0,0,0,0,0,0,,
"Port of Savannah, GA",2020211N13306,ISAIAS,2020,154.6,1,1,80,1,0,0,0,2020-08-03,2020-08-03,2020-08-05,2,2,1,0,0.9291,72.005,0.5576,83.817,155.822
"Port of Savannah, GA",2020244N30279,OMAR,2020,214.9,-1,0,30,0,0,0,0,,,,0,0,0,0,0,0,0,,
"Port of Savannah, GA",2020256N25281,SALLY,2020,203.4,-1,2,33,1,0,0,0,,,,0,0,0,0,0,0,0,,
"Port of Savannah, GA",2020299N18277,ZETA,2020,423.4,0,3,53,1,0,0,0,,,,0,0,0,0,0,0,0,,
"Port of Savannah, GA",2020306N15288,ETA,2020,87.3,0,4,53,1,0,0,0,,,,0,0,0,0,0,0,0,,
"Port of Savannah, GA",2021165N32282,BILL,2021,285.9,-3,0,23,0,0,0,0,,,,0,0,0,0,0,0,0,,
"Port of Savannah, GA",2021169N23268,CLAUDETTE,2021,233.8,0,0,40,1,0,0,0,,,,0,0,0,0,0,0,0,,
"Port of Savannah, GA",2021179N30287,DANNY,2021,52.1,0,0,40,1,0,0,0,2021-06-29,2021-06-29,2021-06-30,1,1,0,0,0.2926,31.648,0.2926,76.517,108.165
"Port of Savannah, GA",2021182N09317,ELSA,2021,100.6,0,1,55,1,1,0.059,7.988,2021-07-08,2021-07-08,2021-07-09,1,1,0,0,0.2454,26.986,0.2454,83.003,109.989
"Port of Savannah, GA",2021222N14301,FRED,2021,386.6,0,0,55,1,0,0,0,,,,0,0,0,0,0,0,0,,
"Port of Savannah, GA",2021252N28273,MINDY,2021,82.9,0,0,50,1,0,0,0,,,,0,0,0,0,0,0,0,,
"Port of Savannah, GA",2021299N33284,WANDA,2021,455.5,-4,0,35,0,0,0,0,,,,0,0,0,0,0,0,0,,
"Port of Savannah, GA",2022183N32280,COLIN,2022,41.3,0,0,35,1,0,0,0,2022-07-02,2022-07-02,2022-07-03,1,1,0,0,0.3798,44.108,0.3798,72.031,116.139
"Port of Savannah, GA",2022266N12294,IAN,2022,201.4,1,5,75,1,0,0,0,2022-09-29,2022-09-30,2022-10-02,3,2,1,0,2.1696,271.361,0.8577,103.619,374.98
"Port of Savannah, GA",2022311N21293,NICOLE,2022,336.9,0,1,62,1,0,0,0,2022-11-11,2022-11-11,2022-11-12,1,1,0,0,0.4035,49.882,0.4035,73.741,123.623
"Port of Savannah, GA",2023239N21274,IDALIA,2023,64.7,4,4,115,1,0,0,0,2023-08-30,2023-08-30,2023-09-01,2,2,1,0,1.54,185.246,0.8117,55.317,240.563
"Port of Savannah, GA",2023265N29284,OPHELIA,2023,420.4,0,0,60,1,11,3.4811,492.253,,,,0,0,0,0,0,0,0,,
"PortMiami, FL",2015126N27281,ANA,2015,185.2,-3,0,25,0,0,0,0,,,,0,0,0,0,0,0,0,,
"PortMiami, FL",2015313N22289,KATE,2015,438.5,0,1,53,0,0,0,0,,,,0,0,0,0,0,0,0,,
"PortMiami, FL",2016242N24279,HERMINE,2016,220.9,-1,1,30,0,0,0,0,,,,0,0,0,0,0,0,0,,
"PortMiami, FL",2016257N27280,JULIA,2016,190.3,0,0,45,1,0,0,0,,,,0,0,0,0,0,0,0,,
"PortMiami, FL",2016273N13300,MATTHEW,2016,191.5,4,5,120,0,0,0,0,,,,0,0,0,0,0,0,0,,
"PortMiami, FL",2017212N28275,EMILY,2017,223.3,0,0,50,1,0,0,0,,,,0,0,0,0,0,0,0,,
"PortMiami, FL",2017242N16333,IRMA,2017,120.5,5,5,145,1,0,0,0,2017-09-09,2017-09-10,2017-09-12,3,2,1,0,1.5515,109.637,0.5596,101.99,211.626
"PortMiami, FL",2017301N18276,PHILIPPE,2017,331.3,0,0,35,1,1,0.0023,0.311,,,,0,0,0,0,0,0,0,,
"PortMiami, FL",2018146N19273,ALBERTO,2018,381.4,-2,0,45,0,0,0,0,,,,0,0,0,0,0,0,0,,
"PortMiami, FL",2018246N22283,GORDON,2018,60.2,0,0,55,1,0,0,0,,,,0,0,0,0,0,0,0,,
"PortMiami, FL",2019204N25283,UNNAMED,2019,119.5,-1,-1,30,1,0,0,0,,,,0,0,0,0,0,0,0,,
"PortMiami, FL",2019236N10314,DORIAN,2019,242,5,5,160,0,3,0.8445,84.124,2019-09-01,2019-09-02,2019-09-03,2,1,0,0,1.0577,73.927,0.5358,65.864,139.791
"PortMiami, FL",2019256N23286,HUMBERTO,2019,373.1,1,3,65,0,0,0,0,,,,0,0,0,0,0,0,0,,
"PortMiami, FL",2020138N28281,ARTHUR,2020,320.2,0,0,35,0,0,0,0,,,,0,0,0,0,0,0,0,,
"PortMiami, FL",2020211N13306,ISAIAS,2020,128,1,1,75,1,0,0,0,2020-07-31,2020-08-03,2020-08-04,4,1,0,0,2.0194,229.757,0.6934,227.529,457.285
"PortMiami, FL",2020233N14313,LAURA,2020,455.6,0,4,58,1,0,0,0,2020-08-20,2020-08-24,2020-08-25,5,1,0,0,2.3875,266.468,0.6268,293.351,559.819
"PortMiami, FL",2020256N25281,SALLY,2020,12.2,0,2,50,1,0,0,0,2020-09-10,2020-09-12,2020-09-14,4,2,1,0,1.9008,203.175,0.6468,222.701,425.876
"PortMiami, FL",2020306N15288,ETA,2020,81.5,1,4,65,1,0,0,0,2020-11-06,2020-11-08,2020-11-10,4,2,1,0,1.9233,242.167,0.661,270.267,512.434
"PortMiami, FL",2021182N09317,ELSA,2021,241.1,1,1,65,1,3,0.5782,76.423,,,,0,0,0,0,0,0,0,,
"PortMiami, FL",2021222N14301,FRED,2021,333.6,0,0,40,1,10,3.4579,455.311,,,,0,0,0,0,0,0,0,,
"PortMiami, FL",2021239N17281,IDA,2021,450.1,1,4,70,1,0,0,0,2021-08-27,2021-08-27,2021-08-28,1,1,0,0,0.2583,33.097,0.2583,95.013,128.11
"PortMiami, FL",2022154N21273,ALEX,2022,140,0,0,45,1,0,0,0,2022-06-04,2022-06-04,2022-06-05,1,1,0,0,0.2413,31.25,0.2413,98.25,129.5
"PortMiami, FL",2022266N12294,IAN,2022,199.9,5,5,140,1,0,0,0,2022-09-28,2022-09-28,2022-09-30,2,2,1,0,0.874,77.464,0.5547,102.368,179.832
"PortMiami, FL",2022311N21293,NICOLE,2022,200.4,1,1,65,1,0,0,0,2022-11-08,2022-11-09,2022-11-11,3,2,1,0,1.2974,134.728,0.5571,178.725,313.453
"PortMiami, FL",2023152N26274,ARLENE,2023,360.6,-3,0,25,0,0,0,0,2023-06-03,2023-06-03,2023-06-04,1,1,0,0,0.29,31.313,0.29,76.657,107.97
"PortMiami, FL",2023239N21274,IDALIA,2023,433.2,3,4,105,0,0,0,0,,,,0,0,0,0,0,0,0,,
"Portland, ME",2015126N27281,ANA,2015,228.6,-3,0,25,0,0,0,0,2015-05-11,2015-05-11,2015-05-14,3,3,1,0,2.6639,66.382,0.9333,8.425,74.807
"Portland, ME",2016242N24279,HERMINE,2016,217.1,-4,1,55,1,1,0.0936,3.052,2016-09-06,2016-09-06,2016-09-07,1,1,0,0,0.648,12.563,0.648,6.825,19.388
"Portland, ME",2017247N09327,JOSE,2017,445.5,0,4,60,0,1,0.7594,24.324,,,,0,0,0,0,0,0,0,,
"Portland, ME",2017277N11279,NATE,2017,143.8,-4,1,25,1,1,0.2037,6.062,,,,0,0,0,0,0,0,0,,
"Portland, ME",2018242N13343,FLORENCE,2018,296.8,-4,4,25,1,2,0.4263,13.139,,,,0,0,0,0,0,0,0,,
"Portland, ME",2018280N18273,MICHAEL,2018,422.4,-4,5,60,0,0,0,0,,,,0,0,0,0,0,0,0,,
"Portland, ME",2019236N10314,DORIAN,2019,418.8,2,5,85,0,1,0.174,4.699,,,,0,0,0,0,0,0,0,,
"Portland, ME",2020188N28271,FAY,2020,304.8,-1,0,33,1,0,0,0,,,,0,0,0,0,0,0,0,,
"Portland, ME",2020211N13306,ISAIAS,2020,233.2,0,1,50,1,0,0,0,,,,0,0,0,0,0,0,0,,
"Portland, ME",2020299N18277,ZETA,2020,476.7,-4,3,45,0,0,0,0,,,,0,0,0,0,0,0,0,,
"Portland, ME",2021169N23268,CLAUDETTE,2021,474.6,-4,0,40,0,0,0,0,,,,0,0,0,0,0,0,0,,
"Portland, ME",2021182N09317,ELSA,2021,83.7,0,1,50,1,0,0,0,,,,0,0,0,0,0,0,0,,
"Portland, ME",2021222N14301,FRED,2021,131.7,-4,0,25,1,0,0,0,,,,0,0,0,0,0,0,0,,
"Portland, ME",2021227N36297,HENRI,2021,168.8,1,1,65,1,2,0.4357,10.389,,,,0,0,0,0,0,0,0,,
"Portland, ME",2021239N17281,IDA,2021,219.4,-4,4,40,1,0,0,0,,,,0,0,0,0,0,0,0,,
"Portland, ME",2021299N33284,WANDA,2021,258.8,-4,0,60,0,0,0,0,2021-10-27,2021-10-27,2021-10-28,1,1,0,0,0.8421,14.243,0.8421,2.672,16.914
"Portland, ME",2023249N12320,LEE,2023,308.6,-4,5,70,1,0,0,0,,,,0,0,0,0,0,0,0,,
"Sabine Pass Port Authority, TX",2015167N27266,BILL,2015,256.9,0,0,50,1,0,0,0,,,,0,0,0,0,0,0,0,,
"Sabine Pass Port Authority, TX",2017171N24271,CINDY,2017,41.4,0,0,50,1,0,0,0,2017-06-21,2017-06-22,2017-06-24,3,2,1,0,2.1583,27.339,0.8599,10.775,38.115
"Sabine Pass Port Authority, TX",2017228N14314,HARVEY,2017,60.3,4,4,115,1,0,0,0,2017-08-26,2017-08-27,2017-08-28,2,1,0,0,0.9884,11.924,0.5923,12.184,24.108
"Sabine Pass Port Authority, TX",2017277N11279,NATE,2017,474.8,1,1,75,1,0,0,0,,,,0,0,0,0,0,0,0,,
"Sabine Pass Port Authority, TX",2018246N22283,GORDON,2018,470.5,0,0,38,1,0,0,0,2018-09-06,2018-09-06,2018-09-07,1,1,0,0,0.4351,5.152,0.4351,6.689,11.842
"Sabine Pass Port Authority, TX",2019192N29274,BARRY,2019,148.1,1,1,65,1,2,0.0935,1.547,,,,0,0,0,0,0,0,0,,
"Sabine Pass Port Authority, TX",2019261N28264,IMELDA,2019,126.3,0,0,40,1,0,0,0,2019-09-19,2019-09-19,2019-09-20,1,1,0,0,0.4485,5.045,0.4485,6.202,11.246
"Sabine Pass Port Authority, TX",2019299N25265,OLGA,2019,300.4,0,0,45,1,0,0,0,,,,0,0,0,0,0,0,0,,
"Sabine Pass Port Authority, TX",2020154N19269,CRISTOBAL,2020,328,0,0,45,1,0,0,0,,,,0,0,0,0,0,0,0,,
"Sabine Pass Port Authority, TX",2020205N26272,HANNA,2020,279,1,1,80,1,1,0.1174,1.939,2020-07-25,2020-07-25,2020-07-26,1,1,0,0,0.4739,5.627,0.4739,6.246,11.873
"Sabine Pass Port Authority, TX",2020233N14313,LAURA,2020,79.5,4,4,130,1,0,0,0,2020-08-25,2020-09-01,2020-09-02,8,1,0,0,5.1106,63.92,0.8731,35.918,99.838
"Sabine Pass Port Authority, TX",2020234N14280,MARCO,2020,188.6,0,1,35,0,0,0,0,2020-08-25,2020-09-01,2020-09-02,8,1,0,0,5.1065,63.789,0.8729,35.918,99.708
"Sabine Pass Port Authority, TX",2020261N21265,BETA,2020,55.1,0,0,55,1,0,0,0,2020-09-20,2020-09-21,2020-09-23,3,2,1,0,1.9002,23.336,0.7288,13.39,36.726
"Sabine Pass Port Authority, TX",2020279N16284,DELTA,2020,82.9,3,4,105,1,0,0,0,2020-10-09,2020-10-10,2020-10-11,2,1,0,0,1.1932,13.019,0.6041,8.807,21.826
"Sabine Pass Port Authority, TX",2020299N18277,ZETA,2020,345.1,3,3,100,1,0,0,0,,,,0,0,0,0,0,0,0,,
"Sabine Pass Port Authority, TX",2021169N23268,CLAUDETTE,2021,306,0,0,40,1,0,0,0,,,,0,0,0,0,0,0,0,,
"Sabine Pass Port Authority, TX",2021239N17281,IDA,2021,333.6,4,4,130,1,0,0,0,,,,0,0,0,0,0,0,0,,
"Sabine Pass Port Authority, TX",2021256N21265,NICHOLAS,2021,34.6,1,1,65,1,1,0.0124,0.244,2021-09-14,2021-09-14,2021-09-15,1,1,0,0,0.3849,6.15,0.3849,9.829,15.979
"Sabine Pass Port Authority, TX",2023234N25271,HAROLD,2023,393.3,0,0,50,1,0,0,0,,,,0,0,0,0,0,0,0,,
"San Juan, PR",2015237N14315,ERIKA,2015,115.1,0,0,45,0,0,0,0,,,,0,0,0,0,0,0,0,,
"San Juan, PR",2016273N13300,MATTHEW,2016,469.7,1,5,68,0,0,0,0,,,,0,0,0,0,0,0,0,,
"San Juan, PR",2017224N22293,GERT,2017,448.8,-3,2,25,0,3,0.8251,39.982,,,,0,0,0,0,0,0,0,,
"San Juan, PR",2017242N16333,IRMA,2017,87.6,5,5,155,0,0,0,0,,,,0,0,0,0,0,0,0,,
"San Juan, PR",2017247N09327,JOSE,2017,296.3,4,4,120,0,0,0,0,,,,0,0,0,0,0,0,0,,
"San Juan, PR",2017260N12310,MARIA,2017,28.4,5,5,150,1,0,0,0,2017-09-22,2017-09-22,2017-09-29,7,7,0,7,7,182.62,1,0,182.62
"San Juan, PR",2018186N10325,BERYL,2018,180.9,-3,1,35,0,0,0,0,,,,0,0,0,0,0,0,0,,
"San Juan, PR",2018251N13325,ISAAC,2018,358.3,0,1,35,0,3,0.8073,45.372,,,,0,0,0,0,0,0,0,,
"San Juan, PR",2018265N08338,KIRK,2018,489.6,0,0,35,0,0,0,0,,,,0,0,0,0,0,0,0,,
"San Juan, PR",2019236N10314,DORIAN,2019,80,1,5,78,0,0,0,0,,,,0,0,0,0,0,0,0,,
"San Juan, PR",2019260N13317,JERRY,2019,393,0,2,63,0,0,0,0,,,,0,0,0,0,0,0,0,,
"San Juan, PR",2019265N12301,KAREN,2019,76.2,0,0,40,0,0,0,0,,,,0,0,0,0,0,0,0,,
"San Juan, PR",2020211N13306,ISAIAS,2020,226,0,1,63,1,0,0,0,2020-07-29,2020-07-30,2020-07-31,2,1,0,0,1.566,60.982,0.9026,18.252,79.234
"San Juan, PR",2020224N11326,JOSEPHINE,2020,257.2,0,0,35,0,0,0,0,,,,0,0,0,0,0,0,0,,
"San Juan, PR",2020233N14313,LAURA,2020,82.3,0,4,45,1,0,0,0,2020-08-21,2020-08-22,2020-08-23,2,1,0,0,1.6112,61.352,0.9164,13.879,75.231
"San Juan, PR",2021182N09317,ELSA,2021,359.9,1,1,70,0,13,3.5906,247.098,,,,0,0,0,0,0,0,0,,
"San Juan, PR",2021222N14301,FRED,2021,124.8,0,0,40,1,0,0,0,2021-08-11,2021-08-11,2021-08-12,1,1,0,0,0.4074,22.942,0.4074,33.371,56.313
"San Juan, PR",2021225N15313,GRACE,2021,158.2,-1,3,33,0,0,0,0,2021-08-15,2021-08-15,2021-08-16,1,1,0,0,0.8397,46.058,0.8397,8.791,54.849
"San Juan, PR",2021262N16307,PETER,2021,250.6,0,0,45,0,0,0,0,,,,0,0,0,0,0,0,0,,
"San Juan, PR",2022246N18301,EARL,2022,207.6,0,2,60,0,0,0,0,2022-09-04,2022-09-04,2022-09-05,1,1,0,0,0.4959,27.002,0.4959,27.449,54.452
"San Juan, PR",2022257N16312,FIONA,2022,111.9,2,4,95,1,0,0,0,2022-09-17,2022-09-18,2022-09-20,3,2,1,0,1.9242,110.348,0.7127,61.417,171.766
"San Juan, PR",2022311N21293,NICOLE,2022,254,-3,1,35,0,0,0,0,,,,0,0,0,0,0,0,0,,
"San Juan, PR",2023232N13300,FRANKLIN,2023,397,0,4,60,0,0,0,0,2023-08-20,2023-08-20,2023-08-21,1,1,0,0,0.5128,28.493,0.5128,27.066,55.559
"San Juan, PR",2023266N16323,PHILIPPE,2023,150.7,0,0,45,0,0,0,0,,,,0,0,0,0,0,0,0,,
"San Juan, PR",2023292N13309,TAMMY,2023,292.2,1,2,80,0,0,0,0,2023-10-21,2023-10-22,2023-10-23,2,1,0,0,1.1059,70.424,0.6172,57.524,127.948
"South Jersey Port Corp, NJ",2015126N27281,ANA,2015,118.2,-1,0,30,1,0,0,0,,,,0,0,0,0,0,0,0,,
"South Jersey Port Corp, NJ",2015193N35285,CLAUDETTE,2015,466.1,-3,0,25,0,0,0,0,,,,0,0,0,0,0,0,0,,
"South Jersey Port Corp, NJ",2016148N27288,BONNIE,2016,445.6,0,0,35,0,0,0,0,,,,0,0,0,0,0,0,0,,
"South Jersey Port Corp, NJ",2016158N22272,COLIN,2016,387,-4,0,50,0,0,0,0,,,,0,0,0,0,0,0,0,,
"South Jersey Port Corp, NJ",2016240N31295,UNNAMED,2016,447.9,-1,-1,30,0,0,0,0,2016-08-31,2016-08-31,2016-09-01,1,1,0,0,0.466,46.907,0.466,53.745,100.652
"South Jersey Port Corp, NJ",2016242N24279,HERMINE,2016,214.6,0,1,60,1,0,0,0,2016-09-05,2016-09-05,2016-09-06,1,1,0,0,0.4343,42.342,0.4343,55.147,97.489
"South Jersey Port Corp, NJ",2016257N27280,JULIA,2016,467.1,-4,0,25,1,1,0.0126,1.766,,,,0,0,0,0,0,0,0,,
"South Jersey Port Corp, NJ",2017171N24271,CINDY,2017,315.5,-3,0,25,1,0,0,0,2017-06-24,2017-06-29,2017-06-30,6,1,0,0,4.4673,420.785,0.9808,138.091,558.877
"South Jersey Port Corp, NJ",2017240N31279,UNNAMED,2017,468.6,-4,-3,40,0,0,0,0,,,,0,0,0,0,0,0,0,,
"South Jersey Port Corp, NJ",2017247N09327,JOSE,2017,393.7,0,4,63,0,0,0,0,2017-09-19,2017-09-20,2017-09-21,2,1,0,0,0.9272,96.816,0.4649,112.035,208.851
"South Jersey Port Corp, NJ",2017260N12310,MARIA,2017,410.3,1,5,65,0,0,0,0,2017-09-27,2017-09-29,2017-09-30,3,1,0,0,1.2096,121.158,0.4463,180.154,301.312
"South Jersey Port Corp, NJ",2017277N11279,NATE,2017,406.1,-4,1,25,1,0,0,0,,,,0,0,0,0,0,0,0,,
"South Jersey Port Corp, NJ",2018242N13343,FLORENCE,2018,246.3,-4,4,25,1,0,0,0,,,,0,0,0,0,0,0,0,,
"South Jersey Port Corp, NJ",2018280N18273,MICHAEL,2018,242.7,-4,5,60,1,0,0,0,,,,0,0,0,0,0,0,0,,
"South Jersey Port Corp, NJ",2019236N10314,DORIAN,2019,376.9,2,5,85,0,0,0,0,2019-09-06,2019-09-06,2019-09-07,1,1,0,0,0.5135,34.22,0.5135,32.42,66.64
"South Jersey Port Corp, NJ",2019239N32287,ERIN,2019,463,-1,0,35,0,0,0,0,,,,0,0,0,0,0,0,0,,
"South Jersey Port Corp, NJ",2019282N35286,MELISSA,2019,448,-2,0,50,0,0,0,0,,,,0,0,0,0,0,0,0,,
"South Jersey Port Corp, NJ",2019291N22264,NESTOR,2019,235.8,-4,0,40,1,2,0.1817,15.123,,,,0,0,0,0,0,0,0,,
"South Jersey Port Corp, NJ",2020138N28281,ARTHUR,2020,410.4,0,0,53,0,0,0,0,2020-05-19,2020-05-20,2020-05-22,3,2,1,0,1.7224,128.616,0.683,95.109,223.726
"South Jersey Port Corp, NJ",2020148N32281,BERTHA,2020,484.5,-4,0,20,1,0,0,0,2020-05-28,2020-05-29,2020-05-30,2,1,0,0,1.3305,89.356,0.6699,44.925,134.282
"South Jersey Port Corp, NJ",2020188N28271,FAY,2020,46.8,0,0,50,1,0,0,0,,,,0,0,0,0,0,0,0,,
"South Jersey Port Corp, NJ",2020211N13306,ISAIAS,2020,96.1,0,1,60,1,0,0,0,2020-08-04,2020-08-04,2020-08-05,1,1,0,0,0.6345,49.372,0.6345,28.445,77.817
"South Jersey Port Corp, NJ",2020228N37286,KYLE,2020,317.9,0,0,43,0,0,0,0,,,,0,0,0,0,0,0,0,,
"South Jersey Port Corp, NJ",2020299N18277,ZETA,2020,99.3,-4,3,45,1,0,0,0,,,,0,0,0,0,0,0,0,,
"South Jersey Port Corp, NJ",2021169N23268,CLAUDETTE,2021,314.6,0,0,40,1,0,0,0,,,,0,0,0,0,0,0,0,,
"South Jersey Port Corp, NJ",2021182N09317,ELSA,2021,59.4,0,1,50,1,0,0,0,,,,0,0,0,0,0,0,0,,
"South Jersey Port Corp, NJ",2021222N14301,FRED,2021,296.1,-3,0,25,1,0,0,0,2021-08-16,2021-08-19,2021-08-20,4,1,0,0,2.005,198.542,0.6401,199.564,398.105
"South Jersey Port Corp, NJ",2021227N36297,HENRI,2021,223.9,1,1,65,1,0,0,0,,,,0,0,0,0,0,0,0,,
"South Jersey Port Corp, NJ",2021239N17281,IDA,2021,60.6,-4,4,40,1,0,0,0,,,,0,0,0,0,0,0,0,,
"South Jersey Port Corp, NJ",2021259N30286,ODETTE,2021,433.7,0,0,40,0,0,0,0,,,,0,0,0,0,0,0,0,,
"South Jersey Port Corp, NJ",2021299N33284,WANDA,2021,415.7,-4,0,58,0,0,0,0,,,,0,0,0,0,0,0,0,,
"South Jersey Port Corp, NJ",2023015N36289,UNNAMED,2023,477.4,-4,-2,45,0,0,0,0,,,,0,0,0,0,0,0,0,,
"South Jersey Port Corp, NJ",2023265N29284,OPHELIA,2023,185,0,0,45,1,2,0.4535,55.037,,,,0,0,0,0,0,0,0,,
"South Louisiana, LA, Port of",2016158N22272,COLIN,2016,471.5,0,0,45,0,0,0,0,,,,0,0,0,0,0,0,0,,
"South Louisiana, LA, Port of",2017171N24271,CINDY,2017,306.5,0,0,50,1,0,0,0,2017-06-23,2017-06-27,2017-06-28,5,1,0,0,3.297,1394.95,0.9703,732.078,2127.03
"South Louisiana, LA, Port of",2017228N14314,HARVEY,2017,245.6,0,4,45,1,0,0,0,2017-08-25,2017-08-28,2017-08-30,5,2,1,0,1.7006,748.189,0.4205,1452.74,2200.93
"South Louisiana, LA, Port of",2017277N11279,NATE,2017,126.7,1,1,80,1,0,0,0,,,,0,0,0,0,0,0,0,,
"South Louisiana, LA, Port of",2018146N19273,ALBERTO,2018,427.2,0,0,55,1,0,0,0,,,,0,0,0,0,0,0,0,,
"South Louisiana, LA, Port of",2018246N22283,GORDON,2018,182.5,0,0,60,1,4,0.5669,272.76,,,,0,0,0,0,0,0,0,,
"South Louisiana, LA, Port of",2018280N18273,MICHAEL,2018,422.7,5,5,140,1,0,0,0,,,,0,0,0,0,0,0,0,,
"South Louisiana, LA, Port of",2019192N29274,BARRY,2019,154.2,1,1,65,1,0,0,0,,,,0,0,0,0,0,0,0,,
"South Louisiana, LA, Port of",2019261N28264,IMELDA,2019,428.1,0,0,40,1,0,0,0,,,,0,0,0,0,0,0,0,,
"South Louisiana, LA, Port of",2019291N22264,NESTOR,2019,357.3,0,0,50,1,1,0.0245,8.763,,,,0,0,0,0,0,0,0,,
"South Louisiana, LA, Port of",2019299N25265,OLGA,2019,9.2,0,0,45,1,0,0,0,,,,0,0,0,0,0,0,0,,
"South Louisiana, LA, Port of",2020154N19269,CRISTOBAL,2020,42.9,0,0,45,1,0,0,0,2020-06-07,2020-06-07,2020-06-08,1,1,0,0,0.3974,90.863,0.3974,137.759,228.623
"South Louisiana, LA, Port of",2020188N28271,FAY,2020,306.9,-3,0,30,1,0,0,0,,,,0,0,0,0,0,0,0,,
"South Louisiana, LA, Port of",2020205N26272,HANNA,2020,393.2,0,1,53,0,0,0,0,,,,0,0,0,0,0,0,0,,
"South Louisiana, LA, Port of",2020233N14313,LAURA,2020,270.2,4,4,130,1,0,0,0,,,,0,0,0,0,0,0,0,,
"South Louisiana, LA, Port of",2020234N14280,MARCO,2020,146.8,0,1,55,0,0,0,0,,,,0,0,0,0,0,0,0,,
"South Louisiana, LA, Port of",2020256N25281,SALLY,2020,239.5,2,2,95,1,0,0,0,,,,0,0,0,0,0,0,0,,
"South Louisiana, LA, Port of",2020261N21265,BETA,2020,187,0,0,55,1,0,0,0,,,,0,0,0,0,0,0,0,,
"South Louisiana, LA, Port of",2020279N16284,DELTA,2020,209.8,3,4,103,1,0,0,0,,,,0,0,0,0,0,0,0,,
"South Louisiana, LA, Port of",2020299N18277,ZETA,2020,61.8,3,3,100,1,0,0,0,,,,0,0,0,0,0,0,0,,
"South Louisiana, LA, Port of",2021169N23268,CLAUDETTE,2021,13.6,0,0,40,1,0,0,0,,,,0,0,0,0,0,0,0,,
"South Louisiana, LA, Port of",2021222N14301,FRED,2021,488.5,0,0,55,1,0,0,0,,,,0,0,0,0,0,0,0,,
"South Louisiana, LA, Port of",2021239N17281,IDA,2021,16.1,4,4,130,1,0,0,0,2021-08-28,2021-09-05,2021-09-10,13,5,1,0,8.4391,2829,0.9478,1535.27,4364.27
"South Louisiana, LA, Port of",2021252N28273,MINDY,2021,402.4,0,0,45,0,0,0,0,2021-08-29,2021-09-05,2021-09-10,12,5,1,0,8.0406,2706.05,0.9478,1339.39,4045.44
"South Louisiana, LA, Port of",2021256N21265,NICHOLAS,2021,120.3,0,1,50,1,0,0,0,2021-09-17,2021-09-17,2021-09-18,1,1,0,0,0.2652,93.473,0.2652,258.942,352.415
"South Louisiana, LA, Port of",2023152N26274,ARLENE,2023,449.8,-1,0,33,0,0,0,0,,,,0,0,0,0,0,0,0,,
"Tampa Port Authority, FL",2015126N27281,ANA,2015,334.3,-3,0,25,0,0,0,0,,,,0,0,0,0,0,0,0,,
"Tampa Port Authority, FL",2016148N27288,BONNIE,2016,436.7,0,0,40,0,0,0,0,,,,0,0,0,0,0,0,0,,
"Tampa Port Authority, FL",2016158N22272,COLIN,2016,243.3,0,0,45,1,0,0,0,,,,0,0,0,0,0,0,0,,
"Tampa Port Authority, FL",2016242N24279,HERMINE,2016,267.8,1,1,70,1,0,0,0,2016-09-01,2016-09-01,2016-09-02,1,1,0,0,0.4834,40.93,0.4834,43.735,84.665
"Tampa Port Authority, FL",2016257N27280,JULIA,2016,147.6,0,0,45,1,0,0,0,,,,0,0,0,0,0,0,0,,
"Tampa Port Authority, FL",2016273N13300,MATTHEW,2016,228.7,4,5,120,0,0,0,0,,,,0,0,0,0,0,0,0,,
"Tampa Port Authority, FL",2017212N28275,EMILY,2017,47.5,0,0,50,1,0,0,0,,,,0,0,0,0,0,0,0,,
"Tampa Port Authority, FL",2017240N31279,UNNAMED,2017,349.2,-3,-3,35,0,0,0,0,,,,0,0,0,0,0,0,0,,
"Tampa Port Authority, FL",2017242N16333,IRMA,2017,35.7,4,5,115,1,0,0,0,2017-09-09,2017-09-11,2017-09-13,4,2,1,0,2.9893,253.875,0.8988,83.148,337.023
"Tampa Port Authority, FL",2018146N19273,ALBERTO,2018,235.6,0,0,55,1,2,0.5143,62.453,,,,0,0,0,0,0,0,0,,
"Tampa Port Authority, FL",2018246N22283,GORDON,2018,173.2,0,0,60,1,0,0,0,,,,0,0,0,0,0,0,0,,
"Tampa Port Authority, FL",2018280N18273,MICHAEL,2018,384.4,5,5,140,1,0,0,0,,,,0,0,0,0,0,0,0,,
"Tampa Port Authority, FL",2019192N29274,BARRY,2019,412.3,-3,1,30,0,0,0,0,,,,0,0,0,0,0,0,0,,
"Tampa Port Authority, FL",2019204N25283,UNNAMED,2019,242.5,-1,-1,30,0,0,0,0,,,,0,0,0,0,0,0,0,,
"Tampa Port Authority, FL",2019236N10314,DORIAN,2019,321.2,5,5,155,0,1,0.2619,30.733,2019-09-01,2019-09-01,2019-09-03,2,2,1,0,0.996,89.17,0.5585,90.168,179.338
"Tampa Port Authority, FL",2019256N23286,HUMBERTO,2019,435.7,1,3,68,0,0,0,0,,,,0,0,0,0,0,0,0,,
"Tampa Port Authority, FL",2019291N22264,NESTOR,2019,388.6,0,0,50,1,0,0,0,,,,0,0,0,0,0,0,0,,
"Tampa Port Authority, FL",2020138N28281,ARTHUR,2020,358.3,0,0,35,0,0,0,0,,,,0,0,0,0,0,0,0,,
"Tampa Port Authority, FL",2020188N28271,FAY,2020,366.9,-3,0,30,1,0,0,0,,,,0,0,0,0,0,0,0,,
"Tampa Port Authority, FL",2020211N13306,ISAIAS,2020,261.1,1,1,65,0,2,0.0735,9.287,,,,0,0,0,0,0,0,0,,
"Tampa Port Authority, FL",2020244N30279,OMAR,2020,301.1,-3,0,28,0,0,0,0,2020-08-31,2020-08-31,2020-09-01,1,1,0,0,0.5213,47.017,0.5213,43.172,90.189
"Tampa Port Authority, FL",2020256N25281,SALLY,2020,176,1,2,75,1,0,0,0,2020-09-12,2020-09-12,2020-09-14,2,2,1,0,0.9938,83.284,0.5561,83.755,167.039
"Tampa Port Authority, FL",2020306N15288,ETA,2020,112.2,1,4,65,1,1,0.0171,2.05,,,,0,0,0,0,0,0,0,,
"Tampa Port Authority, FL",2021182N09317,ELSA,2021,114,1,1,65,1,3,0.6113,78.975,2021-07-06,2021-07-06,2021-07-07,1,1,0,0,0.4183,38.267,0.4183,53.218,91.485
"Tampa Port Authority, FL",2021222N14301,FRED,2021,323,0,0,55,1,0,0,0,,,,0,0,0,0,0,0,0,,
"Tampa Port Authority, FL",2021239N17281,IDA,2021,494,1,4,80,0,0,0,0,,,,0,0,0,0,0,0,0,,
"Tampa Port Authority, FL",2021252N28273,MINDY,2021,325.4,0,0,50,1,0,0,0,,,,0,0,0,0,0,0,0,,
"Tampa Port Authority, FL",2022154N21273,ALEX,2022,175.6,0,0,43,1,0,0,0,2022-06-03,2022-06-03,2022-06-05,2,2,1,0,0.8714,102.387,0.4631,133.481,235.868
"Tampa Port Authority, FL",2022183N32280,COLIN,2022,468.1,-1,0,33,0,0,0,0,,,,0,0,0,0,0,0,0,,
"Tampa Port Authority, FL",2022266N12294,IAN,2022,101.2,5,5,140,1,0,0,0,2022-09-26,2022-09-30,2022-10-03,7,3,1,0,4.4656,486.157,0.8727,284.596,770.753
"Tampa Port Authority, FL",2022311N21293,NICOLE,2022,56.7,1,1,65,1,15,3.323,497.218,,,,0,0,0,0,0,0,0,,
"Tampa Port Authority, FL",2023152N26274,ARLENE,2023,349.4,0,0,35,0,1,0.029,4.436,,,,0,0,0,0,0,0,0,,
"Tampa Port Authority, FL",2023239N21274,IDALIA,2023,215.7,4,4,115,1,0,0,0,2023-08-29,2023-08-30,2023-09-01,3,2,1,0,2.2467,243.991,0.8202,81.558,325.55
"Terrebonne Parish Port, LA",2015167N27266,BILL,2015,427.5,0,0,48,0,0,0,0,,,,0,0,0,0,0,0,0,,
"Terrebonne Parish Port, LA",2016158N22272,COLIN,2016,455.5,0,0,45,0,3,0.2207,11.761,,,,0,0,0,0,0,0,0,,
"Terrebonne Parish Port, LA",2017171N24271,CINDY,2017,266.2,0,0,50,1,0,0,0,2017-06-23,2017-06-27,2017-06-28,5,1,0,0,3.5895,112.964,0.9709,44.843,157.808
"Terrebonne Parish Port, LA",2017228N14314,HARVEY,2017,259.2,0,4,45,1,0,0,0,2017-08-29,2017-08-29,2017-08-30,1,1,0,0,0.2622,8.676,0.2622,24.409,33.085
"Terrebonne Parish Port, LA",2017277N11279,NATE,2017,161.1,1,1,80,1,1,0.3128,14.56,,,,0,0,0,0,0,0,0,,
"Terrebonne Parish Port, LA",2018146N19273,ALBERTO,2018,473.9,0,0,55,1,6,1.249,36.503,,,,0,0,0,0,0,0,0,,
"Terrebonne Parish Port, LA",2018246N22283,GORDON,2018,254.5,0,0,60,1,0,0,0,,,,0,0,0,0,0,0,0,,
"Terrebonne Parish Port, LA",2018280N18273,MICHAEL,2018,435,4,5,133,0,0,0,0,,,,0,0,0,0,0,0,0,,
"Terrebonne Parish Port, LA",2019192N29274,BARRY,2019,80.7,1,1,65,1,0,0,0,,,,0,0,0,0,0,0,0,,
"Terrebonne Parish Port, LA",2019261N28264,IMELDA,2019,423.3,0,0,40,1,0,0,0,2019-09-17,2019-09-17,2019-09-18,1,1,0,0,0.4751,9.933,0.4751,10.976,20.91
"Terrebonne Parish Port, LA",2019291N22264,NESTOR,2019,338.2,0,0,50,0,3,0.4821,15.332,,,,0,0,0,0,0,0,0,,
"Terrebonne Parish Port, LA",2019299N25265,OLGA,2019,69.4,0,0,45,1,0,0,0,,,,0,0,0,0,0,0,0,,
"Terrebonne Parish Port, LA",2020154N19269,CRISTOBAL,2020,100.7,0,0,45,1,0,0,0,,,,0,0,0,0,0,0,0,,
"Terrebonne Parish Port, LA",2020188N28271,FAY,2020,269.8,-3,0,30,0,0,0,0,,,,0,0,0,0,0,0,0,,
"Terrebonne Parish Port, LA",2020205N26272,HANNA,2020,311.4,0,1,58,0,0,0,0,,,,0,0,0,0,0,0,0,,
"Terrebonne Parish Port, LA",2020233N14313,LAURA,2020,230.1,4,4,130,1,0,0,0,,,,0,0,0,0,0,0,0,,
"Terrebonne Parish Port, LA",2020234N14280,MARCO,2020,78.1,0,1,55,0,0,0,0,,,,0,0,0,0,0,0,0,,
"Terrebonne Parish Port, LA",2020256N25281,SALLY,2020,265.4,2,2,95,1,0,0,0,,,,0,0,0,0,0,0,0,,
"Terrebonne Parish Port, LA",2020261N21265,BETA,2020,221.4,0,0,55,1,0,0,0,,,,0,0,0,0,0,0,0,,
"Terrebonne Parish Port, LA",2020279N16284,DELTA,2020,216.4,3,4,105,1,0,0,0,,,,0,0,0,0,0,0,0,,
"Terrebonne Parish Port, LA",2020299N18277,ZETA,2020,27.7,3,3,100,1,0,0,0,,,,0,0,0,0,0,0,0,,
"Terrebonne Parish Port, LA",2021169N23268,CLAUDETTE,2021,18.4,0,0,40,1,0,0,0,,,,0,0,0,0,0,0,0,,
"Terrebonne Parish Port, LA",2021239N17281,IDA,2021,29.2,4,4,130,1,0,0,0,2021-08-30,2021-08-31,2021-09-02,3,2,1,0,2.4487,49.955,0.9333,11.498,61.453
"Terrebonne Parish Port, LA",2021252N28273,MINDY,2021,406.7,0,0,40,0,0,0,0,,,,0,0,0,0,0,0,0,,
"Terrebonne Parish Port, LA",2021256N21265,NICHOLAS,2021,74,1,1,65,1,0,0,0,,,,0,0,0,0,0,0,0,,
"Terrebonne Parish Port, LA",2023152N26274,ARLENE,2023,448.5,0,0,35,0,0,0,0,,,,0,0,0,0,0,0,0,,
"Terrebonne Parish Port, LA",2023234N25271,HAROLD,2023,464.2,0,0,35,0,0,0,0,,,,0,0,0,0,0,0,0,,
"Texas City, TX",2015167N27266,BILL,2015,193.7,0,0,50,1,0,0,0,2015-06-16,2015-06-16,2015-06-18,2,2,1,0,1.35,156.868,0.7069,75.54,232.408
"Texas City, TX",2017171N24271,CINDY,2017,121.9,0,0,50,1,0,0,0,,,,0,0,0,0,0,0,0,,
"Texas City, TX",2017228N14314,HARVEY,2017,120.3,4,4,115,1,0,0,0,2017-08-25,2017-08-28,2017-09-02,8,5,1,2,6.7015,728.274,1,144.089,872.363
"Texas City, TX",2019192N29274,BARRY,2019,228,1,1,65,1,0,0,0,2019-07-13,2019-07-13,2019-07-14,1,1,0,0,0.412,48.865,0.412,69.753,118.618
"Texas City, TX",2019261N28264,IMELDA,2019,49.2,0,0,40,1,0,0,0,,,,0,0,0,0,0,0,0,,
"Texas City, TX",2019299N25265,OLGA,2019,345,0,0,45,1,1,0.0355,5.336,,,,0,0,0,0,0,0,0,,
"Texas City, TX",2020154N19269,CRISTOBAL,2020,408.1,0,0,45,1,0,0,0,,,,0,0,0,0,0,0,0,,
"Texas City, TX",2020205N26272,HANNA,2020,261.1,1,1,80,1,0,0,0,,,,0,0,0,0,0,0,0,,
"Texas City, TX",2020233N14313,LAURA,2020,159,4,4,130,1,0,0,0,2020-08-26,2020-08-26,2020-08-28,2,2,1,0,1.7759,137.76,0.9135,17.456,155.217
"Texas City, TX",2020234N14280,MARCO,2020,254.6,-1,1,30,0,0,0,0,,,,0,0,0,0,0,0,0,,
"Texas City, TX",2020261N21265,BETA,2020,29.8,0,0,55,1,1,0.1672,21.945,2020-09-21,2020-09-21,2020-09-24,3,3,1,1,2.7254,233.771,1,23.236,257.007
"Texas City, TX",2020279N16284,DELTA,2020,145.8,3,4,105,1,0,0,0,,,,0,0,0,0,0,0,0,,
"Texas City, TX",2020299N18277,ZETA,2020,403.5,3,3,100,1,0,0,0,,,,0,0,0,0,0,0,0,,
"Texas City, TX",2021169N23268,CLAUDETTE,2021,373.4,0,0,40,1,0,0,0,,,,0,0,0,0,0,0,0,,
"Texas City, TX",2021239N17281,IDA,2021,413.2,4,4,130,1,0,0,0,,,,0,0,0,0,0,0,0,,
"Texas City, TX",2021256N21265,NICHOLAS,2021,16.9,1,1,65,1,0,0,0,2021-09-14,2021-09-14,2021-09-17,3,3,1,0,1.8133,212.603,0.9837,140.361,352.964
"Texas City, TX",2023234N25271,HAROLD,2023,329.3,0,0,50,1,0,0,0,,,,0,0,0,0,0,0,0,,
"Toledo-Lucas County Port, OH",2015167N27266,BILL,2015,341.9,-3,0,15,1,0,0,0,,,,0,0,0,0,0,0,0,,
"Toledo-Lucas County Port, OH",2017171N24271,CINDY,2017,405.3,-3,0,25,1,0,0,0,,,,0,0,0,0,0,0,0,,
"Toledo-Lucas County Port, OH",2017228N14314,HARVEY,2017,401.4,-4,4,20,1,0,0,0,,,,0,0,0,0,0,0,0,,
"Toledo-Lucas County Port, OH",2017277N11279,NATE,2017,183.2,-3,1,25,1,0,0,0,,,,0,0,0,0,0,0,0,,
"Toledo-Lucas County Port, OH",2018146N19273,ALBERTO,2018,170.9,-1,0,30,1,1,0.0795,1.324,,,,0,0,0,0,0,0,0,,
"Toledo-Lucas County Port, OH",2018242N13343,FLORENCE,2018,332.2,-4,4,25,1,0,0,0,,,,0,0,0,0,0,0,0,,
"Toledo-Lucas County Port, OH",2019299N25265,OLGA,2019,302.8,-4,0,30,1,0,0,0,2019-10-26,2019-10-27,2019-10-28,2,1,0,0,1.4122,13.436,0.7339,5.606,19.042
"Toledo-Lucas County Port, OH",2020148N32281,BERTHA,2020,312.5,-4,0,20,1,0,0,0,,,,0,0,0,0,0,0,0,,
"Toledo-Lucas County Port, OH",2020233N14313,LAURA,2020,393.1,-1,4,23,1,0,0,0,,,,0,0,0,0,0,0,0,,
"Toledo-Lucas County Port, OH",2021222N14301,FRED,2021,325.7,-3,0,20,1,0,0,0,2021-08-18,2021-08-18,2021-08-20,2,2,1,0,1.4463,13.351,0.8215,5.142,18.494
"Toledo-Lucas County Port, OH",2021239N17281,IDA,2021,464.2,-4,4,28,1,0,0,0,,,,0,0,0,0,0,0,0,,
"Virgin Islands - St. Croix, VI",2015229N10331,DANNY,2015,425.5,-1,3,33,0,0,0,0,,,,0,0,0,0,0,0,0,,
"Virgin Islands - St. Croix, VI",2015237N14315,ERIKA,2015,70.3,0,0,45,0,0,0,0,,,,0,0,0,0,0,0,0,,
"Virgin Islands - St. Croix, VI",2016273N13300,MATTHEW,2016,412.2,1,5,68,0,0,0,0,,,,0,0,0,0,0,0,0,,
"Virgin Islands - St. Croix, VI",2017228N14314,HARVEY,2017,481.9,0,4,35,0,5,1.9783,60.229,,,,0,0,0,0,0,0,0,,
"Virgin Islands - St. Croix, VI",2017242N16333,IRMA,2017,92.6,5,5,155,0,0,0,0,2017-09-05,2017-09-06,2017-09-07,2,1,0,0,1.737,24.42,0.9698,3.988,28.408
"Virgin Islands - St. Croix, VI",2017247N09327,JOSE,2017,268.7,4,4,128,0,0,0,0,,,,0,0,0,0,0,0,0,,
"Virgin Islands - St. Croix, VI",2017260N12310,MARIA,2017,40.2,5,5,150,1,0,0,0,2017-09-19,2017-09-20,2017-09-21,2,1,0,1,1.8785,25.329,1,1.752,27.081
"Virgin Islands - St. Croix, VI",2018186N10325,BERYL,2018,139.2,-3,1,35,0,0,0,0,,,,0,0,0,0,0,0,0,,
"Virgin Islands - St. Croix, VI",2018251N13325,ISAAC,2018,303.8,0,1,38,0,0,0,0,,,,0,0,0,0,0,0,0,,
"Virgin Islands - St. Croix, VI",2018265N08338,KIRK,2018,375.5,0,0,40,0,0,0,0,,,,0,0,0,0,0,0,0,,
"Virgin Islands - St. Croix, VI",2019236N10314,DORIAN,2019,17.2,1,5,75,0,0,0,0,2019-08-28,2019-08-28,2019-08-29,1,1,0,0,0.6503,11.374,0.6503,6.115,17.489
"Virgin Islands - St. Croix, VI",2019260N13317,JERRY,2019,360.7,1,2,70,0,0,0,0,,,,0,0,0,0,0,0,0,,
"Virgin Islands - St. Croix, VI",2019265N12301,KAREN,2019,80,0,0,40,0,0,0,0,2019-09-24,2019-09-24,2019-09-25,1,1,0,0,0.8905,14.41,0.8905,1.772,16.182
"Virgin Islands - St. Croix, VI",2019323N19302,SEBASTIEN,2019,467.4,0,0,45,0,0,0,0,,,,0,0,0,0,0,0,0,,
"Virgin Islands - St. Croix, VI",2020211N13306,ISAIAS,2020,237.9,0,1,55,0,0,0,0,2020-07-29,2020-07-29,2020-07-30,1,1,0,0,0.9511,11.942,0.9511,0.614,12.556
"Virgin Islands - St. Croix, VI",2020224N11326,JOSEPHINE,2020,274.4,0,0,35,0,0,0,0,2020-08-16,2020-08-16,2020-08-18,2,2,1,0,1.9811,31.816,0.9966,0.288,32.104
"Virgin Islands - St. Croix, VI",2020233N14313,LAURA,2020,50.2,0,4,45,1,0,0,0,2020-08-21,2020-08-22,2020-08-23,2,1,0,0,1.974,29.398,0.9924,0.376,29.774
"Virgin Islands - St. Croix, VI",2021182N09317,ELSA,2021,338.2,1,1,73,0,0,0,0,,,,0,0,0,0,0,0,0,,
"Virgin Islands - St. Croix, VI",2021222N14301,FRED,2021,107.1,0,0,40,0,0,0,0,,,,0,0,0,0,0,0,0,,
"Virgin Islands - St. Croix, VI",2021225N15313,GRACE,2021,105.2,-1,3,33,0,0,0,0,,,,0,0,0,0,0,0,0,,
"Virgin Islands - St. Croix, VI",2021262N16307,PETER,2021,242.7,0,0,45,0,0,0,0,,,,0,0,0,0,0,0,0,,
"Virgin Islands - St. Croix, VI",2022246N18301,EARL,2022,205.5,0,2,60,0,0,0,0,2022-09-05,2022-09-05,2022-09-06,1,1,0,0,0.852,11.493,0.852,1.996,13.489
"Virgin Islands - St. Croix, VI",2022257N16312,FIONA,2022,121.1,1,4,80,1,0,0,0,2022-09-18,2022-09-18,2022-09-19,1,1,0,0,0.8196,12.236,0.8196,2.692,14.928
"Virgin Islands - St. Croix, VI",2022311N21293,NICOLE,2022,384.6,-3,1,33,0,0,0,0,,,,0,0,0,0,0,0,0,,
"Virgin Islands - St. Croix, VI",2023231N15313,GERT,2023,481.8,-3,0,25,0,1,0.8018,31.44,,,,0,0,0,0,0,0,0,,
"Virgin Islands - St. Croix, VI",2023232N13300,FRANKLIN,2023,401.4,0,4,45,0,0,0,0,2023-08-20,2023-08-20,2023-08-21,1,1,0,0,0.5679,14.704,0.5679,11.19,25.894
"Virgin Islands - St. Croix, VI",2023266N16323,PHILIPPE,2023,146.4,0,0,45,0,0,0,0,2023-09-30,2023-10-02,2023-10-04,4,2,1,0,2.4373,59.844,0.671,38.422,98.265
"Virgin Islands - St. Croix, VI",2023292N13309,TAMMY,2023,223.6,1,2,80,0,0,0,0,2023-10-21,2023-10-21,2023-10-22,1,1,0,0,0.6681,13.601,0.6681,6.756,20.357
"Virginia, VA, Port of",2015126N27281,ANA,2015,12.4,0,0,48,1,0,0,0,2015-05-11,2015-05-13,2015-05-14,3,1,0,0,0.8986,161.778,0.359,378.424,540.202
"Virginia, VA, Port of",2015167N27266,BILL,2015,490,-3,0,15,1,0,0,0,,,,0,0,0,0,0,0,0,,
"Virginia, VA, Port of",2015193N35285,CLAUDETTE,2015,185.6,-1,0,30,0,0,0,0,,,,0,0,0,0,0,0,0,,
"Virginia, VA, Port of",2016148N27288,BONNIE,2016,203.9,0,0,35,1,0,0,0,,,,0,0,0,0,0,0,0,,
"Virginia, VA, Port of",2016158N22272,COLIN,2016,232.1,-4,0,50,0,0,0,0,,,,0,0,0,0,0,0,0,,
"Virginia, VA, Port of",2016240N31295,UNNAMED,2016,284.5,-1,-1,30,0,0,0,0,,,,0,0,0,0,0,0,0,,
"Virginia, VA, Port of",2016242N24279,HERMINE,2016,142.2,0,1,60,1,0,0,0,,,,0,0,0,0,0,0,0,,
"Virginia, VA, Port of",2016257N27280,JULIA,2016,145.6,-3,0,30,1,0,0,0,,,,0,0,0,0,0,0,0,,
"Virginia, VA, Port of",2016273N13300,MATTHEW,2016,240,1,5,70,0,0,0,0,,,,0,0,0,0,0,0,0,,
"Virginia, VA, Port of",2017171N24271,CINDY,2017,293.6,-3,0,25,1,0,0,0,2017-06-23,2017-06-27,2017-06-28,5,1,0,0,3.3006,592.146,0.9743,304.664,896.81
"Virginia, VA, Port of",2017240N31279,UNNAMED,2017,181.8,-3,-3,40,1,0,0,0,,,,0,0,0,0,0,0,0,,
"Virginia, VA, Port of",2017247N09327,JOSE,2017,418.4,1,4,65,0,0,0,0,,,,0,0,0,0,0,0,0,,
"Virginia, VA, Port of",2017260N12310,MARIA,2017,347.9,1,5,65,0,0,0,0,,,,0,0,0,0,0,0,0,,
"Virginia, VA, Port of",2018186N31292,CHRIS,2018,430,0,2,43,0,0,0,0,,,,0,0,0,0,0,0,0,,
"Virginia, VA, Port of",2018242N13343,FLORENCE,2018,307,3,4,98,1,0,0,0,2018-09-10,2018-09-13,2018-09-16,6,3,1,0,3.3554,670.614,0.742,527.882,1198.5
"Virginia, VA, Port of",2018280N18273,MICHAEL,2018,18.3,0,5,60,1,0,0,0,,,,0,0,0,0,0,0,0,,
"Virginia, VA, Port of",2019236N10314,DORIAN,2019,184.2,2,5,93,0,0,0,0,2019-09-02,2019-09-06,2019-09-08,6,2,1,0,2.0706,414.673,0.4997,785.677,1200.35
"Virginia, VA, Port of",2019239N32287,ERIN,2019,400.1,-1,0,35,0,0,0,0,,,,0,0,0,0,0,0,0,,
"Virginia, VA, Port of",2019282N35286,MELISSA,2019,290.6,-4,0,43,0,0,0,0,,,,0,0,0,0,0,0,0,,
"Virginia, VA, Port of",2019291N22264,NESTOR,2019,35.1,-4,0,40,1,0,0,0,,,,0,0,0,0,0,0,0,,
"Virginia, VA, Port of",2020138N28281,ARTHUR,2020,212.8,0,0,50,0,0,0,0,,,,0,0,0,0,0,0,0,,
"Virginia, VA, Port of",2020148N32281,BERTHA,2020,424.3,-1,0,30,1,0,0,0,,,,0,0,0,0,0,0,0,,
"Virginia, VA, Port of",2020188N28271,FAY,2020,136.4,0,0,50,1,0,0,0,,,,0,0,0,0,0,0,0,,
"Virginia, VA, Port of",2020211N13306,ISAIAS,2020,99.1,1,1,80,1,0,0,0,2020-08-04,2020-08-04,2020-08-05,1,1,0,0,0.2624,52.861,0.2624,148.617,201.478
"Virginia, VA, Port of",2020228N37286,KYLE,2020,192.4,0,0,40,0,0,0,0,,,,0,0,0,0,0,0,0,,
"Virginia, VA, Port of",2020244N30279,OMAR,2020,346.4,0,0,35,0,0,0,0,,,,0,0,0,0,0,0,0,,
"Virginia, VA, Port of",2020299N18277,ZETA,2020,193.8,0,3,45,1,0,0,0,,,,0,0,0,0,0,0,0,,
"Virginia, VA, Port of",2020306N15288,ETA,2020,334.7,0,4,40,0,0,0,0,,,,0,0,0,0,0,0,0,,
"Virginia, VA, Port of",2021165N32282,BILL,2021,361.7,0,0,38,0,0,0,0,2021-06-13,2021-06-13,2021-06-15,2,2,1,0,1.2212,267.592,0.7747,171.839,439.431
"Virginia, VA, Port of",2021169N23268,CLAUDETTE,2021,100.3,0,0,40,1,0,0,0,,,,0,0,0,0,0,0,0,,
"Virginia, VA, Port of",2021182N09317,ELSA,2021,80.2,0,1,50,1,6,0.726,196.05,,,,0,0,0,0,0,0,0,,
"Virginia, VA, Port of",2021222N14301,FRED,2021,487.5,-3,0,20,1,0,0,0,,,,0,0,0,0,0,0,0,,
"Virginia, VA, Port of",2021227N36297,HENRI,2021,439.1,1,1,65,0,6,0.4884,128.43,,,,0,0,0,0,0,0,0,,
"Virginia, VA, Port of",2021239N17281,IDA,2021,285.1,-4,4,38,1,1,0.0341,8.868,,,,0,0,0,0,0,0,0,,
"Virginia, VA, Port of",2021259N30286,ODETTE,2021,303.3,0,0,40,0,0,0,0,,,,0,0,0,0,0,0,0,,
"Virginia, VA, Port of",2021299N33284,WANDA,2021,360.8,-4,0,45,0,0,0,0,2021-10-23,2021-10-27,2021-10-29,6,2,1,0,2.9832,677.399,0.9963,687.88,1365.28
"Virginia, VA, Port of",2022183N32280,COLIN,2022,415.3,0,0,35,1,0,0,0,,,,0,0,0,0,0,0,0,,
"Virginia, VA, Port of",2022266N12294,IAN,2022,350.8,1,5,70,1,0,0,0,,,,0,0,0,0,0,0,0,,
"Virginia, VA, Port of",2023015N36289,UNNAMED,2023,451.9,-4,-2,45,0,0,0,0,,,,0,0,0,0,0,0,0,,
"Virginia, VA, Port of",2023239N21274,IDALIA,2023,358.1,0,4,55,0,0,0,0,,,,0,0,0,0,0,0,0,,
"Virginia, VA, Port of",2023265N29284,OPHELIA,2023,113.6,0,0,60,1,0,0,0,,,,0,0,0,0,0,0,0,,
"Wilmington, DE",2015126N27281,ANA,2015,162.3,-1,0,30,1,2,1.5027,56.947,,,,0,0,0,0,0,0,0,,
"Wilmington, DE",2015193N35285,CLAUDETTE,2015,482.2,-3,0,25,0,0,0,0,,,,0,0,0,0,0,0,0,,
"Wilmington, DE",2016148N27288,BONNIE,2016,468.6,0,0,35,0,1,0.0098,0.304,,,,0,0,0,0,0,0,0,,
"Wilmington, DE",2016158N22272,COLIN,2016,431.1,-4,0,50,0,0,0,0,,,,0,0,0,0,0,0,0,,
"Wilmington, DE",2016240N31295,UNNAMED,2016,491.2,-1,-1,30,0,1,0.2617,9.018,,,,0,0,0,0,0,0,0,,
"Wilmington, DE",2016242N24279,HERMINE,2016,266.6,0,1,60,1,0,0,0,2016-09-05,2016-09-05,2016-09-07,2,2,1,0,1.0606,26.381,0.5412,23.376,49.757
"Wilmington, DE",2016257N27280,JULIA,2016,469.4,-4,0,25,1,3,0.8044,30.713,,,,0,0,0,0,0,0,0,,
"Wilmington, DE",2017171N24271,CINDY,2017,272,-3,0,25,1,0,0,0,,,,0,0,0,0,0,0,0,,
"Wilmington, DE",2017240N31279,UNNAMED,2017,482,-4,-3,40,0,0,0,0,,,,0,0,0,0,0,0,0,,
"Wilmington, DE",2017247N09327,JOSE,2017,444.4,0,4,60,0,0,0,0,2017-09-20,2017-09-20,2017-09-21,1,1,0,0,0.6831,16.522,0.6831,7.665,24.188
"Wilmington, DE",2017260N12310,MARIA,2017,454,1,5,65,0,0,0,0,,,,0,0,0,0,0,0,0,,
"Wilmington, DE",2017277N11279,NATE,2017,379.7,-4,1,25,1,0,0,0,,,,0,0,0,0,0,0,0,,
"Wilmington, DE",2018242N13343,FLORENCE,2018,204.5,-4,4,25,1,0,0,0,,,,0,0,0,0,0,0,0,,
"Wilmington, DE",2018280N18273,MICHAEL,2018,274.6,-4,5,60,1,3,1.8592,46.885,,,,0,0,0,0,0,0,0,,
"Wilmington, DE",2019236N10314,DORIAN,2019,419.9,2,5,85,0,0,0,0,,,,0,0,0,0,0,0,0,,
"Wilmington, DE",2019282N35286,MELISSA,2019,488.5,-4,0,40,0,0,0,0,,,,0,0,0,0,0,0,0,,
"Wilmington, DE",2019291N22264,NESTOR,2019,259.7,-4,0,40,1,0,0,0,,,,0,0,0,0,0,0,0,,
"Wilmington, DE",2020138N28281,ARTHUR,2020,447,0,0,50,0,0,0,0,,,,0,0,0,0,0,0,0,,
"Wilmington, DE",2020148N32281,BERTHA,2020,433.5,-4,0,20,1,0,0,0,,,,0,0,0,0,0,0,0,,
"Wilmington, DE",2020188N28271,FAY,2020,97.7,0,0,50,1,0,0,0,,,,0,0,0,0,0,0,0,,
"Wilmington, DE",2020211N13306,ISAIAS,2020,63.1,0,1,60,1,0,0,0,,,,0,0,0,0,0,0,0,,
"Wilmington, DE",2020228N37286,KYLE,2020,356.2,0,0,43,0,0,0,0,,,,0,0,0,0,0,0,0,,
"Wilmington, DE",2020299N18277,ZETA,2020,123.8,-4,3,45,1,0,0,0,,,,0,0,0,0,0,0,0,,
"Wilmington, DE",2021169N23268,CLAUDETTE,2021,351.8,0,0,40,1,0,0,0,,,,0,0,0,0,0,0,0,,
"Wilmington, DE",2021182N09317,ELSA,2021,111.7,0,1,50,1,0,0,0,,,,0,0,0,0,0,0,0,,
"Wilmington, DE",2021222N14301,FRED,2021,260.1,-3,0,25,1,0,0,0,2021-08-18,2021-08-18,2021-08-19,1,1,0,0,0.6066,13.197,0.6066,8.558,21.755
"Wilmington, DE",2021227N36297,HENRI,2021,228.2,1,1,65,1,0,0,0,,,,0,0,0,0,0,0,0,,
"Wilmington, DE",2021239N17281,IDA,2021,9.5,-4,4,40,1,0,0,0,,,,0,0,0,0,0,0,0,,
"Wilmington, DE",2021259N30286,ODETTE,2021,477,0,0,40,0,0,0,0,,,,0,0,0,0,0,0,0,,
"Wilmington, DE",2021299N33284,WANDA,2021,463.9,-4,0,58,0,0,0,0,2021-10-26,2021-10-28,2021-10-29,3,1,0,0,1.7368,39.059,0.6474,28.881,67.94
"Wilmington, DE",2023265N29284,OPHELIA,2023,150.2,0,0,45,1,0,0,0,,,,0,0,0,0,0,0,0,,
"Wilmington, NC",2015126N27281,ANA,2015,73,0,0,50,1,0,0,0,,,,0,0,0,0,0,0,0,,
"Wilmington, NC",2015193N35285,CLAUDETTE,2015,262.8,-3,0,25,0,0,0,0,,,,0,0,0,0,0,0,0,,
"Wilmington, NC",2015313N22289,KATE,2015,494.2,0,1,60,0,0,0,0,,,,0,0,0,0,0,0,0,,
"Wilmington, NC",2016148N27288,BONNIE,2016,90.1,0,0,40,1,0,0,0,2016-05-30,2016-05-30,2016-06-01,2,2,1,0,1.5556,18.904,0.7817,5.396,24.301
"Wilmington, NC",2016158N22272,COLIN,2016,125.8,0,0,50,0,0,0,0,,,,0,0,0,0,0,0,0,,
"Wilmington, NC",2016240N31295,UNNAMED,2016,265.5,-1,-1,30,0,0,0,0,,,,0,0,0,0,0,0,0,,
"Wilmington, NC",2016242N24279,HERMINE,2016,30.5,0,1,60,1,4,1.2427,26.14,,,,0,0,0,0,0,0,0,,
"Wilmington, NC",2016257N27280,JULIA,2016,139.1,0,0,40,1,1,0.0195,0.383,2016-09-13,2016-09-13,2016-09-15,2,2,1,0,1.83,19.19,0.9545,1.774,20.964
"Wilmington, NC",2016273N13300,MATTHEW,2016,63.6,2,5,95,1,0,0,0,,,,0,0,0,0,0,0,0,,
"Wilmington, NC",2017212N28275,EMILY,2017,390.8,-1,0,30,0,0,0,0,,,,0,0,0,0,0,0,0,,
"Wilmington, NC",2017240N31279,UNNAMED,2017,24.7,-3,-3,40,1,0,0,0,,,,0,0,0,0,0,0,0,,
"Wilmington, NC",2017260N12310,MARIA,2017,440.2,1,5,68,0,0,0,0,,,,0,0,0,0,0,0,0,,
"Wilmington, NC",2018186N31292,CHRIS,2018,261.2,1,2,75,0,0,0,0,2018-07-09,2018-07-09,2018-07-10,1,1,0,0,0.7379,7.501,0.7379,2.665,10.166
"Wilmington, NC",2018242N13343,FLORENCE,2018,8.1,3,4,103,1,0,0,0,2018-09-12,2018-09-12,2018-09-21,9,9,1,6,8.4051,89.77,1,6.941,96.711
"Wilmington, NC",2018280N18273,MICHAEL,2018,229.5,0,5,60,1,0,0,0,2018-10-12,2018-10-12,2018-10-13,1,1,0,0,0.6041,7.552,0.6041,4.95,12.502
"Wilmington, NC",2019236N10314,DORIAN,2019,72.3,3,5,100,0,0,0,0,2019-09-04,2019-09-05,2019-09-07,3,2,1,0,2.4379,29.046,0.8688,6.531,35.577
"Wilmington, NC",2019239N32287,ERIN,2019,451.5,0,0,35,0,0,0,0,,,,0,0,0,0,0,0,0,,
"Wilmington, NC",2019256N23286,HUMBERTO,2019,486.9,2,3,83,0,0,0,0,2019-09-17,2019-09-17,2019-09-18,1,1,0,0,0.8199,8.675,0.8199,1.905,10.58
"Wilmington, NC",2019282N35286,MELISSA,2019,357.5,-4,0,40,0,0,0,0,,,,0,0,0,0,0,0,0,,
"Wilmington, NC",2019291N22264,NESTOR,2019,148.7,-4,0,40,1,0,0,0,,,,0,0,0,0,0,0,0,,
"Wilmington, NC",2020138N28281,ARTHUR,2020,144.4,0,0,50,0,0,0,0,,,,0,0,0,0,0,0,0,,
"Wilmington, NC",2020148N32281,BERTHA,2020,211.8,0,0,45,1,0,0,0,,,,0,0,0,0,0,0,0,,
"Wilmington, NC",2020188N28271,FAY,2020,56.7,0,0,50,1,0,0,0,2020-07-10,2020-07-10,2020-07-11,1,1,0,0,0.7039,8.284,0.7039,3.484,11.768
"Wilmington, NC",2020211N13306,ISAIAS,2020,66.2,1,1,80,1,0,0,0,2020-08-03,2020-08-07,2020-08-08,5,1,0,1,4.1635,41.236,1,9.306,50.542
"Wilmington, NC",2020228N37286,KYLE,2020,426.9,0,0,35,0,0,0,0,,,,0,0,0,0,0,0,0,,
"Wilmington, NC",2020244N30279,OMAR,2020,213.7,0,0,35,0,0,0,0,,,,0,0,0,0,0,0,0,,
"Wilmington, NC",2020256N25281,SALLY,2020,268.3,-4,2,30,1,0,0,0,,,,0,0,0,0,0,0,0,,
"Wilmington, NC",2020299N18277,ZETA,2020,394.2,0,3,45,1,0,0,0,,,,0,0,0,0,0,0,0,,
"Wilmington, NC",2020306N15288,ETA,2020,149.3,0,4,40,0,0,0,0,,,,0,0,0,0,0,0,0,,
"Wilmington, NC",2021165N32282,BILL,2021,202.8,0,0,35,0,0,0,0,2021-06-13,2021-06-13,2021-06-14,1,1,0,0,0.9061,9.887,0.9061,1.024,10.911
"Wilmington, NC",2021169N23268,CLAUDETTE,2021,141.6,0,0,40,1,0,0,0,2021-06-20,2021-06-20,2021-06-21,1,1,0,0,0.8823,9.452,0.8823,1.262,10.714
"Wilmington, NC",2021179N30287,DANNY,2021,276.1,0,0,40,1,0,0,0,,,,0,0,0,0,0,0,0,,
"Wilmington, NC",2021182N09317,ELSA,2021,175.8,0,1,48,1,0,0,0,2021-07-08,2021-07-08,2021-07-09,1,1,0,0,0.6182,8.744,0.6182,5.401,14.145
"Wilmington, NC",2021227N36297,HENRI,2021,458,1,1,65,0,1,0.1483,3.479,,,,0,0,0,0,0,0,0,,
"Wilmington, NC",2021252N28273,MINDY,2021,255.5,-1,0,30,1,0,0,0,2021-09-09,2021-09-09,2021-09-10,1,1,0,0,0.604,8.718,0.604,5.716,14.434
"Wilmington, NC",2021259N30286,ODETTE,2021,254.2,-3,0,33,0,0,0,0,,,,0,0,0,0,0,0,0,,
"Wilmington, NC",2021299N33284,WANDA,2021,240.6,-4,0,45,0,0,0,0,,,,0,0,0,0,0,0,0,,
"Wilmington, NC",2022183N32280,COLIN,2022,103.9,0,0,35,1,0,0,0,2022-07-01,2022-07-01,2022-07-02,1,1,0,0,0.7311,11.122,0.7311,4.091,15.212
"Wilmington, NC",2022266N12294,IAN,2022,131.5,1,5,75,1,2,0.197,4.539,,,,0,0,0,0,0,0,0,,
"Wilmington, NC",2023239N21274,IDALIA,2023,57.6,0,4,55,1,0,0,0,,,,0,0,0,0,0,0,0,,
"Wilmington, NC",2023265N29284,OPHELIA,2023,75.3,0,0,60,1,0,0,0,,,,0,0,0,0,0,0,0,,
